ISO-10303-21;
HEADER;
FILE_DESCRIPTION (( 'STEP AP203' ),
    '1' );
FILE_NAME ('5972K91_Steel Ball Bearing.STEP',
    '2026-01-18T22:16:49',
    ( 'McMaster Carr Supply' ),
    ( 'McMaster Carr Supply' ),
    'SwSTEP 2.0',
    'SolidWorks 2024',
    '' );
FILE_SCHEMA (( 'CONFIG_CONTROL_DESIGN' ));
ENDSEC;

DATA;
#1 = EDGE_CURVE ( 'NONE', #1880, #3224, #513, .T. ) ;
#2 = VERTEX_POINT ( 'NONE', #4894 ) ;
#3 = VERTEX_POINT ( 'NONE', #3876 ) ;
#4 = ORIENTED_EDGE ( 'NONE', *, *, #1293, .T. ) ;
#5 = CARTESIAN_POINT ( 'NONE',  ( -7.311959341363669651, -1.668907004672386840, 0.5833333333333321491 ) ) ;
#6 = DIRECTION ( 'NONE',  ( -0.000000000000000000, -1.836970198721029441E-16, 1.000000000000000000 ) ) ;
#7 = DIRECTION ( 'NONE',  ( -0.000000000000000000, -1.836970198721029441E-16, 1.000000000000000000 ) ) ;
#8 = CARTESIAN_POINT ( 'NONE',  ( 4.301095606900855017, 6.144149784982308127, 0.5833333333333334814 ) ) ;
#9 = ADVANCED_FACE ( 'NONE', ( #3760, #4963 ), #1395, .T. ) ;
#10 = DIRECTION ( 'NONE',  ( 0.9749279121818257288, -0.2225209339563050392, -2.245734522990332355E-16 ) ) ;
#11 = DIRECTION ( 'NONE',  ( 0.4338837391175653924, 0.9009688679024155933, 0.000000000000000000 ) ) ;
#12 = CARTESIAN_POINT ( 'NONE',  ( -1.286234014861513675, -7.708550767257463576, -0.5833333333333359239 ) ) ;
#13 = EDGE_CURVE ( 'NONE', #1565, #3087, #898, .T. ) ;
#14 = CARTESIAN_POINT ( 'NONE',  ( 1.480391388226289795, -7.352702269685126524, 0.3937361966030369365 ) ) ;
#15 = CARTESIAN_POINT ( 'NONE',  ( 5.338676410291447461, -5.906321095974958801, 0.1955120260061462834 ) ) ;
#16 = AXIS2_PLACEMENT_3D ( 'NONE', #102, #4013, #835 ) ;
#17 = ORIENTED_EDGE ( 'NONE', *, *, #955, .T. ) ;
#18 = VERTEX_POINT ( 'NONE', #4914 ) ;
#19 = CARTESIAN_POINT ( 'NONE',  ( 0.000000000000000000, -6.576923076923074873, 3.500000000000000000 ) ) ;
#20 = CARTESIAN_POINT ( 'NONE',  ( 7.761926070062993510, -1.771608974190581387, -2.120592687679978994 ) ) ;
#21 = MANIFOLD_SOLID_BREP ( 'CirPattern1[4]', #147 ) ;
#22 = VERTEX_POINT ( 'NONE', #1337 ) ;
#23 = CARTESIAN_POINT ( 'NONE',  ( 0.000000000000000000, -10.99999999999999645, 3.149999999999985256 ) ) ;
#24 = PLANE ( 'NONE',  #4697 ) ;
#25 = VERTEX_POINT ( 'NONE', #3009 ) ;
#26 = CIRCLE ( 'NONE', #3450, 1.809889355220186014 ) ;
#27 = ADVANCED_FACE ( 'NONE', ( #525 ), #2937, .F. ) ;
#28 = ORIENTED_EDGE ( 'NONE', *, *, #3661, .T. ) ;
#29 = ORIENTED_EDGE ( 'NONE', *, *, #2454, .F. ) ;
#30 = DIRECTION ( 'NONE',  ( 1.224646799147358877E-16, 1.000000000000000000, 0.000000000000000000 ) ) ;
#31 = DIRECTION ( 'NONE',  ( 0.000000000000000000, -1.000000000000000000, -1.836970198721029441E-16 ) ) ;
#32 = CARTESIAN_POINT ( 'NONE',  ( 1.347111479062088010E-15, 10.99999999999999645, -3.150000000000003020 ) ) ;
#33 = CARTESIAN_POINT ( 'NONE',  ( -7.761926070062968641, -1.771608974190686858, 1.844711225215975414 ) ) ;
#34 = MANIFOLD_SOLID_BREP ( 'CirPattern1[5]', #2316 ) ;
#35 = ADVANCED_FACE ( 'NONE', ( #4935, #2542 ), #4528, .F. ) ;
#36 = DIRECTION ( 'NONE',  ( -0.000000000000000000, -0.000000000000000000, -1.000000000000000000 ) ) ;
#37 = DIRECTION ( 'NONE',  ( -0.000000000000000000, -1.836970198721029441E-16, 1.000000000000000000 ) ) ;
#38 = CIRCLE ( 'NONE', #1875, 7.499999999999997335 ) ;
#39 = CIRCLE ( 'NONE', #706, 1.901572311514110547 ) ;
#40 = B_SPLINE_CURVE_WITH_KNOTS ( 'NONE', 3,
 ( #3949, #2807, #5052, #1890, #1921, #2762 ),
 .UNSPECIFIED., .F., .F.,
 ( 4, 2, 4 ),
 ( 2.035280482603777260E-07, 0.0005855209568278840326, 0.001170838385607507730 ),
 .UNSPECIFIED. ) ;
#41 = ADVANCED_FACE ( 'NONE', ( #4167 ), #963, .F. ) ;
#42 = CARTESIAN_POINT ( 'NONE',  ( -6.987304052843425595, -3.816238560115880585, -0.5833333333333352577 ) ) ;
#43 = DIRECTION ( 'NONE',  ( 1.000000000000000000, 0.000000000000000000, 0.000000000000000000 ) ) ;
#44 = VERTEX_POINT ( 'NONE', #687 ) ;
#45 = AXIS2_PLACEMENT_3D ( 'NONE', #4698, #1666, #517 ) ;
#46 = ORIENTED_EDGE ( 'NONE', *, *, #2669, .T. ) ;
#47 = CARTESIAN_POINT ( 'NONE',  ( 4.499304388691241385, 6.000521646439584522, 0.1996209557219871811 ) ) ;
#48 = DIRECTION ( 'NONE',  ( 0.9009688679024218105, 0.4338837391175525138, 7.970314984685937488E-17 ) ) ;
#49 = COORDINATED_UNIVERSAL_TIME_OFFSET ( 6, 0, .BEHIND. ) ;
#50 = ORIENTED_EDGE ( 'NONE', *, *, #2181, .F. ) ;
#51 = CARTESIAN_POINT ( 'NONE',  ( -4.572796692799458107, 5.944706082416717052, 0.5833333333333331483 ) ) ;
#52 = DIRECTION ( 'NONE',  ( 0.000000000000000000, -2.280643583040431807E-16, 1.000000000000000000 ) ) ;
#53 = AXIS2_PLACEMENT_3D ( 'NONE', #4557, #4043, #3276 ) ;
#54 = ORIENTED_EDGE ( 'NONE', *, *, #163, .F. ) ;
#55 = ORIENTED_EDGE ( 'NONE', *, *, #4180, .F. ) ;
#56 = VECTOR ( 'NONE', #1219, 1000.000000000000000 ) ;
#57 = CIRCLE ( 'NONE', #5122, 7.961538461538454570 ) ;
#58 = ORIENTED_EDGE ( 'NONE', *, *, #2133, .F. ) ;
#59 = CARTESIAN_POINT ( 'NONE',  ( 2.170828669569193625, 7.344710130584737762, -0.5833333333333332593 ) ) ;
#60 = AXIS2_PLACEMENT_3D ( 'NONE', #4426, #2121, #3656 ) ;
#61 = CARTESIAN_POINT ( 'NONE',  ( 1.136798646093651888, -7.413345322284150107, 0.1936861211537699301 ) ) ;
#62 = PLANE ( 'NONE',  #4887 ) ;
#63 = DIRECTION ( 'NONE',  ( 0.000000000000000000, 1.836970198721029441E-16, -1.000000000000000000 ) ) ;
#64 = CIRCLE ( 'NONE', #3483, 1.901572311514110547 ) ;
#65 = EDGE_LOOP ( 'NONE', ( #3119, #2363 ) ) ;
#66 = AXIS2_PLACEMENT_3D ( 'NONE', #2187, #36, #1392 ) ;
#67 = ORIENTED_EDGE ( 'NONE', *, *, #2435, .F. ) ;
#68 = AXIS2_PLACEMENT_3D ( 'NONE', #2945, #1247, #1686 ) ;
#69 = DIRECTION ( 'NONE',  ( 0.000000000000000000, -0.7071067811865370256, 0.7071067811865578978 ) ) ;
#70 = TOROIDAL_SURFACE ( 'NONE', #152, 7.499999999999999112, 1.901572311514119207 ) ;
#71 = CARTESIAN_POINT ( 'NONE',  ( 7.181928819271035103, 3.435985027540173764, -0.5833333333333341475 ) ) ;
#72 = AXIS2_PLACEMENT_3D ( 'NONE', #3446, #212, #4537 ) ;
#73 = EDGE_CURVE ( 'NONE', #127, #1565, #4274, .T. ) ;
#74 = AXIS2_PLACEMENT_3D ( 'NONE', #1266, #1341, #510 ) ;
#75 = B_SPLINE_CURVE_WITH_KNOTS ( 'NONE', 3,
 ( #4706, #1908, #2272, #3545, #255, #3856 ),
 .UNSPECIFIED., .F., .F.,
 ( 4, 2, 4 ),
 ( 2.086319673477394481E-07, 0.0005915434850940111140, 0.001182878338220674612 ),
 .UNSPECIFIED. ) ;
#76 = AXIS2_PLACEMENT_3D ( 'NONE', #3501, #4742, #4299 ) ;
#77 = DIRECTION ( 'NONE',  ( -0.4338837391175526248, -0.9009688679024218105, -3.492023159033201968E-16 ) ) ;
#78 = DIRECTION ( 'NONE',  ( -0.2225209339563181954, 0.9749279121818226201, 1.770339779227540232E-16 ) ) ;
#79 = EDGE_CURVE ( 'NONE', #2410, #3203, #3059, .T. ) ;
#80 = EDGE_LOOP ( 'NONE', ( #4739, #5100 ) ) ;
#81 = EDGE_CURVE ( 'NONE', #2573, #3638, #1556, .T. ) ;
#82 = ORIENTED_EDGE ( 'NONE', *, *, #1982, .T. ) ;
#83 = DIRECTION ( 'NONE',  ( 1.436201133715656092E-16, 6.916380135000592297E-17, -1.000000000000000000 ) ) ;
#84 = CARTESIAN_POINT ( 'NONE',  ( 4.649350407733599839E-17, -2.037013509436028154E-16, 0.5833333333333333703 ) ) ;
#85 = MANIFOLD_SOLID_BREP ( 'CirPattern1[1]', #4386 ) ;
#86 = ORIENTED_EDGE ( 'NONE', *, *, #774, .F. ) ;
#87 = DIRECTION ( 'NONE',  ( 0.000000000000000000, -1.000000000000000000, -2.029135416122165840E-16 ) ) ;
#88 = DIRECTION ( 'NONE',  ( -0.9009688679024218105, 0.4338837391175526248, 8.170798981050185971E-17 ) ) ;
#89 = ORIENTED_EDGE ( 'NONE', *, *, #4932, .T. ) ;
#90 = EDGE_LOOP ( 'NONE', ( #3278, #2670, #2138, #3347 ) ) ;
#91 = ORIENTED_EDGE ( 'NONE', *, *, #4658, .F. ) ;
#92 = CARTESIAN_POINT ( 'NONE',  ( -5.502890818909600412, 4.388408990005688182, 1.844711225215975414 ) ) ;
#93 = CARTESIAN_POINT ( 'NONE',  ( 1.209306557283935879, -7.401863120233976190, -0.5833333333333361459 ) ) ;
#94 = CARTESIAN_POINT ( 'NONE',  ( 7.961512308955458472, 0.02040658978910746615, 0.5833333333333322601 ) ) ;
#95 = DIRECTION ( 'NONE',  ( -0.9749279121818227312, -0.2225209339563183342, 0.000000000000000000 ) ) ;
#96 = ORIENTED_EDGE ( 'NONE', *, *, #461, .F. ) ;
#97 = ORIENTED_EDGE ( 'NONE', *, *, #2260, .F. ) ;
#98 = DIRECTION ( 'NONE',  ( -0.000000000000000000, -1.836970198721029441E-16, 1.000000000000000000 ) ) ;
#99 = DIRECTION ( 'NONE',  ( -1.000000000000000000, 0.000000000000000000, 0.000000000000000000 ) ) ;
#100 = EDGE_CURVE ( 'NONE', #4702, #4798, #2151, .T. ) ;
#101 = CARTESIAN_POINT ( 'NONE',  ( -3.254128043381644630, -6.757266509268164079, -0.5833333333333360349 ) ) ;
#102 = CARTESIAN_POINT ( 'NONE',  ( 0.000000000000000000, 4.349999999999988987, -3.500000000000003109 ) ) ;
#103 = ORIENTED_EDGE ( 'NONE', *, *, #1440, .F. ) ;
#104 = ORIENTED_EDGE ( 'NONE', *, *, #1929, .T. ) ;
#105 = ADVANCED_FACE ( 'NONE', ( #2770 ), #1588, .F. ) ;
#106 = DIRECTION ( 'NONE',  ( -0.9009688679024157043, -0.4338837391175651703, -8.170798981050185971E-17 ) ) ;
#107 = ORIENTED_EDGE ( 'NONE', *, *, #4580, .T. ) ;
#108 = CARTESIAN_POINT ( 'NONE',  ( 0.000000000000000000, 8.426752866735334829E-17, 3.041268939877067812 ) ) ;
#109 = CARTESIAN_POINT ( 'NONE',  ( 2.122000487180449646, 7.193546686619591846, -0.5833333333333333703 ) ) ;
#110 = VERTEX_POINT ( 'NONE', #1194 ) ;
#111 = AXIS2_PLACEMENT_3D ( 'NONE', #2617, #162, #2641 ) ;
#112 = EDGE_LOOP ( 'NONE', ( #2050, #906, #753, #891 ) ) ;
#113 = ORIENTED_EDGE ( 'NONE', *, *, #744, .F. ) ;
#114 = CARTESIAN_POINT ( 'NONE',  ( 5.863736118510232131, 4.676173513940490523, -5.417315706714456869E-15 ) ) ;
#115 = B_SPLINE_CURVE_WITH_KNOTS ( 'NONE', 3,
 ( #369, #842, #449, #2045, #1154, #1964 ),
 .UNSPECIFIED., .F., .F.,
 ( 4, 2, 4 ),
 ( 0.01132667245567772936, 0.01156297535658406227, 0.01179927825749039517 ),
 .UNSPECIFIED. ) ;
#116 = ADVANCED_FACE ( 'NONE', ( #2791 ), #2982, .F. ) ;
#117 = CARTESIAN_POINT ( 'NONE',  ( 0.000000000000000000, 8.673617379884035472E-16, -6.432505248036318665E-15 ) ) ;
#118 = CARTESIAN_POINT ( 'NONE',  ( 0.000000000000000000, -7.499999999999998224, -7.577357452612791130E-15 ) ) ;
#119 = ORIENTED_EDGE ( 'NONE', *, *, #2788, .T. ) ;
#120 = EDGE_LOOP ( 'NONE', ( #586, #2005 ) ) ;
#121 = SPHERICAL_SURFACE ( 'NONE', #2810, 1.901572311514117208 ) ;
#122 = FACE_OUTER_BOUND ( 'NONE', #120, .T. ) ;
#123 = CARTESIAN_POINT ( 'NONE',  ( 7.311959341363686526, -1.668907004672286254, -1.684300892242747738E-15 ) ) ;
#124 = EDGE_CURVE ( 'NONE', #2071, #1834, #438, .T. ) ;
#125 = AXIS2_PLACEMENT_3D ( 'NONE', #2649, #625, #4571 ) ;
#126 = CARTESIAN_POINT ( 'NONE',  ( 2.165736068126628666, 7.661310720612465985, -0.5833333333333333703 ) ) ;
#127 = VERTEX_POINT ( 'NONE', #4676 ) ;
#128 = VERTEX_POINT ( 'NONE', #5109 ) ;
#129 = FACE_OUTER_BOUND ( 'NONE', #4349, .T. ) ;
#130 = EDGE_LOOP ( 'NONE', ( #4488, #1185, #3479, #4605 ) ) ;
#131 = CARTESIAN_POINT ( 'NONE',  ( 7.311959341363692744, -1.668907004672287808, -1.684300892242749315E-15 ) ) ;
#132 = CIRCLE ( 'NONE', #1133, 1.844711225215975636 ) ;
#133 = EDGE_CURVE ( 'NONE', #307, #3586, #1139, .T. ) ;
#134 = EDGE_LOOP ( 'NONE', ( #2283, #3733, #2580, #5064 ) ) ;
#135 = ORIENTED_EDGE ( 'NONE', *, *, #2931, .T. ) ;
#136 = CARTESIAN_POINT ( 'NONE',  ( -5.033019310530547408, -5.560460108659750489, -0.5833333333333358128 ) ) ;
#137 = CARTESIAN_POINT ( 'NONE',  ( -1.856431400286464362, 7.266873590822795492, -0.3937361966030401561 ) ) ;
#138 = CARTESIAN_POINT ( 'NONE',  ( 1.035387056699122362E-15, 8.454576923076915662, 3.118500000000000050 ) ) ;
#139 = CIRCLE ( 'NONE', #1809, 1.901572311514117652 ) ;
#140 = CARTESIAN_POINT ( 'NONE',  ( 4.778116898591094674, -5.780968682098027500, 0.5833333333333313719 ) ) ;
#141 = AXIS2_PLACEMENT_3D ( 'NONE', #1761, #4568, #4463 ) ;
#142 = ORIENTED_EDGE ( 'NONE', *, *, #2413, .T. ) ;
#143 = EDGE_CURVE ( 'NONE', #3181, #1575, #1470, .T. ) ;
#144 = AXIS2_PLACEMENT_3D ( 'NONE', #3419, #4656, #4984 ) ;
#145 = ORIENTED_EDGE ( 'NONE', *, *, #3116, .T. ) ;
#146 = CARTESIAN_POINT ( 'NONE',  ( -7.311959341363692744, -1.668907004672287808, -6.582888088832161947E-15 ) ) ;
#147 = CLOSED_SHELL ( 'NONE', ( #3250, #2269 ) ) ;
#148 = DIRECTION ( 'NONE',  ( 1.000000000000000000, 0.000000000000000000, 0.000000000000000000 ) ) ;
#149 = AXIS2_PLACEMENT_3D ( 'NONE', #2034, #3625, #4424 ) ;
#150 = CIRCLE ( 'NONE', #227, 8.423076923076912692 ) ;
#151 = MANIFOLD_SOLID_BREP ( 'CirPattern1[3]', #4064 ) ;
#152 = AXIS2_PLACEMENT_3D ( 'NONE', #1892, #5053, #349 ) ;
#153 = AXIS2_PLACEMENT_3D ( 'NONE', #4695, #2345, #2786 ) ;
#154 = LINE ( 'NONE', #2142, #1229 ) ;
#155 = AXIS2_PLACEMENT_3D ( 'NONE', #4388, #823, #4873 ) ;
#156 = AXIS2_PLACEMENT_3D ( 'NONE', #653, #5042, #4636 ) ;
#157 = EDGE_LOOP ( 'NONE', ( #2466, #444, #3120, #4252 ) ) ;
#158 = ORIENTED_EDGE ( 'NONE', *, *, #273, .T. ) ;
#159 = AXIS2_PLACEMENT_3D ( 'NONE', #2244, #1793, #3047 ) ;
#160 = CARTESIAN_POINT ( 'NONE',  ( 5.863736118510165518, 4.676173513940574011, -5.187285101250290518E-16 ) ) ;
#161 = VERTEX_POINT ( 'NONE', #3956 ) ;
#162 = DIRECTION ( 'NONE',  ( -0.6234898018587431423, -0.7818314824680221431, -1.436201133715639576E-16 ) ) ;
#163 = EDGE_CURVE ( 'NONE', #4509, #4911, #3040, .T. ) ;
#164 = ORIENTED_EDGE ( 'NONE', *, *, #4531, .F. ) ;
#165 = ORIENTED_EDGE ( 'NONE', *, *, #1408, .T. ) ;
#166 = CARTESIAN_POINT ( 'NONE',  ( 7.563700699630004465, 0.4808071203319678744, -0.5833333333333344806 ) ) ;
#167 = FACE_OUTER_BOUND ( 'NONE', #1865, .T. ) ;
#168 = DIRECTION ( 'NONE',  ( 0.9749279121818227312, 0.2225209339563182231, 0.000000000000000000 ) ) ;
#169 = CARTESIAN_POINT ( 'NONE',  ( -4.502509431105040427, 6.386283310903224653, 0.5833333333333332593 ) ) ;
#170 = EDGE_CURVE ( 'NONE', #1766, #3380, #2815, .T. ) ;
#171 = LINE ( 'NONE', #4993, #726 ) ;
#172 = ORIENTED_EDGE ( 'NONE', *, *, #876, .F. ) ;
#173 = EDGE_LOOP ( 'NONE', ( #4422, #180 ) ) ;
#174 = CARTESIAN_POINT ( 'NONE',  ( 7.372637923028103835, 3.005046548472925405, -0.1955120260061233572 ) ) ;
#175 = EDGE_CURVE ( 'NONE', #3822, #3019, #3970, .T. ) ;
#176 = FACE_BOUND ( 'NONE', #3421, .T. ) ;
#177 = DIRECTION ( 'NONE',  ( 0.000000000000000000, -2.045092730507657007E-16, 1.000000000000000000 ) ) ;
#178 = ADVANCED_FACE ( 'NONE', ( #3103 ), #3626, .F. ) ;
#179 = CARTESIAN_POINT ( 'NONE',  ( 0.000000000000000000, -7.499999999999998224, -7.577357452612791130E-15 ) ) ;
#180 = ORIENTED_EDGE ( 'NONE', *, *, #3020, .T. ) ;
#181 = EDGE_LOOP ( 'NONE', ( #4541, #4025, #4098, #1147 ) ) ;
#182 = DIRECTION ( 'NONE',  ( -1.772860102744128794E-16, -2.324831714633752431E-16, 1.000000000000000000 ) ) ;
#183 = VERTEX_POINT ( 'NONE', #5083 ) ;
#184 = DIRECTION ( 'NONE',  ( 0.000000000000000000, -1.000000000000000000, -1.802052925957643939E-16 ) ) ;
#185 = B_SPLINE_CURVE_WITH_KNOTS ( 'NONE', 3,
 ( #2699, #5013, #2778, #2258, #3471, #1514 ),
 .UNSPECIFIED., .F., .F.,
 ( 4, 2, 4 ),
 ( 2.086319673483317094E-07, 0.0005915434850940119813, 0.001182878338220675479 ),
 .UNSPECIFIED. ) ;
#186 = EDGE_LOOP ( 'NONE', ( #4004, #869, #3411, #3339 ) ) ;
#187 = ORIENTED_EDGE ( 'NONE', *, *, #1377, .F. ) ;
#188 = CARTESIAN_POINT ( 'NONE',  ( 1.324719463001498898, -7.778757331376029427, 0.5833333333333305948 ) ) ;
#189 = DIRECTION ( 'NONE',  ( 0.4338837391175651703, -0.9009688679024157043, -3.492023159033191121E-16 ) ) ;
#190 = CARTESIAN_POINT ( 'NONE',  ( 5.863736118510165518, 4.676173513940574011, -5.187285101250290518E-16 ) ) ;
#191 = DIRECTION ( 'NONE',  ( -0.000000000000000000, -1.836970198721029441E-16, 1.000000000000000000 ) ) ;
#192 = DIRECTION ( 'NONE',  ( 0.000000000000000000, -1.000000000000000000, -1.836970198721029441E-16 ) ) ;
#193 = ADVANCED_FACE ( 'NONE', ( #3931 ), #4700, .F. ) ;
#194 = EDGE_LOOP ( 'NONE', ( #4856, #4417, #4436, #4821 ) ) ;
#195 = VERTEX_POINT ( 'NONE', #1110 ) ;
#196 = CARTESIAN_POINT ( 'NONE',  ( -7.485378982620364496, 0.4680827774499700666, 0.5833333333333321491 ) ) ;
#197 = CIRCLE ( 'NONE', #5087, 1.901572311514110991 ) ;
#198 = CARTESIAN_POINT ( 'NONE',  ( -8.377839946674661360E-17, -4.034555078750345918E-17, 0.5833333333333333703 ) ) ;
#199 = EDGE_CURVE ( 'NONE', #5112, #845, #355, .T. ) ;
#200 = CARTESIAN_POINT ( 'NONE',  ( 0.000000000000000000, 6.429395695523856342E-17, 3.149999999999987477 ) ) ;
#201 = FACE_BOUND ( 'NONE', #2332, .T. ) ;
#202 = EDGE_CURVE ( 'NONE', #3558, #909, #2068, .T. ) ;
#203 = EDGE_LOOP ( 'NONE', ( #50, #318 ) ) ;
#204 = DIRECTION ( 'NONE',  ( 1.000000000000000000, 0.000000000000000000, 0.000000000000000000 ) ) ;
#205 = CARTESIAN_POINT ( 'NONE',  ( 7.288949832311467425, 3.022442326689458003, -0.5833333333333343695 ) ) ;
#206 = FACE_OUTER_BOUND ( 'NONE', #2969, .T. ) ;
#207 = VECTOR ( 'NONE', #506, 1000.000000000000114 ) ;
#208 = ORIENTED_EDGE ( 'NONE', *, *, #662, .F. ) ;
#209 = ORIENTED_EDGE ( 'NONE', *, *, #408, .F. ) ;
#210 = CARTESIAN_POINT ( 'NONE',  ( 1.372857368525346677, -7.842280109779409258, 0.5833333333333305948 ) ) ;
#211 = DIRECTION ( 'NONE',  ( 0.2225209339563181954, 0.9749279121818227312, 1.790913520579321308E-16 ) ) ;
#212 = DIRECTION ( 'NONE',  ( 0.6234898018587320401, 0.7818314824680310249, -0.000000000000000000 ) ) ;
#213 = CARTESIAN_POINT ( 'NONE',  ( -1.791498108671232714, 7.757359679761116844, 0.5833333333333337034 ) ) ;
#214 = CARTESIAN_POINT ( 'NONE',  ( 1.044699553671270845E-16, 1.310011805077708007E-16, -0.5833333333333333703 ) ) ;
#215 = AXIS2_PLACEMENT_3D ( 'NONE', #2288, #3412, #1893 ) ;
#216 = ORIENTED_EDGE ( 'NONE', *, *, #3903, .F. ) ;
#217 = VERTEX_POINT ( 'NONE', #4883 ) ;
#218 = CIRCLE ( 'NONE', #3557, 0.8411054325275151289 ) ;
#219 = DIRECTION ( 'NONE',  ( 0.6234898018587431423, -0.7818314824680221431, -2.115543345682863992E-17 ) ) ;
#220 = CARTESIAN_POINT ( 'NONE',  ( 4.898587196589411843E-16, -3.999999999999998224, -3.150000000000005240 ) ) ;
#221 = AXIS2_PLACEMENT_3D ( 'NONE', #2536, #1692, #2517 ) ;
#222 = AXIS2_PLACEMENT_3D ( 'NONE', #538, #2482, #2874 ) ;
#223 = AXIS2_PLACEMENT_3D ( 'NONE', #3502, #1491, #1963 ) ;
#224 = DIRECTION ( 'NONE',  ( 0.000000000000000000, -1.000000000000000000, -1.836970198721029441E-16 ) ) ;
#225 = CARTESIAN_POINT ( 'NONE',  ( 1.230901245360903173, -7.559242431560623920, -0.5833333333333361459 ) ) ;
#226 = EDGE_CURVE ( 'NONE', #2331, #1880, #2736, .T. ) ;
#227 = AXIS2_PLACEMENT_3D ( 'NONE', #2535, #4520, #2929 ) ;
#228 = CIRCLE ( 'NONE', #1237, 2.120592687679978106 ) ;
#229 = ORIENTED_EDGE ( 'NONE', *, *, #163, .T. ) ;
#230 = AXIS2_PLACEMENT_3D ( 'NONE', #4726, #3951, #377 ) ;
#231 = DIRECTION ( 'NONE',  ( -0.9749279121818227312, -0.2225209339563182231, -2.245734522990356514E-16 ) ) ;
#232 = CIRCLE ( 'NONE', #3572, 7.499999999999998224 ) ;
#233 = EDGE_CURVE ( 'NONE', #3148, #694, #3727, .T. ) ;
#234 = CARTESIAN_POINT ( 'NONE',  ( -8.377839946674565218E-17, 4.034555078750226356E-17, -0.5833333333333333703 ) ) ;
#235 = EDGE_CURVE ( 'NONE', #4911, #2076, #4213, .T. ) ;
#236 = ORIENTED_EDGE ( 'NONE', *, *, #3024, .F. ) ;
#237 = CIRCLE ( 'NONE', #74, 2.120592687679978106 ) ;
#238 = VERTEX_POINT ( 'NONE', #3317 ) ;
#239 = CARTESIAN_POINT ( 'NONE',  ( 7.485378982620445321, 0.4680827774486774340, -0.5833333333333344806 ) ) ;
#240 = CARTESIAN_POINT ( 'NONE',  ( 6.657163229759485823, -3.454298444521624489, -0.1975851869304277864 ) ) ;
#241 = DIRECTION ( 'NONE',  ( -0.7818314824680221431, 0.6234898018587431423, -6.916380135000382756E-17 ) ) ;
#242 = DIRECTION ( 'NONE',  ( -1.436201133715656092E-16, -6.916380135000592297E-17, 1.000000000000000000 ) ) ;
#243 = EDGE_CURVE ( 'NONE', #4585, #3506, #1983, .T. ) ;
#244 = CARTESIAN_POINT ( 'NONE',  ( -6.605918625723313120, -3.714871063611350444, -0.5833333333333353687 ) ) ;
#245 = ORIENTED_EDGE ( 'NONE', *, *, #1098, .F. ) ;
#246 = EDGE_LOOP ( 'NONE', ( #4692, #4238, #4987, #3583 ) ) ;
#247 = CYLINDRICAL_SURFACE ( 'NONE', #2745, 7.961538461538454570 ) ;
#248 = CARTESIAN_POINT ( 'NONE',  ( 6.947186933488533001, 2.826056211607645530, 0.5833333333333325932 ) ) ;
#249 = CARTESIAN_POINT ( 'NONE',  ( 0.000000000000000000, 0.000000000000000000, -0.5833333333333333703 ) ) ;
#250 = DIRECTION ( 'NONE',  ( 0.000000000000000000, -4.090185461015314015E-16, 1.000000000000000000 ) ) ;
#251 = DIRECTION ( 'NONE',  ( -0.000000000000000000, -1.836970198721029441E-16, 1.000000000000000000 ) ) ;
#252 = ADVANCED_FACE ( 'NONE', ( #912 ), #1329, .F. ) ;
#253 = ORIENTED_EDGE ( 'NONE', *, *, #2032, .T. ) ;
#254 = DIRECTION ( 'NONE',  ( 0.000000000000000000, -2.350941779212228089E-16, 1.000000000000000000 ) ) ;
#255 = CARTESIAN_POINT ( 'NONE',  ( 5.030836094597405328, -6.170984423717484013, -0.3943737810124193777 ) ) ;
#256 = VERTEX_POINT ( 'NONE', #2897 ) ;
#257 = EDGE_CURVE ( 'NONE', #1575, #1688, #3154, .T. ) ;
#258 = ORIENTED_EDGE ( 'NONE', *, *, #1377, .T. ) ;
#259 = CARTESIAN_POINT ( 'NONE',  ( 6.965677019537240611, 2.780602733481853939, 0.3916306432850342745 ) ) ;
#260 = CARTESIAN_POINT ( 'NONE',  ( -7.800266061494701475, 0.4615788927806156461, -0.5833333333333348136 ) ) ;
#261 = DIRECTION ( 'NONE',  ( -0.2225209339563050392, -0.9749279121818257288, -5.662667214319737711E-17 ) ) ;
#262 = DIRECTION ( 'NONE',  ( -0.4338837391175651703, -0.9009688679024157043, -3.492023159033188163E-16 ) ) ;
#263 = DIRECTION ( 'NONE',  ( 0.000000000000000000, 0.000000000000000000, 1.000000000000000000 ) ) ;
#264 = EDGE_LOOP ( 'NONE', ( #3559, #1958, #1005, #3369 ) ) ;
#265 = ADVANCED_FACE ( 'NONE', ( #954, #4425 ), #1691, .T. ) ;
#266 = ORIENTED_EDGE ( 'NONE', *, *, #3624, .T. ) ;
#267 = CARTESIAN_POINT ( 'NONE',  ( 3.454382076820612824, -7.173098294453843948, -1.844711225215979633 ) ) ;
#268 = CARTESIAN_POINT ( 'NONE',  ( 0.000000000000000000, -8.423076923076910916, -3.118500000000003158 ) ) ;
#269 = AXIS2_PLACEMENT_3D ( 'NONE', #3782, #2223, #4604 ) ;
#270 = FACE_OUTER_BOUND ( 'NONE', #1742, .T. ) ;
#271 = DIRECTION ( 'NONE',  ( 0.6234898018587320401, 0.7818314824680310249, 1.436201133715656092E-16 ) ) ;
#272 = ORIENTED_EDGE ( 'NONE', *, *, #2768, .T. ) ;
#273 = EDGE_CURVE ( 'NONE', #453, #3197, #150, .T. ) ;
#274 = CARTESIAN_POINT ( 'NONE',  ( 7.480463430177513473, 0.5409869674673891682, 0.1978186137273883760 ) ) ;
#275 = DIRECTION ( 'NONE',  ( 0.7818314824680221431, 0.6234898018587431423, -6.916380135000387687E-17 ) ) ;
#276 = ORIENTED_EDGE ( 'NONE', *, *, #3367, .F. ) ;
#277 = ORIENTED_EDGE ( 'NONE', *, *, #2058, .T. ) ;
#278 = SPHERICAL_SURFACE ( 'NONE', #4401, 1.901572311514110769 ) ;
#279 = CARTESIAN_POINT ( 'NONE',  ( -6.974515780888369321, 2.757921255462483234, -0.1936861211537493077 ) ) ;
#280 = B_SPLINE_CURVE_WITH_KNOTS ( 'NONE', 3,
 ( #4859, #2896, #4470, #911, #2513, #1326 ),
 .UNSPECIFIED., .F., .F.,
 ( 4, 2, 4 ),
 ( 0.001886296772446573915, 0.002121409198531192669, 0.002356521624615811206 ),
 .UNSPECIFIED. ) ;
#281 = FACE_OUTER_BOUND ( 'NONE', #2191, .T. ) ;
#282 = FACE_OUTER_BOUND ( 'NONE', #4579, .T. ) ;
#283 = DIRECTION ( 'NONE',  ( -1.000000000000000000, 1.224646799147353207E-16, 0.000000000000000000 ) ) ;
#284 = AXIS2_PLACEMENT_3D ( 'NONE', #3474, #4356, #786 ) ;
#285 = EDGE_CURVE ( 'NONE', #4865, #3289, #3157, .T. ) ;
#286 = VERTEX_POINT ( 'NONE', #1745 ) ;
#287 = B_SPLINE_CURVE_WITH_KNOTS ( 'NONE', 3,
 ( #2104, #892, #1703, #2498, #4844, #505 ),
 .UNSPECIFIED., .F., .F.,
 ( 4, 2, 4 ),
 ( 2.035280482603522356E-07, 0.0005855209568278841410, 0.001170838385607507947 ),
 .UNSPECIFIED. ) ;
#288 = ORIENTED_EDGE ( 'NONE', *, *, #2107, .F. ) ;
#289 = DIRECTION ( 'NONE',  ( 0.4338837391175526803, -0.9009688679024216995, -3.492023159033204433E-16 ) ) ;
#290 = CARTESIAN_POINT ( 'NONE',  ( 0.000000000000000000, 0.000000000000000000, 0.5833333333333333703 ) ) ;
#291 = DIRECTION ( 'NONE',  ( -7.970314984685941186E-17, -3.492023159033202954E-16, 1.000000000000000000 ) ) ;
#292 = CARTESIAN_POINT ( 'NONE',  ( 0.000000000000000000, 0.000000000000000000, 0.5833333333333333703 ) ) ;
#293 = ADVANCED_FACE ( 'NONE', ( #3238 ), #3294, .F. ) ;
#294 = ADVANCED_FACE ( 'NONE', ( #3342 ), #2061, .T. ) ;
#295 = CIRCLE ( 'NONE', #799, 1.901572311514116986 ) ;
#296 = DIRECTION ( 'NONE',  ( -5.407443734259953765E-17, 4.312292479951189039E-17, 1.000000000000000000 ) ) ;
#297 = CARTESIAN_POINT ( 'NONE',  ( 5.087204400762729506, -5.510930176844286876, -0.1936861211538892236 ) ) ;
#298 = VERTEX_POINT ( 'NONE', #4812 ) ;
#299 = AXIS2_PLACEMENT_3D ( 'NONE', #4913, #4527, #182 ) ;
#300 = AXIS2_PLACEMENT_3D ( 'NONE', #3781, #2567, #576 ) ;
#301 = ORIENTED_EDGE ( 'NONE', *, *, #2307, .F. ) ;
#302 = CIRCLE ( 'NONE', #221, 4.076884469938528710 ) ;
#303 = CARTESIAN_POINT ( 'NONE',  ( -7.120855440857059016, -3.560830305632953774, 0.2000208454323475493 ) ) ;
#304 = AXIS2_PLACEMENT_3D ( 'NONE', #4498, #564, #148 ) ;
#305 = FACE_BOUND ( 'NONE', #2801, .T. ) ;
#306 = CIRCLE ( 'NONE', #4308, 1.809889355220185791 ) ;
#307 = VERTEX_POINT ( 'NONE', #3269 ) ;
#308 = CIRCLE ( 'NONE', #4143, 1.901572311514110547 ) ;
#309 = ORIENTED_EDGE ( 'NONE', *, *, #1061, .T. ) ;
#310 = DIRECTION ( 'NONE',  ( 0.000000000000000000, -1.000000000000000000, -3.594260066865592578E-16 ) ) ;
#311 = VECTOR ( 'NONE', #3448, 1000.000000000000000 ) ;
#312 = CARTESIAN_POINT ( 'NONE',  ( -7.643617736203349722, 0.4820497046313892975, -0.5833333333333347026 ) ) ;
#313 = CARTESIAN_POINT ( 'NONE',  ( -1.449994109296521172, -7.358499649690257272, 0.1975851869304232067 ) ) ;
#314 = CARTESIAN_POINT ( 'NONE',  ( 0.000000000000000000, 7.961538461538457234, 1.844711225215976746 ) ) ;
#315 = CARTESIAN_POINT ( 'NONE',  ( 8.377839946674653965E-17, 7.500000000000000000, -0.5833333333333328152 ) ) ;
#316 = TOROIDAL_SURFACE ( 'NONE', #1990, 4.262500000000000178, 0.2624999999999999556 ) ;
#317 = DIRECTION ( 'NONE',  ( -0.7818314824680310249, 0.6234898018587320401, -6.916380135000592297E-17 ) ) ;
#318 = ORIENTED_EDGE ( 'NONE', *, *, #3694, .T. ) ;
#319 = EDGE_CURVE ( 'NONE', #2884, #4307, #362, .T. ) ;
#320 = AXIS2_PLACEMENT_3D ( 'NONE', #5066, #3112, #339 ) ;
#321 = B_SPLINE_CURVE_WITH_KNOTS ( 'NONE', 3,
 ( #3133, #3880, #668, #3936, #2773, #2668 ),
 .UNSPECIFIED., .F., .F.,
 ( 4, 2, 4 ),
 ( 2.073038737314315091E-07, 0.0005897655573085411286, 0.001179323810743350843 ),
 .UNSPECIFIED. ) ;
#322 = EDGE_LOOP ( 'NONE', ( #459, #1092, #229, #4 ) ) ;
#323 = CIRCLE ( 'NONE', #76, 1.809889355220185791 ) ;
#324 = EDGE_LOOP ( 'NONE', ( #4504, #3592, #3764, #3453 ) ) ;
#325 = DIRECTION ( 'NONE',  ( 1.000000000000000000, 0.000000000000000000, 0.000000000000000000 ) ) ;
#326 = CARTESIAN_POINT ( 'NONE',  ( 2.220146480379988851, 7.645929724253488047, 0.3928809633436724513 ) ) ;
#327 = CARTESIAN_POINT ( 'NONE',  ( -1.231014034995387751, -7.559800962042661610, 0.5833333333333308168 ) ) ;
#328 = CARTESIAN_POINT ( 'NONE',  ( 0.000000000000000000, 7.961538461538457234, 0.000000000000000000 ) ) ;
#329 = EDGE_CURVE ( 'NONE', #2071, #2593, #1143, .T. ) ;
#330 = DIRECTION ( 'NONE',  ( 1.790913520579321308E-16, 2.245734522990356514E-16, -1.000000000000000000 ) ) ;
#331 = CARTESIAN_POINT ( 'NONE',  ( 4.649350407733599839E-17, -2.037013509436028154E-16, 0.5833333333333333703 ) ) ;
#332 = DIRECTION ( 'NONE',  ( -0.7818314824680310249, 0.6234898018587320401, -6.916380135000592297E-17 ) ) ;
#333 = VERTEX_POINT ( 'NONE', #2515 ) ;
#334 = EDGE_CURVE ( 'NONE', #1036, #5099, #4306, .T. ) ;
#335 = FACE_OUTER_BOUND ( 'NONE', #3452, .T. ) ;
#336 = CARTESIAN_POINT ( 'NONE',  ( 0.000000000000000000, 5.786456125973804904E-18, 3.468499999999987260 ) ) ;
#337 = EDGE_LOOP ( 'NONE', ( #2719, #3607, #5128, #5132 ) ) ;
#338 = ORIENTED_EDGE ( 'NONE', *, *, #1591, .T. ) ;
#339 = DIRECTION ( 'NONE',  ( 0.000000000000000000, -1.000000000000000000, -2.168404344971008868E-16 ) ) ;
#340 = FACE_OUTER_BOUND ( 'NONE', #1172, .T. ) ;
#341 = DIRECTION ( 'NONE',  ( 0.000000000000000000, 0.000000000000000000, 1.000000000000000000 ) ) ;
#342 = DIRECTION ( 'NONE',  ( 0.9749279121818257288, -0.2225209339563047617, 0.000000000000000000 ) ) ;
#343 = CARTESIAN_POINT ( 'NONE',  ( 3.254128043381738333, -6.757266509268117893, -0.5833333333333354798 ) ) ;
#344 = FACE_OUTER_BOUND ( 'NONE', #4189, .T. ) ;
#345 = EDGE_LOOP ( 'NONE', ( #2731, #605 ) ) ;
#346 = ORIENTED_EDGE ( 'NONE', *, *, #3048, .T. ) ;
#347 = ORIENTED_EDGE ( 'NONE', *, *, #4116, .F. ) ;
#348 = CARTESIAN_POINT ( 'NONE',  ( 0.000000000000000000, 8.580576923076909779, 3.499999999999988898 ) ) ;
#349 = DIRECTION ( 'NONE',  ( 0.000000000000000000, -1.000000000000000000, -1.836970198721029441E-16 ) ) ;
#350 = ADVANCED_FACE ( 'NONE', ( #122, #176 ), #4202, .T. ) ;
#351 = CYLINDRICAL_SURFACE ( 'NONE', #1059, 7.961538461538453681 ) ;
#352 = SPHERICAL_SURFACE ( 'NONE', #2063, 1.901572311514110769 ) ;
#353 = B_SPLINE_CURVE_WITH_KNOTS ( 'NONE', 3,
 ( #1166, #4392, #1974, #379, #4777, #3871 ),
 .UNSPECIFIED., .F., .F.,
 ( 4, 2, 4 ),
 ( 2.056720627444144857E-07, 0.0005877628135898575138, 0.001175319955116970730 ),
 .UNSPECIFIED. ) ;
#354 = CARTESIAN_POINT ( 'NONE',  ( 4.848886626039860204, -5.721739114928087844, -0.1996209557216400698 ) ) ;
#355 = LINE ( 'NONE', #4782, #56 ) ;
#356 = EDGE_CURVE ( 'NONE', #2531, #4132, #905, .T. ) ;
#357 = AXIS2_PLACEMENT_3D ( 'NONE', #4816, #1225, #5147 ) ;
#358 = ORIENTED_EDGE ( 'NONE', *, *, #1738, .T. ) ;
#359 = DIRECTION ( 'NONE',  ( 1.436201133715656092E-16, 6.916380135000592297E-17, -1.000000000000000000 ) ) ;
#360 = CARTESIAN_POINT ( 'NONE',  ( 0.000000000000000000, 8.673617379884035472E-16, -6.432505248036318665E-15 ) ) ;
#361 = ADVANCED_FACE ( 'NONE', ( #3456, #4998 ), #2587, .T. ) ;
#362 = B_SPLINE_CURVE_WITH_KNOTS ( 'NONE', 3,
 ( #2171, #2458, #1349, #4860, #1251, #1296 ),
 .UNSPECIFIED., .F., .F.,
 ( 4, 2, 4 ),
 ( 0.01117735868861041704, 0.01141294771241579790, 0.01164853673622117877 ),
 .UNSPECIFIED. ) ;
#363 = ORIENTED_EDGE ( 'NONE', *, *, #1252, .T. ) ;
#364 = ORIENTED_EDGE ( 'NONE', *, *, #79, .F. ) ;
#365 = FACE_OUTER_BOUND ( 'NONE', #3251, .T. ) ;
#366 = DIRECTION ( 'NONE',  ( 0.000000000000000000, 0.000000000000000000, 1.000000000000000000 ) ) ;
#367 =( LENGTH_UNIT ( ) NAMED_UNIT ( * ) SI_UNIT ( .MILLI., .METRE. ) );
#368 = DIRECTION ( 'NONE',  ( 0.000000000000000000, -1.000000000000000000, -2.036060417813152900E-16 ) ) ;
#369 = CARTESIAN_POINT ( 'NONE',  ( -4.639539566350082467, 6.469989743950772088, -0.5833333333333335924 ) ) ;
#370 = B_SPLINE_CURVE_WITH_KNOTS ( 'NONE', 3,
 ( #2465, #3348, #2566, #3370, #575, #2075 ),
 .UNSPECIFIED., .F., .F.,
 ( 4, 2, 4 ),
 ( 0.007921613093898367472, 0.008155151436627334355, 0.008388689779356301238 ),
 .UNSPECIFIED. ) ;
#371 = DIRECTION ( 'NONE',  ( 0.000000000000000000, 0.000000000000000000, 1.000000000000000000 ) ) ;
#372 = ORIENTED_EDGE ( 'NONE', *, *, #672, .F. ) ;
#373 = EDGE_LOOP ( 'NONE', ( #96, #2525, #960, #2881 ) ) ;
#374 = ORIENTED_EDGE ( 'NONE', *, *, #1630, .T. ) ;
#375 = CARTESIAN_POINT ( 'NONE',  ( -4.649350407733466103E-17, -2.037013509436035303E-16, 0.5833333333333333703 ) ) ;
#376 = FACE_OUTER_BOUND ( 'NONE', #4125, .T. ) ;
#377 = DIRECTION ( 'NONE',  ( -1.790913520579321308E-16, -2.245734522990356514E-16, 1.000000000000000000 ) ) ;
#378 = AXIS2_PLACEMENT_3D ( 'NONE', #3865, #2780, #2758 ) ;
#379 = CARTESIAN_POINT ( 'NONE',  ( 4.570270033866323800, 6.519104733021605647, -0.1955120260115470188 ) ) ;
#380 = CARTESIAN_POINT ( 'NONE',  ( -1.791498108671232714, 7.757359679761116844, -0.5833333333333330373 ) ) ;
#381 = DIRECTION ( 'NONE',  ( -0.7818314824680221431, 0.6234898018587431423, 0.000000000000000000 ) ) ;
#382 = CARTESIAN_POINT ( 'NONE',  ( -1.209306557283115202, -7.401863120222638592, -0.5833333333333359239 ) ) ;
#383 = AXIS2_PLACEMENT_3D ( 'NONE', #4343, #414, #4809 ) ;
#384 = EDGE_CURVE ( 'NONE', #3019, #2703, #4553, .T. ) ;
#385 = VERTEX_POINT ( 'NONE', #4234 ) ;
#386 = AXIS2_PLACEMENT_3D ( 'NONE', #962, #4100, #1700 ) ;
#387 = EDGE_CURVE ( 'NONE', #1774, #1688, #2240, .T. ) ;
#388 = CARTESIAN_POINT ( 'NONE',  ( -1.044699553671270845E-16, -1.310011805077708007E-16, 0.5833333333333333703 ) ) ;
#389 = CARTESIAN_POINT ( 'NONE',  ( 0.000000000000000000, -10.99999999999999645, 3.499999999999999112 ) ) ;
#390 = CIRCLE ( 'NONE', #3890, 0.8411054325275151289 ) ;
#391 = VERTEX_POINT ( 'NONE', #4597 ) ;
#392 = VERTEX_POINT ( 'NONE', #588 ) ;
#393 = DIRECTION ( 'NONE',  ( 0.6234898018587319291, 0.7818314824680310249, 1.497979813192533910E-16 ) ) ;
#394 = AXIS2_PLACEMENT_3D ( 'NONE', #3491, #4034, #1634 ) ;
#395 = ADVANCED_FACE ( 'NONE', ( #4949 ), #2908, .T. ) ;
#396 = CARTESIAN_POINT ( 'NONE',  ( 0.000000000000000000, 7.499999999999992895, 0.000000000000000000 ) ) ;
#397 = APPLICATION_PROTOCOL_DEFINITION ( 'international standard', 'config_control_design', 1994, #4588 ) ;
#398 = ORIENTED_EDGE ( 'NONE', *, *, #666, .T. ) ;
#399 = AXIS2_PLACEMENT_3D ( 'NONE', #4811, #437, #3788 ) ;
#400 = DIRECTION ( 'NONE',  ( 0.000000000000000000, 1.836970198721029441E-16, -1.000000000000000000 ) ) ;
#401 = DIRECTION ( 'NONE',  ( 0.000000000000000000, 0.000000000000000000, 1.000000000000000000 ) ) ;
#402 = ORIENTED_EDGE ( 'NONE', *, *, #662, .T. ) ;
#403 = AXIS2_PLACEMENT_3D ( 'NONE', #3927, #2369, #709 ) ;
#404 = ORIENTED_EDGE ( 'NONE', *, *, #1090, .F. ) ;
#405 = AXIS2_PLACEMENT_3D ( 'NONE', #114, #454, #3307 ) ;
#406 = ORIENTED_EDGE ( 'NONE', *, *, #3186, .F. ) ;
#407 = DIRECTION ( 'NONE',  ( -0.9009688679024218105, 0.4338837391175526248, 7.970314984685939954E-17 ) ) ;
#408 = EDGE_CURVE ( 'NONE', #1841, #1256, #1818, .T. ) ;
#409 = FACE_BOUND ( 'NONE', #4683, .T. ) ;
#410 = CARTESIAN_POINT ( 'NONE',  ( -1.372857368525091104, -7.842280109779456332, 0.5833333333333308168 ) ) ;
#411 = DIRECTION ( 'NONE',  ( -0.9009688679024218105, 0.4338837391175526248, 7.970314984685939954E-17 ) ) ;
#412 = CONICAL_SURFACE ( 'NONE', #5050, 10.65000000000000568, 0.7853981633974334020 ) ;
#413 = AXIS2_PLACEMENT_3D ( 'NONE', #4652, #4183, #2216 ) ;
#414 = DIRECTION ( 'NONE',  ( -7.970314984685941186E-17, -3.492023159033202954E-16, 1.000000000000000000 ) ) ;
#415 = DIRECTION ( 'NONE',  ( -0.9009688679024157043, -0.4338837391175651703, -8.170798981050185971E-17 ) ) ;
#416 = CARTESIAN_POINT ( 'NONE',  ( -4.260896173585934754, 6.172290636374532014, 0.3916306432850348851 ) ) ;
#417 = CARTESIAN_POINT ( 'NONE',  ( 1.449994109296623535, -7.358499649690237732, -0.1975851869304285913 ) ) ;
#418 = EDGE_CURVE ( 'NONE', #1068, #1993, #4393, .T. ) ;
#419 = PLANE ( 'NONE',  #16 ) ;
#420 = ORIENTED_EDGE ( 'NONE', *, *, #5022, .T. ) ;
#421 = VERTEX_POINT ( 'NONE', #3795 ) ;
#422 = CARTESIAN_POINT ( 'NONE',  ( 7.311959341363686526, -1.668907004672286476, 1.417427986384462990 ) ) ;
#423 = DIRECTION ( 'NONE',  ( 0.000000000000000000, -4.701883558424459137E-16, 1.000000000000000000 ) ) ;
#424 = ORIENTED_EDGE ( 'NONE', *, *, #3209, .F. ) ;
#425 = DIRECTION ( 'NONE',  ( 1.436201133715639576E-16, -6.916380135000387687E-17, 1.000000000000000000 ) ) ;
#426 = FACE_OUTER_BOUND ( 'NONE', #3095, .T. ) ;
#427 = ORIENTED_EDGE ( 'NONE', *, *, #2833, .T. ) ;
#428 = EDGE_CURVE ( 'NONE', #1016, #3589, #4067, .T. ) ;
#429 = EDGE_LOOP ( 'NONE', ( #3193, #2468, #4190, #2546 ) ) ;
#430 = ORIENTED_EDGE ( 'NONE', *, *, #4502, .F. ) ;
#431 = SPHERICAL_SURFACE ( 'NONE', #405, 1.901572311514117208 ) ;
#432 = DIRECTION ( 'NONE',  ( -1.436201133715656092E-16, -6.916380135000592297E-17, 1.000000000000000000 ) ) ;
#433 = DIRECTION ( 'NONE',  ( 7.970314984685941186E-17, 3.492023159033202954E-16, -1.000000000000000000 ) ) ;
#434 = CARTESIAN_POINT ( 'NONE',  ( -5.863736118510232131, 4.676173513940490523, -5.187285101250444346E-16 ) ) ;
#435 = EDGE_CURVE ( 'NONE', #967, #2853, #2156, .T. ) ;
#436 = CARTESIAN_POINT ( 'NONE',  ( 3.254128043381738333, -6.757266509268117893, -2.619017369274893045E-15 ) ) ;
#437 = DIRECTION ( 'NONE',  ( -0.7818314824680310249, 0.6234898018587320401, -6.916380135000592297E-17 ) ) ;
#438 = LINE ( 'NONE', #1953, #3567 ) ;
#439 = DIRECTION ( 'NONE',  ( -0.000000000000000000, -1.836970198721029441E-16, 1.000000000000000000 ) ) ;
#440 = CARTESIAN_POINT ( 'NONE',  ( 1.031529419281808140E-15, 8.423076923076914468, 3.118500000000000050 ) ) ;
#441 = AXIS2_PLACEMENT_3D ( 'NONE', #234, #3761, #4530 ) ;
#442 = EDGE_CURVE ( 'NONE', #4280, #2573, #4718, .T. ) ;
#443 = ORIENTED_EDGE ( 'NONE', *, *, #988, .F. ) ;
#444 = ORIENTED_EDGE ( 'NONE', *, *, #124, .T. ) ;
#445 = DIRECTION ( 'NONE',  ( -1.436201133715639576E-16, 6.916380135000387687E-17, -1.000000000000000000 ) ) ;
#446 = DIRECTION ( 'NONE',  ( 1.790913520579326978E-16, -2.245734522990332355E-16, 1.000000000000000000 ) ) ;
#447 = DATE_TIME_ROLE ( 'classification_date' ) ;
#448 = ORIENTED_EDGE ( 'NONE', *, *, #2509, .F. ) ;
#449 = CARTESIAN_POINT ( 'NONE',  ( -4.502509431108100202, 6.386283310905430888, -0.5833333333333335924 ) ) ;
#450 = DIRECTION ( 'NONE',  ( -7.970314984685941186E-17, -3.492023159033202954E-16, 1.000000000000000000 ) ) ;
#451 = ORIENTED_EDGE ( 'NONE', *, *, #951, .F. ) ;
#452 = ORIENTED_EDGE ( 'NONE', *, *, #795, .F. ) ;
#453 = VERTEX_POINT ( 'NONE', #268 ) ;
#454 = DIRECTION ( 'NONE',  ( -0.6234898018587320401, 0.7818314824680310249, 1.436201133715656092E-16 ) ) ;
#455 = CARTESIAN_POINT ( 'NONE',  ( 0.000000000000000000, 0.000000000000000000, 3.500000000000001332 ) ) ;
#456 = DIRECTION ( 'NONE',  ( 1.000000000000000000, -1.224646799147353207E-16, -2.249639673992786138E-32 ) ) ;
#457 = ADVANCED_FACE ( 'NONE', ( #634 ), #1053, .T. ) ;
#458 = CARTESIAN_POINT ( 'NONE',  ( 0.000000000000000000, 2.551857176313087505E-30, 3.499999999999987121 ) ) ;
#459 = ORIENTED_EDGE ( 'NONE', *, *, #4747, .F. ) ;
#460 = CARTESIAN_POINT ( 'NONE',  ( 4.898587196589413815E-16, 4.000000000000000888, -3.041268939877069144 ) ) ;
#461 = EDGE_CURVE ( 'NONE', #3506, #5119, #3362, .T. ) ;
#462 = CARTESIAN_POINT ( 'NONE',  ( 7.181928819271035103, 3.435985027540173764, -0.5833333333333341475 ) ) ;
#463 = CARTESIAN_POINT ( 'NONE',  ( -8.377839946674661360E-17, -4.034555078750345918E-17, 0.5833333333333333703 ) ) ;
#464 = AXIS2_PLACEMENT_3D ( 'NONE', #3739, #2152, #1359 ) ;
#465 = FACE_OUTER_BOUND ( 'NONE', #844, .T. ) ;
#466 = DIRECTION ( 'NONE',  ( -1.790913520579321308E-16, -2.245734522990356514E-16, 1.000000000000000000 ) ) ;
#467 = VERTEX_POINT ( 'NONE', #1819 ) ;
#468 = AXIS2_PLACEMENT_3D ( 'NONE', #2681, #1790, #2213 ) ;
#469 = EDGE_LOOP ( 'NONE', ( #488, #2116, #2057, #4868 ) ) ;
#470 = DIRECTION ( 'NONE',  ( 0.9009688679024157043, 0.4338837391175651703, 7.970314984686170449E-17 ) ) ;
#471 = CARTESIAN_POINT ( 'NONE',  ( 5.502890818909538240, 4.388408990005767230, 1.844711225215975414 ) ) ;
#472 = ORIENTED_EDGE ( 'NONE', *, *, #4753, .T. ) ;
#473 = CARTESIAN_POINT ( 'NONE',  ( 6.960201249988552163, -3.865862167557494011, -0.3928810727415411042 ) ) ;
#474 = DIRECTION ( 'NONE',  ( 5.407443734259731898E-17, 4.312292479951138502E-17, 1.000000000000000000 ) ) ;
#475 = CIRCLE ( 'NONE', #2483, 1.844711225215976746 ) ;
#476 = VERTEX_POINT ( 'NONE', #3413 ) ;
#477 = ORIENTED_EDGE ( 'NONE', *, *, #175, .F. ) ;
#478 = AXIS2_PLACEMENT_3D ( 'NONE', #1717, #3650, #880 ) ;
#479 = CIRCLE ( 'NONE', #3652, 1.844711225215976746 ) ;
#480 = VERTEX_POINT ( 'NONE', #4979 ) ;
#481 = FACE_BOUND ( 'NONE', #3710, .T. ) ;
#482 = AXIS2_PLACEMENT_3D ( 'NONE', #992, #4263, #4212 ) ;
#483 = FACE_BOUND ( 'NONE', #4496, .T. ) ;
#484 = CARTESIAN_POINT ( 'NONE',  ( -6.224581418110859410, 4.963938037875287534, -5.506502645942776303E-16 ) ) ;
#485 = CARTESIAN_POINT ( 'NONE',  ( 7.181928819271035103, 3.435985027540173764, 0.5833333333333325932 ) ) ;
#486 = ADVANCED_FACE ( 'NONE', ( #1373, #3073 ), #1769, .T. ) ;
#487 = AXIS2_PLACEMENT_3D ( 'NONE', #4727, #1190, #2708 ) ;
#488 = ORIENTED_EDGE ( 'NONE', *, *, #3579, .T. ) ;
#489 = CIRCLE ( 'NONE', #149, 1.809889355220186014 ) ;
#490 = VERTEX_POINT ( 'NONE', #4651 ) ;
#491 = DIRECTION ( 'NONE',  ( -0.2225209339563050392, 0.9749279121818257288, 1.790913520579326978E-16 ) ) ;
#492 = CIRCLE ( 'NONE', #984, 4.076884469938528710 ) ;
#493 = CARTESIAN_POINT ( 'NONE',  ( 7.210116496550734055, 3.377066874468854341, 0.3943737810124160470 ) ) ;
#494 = CIRCLE ( 'NONE', #2327, 1.809889355220186014 ) ;
#495 = AXIS2_PLACEMENT_3D ( 'NONE', #2600, #621, #4535 ) ;
#496 = EDGE_CURVE ( 'NONE', #1834, #4165, #3811, .T. ) ;
#497 = DIRECTION ( 'NONE',  ( -7.970314984685941186E-17, -3.492023159033202954E-16, 1.000000000000000000 ) ) ;
#498 = DIRECTION ( 'NONE',  ( 1.790913520579326732E-16, -2.245734522990332355E-16, 1.000000000000000000 ) ) ;
#499 = EDGE_CURVE ( 'NONE', #3790, #3560, #1561, .T. ) ;
#500 = ORIENTED_EDGE ( 'NONE', *, *, #2533, .T. ) ;
#501 = VERTEX_POINT ( 'NONE', #3185 ) ;
#502 = DIRECTION ( 'NONE',  ( 0.000000000000000000, 0.000000000000000000, 1.000000000000000000 ) ) ;
#503 = APPROVAL_STATUS ( 'not_yet_approved' ) ;
#504 = VERTEX_POINT ( 'NONE', #1106 ) ;
#505 = CARTESIAN_POINT ( 'NONE',  ( 6.540999922095528163, -3.669512231774988642, 0.5833333333333314830 ) ) ;
#506 = DIRECTION ( 'NONE',  ( 0.000000000000000000, 0.7071067811865370256, -0.7071067811865578978 ) ) ;
#507 = ORIENTED_EDGE ( 'NONE', *, *, #1061, .F. ) ;
#508 = EDGE_LOOP ( 'NONE', ( #3723, #4748, #4933, #3548 ) ) ;
#509 = EDGE_LOOP ( 'NONE', ( #2339, #1062, #2183, #4592 ) ) ;
#510 = DIRECTION ( 'NONE',  ( 0.000000000000000000, -4.090185461015314015E-16, 1.000000000000000000 ) ) ;
#511 = LINE ( 'NONE', #2473, #3486 ) ;
#512 = DIRECTION ( 'NONE',  ( -0.2225209339563182231, 0.9749279121818227312, 3.015560319726674269E-16 ) ) ;
#513 = B_SPLINE_CURVE_WITH_KNOTS ( 'NONE', 3,
 ( #1901, #205, #2292, #2596, #3326, #4101 ),
 .UNSPECIFIED., .F., .F.,
 ( 4, 2, 4 ),
 ( 0.01132667245567773630, 0.01156297535658406921, 0.01179927825749040211 ),
 .UNSPECIFIED. ) ;
#514 = ORIENTED_EDGE ( 'NONE', *, *, #2544, .T. ) ;
#515 = ORIENTED_EDGE ( 'NONE', *, *, #1698, .T. ) ;
#516 = EDGE_CURVE ( 'NONE', #3521, #128, #353, .T. ) ;
#517 = DIRECTION ( 'NONE',  ( 0.000000000000000000, -1.000000000000000000, -1.802052925957644186E-16 ) ) ;
#518 = CARTESIAN_POINT ( 'NONE',  ( 0.000000000000000000, 0.000000000000000000, -0.5833333333333333703 ) ) ;
#519 = CARTESIAN_POINT ( 'NONE',  ( 2.181545321756846789, 7.583192420426377645, 0.5833333333333333703 ) ) ;
#520 = EDGE_CURVE ( 'NONE', #3771, #1495, #2658, .T. ) ;
#521 = CARTESIAN_POINT ( 'NONE',  ( 4.898587196589412829E-16, 4.000000000000000000, 3.041268939877068700 ) ) ;
#522 = ORIENTED_EDGE ( 'NONE', *, *, #1504, .F. ) ;
#523 = EDGE_LOOP ( 'NONE', ( #4090, #4269, #3281, #347 ) ) ;
#524 = DIRECTION ( 'NONE',  ( -0.000000000000000000, -1.836970198721029441E-16, 1.000000000000000000 ) ) ;
#525 = FACE_OUTER_BOUND ( 'NONE', #4793, .T. ) ;
#526 = ADVANCED_FACE ( 'NONE', ( #2811 ), #4672, .T. ) ;
#527 = CARTESIAN_POINT ( 'NONE',  ( 4.572796692799379059, 5.944706082416777448, -0.5833333333333333703 ) ) ;
#528 = AXIS2_PLACEMENT_3D ( 'NONE', #1383, #4508, #1433 ) ;
#529 = ORIENTED_EDGE ( 'NONE', *, *, #4627, .T. ) ;
#530 = ORIENTED_EDGE ( 'NONE', *, *, #3081, .F. ) ;
#531 = CARTESIAN_POINT ( 'NONE',  ( 0.000000000000000000, 1.285879139104721817E-15, -3.500000000000005329 ) ) ;
#532 = CARTESIAN_POINT ( 'NONE',  ( -7.311959341363663434, -1.668907004672385286, 1.417427986384462990 ) ) ;
#533 = DIRECTION ( 'NONE',  ( 0.7818314824680221431, 0.6234898018587431423, -6.916380135000387687E-17 ) ) ;
#534 = CARTESIAN_POINT ( 'NONE',  ( -6.224581418110859410, 4.963938037875287534, -1.844711225215977635 ) ) ;
#535 = ORIENTED_EDGE ( 'NONE', *, *, #3387, .F. ) ;
#536 = VERTEX_POINT ( 'NONE', #4754 ) ;
#537 = DIRECTION ( 'NONE',  ( -0.9749279121818257288, -0.2225209339563050392, 0.000000000000000000 ) ) ;
#538 = CARTESIAN_POINT ( 'NONE',  ( -4.649350407733599839E-17, 2.037013509436028154E-16, -0.5833333333333333703 ) ) ;
#539 = DIRECTION ( 'NONE',  ( -0.7818314824680310249, 0.6234898018587320401, -6.916380135000592297E-17 ) ) ;
#540 = AXIS2_PLACEMENT_3D ( 'NONE', #3280, #893, #4845 ) ;
#541 = ORIENTED_EDGE ( 'NONE', *, *, #4884, .T. ) ;
#542 = EDGE_CURVE ( 'NONE', #1036, #2728, #4335, .T. ) ;
#543 = ORIENTED_EDGE ( 'NONE', *, *, #2892, .T. ) ;
#544 = CARTESIAN_POINT ( 'NONE',  ( -7.340168270339245460, 3.083508462394920269, -0.5833333333333340365 ) ) ;
#545 = ORIENTED_EDGE ( 'NONE', *, *, #1191, .F. ) ;
#546 = CARTESIAN_POINT ( 'NONE',  ( 0.000000000000000000, 0.000000000000000000, 3.500000000000001332 ) ) ;
#547 = CIRCLE ( 'NONE', #3463, 0.03149999999999984757 ) ;
#548 = ORIENTED_EDGE ( 'NONE', *, *, #4121, .T. ) ;
#549 = ADVANCED_FACE ( 'NONE', ( #3981 ), #5079, .F. ) ;
#550 = ORIENTED_EDGE ( 'NONE', *, *, #1724, .T. ) ;
#551 = CARTESIAN_POINT ( 'NONE',  ( -3.254128043381644630, -6.757266509268164079, -2.619017369274901722E-15 ) ) ;
#552 = CARTESIAN_POINT ( 'NONE',  ( -1.886333791184742426, 7.258907964681798219, 0.1975851869304260100 ) ) ;
#553 = FACE_OUTER_BOUND ( 'NONE', #2599, .T. ) ;
#554 = B_SPLINE_CURVE_WITH_KNOTS ( 'NONE', 3,
 ( #2197, #3386, #5027, #225, #3799, #3829 ),
 .UNSPECIFIED., .F., .F.,
 ( 4, 2, 4 ),
 ( 0.01132667245567774844, 0.01156297535658408135, 0.01179927825749041252 ),
 .UNSPECIFIED. ) ;
#555 = AXIS2_PLACEMENT_3D ( 'NONE', #1204, #4432, #1595 ) ;
#556 = DIRECTION ( 'NONE',  ( -0.000000000000000000, -1.836970198721029441E-16, 1.000000000000000000 ) ) ;
#557 = CARTESIAN_POINT ( 'NONE',  ( 1.046959968951064042E-15, 8.549076923076908585, 3.468499999999989036 ) ) ;
#558 = CLOSED_SHELL ( 'NONE', ( #4279, #863, #1258, #2973, #4615, #35, #1693, #1852, #2665, #1014, #1044, #2347, #4069, #2154, #3083, #934, #560, #193, #3809, #1631, #2852, #1767, #2445, #4807, #969, #4705, #2250, #2143, #2564, #9, #3590, #4857, #3247, #4094, #27, #1956, #2862, #2219, #1711, #4779, #1055, #1267, #41, #833, #3855, #4787, #4169, #4518, #1285, #4648, #641, #1318, #2486, #5008, #105, #4849, #1371, #3994, #3654, #3476, #3341, #3605, #265, #3872, #350, #2165, #549, #294, #4730, #1678, #1748, #3928, #896, #4878, #361, #4369, #4840, #2352, #3772, #1637, #2638, #3336, #293, #2915, #4117, #2867, #3831, #4986, #1836, #2813, #4240, #4049, #3107, #3516, #457, #2426, #611, #3499 ) ) ;
#559 = CIRCLE ( 'NONE', #3978, 1.844711225215976746 ) ;
#560 = ADVANCED_FACE ( 'NONE', ( #4313 ), #2009, .T. ) ;
#561 = EDGE_LOOP ( 'NONE', ( #2201, #1681 ) ) ;
#562 = CARTESIAN_POINT ( 'NONE',  ( 7.372511597806880701, 3.005356458519397478, 0.1989909119326596920 ) ) ;
#563 = CIRCLE ( 'NONE', #1737, 7.499999999999998224 ) ;
#564 = DIRECTION ( 'NONE',  ( -0.000000000000000000, -0.000000000000000000, -1.000000000000000000 ) ) ;
#565 = AXIS2_PLACEMENT_3D ( 'NONE', #1873, #251, #4957 ) ;
#566 = TOROIDAL_SURFACE ( 'NONE', #1241, 4.262500000000000178, 0.2624999999999999556 ) ;
#567 = AXIS2_PLACEMENT_3D ( 'NONE', #5076, #2343, #764 ) ;
#568 = CARTESIAN_POINT ( 'NONE',  ( 8.377839946674661360E-17, 4.034555078750345918E-17, -0.5833333333333333703 ) ) ;
#569 = AXIS2_PLACEMENT_3D ( 'NONE', #190, #1365, #4154 ) ;
#570 = CARTESIAN_POINT ( 'NONE',  ( -2.122000487175905281, 7.193546686609130880, 0.5833333333333335924 ) ) ;
#571 = AXIS2_PLACEMENT_3D ( 'NONE', #1856, #1388, #2941 ) ;
#572 = ORIENTED_EDGE ( 'NONE', *, *, #408, .T. ) ;
#573 = ORIENTED_EDGE ( 'NONE', *, *, #3563, .T. ) ;
#574 = EDGE_CURVE ( 'NONE', #5099, #4613, #856, .T. ) ;
#575 = CARTESIAN_POINT ( 'NONE',  ( 5.255888951462306835, -5.886314726086664173, 0.5833333333333311499 ) ) ;
#576 = DIRECTION ( 'NONE',  ( -0.2225209339563050392, -0.9749279121818257288, -1.790913520579326732E-16 ) ) ;
#577 = DIRECTION ( 'NONE',  ( -0.000000000000000000, -1.836970198721029441E-16, 1.000000000000000000 ) ) ;
#578 = ORIENTED_EDGE ( 'NONE', *, *, #2210, .F. ) ;
#579 = ORIENTED_EDGE ( 'NONE', *, *, #710, .T. ) ;
#580 = CARTESIAN_POINT ( 'NONE',  ( -6.504769125975018440, -3.733360235358337942, -0.1936861211538694616 ) ) ;
#581 = DIRECTION ( 'NONE',  ( -0.000000000000000000, -1.836970198721029441E-16, 1.000000000000000000 ) ) ;
#582 = DIRECTION ( 'NONE',  ( -0.9009688679024157043, -0.4338837391175651703, -8.673617379884037937E-17 ) ) ;
#583 = FACE_OUTER_BOUND ( 'NONE', #157, .T. ) ;
#584 = EDGE_CURVE ( 'NONE', #238, #4850, #640, .T. ) ;
#585 = VERTEX_POINT ( 'NONE', #4284 ) ;
#586 = ORIENTED_EDGE ( 'NONE', *, *, #2168, .T. ) ;
#587 = PLANE ( 'NONE',  #4543 ) ;
#588 = CARTESIAN_POINT ( 'NONE',  ( -3.053874009942772805, -6.341434724082425589, -2.120592687679981658 ) ) ;
#589 = EDGE_CURVE ( 'NONE', #3289, #694, #3569, .T. ) ;
#590 = DIRECTION ( 'NONE',  ( -1.436201133715656092E-16, -6.916380135000592297E-17, 1.000000000000000000 ) ) ;
#591 = DIRECTION ( 'NONE',  ( 0.000000000000000000, 0.000000000000000000, 1.000000000000000000 ) ) ;
#592 = B_SPLINE_CURVE_WITH_KNOTS ( 'NONE', 3,
 ( #1783, #924, #4942, #3334, #1389, #3745 ),
 .UNSPECIFIED., .F., .F.,
 ( 4, 2, 4 ),
 ( 2.073038737338379826E-07, 0.0005897655573085429717, 0.001179323810743352144 ),
 .UNSPECIFIED. ) ;
#593 = ORIENTED_EDGE ( 'NONE', *, *, #428, .T. ) ;
#594 = DIRECTION ( 'NONE',  ( 0.000000000000000000, -1.000000000000000000, -2.396173377910393573E-16 ) ) ;
#595 = DIRECTION ( 'NONE',  ( -0.9009688679024218105, 0.4338837391175526248, 1.979068330808070246E-16 ) ) ;
#596 = CC_DESIGN_DATE_AND_TIME_ASSIGNMENT ( #2856, #447, ( #4729 ) ) ;
#597 = ORIENTED_EDGE ( 'NONE', *, *, #2317, .F. ) ;
#598 = ORIENTED_EDGE ( 'NONE', *, *, #1191, .T. ) ;
#599 = CARTESIAN_POINT ( 'NONE',  ( 6.974390116331037781, 2.758239027788674580, -0.1978186137273930389 ) ) ;
#600 = DIRECTION ( 'NONE',  ( -0.9749279121818226201, -0.2225209339563183897, 0.000000000000000000 ) ) ;
#601 = DIRECTION ( 'NONE',  ( 0.000000000000000000, -1.000000000000000000, -2.396173377910393573E-16 ) ) ;
#602 = CARTESIAN_POINT ( 'NONE',  ( -6.224581418110859410, 4.963938037875287534, 2.120592687679976329 ) ) ;
#603 = DIRECTION ( 'NONE',  ( -0.2225209339563050392, -0.9749279121818257288, -1.790913520579326732E-16 ) ) ;
#604 = EDGE_CURVE ( 'NONE', #4334, #2935, #1321, .T. ) ;
#605 = ORIENTED_EDGE ( 'NONE', *, *, #1481, .F. ) ;
#606 = AXIS2_PLACEMENT_3D ( 'NONE', #2959, #577, #1013 ) ;
#607 = ORIENTED_EDGE ( 'NONE', *, *, #816, .T. ) ;
#608 = EDGE_CURVE ( 'NONE', #4917, #536, #2571, .T. ) ;
#609 = CARTESIAN_POINT ( 'NONE',  ( 6.677508090180024780, -3.750753220423594936, -0.5833333333333354798 ) ) ;
#610 = CARTESIAN_POINT ( 'NONE',  ( -3.454382076820513348, -7.173098294453893686, 1.844711225215973860 ) ) ;
#611 = ADVANCED_FACE ( 'NONE', ( #1606 ), #351, .T. ) ;
#612 = CARTESIAN_POINT ( 'NONE',  ( 7.164220644310504760, -3.472756431739961513, -0.5833333333333354798 ) ) ;
#613 = CYLINDRICAL_SURFACE ( 'NONE', #5125, 7.961538461538454570 ) ;
#614 = ORIENTED_EDGE ( 'NONE', *, *, #1, .T. ) ;
#615 = EDGE_CURVE ( 'NONE', #1993, #3148, #3325, .T. ) ;
#616 = DIRECTION ( 'NONE',  ( 1.000000000000000000, 0.000000000000000000, -0.000000000000000000 ) ) ;
#617 = DIRECTION ( 'NONE',  ( 0.9749279121818257288, -0.2225209339563050392, -2.245734522990332355E-16 ) ) ;
#618 = B_SPLINE_CURVE_WITH_KNOTS ( 'NONE', 3,
 ( #2098, #3658, #804, #15, #4038, #3992 ),
 .UNSPECIFIED., .F., .F.,
 ( 4, 2, 4 ),
 ( 2.056720468181618542E-07, 0.0005877628135819237560, 0.001175319955117029493 ),
 .UNSPECIFIED. ) ;
#619 = ORIENTED_EDGE ( 'NONE', *, *, #1500, .T. ) ;
#620 = ORIENTED_EDGE ( 'NONE', *, *, #4673, .T. ) ;
#621 = DIRECTION ( 'NONE',  ( 0.6234898018587431423, -0.7818314824680221431, -2.115543345682863992E-17 ) ) ;
#622 = CARTESIAN_POINT ( 'NONE',  ( -6.947186933488686655, 2.826056211607268054, 0.5833333333333327042 ) ) ;
#623 = CARTESIAN_POINT ( 'NONE',  ( -4.649350407733599839E-17, 2.037013509436028154E-16, -0.5833333333333333703 ) ) ;
#624 = CARTESIAN_POINT ( 'NONE',  ( -6.224581418110859410, 4.963938037875287534, -2.120592687679977217 ) ) ;
#625 = DIRECTION ( 'NONE',  ( -0.000000000000000000, -1.836970198721029441E-16, 1.000000000000000000 ) ) ;
#626 = AXIS2_PLACEMENT_3D ( 'NONE', #4396, #3187, #746 ) ;
#627 = EDGE_LOOP ( 'NONE', ( #1378, #4969, #780, #3429 ) ) ;
#628 = ORIENTED_EDGE ( 'NONE', *, *, #4995, .F. ) ;
#629 = AXIS2_PLACEMENT_3D ( 'NONE', #730, #4587, #2334 ) ;
#630 = CARTESIAN_POINT ( 'NONE',  ( -5.502890818909601300, 4.388408990005689958, 1.844711225215975414 ) ) ;
#631 = CARTESIAN_POINT ( 'NONE',  ( 6.540999922105401154, -3.669512231780528211, -0.5833333333333353687 ) ) ;
#632 = TOROIDAL_SURFACE ( 'NONE', #4208, 4.262500000000000178, 0.2624999999999999556 ) ;
#633 = EDGE_CURVE ( 'NONE', #4495, #4083, #3731, .T. ) ;
#634 = FACE_OUTER_BOUND ( 'NONE', #1322, .T. ) ;
#635 = AXIS2_PLACEMENT_3D ( 'NONE', #4166, #2199, #1799 ) ;
#636 = CIRCLE ( 'NONE', #1814, 1.901572311514110769 ) ;
#637 = CARTESIAN_POINT ( 'NONE',  ( 5.863736118510232131, 4.676173513940490523, -1.901572311514122759 ) ) ;
#638 = AXIS2_PLACEMENT_3D ( 'NONE', #3649, #4834, #2993 ) ;
#639 = CARTESIAN_POINT ( 'NONE',  ( 6.606059593864072710, -3.714969558341021827, 0.5833333333333314830 ) ) ;
#640 = CIRCLE ( 'NONE', #4805, 0.03149999999999984757 ) ;
#641 = ADVANCED_FACE ( 'NONE', ( #4493, #2429 ), #1291, .T. ) ;
#642 = CIRCLE ( 'NONE', #4559, 7.961538461538453681 ) ;
#643 = ORIENTED_EDGE ( 'NONE', *, *, #3802, .T. ) ;
#644 = CIRCLE ( 'NONE', #3660, 2.120592687679978106 ) ;
#645 = CARTESIAN_POINT ( 'NONE',  ( 7.480438773786401541, 0.5413277942482614957, -0.1936861211538912775 ) ) ;
#646 = CIRCLE ( 'NONE', #3576, 2.120592687679978106 ) ;
#647 = DIRECTION ( 'NONE',  ( 0.000000000000000000, -2.045092730507657007E-16, 1.000000000000000000 ) ) ;
#648 = EDGE_CURVE ( 'NONE', #2728, #4613, #563, .T. ) ;
#649 = VERTEX_POINT ( 'NONE', #140 ) ;
#650 = CIRCLE ( 'NONE', #413, 1.844711225215976746 ) ;
#651 = ORIENTED_EDGE ( 'NONE', *, *, #3932, .F. ) ;
#652 = CARTESIAN_POINT ( 'NONE',  ( 5.502890818909538240, 4.388408990005767230, -2.120592687679979882 ) ) ;
#653 = CARTESIAN_POINT ( 'NONE',  ( -6.861992612664365332, -1.566205035154085268, -1.580651606566288913E-15 ) ) ;
#654 = FACE_OUTER_BOUND ( 'NONE', #4358, .T. ) ;
#655 = CYLINDRICAL_SURFACE ( 'NONE', #1740, 7.499999999999998224 ) ;
#656 = CARTESIAN_POINT ( 'NONE',  ( -7.948259371089382519, 0.4631033496494240120, 0.3928809633436711746 ) ) ;
#657 = VERTEX_POINT ( 'NONE', #4855 ) ;
#658 = ORIENTED_EDGE ( 'NONE', *, *, #4926, .T. ) ;
#659 = DIRECTION ( 'NONE',  ( 1.436201133715656092E-16, 6.916380135000592297E-17, -1.000000000000000000 ) ) ;
#660 = FACE_OUTER_BOUND ( 'NONE', #3505, .T. ) ;
#661 = CARTESIAN_POINT ( 'NONE',  ( -7.311959341363669651, -1.668907004672386840, 0.5833333333333315940 ) ) ;
#662 = EDGE_CURVE ( 'NONE', #3148, #2863, #1646, .T. ) ;
#663 = FACE_OUTER_BOUND ( 'NONE', #2342, .T. ) ;
#664 = DIRECTION ( 'NONE',  ( 1.000000000000000000, 0.000000000000000000, -0.000000000000000000 ) ) ;
#665 = EDGE_LOOP ( 'NONE', ( #3522, #2857, #477, #2478 ) ) ;
#666 = EDGE_CURVE ( 'NONE', #2409, #3057, #64, .T. ) ;
#667 = DIRECTION ( 'NONE',  ( 0.000000000000000000, 0.000000000000000000, 1.000000000000000000 ) ) ;
#668 = CARTESIAN_POINT ( 'NONE',  ( -6.657261950040600951, -3.454108183023206546, -0.1996209557216399588 ) ) ;
#669 = ORIENTED_EDGE ( 'NONE', *, *, #3989, .F. ) ;
#670 = VERTEX_POINT ( 'NONE', #2476 ) ;
#671 = FACE_BOUND ( 'NONE', #4572, .T. ) ;
#672 = EDGE_CURVE ( 'NONE', #2040, #2781, #5038, .T. ) ;
#673 = CARTESIAN_POINT ( 'NONE',  ( -7.563718916269989379, 0.4808100798517879748, -0.5833333333333345916 ) ) ;
#674 = DIRECTION ( 'NONE',  ( 0.000000000000000000, -1.000000000000000000, -1.993935029858404320E-16 ) ) ;
#675 = DIRECTION ( 'NONE',  ( -0.9749279121818227312, -0.2225209339563182231, -2.245734522990356514E-16 ) ) ;
#676 = DIRECTION ( 'NONE',  ( -0.7818314824680309139, 0.6234898018587321511, 0.000000000000000000 ) ) ;
#677 = CARTESIAN_POINT ( 'NONE',  ( 0.000000000000000000, 0.000000000000000000, 3.500000000000001332 ) ) ;
#678 = ORIENTED_EDGE ( 'NONE', *, *, #2960, .F. ) ;
#679 = EDGE_LOOP ( 'NONE', ( #1158, #82, #2643, #1920 ) ) ;
#680 = CARTESIAN_POINT ( 'NONE',  ( -7.289375998831295611, 3.022950431651957537, 0.5833333333333327042 ) ) ;
#681 = DIRECTION ( 'NONE',  ( 8.659560562354804668E-17, 0.7071067811865369146, 0.7071067811865582309 ) ) ;
#682 = CARTESIAN_POINT ( 'NONE',  ( -7.951147278005348262, 0.4066345263553243772, 0.5833333333333320381 ) ) ;
#683 = DIRECTION ( 'NONE',  ( 0.000000000000000000, -1.000000000000000000, -1.978193437517411370E-16 ) ) ;
#684 = AXIS2_PLACEMENT_3D ( 'NONE', #2067, #3245, #3272 ) ;
#685 = CYLINDRICAL_SURFACE ( 'NONE', #2421, 9.282051282051277497 ) ;
#686 = DIRECTION ( 'NONE',  ( -0.6234898018587319291, -0.7818314824680310249, -1.497979813192533910E-16 ) ) ;
#687 = CARTESIAN_POINT ( 'NONE',  ( 0.000000000000000000, -9.282051282051277497, 3.275999999999995804 ) ) ;
#688 = ORIENTED_EDGE ( 'NONE', *, *, #2032, .F. ) ;
#689 = CIRCLE ( 'NONE', #2490, 10.65000000000000568 ) ;
#690 = CARTESIAN_POINT ( 'NONE',  ( 8.054407794392208570E-16, 6.576923076923077538, 3.500000000000003109 ) ) ;
#691 = EDGE_CURVE ( 'NONE', #670, #2090, #1477, .T. ) ;
#692 = CARTESIAN_POINT ( 'NONE',  ( -5.317727438794645600, -5.925459191426197592, 0.3928809633436697868 ) ) ;
#693 = EDGE_CURVE ( 'NONE', #3380, #1766, #1902, .T. ) ;
#694 = VERTEX_POINT ( 'NONE', #485 ) ;
#695 = ORIENTED_EDGE ( 'NONE', *, *, #4184, .F. ) ;
#696 = FACE_OUTER_BOUND ( 'NONE', #738, .T. ) ;
#697 = CARTESIAN_POINT ( 'NONE',  ( 6.699258762453335514, -3.371932981791331052, 0.5833333333333314830 ) ) ;
#698 =( NAMED_UNIT ( * ) PLANE_ANGLE_UNIT ( ) SI_UNIT ( $, .RADIAN. ) );
#699 = FACE_OUTER_BOUND ( 'NONE', #4746, .T. ) ;
#700 = DIRECTION ( 'NONE',  ( -0.6234898018587431423, 0.7818314824680221431, 1.497979813192534156E-16 ) ) ;
#701 = ORIENTED_EDGE ( 'NONE', *, *, #170, .T. ) ;
#702 = EDGE_CURVE ( 'NONE', #1888, #997, #2324, .T. ) ;
#703 = ORIENTED_EDGE ( 'NONE', *, *, #1030, .F. ) ;
#704 = ORIENTED_EDGE ( 'NONE', *, *, #3645, .T. ) ;
#705 = CARTESIAN_POINT ( 'NONE',  ( 0.000000000000000000, 1.201611610437368271E-15, -3.041268939877070032 ) ) ;
#706 = AXIS2_PLACEMENT_3D ( 'NONE', #1457, #3060, #2278 ) ;
#707 = DIRECTION ( 'NONE',  ( 0.000000000000000000, -1.000000000000000000, -1.978193437517412109E-16 ) ) ;
#708 = FACE_BOUND ( 'NONE', #4960, .T. ) ;
#709 = DIRECTION ( 'NONE',  ( 0.6234898018587433643, -0.7818314824680220321, -1.198086688955196787E-16 ) ) ;
#710 = EDGE_CURVE ( 'NONE', #1411, #5119, #983, .T. ) ;
#711 = CIRCLE ( 'NONE', #3004, 5.598427688485879905 ) ;
#712 = CARTESIAN_POINT ( 'NONE',  ( 1.372857368525346677, -7.842280109779409258, 0.5833333333333305948 ) ) ;
#713 = CARTESIAN_POINT ( 'NONE',  ( 5.275378915476029995, -5.962924783418539931, 0.5833333333333311499 ) ) ;
#714 = DIRECTION ( 'NONE',  ( 1.000000000000000000, 0.000000000000000000, -1.198086688955196293E-16 ) ) ;
#715 = CIRCLE ( 'NONE', #53, 1.844711225215976746 ) ;
#716 = CLOSED_SHELL ( 'NONE', ( #4159, #3550 ) ) ;
#717 = AXIS2_PLACEMENT_3D ( 'NONE', #3918, #3141, #1153 ) ;
#718 = ORIENTED_EDGE ( 'NONE', *, *, #1196, .T. ) ;
#719 = CIRCLE ( 'NONE', #1729, 7.499999999999997335 ) ;
#720 = DIRECTION ( 'NONE',  ( 0.4338837391175526803, -0.9009688679024216995, -3.492023159033204433E-16 ) ) ;
#721 = AXIS2_PLACEMENT_3D ( 'NONE', #4093, #3726, #1668 ) ;
#722 = CARTESIAN_POINT ( 'NONE',  ( 1.044699553671274050E-16, -1.310011805077694202E-16, 0.5833333333333333703 ) ) ;
#723 = AXIS2_PLACEMENT_3D ( 'NONE', #3573, #1610, #3160 ) ;
#724 = EDGE_CURVE ( 'NONE', #2387, #5065, #1978, .T. ) ;
#725 = ORIENTED_EDGE ( 'NONE', *, *, #3011, .T. ) ;
#726 = VECTOR ( 'NONE', #2994, 1000.000000000000000 ) ;
#727 = VERTEX_POINT ( 'NONE', #534 ) ;
#728 = CARTESIAN_POINT ( 'NONE',  ( 0.000000000000000000, 3.375432740149915033E-16, 1.662499999999988320 ) ) ;
#729 = AXIS2_PLACEMENT_3D ( 'NONE', #3533, #5102, #2390 ) ;
#730 = CARTESIAN_POINT ( 'NONE',  ( -4.649350407733466103E-17, -2.037013509436035303E-16, 0.5833333333333333703 ) ) ;
#731 = CARTESIAN_POINT ( 'NONE',  ( 0.000000000000000000, 0.000000000000000000, 3.500000000000001332 ) ) ;
#732 = DIRECTION ( 'NONE',  ( 0.000000000000000000, 0.000000000000000000, 1.000000000000000000 ) ) ;
#733 = CARTESIAN_POINT ( 'NONE',  ( -5.224263251145341513, -5.810703846101514358, -0.5833333333333358128 ) ) ;
#734 = AXIS2_PLACEMENT_3D ( 'NONE', #1105, #7, #1947 ) ;
#735 = CYLINDRICAL_SURFACE ( 'NONE', #958, 7.961538461538453681 ) ;
#736 = ORIENTED_EDGE ( 'NONE', *, *, #1982, .F. ) ;
#737 = CIRCLE ( 'NONE', #4076, 7.961538461538454570 ) ;
#738 = EDGE_LOOP ( 'NONE', ( #4019, #2961, #1415, #2155 ) ) ;
#739 = VERTEX_POINT ( 'NONE', #2136 ) ;
#740 = DIRECTION ( 'NONE',  ( 0.000000000000000000, 1.000000000000000000, 2.168404344971008868E-16 ) ) ;
#741 = B_SPLINE_CURVE_WITH_KNOTS ( 'NONE', 3,
 ( #2932, #519, #3756, #4500, #4888, #4137 ),
 .UNSPECIFIED., .F., .F.,
 ( 4, 2, 4 ),
 ( 0.01132667245567772762, 0.01156297535658958389, 0.01179927825750144016 ),
 .UNSPECIFIED. ) ;
#742 = CARTESIAN_POINT ( 'NONE',  ( 0.000000000000000000, -8.549076923076908585, 3.468499999999985484 ) ) ;
#743 = CARTESIAN_POINT ( 'NONE',  ( -4.649350407733599839E-17, 2.037013509436028154E-16, -0.5833333333333333703 ) ) ;
#744 = EDGE_CURVE ( 'NONE', #307, #3094, #4808, .T. ) ;
#745 = CARTESIAN_POINT ( 'NONE',  ( 4.301095606898975632, 6.144149784983621743, -0.5833333333333333703 ) ) ;
#746 = DIRECTION ( 'NONE',  ( 0.000000000000000000, -2.350941779212229568E-16, 1.000000000000000000 ) ) ;
#747 = EDGE_CURVE ( 'NONE', #909, #727, #308, .T. ) ;
#748 = DIRECTION ( 'NONE',  ( -0.2225209339563181954, 0.9749279121818226201, 1.770339779227540232E-16 ) ) ;
#749 = CARTESIAN_POINT ( 'NONE',  ( -4.301095606900024571, 6.144149784982888107, 0.5833333333333331483 ) ) ;
#750 = ORIENTED_EDGE ( 'NONE', *, *, #3367, .T. ) ;
#751 = CARTESIAN_POINT ( 'NONE',  ( 1.735848646547612757E-16, 7.499999999999992895, -1.417427986384464766 ) ) ;
#752 = CARTESIAN_POINT ( 'NONE',  ( -4.649350407733599839E-17, 2.037013509436028154E-16, -0.5833333333333333703 ) ) ;
#753 = ORIENTED_EDGE ( 'NONE', *, *, #496, .T. ) ;
#754 = ORIENTED_EDGE ( 'NONE', *, *, #1353, .T. ) ;
#755 = DIRECTION ( 'NONE',  ( 0.000000000000000000, 1.000000000000000000, 2.051815829177506593E-16 ) ) ;
#756 = DIRECTION ( 'NONE',  ( -1.386866189580447260E-18, -3.869174503519959971E-16, 1.000000000000000000 ) ) ;
#757 = APPROVAL_DATE_TIME ( #1883, #2683 ) ;
#758 = PLANE ( 'NONE',  #2709 ) ;
#759 = CARTESIAN_POINT ( 'NONE',  ( -4.499132893420961565, 6.000650233001735501, -0.1975851869304262320 ) ) ;
#760 = DIRECTION ( 'NONE',  ( 0.2225209339563050392, -0.9749279121818257288, -1.790913520579326732E-16 ) ) ;
#761 = ORIENTED_EDGE ( 'NONE', *, *, #4446, .F. ) ;
#762 = VERTEX_POINT ( 'NONE', #3621 ) ;
#763 = VERTEX_POINT ( 'NONE', #33 ) ;
#764 = DIRECTION ( 'NONE',  ( -0.9009688679024157043, -0.4338837391175651703, -8.673617379884037937E-17 ) ) ;
#765 = CARTESIAN_POINT ( 'NONE',  ( 0.000000000000000000, 5.786456125973873467E-18, 3.468499999999987260 ) ) ;
#766 = FACE_OUTER_BOUND ( 'NONE', #1518, .T. ) ;
#767 = ADVANCED_FACE ( 'NONE', ( #2842 ), #566, .T. ) ;
#768 = DIRECTION ( 'NONE',  ( 1.000000000000000000, 0.000000000000000000, -0.000000000000000000 ) ) ;
#769 = EDGE_CURVE ( 'NONE', #3671, #3702, #1653, .T. ) ;
#770 = DIRECTION ( 'NONE',  ( -0.2225209339563182231, 0.9749279121818227312, 2.223463086844479544E-16 ) ) ;
#771 = FACE_OUTER_BOUND ( 'NONE', #2341, .T. ) ;
#772 = DIRECTION ( 'NONE',  ( -0.000000000000000000, -1.836970198721029441E-16, 1.000000000000000000 ) ) ;
#773 = AXIS2_PLACEMENT_3D ( 'NONE', #752, #3168, #5063 ) ;
#774 = EDGE_CURVE ( 'NONE', #504, #4091, #3686, .T. ) ;
#775 = EDGE_LOOP ( 'NONE', ( #67, #5149 ) ) ;
#776 = FACE_OUTER_BOUND ( 'NONE', #4967, .T. ) ;
#777 = FACE_OUTER_BOUND ( 'NONE', #1085, .T. ) ;
#778 = EDGE_CURVE ( 'NONE', #238, #110, #171, .T. ) ;
#779 = ORIENTED_EDGE ( 'NONE', *, *, #4778, .F. ) ;
#780 = ORIENTED_EDGE ( 'NONE', *, *, #100, .T. ) ;
#781 = CARTESIAN_POINT ( 'NONE',  ( 6.987304052840555890, -3.816238560115708722, 0.5833333333333313719 ) ) ;
#782 = DIRECTION ( 'NONE',  ( -0.9009688679024216995, 0.4338837391175526803, 5.990433444775985165E-17 ) ) ;
#783 = PERSON_AND_ORGANIZATION ( #4594, #4229 ) ;
#784 = ORIENTED_EDGE ( 'NONE', *, *, #3044, .T. ) ;
#785 = FACE_OUTER_BOUND ( 'NONE', #4574, .T. ) ;
#786 = DIRECTION ( 'NONE',  ( 0.000000000000000000, 0.000000000000000000, 1.000000000000000000 ) ) ;
#787 = ORIENTED_EDGE ( 'NONE', *, *, #4466, .F. ) ;
#788 = EDGE_LOOP ( 'NONE', ( #4734, #5075 ) ) ;
#789 = VERTEX_POINT ( 'NONE', #1861 ) ;
#790 = CARTESIAN_POINT ( 'NONE',  ( 9.184850993605147944E-16, 7.500000000000000000, -4.821902154531246352E-15 ) ) ;
#791 = FACE_OUTER_BOUND ( 'NONE', #508, .T. ) ;
#792 = DIRECTION ( 'NONE',  ( -0.9009688679024157043, -0.4338837391175651703, -8.170798981050185971E-17 ) ) ;
#793 = AXIS2_PLACEMENT_3D ( 'NONE', #3972, #317, #401 ) ;
#794 = DIRECTION ( 'NONE',  ( -0.6234898018587320401, 0.7818314824680310249, 1.436201133715656092E-16 ) ) ;
#795 = EDGE_CURVE ( 'NONE', #4562, #3179, #2579, .T. ) ;
#796 = DIRECTION ( 'NONE',  ( -0.2225209339563181954, 0.9749279121818227312, 1.734723475976807587E-16 ) ) ;
#797 = DIRECTION ( 'NONE',  ( 0.000000000000000000, -4.090185461015314015E-16, 1.000000000000000000 ) ) ;
#798 = DIRECTION ( 'NONE',  ( -0.000000000000000000, -1.836970198721029441E-16, 1.000000000000000000 ) ) ;
#799 = AXIS2_PLACEMENT_3D ( 'NONE', #2480, #491, #537 ) ;
#800 = AXIS2_PLACEMENT_3D ( 'NONE', #1674, #4934, #938 ) ;
#801 = CARTESIAN_POINT ( 'NONE',  ( 0.000000000000000000, -6.576923076923075762, -3.500000000000005329 ) ) ;
#802 = CIRCLE ( 'NONE', #2148, 0.8411054325275147958 ) ;
#803 = EDGE_CURVE ( 'NONE', #453, #2285, #3018, .T. ) ;
#804 = CARTESIAN_POINT ( 'NONE',  ( 5.338428130270138183, -5.906545504819350256, -0.1989909119326725429 ) ) ;
#805 = AXIS2_PLACEMENT_3D ( 'NONE', #2712, #4733, #1170 ) ;
#806 = CIRCLE ( 'NONE', #4626, 4.349999999999988987 ) ;
#807 = ORIENTED_EDGE ( 'NONE', *, *, #2368, .F. ) ;
#808 = ORIENTED_EDGE ( 'NONE', *, *, #774, .T. ) ;
#809 = CARTESIAN_POINT ( 'NONE',  ( 6.540999922095528163, -3.669512231774988642, 0.5833333333333314830 ) ) ;
#810 = AXIS2_PLACEMENT_3D ( 'NONE', #1924, #4696, #1132 ) ;
#811 = CARTESIAN_POINT ( 'NONE',  ( 3.254128043381644630, -6.757266509268164967, 1.901572311514109659 ) ) ;
#812 = APPROVAL_DATE_TIME ( #4663, #2713 ) ;
#813 = ORIENTED_EDGE ( 'NONE', *, *, #1796, .T. ) ;
#814 = AXIS2_PLACEMENT_3D ( 'NONE', #4397, #831, #1952 ) ;
#815 = CARTESIAN_POINT ( 'NONE',  ( 6.946204555682987447, -3.890544559977442418, -0.1955120260061244397 ) ) ;
#816 = EDGE_CURVE ( 'NONE', #3771, #453, #4395, .T. ) ;
#817 = CARTESIAN_POINT ( 'NONE',  ( 0.000000000000000000, 1.285879139104721817E-15, -3.500000000000005329 ) ) ;
#818 = ORIENTED_EDGE ( 'NONE', *, *, #4904, .T. ) ;
#819 = AXIS2_PLACEMENT_3D ( 'NONE', #1845, #2289, #4545 ) ;
#820 = ORIENTED_EDGE ( 'NONE', *, *, #3691, .T. ) ;
#821 = AXIS2_PLACEMENT_3D ( 'NONE', #2006, #2705, #289 ) ;
#822 = ORIENTED_EDGE ( 'NONE', *, *, #3836, .F. ) ;
#823 = DIRECTION ( 'NONE',  ( 0.9749279121818257288, -0.2225209339563050392, -2.245734522990332355E-16 ) ) ;
#824 = AXIS2_PLACEMENT_3D ( 'NONE', #4589, #2207, #4193 ) ;
#825 = DIRECTION ( 'NONE',  ( 1.790913520579321308E-16, 2.245734522990356514E-16, -1.000000000000000000 ) ) ;
#826 = DIRECTION ( 'NONE',  ( 0.000000000000000000, 0.000000000000000000, 1.000000000000000000 ) ) ;
#827 = CARTESIAN_POINT ( 'NONE',  ( 2.169065827450522566, 7.179663037924715496, 0.3916306432850354402 ) ) ;
#828 = CIRCLE ( 'NONE', #3167, 9.282051282051277497 ) ;
#829 = AXIS2_PLACEMENT_3D ( 'NONE', #864, #470, #2073 ) ;
#830 = CARTESIAN_POINT ( 'NONE',  ( 1.751708200715751840, -7.766441466598539733, 0.5833333333333305948 ) ) ;
#831 = DIRECTION ( 'NONE',  ( -0.000000000000000000, -1.836970198721029441E-16, 1.000000000000000000 ) ) ;
#832 = DIRECTION ( 'NONE',  ( 7.970314984686167984E-17, -3.492023159033190628E-16, 1.000000000000000000 ) ) ;
#833 = ADVANCED_FACE ( 'NONE', ( #2189 ), #1002, .T. ) ;
#834 = DIRECTION ( 'NONE',  ( 1.224646799147353207E-16, 0.000000000000000000, -1.000000000000000000 ) ) ;
#835 = DIRECTION ( 'NONE',  ( 0.000000000000000000, -1.000000000000000000, -1.836970198721029441E-16 ) ) ;
#836 = EDGE_LOOP ( 'NONE', ( #4825, #4916 ) ) ;
#837 = ADVANCED_FACE ( 'NONE', ( #4195 ), #3357, .T. ) ;
#838 = ORIENTED_EDGE ( 'NONE', *, *, #428, .F. ) ;
#839 = DIRECTION ( 'NONE',  ( 7.970314984685941186E-17, 3.492023159033202954E-16, -1.000000000000000000 ) ) ;
#840 = DIRECTION ( 'NONE',  ( 0.000000000000000000, 1.000000000000000000, 1.971276677246372258E-16 ) ) ;
#841 = ORIENTED_EDGE ( 'NONE', *, *, #1822, .T. ) ;
#842 = CARTESIAN_POINT ( 'NONE',  ( -4.568607311495931356, 6.433643952649484632, -0.5833333333333335924 ) ) ;
#843 = FACE_BOUND ( 'NONE', #3298, .T. ) ;
#844 = EDGE_LOOP ( 'NONE', ( #1656, #4051, #5085, #3877 ) ) ;
#845 = VERTEX_POINT ( 'NONE', #5015 ) ;
#846 = ADVANCED_FACE ( 'NONE', ( #4921 ), #1042, .F. ) ;
#847 = ORIENTED_EDGE ( 'NONE', *, *, #4523, .T. ) ;
#848 = DIRECTION ( 'NONE',  ( 0.000000000000000000, 0.000000000000000000, 1.000000000000000000 ) ) ;
#849 = DIRECTION ( 'NONE',  ( 0.9009688679024218105, -0.4338837391175526248, -7.970314984685942419E-17 ) ) ;
#850 = CARTESIAN_POINT ( 'NONE',  ( -4.870645880979846964, 6.297849107210468311, 0.1996067795145007873 ) ) ;
#851 = EDGE_CURVE ( 'NONE', #2016, #2124, #3792, .T. ) ;
#852 = DIRECTION ( 'NONE',  ( -7.970314984686170449E-17, 3.492023159033191121E-16, -1.000000000000000000 ) ) ;
#853 = CARTESIAN_POINT ( 'NONE',  ( -1.209306557283115202, -7.401863120222638592, -0.5833333333333359239 ) ) ;
#854 = CARTESIAN_POINT ( 'NONE',  ( 0.000000000000000000, 1.215798726023513880E-15, -3.118500000000001382 ) ) ;
#855 = CARTESIAN_POINT ( 'NONE',  ( 0.000000000000000000, 1.285879139104721619E-15, -3.500000000000003997 ) ) ;
#856 = B_SPLINE_CURVE_WITH_KNOTS ( 'NONE', 3,
 ( #745, #1522, #1895, #3484, #2346, #8 ),
 .UNSPECIFIED., .F., .F.,
 ( 4, 2, 4 ),
 ( 2.035280476176286116E-07, 0.0005855209568272785057, 0.001170838385606939392 ),
 .UNSPECIFIED. ) ;
#857 = DIRECTION ( 'NONE',  ( -0.000000000000000000, 1.000000000000000000, -0.000000000000000000 ) ) ;
#858 = CARTESIAN_POINT ( 'NONE',  ( 3.053874009942860290, -6.341434724082384733, -2.120592687679981658 ) ) ;
#859 = AXIS2_PLACEMENT_3D ( 'NONE', #4451, #2014, #1671 ) ;
#860 = B_SPLINE_CURVE_WITH_KNOTS ( 'NONE', 3,
 ( #3222, #1650, #4045, #815, #473, #2417 ),
 .UNSPECIFIED., .F., .F.,
 ( 4, 2, 4 ),
 ( 2.056720468471529332E-07, 0.0005877628135819003372, 0.001175319955116953382 ),
 .UNSPECIFIED. ) ;
#861 = EDGE_LOOP ( 'NONE', ( #4846, #515, #2554, #3667 ) ) ;
#862 = ORIENTED_EDGE ( 'NONE', *, *, #3048, .F. ) ;
#863 = ADVANCED_FACE ( 'NONE', ( #4226, #2233 ), #2261, .F. ) ;
#864 = CARTESIAN_POINT ( 'NONE',  ( 3.254128043381735669, -6.757266509268112564, 1.417427986384462102 ) ) ;
#865 = CARTESIAN_POINT ( 'NONE',  ( -3.254128043381644630, -6.757266509268164079, 0.5833333333333308168 ) ) ;
#866 = VERTEX_POINT ( 'NONE', #557 ) ;
#867 = DIRECTION ( 'NONE',  ( 0.000000000000000000, 1.000000000000000000, 2.127511202203582866E-16 ) ) ;
#868 = FACE_OUTER_BOUND ( 'NONE', #3751, .T. ) ;
#869 = ORIENTED_EDGE ( 'NONE', *, *, #1098, .T. ) ;
#870 = ORIENTED_EDGE ( 'NONE', *, *, #2017, .T. ) ;
#871 = ORIENTED_EDGE ( 'NONE', *, *, #133, .F. ) ;
#872 = FACE_OUTER_BOUND ( 'NONE', #897, .T. ) ;
#873 = DIRECTION ( 'NONE',  ( -0.000000000000000000, -1.836970198721029441E-16, 1.000000000000000000 ) ) ;
#874 = CARTESIAN_POINT ( 'NONE',  ( -7.164220644310455910, -3.472756431740058325, -0.5833333333333351467 ) ) ;
#875 = DIRECTION ( 'NONE',  ( 0.000000000000000000, 0.000000000000000000, 1.000000000000000000 ) ) ;
#876 = EDGE_CURVE ( 'NONE', #2853, #2124, #3622, .T. ) ;
#877 = ORIENTED_EDGE ( 'NONE', *, *, #2898, .F. ) ;
#878 = EDGE_LOOP ( 'NONE', ( #209, #3259, #725, #3810 ) ) ;
#879 = DIRECTION ( 'NONE',  ( 0.2225209339563050392, -0.9749279121818257288, -1.790913520579326732E-16 ) ) ;
#880 = DIRECTION ( 'NONE',  ( 0.6234898018587431423, -0.7818314824680221431, -1.497979813192534156E-16 ) ) ;
#881 = ADVANCED_FACE ( 'NONE', ( #4176 ), #1541, .T. ) ;
#882 = AXIS2_PLACEMENT_3D ( 'NONE', #3789, #1439, #2578 ) ;
#883 = DIRECTION ( 'NONE',  ( 0.000000000000000000, 0.000000000000000000, 1.000000000000000000 ) ) ;
#884 = TOROIDAL_SURFACE ( 'NONE', #3797, 7.499999999999999112, 1.901572311514118097 ) ;
#885 = DIRECTION ( 'NONE',  ( 0.000000000000000000, 1.836970198721029441E-16, -1.000000000000000000 ) ) ;
#886 = EDGE_LOOP ( 'NONE', ( #1208, #420, #643, #372 ) ) ;
#887 = CIRCLE ( 'NONE', #3800, 9.282051282051275720 ) ;
#888 = ORIENTED_EDGE ( 'NONE', *, *, #3953, .T. ) ;
#889 = VECTOR ( 'NONE', #3786, 1000.000000000000000 ) ;
#890 = CARTESIAN_POINT ( 'NONE',  ( -3.254128043381738333, -6.757266509268117893, -7.517604565864306465E-15 ) ) ;
#891 = ORIENTED_EDGE ( 'NONE', *, *, #2701, .F. ) ;
#892 = CARTESIAN_POINT ( 'NONE',  ( 6.516988612033762784, -3.712313009459682345, -0.3916088451971685980 ) ) ;
#893 = DIRECTION ( 'NONE',  ( 1.790913520579326732E-16, -2.245734522990332355E-16, 1.000000000000000000 ) ) ;
#894 = AXIS2_PLACEMENT_3D ( 'NONE', #3132, #3214, #3544 ) ;
#895 = EDGE_LOOP ( 'NONE', ( #1128, #1334 ) ) ;
#896 = ADVANCED_FACE ( 'NONE', ( #1422 ), #1021, .F. ) ;
#897 = EDGE_LOOP ( 'NONE', ( #871, #406 ) ) ;
#898 = CIRCLE ( 'NONE', #1226, 7.961538461538453681 ) ;
#899 = CIRCLE ( 'NONE', #4548, 0.8411054325275156840 ) ;
#900 = ORIENTED_EDGE ( 'NONE', *, *, #1331, .T. ) ;
#901 = DIRECTION ( 'NONE',  ( -1.790913520579321308E-16, -2.245734522990356514E-16, 1.000000000000000000 ) ) ;
#902 = DIRECTION ( 'NONE',  ( 0.2225209339563182231, -0.9749279121818227312, -1.790913520579321308E-16 ) ) ;
#903 = CARTESIAN_POINT ( 'NONE',  ( 5.502890818909538240, 4.388408990005767230, -4.868067556557962506E-16 ) ) ;
#904 = DIRECTION ( 'NONE',  ( -1.000000000000000000, 0.000000000000000000, -0.000000000000000000 ) ) ;
#905 = CIRCLE ( 'NONE', #2986, 6.576923076923077538 ) ;
#906 = ORIENTED_EDGE ( 'NONE', *, *, #3620, .T. ) ;
#907 = AXIS2_PLACEMENT_3D ( 'NONE', #4320, #4732, #381 ) ;
#908 = AXIS2_PLACEMENT_3D ( 'NONE', #2529, #3675, #4875 ) ;
#909 = VERTEX_POINT ( 'NONE', #2209 ) ;
#910 = ADVANCED_FACE ( 'NONE', ( #1811 ), #3555, .T. ) ;
#911 = CARTESIAN_POINT ( 'NONE',  ( 4.389258082516938941, 6.277093657119807268, 0.5833333333333332593 ) ) ;
#912 = FACE_OUTER_BOUND ( 'NONE', #1935, .T. ) ;
#913 = ADVANCED_FACE ( 'NONE', ( #5127 ), #4285, .F. ) ;
#914 = DIRECTION ( 'NONE',  ( -0.2225209339563050670, -0.9749279121818258398, -1.734723475976807834E-16 ) ) ;
#915 = CARTESIAN_POINT ( 'NONE',  ( 7.761926070062993510, -1.771608974190581609, -1.787950177919225298E-15 ) ) ;
#916 = ORIENTED_EDGE ( 'NONE', *, *, #384, .T. ) ;
#917 = ORIENTED_EDGE ( 'NONE', *, *, #936, .T. ) ;
#918 = DIRECTION ( 'NONE',  ( -0.4338837391175651703, -0.9009688679024157043, -3.492023159033188163E-16 ) ) ;
#919 = DIRECTION ( 'NONE',  ( 0.000000000000000000, 0.000000000000000000, 1.000000000000000000 ) ) ;
#920 = CARTESIAN_POINT ( 'NONE',  ( 0.000000000000000000, 6.429395695523652964E-17, 3.149999999999998135 ) ) ;
#921 = VERTEX_POINT ( 'NONE', #2677 ) ;
#922 = ORIENTED_EDGE ( 'NONE', *, *, #3147, .F. ) ;
#923 = DIRECTION ( 'NONE',  ( -0.000000000000000000, -1.836970198721029441E-16, 1.000000000000000000 ) ) ;
#924 = CARTESIAN_POINT ( 'NONE',  ( -7.497772747007673821, 0.1928552908176677239, 0.3937361966030381577 ) ) ;
#925 = DIRECTION ( 'NONE',  ( 1.000000000000000000, 0.000000000000000000, 0.000000000000000000 ) ) ;
#926 = B_SPLINE_CURVE_WITH_KNOTS ( 'NONE', 3,
 ( #1071, #4740, #3524, #1511, #3885, #1177 ),
 .UNSPECIFIED., .F., .F.,
 ( 4, 2, 4 ),
 ( 2.086319673472361252E-07, 0.0005915434850940113308, 0.001182878338220675479 ),
 .UNSPECIFIED. ) ;
#927 = CARTESIAN_POINT ( 'NONE',  ( 7.311959341363692744, -1.668907004672287808, -1.684300892242749315E-15 ) ) ;
#928 = ORIENTED_EDGE ( 'NONE', *, *, #5026, .F. ) ;
#929 = ORIENTED_EDGE ( 'NONE', *, *, #4372, .F. ) ;
#930 = LINE ( 'NONE', #4113, #5024 ) ;
#931 = CARTESIAN_POINT ( 'NONE',  ( 7.181928819271035103, 3.435985027540173764, 0.5833333333333325932 ) ) ;
#932 = EDGE_CURVE ( 'NONE', #3110, #4798, #2380, .T. ) ;
#933 = DIRECTION ( 'NONE',  ( 0.000000000000000000, 0.000000000000000000, 1.000000000000000000 ) ) ;
#934 = ADVANCED_FACE ( 'NONE', ( #3945 ), #735, .T. ) ;
#935 = ORIENTED_EDGE ( 'NONE', *, *, #876, .T. ) ;
#936 = EDGE_CURVE ( 'NONE', #3883, #476, #2631, .T. ) ;
#937 = ORIENTED_EDGE ( 'NONE', *, *, #3908, .T. ) ;
#938 = DIRECTION ( 'NONE',  ( 0.000000000000000000, -1.000000000000000000, -1.836970198721029441E-16 ) ) ;
#939 = ORIENTED_EDGE ( 'NONE', *, *, #435, .F. ) ;
#940 = DIRECTION ( 'NONE',  ( -0.000000000000000000, -1.836970198721029441E-16, 1.000000000000000000 ) ) ;
#941 = ADVANCED_FACE ( 'NONE', ( #2305 ), #2282, .F. ) ;
#942 = TOROIDAL_SURFACE ( 'NONE', #2951, 1.417427986384464766, 0.8411054325275151289 ) ;
#943 = VERTEX_POINT ( 'NONE', #4745 ) ;
#944 = ORIENTED_EDGE ( 'NONE', *, *, #3312, .F. ) ;
#945 = CARTESIAN_POINT ( 'NONE',  ( -7.340168270339245460, 3.083508462394920269, -0.5833333333333340365 ) ) ;
#946 = FACE_OUTER_BOUND ( 'NONE', #4799, .T. ) ;
#947 = FACE_OUTER_BOUND ( 'NONE', #1654, .T. ) ;
#948 = DIRECTION ( 'NONE',  ( -1.000000000000000000, 0.000000000000000000, 0.000000000000000000 ) ) ;
#949 = CARTESIAN_POINT ( 'NONE',  ( -6.677777126055468138, -3.750936703544251571, -0.5833333333333353687 ) ) ;
#950 = ORIENTED_EDGE ( 'NONE', *, *, #691, .F. ) ;
#951 = EDGE_CURVE ( 'NONE', #2177, #4131, #4612, .T. ) ;
#952 = ORIENTED_EDGE ( 'NONE', *, *, #2729, .F. ) ;
#953 = CARTESIAN_POINT ( 'NONE',  ( 0.000000000000000000, 7.038461538461535660, 0.000000000000000000 ) ) ;
#954 = FACE_BOUND ( 'NONE', #4277, .T. ) ;
#955 = EDGE_CURVE ( 'NONE', #476, #866, #3529, .T. ) ;
#956 = DIRECTION ( 'NONE',  ( 0.6234898018587320401, 0.7818314824680310249, 1.445602896647339656E-16 ) ) ;
#957 = DIRECTION ( 'NONE',  ( 0.7818314824680221431, 0.6234898018587431423, -6.916380135000387687E-17 ) ) ;
#958 = AXIS2_PLACEMENT_3D ( 'NONE', #4251, #4716, #1966 ) ;
#959 = EDGE_LOOP ( 'NONE', ( #838, #870, #2423, #3696 ) ) ;
#960 = ORIENTED_EDGE ( 'NONE', *, *, #2284, .T. ) ;
#961 = ADVANCED_FACE ( 'NONE', ( #344 ), #4040, .T. ) ;
#962 = CARTESIAN_POINT ( 'NONE',  ( -7.761926070062968641, -1.771608974190686414, -1.787950177919244625E-15 ) ) ;
#963 = PLANE ( 'NONE',  #300 ) ;
#964 = DIRECTION ( 'NONE',  ( -1.772860102744128794E-16, -2.324831714633752431E-16, 1.000000000000000000 ) ) ;
#965 = AXIS2_PLACEMENT_3D ( 'NONE', #3385, #3848, #1009 ) ;
#966 = EDGE_LOOP ( 'NONE', ( #916, #1425, #4014, #4385 ) ) ;
#967 = VERTEX_POINT ( 'NONE', #2386 ) ;
#968 = DIRECTION ( 'NONE',  ( -0.000000000000000000, -1.836970198721029441E-16, 1.000000000000000000 ) ) ;
#969 = ADVANCED_FACE ( 'NONE', ( #3143 ), #1156, .T. ) ;
#970 = CARTESIAN_POINT ( 'NONE',  ( -7.164220644310455910, -3.472756431740058325, 0.5833333333333315940 ) ) ;
#971 = CARTESIAN_POINT ( 'NONE',  ( -5.863736118510232131, 4.676173513940490523, 0.5833333333333333703 ) ) ;
#972 = AXIS2_PLACEMENT_3D ( 'NONE', #396, #1996, #2755 ) ;
#973 = CARTESIAN_POINT ( 'NONE',  ( -5.142599343020292757, -5.675467911282107814, 0.5833333333333310389 ) ) ;
#974 = DIRECTION ( 'NONE',  ( -1.790913520579321308E-16, -2.245734522990356514E-16, 1.000000000000000000 ) ) ;
#975 = ORIENTED_EDGE ( 'NONE', *, *, #329, .F. ) ;
#976 = AXIS2_PLACEMENT_3D ( 'NONE', #2012, #2744, #2433 ) ;
#977 = AXIS2_PLACEMENT_3D ( 'NONE', #3674, #3151, #4361 ) ;
#978 = AXIS2_PLACEMENT_3D ( 'NONE', #3391, #439, #4370 ) ;
#979 = EDGE_LOOP ( 'NONE', ( #1739, #4293, #4632, #288 ) ) ;
#980 = DIRECTION ( 'NONE',  ( -0.4338837391175526248, -0.9009688679024218105, -3.492023159033201968E-16 ) ) ;
#981 = AXIS2_PLACEMENT_3D ( 'NONE', #1345, #4444, #2922 ) ;
#982 = PRODUCT ( '5972K91_Steel Ball Bearing', '5972K91_Steel Ball Bearing', '', ( #3090 ) ) ;
#983 = CIRCLE ( 'NONE', #2822, 4.349999999999988098 ) ;
#984 = AXIS2_PLACEMENT_3D ( 'NONE', #5154, #400, #867 ) ;
#985 = SPHERICAL_SURFACE ( 'NONE', #3749, 1.901572311514117208 ) ;
#986 = TOROIDAL_SURFACE ( 'NONE', #824, 1.417427986384464766, 0.8411054325275151289 ) ;
#987 = DIRECTION ( 'NONE',  ( 0.000000000000000000, -2.045092730507657007E-16, 1.000000000000000000 ) ) ;
#988 = EDGE_CURVE ( 'NONE', #1495, #3197, #4124, .T. ) ;
#989 = CIRCLE ( 'NONE', #3906, 1.809889355220185125 ) ;
#990 = ORIENTED_EDGE ( 'NONE', *, *, #604, .F. ) ;
#991 = B_SPLINE_CURVE_WITH_KNOTS ( 'NONE', 3,
 ( #3514, #3127, #354, #4699, #4781, #1900 ),
 .UNSPECIFIED., .F., .F.,
 ( 4, 2, 4 ),
 ( 2.073038737321085531E-07, 0.0005897655573085416707, 0.001179323810743351277 ),
 .UNSPECIFIED. ) ;
#992 = CARTESIAN_POINT ( 'NONE',  ( 0.000000000000000000, 1.244731006653370051E-15, -3.276000000000001133 ) ) ;
#993 = CARTESIAN_POINT ( 'NONE',  ( 1.887013452237055855, 7.734680013172751778, -0.2000208454323492979 ) ) ;
#994 = DIRECTION ( 'NONE',  ( -0.000000000000000000, -1.836970198721029441E-16, 1.000000000000000000 ) ) ;
#995 = EDGE_CURVE ( 'NONE', #3094, #3260, #4532, .T. ) ;
#996 = ORIENTED_EDGE ( 'NONE', *, *, #1585, .F. ) ;
#997 = VERTEX_POINT ( 'NONE', #2000 ) ;
#998 = CARTESIAN_POINT ( 'NONE',  ( 7.951147278005344710, 0.4066345263554313472, -0.5833333333333344806 ) ) ;
#999 = CARTESIAN_POINT ( 'NONE',  ( 0.000000000000000000, 1.285879139104721619E-15, -3.500000000000004885 ) ) ;
#1000 = CARTESIAN_POINT ( 'NONE',  ( 1.304248841091931852E-15, 10.65000000000000746, -3.500000000000002665 ) ) ;
#1001 = CARTESIAN_POINT ( 'NONE',  ( 6.224581418110789244, 4.963938037875375464, -2.120592687679977217 ) ) ;
#1002 = PLANE ( 'NONE',  #1033 ) ;
#1003 = EDGE_LOOP ( 'NONE', ( #1800, #2746, #1968, #97 ) ) ;
#1004 = EDGE_CURVE ( 'NONE', #238, #3468, #2139, .T. ) ;
#1005 = ORIENTED_EDGE ( 'NONE', *, *, #3304, .T. ) ;
#1006 = EDGE_CURVE ( 'NONE', #3087, #4359, #2687, .T. ) ;
#1007 = CARTESIAN_POINT ( 'NONE',  ( -7.311959341363669651, -1.668907004672386396, -0.5833333333333345916 ) ) ;
#1008 = CARTESIAN_POINT ( 'NONE',  ( -1.044699553671270845E-16, -1.310011805077708007E-16, 0.5833333333333333703 ) ) ;
#1009 = DIRECTION ( 'NONE',  ( -0.2225209339563050392, -0.9749279121818258398, -1.770339779227540479E-16 ) ) ;
#1010 = SPHERICAL_SURFACE ( 'NONE', #4389, 1.901572311514110769 ) ;
#1011 = ORIENTED_EDGE ( 'NONE', *, *, #4784, .F. ) ;
#1012 = CARTESIAN_POINT ( 'NONE',  ( -4.778116898591012962, -5.780968682098094114, 0.5833333333333310389 ) ) ;
#1013 = DIRECTION ( 'NONE',  ( 0.000000000000000000, -1.000000000000000000, -1.978193437517413835E-16 ) ) ;
#1014 = ADVANCED_FACE ( 'NONE', ( #4666, #1099 ), #2883, .F. ) ;
#1015 = ORIENTED_EDGE ( 'NONE', *, *, #1082, .F. ) ;
#1016 = VERTEX_POINT ( 'NONE', #3504 ) ;
#1017 = CYLINDRICAL_SURFACE ( 'NONE', #3077, 7.961538461538453681 ) ;
#1018 = DIRECTION ( 'NONE',  ( 0.4338837391175525693, 0.9009688679024218105, 0.000000000000000000 ) ) ;
#1019 = CARTESIAN_POINT ( 'NONE',  ( 1.856432213598536274, 7.266873390146251666, -0.3937336164760119606 ) ) ;
#1020 = CARTESIAN_POINT ( 'NONE',  ( 0.000000000000000000, -4.000000000000000000, 3.041268939877066924 ) ) ;
#1021 = PLANE ( 'NONE',  #1795 ) ;
#1022 = ORIENTED_EDGE ( 'NONE', *, *, #747, .T. ) ;
#1023 = CIRCLE ( 'NONE', #1195, 0.2624999999999997335 ) ;
#1024 = ORIENTED_EDGE ( 'NONE', *, *, #3285, .T. ) ;
#1025 = CARTESIAN_POINT ( 'NONE',  ( 0.000000000000000000, 7.500000000000000000, -4.898587196589413026E-15 ) ) ;
#1026 = CARTESIAN_POINT ( 'NONE',  ( -4.979876246353343916, -6.211837670573967962, -0.5833333333333360349 ) ) ;
#1027 = EDGE_CURVE ( 'NONE', #128, #5099, #4048, .T. ) ;
#1028 = CARTESIAN_POINT ( 'NONE',  ( 0.000000000000000000, 8.423076923076914468, -3.149999999999999911 ) ) ;
#1029 = DIRECTION ( 'NONE',  ( -0.4338837391175525693, -0.9009688679024218105, 0.000000000000000000 ) ) ;
#1030 = EDGE_CURVE ( 'NONE', #4897, #2531, #4457, .T. ) ;
#1031 = DIRECTION ( 'NONE',  ( 0.000000000000000000, 0.000000000000000000, 1.000000000000000000 ) ) ;
#1032 = ORIENTED_EDGE ( 'NONE', *, *, #4654, .F. ) ;
#1033 = AXIS2_PLACEMENT_3D ( 'NONE', #2604, #3038, #603 ) ;
#1034 = CARTESIAN_POINT ( 'NONE',  ( -7.485378982620364496, 0.4680827774499700666, 0.5833333333333321491 ) ) ;
#1035 = DIRECTION ( 'NONE',  ( 0.9749279121818257288, -0.2225209339563050392, -2.245734522990332355E-16 ) ) ;
#1036 = VERTEX_POINT ( 'NONE', #109 ) ;
#1037 = EDGE_LOOP ( 'NONE', ( #3492, #2496, #2775, #3397 ) ) ;
#1038 = CARTESIAN_POINT ( 'NONE',  ( 1.230901245358860141, -7.559242431553553132, 0.5833333333333304838 ) ) ;
#1039 = CARTESIAN_POINT ( 'NONE',  ( -6.947186933488686655, 2.826056211607266722, -0.5833333333333340365 ) ) ;
#1040 = CYLINDRICAL_SURFACE ( 'NONE', #3744, 9.282051282051275720 ) ;
#1041 = CARTESIAN_POINT ( 'NONE',  ( -5.142599343024550684, -5.675467911288118117, -0.5833333333333358128 ) ) ;
#1042 = CYLINDRICAL_SURFACE ( 'NONE', #125, 8.423076923076914468 ) ;
#1043 = B_SPLINE_CURVE_WITH_KNOTS ( 'NONE', 3,
 ( #1280, #3300, #3666, #4122, #3737, #544 ),
 .UNSPECIFIED., .F., .F.,
 ( 4, 2, 4 ),
 ( 0.009153236520559842118, 0.009385466837932844933, 0.009617697155305847748 ),
 .UNSPECIFIED. ) ;
#1044 = ADVANCED_FACE ( 'NONE', ( #2023, #4046 ), #3303, .T. ) ;
#1045 = AXIS2_PLACEMENT_3D ( 'NONE', #1468, #3824, #3071 ) ;
#1046 = EDGE_LOOP ( 'NONE', ( #1829, #4642 ) ) ;
#1047 = VERTEX_POINT ( 'NONE', #4102 ) ;
#1048 = B_SPLINE_CURVE_WITH_KNOTS ( 'NONE', 3,
 ( #1449, #3460, #4601, #1058, #639, #2217 ),
 .UNSPECIFIED., .F., .F.,
 ( 4, 2, 4 ),
 ( 0.01132667245567767905, 0.01156297535658953532, 0.01179927825750138985 ),
 .UNSPECIFIED. ) ;
#1049 = AXIS2_PLACEMENT_3D ( 'NONE', #2149, #4077, #4867 ) ;
#1050 = DIRECTION ( 'NONE',  ( 0.9009688679024218105, -0.4338837391175526248, -8.170798981050185971E-17 ) ) ;
#1051 = CARTESIAN_POINT ( 'NONE',  ( -7.563718916260528502, 0.4808100798513424978, 0.5833333333333321491 ) ) ;
#1052 = AXIS2_PLACEMENT_3D ( 'NONE', #4087, #4173, #600 ) ;
#1053 = PLANE ( 'NONE',  #2494 ) ;
#1054 = AXIS2_PLACEMENT_3D ( 'NONE', #2297, #231, #254 ) ;
#1055 = ADVANCED_FACE ( 'NONE', ( #426, #843 ), #24, .T. ) ;
#1056 = CARTESIAN_POINT ( 'NONE',  ( 6.987304052840555890, -3.816238560115708722, -0.5833333333333354798 ) ) ;
#1057 = CIRCLE ( 'NONE', #907, 1.901572311514116986 ) ;
#1058 = CARTESIAN_POINT ( 'NONE',  ( 6.677508090173215116, -3.750753220420779854, 0.5833333333333312609 ) ) ;
#1059 = AXIS2_PLACEMENT_3D ( 'NONE', #1948, #5105, #1550 ) ;
#1060 = AXIS2_PLACEMENT_3D ( 'NONE', #108, #3690, #4456 ) ;
#1061 = EDGE_CURVE ( 'NONE', #2, #3258, #1628, .T. ) ;
#1062 = ORIENTED_EDGE ( 'NONE', *, *, #5097, .T. ) ;
#1063 = AXIS2_PLACEMENT_3D ( 'NONE', #2314, #2030, #3184 ) ;
#1064 = DIRECTION ( 'NONE',  ( 0.000000000000000000, 0.000000000000000000, 1.000000000000000000 ) ) ;
#1065 = CIRCLE ( 'NONE', #155, 1.844711225215975636 ) ;
#1066 = CARTESIAN_POINT ( 'NONE',  ( -1.289467731118584704, -7.856422065607541860, -0.1989909119326460640 ) ) ;
#1067 = LOCAL_TIME ( 16, 16, 49.00000000000000000, #3888 ) ;
#1068 = VERTEX_POINT ( 'NONE', #527 ) ;
#1069 = TOROIDAL_SURFACE ( 'NONE', #1749, 1.417427986384464766, 0.8411054325275151289 ) ;
#1070 = EDGE_LOOP ( 'NONE', ( #3408, #2026, #3830, #1697 ) ) ;
#1071 = CARTESIAN_POINT ( 'NONE',  ( -1.751708200715646369, -7.766441466598561938, 0.5833333333333308168 ) ) ;
#1072 = CARTESIAN_POINT ( 'NONE',  ( 0.000000000000000000, 8.549076923076908585, 3.275999999999999357 ) ) ;
#1073 = CARTESIAN_POINT ( 'NONE',  ( -7.311959341363669651, -1.668907004672386618, -1.684300892242767262E-15 ) ) ;
#1074 = DIRECTION ( 'NONE',  ( -0.2225209339563049282, -0.9749279121818257288, -1.797130033432795303E-16 ) ) ;
#1075 = CARTESIAN_POINT ( 'NONE',  ( 0.000000000000000000, -8.423076923076914468, 3.499999999999999556 ) ) ;
#1076 = CARTESIAN_POINT ( 'NONE',  ( -1.887058668594152167, 7.734668981694128753, -0.1996067795145007318 ) ) ;
#1077 = ORIENTED_EDGE ( 'NONE', *, *, #3285, .F. ) ;
#1078 = ORIENTED_EDGE ( 'NONE', *, *, #4866, .F. ) ;
#1079 = DIRECTION ( 'NONE',  ( -0.9009688679024218105, 0.4338837391175526248, 2.021678297615947326E-16 ) ) ;
#1080 = CARTESIAN_POINT ( 'NONE',  ( 7.228068458657079809, 2.968540392394473759, 0.5833333333333325932 ) ) ;
#1081 = DIRECTION ( 'NONE',  ( 0.000000000000000000, 0.000000000000000000, 1.000000000000000000 ) ) ;
#1082 = EDGE_CURVE ( 'NONE', #2918, #2838, #2296, .T. ) ;
#1083 = DIRECTION ( 'NONE',  ( 0.000000000000000000, 0.000000000000000000, 1.000000000000000000 ) ) ;
#1084 = CARTESIAN_POINT ( 'NONE',  ( -2.122000487175905281, 7.193546686609130880, -0.5833333333333331483 ) ) ;
#1085 = EDGE_LOOP ( 'NONE', ( #3716, #2692, #944, #779 ) ) ;
#1086 = EDGE_CURVE ( 'NONE', #3468, #762, #2913, .T. ) ;
#1087 = EDGE_LOOP ( 'NONE', ( #4606, #253 ) ) ;
#1088 = PLANE ( 'NONE',  #2491 ) ;
#1089 = B_SPLINE_CURVE_WITH_KNOTS ( 'NONE', 3,
 ( #3500, #3837, #260, #312, #673, #1857 ),
 .UNSPECIFIED., .F., .F.,
 ( 4, 2, 4 ),
 ( 0.01132667245567773456, 0.01156297535658406747, 0.01179927825749040038 ),
 .UNSPECIFIED. ) ;
#1090 = EDGE_CURVE ( 'NONE', #4708, #2285, #5016, .T. ) ;
#1091 = CARTESIAN_POINT ( 'NONE',  ( -3.454382076820513348, -7.173098294453892798, 1.844711225215974304 ) ) ;
#1092 = ORIENTED_EDGE ( 'NONE', *, *, #4598, .T. ) ;
#1093 = ORIENTED_EDGE ( 'NONE', *, *, #2048, .F. ) ;
#1094 = CARTESIAN_POINT ( 'NONE',  ( -2.165736068126630443, 7.661310720612465985, 0.5833333333333335924 ) ) ;
#1095 = DIRECTION ( 'NONE',  ( 0.000000000000000000, 1.000000000000000000, 1.836970198721029441E-16 ) ) ;
#1096 = DIRECTION ( 'NONE',  ( -1.790913520579321308E-16, -2.245734522990356514E-16, 1.000000000000000000 ) ) ;
#1097 = CARTESIAN_POINT ( 'NONE',  ( 0.000000000000000000, -1.718745441110861320E-31, 3.500000000000002220 ) ) ;
#1098 = EDGE_CURVE ( 'NONE', #1833, #4326, #2474, .T. ) ;
#1099 = FACE_OUTER_BOUND ( 'NONE', #886, .T. ) ;
#1100 = ORIENTED_EDGE ( 'NONE', *, *, #1157, .F. ) ;
#1101 = ORIENTED_EDGE ( 'NONE', *, *, #2605, .T. ) ;
#1102 = ORIENTED_EDGE ( 'NONE', *, *, #2765, .F. ) ;
#1103 = CARTESIAN_POINT ( 'NONE',  ( -6.861992612664364444, -1.566205035154084380, -2.120592687679980770 ) ) ;
#1104 = DIRECTION ( 'NONE',  ( 0.000000000000000000, 1.000000000000000000, 2.168404344971009361E-16 ) ) ;
#1105 = CARTESIAN_POINT ( 'NONE',  ( 0.000000000000000000, -9.672792653944210590E-32, 3.500000000000001776 ) ) ;
#1106 = CARTESIAN_POINT ( 'NONE',  ( -6.540999922096027319, -3.669512231774098687, -0.5833333333333352577 ) ) ;
#1107 = CIRCLE ( 'NONE', #4024, 5.598427688485879905 ) ;
#1108 = CARTESIAN_POINT ( 'NONE',  ( 0.000000000000000000, 4.262500000000001066, -3.041268939877069144 ) ) ;
#1109 = DIRECTION ( 'NONE',  ( 0.6234898018587431423, -0.7818314824680221431, -1.445602896647339656E-16 ) ) ;
#1110 = CARTESIAN_POINT ( 'NONE',  ( -1.751708200715646369, -7.766441466598561938, 0.5833333333333308168 ) ) ;
#1111 = EDGE_CURVE ( 'NONE', #467, #1016, #38, .T. ) ;
#1112 = EDGE_CURVE ( 'NONE', #2410, #2671, #4435, .T. ) ;
#1113 = ORIENTED_EDGE ( 'NONE', *, *, #4209, .T. ) ;
#1114 = CARTESIAN_POINT ( 'NONE',  ( 4.947967217659557271, 6.237284271822347570, 0.5833333333333345916 ) ) ;
#1115 = EDGE_CURVE ( 'NONE', #110, #762, #3630, .T. ) ;
#1116 = CARTESIAN_POINT ( 'NONE',  ( -6.813202880339210843, 3.135325582987745552, 0.5833333333333328152 ) ) ;
#1117 = ORIENTED_EDGE ( 'NONE', *, *, #199, .T. ) ;
#1118 = ADVANCED_FACE ( 'NONE', ( #868 ), #3302, .F. ) ;
#1119 = VERTEX_POINT ( 'NONE', #1621 ) ;
#1120 = CYLINDRICAL_SURFACE ( 'NONE', #1483, 9.282051282051275720 ) ;
#1121 = CARTESIAN_POINT ( 'NONE',  ( 7.311959341363669651, -1.668907004672386618, -6.582888088832180091E-15 ) ) ;
#1122 = DIRECTION ( 'NONE',  ( 0.000000000000000000, -1.000000000000000000, -1.971276677246372258E-16 ) ) ;
#1123 = PLANE ( 'NONE',  #1984 ) ;
#1124 = DIRECTION ( 'NONE',  ( -0.000000000000000000, -1.836970198721029441E-16, 1.000000000000000000 ) ) ;
#1125 = ORIENTED_EDGE ( 'NONE', *, *, #2058, .F. ) ;
#1126 = ORIENTED_EDGE ( 'NONE', *, *, #584, .F. ) ;
#1127 = EDGE_CURVE ( 'NONE', #4850, #5073, #3458, .T. ) ;
#1128 = ORIENTED_EDGE ( 'NONE', *, *, #769, .T. ) ;
#1129 = CARTESIAN_POINT ( 'NONE',  ( -6.947186933488686655, 2.826056211607268054, 0.5833333333333327042 ) ) ;
#1130 = FACE_OUTER_BOUND ( 'NONE', #1842, .T. ) ;
#1131 = DIRECTION ( 'NONE',  ( 0.000000000000000000, 0.000000000000000000, 1.000000000000000000 ) ) ;
#1132 = DIRECTION ( 'NONE',  ( 0.000000000000000000, -4.701883558424459137E-16, 1.000000000000000000 ) ) ;
#1133 = AXIS2_PLACEMENT_3D ( 'NONE', #3513, #10, #1217 ) ;
#1134 = VECTOR ( 'NONE', #1164, 1000.000000000000000 ) ;
#1135 = CARTESIAN_POINT ( 'NONE',  ( -4.639539566350082467, 6.469989743950772088, -0.5833333333333335924 ) ) ;
#1136 = CARTESIAN_POINT ( 'NONE',  ( -7.761926070062967753, -1.771608974190685748, -1.844711225215978967 ) ) ;
#1137 = DIRECTION ( 'NONE',  ( -0.7818314824680310249, 0.6234898018587320401, -6.916380135000592297E-17 ) ) ;
#1138 = AXIS2_PLACEMENT_3D ( 'NONE', #1151, #4712, #3220 ) ;
#1139 = CIRCLE ( 'NONE', #4953, 2.120592687679978106 ) ;
#1140 = VERTEX_POINT ( 'NONE', #2046 ) ;
#1141 = CIRCLE ( 'NONE', #1641, 1.844711225215976746 ) ;
#1142 = CARTESIAN_POINT ( 'NONE',  ( 7.951147278005342933, 0.4066345263554313472, 0.5833333333333322601 ) ) ;
#1143 = CIRCLE ( 'NONE', #1400, 6.576923076923076650 ) ;
#1144 = CARTESIAN_POINT ( 'NONE',  ( -1.372857368525091104, -7.842280109779456332, 0.5833333333333308168 ) ) ;
#1145 = AXIS2_PLACEMENT_3D ( 'NONE', #4665, #2304, #262 ) ;
#1146 = AXIS2_PLACEMENT_3D ( 'NONE', #3642, #2054, #4443 ) ;
#1147 = ORIENTED_EDGE ( 'NONE', *, *, #4907, .T. ) ;
#1148 = ORIENTED_EDGE ( 'NONE', *, *, #2594, .T. ) ;
#1149 = DIRECTION ( 'NONE',  ( -0.000000000000000000, -1.836970198721029441E-16, 1.000000000000000000 ) ) ;
#1150 = CONICAL_SURFACE ( 'NONE', #2242, 3.999999999999999112, 0.7853981633974334020 ) ;
#1151 = CARTESIAN_POINT ( 'NONE',  ( -3.454382076820513348, -7.173098294453892798, -2.780187668922586344E-15 ) ) ;
#1152 = CARTESIAN_POINT ( 'NONE',  ( -1.480391388226187432, -7.352702269685146952, -0.3937361966030428206 ) ) ;
#1153 = DIRECTION ( 'NONE',  ( 1.386866189581023883E-18, -3.869174503519971311E-16, 1.000000000000000000 ) ) ;
#1154 = CARTESIAN_POINT ( 'NONE',  ( -4.339989150904222548, 6.213333754697327294, -0.5833333333333335924 ) ) ;
#1155 = CIRCLE ( 'NONE', #1063, 7.961538461538454570 ) ;
#1156 = CYLINDRICAL_SURFACE ( 'NONE', #378, 7.961538461538453681 ) ;
#1157 = EDGE_CURVE ( 'NONE', #2885, #3359, #1215, .T. ) ;
#1158 = ORIENTED_EDGE ( 'NONE', *, *, #691, .T. ) ;
#1159 = AXIS2_PLACEMENT_3D ( 'NONE', #4106, #901, #1732 ) ;
#1160 = ORIENTED_EDGE ( 'NONE', *, *, #435, .T. ) ;
#1161 = PRODUCT_DEFINITION_FORMATION_WITH_SPECIFIED_SOURCE ( 'ANY', '', #982, .NOT_KNOWN. ) ;
#1162 = ORIENTED_EDGE ( 'NONE', *, *, #4658, .T. ) ;
#1163 = CARTESIAN_POINT ( 'NONE',  ( 1.209306557283935879, -7.401863120233976190, -0.5833333333333361459 ) ) ;
#1164 = DIRECTION ( 'NONE',  ( 8.659560562354804668E-17, -0.7071067811865369146, -0.7071067811865582309 ) ) ;
#1165 = CARTESIAN_POINT ( 'NONE',  ( 0.000000000000000000, -1.718745441110861320E-31, 3.500000000000002220 ) ) ;
#1166 = CARTESIAN_POINT ( 'NONE',  ( 4.639539566346264188, 6.469989743953510342, 0.5833333333178905011 ) ) ;
#1167 = EDGE_CURVE ( 'NONE', #866, #3671, #4783, .T. ) ;
#1168 = CARTESIAN_POINT ( 'NONE',  ( -6.987304052841144753, -3.816238560114634915, 0.5833333333333314830 ) ) ;
#1169 = CARTESIAN_POINT ( 'NONE',  ( 3.254128043381735225, -6.757266509268111676, -1.417427986384467431 ) ) ;
#1170 = DIRECTION ( 'NONE',  ( -0.7818314824680221431, -0.6234898018587430313, 0.000000000000000000 ) ) ;
#1171 = EDGE_CURVE ( 'NONE', #4111, #286, #3382, .T. ) ;
#1172 = EDGE_LOOP ( 'NONE', ( #3834, #593, #1394, #3791 ) ) ;
#1173 = CARTESIAN_POINT ( 'NONE',  ( 0.000000000000000000, 0.000000000000000000, 3.500000000000001332 ) ) ;
#1174 = FACE_OUTER_BOUND ( 'NONE', #1723, .T. ) ;
#1175 = ORIENTED_EDGE ( 'NONE', *, *, #2583, .T. ) ;
#1176 = ORIENTED_EDGE ( 'NONE', *, *, #1275, .T. ) ;
#1177 = CARTESIAN_POINT ( 'NONE',  ( -1.751708200715646369, -7.766441466598561938, -0.5833333333333360349 ) ) ;
#1178 = FACE_OUTER_BOUND ( 'NONE', #4171, .T. ) ;
#1179 = CARTESIAN_POINT ( 'NONE',  ( -7.181928819271083952, 3.435985027540071624, 0.5833333333333328152 ) ) ;
#1180 = CARTESIAN_POINT ( 'NONE',  ( -7.961512308955458472, 0.02040658978899983003, -0.5833333333333348136 ) ) ;
#1181 = DIRECTION ( 'NONE',  ( -0.000000000000000000, -1.836970198721029441E-16, 1.000000000000000000 ) ) ;
#1182 = ORIENTED_EDGE ( 'NONE', *, *, #1500, .F. ) ;
#1183 = ADVANCED_FACE ( 'NONE', ( #3420 ), #4123, .T. ) ;
#1184 = ORIENTED_EDGE ( 'NONE', *, *, #1738, .F. ) ;
#1185 = ORIENTED_EDGE ( 'NONE', *, *, #4529, .F. ) ;
#1186 = CARTESIAN_POINT ( 'NONE',  ( -4.649350407733466103E-17, -2.037013509436035303E-16, 0.5833333333333333703 ) ) ;
#1187 = FACE_OUTER_BOUND ( 'NONE', #65, .T. ) ;
#1188 = CYLINDRICAL_SURFACE ( 'NONE', #153, 7.499999999999997335 ) ;
#1189 = ADVANCED_BREP_SHAPE_REPRESENTATION ( '5972K91_Steel Ball Bearing', ( #1696, #1869, #85, #1746, #151, #21, #34, #3571, #3599, #3538, #1330 ), #2504 ) ;
#1190 = DIRECTION ( 'NONE',  ( -0.000000000000000000, -1.836970198721029441E-16, 1.000000000000000000 ) ) ;
#1191 = EDGE_CURVE ( 'NONE', #4832, #3939, #2873, .T. ) ;
#1192 = CARTESIAN_POINT ( 'NONE',  ( -4.570544063814154789, 6.518912613564810776, 0.1989909119326604692 ) ) ;
#1193 = FACE_BOUND ( 'NONE', #1578, .T. ) ;
#1194 = CARTESIAN_POINT ( 'NONE',  ( 0.000000000000000000, -8.549076923076905032, -3.276000000000002910 ) ) ;
#1195 = AXIS2_PLACEMENT_3D ( 'NONE', #2849, #4371, #2488 ) ;
#1196 = EDGE_CURVE ( 'NONE', #4165, #1834, #4351, .T. ) ;
#1197 = SPHERICAL_SURFACE ( 'NONE', #4956, 1.901572311514117208 ) ;
#1198 = ADVANCED_FACE ( 'NONE', ( #3328 ), #3775, .F. ) ;
#1199 = CARTESIAN_POINT ( 'NONE',  ( 9.184850993605147944E-16, 7.500000000000000000, -4.821902154531246352E-15 ) ) ;
#1200 = CIRCLE ( 'NONE', #1871, 7.961538461538453681 ) ;
#1201 = EDGE_LOOP ( 'NONE', ( #3351, #1779, #3577, #3844 ) ) ;
#1202 = ORIENTED_EDGE ( 'NONE', *, *, #2252, .T. ) ;
#1203 = CARTESIAN_POINT ( 'NONE',  ( 4.572796692799507845, 5.944706082416678861, 0.5833333333338400761 ) ) ;
#1204 = CARTESIAN_POINT ( 'NONE',  ( -1.044699553671270845E-16, -1.310011805077708007E-16, 0.5833333333333333703 ) ) ;
#1205 = ORIENTED_EDGE ( 'NONE', *, *, #932, .T. ) ;
#1206 = CARTESIAN_POINT ( 'NONE',  ( 0.000000000000000000, 0.000000000000000000, 3.500000000000001332 ) ) ;
#1207 = CARTESIAN_POINT ( 'NONE',  ( 0.000000000000000000, 10.99999999999999645, 3.149999999999989697 ) ) ;
#1208 = ORIENTED_EDGE ( 'NONE', *, *, #4472, .F. ) ;
#1209 = ORIENTED_EDGE ( 'NONE', *, *, #2879, .T. ) ;
#1210 = ORIENTED_EDGE ( 'NONE', *, *, #3363, .T. ) ;
#1211 = DIRECTION ( 'NONE',  ( 0.000000000000000000, 1.836970198721029441E-16, -1.000000000000000000 ) ) ;
#1212 = CARTESIAN_POINT ( 'NONE',  ( 8.054407794392193779E-16, 6.576923076923065103, -1.662499999999993427 ) ) ;
#1213 = DIRECTION ( 'NONE',  ( 0.000000000000000000, -1.000000000000000000, -1.836970198721029441E-16 ) ) ;
#1214 = EDGE_CURVE ( 'NONE', #2671, #3373, #1357, .T. ) ;
#1215 = CIRCLE ( 'NONE', #2715, 8.454576923076915662 ) ;
#1216 = DIRECTION ( 'NONE',  ( -7.970314984685942419E-17, -3.492023159033202954E-16, 1.000000000000000000 ) ) ;
#1217 = DIRECTION ( 'NONE',  ( 0.000000000000000000, -2.350941779212229568E-16, 1.000000000000000000 ) ) ;
#1218 = CARTESIAN_POINT ( 'NONE',  ( 5.069403964210464686, -5.527526743239567608, 0.3916088451972164486 ) ) ;
#1219 = DIRECTION ( 'NONE',  ( -0.000000000000000000, -1.836970198721029441E-16, 1.000000000000000000 ) ) ;
#1220 = CIRCLE ( 'NONE', #4701, 1.809889355220186014 ) ;
#1221 = ADVANCED_FACE ( 'NONE', ( #2180 ), #1832, .T. ) ;
#1222 = AXIS2_PLACEMENT_3D ( 'NONE', #865, #4353, #782 ) ;
#1223 = FACE_OUTER_BOUND ( 'NONE', #4440, .T. ) ;
#1224 = AXIS2_PLACEMENT_3D ( 'NONE', #1626, #2865, #432 ) ;
#1225 = DIRECTION ( 'NONE',  ( 7.970314984685941186E-17, 3.492023159033202954E-16, -1.000000000000000000 ) ) ;
#1226 = AXIS2_PLACEMENT_3D ( 'NONE', #2179, #919, #3349 ) ;
#1227 = EDGE_CURVE ( 'NONE', #3224, #1752, #2694, .T. ) ;
#1228 = B_SPLINE_CURVE_WITH_KNOTS ( 'NONE', 3,
 ( #1295, #3316, #1768, #1272, #4448, #2947 ),
 .UNSPECIFIED., .F., .F.,
 ( 4, 2, 4 ),
 ( 2.035280481498272209E-07, 0.0005855209568279447479, 0.001170838385607739533 ),
 .UNSPECIFIED. ) ;
#1229 = VECTOR ( 'NONE', #1669, 1000.000000000000000 ) ;
#1230 = EDGE_LOOP ( 'NONE', ( #1699, #573, #3613, #3852 ) ) ;
#1231 = ADVANCED_FACE ( 'NONE', ( #1728 ), #1756, .T. ) ;
#1232 = ORIENTED_EDGE ( 'NONE', *, *, #2931, .F. ) ;
#1233 = DIRECTION ( 'NONE',  ( 0.2225209339563050392, 0.9749279121818257288, 1.790913520579326978E-16 ) ) ;
#1234 = AXIS2_PLACEMENT_3D ( 'NONE', #661, #3384, #3045 ) ;
#1235 = DIRECTION ( 'NONE',  ( -0.4338837391175524583, 0.9009688679024218105, 0.000000000000000000 ) ) ;
#1236 = EDGE_LOOP ( 'NONE', ( #3418, #3923, #4848, #3225 ) ) ;
#1237 = AXIS2_PLACEMENT_3D ( 'NONE', #5143, #4757, #2711 ) ;
#1238 = CARTESIAN_POINT ( 'NONE',  ( -7.961512308955458472, 0.02040658978899956288, 0.5833333333333319271 ) ) ;
#1239 = DIRECTION ( 'NONE',  ( 0.000000000000000000, 1.836970198721029441E-16, -1.000000000000000000 ) ) ;
#1240 = VERTEX_POINT ( 'NONE', #1778 ) ;
#1241 = AXIS2_PLACEMENT_3D ( 'NONE', #2056, #63, #1661 ) ;
#1242 = EDGE_LOOP ( 'NONE', ( #701, #2044, #1652, #424 ) ) ;
#1243 = CIRCLE ( 'NONE', #5041, 1.809889355220185569 ) ;
#1244 = ORIENTED_EDGE ( 'NONE', *, *, #4403, .F. ) ;
#1245 = CARTESIAN_POINT ( 'NONE',  ( -1.044699553671274050E-16, 1.310011805077694202E-16, -0.5833333333333333703 ) ) ;
#1246 = DIRECTION ( 'NONE',  ( 1.224646799147358877E-16, 1.000000000000000000, 0.000000000000000000 ) ) ;
#1247 = DIRECTION ( 'NONE',  ( 0.2225209339563049282, -0.9749279121818257288, -1.790913520579327225E-16 ) ) ;
#1248 = AXIS2_PLACEMENT_3D ( 'NONE', #4376, #445, #2464 ) ;
#1249 = DIRECTION ( 'NONE',  ( 0.000000000000000000, -1.000000000000000000, -1.836970198721029441E-16 ) ) ;
#1250 = CARTESIAN_POINT ( 'NONE',  ( 1.031529419281807943E-15, 8.423076923076914468, -3.118499999999999606 ) ) ;
#1251 = CARTESIAN_POINT ( 'NONE',  ( -2.181319878071665830, 7.584306405809739360, -0.5833333333333331483 ) ) ;
#1252 = EDGE_CURVE ( 'NONE', #4307, #3993, #4539, .T. ) ;
#1253 = DIRECTION ( 'NONE',  ( -0.000000000000000000, -1.836970198721029441E-16, 1.000000000000000000 ) ) ;
#1254 = CARTESIAN_POINT ( 'NONE',  ( 5.863736118510165518, 4.676173513940574011, 0.5833333333333333703 ) ) ;
#1255 = ORIENTED_EDGE ( 'NONE', *, *, #1609, .T. ) ;
#1256 = VERTEX_POINT ( 'NONE', #2545 ) ;
#1257 = CARTESIAN_POINT ( 'NONE',  ( 4.524003842504703776, 5.982238599814011515, -0.3937336164759282497 ) ) ;
#1258 = ADVANCED_FACE ( 'NONE', ( #4936, #206 ), #942, .T. ) ;
#1259 = CARTESIAN_POINT ( 'NONE',  ( -3.254128043381641522, -6.757266509268156973, -2.619017369274898961E-15 ) ) ;
#1260 = VERTEX_POINT ( 'NONE', #4583 ) ;
#1261 = CARTESIAN_POINT ( 'NONE',  ( -7.961344901241897531, 0.08571973549006545179, -0.3943750851858343065 ) ) ;
#1262 = DIRECTION ( 'NONE',  ( -0.2225209339563050670, -0.9749279121818258398, -1.734723475976807834E-16 ) ) ;
#1263 = ORIENTED_EDGE ( 'NONE', *, *, #3100, .T. ) ;
#1264 = ORIENTED_EDGE ( 'NONE', *, *, #2979, .T. ) ;
#1265 = VERTEX_POINT ( 'NONE', #3372 ) ;
#1266 = CARTESIAN_POINT ( 'NONE',  ( -3.053874009942772805, -6.341434724082427365, -2.457847069627214340E-15 ) ) ;
#1267 = ADVANCED_FACE ( 'NONE', ( #4188, #2597 ), #3364, .T. ) ;
#1268 = DIRECTION ( 'NONE',  ( 0.000000000000000000, 1.000000000000000000, 2.029135416122166087E-16 ) ) ;
#1269 = DIRECTION ( 'NONE',  ( -0.9009688679024158153, -0.4338837391175651703, -7.970314984686171682E-17 ) ) ;
#1270 = CARTESIAN_POINT ( 'NONE',  ( -6.540999922096027319, -3.669512231774098687, -0.5833333333333352577 ) ) ;
#1271 = ORIENTED_EDGE ( 'NONE', *, *, #4237, .T. ) ;
#1272 = CARTESIAN_POINT ( 'NONE',  ( -2.192309798598357506, 7.172431789578922690, -0.1936861211538904171 ) ) ;
#1273 = CARTESIAN_POINT ( 'NONE',  ( 7.223769551734940286, 3.347125354468342806, 0.1996067795145005097 ) ) ;
#1274 = FACE_BOUND ( 'NONE', #3677, .T. ) ;
#1275 = EDGE_CURVE ( 'NONE', #3910, #2145, #1608, .T. ) ;
#1276 = CARTESIAN_POINT ( 'NONE',  ( 7.761926070062993510, -1.771608974190581609, -1.787950177919225298E-15 ) ) ;
#1277 = CIRCLE ( 'NONE', #4438, 7.961538461538454570 ) ;
#1278 = VERTEX_POINT ( 'NONE', #1933 ) ;
#1279 = ORIENTED_EDGE ( 'NONE', *, *, #1791, .F. ) ;
#1280 = CARTESIAN_POINT ( 'NONE',  ( -6.947186933488686655, 2.826056211607266722, -0.5833333333333340365 ) ) ;
#1281 = ORIENTED_EDGE ( 'NONE', *, *, #3104, .F. ) ;
#1282 = CARTESIAN_POINT ( 'NONE',  ( 4.947967217659557271, 6.237284271822347570, 0.5833333333333345916 ) ) ;
#1283 = DIRECTION ( 'NONE',  ( 0.000000000000000000, -1.000000000000000000, -1.802052925957644186E-16 ) ) ;
#1284 = VERTEX_POINT ( 'NONE', #1484 ) ;
#1285 = ADVANCED_FACE ( 'NONE', ( #777 ), #2330, .F. ) ;
#1286 = ORIENTED_EDGE ( 'NONE', *, *, #2475, .F. ) ;
#1287 = ORIENTED_EDGE ( 'NONE', *, *, #2898, .T. ) ;
#1288 = DIRECTION ( 'NONE',  ( -0.000000000000000000, 1.000000000000000000, -0.000000000000000000 ) ) ;
#1289 = CARTESIAN_POINT ( 'NONE',  ( -1.796666265318784150, 7.281620034790707408, 0.5833333333333337034 ) ) ;
#1290 = FACE_OUTER_BOUND ( 'NONE', #4690, .T. ) ;
#1291 = PLANE ( 'NONE',  #3895 ) ;
#1292 = ORIENTED_EDGE ( 'NONE', *, *, #442, .T. ) ;
#1293 = EDGE_CURVE ( 'NONE', #4911, #4517, #1753, .T. ) ;
#1294 = VERTEX_POINT ( 'NONE', #2354 ) ;
#1295 = CARTESIAN_POINT ( 'NONE',  ( -2.122000487175905281, 7.193546686609130880, 0.5833333333333335924 ) ) ;
#1296 = CARTESIAN_POINT ( 'NONE',  ( -2.165736068126629554, 7.661310720612462433, -0.5833333333333331483 ) ) ;
#1297 = B_SPLINE_CURVE_WITH_KNOTS ( 'NONE', 3,
 ( #1539, #4639, #3115, #1885, #4302, #3142 ),
 .UNSPECIFIED., .F., .F.,
 ( 4, 2, 4 ),
 ( 2.073038737337261478E-07, 0.0005897655573085428633, 0.001179323810743352144 ),
 .UNSPECIFIED. ) ;
#1298 = AXIS2_PLACEMENT_3D ( 'NONE', #817, #2419, #4487 ) ;
#1299 = DIRECTION ( 'NONE',  ( 0.000000000000000000, -1.836970198721029441E-16, 1.000000000000000000 ) ) ;
#1300 = CIRCLE ( 'NONE', #3315, 1.844711225215975636 ) ;
#1301 = CARTESIAN_POINT ( 'NONE',  ( 0.000000000000000000, 1.221585182149485114E-15, -3.150000000000001688 ) ) ;
#1302 = VERTEX_POINT ( 'NONE', #5089 ) ;
#1303 = AXIS2_PLACEMENT_3D ( 'NONE', #1305, #3688, #1775 ) ;
#1304 = ORIENTED_EDGE ( 'NONE', *, *, #1127, .T. ) ;
#1305 = CARTESIAN_POINT ( 'NONE',  ( 0.000000000000000000, 7.500000000000000000, -4.898587196589413026E-15 ) ) ;
#1306 = COORDINATED_UNIVERSAL_TIME_OFFSET ( 6, 0, .BEHIND. ) ;
#1307 = VERTEX_POINT ( 'NONE', #2298 ) ;
#1308 = DIRECTION ( 'NONE',  ( 0.000000000000000000, -1.000000000000000000, -1.868900982405953362E-16 ) ) ;
#1309 = AXIS2_PLACEMENT_3D ( 'NONE', #388, #3578, #5146 ) ;
#1310 = ORIENTED_EDGE ( 'NONE', *, *, #3802, .F. ) ;
#1311 = AXIS2_PLACEMENT_3D ( 'NONE', #4288, #1137, #2350 ) ;
#1312 = CIRCLE ( 'NONE', #2069, 9.282051282051277497 ) ;
#1313 = ORIENTED_EDGE ( 'NONE', *, *, #1111, .F. ) ;
#1314 = CARTESIAN_POINT ( 'NONE',  ( 2.181545321756477307, 7.583192420428204628, -0.5833333333333333703 ) ) ;
#1315 = AXIS2_PLACEMENT_3D ( 'NONE', #2432, #2349, #11 ) ;
#1316 = LINE ( 'NONE', #1734, #889 ) ;
#1317 = DIRECTION ( 'NONE',  ( -0.2225209339563182231, 0.9749279121818227312, 1.790913520579321308E-16 ) ) ;
#1318 = ADVANCED_FACE ( 'NONE', ( #1174, #305 ), #1957, .F. ) ;
#1319 = B_SPLINE_CURVE_WITH_KNOTS ( 'NONE', 3,
 ( #1850, #692, #4657, #5007, #1453, #3495 ),
 .UNSPECIFIED., .F., .F.,
 ( 4, 2, 4 ),
 ( 2.056720468471648446E-07, 0.0005877628135819005541, 0.001175319955116953816 ),
 .UNSPECIFIED. ) ;
#1320 = CARTESIAN_POINT ( 'NONE',  ( -4.849050149956123157, -5.721600532604207423, -0.1975851869304281472 ) ) ;
#1321 = CIRCLE ( 'NONE', #2819, 2.120592687679978106 ) ;
#1322 = EDGE_LOOP ( 'NONE', ( #522, #3742, #3639, #2416 ) ) ;
#1323 = CIRCLE ( 'NONE', #4221, 4.000000000000000000 ) ;
#1324 = AXIS2_PLACEMENT_3D ( 'NONE', #1627, #3229, #925 ) ;
#1325 = ORIENTED_EDGE ( 'NONE', *, *, #3971, .T. ) ;
#1326 = CARTESIAN_POINT ( 'NONE',  ( 4.301095606900855017, 6.144149784982308127, 0.5833333333333334814 ) ) ;
#1327 = AXIS2_PLACEMENT_3D ( 'NONE', #2357, #1911, #4710 ) ;
#1328 = EDGE_CURVE ( 'NONE', #4495, #3032, #321, .T. ) ;
#1329 = CYLINDRICAL_SURFACE ( 'NONE', #1813, 4.000000000000000000 ) ;
#1330 = AXIS2_PLACEMENT_3D ( 'NONE', #5152, #341, #4378 ) ;
#1331 = EDGE_CURVE ( 'NONE', #1648, #2090, #1107, .T. ) ;
#1332 = DIRECTION ( 'NONE',  ( 0.9749279121818257288, -0.2225209339563050392, -2.245734522990332355E-16 ) ) ;
#1333 = DIRECTION ( 'NONE',  ( 0.9009688679024157043, 0.4338837391175651703, 7.970314984686170449E-17 ) ) ;
#1334 = ORIENTED_EDGE ( 'NONE', *, *, #4419, .T. ) ;
#1335 = EDGE_LOOP ( 'NONE', ( #1623, #1362, #808, #1101 ) ) ;
#1336 = FACE_OUTER_BOUND ( 'NONE', #4150, .T. ) ;
#1337 = CARTESIAN_POINT ( 'NONE',  ( -3.053874009942772805, -6.341434724082428254, 2.120592687679976773 ) ) ;
#1338 = CARTESIAN_POINT ( 'NONE',  ( 0.000000000000000000, 3.375432740149905665E-16, 1.662499999999993872 ) ) ;
#1339 = ORIENTED_EDGE ( 'NONE', *, *, #5022, .F. ) ;
#1340 = ORIENTED_EDGE ( 'NONE', *, *, #1346, .T. ) ;
#1341 = DIRECTION ( 'NONE',  ( -0.4338837391175526248, -0.9009688679024218105, -3.492023159033201968E-16 ) ) ;
#1342 = DIRECTION ( 'NONE',  ( 1.000000000000000000, 0.000000000000000000, 1.224646799147353207E-16 ) ) ;
#1343 = CARTESIAN_POINT ( 'NONE',  ( -4.947967217659645200, 6.237284271822279180, -0.5833333333333337034 ) ) ;
#1344 = CARTESIAN_POINT ( 'NONE',  ( 0.000000000000000000, 7.499999999999992895, 1.417427986384464766 ) ) ;
#1345 = CARTESIAN_POINT ( 'NONE',  ( 1.044699553671270845E-16, 1.310011805077708007E-16, -0.5833333333333333703 ) ) ;
#1346 = EDGE_CURVE ( 'NONE', #1889, #4614, #75, .T. ) ;
#1347 = ORIENTED_EDGE ( 'NONE', *, *, #3100, .F. ) ;
#1348 = CARTESIAN_POINT ( 'NONE',  ( -1.160878261534954214, -7.409775270806232328, -0.3916306432851778818 ) ) ;
#1349 = CARTESIAN_POINT ( 'NONE',  ( -2.171088725865910618, 7.345778484275027331, -0.5833333333333332593 ) ) ;
#1350 = EDGE_CURVE ( 'NONE', #2838, #4429, #1319, .T. ) ;
#1351 = DIRECTION ( 'NONE',  ( 0.000000000000000000, -1.000000000000000000, -1.868900982405953362E-16 ) ) ;
#1352 = PLANE ( 'NONE',  #3472 ) ;
#1353 = EDGE_CURVE ( 'NONE', #4141, #4078, #4261, .T. ) ;
#1354 = EDGE_LOOP ( 'NONE', ( #4996, #2520 ) ) ;
#1355 = VERTEX_POINT ( 'NONE', #1091 ) ;
#1356 = CARTESIAN_POINT ( 'NONE',  ( 7.951147278005344710, 0.4066345263554313472, -0.5833333333333344806 ) ) ;
#1357 = CIRCLE ( 'NONE', #528, 10.99999999999999645 ) ;
#1358 = ORIENTED_EDGE ( 'NONE', *, *, #2847, .T. ) ;
#1359 = DIRECTION ( 'NONE',  ( 0.000000000000000000, 0.000000000000000000, 1.000000000000000000 ) ) ;
#1360 = B_SPLINE_CURVE_WITH_KNOTS ( 'NONE', 3,
 ( #3518, #4759, #4704, #1955, #4348, #1142 ),
 .UNSPECIFIED., .F., .F.,
 ( 4, 2, 4 ),
 ( 0.002382424726528351109, 0.002617243293528043017, 0.002852061860527734492 ),
 .UNSPECIFIED. ) ;
#1361 = ORIENTED_EDGE ( 'NONE', *, *, #2004, .T. ) ;
#1362 = ORIENTED_EDGE ( 'NONE', *, *, #3836, .T. ) ;
#1363 = CARTESIAN_POINT ( 'NONE',  ( 0.000000000000000000, 1.285879139104721619E-15, -3.500000000000004885 ) ) ;
#1364 = CARTESIAN_POINT ( 'NONE',  ( -8.377839946674661360E-17, -4.034555078750345918E-17, 0.5833333333333333703 ) ) ;
#1365 = DIRECTION ( 'NONE',  ( -0.6234898018587431423, 0.7818314824680221431, 1.436201133715639576E-16 ) ) ;
#1366 = CYLINDRICAL_SURFACE ( 'NONE', #66, 7.499999999999998224 ) ;
#1367 = CARTESIAN_POINT ( 'NONE',  ( -7.946378725477013738, 0.4910802926686329006, 0.1989909119326593034 ) ) ;
#1368 = ORIENTED_EDGE ( 'NONE', *, *, #1006, .T. ) ;
#1369 = ORIENTED_EDGE ( 'NONE', *, *, #2374, .T. ) ;
#1370 = AXIS2_PLACEMENT_3D ( 'NONE', #2756, #3091, #4300 ) ;
#1371 = ADVANCED_FACE ( 'NONE', ( #4630 ), #1877, .T. ) ;
#1372 = DIRECTION ( 'NONE',  ( 1.000000000000000000, 1.224646799147353207E-16, 2.249639673992786138E-32 ) ) ;
#1373 = FACE_BOUND ( 'NONE', #836, .T. ) ;
#1374 = DIRECTION ( 'NONE',  ( 0.9009688679024157043, 0.4338837391175651703, 8.673617379884037937E-17 ) ) ;
#1375 = DIRECTION ( 'NONE',  ( -0.000000000000000000, -1.836970198721029441E-16, 1.000000000000000000 ) ) ;
#1376 = AXIS2_PLACEMENT_3D ( 'NONE', #4381, #4869, #1308 ) ;
#1377 = EDGE_CURVE ( 'NONE', #4625, #4534, #1498, .T. ) ;
#1378 = ORIENTED_EDGE ( 'NONE', *, *, #3867, .F. ) ;
#1379 = AXIS2_PLACEMENT_3D ( 'NONE', #3015, #4298, #1912 ) ;
#1380 = DIRECTION ( 'NONE',  ( 0.6234898018587431423, -0.7818314824680221431, 0.000000000000000000 ) ) ;
#1381 = CARTESIAN_POINT ( 'NONE',  ( -3.254128043381644630, -6.757266509268164079, -2.619017369274901722E-15 ) ) ;
#1382 = ADVANCED_FACE ( 'NONE', ( #2718 ), #3029, .T. ) ;
#1383 = CARTESIAN_POINT ( 'NONE',  ( 0.000000000000000000, 6.429395695523856342E-17, 3.149999999999987477 ) ) ;
#1384 = EDGE_CURVE ( 'NONE', #3589, #1664, #2456, .T. ) ;
#1385 = CIRCLE ( 'NONE', #4290, 1.901572311514118097 ) ;
#1386 = EDGE_LOOP ( 'NONE', ( #597, #952 ) ) ;
#1387 = EDGE_LOOP ( 'NONE', ( #4322, #4119, #3610, #2384 ) ) ;
#1388 = DIRECTION ( 'NONE',  ( 1.790913520579321308E-16, 2.245734522990356514E-16, -1.000000000000000000 ) ) ;
#1389 = CARTESIAN_POINT ( 'NONE',  ( -7.497772732341471347, 0.1928561283930404768, -0.3937336164760132373 ) ) ;
#1390 = DIRECTION ( 'NONE',  ( -0.000000000000000000, -1.836970198721029441E-16, 1.000000000000000000 ) ) ;
#1391 = CIRCLE ( 'NONE', #4292, 1.901572311514117430 ) ;
#1392 = DIRECTION ( 'NONE',  ( -1.000000000000000000, 0.000000000000000000, 0.000000000000000000 ) ) ;
#1393 = CARTESIAN_POINT ( 'NONE',  ( -6.987304052843425595, -3.816238560115880585, -0.5833333333333352577 ) ) ;
#1394 = ORIENTED_EDGE ( 'NONE', *, *, #1384, .T. ) ;
#1395 = TOROIDAL_SURFACE ( 'NONE', #3068, 1.417427986384464766, 0.8411054325275151289 ) ;
#1396 = AXIS2_PLACEMENT_3D ( 'NONE', #2280, #2336, #5124 ) ;
#1397 = AXIS2_PLACEMENT_3D ( 'NONE', #4962, #1906, #1452 ) ;
#1398 = EDGE_LOOP ( 'NONE', ( #1077, #2907, #1494, #4407 ) ) ;
#1399 = CARTESIAN_POINT ( 'NONE',  ( 5.502890818909538240, 4.388408990005767230, 2.120592687679978994 ) ) ;
#1400 = AXIS2_PLACEMENT_3D ( 'NONE', #855, #4835, #4473 ) ;
#1401 = DIRECTION ( 'NONE',  ( -0.000000000000000000, -1.836970198721029441E-16, 1.000000000000000000 ) ) ;
#1402 = CIRCLE ( 'NONE', #4554, 1.809889355220185569 ) ;
#1403 = VECTOR ( 'NONE', #3842, 1000.000000000000000 ) ;
#1404 = CIRCLE ( 'NONE', #4964, 1.809889355220186014 ) ;
#1405 = CARTESIAN_POINT ( 'NONE',  ( 1.751708200715751840, -7.766441466598539733, -0.5833333333333361459 ) ) ;
#1406 = CIRCLE ( 'NONE', #5046, 1.809889355220186014 ) ;
#1407 = CARTESIAN_POINT ( 'NONE',  ( -8.377839946674661360E-17, -4.034555078750345918E-17, 0.5833333333333333703 ) ) ;
#1408 = EDGE_CURVE ( 'NONE', #4708, #4832, #2276, .T. ) ;
#1409 = EDGE_CURVE ( 'NONE', #1833, #2987, #618, .T. ) ;
#1410 = AXIS2_PLACEMENT_3D ( 'NONE', #728, #4635, #4245 ) ;
#1411 = VERTEX_POINT ( 'NONE', #4786 ) ;
#1412 = FACE_OUTER_BOUND ( 'NONE', #1527, .T. ) ;
#1413 = CARTESIAN_POINT ( 'NONE',  ( 1.855136904953239352, 7.742662825691712492, 0.3943737810124168242 ) ) ;
#1414 = CARTESIAN_POINT ( 'NONE',  ( -2.247324559927049048, 7.637776314144706369, 0.1955120260061224136 ) ) ;
#1415 = ORIENTED_EDGE ( 'NONE', *, *, #3882, .F. ) ;
#1416 = EDGE_CURVE ( 'NONE', #4458, #195, #2370, .T. ) ;
#1417 = ORIENTED_EDGE ( 'NONE', *, *, #4403, .T. ) ;
#1418 = DIRECTION ( 'NONE',  ( 0.000000000000000000, -4.561287166080863615E-16, 1.000000000000000000 ) ) ;
#1419 = DIRECTION ( 'NONE',  ( -0.000000000000000000, -1.836970198721029441E-16, 1.000000000000000000 ) ) ;
#1420 = CARTESIAN_POINT ( 'NONE',  ( 7.311959341363692744, -1.668907004672287808, -1.684300892242749315E-15 ) ) ;
#1421 = DIRECTION ( 'NONE',  ( -0.6234898018587319291, -0.7818314824680310249, -1.497979813192533910E-16 ) ) ;
#1422 = FACE_OUTER_BOUND ( 'NONE', #3631, .T. ) ;
#1423 = ORIENTED_EDGE ( 'NONE', *, *, #2119, .T. ) ;
#1424 = EDGE_CURVE ( 'NONE', #256, #4253, #1442, .T. ) ;
#1425 = ORIENTED_EDGE ( 'NONE', *, *, #3488, .T. ) ;
#1426 = FACE_BOUND ( 'NONE', #264, .T. ) ;
#1427 = DIRECTION ( 'NONE',  ( 0.000000000000000000, 1.836970198721029441E-16, -1.000000000000000000 ) ) ;
#1428 = DIRECTION ( 'NONE',  ( 0.000000000000000000, -1.000000000000000000, -1.971276677246372258E-16 ) ) ;
#1429 = CARTESIAN_POINT ( 'NONE',  ( -6.224581418110859410, 4.963938037875287534, -5.506502645942776303E-16 ) ) ;
#1430 = ORIENTED_EDGE ( 'NONE', *, *, #4494, .T. ) ;
#1431 = ADVANCED_FACE ( 'NONE', ( #3604, #2794 ), #419, .F. ) ;
#1432 = DIRECTION ( 'NONE',  ( -0.000000000000000000, -0.000000000000000000, -1.000000000000000000 ) ) ;
#1433 = DIRECTION ( 'NONE',  ( 0.000000000000000000, -1.000000000000000000, -1.971276677246372258E-16 ) ) ;
#1434 = VERTEX_POINT ( 'NONE', #440 ) ;
#1435 = EDGE_LOOP ( 'NONE', ( #807, #3758, #2147, #3933 ) ) ;
#1436 = CARTESIAN_POINT ( 'NONE',  ( -4.979876246353343916, -6.211837670573967962, -0.5833333333333360349 ) ) ;
#1437 = FACE_OUTER_BOUND ( 'NONE', #1593, .T. ) ;
#1438 = DIRECTION ( 'NONE',  ( -0.000000000000000000, -1.836970198721029441E-16, 1.000000000000000000 ) ) ;
#1439 = DIRECTION ( 'NONE',  ( 0.2225209339563181954, 0.9749279121818227312, 1.790913520579321308E-16 ) ) ;
#1440 = EDGE_CURVE ( 'NONE', #476, #3883, #1949, .T. ) ;
#1441 = ORIENTED_EDGE ( 'NONE', *, *, #4363, .F. ) ;
#1442 = CIRCLE ( 'NONE', #3614, 2.120592687679978106 ) ;
#1443 = EDGE_LOOP ( 'NONE', ( #158, #4489, #4074, #1707 ) ) ;
#1444 = FACE_OUTER_BOUND ( 'NONE', #324, .T. ) ;
#1445 = CARTESIAN_POINT ( 'NONE',  ( -6.813202880339208178, 3.135325582987753101, -0.5833333333333339255 ) ) ;
#1446 = DIRECTION ( 'NONE',  ( -0.000000000000000000, -0.000000000000000000, -1.000000000000000000 ) ) ;
#1447 = EDGE_CURVE ( 'NONE', #1256, #1904, #1277, .T. ) ;
#1448 = CARTESIAN_POINT ( 'NONE',  ( 1.317161716783746161, -7.852030104018064449, 0.3928809633436697313 ) ) ;
#1449 = CARTESIAN_POINT ( 'NONE',  ( 6.987304052840555890, -3.816238560115708722, 0.5833333333333313719 ) ) ;
#1450 = ORIENTED_EDGE ( 'NONE', *, *, #5131, .F. ) ;
#1451 = AXIS2_PLACEMENT_3D ( 'NONE', #1704, #450, #88 ) ;
#1452 = DIRECTION ( 'NONE',  ( -1.224646799147352468E-16, 1.000000000000000000, 0.000000000000000000 ) ) ;
#1453 = CARTESIAN_POINT ( 'NONE',  ( -5.317727414470907910, -5.925459212945363596, -0.3928810727415416038 ) ) ;
#1454 = ORIENTED_EDGE ( 'NONE', *, *, #2768, .F. ) ;
#1455 = EDGE_LOOP ( 'NONE', ( #5009, #572, #4357, #704 ) ) ;
#1456 = DIRECTION ( 'NONE',  ( -1.436201133715656092E-16, -6.916380135000592297E-17, 1.000000000000000000 ) ) ;
#1457 = CARTESIAN_POINT ( 'NONE',  ( -5.863736118510232131, 4.676173513940490523, -5.187285101250444346E-16 ) ) ;
#1458 = FACE_OUTER_BOUND ( 'NONE', #2469, .T. ) ;
#1459 = DIRECTION ( 'NONE',  ( 0.6234898018587319291, 0.7818314824680310249, 1.497979813192533910E-16 ) ) ;
#1460 = DIRECTION ( 'NONE',  ( 0.2225209339563181954, -0.9749279121818227312, -1.734723475976807587E-16 ) ) ;
#1461 = DIRECTION ( 'NONE',  ( 0.6234898018587320401, 0.7818314824680310249, -0.000000000000000000 ) ) ;
#1462 = AXIS2_PLACEMENT_3D ( 'NONE', #4833, #2117, #3725 ) ;
#1463 = ORIENTED_EDGE ( 'NONE', *, *, #1577, .T. ) ;
#1464 = ORIENTED_EDGE ( 'NONE', *, *, #2979, .F. ) ;
#1465 = AXIS2_PLACEMENT_3D ( 'NONE', #160, #1380, #502 ) ;
#1466 = EDGE_CURVE ( 'NONE', #1434, #1302, #2200, .T. ) ;
#1467 = CARTESIAN_POINT ( 'NONE',  ( 0.000000000000000000, 3.375432740149905665E-16, 1.662499999999993872 ) ) ;
#1468 = CARTESIAN_POINT ( 'NONE',  ( -4.649350407733599839E-17, 2.037013509436028154E-16, -0.5833333333333333703 ) ) ;
#1469 = CARTESIAN_POINT ( 'NONE',  ( -6.861992612664364444, -1.566205035154085490, 1.844711225215974304 ) ) ;
#1470 = CIRCLE ( 'NONE', #2651, 4.000000000000000000 ) ;
#1471 = AXIS2_PLACEMENT_3D ( 'NONE', #3079, #4578, #987 ) ;
#1472 = AXIS2_PLACEMENT_3D ( 'NONE', #2266, #4162, #4576 ) ;
#1473 = ADVANCED_FACE ( 'NONE', ( #4072, #4838 ), #3297, .F. ) ;
#1474 = DIRECTION ( 'NONE',  ( -0.9009688679024218105, 0.4338837391175526248, 2.021678297615947326E-16 ) ) ;
#1475 = TOROIDAL_SURFACE ( 'NONE', #3322, 8.454576923076913886, 0.03150000000000000022 ) ;
#1476 = CARTESIAN_POINT ( 'NONE',  ( 0.000000000000000000, 7.500000000000000000, 0.000000000000000000 ) ) ;
#1477 = CIRCLE ( 'NONE', #2995, 1.901572311514119207 ) ;
#1478 = CIRCLE ( 'NONE', #1563, 7.961538461538453681 ) ;
#1479 = ORIENTED_EDGE ( 'NONE', *, *, #143, .F. ) ;
#1480 = AXIS2_PLACEMENT_3D ( 'NONE', #903, #2943, #2087 ) ;
#1481 = EDGE_CURVE ( 'NONE', #1265, #3431, #4182, .T. ) ;
#1482 = CARTESIAN_POINT ( 'NONE',  ( -7.135731306672404628, -3.531529312839295720, -0.3943737810124186005 ) ) ;
#1483 = AXIS2_PLACEMENT_3D ( 'NONE', #5120, #2301, #1994 ) ;
#1484 = CARTESIAN_POINT ( 'NONE',  ( 6.224581418110788356, 4.963938037875375464, -1.844711225215977635 ) ) ;
#1485 = ORIENTED_EDGE ( 'NONE', *, *, #2792, .F. ) ;
#1486 = CIRCLE ( 'NONE', #829, 0.8411054325275149068 ) ;
#1487 = EDGE_LOOP ( 'NONE', ( #2934, #107, #4469, #3399 ) ) ;
#1488 = CARTESIAN_POINT ( 'NONE',  ( 4.649350407733599839E-17, -2.037013509436028154E-16, 0.5833333333333333703 ) ) ;
#1489 = DIRECTION ( 'NONE',  ( 0.9749279121818227312, -0.2225209339563181954, -2.245734522990352569E-16 ) ) ;
#1490 = CALENDAR_DATE ( 2026, 18, 1 ) ;
#1491 = DIRECTION ( 'NONE',  ( 7.970314984685941186E-17, 3.492023159033202954E-16, -1.000000000000000000 ) ) ;
#1492 = DIRECTION ( 'NONE',  ( 0.000000000000000000, -1.000000000000000000, -2.029135416122166580E-16 ) ) ;
#1493 = CARTESIAN_POINT ( 'NONE',  ( -1.855136904953239130, 7.742662825691712492, -0.3943737810124165466 ) ) ;
#1494 = ORIENTED_EDGE ( 'NONE', *, *, #744, .T. ) ;
#1495 = VERTEX_POINT ( 'NONE', #3628 ) ;
#1496 = CARTESIAN_POINT ( 'NONE',  ( 0.000000000000000000, 0.000000000000000000, 0.5833333333333333703 ) ) ;
#1497 = DIRECTION ( 'NONE',  ( -1.000000000000000000, 0.000000000000000000, 0.000000000000000000 ) ) ;
#1498 = B_SPLINE_CURVE_WITH_KNOTS ( 'NONE', 3,
 ( #5115, #1507, #2691, #3108, #3912, #1116 ),
 .UNSPECIFIED., .F., .F.,
 ( 4, 2, 4 ),
 ( 2.073038737332970462E-07, 0.0005897655573085429717, 0.001179323810743352794 ),
 .UNSPECIFIED. ) ;
#1499 = DIRECTION ( 'NONE',  ( -0.000000000000000000, -0.000000000000000000, -1.000000000000000000 ) ) ;
#1500 = EDGE_CURVE ( 'NONE', #3695, #3082, #2616, .T. ) ;
#1501 = DIRECTION ( 'NONE',  ( -0.000000000000000000, -1.836970198721029441E-16, 1.000000000000000000 ) ) ;
#1502 = DIRECTION ( 'NONE',  ( -0.000000000000000000, -1.836970198721029441E-16, 1.000000000000000000 ) ) ;
#1503 = CARTESIAN_POINT ( 'NONE',  ( 0.000000000000000000, 10.65000000000000746, 3.499999999999989342 ) ) ;
#1504 = EDGE_CURVE ( 'NONE', #4865, #3443, #5001, .T. ) ;
#1505 = ORIENTED_EDGE ( 'NONE', *, *, #2374, .F. ) ;
#1506 = DIRECTION ( 'NONE',  ( 7.970314984686170449E-17, -3.492023159033191121E-16, 1.000000000000000000 ) ) ;
#1507 = CARTESIAN_POINT ( 'NONE',  ( -6.838936598349706131, 3.079405061488388551, -0.3937361966030410443 ) ) ;
#1508 = EDGE_CURVE ( 'NONE', #2781, #2956, #1863, .T. ) ;
#1509 = ORIENTED_EDGE ( 'NONE', *, *, #2605, .F. ) ;
#1510 = ORIENTED_EDGE ( 'NONE', *, *, #2252, .F. ) ;
#1511 = CARTESIAN_POINT ( 'NONE',  ( -1.655765986305277604, -7.787460027100757465, -0.1996067795145037849 ) ) ;
#1512 = CARTESIAN_POINT ( 'NONE',  ( 1.372857368525346677, -7.842280109779409258, -0.5833333333333361459 ) ) ;
#1513 = CARTESIAN_POINT ( 'NONE',  ( -1.480390568387041084, -7.352702441764709995, 0.3937336164760092960 ) ) ;
#1514 = CARTESIAN_POINT ( 'NONE',  ( -7.181928819271083952, 3.435985027540071624, -0.5833333333333339255 ) ) ;
#1515 = CARTESIAN_POINT ( 'NONE',  ( 7.946358075638804586, 0.4914143224317932823, 0.1955120260061217752 ) ) ;
#1516 = DIRECTION ( 'NONE',  ( -0.9749279121818257288, -0.2225209339563050392, -2.245734522990328904E-16 ) ) ;
#1517 = ORIENTED_EDGE ( 'NONE', *, *, #4896, .F. ) ;
#1518 = EDGE_LOOP ( 'NONE', ( #1078, #2103, #2130, #2389 ) ) ;
#1519 = EDGE_LOOP ( 'NONE', ( #822, #1182, #3541, #784 ) ) ;
#1520 = CARTESIAN_POINT ( 'NONE',  ( 3.254128043381644630, -6.757266509268164079, -7.517604565864314354E-15 ) ) ;
#1521 = CARTESIAN_POINT ( 'NONE',  ( 5.159978546447372750E-16, -4.076884469938527822, -3.226884469938536171 ) ) ;
#1522 = CARTESIAN_POINT ( 'NONE',  ( 4.260891602597741468, 6.172293836208173623, -0.3916088451970446416 ) ) ;
#1523 = AXIS2_PLACEMENT_3D ( 'NONE', #722, #498, #2436 ) ;
#1524 = PLANE ( 'NONE',  #3643 ) ;
#1525 = CARTESIAN_POINT ( 'NONE',  ( 1.044699553671270845E-16, 1.310011805077708007E-16, -0.5833333333333333703 ) ) ;
#1526 = CARTESIAN_POINT ( 'NONE',  ( -4.301095606906517155, 6.144149784992163355, -0.5833333333333335924 ) ) ;
#1527 = EDGE_LOOP ( 'NONE', ( #3693, #3812, #208, #2562 ) ) ;
#1528 = EDGE_CURVE ( 'NONE', #3506, #3179, #1023, .T. ) ;
#1529 = CARTESIAN_POINT ( 'NONE',  ( 4.896798967129280200, 6.277875467473403859, -0.3943750851858325857 ) ) ;
#1530 = CARTESIAN_POINT ( 'NONE',  ( -1.289137481157800025, -7.856476262118744280, 0.1955120260060740356 ) ) ;
#1531 = ORIENTED_EDGE ( 'NONE', *, *, #608, .F. ) ;
#1532 = ORIENTED_EDGE ( 'NONE', *, *, #3971, .F. ) ;
#1533 = CYLINDRICAL_SURFACE ( 'NONE', #1248, 7.499999999999998224 ) ;
#1534 = EDGE_CURVE ( 'NONE', #2145, #3910, #4114, .T. ) ;
#1535 = CARTESIAN_POINT ( 'NONE',  ( 0.000000000000000000, 6.429395695523856342E-17, 3.149999999999987477 ) ) ;
#1536 =( NAMED_UNIT ( * ) SI_UNIT ( $, .STERADIAN. ) SOLID_ANGLE_UNIT ( ) );
#1537 = DIRECTION ( 'NONE',  ( -0.2225209339563182231, 0.9749279121818227312, 1.790913520579321308E-16 ) ) ;
#1538 = B_SPLINE_CURVE_WITH_KNOTS ( 'NONE', 3,
 ( #51, #3611, #4355, #759, #1572, #4822 ),
 .UNSPECIFIED., .F., .F.,
 ( 4, 2, 4 ),
 ( 2.073038737336086220E-07, 0.0005897655573085429717, 0.001179323810743352361 ),
 .UNSPECIFIED. ) ;
#1539 = CARTESIAN_POINT ( 'NONE',  ( 6.813202880339166434, 3.135325582987843251, 0.5833333333333325932 ) ) ;
#1540 = DIRECTION ( 'NONE',  ( 0.000000000000000000, -1.000000000000000000, -2.029135416122166087E-16 ) ) ;
#1541 = TOROIDAL_SURFACE ( 'NONE', #4368, 8.580576923076911555, 0.03150000000000000022 ) ;
#1542 = VERTEX_POINT ( 'NONE', #858 ) ;
#1543 = ORIENTED_EDGE ( 'NONE', *, *, #81, .F. ) ;
#1544 = ORIENTED_EDGE ( 'NONE', *, *, #3624, .F. ) ;
#1545 = PLANE ( 'NONE',  #2082 ) ;
#1546 = EDGE_CURVE ( 'NONE', #4177, #3373, #2461, .T. ) ;
#1547 = FACE_OUTER_BOUND ( 'NONE', #665, .T. ) ;
#1548 = PLANE ( 'NONE',  #230 ) ;
#1549 = AXIS2_PLACEMENT_3D ( 'NONE', #4755, #4731, #1926 ) ;
#1550 = DIRECTION ( 'NONE',  ( -1.000000000000000000, 0.000000000000000000, 0.000000000000000000 ) ) ;
#1551 = TOROIDAL_SURFACE ( 'NONE', #2812, 1.417427986384464766, 0.8411054325275151289 ) ;
#1552 = DIRECTION ( 'NONE',  ( -0.000000000000000000, -1.836970198721029441E-16, 1.000000000000000000 ) ) ;
#1553 = DIRECTION ( 'NONE',  ( -1.790913520579321308E-16, -2.245734522990356514E-16, 1.000000000000000000 ) ) ;
#1554 = CARTESIAN_POINT ( 'NONE',  ( -1.372857368525041366, -7.842280109779170338, -0.5833333333333360349 ) ) ;
#1555 = AXIS2_PLACEMENT_3D ( 'NONE', #4118, #539, #3345 ) ;
#1556 = CIRCLE ( 'NONE', #4629, 1.809889355220186902 ) ;
#1557 = CIRCLE ( 'NONE', #3807, 8.549076923076908585 ) ;
#1558 = ORIENTED_EDGE ( 'NONE', *, *, #3715, .T. ) ;
#1559 = CARTESIAN_POINT ( 'NONE',  ( 7.961512308955458472, 0.02040658978910746268, -0.5833333333333344806 ) ) ;
#1560 = EDGE_CURVE ( 'NONE', #4832, #1434, #4501, .T. ) ;
#1561 = CIRCLE ( 'NONE', #3241, 1.844711225215976746 ) ;
#1562 = CARTESIAN_POINT ( 'NONE',  ( 4.649350407733599839E-17, -2.037013509436028154E-16, 0.5833333333333333703 ) ) ;
#1563 = AXIS2_PLACEMENT_3D ( 'NONE', #4413, #425, #3969 ) ;
#1564 = AXIS2_PLACEMENT_3D ( 'NONE', #4943, #4609, #241 ) ;
#1565 = VERTEX_POINT ( 'NONE', #4096 ) ;
#1566 = VERTEX_POINT ( 'NONE', #126 ) ;
#1567 = CARTESIAN_POINT ( 'NONE',  ( 7.135731306672452590, -3.531529312839198909, 0.3943737810124149368 ) ) ;
#1568 = CIRCLE ( 'NONE', #4314, 1.901572311514110769 ) ;
#1569 = FACE_OUTER_BOUND ( 'NONE', #2388, .T. ) ;
#1570 = PERSON_AND_ORGANIZATION_ROLE ( 'creator' ) ;
#1571 = CARTESIAN_POINT ( 'NONE',  ( -6.861992612664364444, -1.566205035154085046, -1.580651606566288715E-15 ) ) ;
#1572 = CARTESIAN_POINT ( 'NONE',  ( -4.524003842504809469, 5.982238599813930691, -0.3937336164760122381 ) ) ;
#1573 = CC_DESIGN_SECURITY_CLASSIFICATION ( #4729, ( #1161 ) ) ;
#1574 = CARTESIAN_POINT ( 'NONE',  ( -7.311959341363692744, -1.668907004672287808, -6.582888088832161947E-15 ) ) ;
#1575 = VERTEX_POINT ( 'NONE', #521 ) ;
#1576 = CIRCLE ( 'NONE', #2917, 0.8411054325275147958 ) ;
#1577 = EDGE_CURVE ( 'NONE', #536, #3790, #197, .T. ) ;
#1578 = EDGE_LOOP ( 'NONE', ( #2977, #4762, #529, #1944 ) ) ;
#1579 = VERTEX_POINT ( 'NONE', #2122 ) ;
#1580 = CARTESIAN_POINT ( 'NONE',  ( 1.050817606368378066E-15, -8.580576923076909779, 3.499999999999985345 ) ) ;
#1581 = CARTESIAN_POINT ( 'NONE',  ( -3.254128043381644630, -6.757266509268164079, -2.619017369274901722E-15 ) ) ;
#1582 = CYLINDRICAL_SURFACE ( 'NONE', #1821, 7.961538461538454570 ) ;
#1583 = CARTESIAN_POINT ( 'NONE',  ( 2.122000487180449646, 7.193546686619591846, -0.5833333333333333703 ) ) ;
#1584 = CIRCLE ( 'NONE', #4084, 1.901572311514110769 ) ;
#1585 = EDGE_CURVE ( 'NONE', #2470, #4280, #26, .T. ) ;
#1586 = CARTESIAN_POINT ( 'NONE',  ( 1.655765986305386184, -7.787460027100735260, 0.1996067795144981782 ) ) ;
#1587 = CARTESIAN_POINT ( 'NONE',  ( -6.699258762453288440, -3.371932981791421646, 0.5833333333333315940 ) ) ;
#1588 = PLANE ( 'NONE',  #2904 ) ;
#1589 = DIRECTION ( 'NONE',  ( -0.000000000000000000, -1.836970198721029441E-16, 1.000000000000000000 ) ) ;
#1590 = DIRECTION ( 'NONE',  ( 0.9749279121818257288, -0.2225209339563050392, -2.245734522990332355E-16 ) ) ;
#1591 = EDGE_CURVE ( 'NONE', #1672, #480, #185, .T. ) ;
#1592 = ORIENTED_EDGE ( 'NONE', *, *, #2696, .T. ) ;
#1593 = EDGE_LOOP ( 'NONE', ( #2714, #1930, #4582, #89 ) ) ;
#1594 = DIRECTION ( 'NONE',  ( -0.000000000000000000, -1.836970198721029441E-16, 1.000000000000000000 ) ) ;
#1595 = DIRECTION ( 'NONE',  ( -0.2225209339563181954, 0.9749279121818227312, 1.734723475976807587E-16 ) ) ;
#1596 = ORIENTED_EDGE ( 'NONE', *, *, #3190, .F. ) ;
#1597 = DIRECTION ( 'NONE',  ( -7.970314984685942419E-17, -3.492023159033202954E-16, 1.000000000000000000 ) ) ;
#1598 = CARTESIAN_POINT ( 'NONE',  ( 0.000000000000000000, 6.429395695523856342E-17, 3.149999999999987477 ) ) ;
#1599 = ORIENTED_EDGE ( 'NONE', *, *, #1027, .T. ) ;
#1600 = EDGE_LOOP ( 'NONE', ( #703, #1417, #2999, #3784 ) ) ;
#1601 = VERTEX_POINT ( 'NONE', #4638 ) ;
#1602 = FACE_OUTER_BOUND ( 'NONE', #203, .T. ) ;
#1603 = CARTESIAN_POINT ( 'NONE',  ( 0.000000000000000000, 6.429395695523659127E-17, 3.149999999999998135 ) ) ;
#1604 = DIRECTION ( 'NONE',  ( 1.000000000000000000, 0.000000000000000000, -0.000000000000000000 ) ) ;
#1605 = EDGE_CURVE ( 'NONE', #3521, #1702, #1200, .T. ) ;
#1606 = FACE_OUTER_BOUND ( 'NONE', #3313, .T. ) ;
#1607 = DIRECTION ( 'NONE',  ( 0.000000000000000000, 0.000000000000000000, 1.000000000000000000 ) ) ;
#1608 = CIRCLE ( 'NONE', #3440, 2.120592687679978106 ) ;
#1609 = EDGE_CURVE ( 'NONE', #1302, #1434, #4276, .T. ) ;
#1610 = DIRECTION ( 'NONE',  ( 7.970314984685941186E-17, 3.492023159033202954E-16, -1.000000000000000000 ) ) ;
#1611 = CARTESIAN_POINT ( 'NONE',  ( -4.240750177006271215, 6.185954895197181003, 0.1936861211537723448 ) ) ;
#1612 = DIRECTION ( 'NONE',  ( 1.000000000000000000, 0.000000000000000000, -1.198086688955197526E-16 ) ) ;
#1613 = DIRECTION ( 'NONE',  ( 0.000000000000000000, 1.000000000000000000, 1.836970198721029441E-16 ) ) ;
#1614 = EDGE_LOOP ( 'NONE', ( #2869, #4872, #1369, #4453 ) ) ;
#1615 = ORIENTED_EDGE ( 'NONE', *, *, #1534, .F. ) ;
#1616 = CARTESIAN_POINT ( 'NONE',  ( -7.761926070062968641, -1.771608974190686414, -1.787950177919244625E-15 ) ) ;
#1617 = FACE_OUTER_BOUND ( 'NONE', #1070, .T. ) ;
#1618 = PERSON_AND_ORGANIZATION ( #4594, #4229 ) ;
#1619 = ORIENTED_EDGE ( 'NONE', *, *, #442, .F. ) ;
#1620 = CARTESIAN_POINT ( 'NONE',  ( -7.960655432416910315, 0.1185738648640171367, -0.2000208454323507967 ) ) ;
#1621 = CARTESIAN_POINT ( 'NONE',  ( -1.751708200715646369, -7.766441466598561938, -0.5833333333333360349 ) ) ;
#1622 = ORIENTED_EDGE ( 'NONE', *, *, #648, .T. ) ;
#1623 = ORIENTED_EDGE ( 'NONE', *, *, #4475, .F. ) ;
#1624 = ORIENTED_EDGE ( 'NONE', *, *, #235, .F. ) ;
#1625 = DIRECTION ( 'NONE',  ( 0.000000000000000000, -2.350941779212228089E-16, 1.000000000000000000 ) ) ;
#1626 = CARTESIAN_POINT ( 'NONE',  ( -6.224581418110859410, 4.963938037875287534, 1.844711225215976080 ) ) ;
#1627 = CARTESIAN_POINT ( 'NONE',  ( 0.000000000000000000, 7.500000000000000000, -0.5833333333333333703 ) ) ;
#1628 = CIRCLE ( 'NONE', #3713, 1.844711225215975636 ) ;
#1629 = CARTESIAN_POINT ( 'NONE',  ( -4.825565828033961502, -5.741750941255893359, -0.3937336164760142920 ) ) ;
#1630 = EDGE_CURVE ( 'NONE', #4818, #4177, #4931, .T. ) ;
#1631 = ADVANCED_FACE ( 'NONE', ( #4330, #4743 ), #3840, .T. ) ;
#1632 = DIRECTION ( 'NONE',  ( 1.000000000000000000, 0.000000000000000000, 0.000000000000000000 ) ) ;
#1633 = DIRECTION ( 'NONE',  ( 1.436201133715656092E-16, 6.916380135000592297E-17, -1.000000000000000000 ) ) ;
#1634 = DIRECTION ( 'NONE',  ( 0.000000000000000000, -1.000000000000000000, -2.127511202203582866E-16 ) ) ;
#1635 = CIRCLE ( 'NONE', #2306, 1.809889355220185791 ) ;
#1636 = AXIS2_PLACEMENT_3D ( 'NONE', #1364, #2549, #2964 ) ;
#1637 = ADVANCED_FACE ( 'NONE', ( #699 ), #758, .T. ) ;
#1638 = CARTESIAN_POINT ( 'NONE',  ( -6.987304052841144753, -3.816238560114634915, 0.5833333333333314830 ) ) ;
#1639 = CARTESIAN_POINT ( 'NONE',  ( -4.649350407733466103E-17, -2.037013509436035303E-16, 0.5833333333333333703 ) ) ;
#1640 = TOROIDAL_SURFACE ( 'NONE', #717, 1.417427986384464766, 0.8411054325275151289 ) ;
#1641 = AXIS2_PLACEMENT_3D ( 'NONE', #2902, #957, #4479 ) ;
#1642 = EDGE_CURVE ( 'NONE', #183, #1240, #689, .T. ) ;
#1643 = ORIENTED_EDGE ( 'NONE', *, *, #2590, .F. ) ;
#1644 = ORIENTED_EDGE ( 'NONE', *, *, #1925, .F. ) ;
#1645 = CARTESIAN_POINT ( 'NONE',  ( 4.499132893420853208, 6.000650233001815437, -0.1975851869302455155 ) ) ;
#1646 = CIRCLE ( 'NONE', #2319, 7.961538461538453681 ) ;
#1647 = DIRECTION ( 'NONE',  ( -0.000000000000000000, -1.836970198721029441E-16, 1.000000000000000000 ) ) ;
#1648 = VERTEX_POINT ( 'NONE', #3174 ) ;
#1649 = AXIS2_PLACEMENT_3D ( 'NONE', #1169, #2769, #4344 ) ;
#1650 = CARTESIAN_POINT ( 'NONE',  ( 6.960201234421455219, -3.865862196059851819, 0.3928809633436703974 ) ) ;
#1651 = CARTESIAN_POINT ( 'NONE',  ( 4.389258082517562443, 6.277093657120577319, -0.5833333333333332593 ) ) ;
#1652 = ORIENTED_EDGE ( 'NONE', *, *, #2751, .F. ) ;
#1653 = CIRCLE ( 'NONE', #4556, 8.580576923076909779 ) ;
#1654 = EDGE_LOOP ( 'NONE', ( #2827, #2955, #750, #1162 ) ) ;
#1655 = AXIS2_PLACEMENT_3D ( 'NONE', #2706, #659, #3042 ) ;
#1656 = ORIENTED_EDGE ( 'NONE', *, *, #1424, .T. ) ;
#1657 = FACE_OUTER_BOUND ( 'NONE', #3974, .T. ) ;
#1658 = CIRCLE ( 'NONE', #4070, 1.901572311514109881 ) ;
#1659 = DIRECTION ( 'NONE',  ( 0.000000000000000000, -1.000000000000000000, -1.978193437517412109E-16 ) ) ;
#1660 = CARTESIAN_POINT ( 'NONE',  ( -4.870682697674658890, 6.297820633653386402, -0.2000208454323498253 ) ) ;
#1661 = DIRECTION ( 'NONE',  ( 0.000000000000000000, 1.000000000000000000, 1.836970198721029441E-16 ) ) ;
#1662 = CIRCLE ( 'NONE', #1744, 1.844711225215976746 ) ;
#1663 = ORIENTED_EDGE ( 'NONE', *, *, #2509, .T. ) ;
#1664 = VERTEX_POINT ( 'NONE', #4664 ) ;
#1665 = EDGE_CURVE ( 'NONE', #4253, #2145, #899, .T. ) ;
#1666 = DIRECTION ( 'NONE',  ( -0.000000000000000000, -1.836970198721029441E-16, 1.000000000000000000 ) ) ;
#1667 = DIRECTION ( 'NONE',  ( 0.000000000000000000, 1.000000000000000000, 1.836970198721029441E-16 ) ) ;
#1668 = DIRECTION ( 'NONE',  ( 7.970314984685941186E-17, 3.492023159033202954E-16, -1.000000000000000000 ) ) ;
#1669 = DIRECTION ( 'NONE',  ( -0.000000000000000000, -1.836970198721029441E-16, 1.000000000000000000 ) ) ;
#1670 = EDGE_CURVE ( 'NONE', #3993, #585, #57, .T. ) ;
#1671 = DIRECTION ( 'NONE',  ( 0.000000000000000000, -1.000000000000000000, -2.029135416122166087E-16 ) ) ;
#1672 = VERTEX_POINT ( 'NONE', #1179 ) ;
#1673 = VERTEX_POINT ( 'NONE', #2359 ) ;
#1674 = CARTESIAN_POINT ( 'NONE',  ( 0.000000000000000000, 1.280092682978750385E-15, -3.468500000000004579 ) ) ;
#1675 = APPROVAL_ROLE ( '' ) ;
#1676 = ORIENTED_EDGE ( 'NONE', *, *, #2193, .T. ) ;
#1677 = DIRECTION ( 'NONE',  ( -1.436201133715656092E-16, -6.916380135000592297E-17, 1.000000000000000000 ) ) ;
#1678 = ADVANCED_FACE ( 'NONE', ( #1859 ), #3943, .F. ) ;
#1679 = DIRECTION ( 'NONE',  ( -0.000000000000000000, -1.836970198721029441E-16, 1.000000000000000000 ) ) ;
#1680 = ORIENTED_EDGE ( 'NONE', *, *, #4304, .F. ) ;
#1681 = ORIENTED_EDGE ( 'NONE', *, *, #4437, .T. ) ;
#1682 = EDGE_LOOP ( 'NONE', ( #1479, #500, #535, #5148 ) ) ;
#1683 = DIRECTION ( 'NONE',  ( 0.7818314824680310249, -0.6234898018587320401, 6.916380135000592297E-17 ) ) ;
#1684 = CARTESIAN_POINT ( 'NONE',  ( 3.254128043381738333, -6.757266509268117893, -2.619017369274893045E-15 ) ) ;
#1685 = DIRECTION ( 'NONE',  ( 0.000000000000000000, 1.836970198721029441E-16, -1.000000000000000000 ) ) ;
#1686 = DIRECTION ( 'NONE',  ( 0.9749279121818258398, 0.2225209339563049560, 0.000000000000000000 ) ) ;
#1687 = ORIENTED_EDGE ( 'NONE', *, *, #3011, .F. ) ;
#1688 = VERTEX_POINT ( 'NONE', #3447 ) ;
#1689 = B_SPLINE_CURVE_WITH_KNOTS ( 'NONE', 3,
 ( #94, #2841, #2889, #2507, #3335, #4901 ),
 .UNSPECIFIED., .F., .F.,
 ( 4, 2, 4 ),
 ( 2.086319673477610474E-07, 0.0005915434850940108971, 0.001182878338220674178 ),
 .UNSPECIFIED. ) ;
#1690 = CARTESIAN_POINT ( 'NONE',  ( 7.340168270339200163, 3.083508462395022853, 0.5833333333333324822 ) ) ;
#1691 = PLANE ( 'NONE',  #721 ) ;
#1692 = DIRECTION ( 'NONE',  ( -0.000000000000000000, -1.836970198721029441E-16, 1.000000000000000000 ) ) ;
#1693 = ADVANCED_FACE ( 'NONE', ( #3553, #5069 ), #1640, .T. ) ;
#1694 = DIRECTION ( 'NONE',  ( 0.000000000000000000, -2.045092730507657007E-16, 1.000000000000000000 ) ) ;
#1695 = AXIS2_PLACEMENT_3D ( 'NONE', #1199, #3961, #2406 ) ;
#1696 = MANIFOLD_SOLID_BREP ( 'Fillet2', #5030 ) ;
#1697 = ORIENTED_EDGE ( 'NONE', *, *, #2196, .T. ) ;
#1698 = EDGE_CURVE ( 'NONE', #3468, #238, #3648, .T. ) ;
#1699 = ORIENTED_EDGE ( 'NONE', *, *, #73, .F. ) ;
#1700 = DIRECTION ( 'NONE',  ( 0.000000000000000000, -2.045092730507657007E-16, 1.000000000000000000 ) ) ;
#1701 = APPROVAL_DATE_TIME ( #4411, #4982 ) ;
#1702 = VERTEX_POINT ( 'NONE', #4248 ) ;
#1703 = CARTESIAN_POINT ( 'NONE',  ( 6.504939219813934415, -3.733063859046500177, -0.1978186137273940937 ) ) ;
#1704 = CARTESIAN_POINT ( 'NONE',  ( -4.649350407733466103E-17, -2.037013509436035303E-16, 0.5833333333333333703 ) ) ;
#1705 = ORIENTED_EDGE ( 'NONE', *, *, #3020, .F. ) ;
#1706 = EDGE_CURVE ( 'NONE', #3689, #4602, #4214, .T. ) ;
#1707 = ORIENTED_EDGE ( 'NONE', *, *, #803, .F. ) ;
#1708 = DIRECTION ( 'NONE',  ( -0.000000000000000000, -1.836970198721029441E-16, 1.000000000000000000 ) ) ;
#1709 = DIRECTION ( 'NONE',  ( -0.000000000000000000, -1.836970198721029441E-16, 1.000000000000000000 ) ) ;
#1710 = CARTESIAN_POINT ( 'NONE',  ( 0.000000000000000000, 1.285879139104721619E-15, -3.500000000000003997 ) ) ;
#1711 = ADVANCED_FACE ( 'NONE', ( #3114, #281 ), #1123, .T. ) ;
#1712 = DIRECTION ( 'NONE',  ( -0.4338837391175651703, 0.9009688679024158153, 3.492023159033191121E-16 ) ) ;
#1713 = EDGE_CURVE ( 'NONE', #2, #1355, #636, .T. ) ;
#1714 = ORIENTED_EDGE ( 'NONE', *, *, #851, .F. ) ;
#1715 = AXIS2_PLACEMENT_3D ( 'NONE', #3407, #1461, #263 ) ;
#1716 = CARTESIAN_POINT ( 'NONE',  ( 0.000000000000000000, -8.454576923076915662, 3.118499999999996497 ) ) ;
#1717 = CARTESIAN_POINT ( 'NONE',  ( -8.377839946674565218E-17, 4.034555078750226356E-17, -0.5833333333333333703 ) ) ;
#1718 = CARTESIAN_POINT ( 'NONE',  ( 3.053874009942861179, -6.341434724082384733, -2.457847069627206451E-15 ) ) ;
#1719 = CIRCLE ( 'NONE', #1549, 8.580576923076909779 ) ;
#1720 = DIRECTION ( 'NONE',  ( 1.790913520579326732E-16, -2.245734522990332355E-16, 1.000000000000000000 ) ) ;
#1721 = ORIENTED_EDGE ( 'NONE', *, *, #2657, .T. ) ;
#1722 = AXIS2_PLACEMENT_3D ( 'NONE', #3759, #524, #2127 ) ;
#1723 = EDGE_LOOP ( 'NONE', ( #929, #3021, #1463, #4289 ) ) ;
#1724 = EDGE_CURVE ( 'NONE', #866, #3467, #1557, .T. ) ;
#1725 = PLANE ( 'NONE',  #2065 ) ;
#1726 = SHAPE_DEFINITION_REPRESENTATION ( #1855, #1189 ) ;
#1727 = EDGE_LOOP ( 'NONE', ( #3896, #3497, #3859, #2996 ) ) ;
#1728 = FACE_OUTER_BOUND ( 'NONE', #3708, .T. ) ;
#1729 = AXIS2_PLACEMENT_3D ( 'NONE', #2487, #4814, #914 ) ;
#1730 = ORIENTED_EDGE ( 'NONE', *, *, #2689, .F. ) ;
#1731 = EDGE_LOOP ( 'NONE', ( #86, #2453, #4879, #787 ) ) ;
#1732 = DIRECTION ( 'NONE',  ( -0.2225209339563182231, 0.9749279121818227312, 1.790913520579321308E-16 ) ) ;
#1733 = CIRCLE ( 'NONE', #4631, 0.8411054325275151289 ) ;
#1734 = CARTESIAN_POINT ( 'NONE',  ( 1.347111479062088010E-15, 10.99999999999999645, 3.500000000000003553 ) ) ;
#1735 = DIRECTION ( 'NONE',  ( -1.790913520579321308E-16, -2.245734522990356514E-16, 1.000000000000000000 ) ) ;
#1736 = DIRECTION ( 'NONE',  ( -0.6234898018587320401, -0.7818314824680310249, -1.436201133715656092E-16 ) ) ;
#1737 = AXIS2_PLACEMENT_3D ( 'NONE', #3676, #2088, #4467 ) ;
#1738 = EDGE_CURVE ( 'NONE', #3266, #1307, #3155, .T. ) ;
#1739 = ORIENTED_EDGE ( 'NONE', *, *, #3794, .T. ) ;
#1740 = AXIS2_PLACEMENT_3D ( 'NONE', #4715, #5014, #1460 ) ;
#1741 = CIRCLE ( 'NONE', #3575, 1.844711225215976746 ) ;
#1742 = EDGE_LOOP ( 'NONE', ( #3546, #2678, #135, #548 ) ) ;
#1743 = CARTESIAN_POINT ( 'NONE',  ( -1.137136414198623990, -7.413293519394478004, 0.1978186137273870437 ) ) ;
#1744 = AXIS2_PLACEMENT_3D ( 'NONE', #2110, #2028, #1625 ) ;
#1745 = CARTESIAN_POINT ( 'NONE',  ( 5.033019310522022671, -5.560460108652195643, 0.5833333333333312609 ) ) ;
#1746 = MANIFOLD_SOLID_BREP ( 'CirPattern1[2]', #4711 ) ;
#1747 = VECTOR ( 'NONE', #4637, 1000.000000000000000 ) ;
#1748 = ADVANCED_FACE ( 'NONE', ( #791 ), #2808, .F. ) ;
#1749 = AXIS2_PLACEMENT_3D ( 'NONE', #3874, #2710, #296 ) ;
#1750 = DIRECTION ( 'NONE',  ( 0.000000000000000000, -1.000000000000000000, -3.594260066865592578E-16 ) ) ;
#1751 = DIRECTION ( 'NONE',  ( 0.4338837391175651703, -0.9009688679024157043, -3.492023159033191121E-16 ) ) ;
#1752 = VERTEX_POINT ( 'NONE', #4420 ) ;
#1753 = B_SPLINE_CURVE_WITH_KNOTS ( 'NONE', 3,
 ( #4241, #4736, #1066, #1530, #5035, #1144 ),
 .UNSPECIFIED., .F., .F.,
 ( 4, 2, 4 ),
 ( 2.056720454064992854E-07, 0.0005877628135804172571, 0.001175319955115428127 ),
 .UNSPECIFIED. ) ;
#1754 = EDGE_LOOP ( 'NONE', ( #3346, #3995, #4379, #4565 ) ) ;
#1755 = DIRECTION ( 'NONE',  ( 5.407443734259731898E-17, 4.312292479951138502E-17, 1.000000000000000000 ) ) ;
#1756 = CYLINDRICAL_SURFACE ( 'NONE', #4599, 10.99999999999999645 ) ;
#1757 = EDGE_CURVE ( 'NONE', #1954, #5112, #1312, .T. ) ;
#1758 = ORIENTED_EDGE ( 'NONE', *, *, #1353, .F. ) ;
#1759 = ORIENTED_EDGE ( 'NONE', *, *, #2196, .F. ) ;
#1760 = CARTESIAN_POINT ( 'NONE',  ( 7.644319603925866069, 0.4820353257836020311, -0.5833333333333344806 ) ) ;
#1761 = CARTESIAN_POINT ( 'NONE',  ( 1.044699553671274050E-16, -1.310011805077694202E-16, 0.5833333333333333703 ) ) ;
#1762 = DIRECTION ( 'NONE',  ( -0.000000000000000000, 1.000000000000000000, -0.000000000000000000 ) ) ;
#1763 = DIRECTION ( 'NONE',  ( 0.000000000000000000, -1.000000000000000000, -1.978193437517412849E-16 ) ) ;
#1764 = DIRECTION ( 'NONE',  ( -1.224646799147358877E-16, 1.000000000000000000, 0.000000000000000000 ) ) ;
#1765 = ORIENTED_EDGE ( 'NONE', *, *, #5097, .F. ) ;
#1766 = VERTEX_POINT ( 'NONE', #2427 ) ;
#1767 = ADVANCED_FACE ( 'NONE', ( #483, #376 ), #2366, .T. ) ;
#1768 = CARTESIAN_POINT ( 'NONE',  ( -2.191983003619645043, 7.172531668876429123, 0.1978186137273895695 ) ) ;
#1769 = PLANE ( 'NONE',  #5034 ) ;
#1770 = EDGE_CURVE ( 'NONE', #3663, #3007, #2505, .T. ) ;
#1771 = FACE_OUTER_BOUND ( 'NONE', #4170, .T. ) ;
#1772 = DIRECTION ( 'NONE',  ( 0.000000000000000000, 1.836970198721029441E-16, -1.000000000000000000 ) ) ;
#1773 = EDGE_LOOP ( 'NONE', ( #2326, #3273 ) ) ;
#1774 = VERTEX_POINT ( 'NONE', #2053 ) ;
#1775 = DIRECTION ( 'NONE',  ( 0.000000000000000000, 0.000000000000000000, -1.000000000000000000 ) ) ;
#1776 = AXIS2_PLACEMENT_3D ( 'NONE', #336, #3519, #4405 ) ;
#1777 = DIRECTION ( 'NONE',  ( 0.7818314824680221431, 0.6234898018587431423, -6.916380135000387687E-17 ) ) ;
#1778 = CARTESIAN_POINT ( 'NONE',  ( 1.325680160077009833E-15, 10.65000000000000746, -3.500000000000002665 ) ) ;
#1779 = ORIENTED_EDGE ( 'NONE', *, *, #2413, .F. ) ;
#1780 = B_SPLINE_CURVE_WITH_KNOTS ( 'NONE', 3,
 ( #3376, #137, #3718, #552, #4107, #1289 ),
 .UNSPECIFIED., .F., .F.,
 ( 4, 2, 4 ),
 ( 2.073038737331875143E-07, 0.0005897655573085429717, 0.001179323810743352794 ),
 .UNSPECIFIED. ) ;
#1781 = ORIENTED_EDGE ( 'NONE', *, *, #2004, .F. ) ;
#1782 = CARTESIAN_POINT ( 'NONE',  ( -7.362067247730854191, 3.031378824690703411, 0.3928810727415384951 ) ) ;
#1783 = CARTESIAN_POINT ( 'NONE',  ( -7.498850473186381649, 0.1313072000780882986, 0.5833333333333320381 ) ) ;
#1784 = DIRECTION ( 'NONE',  ( -0.2225209339563050392, -0.9749279121818257288, -5.662667214319737711E-17 ) ) ;
#1785 = CC_DESIGN_PERSON_AND_ORGANIZATION_ASSIGNMENT ( #3862, #4271, ( #1161 ) ) ;
#1786 = CARTESIAN_POINT ( 'NONE',  ( -4.388836072629169749, 6.276574060935999455, 0.5833333333333329263 ) ) ;
#1787 = CARTESIAN_POINT ( 'NONE',  ( 1.044699553671270845E-16, 1.310011805077708007E-16, -0.5833333333333333703 ) ) ;
#1788 = ORIENTED_EDGE ( 'NONE', *, *, #4866, .T. ) ;
#1789 = ORIENTED_EDGE ( 'NONE', *, *, #1770, .T. ) ;
#1790 = DIRECTION ( 'NONE',  ( -0.000000000000000000, -1.836970198721029441E-16, 1.000000000000000000 ) ) ;
#1791 = EDGE_CURVE ( 'NONE', #4267, #739, #4954, .T. ) ;
#1792 = DIRECTION ( 'NONE',  ( 0.000000000000000000, 1.836970198721029441E-16, -1.000000000000000000 ) ) ;
#1793 = DIRECTION ( 'NONE',  ( -0.7818314824680310249, 0.6234898018587320401, -6.916380135000592297E-17 ) ) ;
#1794 = CARTESIAN_POINT ( 'NONE',  ( -7.951147278005348262, 0.4066345263553243772, 0.5833333333333320381 ) ) ;
#1795 = AXIS2_PLACEMENT_3D ( 'NONE', #1787, #2624, #3379 ) ;
#1796 = EDGE_CURVE ( 'NONE', #763, #3057, #479, .T. ) ;
#1797 = ORIENTED_EDGE ( 'NONE', *, *, #4264, .F. ) ;
#1798 = AXIS2_PLACEMENT_3D ( 'NONE', #2741, #1951, #3211 ) ;
#1799 = DIRECTION ( 'NONE',  ( 0.000000000000000000, -4.701883558424456179E-16, 1.000000000000000000 ) ) ;
#1800 = ORIENTED_EDGE ( 'NONE', *, *, #4347, .F. ) ;
#1801 = CARTESIAN_POINT ( 'NONE',  ( 7.311959341363686526, -1.668907004672286254, -1.684300892242747738E-15 ) ) ;
#1802 = ADVANCED_FACE ( 'NONE', ( #3618 ), #2785, .T. ) ;
#1803 = AXIS2_PLACEMENT_3D ( 'NONE', #3828, #4621, #250 ) ;
#1804 = ORIENTED_EDGE ( 'NONE', *, *, #4003, .F. ) ;
#1805 = ORIENTED_EDGE ( 'NONE', *, *, #3422, .F. ) ;
#1806 = CARTESIAN_POINT ( 'NONE',  ( 6.974515780888329353, 2.757921255462582266, 0.1936861211537717897 ) ) ;
#1807 = CARTESIAN_POINT ( 'NONE',  ( 6.813202880339166434, 3.135325582987843251, -0.5833333333333341475 ) ) ;
#1808 = CARTESIAN_POINT ( 'NONE',  ( 1.796666265318784150, 7.281620034790707408, -0.5833333333333333703 ) ) ;
#1809 = AXIS2_PLACEMENT_3D ( 'NONE', #4328, #48, #1235 ) ;
#1810 = CARTESIAN_POINT ( 'NONE',  ( 0.000000000000000000, 0.000000000000000000, 3.500000000000001332 ) ) ;
#1811 = FACE_OUTER_BOUND ( 'NONE', #1773, .T. ) ;
#1812 = ORIENTED_EDGE ( 'NONE', *, *, #3794, .F. ) ;
#1813 = AXIS2_PLACEMENT_3D ( 'NONE', #3753, #2095, #3681 ) ;
#1814 = AXIS2_PLACEMENT_3D ( 'NONE', #1581, #849, #3183 ) ;
#1815 = CIRCLE ( 'NONE', #2647, 8.454576923076915662 ) ;
#1816 = ORIENTED_EDGE ( 'NONE', *, *, #3480, .F. ) ;
#1817 = DIRECTION ( 'NONE',  ( -1.000000000000000000, 0.000000000000000000, 0.000000000000000000 ) ) ;
#1818 = CIRCLE ( 'NONE', #1234, 1.809889355220185791 ) ;
#1819 = CARTESIAN_POINT ( 'NONE',  ( 7.498850473186379872, 0.1313072000781899118, 0.5833333333333322601 ) ) ;
#1820 = VECTOR ( 'NONE', #1375, 1000.000000000000000 ) ;
#1821 = AXIS2_PLACEMENT_3D ( 'NONE', #5078, #433, #3980 ) ;
#1822 = EDGE_CURVE ( 'NONE', #3203, #3373, #4775, .T. ) ;
#1823 = AXIS2_PLACEMENT_3D ( 'NONE', #790, #2365, #4750 ) ;
#1824 = CARTESIAN_POINT ( 'NONE',  ( 1.687995340218610529, -7.780811798326900508, -0.3943750851858358053 ) ) ;
#1825 = LOCAL_TIME ( 16, 16, 49.00000000000000000, #2383 ) ;
#1826 = CARTESIAN_POINT ( 'NONE',  ( 0.000000000000000000, -8.549076923076908585, 3.499999999999999556 ) ) ;
#1827 = AXIS2_PLACEMENT_3D ( 'NONE', #2382, #1149, #755 ) ;
#1828 = AXIS2_PLACEMENT_3D ( 'NONE', #731, #4713, #1122 ) ;
#1829 = ORIENTED_EDGE ( 'NONE', *, *, #2307, .T. ) ;
#1830 = ADVANCED_FACE ( 'NONE', ( #4751, #4802 ), #4006, .T. ) ;
#1831 = CARTESIAN_POINT ( 'NONE',  ( -7.164220644310455910, -3.472756431740058325, -0.5833333333333351467 ) ) ;
#1832 = SPHERICAL_SURFACE ( 'NONE', #111, 1.901572311514117208 ) ;
#1833 = VERTEX_POINT ( 'NONE', #2391 ) ;
#1834 = VERTEX_POINT ( 'NONE', #1212 ) ;
#1835 = DIRECTION ( 'NONE',  ( -0.000000000000000000, -1.836970198721029441E-16, 1.000000000000000000 ) ) ;
#1836 = ADVANCED_FACE ( 'NONE', ( #1187, #409 ), #2007, .T. ) ;
#1837 = CARTESIAN_POINT ( 'NONE',  ( 0.000000000000000000, -5.598427688485879017, -6.432505248036318665E-15 ) ) ;
#1838 = DIRECTION ( 'NONE',  ( 0.000000000000000000, -1.000000000000000000, -1.868900982405953608E-16 ) ) ;
#1839 = CARTESIAN_POINT ( 'NONE',  ( -5.033019310530547408, -5.560460108659750489, -0.5833333333333358128 ) ) ;
#1840 = CARTESIAN_POINT ( 'NONE',  ( 0.000000000000000000, 1.201611610437368271E-15, -3.041268939877070032 ) ) ;
#1841 = VERTEX_POINT ( 'NONE', #3228 ) ;
#1842 = EDGE_LOOP ( 'NONE', ( #451, #1202 ) ) ;
#1843 = CARTESIAN_POINT ( 'NONE',  ( -2.151889152159130347, 7.267209144213869543, 0.5833333333333335924 ) ) ;
#1844 = CARTESIAN_POINT ( 'NONE',  ( 6.606059593872401159, -3.714969558345526668, -0.5833333333333354798 ) ) ;
#1845 = CARTESIAN_POINT ( 'NONE',  ( 0.000000000000000000, 5.017050895308149611E-17, 3.226884469938532618 ) ) ;
#1846 = FACE_OUTER_BOUND ( 'NONE', #4788, .T. ) ;
#1847 = DIRECTION ( 'NONE',  ( -0.2225209339563050392, -0.9749279121818257288, -1.790913520579326732E-16 ) ) ;
#1848 = ORIENTED_EDGE ( 'NONE', *, *, #2119, .F. ) ;
#1849 = CARTESIAN_POINT ( 'NONE',  ( 3.454382076820612824, -7.173098294453844836, 1.844711225215973860 ) ) ;
#1850 = CARTESIAN_POINT ( 'NONE',  ( -5.275378915476219177, -5.962924783418372066, 0.5833333333333309279 ) ) ;
#1851 = B_SPLINE_CURVE_WITH_KNOTS ( 'NONE', 3,
 ( #239, #166, #1760, #3353, #4566, #998 ),
 .UNSPECIFIED., .F., .F.,
 ( 4, 2, 4 ),
 ( 0.002382424726574687308, 0.002617243293572901666, 0.002852061860571116023 ),
 .UNSPECIFIED. ) ;
#1852 = ADVANCED_FACE ( 'NONE', ( #4442, #946 ), #2601, .F. ) ;
#1853 = ORIENTED_EDGE ( 'NONE', *, *, #2948, .T. ) ;
#1854 = ORIENTED_EDGE ( 'NONE', *, *, #170, .F. ) ;
#1855 = PRODUCT_DEFINITION_SHAPE ( 'NONE', 'NONE',  #4138 ) ;
#1856 = CARTESIAN_POINT ( 'NONE',  ( -1.044699553671270845E-16, -1.310011805077708007E-16, 0.5833333333333333703 ) ) ;
#1857 = CARTESIAN_POINT ( 'NONE',  ( -7.485378982631663902, 0.4680827774506769456, -0.5833333333333345916 ) ) ;
#1858 = DIRECTION ( 'NONE',  ( -7.970314984686170449E-17, 3.492023159033191121E-16, -1.000000000000000000 ) ) ;
#1859 = FACE_OUTER_BOUND ( 'NONE', #1519, .T. ) ;
#1860 = CARTESIAN_POINT ( 'NONE',  ( -4.572796692799458107, 5.944706082416717052, -0.5833333333333335924 ) ) ;
#1861 = CARTESIAN_POINT ( 'NONE',  ( 0.000000000000000000, 7.961538461538457234, 1.844711225215976746 ) ) ;
#1862 = EDGE_LOOP ( 'NONE', ( #4831, #4044, #3164, #4482 ) ) ;
#1863 = CIRCLE ( 'NONE', #4763, 1.844711225215976746 ) ;
#1864 = EDGE_CURVE ( 'NONE', #4773, #1672, #2225, .T. ) ;
#1865 = EDGE_LOOP ( 'NONE', ( #4001, #1292, #2362, #2364 ) ) ;
#1866 = CARTESIAN_POINT ( 'NONE',  ( 0.000000000000000000, 0.000000000000000000, -0.5833333333333333703 ) ) ;
#1867 = DIRECTION ( 'NONE',  ( 0.7818314824680221431, 0.6234898018587430313, 0.000000000000000000 ) ) ;
#1868 = DIRECTION ( 'NONE',  ( 0.000000000000000000, 1.000000000000000000, 1.836970198721029441E-16 ) ) ;
#1869 = MANIFOLD_SOLID_BREP ( 'Revolve3', #716 ) ;
#1870 = ADVANCED_FACE ( 'NONE', ( #4536 ), #3055, .T. ) ;
#1871 = AXIS2_PLACEMENT_3D ( 'NONE', #3062, #3527, #1884 ) ;
#1872 = CARTESIAN_POINT ( 'NONE',  ( 1.372857368525346677, -7.842280109779409258, 0.5833333333333305948 ) ) ;
#1873 = CARTESIAN_POINT ( 'NONE',  ( 0.000000000000000000, 8.426752866735339759E-17, 3.041268939877067812 ) ) ;
#1874 = ORIENTED_EDGE ( 'NONE', *, *, #3776, .T. ) ;
#1875 = AXIS2_PLACEMENT_3D ( 'NONE', #4081, #4795, #1262 ) ;
#1876 = CARTESIAN_POINT ( 'NONE',  ( 0.000000000000000000, 0.000000000000000000, -0.5833333333333333703 ) ) ;
#1877 = CYLINDRICAL_SURFACE ( 'NONE', #3854, 7.961538461538453681 ) ;
#1878 = EDGE_CURVE ( 'NONE', #3689, #3820, #4384, .T. ) ;
#1879 = ORIENTED_EDGE ( 'NONE', *, *, #3457, .F. ) ;
#1880 = VERTEX_POINT ( 'NONE', #4852 ) ;
#1881 = PLANE ( 'NONE',  #3665 ) ;
#1882 = SPHERICAL_SURFACE ( 'NONE', #2430, 1.901572311514117208 ) ;
#1883 = DATE_AND_TIME ( #4329, #1825 ) ;
#1884 = DIRECTION ( 'NONE',  ( 1.000000000000000000, 0.000000000000000000, 0.000000000000000000 ) ) ;
#1885 = CARTESIAN_POINT ( 'NONE',  ( 6.851352656831330101, 3.051059944218814657, -0.1975851869304265929 ) ) ;
#1886 = CARTESIAN_POINT ( 'NONE',  ( 1.046959968951064042E-15, 8.549076923076908585, 3.500000000000003109 ) ) ;
#1887 = CIRCLE ( 'NONE', #2393, 7.499999999999998224 ) ;
#1888 = VERTEX_POINT ( 'NONE', #4491 ) ;
#1889 = VERTEX_POINT ( 'NONE', #2206 ) ;
#1890 = CARTESIAN_POINT ( 'NONE',  ( -5.087204400762654011, -5.510930176844356154, 0.1936861211537701244 ) ) ;
#1891 = CIRCLE ( 'NONE', #4796, 7.499999999999998224 ) ;
#1892 = CARTESIAN_POINT ( 'NONE',  ( 0.000000000000000000, 8.673617379884035472E-16, -6.199629803572018347E-15 ) ) ;
#1893 = DIRECTION ( 'NONE',  ( 1.224646799147352961E-16, 1.000000000000000000, 0.000000000000000000 ) ) ;
#1894 = EDGE_CURVE ( 'NONE', #2275, #25, #1780, .T. ) ;
#1895 = CARTESIAN_POINT ( 'NONE',  ( 4.241032019121945495, 6.185761670317982741, -0.1978186137272541500 ) ) ;
#1896 = CIRCLE ( 'NONE', #1471, 2.120592687679978106 ) ;
#1897 = CARTESIAN_POINT ( 'NONE',  ( -2.165736068126629554, 7.661310720612462433, -0.5833333333333331483 ) ) ;
#1898 = AXIS2_PLACEMENT_3D ( 'NONE', #2322, #1553, #3188 ) ;
#1899 = EDGE_CURVE ( 'NONE', #4818, #2671, #1316, .T. ) ;
#1900 = CARTESIAN_POINT ( 'NONE',  ( 4.778116898591094674, -5.780968682098027500, 0.5833333333333313719 ) ) ;
#1901 = CARTESIAN_POINT ( 'NONE',  ( 7.340168270339200163, 3.083508462395022853, -0.5833333333333342585 ) ) ;
#1902 = CIRCLE ( 'NONE', #3244, 2.120592687679978106 ) ;
#1903 = AXIS2_PLACEMENT_3D ( 'NONE', #1097, #3919, #4610 ) ;
#1904 = VERTEX_POINT ( 'NONE', #970 ) ;
#1905 = AXIS2_PLACEMENT_3D ( 'NONE', #4312, #2367, #826 ) ;
#1906 = DIRECTION ( 'NONE',  ( 1.000000000000000000, 1.224646799147353207E-16, 2.249639673992786138E-32 ) ) ;
#1907 = AXIS2_PLACEMENT_3D ( 'NONE', #4851, #1288, #848 ) ;
#1908 = CARTESIAN_POINT ( 'NONE',  ( 5.030835742879386174, -6.170984705681096472, 0.3943750851858306983 ) ) ;
#1909 = ORIENTED_EDGE ( 'NONE', *, *, #520, .F. ) ;
#1910 = ORIENTED_EDGE ( 'NONE', *, *, #1770, .F. ) ;
#1911 = DIRECTION ( 'NONE',  ( -0.000000000000000000, -1.836970198721029441E-16, 1.000000000000000000 ) ) ;
#1912 = DIRECTION ( 'NONE',  ( 0.7818314824680311359, 0.6234898018587320401, 0.000000000000000000 ) ) ;
#1913 = B_SPLINE_CURVE_WITH_KNOTS ( 'NONE', 3,
 ( #1690, #2059, #562, #174, #3647, #4925 ),
 .UNSPECIFIED., .F., .F.,
 ( 4, 2, 4 ),
 ( 2.056720468471664328E-07, 0.0005877628135819004456, 0.001175319955116953599 ),
 .UNSPECIFIED. ) ;
#1914 = DIRECTION ( 'NONE',  ( -1.436201133715656092E-16, -6.916380135000592297E-17, 1.000000000000000000 ) ) ;
#1915 = CARTESIAN_POINT ( 'NONE',  ( 6.813202880339166434, 3.135325582987843251, 0.5833333333333325932 ) ) ;
#1916 = CARTESIAN_POINT ( 'NONE',  ( -1.791498108671232714, 7.757359679761116844, 0.5833333333333337034 ) ) ;
#1917 = ADVANCED_FACE ( 'NONE', ( #3354 ), #632, .T. ) ;
#1918 = EDGE_LOOP ( 'NONE', ( #3137, #104, #2420, #1430 ) ) ;
#1919 = ORIENTED_EDGE ( 'NONE', *, *, #1706, .F. ) ;
#1920 = ORIENTED_EDGE ( 'NONE', *, *, #4062, .F. ) ;
#1921 = CARTESIAN_POINT ( 'NONE',  ( -5.069399827462789609, -5.527530487593551811, 0.3916306432850328312 ) ) ;
#1922 = CARTESIAN_POINT ( 'NONE',  ( -2.185773389884589690, 7.504169991214161506, 0.5833333333333333703 ) ) ;
#1923 = CARTESIAN_POINT ( 'NONE',  ( -1.209306557283115868, -7.401863120222639481, 0.5833333333333309279 ) ) ;
#1924 = CARTESIAN_POINT ( 'NONE',  ( 3.053874009942861623, -6.341434724082384733, -2.457847069627206846E-15 ) ) ;
#1925 = EDGE_CURVE ( 'NONE', #2157, #1579, #4624, .T. ) ;
#1926 = DIRECTION ( 'NONE',  ( 0.000000000000000000, 1.000000000000000000, 2.021686293973287471E-16 ) ) ;
#1927 = DIRECTION ( 'NONE',  ( 7.970314984686170449E-17, -3.492023159033191121E-16, 1.000000000000000000 ) ) ;
#1928 = DIRECTION ( 'NONE',  ( 0.000000000000000000, 1.000000000000000000, 2.168404344971008868E-16 ) ) ;
#1929 = EDGE_CURVE ( 'NONE', #3197, #453, #2396, .T. ) ;
#1930 = ORIENTED_EDGE ( 'NONE', *, *, #202, .F. ) ;
#1931 = EDGE_CURVE ( 'NONE', #536, #4917, #5029, .T. ) ;
#1932 = FACE_BOUND ( 'NONE', #3803, .T. ) ;
#1933 = CARTESIAN_POINT ( 'NONE',  ( 6.861992612664384872, -1.566205035153992231, -1.844711225215977191 ) ) ;
#1934 = ORIENTED_EDGE ( 'NONE', *, *, #3396, .T. ) ;
#1935 = EDGE_LOOP ( 'NONE', ( #1281, #2101, #5130, #2805 ) ) ;
#1936 = DIRECTION ( 'NONE',  ( 0.000000000000000000, -1.000000000000000000, -1.868900982405953362E-16 ) ) ;
#1937 = DIRECTION ( 'NONE',  ( 0.6234898018587431423, -0.7818314824680221431, 0.000000000000000000 ) ) ;
#1938 = APPLICATION_PROTOCOL_DEFINITION ( 'international standard', 'config_control_design', 1994, #2447 ) ;
#1939 = CARTESIAN_POINT ( 'NONE',  ( 0.000000000000000000, 7.008041308120783776E-17, 3.118499999999998273 ) ) ;
#1940 = FACE_OUTER_BOUND ( 'NONE', #2806, .T. ) ;
#1941 = DIRECTION ( 'NONE',  ( -0.000000000000000000, -1.836970198721029441E-16, 1.000000000000000000 ) ) ;
#1942 = ORIENTED_EDGE ( 'NONE', *, *, #1157, .T. ) ;
#1943 = EDGE_LOOP ( 'NONE', ( #2570, #1340, #4178, #346 ) ) ;
#1944 = ORIENTED_EDGE ( 'NONE', *, *, #1328, .T. ) ;
#1945 = CARTESIAN_POINT ( 'NONE',  ( 7.164220644310504760, -3.472756431739961513, 0.5833333333333313719 ) ) ;
#1946 = CARTESIAN_POINT ( 'NONE',  ( -3.254128043381644630, -6.757266509268164079, -2.619017369274901722E-15 ) ) ;
#1947 = DIRECTION ( 'NONE',  ( 0.000000000000000000, -1.000000000000000000, -1.978193437517411370E-16 ) ) ;
#1948 = CARTESIAN_POINT ( 'NONE',  ( 0.000000000000000000, 0.000000000000000000, 0.5833333333333333703 ) ) ;
#1949 = CIRCLE ( 'NONE', #859, 8.549076923076908585 ) ;
#1950 = EDGE_CURVE ( 'NONE', #1841, #4083, #592, .T. ) ;
#1951 = DIRECTION ( 'NONE',  ( -0.9009688679024157043, 0.4338837391175651703, 7.970314984686170449E-17 ) ) ;
#1952 = DIRECTION ( 'NONE',  ( 0.000000000000000000, -1.000000000000000000, -1.868900982405953362E-16 ) ) ;
#1953 = CARTESIAN_POINT ( 'NONE',  ( 8.054407794392202654E-16, 6.576923076923073097, 3.500000000000002665 ) ) ;
#1954 = VERTEX_POINT ( 'NONE', #4900 ) ;
#1955 = CARTESIAN_POINT ( 'NONE',  ( 7.801135455341692726, 0.4613871602864734744, 0.5833333333333320381 ) ) ;
#1956 = ADVANCED_FACE ( 'NONE', ( #167 ), #2991, .T. ) ;
#1957 = SPHERICAL_SURFACE ( 'NONE', #3523, 1.901572311514110769 ) ;
#1958 = ORIENTED_EDGE ( 'NONE', *, *, #1350, .T. ) ;
#1959 = ORIENTED_EDGE ( 'NONE', *, *, #3240, .F. ) ;
#1960 = DIRECTION ( 'NONE',  ( -7.970314984686170449E-17, 3.492023159033191121E-16, -1.000000000000000000 ) ) ;
#1961 = CARTESIAN_POINT ( 'NONE',  ( -7.951147278005348262, 0.4066345263553245437, -0.5833333333333347026 ) ) ;
#1962 = CARTESIAN_POINT ( 'NONE',  ( -1.450204412814497079, -7.358458206210022112, -0.1996209557216404584 ) ) ;
#1963 = DIRECTION ( 'NONE',  ( 0.9009688679024218105, -0.4338837391175526803, -8.673617379884037937E-17 ) ) ;
#1964 = CARTESIAN_POINT ( 'NONE',  ( -4.301095606906517155, 6.144149784992163355, -0.5833333333333335924 ) ) ;
#1965 = EDGE_CURVE ( 'NONE', #4602, #333, #802, .T. ) ;
#1966 = DIRECTION ( 'NONE',  ( -1.000000000000000000, 0.000000000000000000, 0.000000000000000000 ) ) ;
#1967 = ORIENTED_EDGE ( 'NONE', *, *, #1706, .T. ) ;
#1968 = ORIENTED_EDGE ( 'NONE', *, *, #1346, .F. ) ;
#1969 = ORIENTED_EDGE ( 'NONE', *, *, #4598, .F. ) ;
#1970 = DIRECTION ( 'NONE',  ( -0.000000000000000000, -0.000000000000000000, -1.000000000000000000 ) ) ;
#1971 = CARTESIAN_POINT ( 'NONE',  ( 1.160878261535038147, -7.409775270806217229, 0.3916306432850326091 ) ) ;
#1972 = FACE_OUTER_BOUND ( 'NONE', #1862, .T. ) ;
#1973 = TOROIDAL_SURFACE ( 'NONE', #4870, 1.417427986384464766, 0.8411054325275151289 ) ;
#1974 = CARTESIAN_POINT ( 'NONE',  ( 4.570544063813424707, 6.518912613565325032, 0.1989909119220907852 ) ) ;
#1975 = CIRCLE ( 'NONE', #386, 2.120592687679978106 ) ;
#1976 = AXIS2_PLACEMENT_3D ( 'NONE', #4874, #189, #2134 ) ;
#1977 = CARTESIAN_POINT ( 'NONE',  ( -4.639539566350082467, 6.469989743950772088, 0.5833333333333331483 ) ) ;
#1978 = B_SPLINE_CURVE_WITH_KNOTS ( 'NONE', 3,
 ( #2113, #2530, #3700, #1320, #1629, #4110 ),
 .UNSPECIFIED., .F., .F.,
 ( 4, 2, 4 ),
 ( 2.073038737337176510E-07, 0.0005897655573085428633, 0.001179323810743352144 ),
 .UNSPECIFIED. ) ;
#1979 = DIRECTION ( 'NONE',  ( 0.000000000000000000, 1.836970198721029441E-16, -1.000000000000000000 ) ) ;
#1980 = CARTESIAN_POINT ( 'NONE',  ( -1.214310080203049980, -7.480747016095921076, -0.5833333333333360349 ) ) ;
#1981 = TOROIDAL_SURFACE ( 'NONE', #2738, 1.417427986384464766, 0.8411054325275151289 ) ;
#1982 = EDGE_CURVE ( 'NONE', #2090, #1648, #711, .T. ) ;
#1983 = CIRCLE ( 'NONE', #394, 4.076884469938528710 ) ;
#1984 = AXIS2_PLACEMENT_3D ( 'NONE', #2724, #4054, #2840 ) ;
#1985 = ORIENTED_EDGE ( 'NONE', *, *, #1864, .T. ) ;
#1986 = AXIS2_PLACEMENT_3D ( 'NONE', #3600, #2372, #797 ) ;
#1987 = CARTESIAN_POINT ( 'NONE',  ( -6.960201249988510419, -3.865862167557567286, 0.3928810727416946480 ) ) ;
#1988 = DIRECTION ( 'NONE',  ( -0.000000000000000000, -1.836970198721029441E-16, 1.000000000000000000 ) ) ;
#1989 = CIRCLE ( 'NONE', #4886, 8.580576923076911555 ) ;
#1990 = AXIS2_PLACEMENT_3D ( 'NONE', #2112, #1685, #3287 ) ;
#1991 = ORIENTED_EDGE ( 'NONE', *, *, #1864, .F. ) ;
#1992 = EDGE_CURVE ( 'NONE', #921, #3169, #1584, .T. ) ;
#1993 = VERTEX_POINT ( 'NONE', #1807 ) ;
#1994 = DIRECTION ( 'NONE',  ( 0.000000000000000000, -1.000000000000000000, -1.868900982405953608E-16 ) ) ;
#1995 = CIRCLE ( 'NONE', #495, 0.8411054325275153509 ) ;
#1996 = DIRECTION ( 'NONE',  ( -0.000000000000000000, 1.000000000000000000, -0.000000000000000000 ) ) ;
#1997 = PERSON_AND_ORGANIZATION ( #4594, #4229 ) ;
#1998 = ORIENTED_EDGE ( 'NONE', *, *, #1546, .F. ) ;
#1999 = CARTESIAN_POINT ( 'NONE',  ( -7.480463430177520578, 0.5409869674672833639, -0.1978186137273934275 ) ) ;
#2000 = CARTESIAN_POINT ( 'NONE',  ( -7.311959341363693632, -1.668907004672288252, 1.901572311514110769 ) ) ;
#2001 = EDGE_LOOP ( 'NONE', ( #4863, #4946, #862, #5049 ) ) ;
#2002 = AXIS2_PLACEMENT_3D ( 'NONE', #3664, #83, #3343 ) ;
#2003 = ORIENTED_EDGE ( 'NONE', *, *, #226, .T. ) ;
#2004 = EDGE_CURVE ( 'NONE', #2124, #4104, #1089, .T. ) ;
#2005 = ORIENTED_EDGE ( 'NONE', *, *, #4315, .T. ) ;
#2006 = CARTESIAN_POINT ( 'NONE',  ( 3.254128043381644630, -6.757266509268164079, -7.517604565864314354E-15 ) ) ;
#2007 = PLANE ( 'NONE',  #1224 ) ;
#2008 = DIRECTION ( 'NONE',  ( 0.000000000000000000, -2.280643583040431807E-16, 1.000000000000000000 ) ) ;
#2009 = PLANE ( 'NONE',  #5129 ) ;
#2010 = DIRECTION ( 'NONE',  ( 0.000000000000000000, -1.836970198721029441E-16, 1.000000000000000000 ) ) ;
#2011 = SPHERICAL_SURFACE ( 'NONE', #4140, 1.901572311514110769 ) ;
#2012 = CARTESIAN_POINT ( 'NONE',  ( 0.000000000000000000, 0.000000000000000000, 3.500000000000001332 ) ) ;
#2013 = CARTESIAN_POINT ( 'NONE',  ( 4.896798613970459790, 6.277875747630311309, 0.3943737810124184340 ) ) ;
#2014 = DIRECTION ( 'NONE',  ( -0.000000000000000000, -1.836970198721029441E-16, 1.000000000000000000 ) ) ;
#2015 = EDGE_LOOP ( 'NONE', ( #28, #2300, #1287, #5018 ) ) ;
#2016 = VERTEX_POINT ( 'NONE', #2302 ) ;
#2017 = EDGE_CURVE ( 'NONE', #1016, #2470, #3894, .T. ) ;
#2018 = CARTESIAN_POINT ( 'NONE',  ( 4.649350407733466103E-17, 2.037013509436035303E-16, -0.5833333333333333703 ) ) ;
#2019 = FACE_BOUND ( 'NONE', #5153, .T. ) ;
#2020 = SECURITY_CLASSIFICATION_LEVEL ( 'unclassified' ) ;
#2021 = ORIENTED_EDGE ( 'NONE', *, *, #4531, .T. ) ;
#2022 = CARTESIAN_POINT ( 'NONE',  ( 7.497772732341467794, 0.1928561283931417014, 0.3937336164760106283 ) ) ;
#2023 = FACE_BOUND ( 'NONE', #3637, .T. ) ;
#2024 = ADVANCED_FACE ( 'NONE', ( #3402 ), #1882, .T. ) ;
#2025 = EDGE_LOOP ( 'NONE', ( #579, #3226 ) ) ;
#2026 = ORIENTED_EDGE ( 'NONE', *, *, #2696, .F. ) ;
#2027 = ORIENTED_EDGE ( 'NONE', *, *, #4961, .T. ) ;
#2028 = DIRECTION ( 'NONE',  ( 0.9749279121818257288, -0.2225209339563050392, -2.245734522990332355E-16 ) ) ;
#2029 = DIRECTION ( 'NONE',  ( 0.4338837391175651703, -0.9009688679024157043, -3.492023159033191121E-16 ) ) ;
#2030 = DIRECTION ( 'NONE',  ( -7.970314984685941186E-17, -3.492023159033202954E-16, 1.000000000000000000 ) ) ;
#2031 = DIRECTION ( 'NONE',  ( -0.7818314824680311359, 0.6234898018587320401, 0.000000000000000000 ) ) ;
#2032 = EDGE_CURVE ( 'NONE', #2409, #298, #4644, .T. ) ;
#2033 = CARTESIAN_POINT ( 'NONE',  ( -6.605918625723026238, -3.714871063611151047, 0.5833333333333315940 ) ) ;
#2034 = CARTESIAN_POINT ( 'NONE',  ( 5.863736118510165518, 4.676173513940574011, -0.5833333333333333703 ) ) ;
#2035 = DIRECTION ( 'NONE',  ( 1.436201133715639576E-16, -6.916380135000387687E-17, 1.000000000000000000 ) ) ;
#2036 = ADVANCED_FACE ( 'NONE', ( #2722, #2256 ), #3445, .T. ) ;
#2037 = CARTESIAN_POINT ( 'NONE',  ( 6.861992612664384872, -1.566205035153992231, -1.580651606566271755E-15 ) ) ;
#2038 = DIRECTION ( 'NONE',  ( 0.000000000000000000, -1.000000000000000000, -1.868900982405953608E-16 ) ) ;
#2039 = AXIS2_PLACEMENT_3D ( 'NONE', #314, #2303, #732 ) ;
#2040 = VERTEX_POINT ( 'NONE', #5012 ) ;
#2041 = ORIENTED_EDGE ( 'NONE', *, *, #3827, .F. ) ;
#2042 = LINE ( 'NONE', #19, #2510 ) ;
#2043 = FACE_BOUND ( 'NONE', #322, .T. ) ;
#2044 = ORIENTED_EDGE ( 'NONE', *, *, #2561, .T. ) ;
#2045 = CARTESIAN_POINT ( 'NONE',  ( -4.388836072634080487, 6.276574060941485733, -0.5833333333333333703 ) ) ;
#2046 = CARTESIAN_POINT ( 'NONE',  ( -1.209306557283115868, -7.401863120222639481, 0.5833333333333309279 ) ) ;
#2047 = VERTEX_POINT ( 'NONE', #2229 ) ;
#2048 = EDGE_CURVE ( 'NONE', #3558, #3, #39, .T. ) ;
#2049 = VERTEX_POINT ( 'NONE', #2621 ) ;
#2050 = ORIENTED_EDGE ( 'NONE', *, *, #1331, .F. ) ;
#2051 = CARTESIAN_POINT ( 'NONE',  ( 5.091646237415980991, -5.613621210097136327, -0.5833333333333354798 ) ) ;
#2052 = B_SPLINE_CURVE_WITH_KNOTS ( 'NONE', 3,
 ( #2757, #4744, #4331, #3256, #2022, #3635 ),
 .UNSPECIFIED., .F., .F.,
 ( 4, 2, 4 ),
 ( 2.073038737324119762E-07, 0.0005897655573085421044, 0.001179323810743351927 ),
 .UNSPECIFIED. ) ;
#2053 = CARTESIAN_POINT ( 'NONE',  ( 0.000000000000000000, -4.076884469938528710, 3.226884469938531730 ) ) ;
#2054 = DIRECTION ( 'NONE',  ( 0.2225209339563183342, 0.9749279121818227312, 1.790913520579321062E-16 ) ) ;
#2055 = AXIS2_PLACEMENT_3D ( 'NONE', #1598, #5072, #5098 ) ;
#2056 = CARTESIAN_POINT ( 'NONE',  ( 0.000000000000000000, 8.426752866735334829E-17, 3.041268939877067812 ) ) ;
#2057 = ORIENTED_EDGE ( 'NONE', *, *, #13, .T. ) ;
#2058 = EDGE_CURVE ( 'NONE', #4210, #18, #5019, .T. ) ;
#2059 = CARTESIAN_POINT ( 'NONE',  ( 7.362067260308925221, 3.031378794749033823, 0.3928809633436714521 ) ) ;
#2060 = DIRECTION ( 'NONE',  ( 7.970314984686170449E-17, -3.492023159033191121E-16, 1.000000000000000000 ) ) ;
#2061 = PLANE ( 'NONE',  #4476 ) ;
#2062 = B_SPLINE_CURVE_WITH_KNOTS ( 'NONE', 3,
 ( #4991, #4247, #4973, #2279, #1019, #1808 ),
 .UNSPECIFIED., .F., .F.,
 ( 4, 2, 4 ),
 ( 2.073038737338311534E-07, 0.0005897655573085429717, 0.001179323810743352144 ),
 .UNSPECIFIED. ) ;
#2063 = AXIS2_PLACEMENT_3D ( 'NONE', #3984, #770, #3907 ) ;
#2064 = ADVANCED_FACE ( 'NONE', ( #4662 ), #4876, .T. ) ;
#2065 = AXIS2_PLACEMENT_3D ( 'NONE', #471, #2541, #4454 ) ;
#2066 = CARTESIAN_POINT ( 'NONE',  ( 1.347111479062088010E-15, 10.99999999999999645, 3.149999999999989697 ) ) ;
#2067 = CARTESIAN_POINT ( 'NONE',  ( 0.000000000000000000, 7.008041308120783776E-17, 3.118499999999998273 ) ) ;
#2068 = CIRCLE ( 'NONE', #1311, 1.844711225215975636 ) ;
#2069 = AXIS2_PLACEMENT_3D ( 'NONE', #1603, #3205, #3262 ) ;
#2070 = AXIS2_PLACEMENT_3D ( 'NONE', #1173, #1589, #2716 ) ;
#2071 = VERTEX_POINT ( 'NONE', #4270 ) ;
#2072 = ORIENTED_EDGE ( 'NONE', *, *, #1560, .T. ) ;
#2073 = DIRECTION ( 'NONE',  ( -0.4338837391175651148, 0.9009688679024158153, 0.000000000000000000 ) ) ;
#2074 = AXIS2_PLACEMENT_3D ( 'NONE', #249, #1446, #3002 ) ;
#2075 = CARTESIAN_POINT ( 'NONE',  ( 5.275378915476029995, -5.962924783418539931, 0.5833333333333311499 ) ) ;
#2076 = VERTEX_POINT ( 'NONE', #1512 ) ;
#2077 = AXIS2_PLACEMENT_3D ( 'NONE', #1525, #4366, #748 ) ;
#2078 = CARTESIAN_POINT ( 'NONE',  ( 2.596977047262569124E-16, 7.038461538461534772, -2.120592687679978106 ) ) ;
#2079 = DIRECTION ( 'NONE',  ( 0.000000000000000000, -4.701883558424459137E-16, 1.000000000000000000 ) ) ;
#2080 = ORIENTED_EDGE ( 'NONE', *, *, #3296, .F. ) ;
#2081 = ORIENTED_EDGE ( 'NONE', *, *, #1508, .F. ) ;
#2082 = AXIS2_PLACEMENT_3D ( 'NONE', #1186, #2311, #407 ) ;
#2083 = ORIENTED_EDGE ( 'NONE', *, *, #3543, .F. ) ;
#2084 = CARTESIAN_POINT ( 'NONE',  ( 5.224625620268541937, -5.811459467840202286, -0.5833333333333354798 ) ) ;
#2085 = AXIS2_PLACEMENT_3D ( 'NONE', #3123, #4391, #2008 ) ;
#2086 = CARTESIAN_POINT ( 'NONE',  ( 1.137136414198731904, -7.413293519394462017, -0.1978186137273949541 ) ) ;
#2087 = DIRECTION ( 'NONE',  ( 0.000000000000000000, 0.000000000000000000, 1.000000000000000000 ) ) ;
#2088 = DIRECTION ( 'NONE',  ( -0.000000000000000000, -0.000000000000000000, -1.000000000000000000 ) ) ;
#2089 = AXIS2_PLACEMENT_3D ( 'NONE', #568, #3219, #956 ) ;
#2090 = VERTEX_POINT ( 'NONE', #1837 ) ;
#2091 = LOCAL_TIME ( 16, 16, 49.00000000000000000, #49 ) ;
#2092 = ORIENTED_EDGE ( 'NONE', *, *, #1466, .T. ) ;
#2093 = DIRECTION ( 'NONE',  ( 0.000000000000000000, 0.000000000000000000, 1.000000000000000000 ) ) ;
#2094 = UNCERTAINTY_MEASURE_WITH_UNIT (LENGTH_MEASURE( 1.000000000000000082E-05 ), #367, 'distance_accuracy_value', 'NONE');
#2095 = DIRECTION ( 'NONE',  ( -0.000000000000000000, -1.836970198721029441E-16, 1.000000000000000000 ) ) ;
#2096 = ADVANCED_FACE ( 'NONE', ( #3113 ), #4623, .F. ) ;
#2097 = CARTESIAN_POINT ( 'NONE',  ( 0.000000000000000000, 6.429395695523652964E-17, 3.149999999999998135 ) ) ;
#2098 = CARTESIAN_POINT ( 'NONE',  ( 5.275378915476498065, -5.962924783419069286, -0.5833333333333357018 ) ) ;
#2099 = EDGE_CURVE ( 'NONE', #657, #2387, #2563, .T. ) ;
#2100 = ORIENTED_EDGE ( 'NONE', *, *, #1350, .F. ) ;
#2101 = ORIENTED_EDGE ( 'NONE', *, *, #795, .T. ) ;
#2102 = FACE_OUTER_BOUND ( 'NONE', #3216, .T. ) ;
#2103 = ORIENTED_EDGE ( 'NONE', *, *, #2739, .F. ) ;
#2104 = CARTESIAN_POINT ( 'NONE',  ( 6.540999922105401154, -3.669512231780528211, -0.5833333333333353687 ) ) ;
#2105 = DIRECTION ( 'NONE',  ( 0.000000000000000000, -1.000000000000000000, -2.029135416122166580E-16 ) ) ;
#2106 = ORIENTED_EDGE ( 'NONE', *, *, #2210, .T. ) ;
#2107 = EDGE_CURVE ( 'NONE', #22, #501, #218, .T. ) ;
#2108 = EDGE_LOOP ( 'NONE', ( #820, #1263, #2523, #4059 ) ) ;
#2109 = EDGE_LOOP ( 'NONE', ( #3109, #1271, #1209, #1789 ) ) ;
#2110 = CARTESIAN_POINT ( 'NONE',  ( 7.761926070062993510, -1.771608974190581609, -1.787950177919225298E-15 ) ) ;
#2111 = CARTESIAN_POINT ( 'NONE',  ( 0.000000000000000000, 1.201611610437368271E-15, -3.041268939877070032 ) ) ;
#2112 = CARTESIAN_POINT ( 'NONE',  ( 0.000000000000000000, 1.201611610437368271E-15, -3.041268939877070032 ) ) ;
#2113 = CARTESIAN_POINT ( 'NONE',  ( -4.778116898591012962, -5.780968682098094114, 0.5833333333333310389 ) ) ;
#2114 = VERTEX_POINT ( 'NONE', #4192 ) ;
#2115 = B_SPLINE_CURVE_WITH_KNOTS ( 'NONE', 3,
 ( #1872, #1448, #4674, #2633, #3414, #3101 ),
 .UNSPECIFIED., .F., .F.,
 ( 4, 2, 4 ),
 ( 2.056720468471739502E-07, 0.0005877628135819004456, 0.001175319955116953599 ),
 .UNSPECIFIED. ) ;
#2116 = ORIENTED_EDGE ( 'NONE', *, *, #2481, .T. ) ;
#2117 = DIRECTION ( 'NONE',  ( -7.970314984686170449E-17, 3.492023159033191121E-16, -1.000000000000000000 ) ) ;
#2118 = DIRECTION ( 'NONE',  ( -0.000000000000000000, -0.000000000000000000, -1.000000000000000000 ) ) ;
#2119 = EDGE_CURVE ( 'NONE', #1601, #2049, #3293, .T. ) ;
#2120 = B_SPLINE_CURVE_WITH_KNOTS ( 'NONE', 3,
 ( #2353, #1529, #5086, #4323, #2013, #1114 ),
 .UNSPECIFIED., .F., .F.,
 ( 4, 2, 4 ),
 ( 2.086319673471888502E-07, 0.0005915434850940115476, 0.001182878338220675913 ),
 .UNSPECIFIED. ) ;
#2121 = DIRECTION ( 'NONE',  ( 0.7818314824680221431, 0.6234898018587431423, -6.916380135000387687E-17 ) ) ;
#2122 = CARTESIAN_POINT ( 'NONE',  ( -5.863736118510165518, 4.676173513940574011, 1.901572311514111879 ) ) ;
#2123 = AXIS2_PLACEMENT_3D ( 'NONE', #546, #2568, #2938 ) ;
#2124 = VERTEX_POINT ( 'NONE', #1961 ) ;
#2125 = ORIENTED_EDGE ( 'NONE', *, *, #1227, .F. ) ;
#2126 = ADVANCED_FACE ( 'NONE', ( #3196 ), #4707, .T. ) ;
#2127 = DIRECTION ( 'NONE',  ( 0.000000000000000000, -1.000000000000000000, -2.036060417813152900E-16 ) ) ;
#2128 = ORIENTED_EDGE ( 'NONE', *, *, #4372, .T. ) ;
#2129 = CARTESIAN_POINT ( 'NONE',  ( 4.503288681667864779, 6.386921893938554362, -0.5833333333333334814 ) ) ;
#2130 = ORIENTED_EDGE ( 'NONE', *, *, #4564, .T. ) ;
#2131 = ORIENTED_EDGE ( 'NONE', *, *, #1440, .T. ) ;
#2132 = CARTESIAN_POINT ( 'NONE',  ( 2.122000487180449646, 7.193546686619591846, -0.5833333333333333703 ) ) ;
#2133 = EDGE_CURVE ( 'NONE', #2387, #4458, #3234, .T. ) ;
#2134 = DIRECTION ( 'NONE',  ( 0.000000000000000000, -4.701883558424459137E-16, 1.000000000000000000 ) ) ;
#2135 = CARTESIAN_POINT ( 'NONE',  ( -4.947967217659645200, 6.237284271822279180, 0.5833333333333330373 ) ) ;
#2136 = CARTESIAN_POINT ( 'NONE',  ( 3.454382076820611935, -7.173098294453843948, -2.120592687679979882 ) ) ;
#2137 = ORIENTED_EDGE ( 'NONE', *, *, #133, .T. ) ;
#2138 = ORIENTED_EDGE ( 'NONE', *, *, #1416, .T. ) ;
#2139 = CIRCLE ( 'NONE', #5106, 8.549076923076910361 ) ;
#2140 = DIRECTION ( 'NONE',  ( -1.224646799147358877E-16, 1.000000000000000000, 0.000000000000000000 ) ) ;
#2141 = CARTESIAN_POINT ( 'NONE',  ( 7.223749984554697967, 3.347167584054262957, -0.2000208454323499641 ) ) ;
#2142 = CARTESIAN_POINT ( 'NONE',  ( 1.031529419281807943E-15, 8.423076923076912692, 3.500000000000003109 ) ) ;
#2143 = ADVANCED_FACE ( 'NONE', ( #1617, #2019 ), #2855, .F. ) ;
#2144 = CIRCLE ( 'NONE', #3051, 2.120592687679978106 ) ;
#2145 = VERTEX_POINT ( 'NONE', #20 ) ;
#2146 = CIRCLE ( 'NONE', #5028, 1.809889355220186014 ) ;
#2147 = ORIENTED_EDGE ( 'NONE', *, *, #3827, .T. ) ;
#2148 = AXIS2_PLACEMENT_3D ( 'NONE', #532, #902, #3698 ) ;
#2149 = CARTESIAN_POINT ( 'NONE',  ( 3.053874009942861179, -6.341434724082384733, -2.457847069627206451E-15 ) ) ;
#2150 = DIRECTION ( 'NONE',  ( 0.000000000000000000, -4.561287166080863615E-16, 1.000000000000000000 ) ) ;
#2151 = CIRCLE ( 'NONE', #805, 0.8411054325275153509 ) ;
#2152 = DIRECTION ( 'NONE',  ( -1.000000000000000000, 0.000000000000000000, 0.000000000000000000 ) ) ;
#2153 = AXIS2_PLACEMENT_3D ( 'NONE', #2613, #2975, #271 ) ;
#2154 = ADVANCED_FACE ( 'NONE', ( #3551, #5123 ), #4060, .T. ) ;
#2155 = ORIENTED_EDGE ( 'NONE', *, *, #1227, .T. ) ;
#2156 = CIRCLE ( 'NONE', #2740, 7.961538461538454570 ) ;
#2157 = VERTEX_POINT ( 'NONE', #4377 ) ;
#2158 = CARTESIAN_POINT ( 'NONE',  ( -6.516991341995931108, -3.712308143231923818, -0.3916306432851771047 ) ) ;
#2159 = AXIS2_PLACEMENT_3D ( 'NONE', #315, #242, #5071 ) ;
#2160 = DIRECTION ( 'NONE',  ( 0.000000000000000000, 1.836970198721029441E-16, -1.000000000000000000 ) ) ;
#2161 = CARTESIAN_POINT ( 'NONE',  ( -5.255728300643573547, -5.885683248859516326, 0.5833333333333310389 ) ) ;
#2162 = CARTESIAN_POINT ( 'NONE',  ( -7.951147278005348262, 0.4066345263553243772, 0.5833333333333320381 ) ) ;
#2163 = AXIS2_PLACEMENT_3D ( 'NONE', #3720, #1736, #4515 ) ;
#2164 = AXIS2_PLACEMENT_3D ( 'NONE', #3845, #4200, #2734 ) ;
#2165 = ADVANCED_FACE ( 'NONE', ( #3966, #2043 ), #1551, .T. ) ;
#2166 = AXIS2_PLACEMENT_3D ( 'NONE', #4108, #1735, #1317 ) ;
#2167 = ORIENTED_EDGE ( 'NONE', *, *, #2892, .F. ) ;
#2168 = EDGE_CURVE ( 'NONE', #501, #217, #2395, .T. ) ;
#2169 = LINE ( 'NONE', #4882, #3724 ) ;
#2170 = AXIS2_PLACEMENT_3D ( 'NONE', #1488, #1960, #3915 ) ;
#2171 = CARTESIAN_POINT ( 'NONE',  ( -2.122000487175905281, 7.193546686609130880, -0.5833333333333331483 ) ) ;
#2172 = APPROVAL_PERSON_ORGANIZATION ( #2415, #4982, #1675 ) ;
#2173 = CIRCLE ( 'NONE', #5055, 10.99999999999999645 ) ;
#2174 = FACE_OUTER_BOUND ( 'NONE', #4790, .T. ) ;
#2175 = DIRECTION ( 'NONE',  ( 0.000000000000000000, -1.000000000000000000, -2.051815829177506100E-16 ) ) ;
#2176 = EDGE_LOOP ( 'NONE', ( #4817, #877, #3946, #2253 ) ) ;
#2177 = VERTEX_POINT ( 'NONE', #5151 ) ;
#2178 = DIRECTION ( 'NONE',  ( 7.970314984686170449E-17, -3.492023159033191121E-16, 1.000000000000000000 ) ) ;
#2179 = CARTESIAN_POINT ( 'NONE',  ( 0.000000000000000000, 0.000000000000000000, 0.5833333333333333703 ) ) ;
#2180 = FACE_OUTER_BOUND ( 'NONE', #4542, .T. ) ;
#2181 = EDGE_CURVE ( 'NONE', #4278, #2190, #139, .T. ) ;
#2182 = ORIENTED_EDGE ( 'NONE', *, *, #4756, .T. ) ;
#2183 = ORIENTED_EDGE ( 'NONE', *, *, #3937, .F. ) ;
#2184 = DIRECTION ( 'NONE',  ( -1.790913520579326732E-16, 2.245734522990332355E-16, -1.000000000000000000 ) ) ;
#2185 = DIRECTION ( 'NONE',  ( 0.000000000000000000, -1.000000000000000000, -2.036060417813152900E-16 ) ) ;
#2186 = CARTESIAN_POINT ( 'NONE',  ( 0.000000000000000000, 7.008041308120777613E-17, 3.118499999999998273 ) ) ;
#2187 = CARTESIAN_POINT ( 'NONE',  ( 0.000000000000000000, 0.000000000000000000, 0.5833333333333333703 ) ) ;
#2188 = ADVANCED_FACE ( 'NONE', ( #1569 ), #2358, .F. ) ;
#2189 = FACE_OUTER_BOUND ( 'NONE', #2679, .T. ) ;
#2190 = VERTEX_POINT ( 'NONE', #811 ) ;
#2191 = EDGE_LOOP ( 'NONE', ( #4230, #2309 ) ) ;
#2192 = CARTESIAN_POINT ( 'NONE',  ( -4.979876246353343916, -6.211837670573967962, 0.5833333333333308168 ) ) ;
#2193 = EDGE_CURVE ( 'NONE', #2512, #1601, #3054, .T. ) ;
#2194 = CARTESIAN_POINT ( 'NONE',  ( 0.000000000000000000, 5.786456125973804904E-18, 3.468499999999987260 ) ) ;
#2195 = CARTESIAN_POINT ( 'NONE',  ( 0.000000000000000000, -10.99999999999999289, -3.150000000000007461 ) ) ;
#2196 = EDGE_CURVE ( 'NONE', #490, #1284, #475, .T. ) ;
#2197 = CARTESIAN_POINT ( 'NONE',  ( 1.372857368525346677, -7.842280109779409258, -0.5833333333333361459 ) ) ;
#2198 = VERTEX_POINT ( 'NONE', #2440 ) ;
#2199 = DIRECTION ( 'NONE',  ( 0.4338837391175651703, -0.9009688679024157043, -3.492023159033191121E-16 ) ) ;
#2200 = CIRCLE ( 'NONE', #684, 8.423076923076914468 ) ;
#2201 = ORIENTED_EDGE ( 'NONE', *, *, #3031, .F. ) ;
#2202 = CARTESIAN_POINT ( 'NONE',  ( 7.761926070062993510, -1.771608974190581609, -1.787950177919225298E-15 ) ) ;
#2203 = ORIENTED_EDGE ( 'NONE', *, *, #3556, .F. ) ;
#2204 = ORIENTED_EDGE ( 'NONE', *, *, #4315, .F. ) ;
#2205 = CARTESIAN_POINT ( 'NONE',  ( -6.516988612033713935, -3.712313009459768054, 0.3916088451972072892 ) ) ;
#2206 = CARTESIAN_POINT ( 'NONE',  ( 4.979876246353430069, -6.211837670573897796, 0.5833333333333311499 ) ) ;
#2207 = DIRECTION ( 'NONE',  ( 0.4338837391175651703, -0.9009688679024157043, -3.492023159033191121E-16 ) ) ;
#2208 = CARTESIAN_POINT ( 'NONE',  ( -4.568607311494273127, 6.433643952648636422, 0.5833333333333331483 ) ) ;
#2209 = CARTESIAN_POINT ( 'NONE',  ( -5.502890818909601300, 4.388408990005689958, -1.844711225215976302 ) ) ;
#2210 = EDGE_CURVE ( 'NONE', #421, #4720, #887, .T. ) ;
#2211 = ORIENTED_EDGE ( 'NONE', *, *, #1560, .F. ) ;
#2212 = ORIENTED_EDGE ( 'NONE', *, *, #3417, .F. ) ;
#2213 = DIRECTION ( 'NONE',  ( 0.000000000000000000, -1.000000000000000000, -2.059489058237307747E-16 ) ) ;
#2214 = DIRECTION ( 'NONE',  ( 0.6234898018587320401, 0.7818314824680310249, 1.445602896647339656E-16 ) ) ;
#2215 = EDGE_CURVE ( 'NONE', #3258, #2, #4546, .T. ) ;
#2216 = DIRECTION ( 'NONE',  ( 0.000000000000000000, 0.000000000000000000, 1.000000000000000000 ) ) ;
#2217 = CARTESIAN_POINT ( 'NONE',  ( 6.540999922095528163, -3.669512231774988642, 0.5833333333333314830 ) ) ;
#2218 = AXIS2_PLACEMENT_3D ( 'NONE', #2338, #283, #3920 ) ;
#2219 = ADVANCED_FACE ( 'NONE', ( #340 ), #4410, .T. ) ;
#2220 = ORIENTED_EDGE ( 'NONE', *, *, #1698, .F. ) ;
#2221 = AXIS2_PLACEMENT_3D ( 'NONE', #4179, #219, #1867 ) ;
#2222 = CARTESIAN_POINT ( 'NONE',  ( 7.311959341363669651, -1.668907004672386618, -6.582888088832180091E-15 ) ) ;
#2223 = DIRECTION ( 'NONE',  ( -1.790913520579326732E-16, 2.245734522990332355E-16, -1.000000000000000000 ) ) ;
#2224 = CIRCLE ( 'NONE', #1303, 1.901572311514117208 ) ;
#2225 = CIRCLE ( 'NONE', #1636, 7.961538461538454570 ) ;
#2226 = VERTEX_POINT ( 'NONE', #5093 ) ;
#2227 = ORIENTED_EDGE ( 'NONE', *, *, #124, .F. ) ;
#2228 = FACE_OUTER_BOUND ( 'NONE', #4709, .T. ) ;
#2229 = CARTESIAN_POINT ( 'NONE',  ( -3.254128043381738333, -6.757266509268118782, 1.901572311514109659 ) ) ;
#2230 = CARTESIAN_POINT ( 'NONE',  ( 1.050817606368378263E-15, 8.580576923076913332, -3.500000000000003109 ) ) ;
#2231 = CIRCLE ( 'NONE', #5116, 7.499999999999998224 ) ;
#2232 = DIRECTION ( 'NONE',  ( 0.000000000000000000, -1.000000000000000000, -2.059489058237307747E-16 ) ) ;
#2233 = FACE_OUTER_BOUND ( 'NONE', #4976, .T. ) ;
#2234 = EDGE_LOOP ( 'NONE', ( #2985, #4584 ) ) ;
#2235 = AXIS2_PLACEMENT_3D ( 'NONE', #1245, #4828, #4390 ) ;
#2236 = CIRCLE ( 'NONE', #1986, 2.120592687679978106 ) ;
#2237 = ORIENTED_EDGE ( 'NONE', *, *, #3275, .F. ) ;
#2238 = CARTESIAN_POINT ( 'NONE',  ( 2.165736068126628666, 7.661310720612465985, -0.5833333333333333703 ) ) ;
#2239 = CARTESIAN_POINT ( 'NONE',  ( 7.023290944366652688, 2.848579731701648132, 0.5833333333333325932 ) ) ;
#2240 = CIRCLE ( 'NONE', #819, 4.076884469938528710 ) ;
#2241 = DIRECTION ( 'NONE',  ( 8.659560562354804668E-17, -0.7071067811865369146, -0.7071067811865582309 ) ) ;
#2242 = AXIS2_PLACEMENT_3D ( 'NONE', #4670, #3900, #1104 ) ;
#2243 = CIRCLE ( 'NONE', #1480, 2.120592687679978106 ) ;
#2244 = CARTESIAN_POINT ( 'NONE',  ( -6.224581418110859410, 4.963938037875287534, -5.506502645942776303E-16 ) ) ;
#2245 = PLANE ( 'NONE',  #2153 ) ;
#2246 = ADVANCED_FACE ( 'NONE', ( #4741 ), #4465, .T. ) ;
#2247 = AXIS2_PLACEMENT_3D ( 'NONE', #4511, #3400, #4586 ) ;
#2248 = EDGE_LOOP ( 'NONE', ( #4387, #1942 ) ) ;
#2249 = FACE_BOUND ( 'NONE', #3290, .T. ) ;
#2250 = ADVANCED_FACE ( 'NONE', ( #2777, #2102 ), #1725, .T. ) ;
#2251 = CARTESIAN_POINT ( 'NONE',  ( -2.247003500008831534, 7.637870774863191770, -0.1989909119326604414 ) ) ;
#2252 = EDGE_CURVE ( 'NONE', #2177, #4131, #2224, .T. ) ;
#2253 = ORIENTED_EDGE ( 'NONE', *, *, #387, .F. ) ;
#2254 = ORIENTED_EDGE ( 'NONE', *, *, #3209, .T. ) ;
#2255 = FACE_BOUND ( 'NONE', #3423, .T. ) ;
#2256 = FACE_OUTER_BOUND ( 'NONE', #2598, .T. ) ;
#2257 = DIRECTION ( 'NONE',  ( 0.000000000000000000, -1.000000000000000000, -2.396173377910393573E-16 ) ) ;
#2258 = CARTESIAN_POINT ( 'NONE',  ( -7.223769551734986472, 3.347125354468240221, -0.1996067795145020918 ) ) ;
#2259 = CARTESIAN_POINT ( 'NONE',  ( -3.053874009942772805, -6.341434724082427365, -1.844711225215978079 ) ) ;
#2260 = EDGE_CURVE ( 'NONE', #3332, #1889, #5113, .T. ) ;
#2261 = SPHERICAL_SURFACE ( 'NONE', #1715, 1.901572311514110769 ) ;
#2262 = ORIENTED_EDGE ( 'NONE', *, *, #2537, .T. ) ;
#2263 = ORIENTED_EDGE ( 'NONE', *, *, #356, .T. ) ;
#2264 = CARTESIAN_POINT ( 'NONE',  ( 4.639539566346264188, 6.469989743953510342, 0.5833333333178905011 ) ) ;
#2265 = CARTESIAN_POINT ( 'NONE',  ( 1.031529419281808140E-15, 8.423076923076914468, -1.662500000000006306 ) ) ;
#2266 = CARTESIAN_POINT ( 'NONE',  ( 7.311959341363692744, -1.668907004672288030, 0.5833333333333315940 ) ) ;
#2267 = DIRECTION ( 'NONE',  ( -0.000000000000000000, -1.836970198721029441E-16, 1.000000000000000000 ) ) ;
#2268 = CARTESIAN_POINT ( 'NONE',  ( 4.947967217659553718, 6.237284271822348458, -0.5833333333333333703 ) ) ;
#2269 = ADVANCED_FACE ( 'NONE', ( #2936 ), #2880, .T. ) ;
#2270 = EDGE_LOOP ( 'NONE', ( #2618, #2644 ) ) ;
#2271 = CARTESIAN_POINT ( 'NONE',  ( 0.000000000000000000, 0.000000000000000000, -0.5833333333333333703 ) ) ;
#2272 = CARTESIAN_POINT ( 'NONE',  ( 5.056092258771940351, -6.149961442633937736, 0.2000208454323471330 ) ) ;
#2273 = ORIENTED_EDGE ( 'NONE', *, *, #3116, .F. ) ;
#2274 = EDGE_CURVE ( 'NONE', #2049, #2016, #1043, .T. ) ;
#2275 = VERTEX_POINT ( 'NONE', #2495 ) ;
#2276 = CIRCLE ( 'NONE', #1695, 1.901572311514117208 ) ;
#2277 = FACE_OUTER_BOUND ( 'NONE', #4126, .T. ) ;
#2278 = DIRECTION ( 'NONE',  ( 0.7818314824680311359, -0.6234898018587320401, 0.000000000000000000 ) ) ;
#2279 = CARTESIAN_POINT ( 'NONE',  ( 1.886333791184742426, 7.258907964681798219, -0.1975851869304258712 ) ) ;
#2280 = CARTESIAN_POINT ( 'NONE',  ( 0.000000000000000000, 1.280092682978750385E-15, -3.468500000000004579 ) ) ;
#2281 = CARTESIAN_POINT ( 'NONE',  ( 1.751708200715751840, -7.766441466598539733, 0.5833333333333305948 ) ) ;
#2282 = CYLINDRICAL_SURFACE ( 'NONE', #3542, 8.549076923076908585 ) ;
#2283 = ORIENTED_EDGE ( 'NONE', *, *, #3451, .F. ) ;
#2284 = EDGE_CURVE ( 'NONE', #4585, #1411, #2909, .T. ) ;
#2285 = VERTEX_POINT ( 'NONE', #4484 ) ;
#2286 = PLANE ( 'NONE',  #729 ) ;
#2287 = CARTESIAN_POINT ( 'NONE',  ( 1.046959968951064042E-15, 8.549076923076912138, -3.468500000000002803 ) ) ;
#2288 = CARTESIAN_POINT ( 'NONE',  ( 9.184850993605147944E-16, 7.500000000000000000, -4.821902154531246352E-15 ) ) ;
#2289 = DIRECTION ( 'NONE',  ( 0.000000000000000000, 1.836970198721029441E-16, -1.000000000000000000 ) ) ;
#2290 = B_SPLINE_CURVE_WITH_KNOTS ( 'NONE', 3,
 ( #1203, #4017, #47, #1645, #1257, #2854 ),
 .UNSPECIFIED., .F., .F.,
 ( 4, 2, 4 ),
 ( 2.073038732077875355E-07, 0.0005897655573082805948, 0.001179323810743353445 ),
 .UNSPECIFIED. ) ;
#2291 = FACE_OUTER_BOUND ( 'NONE', #373, .T. ) ;
#2292 = CARTESIAN_POINT ( 'NONE',  ( 7.228068458659913098, 2.968540392396965544, -0.5833333333333343695 ) ) ;
#2293 = B_SPLINE_CURVE_WITH_KNOTS ( 'NONE', 3,
 ( #2449, #2051, #3640, #2084, #2503, #3261 ),
 .UNSPECIFIED., .F., .F.,
 ( 4, 2, 4 ),
 ( 0.007921613093898416044, 0.008155151436627693443, 0.008388689779356970841 ),
 .UNSPECIFIED. ) ;
#2294 = ORIENTED_EDGE ( 'NONE', *, *, #4121, .F. ) ;
#2295 = CC_DESIGN_PERSON_AND_ORGANIZATION_ASSIGNMENT ( #3942, #1570, ( #4138 ) ) ;
#2296 = CIRCLE ( 'NONE', #1451, 7.961538461538454570 ) ;
#2297 = CARTESIAN_POINT ( 'NONE',  ( -7.761926070062968641, -1.771608974190686414, -1.787950177919244625E-15 ) ) ;
#2298 = CARTESIAN_POINT ( 'NONE',  ( 5.033019310522023559, -5.560460108652195643, -0.5833333333333355908 ) ) ;
#2299 = ORIENTED_EDGE ( 'NONE', *, *, #3270, .T. ) ;
#2300 = ORIENTED_EDGE ( 'NONE', *, *, #3104, .T. ) ;
#2301 = DIRECTION ( 'NONE',  ( -0.000000000000000000, -1.836970198721029441E-16, 1.000000000000000000 ) ) ;
#2302 = CARTESIAN_POINT ( 'NONE',  ( -7.340168270339245460, 3.083508462394920269, -0.5833333333333340365 ) ) ;
#2303 = DIRECTION ( 'NONE',  ( -0.000000000000000000, 1.000000000000000000, 0.000000000000000000 ) ) ;
#2304 = DIRECTION ( 'NONE',  ( 0.9009688679024157043, -0.4338837391175651703, -7.970314984686170449E-17 ) ) ;
#2305 = FACE_OUTER_BOUND ( 'NONE', #2906, .T. ) ;
#2306 = AXIS2_PLACEMENT_3D ( 'NONE', #4286, #2612, #5002 ) ;
#2307 = EDGE_CURVE ( 'NONE', #333, #3820, #1975, .T. ) ;
#2308 = ORIENTED_EDGE ( 'NONE', *, *, #1167, .T. ) ;
#2309 = ORIENTED_EDGE ( 'NONE', *, *, #2594, .F. ) ;
#2310 = ORIENTED_EDGE ( 'NONE', *, *, #936, .F. ) ;
#2311 = DIRECTION ( 'NONE',  ( -7.970314984685942419E-17, -3.492023159033202954E-16, 1.000000000000000000 ) ) ;
#2312 = AXIS2_PLACEMENT_3D ( 'NONE', #4018, #446, #3525 ) ;
#2313 = DIRECTION ( 'NONE',  ( 7.970314984685941186E-17, 3.492023159033202954E-16, -1.000000000000000000 ) ) ;
#2314 = CARTESIAN_POINT ( 'NONE',  ( 4.649350407733466103E-17, 2.037013509436035303E-16, -0.5833333333333333703 ) ) ;
#2315 = DIRECTION ( 'NONE',  ( -0.000000000000000000, 1.000000000000000000, -0.000000000000000000 ) ) ;
#2316 = CLOSED_SHELL ( 'NONE', ( #910, #4552 ) ) ;
#2317 = EDGE_CURVE ( 'NONE', #4533, #1542, #3318, .T. ) ;
#2318 = CIRCLE ( 'NONE', #978, 8.549076923076908585 ) ;
#2319 = AXIS2_PLACEMENT_3D ( 'NONE', #3310, #875, #2891 ) ;
#2320 = CARTESIAN_POINT ( 'NONE',  ( 3.454382076820612824, -7.173098294453843948, -2.780187668922577666E-15 ) ) ;
#2321 = CIRCLE ( 'NONE', #2077, 7.961538461538454570 ) ;
#2322 = CARTESIAN_POINT ( 'NONE',  ( -7.311959341363669651, -1.668907004672386396, -0.5833333333333351467 ) ) ;
#2323 = CARTESIAN_POINT ( 'NONE',  ( 0.000000000000000000, 8.673617379884035472E-16, -6.199629803572018347E-15 ) ) ;
#2324 = CIRCLE ( 'NONE', #68, 1.901572311514116764 ) ;
#2325 = CIRCLE ( 'NONE', #2407, 7.961538461538454570 ) ;
#2326 = ORIENTED_EDGE ( 'NONE', *, *, #4499, .F. ) ;
#2327 = AXIS2_PLACEMENT_3D ( 'NONE', #971, #3767, #2257 ) ;
#2328 = CARTESIAN_POINT ( 'NONE',  ( -4.947967217659645200, 6.237284271822279180, -0.5833333333333337034 ) ) ;
#2329 = CIRCLE ( 'NONE', #4968, 9.282051282051277497 ) ;
#2330 = PLANE ( 'NONE',  #773 ) ;
#2331 = VERTEX_POINT ( 'NONE', #1356 ) ;
#2332 = EDGE_LOOP ( 'NONE', ( #4994, #2027, #541, #4841 ) ) ;
#2333 = DIRECTION ( 'NONE',  ( 7.970314984686170449E-17, -3.492023159033191121E-16, 1.000000000000000000 ) ) ;
#2334 = DIRECTION ( 'NONE',  ( -0.9009688679024218105, 0.4338837391175526803, 8.673617379884037937E-17 ) ) ;
#2335 = CYLINDRICAL_SURFACE ( 'NONE', #1828, 10.99999999999999645 ) ;
#2336 = DIRECTION ( 'NONE',  ( 0.000000000000000000, 1.836970198721029441E-16, -1.000000000000000000 ) ) ;
#2337 = DIRECTION ( 'NONE',  ( 1.790913520579326732E-16, -2.245734522990332355E-16, 1.000000000000000000 ) ) ;
#2338 = CARTESIAN_POINT ( 'NONE',  ( 0.000000000000000000, 7.500000000000000000, -4.898587196589413026E-15 ) ) ;
#2339 = ORIENTED_EDGE ( 'NONE', *, *, #1642, .T. ) ;
#2340 = EDGE_CURVE ( 'NONE', #1240, #183, #3973, .T. ) ;
#2341 = EDGE_LOOP ( 'NONE', ( #688, #398, #4503, #628 ) ) ;
#2342 = EDGE_LOOP ( 'NONE', ( #2437, #4430, #3672, #3866 ) ) ;
#2343 = DIRECTION ( 'NONE',  ( -7.970314984686170449E-17, 3.492023159033191121E-16, -1.000000000000000000 ) ) ;
#2344 = CARTESIAN_POINT ( 'NONE',  ( -2.171088725865911950, 7.345778484275033549, 0.5833333333333335924 ) ) ;
#2345 = DIRECTION ( 'NONE',  ( -1.790913520579326732E-16, 2.245734522990332355E-16, -1.000000000000000000 ) ) ;
#2346 = CARTESIAN_POINT ( 'NONE',  ( 4.260896173585869029, 6.172290636374576422, 0.3916306432852025288 ) ) ;
#2347 = ADVANCED_FACE ( 'NONE', ( #2957, #129 ), #4505, .F. ) ;
#2348 = DIRECTION ( 'NONE',  ( 0.000000000000000000, -1.000000000000000000, -1.978193437517413095E-16 ) ) ;
#2349 = DIRECTION ( 'NONE',  ( 0.9009688679024157043, -0.4338837391175652813, -7.970314984686172914E-17 ) ) ;
#2350 = DIRECTION ( 'NONE',  ( 0.000000000000000000, 0.000000000000000000, 1.000000000000000000 ) ) ;
#2351 = ORIENTED_EDGE ( 'NONE', *, *, #1878, .T. ) ;
#2352 = ADVANCED_FACE ( 'NONE', ( #1336, #2980 ), #4382, .T. ) ;
#2353 = CARTESIAN_POINT ( 'NONE',  ( 4.947967217659553718, 6.237284271822348458, -0.5833333333333333703 ) ) ;
#2354 = CARTESIAN_POINT ( 'NONE',  ( 1.540636156465640783, -7.340057236383838557, 0.5833333333333307058 ) ) ;
#2355 = ORIENTED_EDGE ( 'NONE', *, *, #1534, .T. ) ;
#2356 = ORIENTED_EDGE ( 'NONE', *, *, #233, .T. ) ;
#2357 = CARTESIAN_POINT ( 'NONE',  ( 0.000000000000000000, 1.221585182149485114E-15, -3.150000000000001688 ) ) ;
#2358 = CYLINDRICAL_SURFACE ( 'NONE', #4703, 8.423076923076914468 ) ;
#2359 = CARTESIAN_POINT ( 'NONE',  ( 1.540636156465640783, -7.340057236383838557, -0.5833333333333361459 ) ) ;
#2360 = CARTESIAN_POINT ( 'NONE',  ( -7.480438773786407758, 0.5413277942481653504, 0.1936861211537711791 ) ) ;
#2361 = CARTESIAN_POINT ( 'NONE',  ( 6.224581418110788356, 4.963938037875375464, -5.506502645942613601E-16 ) ) ;
#2362 = ORIENTED_EDGE ( 'NONE', *, *, #4904, .F. ) ;
#2363 = ORIENTED_EDGE ( 'NONE', *, *, #4268, .T. ) ;
#2364 = ORIENTED_EDGE ( 'NONE', *, *, #1384, .F. ) ;
#2365 = DIRECTION ( 'NONE',  ( 1.000000000000000000, -1.224646799147353207E-16, -2.249639673992786138E-32 ) ) ;
#2366 = PLANE ( 'NONE',  #977 ) ;
#2367 = DIRECTION ( 'NONE',  ( -0.000000000000000000, 1.000000000000000000, -0.000000000000000000 ) ) ;
#2368 = EDGE_CURVE ( 'NONE', #286, #2987, #370, .T. ) ;
#2369 = DIRECTION ( 'NONE',  ( 1.436201133715639576E-16, -6.916380135000387687E-17, 1.000000000000000000 ) ) ;
#2370 = CIRCLE ( 'NONE', #3111, 7.961538461538454570 ) ;
#2371 = DIRECTION ( 'NONE',  ( 0.4338837391175651703, -0.9009688679024157043, 0.000000000000000000 ) ) ;
#2372 = DIRECTION ( 'NONE',  ( -0.4338837391175526248, -0.9009688679024218105, -3.492023159033201968E-16 ) ) ;
#2373 = CARTESIAN_POINT ( 'NONE',  ( 0.000000000000000000, 8.426752866735339759E-17, 3.041268939877067812 ) ) ;
#2374 = EDGE_CURVE ( 'NONE', #2114, #1355, #715, .T. ) ;
#2375 = ORIENTED_EDGE ( 'NONE', *, *, #608, .T. ) ;
#2376 = CYLINDRICAL_SURFACE ( 'NONE', #1309, 7.961538461538454570 ) ;
#2377 = CARTESIAN_POINT ( 'NONE',  ( 3.254128043381738333, -6.757266509268117893, -2.619017369274893045E-15 ) ) ;
#2378 = EDGE_CURVE ( 'NONE', #480, #4625, #2146, .T. ) ;
#2379 = ORIENTED_EDGE ( 'NONE', *, *, #1605, .T. ) ;
#2380 = CIRCLE ( 'NONE', #4199, 2.120592687679978106 ) ;
#2381 = EDGE_LOOP ( 'NONE', ( #4294, #5061 ) ) ;
#2382 = CARTESIAN_POINT ( 'NONE',  ( 0.000000000000000000, 1.221585182149485114E-15, -3.150000000000001688 ) ) ;
#2383 = COORDINATED_UNIVERSAL_TIME_OFFSET ( 6, 0, .BEHIND. ) ;
#2384 = ORIENTED_EDGE ( 'NONE', *, *, #175, .T. ) ;
#2385 = CARTESIAN_POINT ( 'NONE',  ( 4.649350407733466103E-17, 2.037013509436035303E-16, -0.5833333333333333703 ) ) ;
#2386 = CARTESIAN_POINT ( 'NONE',  ( -7.340168270339244572, 3.083508462394918936, 0.5833333333333327042 ) ) ;
#2387 = VERTEX_POINT ( 'NONE', #1012 ) ;
#2388 = EDGE_LOOP ( 'NONE', ( #2211, #1879, #2499, #1255 ) ) ;
#2389 = ORIENTED_EDGE ( 'NONE', *, *, #1466, .F. ) ;
#2390 = DIRECTION ( 'NONE',  ( 0.6234898018587431423, -0.7818314824680221431, -1.436201133715639576E-16 ) ) ;
#2391 = CARTESIAN_POINT ( 'NONE',  ( 5.275378915476498065, -5.962924783419069286, -0.5833333333333357018 ) ) ;
#2392 = FACE_OUTER_BOUND ( 'NONE', #1201, .T. ) ;
#2393 = AXIS2_PLACEMENT_3D ( 'NONE', #2789, #330, #796 ) ;
#2394 = CARTESIAN_POINT ( 'NONE',  ( 2.122000487177246431, 7.193546686608733864, 0.5833333333333333703 ) ) ;
#2395 = CIRCLE ( 'NONE', #1138, 2.120592687679978106 ) ;
#2396 = CIRCLE ( 'NONE', #4547, 8.423076923076912692 ) ;
#2397 = CARTESIAN_POINT ( 'NONE',  ( -4.979876246353343916, -6.211837670573967962, 0.5833333333333308168 ) ) ;
#2398 = CARTESIAN_POINT ( 'NONE',  ( -4.301095606900024571, 6.144149784982888107, 0.5833333333333331483 ) ) ;
#2399 = CARTESIAN_POINT ( 'NONE',  ( -1.324689923748549658, -7.778718351378835827, -0.5833333333333361459 ) ) ;
#2400 = AXIS2_PLACEMENT_3D ( 'NONE', #2793, #359, #4679 ) ;
#2401 = CLOSED_SHELL ( 'NONE', ( #1382, #5088, #2246, #3201, #1118, #941, #4689, #4333, #846, #3393, #4031, #3934, #961, #1231, #3066, #2795, #5118, #2126, #1870, #486, #5080, #4409, #178, #2188, #116, #3210, #2627, #2036, #4260, #1830, #2064, #881, #4823, #395 ) ) ;
#2402 = AXIS2_PLACEMENT_3D ( 'NONE', #4194, #3864, #1492 ) ;
#2403 = EDGE_CURVE ( 'NONE', #694, #3443, #3881, .T. ) ;
#2404 = PLANE ( 'NONE',  #894 ) ;
#2405 = AXIS2_PLACEMENT_3D ( 'NONE', #198, #2972, #2214 ) ;
#2406 = DIRECTION ( 'NONE',  ( 1.224646799147353947E-16, 1.000000000000000000, 0.000000000000000000 ) ) ;
#2407 = AXIS2_PLACEMENT_3D ( 'NONE', #4380, #1677, #3999 ) ;
#2408 = TOROIDAL_SURFACE ( 'NONE', #2418, 8.454576923076915662, 0.03150000000000000022 ) ;
#2409 = VERTEX_POINT ( 'NONE', #2667 ) ;
#2410 = VERTEX_POINT ( 'NONE', #3494 ) ;
#2411 = CARTESIAN_POINT ( 'NONE',  ( 0.000000000000000000, 7.500000000000000000, -4.898587196589413026E-15 ) ) ;
#2412 = CIRCLE ( 'NONE', #1327, 9.282051282051275720 ) ;
#2413 = EDGE_CURVE ( 'NONE', #2275, #4336, #1891, .T. ) ;
#2414 = DIRECTION ( 'NONE',  ( -0.4338837391175526248, -0.9009688679024218105, -3.492023159033201968E-16 ) ) ;
#2415 = PERSON_AND_ORGANIZATION ( #4594, #4229 ) ;
#2416 = ORIENTED_EDGE ( 'NONE', *, *, #2403, .T. ) ;
#2417 = CARTESIAN_POINT ( 'NONE',  ( 6.987304052840555890, -3.816238560115708722, -0.5833333333333354798 ) ) ;
#2418 = AXIS2_PLACEMENT_3D ( 'NONE', #2186, #1390, #4569 ) ;
#2419 = DIRECTION ( 'NONE',  ( -0.000000000000000000, -1.836970198721029441E-16, 1.000000000000000000 ) ) ;
#2420 = ORIENTED_EDGE ( 'NONE', *, *, #803, .T. ) ;
#2421 = AXIS2_PLACEMENT_3D ( 'NONE', #4600, #2267, #5025 ) ;
#2422 = ORIENTED_EDGE ( 'NONE', *, *, #3750, .F. ) ;
#2423 = ORIENTED_EDGE ( 'NONE', *, *, #1585, .T. ) ;
#2424 = B_SPLINE_CURVE_WITH_KNOTS ( 'NONE', 3,
 ( #3537, #2033, #2767, #3623, #4423, #1168 ),
 .UNSPECIFIED., .F., .F.,
 ( 4, 2, 4 ),
 ( 0.008017264588335041783, 0.008254037695080616854, 0.008490810801826193660 ),
 .UNSPECIFIED. ) ;
#2425 = DIRECTION ( 'NONE',  ( -0.000000000000000000, -1.836970198721029441E-16, 1.000000000000000000 ) ) ;
#2426 = ADVANCED_FACE ( 'NONE', ( #1412 ), #4239, .F. ) ;
#2427 = CARTESIAN_POINT ( 'NONE',  ( 0.000000000000000000, 7.038461538461534772, 2.120592687679978106 ) ) ;
#2428 = CARTESIAN_POINT ( 'NONE',  ( -1.214310080203054198, -7.480747016095964597, 0.5833333333333310389 ) ) ;
#2429 = FACE_OUTER_BOUND ( 'NONE', #1386, .T. ) ;
#2430 = AXIS2_PLACEMENT_3D ( 'NONE', #1121, #211, #1489 ) ;
#2431 = CARTESIAN_POINT ( 'NONE',  ( -5.275378915476219177, -5.962924783418372066, -0.5833333333333359239 ) ) ;
#2432 = CARTESIAN_POINT ( 'NONE',  ( -3.254128043381738333, -6.757266509268117893, -7.517604565864306465E-15 ) ) ;
#2433 = DIRECTION ( 'NONE',  ( 0.000000000000000000, -1.000000000000000000, -2.029135416122165840E-16 ) ) ;
#2434 = CARTESIAN_POINT ( 'NONE',  ( 1.540636156465640783, -7.340057236383838557, -0.5833333333333361459 ) ) ;
#2435 = EDGE_CURVE ( 'NONE', #3299, #4445, #1391, .T. ) ;
#2436 = DIRECTION ( 'NONE',  ( -0.2225209339563050392, -0.9749279121818258398, -1.770339779227540479E-16 ) ) ;
#2437 = ORIENTED_EDGE ( 'NONE', *, *, #319, .F. ) ;
#2438 = ORIENTED_EDGE ( 'NONE', *, *, #4347, .T. ) ;
#2439 = CARTESIAN_POINT ( 'NONE',  ( -4.572796692799458107, 5.944706082416717052, 0.5833333333333331483 ) ) ;
#2440 = CARTESIAN_POINT ( 'NONE',  ( 0.000000000000000000, 7.038461538461535660, 1.844711225215975636 ) ) ;
#2441 = ORIENTED_EDGE ( 'NONE', *, *, #4995, .T. ) ;
#2442 = CARTESIAN_POINT ( 'NONE',  ( -7.485378982620364496, 0.4680827774499700666, 0.5833333333333321491 ) ) ;
#2443 = CARTESIAN_POINT ( 'NONE',  ( 7.761926070062993510, -1.771608974190582053, 1.844711225215974970 ) ) ;
#2444 = ORIENTED_EDGE ( 'NONE', *, *, #1171, .F. ) ;
#2445 = ADVANCED_FACE ( 'NONE', ( #3106 ), #4187, .T. ) ;
#2446 = ORIENTED_EDGE ( 'NONE', *, *, #4499, .T. ) ;
#2447 = APPLICATION_CONTEXT ( 'configuration controlled 3d designs of mechanical parts and assemblies' ) ;
#2448 = ORIENTED_EDGE ( 'NONE', *, *, #2340, .F. ) ;
#2449 = CARTESIAN_POINT ( 'NONE',  ( 5.033019310522023559, -5.560460108652195643, -0.5833333333333355908 ) ) ;
#2450 = DIRECTION ( 'NONE',  ( 0.000000000000000000, -4.090185461015314015E-16, 1.000000000000000000 ) ) ;
#2451 = FACE_OUTER_BOUND ( 'NONE', #1455, .T. ) ;
#2452 = DIRECTION ( 'NONE',  ( 0.000000000000000000, -1.000000000000000000, -1.993935029858404320E-16 ) ) ;
#2453 = ORIENTED_EDGE ( 'NONE', *, *, #3044, .F. ) ;
#2454 = EDGE_CURVE ( 'NONE', #3057, #763, #2733, .T. ) ;
#2455 = CARTESIAN_POINT ( 'NONE',  ( -6.861992612664364444, -1.566205035154085490, 2.120592687679977661 ) ) ;
#2456 = CIRCLE ( 'NONE', #1523, 7.961538461538453681 ) ;
#2457 = DIRECTION ( 'NONE',  ( 0.000000000000000000, 1.836970198721029441E-16, -1.000000000000000000 ) ) ;
#2458 = CARTESIAN_POINT ( 'NONE',  ( -2.151889152159133456, 7.267209144213877536, -0.5833333333333331483 ) ) ;
#2459 = VECTOR ( 'NONE', #2518, 1000.000000000000000 ) ;
#2460 = CARTESIAN_POINT ( 'NONE',  ( 0.000000000000000000, -1.718745441110861320E-31, 3.500000000000002220 ) ) ;
#2461 = LINE ( 'NONE', #389, #4680 ) ;
#2462 = EDGE_LOOP ( 'NONE', ( #1812, #4375 ) ) ;
#2463 = EDGE_LOOP ( 'NONE', ( #5091, #2446 ) ) ;
#2464 = DIRECTION ( 'NONE',  ( -0.6234898018587431423, 0.7818314824680221431, 1.445602896647339656E-16 ) ) ;
#2465 = CARTESIAN_POINT ( 'NONE',  ( 5.033019310522022671, -5.560460108652195643, 0.5833333333333312609 ) ) ;
#2466 = ORIENTED_EDGE ( 'NONE', *, *, #4180, .T. ) ;
#2467 = CARTESIAN_POINT ( 'NONE',  ( 4.301095606898975632, 6.144149784983621743, -0.5833333333333333703 ) ) ;
#2468 = ORIENTED_EDGE ( 'NONE', *, *, #2516, .T. ) ;
#2469 = EDGE_LOOP ( 'NONE', ( #2422, #448, #2021, #2894 ) ) ;
#2470 = VERTEX_POINT ( 'NONE', #4603 ) ;
#2471 = DIRECTION ( 'NONE',  ( 1.000000000000000000, -1.224646799147353207E-16, -2.249639673992786138E-32 ) ) ;
#2472 = CARTESIAN_POINT ( 'NONE',  ( -1.044699553671270845E-16, -1.310011805077708007E-16, 0.5833333333333333703 ) ) ;
#2473 = CARTESIAN_POINT ( 'NONE',  ( 0.000000000000000000, -6.576923076923073097, 3.500000000000000000 ) ) ;
#2474 = CIRCLE ( 'NONE', #540, 7.961538461538453681 ) ;
#2475 = EDGE_CURVE ( 'NONE', #1904, #4924, #4109, .T. ) ;
#2476 = CARTESIAN_POINT ( 'NONE',  ( 0.000000000000000000, -6.576923076923072209, 1.662499999999987210 ) ) ;
#2477 = ORIENTED_EDGE ( 'NONE', *, *, #1252, .F. ) ;
#2478 = ORIENTED_EDGE ( 'NONE', *, *, #4103, .T. ) ;
#2479 = CIRCLE ( 'NONE', #4374, 1.901572311514110991 ) ;
#2480 = CARTESIAN_POINT ( 'NONE',  ( -7.311959341363692744, -1.668907004672287808, -6.582888088832161947E-15 ) ) ;
#2481 = EDGE_CURVE ( 'NONE', #3662, #1565, #3804, .T. ) ;
#2482 = DIRECTION ( 'NONE',  ( 7.970314984686170449E-17, -3.492023159033191121E-16, 1.000000000000000000 ) ) ;
#2483 = AXIS2_PLACEMENT_3D ( 'NONE', #3633, #2830, #366 ) ;
#2484 = AXIS2_PLACEMENT_3D ( 'NONE', #1684, #4919, #4512 ) ;
#2485 = B_SPLINE_CURVE_WITH_KNOTS ( 'NONE', 3,
 ( #2776, #4684, #3584, #4327, #1567, #3088 ),
 .UNSPECIFIED., .F., .F.,
 ( 4, 2, 4 ),
 ( 2.086319673475672357E-07, 0.0005915434850940111140, 0.001182878338220674612 ),
 .UNSPECIFIED. ) ;
#2486 = ADVANCED_FACE ( 'NONE', ( #3879, #2249 ), #1088, .T. ) ;
#2487 = CARTESIAN_POINT ( 'NONE',  ( -1.044699553671274050E-16, 1.310011805077694202E-16, -0.5833333333333333703 ) ) ;
#2488 = DIRECTION ( 'NONE',  ( -1.224646799147352468E-16, 1.000000000000000000, 0.000000000000000000 ) ) ;
#2489 = CLOSED_SHELL ( 'NONE', ( #1221, #5060 ) ) ;
#2490 = AXIS2_PLACEMENT_3D ( 'NONE', #2675, #3889, #368 ) ;
#2491 = AXIS2_PLACEMENT_3D ( 'NONE', #1849, #2690, #1506 ) ;
#2492 = EDGE_LOOP ( 'NONE', ( #4373, #1599, #3069, #2924 ) ) ;
#2493 = EDGE_LOOP ( 'NONE', ( #2502, #364, #3462, #3670 ) ) ;
#2494 = AXIS2_PLACEMENT_3D ( 'NONE', #4181, #1081, #2682 ) ;
#2495 = CARTESIAN_POINT ( 'NONE',  ( -1.796666265318776601, 7.281620034790709184, -0.5833333333333330373 ) ) ;
#2496 = ORIENTED_EDGE ( 'NONE', *, *, #243, .F. ) ;
#2497 = CIRCLE ( 'NONE', #2905, 7.499999999999998224 ) ;
#2498 = CARTESIAN_POINT ( 'NONE',  ( 6.504769125975066402, -3.733360235358254009, 0.1936861211537706795 ) ) ;
#2499 = ORIENTED_EDGE ( 'NONE', *, *, #3296, .T. ) ;
#2500 = ORIENTED_EDGE ( 'NONE', *, *, #4685, .T. ) ;
#2501 = AXIS2_PLACEMENT_3D ( 'NONE', #2385, #1597, #3198 ) ;
#2502 = ORIENTED_EDGE ( 'NONE', *, *, #1822, .F. ) ;
#2503 = CARTESIAN_POINT ( 'NONE',  ( 5.255888951462495129, -5.886314726087154447, -0.5833333333333357018 ) ) ;
#2504 =( GEOMETRIC_REPRESENTATION_CONTEXT ( 3 ) GLOBAL_UNCERTAINTY_ASSIGNED_CONTEXT ( ( #2094 ) ) GLOBAL_UNIT_ASSIGNED_CONTEXT ( ( #367, #698, #1536 ) ) REPRESENTATION_CONTEXT ( 'NONE', 'WORKASPACE' ) );
#2505 = B_SPLINE_CURVE_WITH_KNOTS ( 'NONE', 3,
 ( #93, #3950, #2086, #61, #1971, #4338 ),
 .UNSPECIFIED., .F., .F.,
 ( 4, 2, 4 ),
 ( 2.035280482603462270E-07, 0.0005855209568278841410, 0.001170838385607507947 ),
 .UNSPECIFIED. ) ;
#2506 = DIRECTION ( 'NONE',  ( 0.000000000000000000, 1.000000000000000000, 1.836970198721029441E-16 ) ) ;
#2507 = CARTESIAN_POINT ( 'NONE',  ( 7.960654739106501232, 0.1186204022876713865, -0.1996067795145018142 ) ) ;
#2508 = DIRECTION ( 'NONE',  ( 0.6234898018587433643, -0.7818314824680220321, -1.198086688955196787E-16 ) ) ;
#2509 = EDGE_CURVE ( 'NONE', #4720, #421, #4211, .T. ) ;
#2510 = VECTOR ( 'NONE', #4431, 1000.000000000000000 ) ;
#2511 = ORIENTED_EDGE ( 'NONE', *, *, #4654, .T. ) ;
#2512 = VERTEX_POINT ( 'NONE', #1034 ) ;
#2513 = CARTESIAN_POINT ( 'NONE',  ( 4.340034849346177559, 6.213415043245399616, 0.5833333333333334814 ) ) ;
#2514 = DESIGN_CONTEXT ( 'detailed design', #4588, 'design' ) ;
#2515 = CARTESIAN_POINT ( 'NONE',  ( -7.761926070062969529, -1.771608974190686858, 2.120592687679974997 ) ) ;
#2516 = EDGE_CURVE ( 'NONE', #3687, #1752, #4950, .T. ) ;
#2517 = DIRECTION ( 'NONE',  ( 0.000000000000000000, -1.000000000000000000, -2.127511202203582866E-16 ) ) ;
#2518 = DIRECTION ( 'NONE',  ( -0.000000000000000000, -1.836970198721029441E-16, 1.000000000000000000 ) ) ;
#2519 = EDGE_CURVE ( 'NONE', #183, #4177, #3464, .T. ) ;
#2520 = ORIENTED_EDGE ( 'NONE', *, *, #4472, .T. ) ;
#2521 = ORIENTED_EDGE ( 'NONE', *, *, #2274, .F. ) ;
#2522 = DIRECTION ( 'NONE',  ( 0.000000000000000000, 0.7071067811865370256, -0.7071067811865578978 ) ) ;
#2523 = ORIENTED_EDGE ( 'NONE', *, *, #2260, .T. ) ;
#2524 = CARTESIAN_POINT ( 'NONE',  ( 4.569239402703064279, 6.433967837110013299, -0.5833333333333333703 ) ) ;
#2525 = ORIENTED_EDGE ( 'NONE', *, *, #2792, .T. ) ;
#2526 = ORIENTED_EDGE ( 'NONE', *, *, #4620, .F. ) ;
#2527 = CARTESIAN_POINT ( 'NONE',  ( 1.035387056699122165E-15, -8.454576923076912109, -3.150000000000003464 ) ) ;
#2528 = CARTESIAN_POINT ( 'NONE',  ( 0.000000000000000000, 7.500000000000000000, 0.000000000000000000 ) ) ;
#2529 = CARTESIAN_POINT ( 'NONE',  ( 8.377839946674565218E-17, -4.034555078750226356E-17, 0.5833333333333333703 ) ) ;
#2530 = CARTESIAN_POINT ( 'NONE',  ( -4.825565182335393999, -5.741751474942097033, 0.3937361966030371585 ) ) ;
#2531 = VERTEX_POINT ( 'NONE', #690 ) ;
#2532 = EDGE_LOOP ( 'NONE', ( #578, #3475, #4668, #164 ) ) ;
#2533 = EDGE_CURVE ( 'NONE', #3181, #1774, #2901, .T. ) ;
#2534 = CARTESIAN_POINT ( 'NONE',  ( -1.209306557283115202, -7.401863120222638592, -0.5833333333333359239 ) ) ;
#2535 = CARTESIAN_POINT ( 'NONE',  ( 0.000000000000000000, 1.215798726023513880E-15, -3.118500000000001382 ) ) ;
#2536 = CARTESIAN_POINT ( 'NONE',  ( 0.000000000000000000, 1.235708630151640136E-15, -3.226884469938535283 ) ) ;
#2537 = EDGE_CURVE ( 'NONE', #3560, #3790, #4066, .T. ) ;
#2538 = ORIENTED_EDGE ( 'NONE', *, *, #4128, .T. ) ;
#2539 = ORIENTED_EDGE ( 'NONE', *, *, #1416, .F. ) ;
#2540 = AXIS2_PLACEMENT_3D ( 'NONE', #915, #4428, #1694 ) ;
#2541 = DIRECTION ( 'NONE',  ( -0.7818314824680221431, -0.6234898018587431423, 6.916380135000387687E-17 ) ) ;
#2542 = FACE_OUTER_BOUND ( 'NONE', #1614, .T. ) ;
#2543 = B_SPLINE_CURVE_WITH_KNOTS ( 'NONE', 3,
 ( #2887, #2205, #4220, #580, #2158, #3375 ),
 .UNSPECIFIED., .F., .F.,
 ( 4, 2, 4 ),
 ( 2.035280481730105921E-07, 0.0005855209568279336890, 0.001170838385607694213 ),
 .UNSPECIFIED. ) ;
#2544 = EDGE_CURVE ( 'NONE', #3467, #866, #2318, .T. ) ;
#2545 = CARTESIAN_POINT ( 'NONE',  ( -7.961512308955458472, 0.02040658978899956288, 0.5833333333333319271 ) ) ;
#2546 = ORIENTED_EDGE ( 'NONE', *, *, #3240, .T. ) ;
#2547 = EDGE_LOOP ( 'NONE', ( #2804, #2448 ) ) ;
#2548 = CARTESIAN_POINT ( 'NONE',  ( 1.285716342863969741, -7.707408072108511199, 0.5833333333333307058 ) ) ;
#2549 = DIRECTION ( 'NONE',  ( -1.436201133715656092E-16, -6.916380135000592297E-17, 1.000000000000000000 ) ) ;
#2550 = DIRECTION ( 'NONE',  ( -0.000000000000000000, -1.836970198721029441E-16, 1.000000000000000000 ) ) ;
#2551 = DIRECTION ( 'NONE',  ( 0.000000000000000000, 0.000000000000000000, 1.000000000000000000 ) ) ;
#2552 = DIRECTION ( 'NONE',  ( -0.2225209339563181954, 0.9749279121818226201, 1.770339779227540232E-16 ) ) ;
#2553 = ORIENTED_EDGE ( 'NONE', *, *, #3937, .T. ) ;
#2554 = ORIENTED_EDGE ( 'NONE', *, *, #778, .T. ) ;
#2555 = AXIS2_PLACEMENT_3D ( 'NONE', #3199, #4414, #474 ) ;
#2556 = CARTESIAN_POINT ( 'NONE',  ( -1.372857368525091104, -7.842280109779456332, 0.5833333333333308168 ) ) ;
#2557 = CARTESIAN_POINT ( 'NONE',  ( 0.000000000000000000, 4.262500000000000178, 3.041268939877068700 ) ) ;
#2558 = CARTESIAN_POINT ( 'NONE',  ( 0.000000000000000000, 4.114813245135174086E-17, 3.275999999999997581 ) ) ;
#2559 = DIRECTION ( 'NONE',  ( 0.000000000000000000, -4.090185461015314015E-16, 1.000000000000000000 ) ) ;
#2560 = CIRCLE ( 'NONE', #383, 7.961538461538454570 ) ;
#2561 = EDGE_CURVE ( 'NONE', #3380, #4334, #390, .T. ) ;
#2562 = ORIENTED_EDGE ( 'NONE', *, *, #615, .F. ) ;
#2563 = CIRCLE ( 'NONE', #629, 7.499999999999998224 ) ;
#2564 = ADVANCED_FACE ( 'NONE', ( #1223, #1932 ), #2404, .T. ) ;
#2565 = ORIENTED_EDGE ( 'NONE', *, *, #1894, .F. ) ;
#2566 = CARTESIAN_POINT ( 'NONE',  ( 5.143087254245023665, -5.676121971200845273, 0.5833333333333313719 ) ) ;
#2567 = DIRECTION ( 'NONE',  ( 1.790913520579326978E-16, -2.245734522990332355E-16, 1.000000000000000000 ) ) ;
#2568 = DIRECTION ( 'NONE',  ( -0.000000000000000000, -1.836970198721029441E-16, 1.000000000000000000 ) ) ;
#2569 = AXIS2_PLACEMENT_3D ( 'NONE', #101, #497, #2953 ) ;
#2570 = ORIENTED_EDGE ( 'NONE', *, *, #5000, .F. ) ;
#2571 = CIRCLE ( 'NONE', #810, 1.844711225215975636 ) ;
#2572 = EDGE_CURVE ( 'NONE', #1294, #1673, #2870, .T. ) ;
#2573 = VERTEX_POINT ( 'NONE', #1559 ) ;
#2574 = CARTESIAN_POINT ( 'NONE',  ( 0.000000000000000000, 1.221585182149485706E-15, -3.150000000000005240 ) ) ;
#2575 = CARTESIAN_POINT ( 'NONE',  ( -5.863736118510165518, 4.676173513940574011, -5.417315706714441881E-15 ) ) ;
#2576 = DIRECTION ( 'NONE',  ( 1.790913520579326732E-16, -2.245734522990332355E-16, 1.000000000000000000 ) ) ;
#2577 = CARTESIAN_POINT ( 'NONE',  ( 0.000000000000000000, -3.999999999999999112, -3.041268939877070920 ) ) ;
#2578 = DIRECTION ( 'NONE',  ( 0.9749279121818227312, -0.2225209339563181954, -2.245734522990352569E-16 ) ) ;
#2579 = CIRCLE ( 'NONE', #3657, 4.000000000000000000 ) ;
#2580 = ORIENTED_EDGE ( 'NONE', *, *, #4502, .T. ) ;
#2581 = CIRCLE ( 'NONE', #3246, 8.423076923076914468 ) ;
#2582 = AXIS2_PLACEMENT_3D ( 'NONE', #138, #456, #1246 ) ;
#2583 = EDGE_CURVE ( 'NONE', #2863, #3443, #2120, .T. ) ;
#2584 = ORIENTED_EDGE ( 'NONE', *, *, #5110, .T. ) ;
#2585 = DIRECTION ( 'NONE',  ( 0.000000000000000000, -1.000000000000000000, -3.594260066865590606E-16 ) ) ;
#2586 = CIRCLE ( 'NONE', #3253, 10.65000000000000746 ) ;
#2587 = PLANE ( 'NONE',  #3072 ) ;
#2588 = AXIS2_PLACEMENT_3D ( 'NONE', #1072, #2646, #4972 ) ;
#2589 = LOCAL_TIME ( 16, 16, 49.00000000000000000, #1306 ) ;
#2590 = EDGE_CURVE ( 'NONE', #1664, #467, #3651, .T. ) ;
#2591 = DIRECTION ( 'NONE',  ( -0.9749279121818227312, -0.2225209339563182231, -2.245734522990356514E-16 ) ) ;
#2592 = FACE_OUTER_BOUND ( 'NONE', #4526, .T. ) ;
#2593 = VERTEX_POINT ( 'NONE', #801 ) ;
#2594 = EDGE_CURVE ( 'NONE', #4253, #256, #3319, .T. ) ;
#2595 = CARTESIAN_POINT ( 'NONE',  ( 7.482316449469965214, 0.5170574938506885543, -0.3916306432852103003 ) ) ;
#2596 = CARTESIAN_POINT ( 'NONE',  ( 7.095815146751941249, 2.882129667114815330, -0.5833333333333342585 ) ) ;
#2597 = FACE_BOUND ( 'NONE', #429, .T. ) ;
#2598 = EDGE_LOOP ( 'NONE', ( #2294, #1532 ) ) ;
#2599 = EDGE_LOOP ( 'NONE', ( #1485, #3616, #452, #1797 ) ) ;
#2600 = CARTESIAN_POINT ( 'NONE',  ( 5.863736118510160189, 4.676173513940569570, -1.417427986384465211 ) ) ;
#2601 = SPHERICAL_SURFACE ( 'NONE', #2484, 1.901572311514110769 ) ;
#2602 = SPHERICAL_SURFACE ( 'NONE', #72, 1.901572311514110769 ) ;
#2603 = CYLINDRICAL_SURFACE ( 'NONE', #3982, 6.576923076923073097 ) ;
#2604 = CARTESIAN_POINT ( 'NONE',  ( 1.044699553671274050E-16, -1.310011805077694202E-16, 0.5833333333333333703 ) ) ;
#2605 = EDGE_CURVE ( 'NONE', #4091, #2918, #4525, .T. ) ;
#2606 = EDGE_LOOP ( 'NONE', ( #3218, #2379, #3757, #1622 ) ) ;
#2607 = ORIENTED_EDGE ( 'NONE', *, *, #2847, .F. ) ;
#2608 = FACE_OUTER_BOUND ( 'NONE', #1443, .T. ) ;
#2609 = CARTESIAN_POINT ( 'NONE',  ( -1.044699553671274050E-16, 1.310011805077694202E-16, -0.5833333333333333703 ) ) ;
#2610 = B_SPLINE_CURVE_WITH_KNOTS ( 'NONE', 3,
 ( #2655, #326, #3823, #3122, #4694, #2238 ),
 .UNSPECIFIED., .F., .F.,
 ( 4, 2, 4 ),
 ( 2.056720468471559772E-07, 0.0005877628135819004456, 0.001175319955116953599 ),
 .UNSPECIFIED. ) ;
#2611 = EDGE_CURVE ( 'NONE', #4534, #4186, #4801, .T. ) ;
#2612 = DIRECTION ( 'NONE',  ( -1.436201133715656092E-16, -6.916380135000592297E-17, 1.000000000000000000 ) ) ;
#2613 = CARTESIAN_POINT ( 'NONE',  ( -8.377839946674661360E-17, -4.034555078750345918E-17, 0.5833333333333333703 ) ) ;
#2614 = ORIENTED_EDGE ( 'NONE', *, *, #951, .T. ) ;
#2615 = CARTESIAN_POINT ( 'NONE',  ( 0.000000000000000000, 0.000000000000000000, 0.5833333333333333703 ) ) ;
#2616 = CIRCLE ( 'NONE', #357, 7.499999999999998224 ) ;
#2617 = CARTESIAN_POINT ( 'NONE',  ( -5.863736118510165518, 4.676173513940574011, -5.417315706714441881E-15 ) ) ;
#2618 = ORIENTED_EDGE ( 'NONE', *, *, #2751, .T. ) ;
#2619 = ORIENTED_EDGE ( 'NONE', *, *, #2274, .T. ) ;
#2620 = FACE_OUTER_BOUND ( 'NONE', #4105, .T. ) ;
#2621 = CARTESIAN_POINT ( 'NONE',  ( -6.947186933488686655, 2.826056211607266722, -0.5833333333333340365 ) ) ;
#2622 = FACE_BOUND ( 'NONE', #1435, .T. ) ;
#2623 = CARTESIAN_POINT ( 'NONE',  ( -5.091814065936413947, -5.613773391860383377, -0.5833333333333358128 ) ) ;
#2624 = DIRECTION ( 'NONE',  ( -1.790913520579321308E-16, -2.245734522990356514E-16, 1.000000000000000000 ) ) ;
#2625 = VERTEX_POINT ( 'NONE', #2328 ) ;
#2626 = ORIENTED_EDGE ( 'NONE', *, *, #851, .T. ) ;
#2627 = ADVANCED_FACE ( 'NONE', ( #4785 ), #2772, .F. ) ;
#2628 = DIRECTION ( 'NONE',  ( 0.000000000000000000, 1.000000000000000000, 0.000000000000000000 ) ) ;
#2629 = CARTESIAN_POINT ( 'NONE',  ( -5.030835742879300021, -6.170984705681166638, -0.3943750851858355277 ) ) ;
#2630 = DIRECTION ( 'NONE',  ( -0.2225209339563181954, 0.9749279121818226201, 1.770339779227540232E-16 ) ) ;
#2631 = CIRCLE ( 'NONE', #3217, 8.549076923076908585 ) ;
#2632 = ADVANCED_FACE ( 'NONE', ( #335 ), #1197, .T. ) ;
#2633 = CARTESIAN_POINT ( 'NONE',  ( 1.289137481157911491, -7.856476262118725629, -0.1955120260061252446 ) ) ;
#2634 = FACE_OUTER_BOUND ( 'NONE', #3437, .T. ) ;
#2635 = EDGE_CURVE ( 'NONE', #3687, #4243, #1360, .T. ) ;
#2636 = AXIS2_PLACEMENT_3D ( 'NONE', #3065, #3449, #1764 ) ;
#2637 = ORIENTED_EDGE ( 'NONE', *, *, #1, .F. ) ;
#2638 = ADVANCED_FACE ( 'NONE', ( #776 ), #2376, .T. ) ;
#2639 = CIRCLE ( 'NONE', #1045, 7.499999999999998224 ) ;
#2640 = CARTESIAN_POINT ( 'NONE',  ( 7.485378982620445321, 0.4680827774486767678, 0.5833333333333322601 ) ) ;
#2641 = DIRECTION ( 'NONE',  ( -0.7818314824680221431, 0.6234898018587431423, -6.916380135000382756E-17 ) ) ;
#2642 = AXIS2_PLACEMENT_3D ( 'NONE', #2800, #3997, #423 ) ;
#2643 = ORIENTED_EDGE ( 'NONE', *, *, #4719, .F. ) ;
#2644 = ORIENTED_EDGE ( 'NONE', *, *, #604, .T. ) ;
#2645 = DIRECTION ( 'NONE',  ( -0.9009688679024218105, 0.4338837391175526248, 1.979068330808070246E-16 ) ) ;
#2646 = DIRECTION ( 'NONE',  ( 0.000000000000000000, 1.836970198721029441E-16, -1.000000000000000000 ) ) ;
#2647 = AXIS2_PLACEMENT_3D ( 'NONE', #2097, #2875, #2175 ) ;
#2648 = CARTESIAN_POINT ( 'NONE',  ( 7.946378725477006633, 0.4910802926687410919, -0.1989909119326619957 ) ) ;
#2649 = CARTESIAN_POINT ( 'NONE',  ( 0.000000000000000000, 0.000000000000000000, 3.500000000000001332 ) ) ;
#2650 = EDGE_LOOP ( 'NONE', ( #3050, #4524 ) ) ;
#2651 = AXIS2_PLACEMENT_3D ( 'NONE', #2373, #37, #1928 ) ;
#2652 = AXIS2_PLACEMENT_3D ( 'NONE', #1571, #675, #3863 ) ;
#2653 = CIRCLE ( 'NONE', #399, 2.120592687679978106 ) ;
#2654 = ORIENTED_EDGE ( 'NONE', *, *, #4196, .F. ) ;
#2655 = CARTESIAN_POINT ( 'NONE',  ( 2.165736068126628666, 7.661310720612465985, 0.5833333333333333703 ) ) ;
#2656 = CYLINDRICAL_SURFACE ( 'NONE', #468, 8.423076923076912692 ) ;
#2657 = EDGE_CURVE ( 'NONE', #1355, #2114, #559, .T. ) ;
#2658 = CIRCLE ( 'NONE', #487, 8.454576923076913886 ) ;
#2659 = DIRECTION ( 'NONE',  ( 0.9749279121818227312, 0.2225209339563182231, 2.245734522990356514E-16 ) ) ;
#2660 = AXIS2_PLACEMENT_3D ( 'NONE', #1520, #3121, #3561 ) ;
#2661 = AXIS2_PLACEMENT_3D ( 'NONE', #4007, #1131, #1604 ) ;
#2662 = VECTOR ( 'NONE', #923, 1000.000000000000000 ) ;
#2663 = CARTESIAN_POINT ( 'NONE',  ( 2.596977047262569124E-16, 7.961538461538457234, -2.120592687679978106 ) ) ;
#2664 = CIRCLE ( 'NONE', #3580, 0.2624999999999997335 ) ;
#2665 = ADVANCED_FACE ( 'NONE', ( #4909, #465 ), #1981, .T. ) ;
#2666 = ORIENTED_EDGE ( 'NONE', *, *, #693, .T. ) ;
#2667 = CARTESIAN_POINT ( 'NONE',  ( -6.861992612664364444, -1.566205035154084602, -1.844711225215977413 ) ) ;
#2668 = CARTESIAN_POINT ( 'NONE',  ( -6.699258762453288440, -3.371932981791421646, 0.5833333333333315940 ) ) ;
#2669 = EDGE_CURVE ( 'NONE', #1284, #490, #1141, .T. ) ;
#2670 = ORIENTED_EDGE ( 'NONE', *, *, #2133, .T. ) ;
#2671 = VERTEX_POINT ( 'NONE', #2066 ) ;
#2672 = CYLINDRICAL_SURFACE ( 'NONE', #2170, 7.499999999999998224 ) ;
#2673 = CARTESIAN_POINT ( 'NONE',  ( 0.000000000000000000, 8.673617379884035472E-16, -6.199629803572018347E-15 ) ) ;
#2674 = DIRECTION ( 'NONE',  ( 0.9749279121818257288, -0.2225209339563052058, 0.000000000000000000 ) ) ;
#2675 = CARTESIAN_POINT ( 'NONE',  ( 0.000000000000000000, 1.285879139104721619E-15, -3.500000000000004885 ) ) ;
#2676 = CYLINDRICAL_SURFACE ( 'NONE', #4068, 7.961538461538453681 ) ;
#2677 = CARTESIAN_POINT ( 'NONE',  ( 2.259119697311937701E-16, 7.038461538461535660, -1.844711225215975636 ) ) ;
#2678 = ORIENTED_EDGE ( 'NONE', *, *, #1757, .F. ) ;
#2679 = EDGE_LOOP ( 'NONE', ( #2878, #3858, #4691, #1358 ) ) ;
#2680 = DIRECTION ( 'NONE',  ( -0.4338837391175526803, -0.9009688679024218105, 0.000000000000000000 ) ) ;
#2681 = CARTESIAN_POINT ( 'NONE',  ( 0.000000000000000000, 0.000000000000000000, 3.500000000000001332 ) ) ;
#2682 = DIRECTION ( 'NONE',  ( 1.000000000000000000, 0.000000000000000000, -0.000000000000000000 ) ) ;
#2683 = APPROVAL ( #2723, 'UNSPECIFIED' ) ;
#2684 = FACE_BOUND ( 'NONE', #1387, .T. ) ;
#2685 = CARTESIAN_POINT ( 'NONE',  ( 1.035387056699122362E-15, 8.454576923076915662, 3.149999999999999911 ) ) ;
#2686 = CARTESIAN_POINT ( 'NONE',  ( 1.791498108671232714, 7.757359679761116844, 0.5833333333333333703 ) ) ;
#2687 = B_SPLINE_CURVE_WITH_KNOTS ( 'NONE', 3,
 ( #1916, #5047, #4641, #1076, #1493, #3093 ),
 .UNSPECIFIED., .F., .F.,
 ( 4, 2, 4 ),
 ( 2.086319673477776969E-07, 0.0005915434850940111140, 0.001182878338220674612 ),
 .UNSPECIFIED. ) ;
#2688 = ORIENTED_EDGE ( 'NONE', *, *, #4149, .F. ) ;
#2689 = EDGE_CURVE ( 'NONE', #1702, #2728, #741, .T. ) ;
#2690 = DIRECTION ( 'NONE',  ( 0.4338837391175651703, -0.9009688679024158153, -3.492023159033191121E-16 ) ) ;
#2691 = CARTESIAN_POINT ( 'NONE',  ( -6.851265455490480605, 3.051255752946494759, -0.1996209557216388764 ) ) ;
#2692 = ORIENTED_EDGE ( 'NONE', *, *, #5057, .F. ) ;
#2693 = ORIENTED_EDGE ( 'NONE', *, *, #3178, .T. ) ;
#2694 = CIRCLE ( 'NONE', #441, 7.499999999999998224 ) ;
#2695 = FACE_OUTER_BOUND ( 'NONE', #2015, .T. ) ;
#2696 = EDGE_CURVE ( 'NONE', #4078, #4141, #4880, .T. ) ;
#2697 = CARTESIAN_POINT ( 'NONE',  ( 0.000000000000000000, 1.215798726023513880E-15, -3.118500000000001382 ) ) ;
#2698 = APPROVAL_STATUS ( 'not_yet_approved' ) ;
#2699 = CARTESIAN_POINT ( 'NONE',  ( -7.181928819271083952, 3.435985027540071624, 0.5833333333333328152 ) ) ;
#2700 = LINE ( 'NONE', #1075, #311 ) ;
#2701 = EDGE_CURVE ( 'NONE', #2090, #4165, #4468, .T. ) ;
#2702 = ORIENTED_EDGE ( 'NONE', *, *, #724, .T. ) ;
#2703 = VERTEX_POINT ( 'NONE', #570 ) ;
#2704 = EDGE_LOOP ( 'NONE', ( #3311, #3086, #2308, #3145 ) ) ;
#2705 = DIRECTION ( 'NONE',  ( 0.9009688679024216995, 0.4338837391175526803, 7.970314984685943651E-17 ) ) ;
#2706 = CARTESIAN_POINT ( 'NONE',  ( -8.377839946674661360E-17, -4.034555078750345918E-17, 0.5833333333333333703 ) ) ;
#2707 = FACE_OUTER_BOUND ( 'NONE', #1046, .T. ) ;
#2708 = DIRECTION ( 'NONE',  ( 0.000000000000000000, 1.000000000000000000, 2.051815829177506593E-16 ) ) ;
#2709 = AXIS2_PLACEMENT_3D ( 'NONE', #5044, #1096, #1537 ) ;
#2710 = DIRECTION ( 'NONE',  ( -0.7818314824680310249, 0.6234898018587320401, -6.916380135000592297E-17 ) ) ;
#2711 = DIRECTION ( 'NONE',  ( 0.000000000000000000, 0.000000000000000000, 1.000000000000000000 ) ) ;
#2712 = CARTESIAN_POINT ( 'NONE',  ( 5.863736118510160189, 4.676173513940569570, 1.417427986384464322 ) ) ;
#2713 = APPROVAL ( #2698, 'UNSPECIFIED' ) ;
#2714 = ORIENTED_EDGE ( 'NONE', *, *, #747, .F. ) ;
#2715 = AXIS2_PLACEMENT_3D ( 'NONE', #920, #1239, #3808 ) ;
#2716 = DIRECTION ( 'NONE',  ( 0.000000000000000000, -1.000000000000000000, -2.029135416122166087E-16 ) ) ;
#2717 = EDGE_CURVE ( 'NONE', #3197, #4708, #154, .T. ) ;
#2718 = FACE_OUTER_BOUND ( 'NONE', #2940, .T. ) ;
#2719 = ORIENTED_EDGE ( 'NONE', *, *, #334, .T. ) ;
#2720 = ORIENTED_EDGE ( 'NONE', *, *, #1082, .T. ) ;
#2721 = DIRECTION ( 'NONE',  ( 0.6234898018587320401, 0.7818314824680310249, 1.436201133715656092E-16 ) ) ;
#2722 = FACE_BOUND ( 'NONE', #4510, .T. ) ;
#2723 = APPROVAL_STATUS ( 'not_yet_approved' ) ;
#2724 = CARTESIAN_POINT ( 'NONE',  ( 6.861992612664384872, -1.566205035153992675, 1.844711225215974304 ) ) ;
#2725 = CARTESIAN_POINT ( 'NONE',  ( -5.255728300644033624, -5.885683248861321992, -0.5833333333333359239 ) ) ;
#2726 = CARTESIAN_POINT ( 'NONE',  ( 0.000000000000000000, 4.114813245135171620E-17, 3.275999999999997581 ) ) ;
#2727 = CIRCLE ( 'NONE', #3135, 0.8411054325275151289 ) ;
#2728 = VERTEX_POINT ( 'NONE', #3682 ) ;
#2729 = EDGE_CURVE ( 'NONE', #1542, #4533, #3395, .T. ) ;
#2730 = EDGE_LOOP ( 'NONE', ( #1643, #818, #4452, #3274 ) ) ;
#2731 = ORIENTED_EDGE ( 'NONE', *, *, #3960, .F. ) ;
#2732 = DIRECTION ( 'NONE',  ( -7.970314984685941186E-17, -3.492023159033202954E-16, 1.000000000000000000 ) ) ;
#2733 = CIRCLE ( 'NONE', #1054, 1.844711225215976746 ) ;
#2734 = DIRECTION ( 'NONE',  ( 0.000000000000000000, 0.000000000000000000, 1.000000000000000000 ) ) ;
#2735 = CARTESIAN_POINT ( 'NONE',  ( -1.324689923748651132, -7.778718351379010798, 0.5833333333333308168 ) ) ;
#2736 = CIRCLE ( 'NONE', #478, 7.961538461538453681 ) ;
#2737 = AXIS2_PLACEMENT_3D ( 'NONE', #4725, #2029, #2450 ) ;
#2738 = AXIS2_PLACEMENT_3D ( 'NONE', #123, #1332, #4450 ) ;
#2739 = EDGE_CURVE ( 'NONE', #3359, #2885, #1815, .T. ) ;
#2740 = AXIS2_PLACEMENT_3D ( 'NONE', #1008, #3847, #2630 ) ;
#2741 = CARTESIAN_POINT ( 'NONE',  ( -3.254128043381738333, -6.757266509268117893, -7.517604565864306465E-15 ) ) ;
#2742 = CIRCLE ( 'NONE', #638, 1.901572311514117430 ) ;
#2743 = PLANE ( 'NONE',  #3732 ) ;
#2744 = DIRECTION ( 'NONE',  ( -0.000000000000000000, -1.836970198721029441E-16, 1.000000000000000000 ) ) ;
#2745 = AXIS2_PLACEMENT_3D ( 'NONE', #4254, #2313, #1050 ) ;
#2746 = ORIENTED_EDGE ( 'NONE', *, *, #4778, .T. ) ;
#2747 = AXIS2_PLACEMENT_3D ( 'NONE', #484, #4853, #3746 ) ;
#2748 = CARTESIAN_POINT ( 'NONE',  ( 1.450204412814600108, -7.358458206210003461, 0.1996209557216345742 ) ) ;
#2749 = CIRCLE ( 'NONE', #2089, 7.499999999999997335 ) ;
#2750 = DIRECTION ( 'NONE',  ( -7.970314984686170449E-17, 3.492023159033191121E-16, -1.000000000000000000 ) ) ;
#2751 = EDGE_CURVE ( 'NONE', #2935, #4334, #3562, .T. ) ;
#2752 = EDGE_LOOP ( 'NONE', ( #4940, #338, #4023, #258 ) ) ;
#2753 = ORIENTED_EDGE ( 'NONE', *, *, #1713, .T. ) ;
#2754 = CARTESIAN_POINT ( 'NONE',  ( 8.377839946674661360E-17, 4.034555078750345918E-17, -0.5833333333333333703 ) ) ;
#2755 = DIRECTION ( 'NONE',  ( 0.000000000000000000, 0.000000000000000000, 1.000000000000000000 ) ) ;
#2756 = CARTESIAN_POINT ( 'NONE',  ( 0.000000000000000000, 1.221585182149485706E-15, -3.150000000000005240 ) ) ;
#2757 = CARTESIAN_POINT ( 'NONE',  ( 7.498850473186379872, 0.1313072000781820847, -0.5833333333333344806 ) ) ;
#2758 = DIRECTION ( 'NONE',  ( -1.000000000000000000, 0.000000000000000000, 0.000000000000000000 ) ) ;
#2759 = ORIENTED_EDGE ( 'NONE', *, *, #4529, .T. ) ;
#2760 = EDGE_LOOP ( 'NONE', ( #3898, #1441, #2441, #813 ) ) ;
#2761 = ORIENTED_EDGE ( 'NONE', *, *, #1665, .F. ) ;
#2762 = CARTESIAN_POINT ( 'NONE',  ( -5.033019310522950818, -5.560460108651355426, 0.5833333333333310389 ) ) ;
#2763 = DIRECTION ( 'NONE',  ( 0.2225209339563181954, -0.9749279121818227312, -1.734723475976807587E-16 ) ) ;
#2764 = DIRECTION ( 'NONE',  ( 0.000000000000000000, -1.000000000000000000, -1.993935029858404074E-16 ) ) ;
#2765 = EDGE_CURVE ( 'NONE', #3638, #2470, #719, .T. ) ;
#2766 = CARTESIAN_POINT ( 'NONE',  ( 2.169071179145602102, 7.179661459245921584, -0.3916088451971665996 ) ) ;
#2767 = CARTESIAN_POINT ( 'NONE',  ( -6.677777126054823320, -3.750936703543930495, 0.5833333333333314830 ) ) ;
#2768 = EDGE_CURVE ( 'NONE', #391, #385, #806, .T. ) ;
#2769 = DIRECTION ( 'NONE',  ( -0.9009688679024157043, -0.4338837391175651703, 4.276153006787361623E-17 ) ) ;
#2770 = FACE_OUTER_BOUND ( 'NONE', #3591, .T. ) ;
#2771 = ORIENTED_EDGE ( 'NONE', *, *, #2669, .F. ) ;
#2772 = CYLINDRICAL_SURFACE ( 'NONE', #2070, 8.549076923076908585 ) ;
#2773 = CARTESIAN_POINT ( 'NONE',  ( -6.671582672348386645, -3.426919035828360993, 0.3937336164760099066 ) ) ;
#2774 = ORIENTED_EDGE ( 'NONE', *, *, #1214, .F. ) ;
#2775 = ORIENTED_EDGE ( 'NONE', *, *, #4264, .T. ) ;
#2776 = CARTESIAN_POINT ( 'NONE',  ( 7.164220644310504760, -3.472756431739961513, -0.5833333333333354798 ) ) ;
#2777 = FACE_BOUND ( 'NONE', #4455, .T. ) ;
#2778 = CARTESIAN_POINT ( 'NONE',  ( -7.223749984554746817, 3.347167584054160372, 0.2000208454323485485 ) ) ;
#2779 = DIRECTION ( 'NONE',  ( -1.000000000000000000, 0.000000000000000000, 0.000000000000000000 ) ) ;
#2780 = DIRECTION ( 'NONE',  ( -0.000000000000000000, -0.000000000000000000, -1.000000000000000000 ) ) ;
#2781 = VERTEX_POINT ( 'NONE', #4861 ) ;
#2782 = ORIENTED_EDGE ( 'NONE', *, *, #3903, .T. ) ;
#2783 = ORIENTED_EDGE ( 'NONE', *, *, #233, .F. ) ;
#2784 = DIRECTION ( 'NONE',  ( 0.000000000000000000, 0.000000000000000000, 1.000000000000000000 ) ) ;
#2785 = CYLINDRICAL_SURFACE ( 'NONE', #3388, 6.576923076923074873 ) ;
#2786 = DIRECTION ( 'NONE',  ( 0.2225209339563050670, 0.9749279121818258398, 1.734723475976807834E-16 ) ) ;
#2787 = DIRECTION ( 'NONE',  ( 0.000000000000000000, -4.701883558424456179E-16, 1.000000000000000000 ) ) ;
#2788 = EDGE_CURVE ( 'NONE', #5065, #3922, #3156, .T. ) ;
#2789 = CARTESIAN_POINT ( 'NONE',  ( 1.044699553671270845E-16, 1.310011805077708007E-16, -0.5833333333333333703 ) ) ;
#2790 = DIRECTION ( 'NONE',  ( -0.2225209339563182231, 0.9749279121818227312, 2.223463086844479544E-16 ) ) ;
#2791 = FACE_OUTER_BOUND ( 'NONE', #246, .T. ) ;
#2792 = EDGE_CURVE ( 'NONE', #3506, #4585, #302, .T. ) ;
#2793 = CARTESIAN_POINT ( 'NONE',  ( -8.377839946674661360E-17, -4.034555078750345918E-17, 0.5833333333333333703 ) ) ;
#2794 = FACE_BOUND ( 'NONE', #2025, .T. ) ;
#2795 = ADVANCED_FACE ( 'NONE', ( #3271, #4837 ), #1352, .F. ) ;
#2796 = ORIENTED_EDGE ( 'NONE', *, *, #724, .F. ) ;
#2797 = AXIS2_PLACEMENT_3D ( 'NONE', #3223, #1679, #1283 ) ;
#2798 = ORIENTED_EDGE ( 'NONE', *, *, #4446, .T. ) ;
#2799 = CARTESIAN_POINT ( 'NONE',  ( 1.751708200715751840, -7.766441466598539733, -0.5833333333333361459 ) ) ;
#2800 = CARTESIAN_POINT ( 'NONE',  ( -3.053874009942772805, -6.341434724082428254, -2.457847069627214340E-15 ) ) ;
#2801 = EDGE_LOOP ( 'NONE', ( #1347, #3913, #937, #2438 ) ) ;
#2802 = DIRECTION ( 'NONE',  ( -0.000000000000000000, -1.836970198721029441E-16, 1.000000000000000000 ) ) ;
#2803 = CARTESIAN_POINT ( 'NONE',  ( 0.000000000000000000, 1.244731006653370051E-15, -3.276000000000001133 ) ) ;
#2804 = ORIENTED_EDGE ( 'NONE', *, *, #1642, .F. ) ;
#2805 = ORIENTED_EDGE ( 'NONE', *, *, #143, .T. ) ;
#2806 = EDGE_LOOP ( 'NONE', ( #1848, #3324, #5090, #2798 ) ) ;
#2807 = CARTESIAN_POINT ( 'NONE',  ( -5.069403964210390079, -5.527526743239635110, -0.3916088451971691531 ) ) ;
#2808 = CYLINDRICAL_SURFACE ( 'NONE', #4297, 7.499999999999998224 ) ;
#2809 = DIRECTION ( 'NONE',  ( 7.970314984686170449E-17, -3.492023159033191121E-16, 1.000000000000000000 ) ) ;
#2810 = AXIS2_PLACEMENT_3D ( 'NONE', #146, #879, #3361 ) ;
#2811 = FACE_OUTER_BOUND ( 'NONE', #4416, .T. ) ;
#2812 = AXIS2_PLACEMENT_3D ( 'NONE', #1259, #2414, #756 ) ;
#2813 = ADVANCED_FACE ( 'NONE', ( #4522, #1274 ), #3730, .T. ) ;
#2814 = FACE_BOUND ( 'NONE', #2234, .T. ) ;
#2815 = CIRCLE ( 'NONE', #3236, 2.120592687679978106 ) ;
#2816 = CARTESIAN_POINT ( 'NONE',  ( 5.033019310522023559, -5.560460108652195643, -0.5833333333333355908 ) ) ;
#2817 = CARTESIAN_POINT ( 'NONE',  ( 0.000000000000000000, 0.000000000000000000, -0.5833333333333333703 ) ) ;
#2818 = CIRCLE ( 'NONE', #565, 4.000000000000000000 ) ;
#2819 = AXIS2_PLACEMENT_3D ( 'NONE', #328, #2315, #3904 ) ;
#2820 = CIRCLE ( 'NONE', #1898, 1.809889355220185791 ) ;
#2821 = CARTESIAN_POINT ( 'NONE',  ( 3.254128043381644630, -6.757266509268164079, -7.517604565864314354E-15 ) ) ;
#2822 = AXIS2_PLACEMENT_3D ( 'NONE', #3288, #4877, #2452 ) ;
#2823 = EDGE_CURVE ( 'NONE', #3032, #1841, #2231, .T. ) ;
#2824 = DIRECTION ( 'NONE',  ( -0.9009688679024218105, 0.4338837391175526248, 8.170798981050185971E-17 ) ) ;
#2825 = CIRCLE ( 'NONE', #567, 7.499999999999998224 ) ;
#2826 = CIRCLE ( 'NONE', #569, 1.901572311514110325 ) ;
#2827 = ORIENTED_EDGE ( 'NONE', *, *, #2950, .T. ) ;
#2828 = EDGE_LOOP ( 'NONE', ( #4002, #2375 ) ) ;
#2829 = CIRCLE ( 'NONE', #2247, 1.809889355220185569 ) ;
#2830 = DIRECTION ( 'NONE',  ( 0.7818314824680221431, 0.6234898018587431423, -6.916380135000387687E-17 ) ) ;
#2831 = EDGE_LOOP ( 'NONE', ( #2220, #1874, #3843, #1126 ) ) ;
#2832 = CARTESIAN_POINT ( 'NONE',  ( -7.482316449469969655, 0.5170574938506106166, 0.3916306432850339969 ) ) ;
#2833 = EDGE_CURVE ( 'NONE', #4602, #3689, #1896, .T. ) ;
#2834 = CARTESIAN_POINT ( 'NONE',  ( 4.639539566349990096, 6.469989743950838701, -0.5833333333333333703 ) ) ;
#2835 = ORIENTED_EDGE ( 'NONE', *, *, #2611, .T. ) ;
#2836 = AXIS2_PLACEMENT_3D ( 'NONE', #4980, #3435, #3078 ) ;
#2837 = VERTEX_POINT ( 'NONE', #5004 ) ;
#2838 = VERTEX_POINT ( 'NONE', #4653 ) ;
#2839 = CARTESIAN_POINT ( 'NONE',  ( 0.000000000000000000, 2.590024667794152575E-30, 3.499999999999987121 ) ) ;
#2840 = DIRECTION ( 'NONE',  ( -1.790913520579326732E-16, 2.245734522990332355E-16, -1.000000000000000000 ) ) ;
#2841 = CARTESIAN_POINT ( 'NONE',  ( 7.961344901241895755, 0.08571973549017279648, 0.3943750851858319750 ) ) ;
#2842 = FACE_OUTER_BOUND ( 'NONE', #1682, .T. ) ;
#2843 = VERTEX_POINT ( 'NONE', #3849 ) ;
#2844 = CARTESIAN_POINT ( 'NONE',  ( -4.593589882010005176, 6.502939622852264456, 0.3928809633436722293 ) ) ;
#2845 = CARTESIAN_POINT ( 'NONE',  ( 1.325680160077009833E-15, -10.65000000000000746, 3.499999999999984901 ) ) ;
#2846 = DIRECTION ( 'NONE',  ( -7.970314984685942419E-17, -3.492023159033202954E-16, 1.000000000000000000 ) ) ;
#2847 = EDGE_CURVE ( 'NONE', #3947, #4111, #1048, .T. ) ;
#2848 = DIRECTION ( 'NONE',  ( 0.000000000000000000, -4.701883558424456179E-16, 1.000000000000000000 ) ) ;
#2849 = CARTESIAN_POINT ( 'NONE',  ( 5.220056981365593381E-16, -4.262499999999999289, -3.041268939877070920 ) ) ;
#2850 = B_SPLINE_CURVE_WITH_KNOTS ( 'NONE', 3,
 ( #3022, #3433, #4596, #609, #1844, #631 ),
 .UNSPECIFIED., .F., .F.,
 ( 4, 2, 4 ),
 ( 0.01132667245567766170, 0.01156297535658399288, 0.01179927825749032405 ),
 .UNSPECIFIED. ) ;
#2851 = ORIENTED_EDGE ( 'NONE', *, *, #4719, .T. ) ;
#2852 = ADVANCED_FACE ( 'NONE', ( #3049, #201 ), #1010, .F. ) ;
#2853 = VERTEX_POINT ( 'NONE', #1794 ) ;
#2854 = CARTESIAN_POINT ( 'NONE',  ( 4.572796692799379059, 5.944706082416777448, -0.5833333333333333703 ) ) ;
#2855 = SPHERICAL_SURFACE ( 'NONE', #3144, 1.901572311514110769 ) ;
#2856 = DATE_AND_TIME ( #2910, #2589 ) ;
#2857 = ORIENTED_EDGE ( 'NONE', *, *, #384, .F. ) ;
#2858 = CARTESIAN_POINT ( 'NONE',  ( -7.960654739106501232, 0.1186204022875635145, 0.1996067795144996770 ) ) ;
#2859 = DIRECTION ( 'NONE',  ( -0.000000000000000000, -1.836970198721029441E-16, 1.000000000000000000 ) ) ;
#2860 = EDGE_LOOP ( 'NONE', ( #1730, #2946, #4858, #3442 ) ) ;
#2861 = ORIENTED_EDGE ( 'NONE', *, *, #615, .T. ) ;
#2862 = ADVANCED_FACE ( 'NONE', ( #2634 ), #4236, .F. ) ;
#2863 = VERTEX_POINT ( 'NONE', #2268 ) ;
#2864 = CARTESIAN_POINT ( 'NONE',  ( -4.301095606906517155, 6.144149784992163355, -0.5833333333333335924 ) ) ;
#2865 = DIRECTION ( 'NONE',  ( -0.7818314824680310249, 0.6234898018587320401, -6.916380135000592297E-17 ) ) ;
#2866 = PLANE ( 'NONE',  #2166 ) ;
#2867 = ADVANCED_FACE ( 'NONE', ( #4206 ), #2245, .T. ) ;
#2868 = CARTESIAN_POINT ( 'NONE',  ( 3.053874009942861179, -6.341434724082384733, 1.844711225215973416 ) ) ;
#2869 = ORIENTED_EDGE ( 'NONE', *, *, #2215, .F. ) ;
#2870 = B_SPLINE_CURVE_WITH_KNOTS ( 'NONE', 3,
 ( #3603, #14, #2748, #417, #5114, #2434 ),
 .UNSPECIFIED., .F., .F.,
 ( 4, 2, 4 ),
 ( 2.073038737338614613E-07, 0.0005897655573085430801, 0.001179323810743352144 ),
 .UNSPECIFIED. ) ;
#2871 = EDGE_LOOP ( 'NONE', ( #4767, #4406, #1279, #4912 ) ) ;
#2872 = CARTESIAN_POINT ( 'NONE',  ( 3.053874009942860734, -6.341434724082385621, 2.120592687679976329 ) ) ;
#2873 = CIRCLE ( 'NONE', #3208, 8.423076923076914468 ) ;
#2874 = DIRECTION ( 'NONE',  ( -0.9009688679024157043, -0.4338837391175651703, -8.170798981050185971E-17 ) ) ;
#2875 = DIRECTION ( 'NONE',  ( 0.000000000000000000, 1.836970198721029441E-16, -1.000000000000000000 ) ) ;
#2876 = CARTESIAN_POINT ( 'NONE',  ( 0.000000000000000000, 4.349999999999988987, 3.500000000000003109 ) ) ;
#2877 = ORIENTED_EDGE ( 'NONE', *, *, #1878, .F. ) ;
#2878 = ORIENTED_EDGE ( 'NONE', *, *, #1171, .T. ) ;
#2879 = EDGE_CURVE ( 'NONE', #2076, #3663, #554, .T. ) ;
#2880 = SPHERICAL_SURFACE ( 'NONE', #3728, 1.901572311514117208 ) ;
#2881 = ORIENTED_EDGE ( 'NONE', *, *, #4952, .F. ) ;
#2882 = LINE ( 'NONE', #4079, #3821 ) ;
#2883 = SPHERICAL_SURFACE ( 'NONE', #4938, 1.901572311514110769 ) ;
#2884 = VERTEX_POINT ( 'NONE', #1084 ) ;
#2885 = VERTEX_POINT ( 'NONE', #2685 ) ;
#2886 = ORIENTED_EDGE ( 'NONE', *, *, #3579, .F. ) ;
#2887 = CARTESIAN_POINT ( 'NONE',  ( -6.540999922096027319, -3.669512231774098243, 0.5833333333333314830 ) ) ;
#2888 = DIRECTION ( 'NONE',  ( 0.7818314824680220321, -0.6234898018587432533, 0.000000000000000000 ) ) ;
#2889 = CARTESIAN_POINT ( 'NONE',  ( 7.960655432416910315, 0.1185738648641247034, 0.2000208454323484930 ) ) ;
#2890 = VECTOR ( 'NONE', #2859, 1000.000000000000000 ) ;
#2891 = DIRECTION ( 'NONE',  ( 1.000000000000000000, 0.000000000000000000, 0.000000000000000000 ) ) ;
#2892 = EDGE_CURVE ( 'NONE', #3883, #3467, #4930, .T. ) ;
#2893 = ORIENTED_EDGE ( 'NONE', *, *, #2729, .T. ) ;
#2894 = ORIENTED_EDGE ( 'NONE', *, *, #3960, .T. ) ;
#2895 = AXIS2_PLACEMENT_3D ( 'NONE', #3158, #1607, #1632 ) ;
#2896 = CARTESIAN_POINT ( 'NONE',  ( 4.569239402701565922, 6.433967837109021204, 0.5833333333333333703 ) ) ;
#2897 = CARTESIAN_POINT ( 'NONE',  ( 6.861992612664384872, -1.566205035153992675, 2.120592687679977217 ) ) ;
#2898 = EDGE_CURVE ( 'NONE', #1575, #3181, #2818, .T. ) ;
#2899 = AXIS2_PLACEMENT_3D ( 'NONE', #2673, #1419, #4246 ) ;
#2900 = AXIS2_PLACEMENT_3D ( 'NONE', #999, #581, #2185 ) ;
#2901 = CIRCLE ( 'NONE', #1397, 0.2624999999999997335 ) ;
#2902 = CARTESIAN_POINT ( 'NONE',  ( 6.224581418110788356, 4.963938037875375464, -5.506502645942613601E-16 ) ) ;
#2903 = CARTESIAN_POINT ( 'NONE',  ( 6.861992612664384872, -1.566205035153992231, -1.580651606566271755E-15 ) ) ;
#2904 = AXIS2_PLACEMENT_3D ( 'NONE', #3601, #832, #4345 ) ;
#2905 = AXIS2_PLACEMENT_3D ( 'NONE', #4675, #3539, #1109 ) ;
#2906 = EDGE_LOOP ( 'NONE', ( #103, #17, #550, #2167 ) ) ;
#2907 = ORIENTED_EDGE ( 'NONE', *, *, #3186, .T. ) ;
#2908 = TOROIDAL_SURFACE ( 'NONE', #3653, 8.580576923076909779, 0.03150000000000000022 ) ;
#2909 = LINE ( 'NONE', #4893, #2978 ) ;
#2910 = CALENDAR_DATE ( 2026, 18, 1 ) ;
#2911 = ORIENTED_EDGE ( 'NONE', *, *, #2879, .F. ) ;
#2912 = CIRCLE ( 'NONE', #2164, 1.844711225215975636 ) ;
#2913 = LINE ( 'NONE', #3712, #2890 ) ;
#2914 = TOROIDAL_SURFACE ( 'NONE', #4477, 8.454576923076915662, 0.03150000000000000022 ) ;
#2915 = ADVANCED_FACE ( 'NONE', ( #2592 ), #613, .T. ) ;
#2916 = EDGE_LOOP ( 'NONE', ( #4677, #2666, #2254, #990 ) ) ;
#2917 = AXIS2_PLACEMENT_3D ( 'NONE', #422, #1233, #4136 ) ;
#2918 = VERTEX_POINT ( 'NONE', #3415 ) ;
#2919 = LINE ( 'NONE', #3717, #3001 ) ;
#2920 = DIRECTION ( 'NONE',  ( -0.6234898018587432533, -0.7818314824680220321, -1.436201133715639822E-16 ) ) ;
#2921 = DIRECTION ( 'NONE',  ( 0.000000000000000000, -1.000000000000000000, -1.836970198721029441E-16 ) ) ;
#2922 = DIRECTION ( 'NONE',  ( -0.2225209339563181954, 0.9749279121818227312, 1.734723475976807587E-16 ) ) ;
#2923 = AXIS2_PLACEMENT_3D ( 'NONE', #2018, #839, #3195 ) ;
#2924 = ORIENTED_EDGE ( 'NONE', *, *, #3709, .F. ) ;
#2925 = B_SPLINE_CURVE_WITH_KNOTS ( 'NONE', 3,
 ( #682, #4647, #3482, #3383, #1051, #196 ),
 .UNSPECIFIED., .F., .F.,
 ( 4, 2, 4 ),
 ( 0.01132667245567771375, 0.01156297535658957001, 0.01179927825750142802 ),
 .UNSPECIFIED. ) ;
#2926 = ORIENTED_EDGE ( 'NONE', *, *, #4573, .T. ) ;
#2927 = ADVANCED_FACE ( 'NONE', ( #2291 ), #5036, .F. ) ;
#2928 = CARTESIAN_POINT ( 'NONE',  ( 0.000000000000000000, 4.076884469938529598, -3.226884469938534394 ) ) ;
#2929 = DIRECTION ( 'NONE',  ( 0.000000000000000000, 1.000000000000000000, 2.059489058237307747E-16 ) ) ;
#2930 = B_SPLINE_CURVE_WITH_KNOTS ( 'NONE', 3,
 ( #3037, #3817, #2648, #1515, #5045, #3841 ),
 .UNSPECIFIED., .F., .F.,
 ( 4, 2, 4 ),
 ( 2.056720468654006169E-07, 0.0005877628135819190939, 0.001175319955116972898 ),
 .UNSPECIFIED. ) ;
#2931 = EDGE_CURVE ( 'NONE', #1954, #44, #4185, .T. ) ;
#2932 = CARTESIAN_POINT ( 'NONE',  ( 2.165736068126628666, 7.661310720612465985, 0.5833333333333333703 ) ) ;
#2933 = DIRECTION ( 'NONE',  ( -0.4338837391175651703, 0.9009688679024157043, 0.000000000000000000 ) ) ;
#2934 = ORIENTED_EDGE ( 'NONE', *, *, #516, .F. ) ;
#2935 = VERTEX_POINT ( 'NONE', #4164 ) ;
#2936 = FACE_OUTER_BOUND ( 'NONE', #561, .T. ) ;
#2937 = CYLINDRICAL_SURFACE ( 'NONE', #5121, 7.499999999999997335 ) ;
#2938 = DIRECTION ( 'NONE',  ( 0.000000000000000000, -1.000000000000000000, -1.978193437517412849E-16 ) ) ;
#2939 = ORIENTED_EDGE ( 'NONE', *, *, #4209, .F. ) ;
#2940 = EDGE_LOOP ( 'NONE', ( #5117, #4383, #4977, #3532 ) ) ;
#2941 = DIRECTION ( 'NONE',  ( 0.2225209339563181954, -0.9749279121818226201, -1.770339779227540232E-16 ) ) ;
#2942 = DIRECTION ( 'NONE',  ( 1.224646799147353207E-16, 0.000000000000000000, -1.000000000000000000 ) ) ;
#2943 = DIRECTION ( 'NONE',  ( 0.7818314824680221431, 0.6234898018587431423, -6.916380135000387687E-17 ) ) ;
#2944 = FACE_OUTER_BOUND ( 'NONE', #3962, .T. ) ;
#2945 = CARTESIAN_POINT ( 'NONE',  ( -7.311959341363692744, -1.668907004672287808, -6.582888088832161947E-15 ) ) ;
#2946 = ORIENTED_EDGE ( 'NONE', *, *, #3543, .T. ) ;
#2947 = CARTESIAN_POINT ( 'NONE',  ( -2.122000487175905281, 7.193546686609130880, -0.5833333333333331483 ) ) ;
#2948 = EDGE_CURVE ( 'NONE', #727, #3, #4474, .T. ) ;
#2949 = DIRECTION ( 'NONE',  ( 1.436201133715656092E-16, 6.916380135000592297E-17, -1.000000000000000000 ) ) ;
#2950 = EDGE_CURVE ( 'NONE', #1047, #3687, #2497, .T. ) ;
#2951 = AXIS2_PLACEMENT_3D ( 'NONE', #4915, #4560, #964 ) ;
#2952 = DIRECTION ( 'NONE',  ( 0.000000000000000000, -1.000000000000000000, -1.978193437517411616E-16 ) ) ;
#2953 = DIRECTION ( 'NONE',  ( -0.9009688679024216995, 0.4338837391175526803, 5.990433444775985165E-17 ) ) ;
#2954 = EDGE_CURVE ( 'NONE', #4798, #3110, #228, .T. ) ;
#2955 = ORIENTED_EDGE ( 'NONE', *, *, #2635, .T. ) ;
#2956 = VERTEX_POINT ( 'NONE', #5108 ) ;
#2957 = FACE_BOUND ( 'NONE', #4461, .T. ) ;
#2958 = CARTESIAN_POINT ( 'NONE',  ( 5.863736118510160189, 4.676173513940569570, -5.187285101250285588E-16 ) ) ;
#2959 = CARTESIAN_POINT ( 'NONE',  ( 0.000000000000000000, 9.483358650897306585E-16, -1.662499999999994760 ) ) ;
#2960 = EDGE_CURVE ( 'NONE', #286, #1307, #3850, .T. ) ;
#2961 = ORIENTED_EDGE ( 'NONE', *, *, #2950, .F. ) ;
#2962 = ORIENTED_EDGE ( 'NONE', *, *, #4627, .F. ) ;
#2963 = CARTESIAN_POINT ( 'NONE',  ( -7.362067260308968741, 3.031378794748927685, -0.3928809633436734505 ) ) ;
#2964 = DIRECTION ( 'NONE',  ( 0.6234898018587319291, 0.7818314824680310249, 1.497979813192533910E-16 ) ) ;
#2965 = CARTESIAN_POINT ( 'NONE',  ( 0.000000000000000000, 7.961538461538457234, 0.000000000000000000 ) ) ;
#2966 = CARTESIAN_POINT ( 'NONE',  ( -4.339989150898673209, 6.213333754689655208, 0.5833333333333331483 ) ) ;
#2967 = CARTESIAN_POINT ( 'NONE',  ( -7.951147278005348262, 0.4066345263553245437, -0.5833333333333347026 ) ) ;
#2968 = ORIENTED_EDGE ( 'NONE', *, *, #4250, .T. ) ;
#2969 = EDGE_LOOP ( 'NONE', ( #427, #2351, #301, #3194 ) ) ;
#2970 = AXIS2_PLACEMENT_3D ( 'NONE', #2803, #4000, #2105 ) ;
#2971 = CARTESIAN_POINT ( 'NONE',  ( -1.160872754861223655, -7.409776170479260848, 0.3916088451972066786 ) ) ;
#2972 = DIRECTION ( 'NONE',  ( 1.436201133715656092E-16, 6.916380135000592297E-17, -1.000000000000000000 ) ) ;
#2973 = ADVANCED_FACE ( 'NONE', ( #1193, #771 ), #2011, .F. ) ;
#2974 = FACE_OUTER_BOUND ( 'NONE', #2001, .T. ) ;
#2975 = DIRECTION ( 'NONE',  ( -1.436201133715656092E-16, -6.916380135000592297E-17, 1.000000000000000000 ) ) ;
#2976 = CIRCLE ( 'NONE', #2221, 1.901572311514110103 ) ;
#2977 = ORIENTED_EDGE ( 'NONE', *, *, #3645, .F. ) ;
#2978 = VECTOR ( 'NONE', #2522, 1000.000000000000114 ) ;
#2979 = EDGE_CURVE ( 'NONE', #2226, #4924, #2321, .T. ) ;
#2980 = FACE_BOUND ( 'NONE', #1335, .T. ) ;
#2981 = CARTESIAN_POINT ( 'NONE',  ( 1.791498108671232714, 7.757359679761116844, -0.5833333333333333703 ) ) ;
#2982 = TOROIDAL_SURFACE ( 'NONE', #3729, 7.499999999999999112, 1.901572311514118097 ) ;
#2983 = B_SPLINE_CURVE_WITH_KNOTS ( 'NONE', 3,
 ( #3064, #2725, #733, #1041, #2623, #1839 ),
 .UNSPECIFIED., .F., .F.,
 ( 4, 2, 4 ),
 ( 0.01132667245567776405, 0.01156297535658409523, 0.01179927825749042813 ),
 .UNSPECIFIED. ) ;
#2984 = AXIS2_PLACEMENT_3D ( 'NONE', #179, #3243, #883 ) ;
#2985 = ORIENTED_EDGE ( 'NONE', *, *, #1115, .F. ) ;
#2986 = AXIS2_PLACEMENT_3D ( 'NONE', #3434, #1401, #683 ) ;
#2987 = VERTEX_POINT ( 'NONE', #713 ) ;
#2988 = DIRECTION ( 'NONE',  ( 0.000000000000000000, -1.000000000000000000, -2.036060417813152900E-16 ) ) ;
#2989 = AXIS2_PLACEMENT_3D ( 'NONE', #3875, #1772, #3436 ) ;
#2990 = EDGE_CURVE ( 'NONE', #392, #22, #2236, .T. ) ;
#2991 = CYLINDRICAL_SURFACE ( 'NONE', #141, 7.961538461538453681 ) ;
#2992 = CARTESIAN_POINT ( 'NONE',  ( 3.254128043381738333, -6.757266509268117893, 0.5833333333333313719 ) ) ;
#2993 = DIRECTION ( 'NONE',  ( -0.7818314824680311359, -0.6234898018587320401, 0.000000000000000000 ) ) ;
#2994 = DIRECTION ( 'NONE',  ( -0.000000000000000000, -1.836970198721029441E-16, 1.000000000000000000 ) ) ;
#2995 = AXIS2_PLACEMENT_3D ( 'NONE', #118, #904, #4057 ) ;
#2996 = ORIENTED_EDGE ( 'NONE', *, *, #5131, .T. ) ;
#2997 = AXIS2_PLACEMENT_3D ( 'NONE', #4282, #4595, #707 ) ;
#2998 = AXIS2_PLACEMENT_3D ( 'NONE', #1073, #3036, #168 ) ;
#2999 = ORIENTED_EDGE ( 'NONE', *, *, #4116, .T. ) ;
#3000 = CARTESIAN_POINT ( 'NONE',  ( 7.288949832310271049, 3.022442326688031589, 0.5833333333333324822 ) ) ;
#3001 = VECTOR ( 'NONE', #4053, 1000.000000000000000 ) ;
#3002 = DIRECTION ( 'NONE',  ( 1.000000000000000000, 0.000000000000000000, 0.000000000000000000 ) ) ;
#3003 = CC_DESIGN_APPROVAL ( #2713, ( #1161 ) ) ;
#3004 = AXIS2_PLACEMENT_3D ( 'NONE', #117, #1709, #3308 ) ;
#3005 = CARTESIAN_POINT ( 'NONE',  ( 1.796666265318784150, 7.281620034790707408, -0.5833333333333333703 ) ) ;
#3006 = DIRECTION ( 'NONE',  ( 1.790913520579326978E-16, -2.245734522990332355E-16, 1.000000000000000000 ) ) ;
#3007 = VERTEX_POINT ( 'NONE', #3102 ) ;
#3008 = DIRECTION ( 'NONE',  ( -0.2225209339563182231, -0.9749279121818227312, -1.790913520579321308E-16 ) ) ;
#3009 = CARTESIAN_POINT ( 'NONE',  ( -1.796666265318784150, 7.281620034790707408, 0.5833333333333337034 ) ) ;
#3010 = CARTESIAN_POINT ( 'NONE',  ( -2.220146449128240995, 7.645929733087913682, 0.3928810727415389947 ) ) ;
#3011 = EDGE_CURVE ( 'NONE', #4083, #2226, #2820, .T. ) ;
#3012 = ORIENTED_EDGE ( 'NONE', *, *, #2611, .F. ) ;
#3013 = ORIENTED_EDGE ( 'NONE', *, *, #4317, .F. ) ;
#3014 = CARTESIAN_POINT ( 'NONE',  ( -7.372511597806922445, 3.005356458519291785, -0.1989909119326615516 ) ) ;
#3015 = CARTESIAN_POINT ( 'NONE',  ( 5.863736118510232131, 4.676173513940490523, -5.417315706714456869E-15 ) ) ;
#3016 = DIRECTION ( 'NONE',  ( -0.000000000000000000, -1.836970198721029441E-16, 1.000000000000000000 ) ) ;
#3017 = CARTESIAN_POINT ( 'NONE',  ( -5.091814065930167388, -5.613773391853267292, 0.5833333333333310389 ) ) ;
#3018 = LINE ( 'NONE', #3428, #1403 ) ;
#3019 = VERTEX_POINT ( 'NONE', #2398 ) ;
#3020 = EDGE_CURVE ( 'NONE', #5112, #1954, #3568, .T. ) ;
#3021 = ORIENTED_EDGE ( 'NONE', *, *, #1931, .F. ) ;
#3022 = CARTESIAN_POINT ( 'NONE',  ( 6.987304052840555890, -3.816238560115708722, -0.5833333333333354798 ) ) ;
#3023 = DIRECTION ( 'NONE',  ( 0.000000000000000000, 1.000000000000000000, 1.836970198721029441E-16 ) ) ;
#3024 = EDGE_CURVE ( 'NONE', #4517, #4346, #3159, .T. ) ;
#3025 = FACE_OUTER_BOUND ( 'NONE', #4486, .T. ) ;
#3026 = DIRECTION ( 'NONE',  ( 1.790913520579321308E-16, 2.245734522990356514E-16, -1.000000000000000000 ) ) ;
#3027 = ORIENTED_EDGE ( 'NONE', *, *, #3488, .F. ) ;
#3028 = DIRECTION ( 'NONE',  ( 0.000000000000000000, 0.000000000000000000, 1.000000000000000000 ) ) ;
#3029 = TOROIDAL_SURFACE ( 'NONE', #1776, 8.580576923076909779, 0.03150000000000000022 ) ;
#3030 = DIRECTION ( 'NONE',  ( 1.772860102744135450E-16, -2.324831714633729258E-16, 1.000000000000000000 ) ) ;
#3031 = EDGE_CURVE ( 'NONE', #2837, #2047, #4721, .T. ) ;
#3032 = VERTEX_POINT ( 'NONE', #1587 ) ;
#3033 = ORIENTED_EDGE ( 'NONE', *, *, #2954, .F. ) ;
#3034 = CARTESIAN_POINT ( 'NONE',  ( 0.000000000000000000, -8.423076923076914468, 1.662499999999992317 ) ) ;
#3035 = CARTESIAN_POINT ( 'NONE',  ( -6.974390116331076861, 2.758239027788577324, 0.1978186137273890144 ) ) ;
#3036 = DIRECTION ( 'NONE',  ( 0.2225209339563182231, -0.9749279121818227312, -1.790913520579321308E-16 ) ) ;
#3037 = CARTESIAN_POINT ( 'NONE',  ( 7.951147278005344710, 0.4066345263554313472, -0.5833333333333344806 ) ) ;
#3038 = DIRECTION ( 'NONE',  ( 1.790913520579326978E-16, -2.245734522990332355E-16, 1.000000000000000000 ) ) ;
#3039 = EDGE_LOOP ( 'NONE', ( #4922, #3629 ) ) ;
#3040 = B_SPLINE_CURVE_WITH_KNOTS ( 'NONE', 3,
 ( #382, #1980, #3189, #12, #2399, #1554 ),
 .UNSPECIFIED., .F., .F.,
 ( 4, 2, 4 ),
 ( 0.009066019972589016082, 0.009306876166267293721, 0.009547732359945569625 ),
 .UNSPECIFIED. ) ;
#3041 = EDGE_LOOP ( 'NONE', ( #3496, #4085, #3033, #4158 ) ) ;
#3042 = DIRECTION ( 'NONE',  ( -0.6234898018587320401, -0.7818314824680310249, -1.445602896647339656E-16 ) ) ;
#3043 = FACE_OUTER_BOUND ( 'NONE', #2108, .T. ) ;
#3044 = EDGE_CURVE ( 'NONE', #3734, #504, #4806, .T. ) ;
#3045 = DIRECTION ( 'NONE',  ( -0.2225209339563183897, 0.9749279121818227312, 1.797130033432795550E-16 ) ) ;
#3046 = AXIS2_PLACEMENT_3D ( 'NONE', #1574, #760, #1516 ) ;
#3047 = DIRECTION ( 'NONE',  ( 0.000000000000000000, 0.000000000000000000, 1.000000000000000000 ) ) ;
#3048 = EDGE_CURVE ( 'NONE', #2843, #649, #991, .T. ) ;
#3049 = FACE_OUTER_BOUND ( 'NONE', #130, .T. ) ;
#3050 = ORIENTED_EDGE ( 'NONE', *, *, #4437, .F. ) ;
#3051 = AXIS2_PLACEMENT_3D ( 'NONE', #2320, #3126, #5081 ) ;
#3052 = CARTESIAN_POINT ( 'NONE',  ( -7.164220644310455910, -3.472756431740058325, 0.5833333333333315940 ) ) ;
#3053 = CARTESIAN_POINT ( 'NONE',  ( 5.502890818909538240, 4.388408990005767230, -4.868067556557963492E-16 ) ) ;
#3054 = CIRCLE ( 'NONE', #555, 7.499999999999998224 ) ;
#3055 = CONICAL_SURFACE ( 'NONE', #2900, 10.65000000000000568, 0.7853981633974334020 ) ;
#3056 = EDGE_LOOP ( 'NONE', ( #3606, #3938, #3301, #3701 ) ) ;
#3057 = VERTEX_POINT ( 'NONE', #1136 ) ;
#3058 = DIRECTION ( 'NONE',  ( -0.000000000000000000, -1.836970198721029441E-16, 1.000000000000000000 ) ) ;
#3059 = CIRCLE ( 'NONE', #4296, 10.65000000000000746 ) ;
#3060 = DIRECTION ( 'NONE',  ( -0.6234898018587320401, -0.7818314824680310249, -1.436201133715656092E-16 ) ) ;
#3061 = CARTESIAN_POINT ( 'NONE',  ( -4.778116898591012962, -5.780968682098094114, -0.5833333333333358128 ) ) ;
#3062 = CARTESIAN_POINT ( 'NONE',  ( 0.000000000000000000, 0.000000000000000000, 0.5833333333333333703 ) ) ;
#3063 = AXIS2_PLACEMENT_3D ( 'NONE', #2037, #3627, #3166 ) ;
#3064 = CARTESIAN_POINT ( 'NONE',  ( -5.275378915476219177, -5.962924783418372066, -0.5833333333333359239 ) ) ;
#3065 = CARTESIAN_POINT ( 'NONE',  ( 1.035387056699122165E-15, -8.454576923076912109, -3.118500000000003158 ) ) ;
#3066 = ADVANCED_FACE ( 'NONE', ( #3490, #3955 ), #2743, .F. ) ;
#3067 = ORIENTED_EDGE ( 'NONE', *, *, #499, .F. ) ;
#3068 = AXIS2_PLACEMENT_3D ( 'NONE', #2958, #1777, #1755 ) ;
#3069 = ORIENTED_EDGE ( 'NONE', *, *, #334, .F. ) ;
#3070 = DIRECTION ( 'NONE',  ( 0.000000000000000000, -1.000000000000000000, -1.802052925957643939E-16 ) ) ;
#3071 = DIRECTION ( 'NONE',  ( -0.9009688679024157043, -0.4338837391175651703, -8.673617379884037937E-17 ) ) ;
#3072 = AXIS2_PLACEMENT_3D ( 'NONE', #1469, #2659, #4256 ) ;
#3073 = FACE_OUTER_BOUND ( 'NONE', #345, .T. ) ;
#3074 = AXIS2_PLACEMENT_3D ( 'NONE', #4020, #2779, #4768 ) ;
#3075 = TOROIDAL_SURFACE ( 'NONE', #3988, 7.499999999999999112, 1.901572311514119207 ) ;
#3076 = EDGE_CURVE ( 'NONE', #2157, #1579, #1057, .T. ) ;
#3077 = AXIS2_PLACEMENT_3D ( 'NONE', #3785, #2184, #4127 ) ;
#3078 = DIRECTION ( 'NONE',  ( 0.6234898018587320401, 0.7818314824680310249, 1.436201133715656092E-16 ) ) ;
#3079 = CARTESIAN_POINT ( 'NONE',  ( -6.861992612664364444, -1.566205035154085046, -1.580651606566288715E-15 ) ) ;
#3080 = CIRCLE ( 'NONE', #2002, 7.499999999999997335 ) ;
#3081 = EDGE_CURVE ( 'NONE', #1542, #739, #3814, .T. ) ;
#3082 = VERTEX_POINT ( 'NONE', #3268 ) ;
#3083 = ADVANCED_FACE ( 'NONE', ( #4033 ), #1366, .F. ) ;
#3084 = DIRECTION ( 'NONE',  ( 1.000000000000000000, 0.000000000000000000, 0.000000000000000000 ) ) ;
#3085 = DIRECTION ( 'NONE',  ( 0.000000000000000000, -1.000000000000000000, -1.836970198721029194E-16 ) ) ;
#3086 = ORIENTED_EDGE ( 'NONE', *, *, #1724, .F. ) ;
#3087 = VERTEX_POINT ( 'NONE', #213 ) ;
#3088 = CARTESIAN_POINT ( 'NONE',  ( 7.164220644310504760, -3.472756431739961513, 0.5833333333333313719 ) ) ;
#3089 = CARTESIAN_POINT ( 'NONE',  ( 6.657261950040647136, -3.454108183023117284, 0.1996209557216355179 ) ) ;
#3090 = MECHANICAL_CONTEXT ( 'NONE', #2447, 'mechanical' ) ;
#3091 = DIRECTION ( 'NONE',  ( -0.000000000000000000, -1.836970198721029441E-16, 1.000000000000000000 ) ) ;
#3092 = CARTESIAN_POINT ( 'NONE',  ( 6.540999922105401154, -3.669512231780528211, -0.5833333333333353687 ) ) ;
#3093 = CARTESIAN_POINT ( 'NONE',  ( -1.791498108671232714, 7.757359679761116844, -0.5833333333333330373 ) ) ;
#3094 = VERTEX_POINT ( 'NONE', #602 ) ;
#3095 = EDGE_LOOP ( 'NONE', ( #1176, #2355 ) ) ;
#3096 = CARTESIAN_POINT ( 'NONE',  ( 7.498850473186379872, 0.1313072000781820847, -0.5833333333333344806 ) ) ;
#3097 = FACE_OUTER_BOUND ( 'NONE', #3056, .T. ) ;
#3098 = CARTESIAN_POINT ( 'NONE',  ( 0.000000000000000000, 7.008041308120777613E-17, 3.118499999999998273 ) ) ;
#3099 = DIRECTION ( 'NONE',  ( 0.000000000000000000, 0.000000000000000000, 1.000000000000000000 ) ) ;
#3100 = EDGE_CURVE ( 'NONE', #1294, #3332, #1402, .T. ) ;
#3101 = CARTESIAN_POINT ( 'NONE',  ( 1.372857368525346677, -7.842280109779409258, -0.5833333333333361459 ) ) ;
#3102 = CARTESIAN_POINT ( 'NONE',  ( 1.209306557282110672, -7.401863120222803794, 0.5833333333333307058 ) ) ;
#3103 = FACE_OUTER_BOUND ( 'NONE', #861, .T. ) ;
#3104 = EDGE_CURVE ( 'NONE', #4562, #1575, #4974, .T. ) ;
#3105 = ORIENTED_EDGE ( 'NONE', *, *, #4475, .T. ) ;
#3106 = FACE_OUTER_BOUND ( 'NONE', #469, .T. ) ;
#3107 = ADVANCED_FACE ( 'NONE', ( #4538 ), #4920, .T. ) ;
#3108 = CARTESIAN_POINT ( 'NONE',  ( -6.851352656831374510, 3.051059944218716957, 0.1975851869304248165 ) ) ;
#3109 = ORIENTED_EDGE ( 'NONE', *, *, #3857, .F. ) ;
#3110 = VERTEX_POINT ( 'NONE', #1001 ) ;
#3111 = AXIS2_PLACEMENT_3D ( 'NONE', #1639, #4862, #2824 ) ;
#3112 = DIRECTION ( 'NONE',  ( -0.000000000000000000, -1.836970198721029441E-16, 1.000000000000000000 ) ) ;
#3113 = FACE_OUTER_BOUND ( 'NONE', #679, .T. ) ;
#3114 = FACE_BOUND ( 'NONE', #1354, .T. ) ;
#3115 = CARTESIAN_POINT ( 'NONE',  ( 6.851265455490437972, 3.051255752946592459, 0.1996209557216367669 ) ) ;
#3116 = EDGE_CURVE ( 'NONE', #4210, #18, #2742, .T. ) ;
#3117 = CARTESIAN_POINT ( 'NONE',  ( 0.000000000000000000, 8.673617379884035472E-16, -6.199629803572018347E-15 ) ) ;
#3118 = EDGE_LOOP ( 'NONE', ( #619, #3105, #2720, #2693 ) ) ;
#3119 = ORIENTED_EDGE ( 'NONE', *, *, #995, .T. ) ;
#3120 = ORIENTED_EDGE ( 'NONE', *, *, #1196, .F. ) ;
#3121 = DIRECTION ( 'NONE',  ( -0.9009688679024218105, -0.4338837391175526248, -7.970314984685942419E-17 ) ) ;
#3122 = CARTESIAN_POINT ( 'NONE',  ( 2.247324559927049048, 7.637776314144706369, -0.1955120260061224691 ) ) ;
#3123 = CARTESIAN_POINT ( 'NONE',  ( 7.311959341363692744, -1.668907004672287808, -1.684300892242749315E-15 ) ) ;
#3124 = B_SPLINE_CURVE_WITH_KNOTS ( 'NONE', 3,
 ( #1343, #4088, #1660, #850, #4029, #2135 ),
 .UNSPECIFIED., .F., .F.,
 ( 4, 2, 4 ),
 ( 2.086319673474027525E-07, 0.0005915434850940110055, 0.001182878338220674612 ),
 .UNSPECIFIED. ) ;
#3125 = DIRECTION ( 'NONE',  ( 0.7818314824680310249, 0.6234898018587320401, -6.916380135000583669E-17 ) ) ;
#3126 = DIRECTION ( 'NONE',  ( 0.4338837391175651703, -0.9009688679024157043, -3.492023159033191121E-16 ) ) ;
#3127 = CARTESIAN_POINT ( 'NONE',  ( 4.825565182335474823, -5.741751474942030420, -0.3937361966030425431 ) ) ;
#3128 = CARTESIAN_POINT ( 'NONE',  ( -4.241032019122043195, 6.185761670317916128, -0.1978186137273923728 ) ) ;
#3129 = EDGE_CURVE ( 'NONE', #585, #3019, #5070, .T. ) ;
#3130 = ORIENTED_EDGE ( 'NONE', *, *, #4250, .F. ) ;
#3131 = AXIS2_PLACEMENT_3D ( 'NONE', #214, #974, #2552 ) ;
#3132 = CARTESIAN_POINT ( 'NONE',  ( 6.224581418110788356, 4.963938037875375464, 1.844711225215976080 ) ) ;
#3133 = CARTESIAN_POINT ( 'NONE',  ( -6.699258762453291993, -3.371932981791414541, -0.5833333333333351467 ) ) ;
#3134 = EDGE_LOOP ( 'NONE', ( #4160, #2310, #543, #514 ) ) ;
#3135 = AXIS2_PLACEMENT_3D ( 'NONE', #4577, #1474, #1029 ) ;
#3136 = ADVANCED_FACE ( 'NONE', ( #583 ), #2603, .T. ) ;
#3137 = ORIENTED_EDGE ( 'NONE', *, *, #2717, .F. ) ;
#3138 = DIRECTION ( 'NONE',  ( -1.436201133715656092E-16, -6.916380135000592297E-17, 1.000000000000000000 ) ) ;
#3139 = CARTESIAN_POINT ( 'NONE',  ( 0.000000000000000000, 1.244731006653370051E-15, -3.276000000000001133 ) ) ;
#3140 = PERSON_AND_ORGANIZATION_ROLE ( 'design_owner' ) ;
#3141 = DIRECTION ( 'NONE',  ( 0.4338837391175651703, -0.9009688679024157043, -3.492023159033191121E-16 ) ) ;
#3142 = CARTESIAN_POINT ( 'NONE',  ( 6.813202880339166434, 3.135325582987843251, -0.5833333333333341475 ) ) ;
#3143 = FACE_OUTER_BOUND ( 'NONE', #1230, .T. ) ;
#3144 = AXIS2_PLACEMENT_3D ( 'NONE', #4765, #1937, #3916 ) ;
#3145 = ORIENTED_EDGE ( 'NONE', *, *, #4419, .F. ) ;
#3146 = ORIENTED_EDGE ( 'NONE', *, *, #1894, .T. ) ;
#3147 = EDGE_CURVE ( 'NONE', #3282, #2625, #306, .T. ) ;
#3148 = VERTEX_POINT ( 'NONE', #462 ) ;
#3149 = SPHERICAL_SURFACE ( 'NONE', #821, 1.901572311514117208 ) ;
#3150 = VECTOR ( 'NONE', #5006, 1000.000000000000114 ) ;
#3151 = DIRECTION ( 'NONE',  ( 0.000000000000000000, -1.000000000000000000, 0.000000000000000000 ) ) ;
#3152 = DIRECTION ( 'NONE',  ( -7.970314984686170449E-17, 3.492023159033191121E-16, -1.000000000000000000 ) ) ;
#3153 = DIRECTION ( 'NONE',  ( -1.000000000000000000, 0.000000000000000000, -0.000000000000000000 ) ) ;
#3154 = CIRCLE ( 'NONE', #3806, 0.2625000000000001221 ) ;
#3155 = CIRCLE ( 'NONE', #2235, 7.499999999999997335 ) ;
#3156 = CIRCLE ( 'NONE', #2569, 1.809889355220185791 ) ;
#3157 = CIRCLE ( 'NONE', #304, 7.499999999999998224 ) ;
#3158 = CARTESIAN_POINT ( 'NONE',  ( 0.000000000000000000, 0.000000000000000000, -0.5833333333333333703 ) ) ;
#3159 = CIRCLE ( 'NONE', #4959, 7.961538461538453681 ) ;
#3160 = DIRECTION ( 'NONE',  ( -0.9009688679024218105, 0.4338837391175526803, 8.673617379884037937E-17 ) ) ;
#3161 = DIRECTION ( 'NONE',  ( -0.000000000000000000, -1.836970198721029441E-16, 1.000000000000000000 ) ) ;
#3162 = CONICAL_SURFACE ( 'NONE', #4561, 4.349999999999988987, 0.7853981633974334020 ) ;
#3163 = CIRCLE ( 'NONE', #3659, 0.8411054325275147958 ) ;
#3164 = ORIENTED_EDGE ( 'NONE', *, *, #3024, .T. ) ;
#3165 = CC_DESIGN_APPROVAL ( #4982, ( #4729 ) ) ;
#3166 = DIRECTION ( 'NONE',  ( 0.000000000000000000, -2.045092730507657007E-16, 1.000000000000000000 ) ) ;
#3167 = AXIS2_PLACEMENT_3D ( 'NONE', #3940, #3058, #1936 ) ;
#3168 = DIRECTION ( 'NONE',  ( 7.970314984686167984E-17, -3.492023159033190628E-16, 1.000000000000000000 ) ) ;
#3169 = VERTEX_POINT ( 'NONE', #3356 ) ;
#3170 = ORIENTED_EDGE ( 'NONE', *, *, #3882, .T. ) ;
#3171 = CYLINDRICAL_SURFACE ( 'NONE', #320, 4.000000000000000000 ) ;
#3172 = DIRECTION ( 'NONE',  ( 0.000000000000000000, -1.000000000000000000, -1.868900982405953608E-16 ) ) ;
#3173 = DATE_AND_TIME ( #1490, #1067 ) ;
#3174 = CARTESIAN_POINT ( 'NONE',  ( 6.856096548962148709E-16, 5.598427688485880793, -6.432505248036318665E-15 ) ) ;
#3175 = B_SPLINE_CURVE_WITH_KNOTS ( 'NONE', 3,
 ( #1180, #1261, #1620, #2858, #4794, #1238 ),
 .UNSPECIFIED., .F., .F.,
 ( 4, 2, 4 ),
 ( 2.086319673474329810E-07, 0.0005915434850940108971, 0.001182878338220674395 ),
 .UNSPECIFIED. ) ;
#3176 = CARTESIAN_POINT ( 'NONE',  ( 0.000000000000000000, -9.282051282051273944, -3.150000000000003464 ) ) ;
#3177 = DIRECTION ( 'NONE',  ( 0.000000000000000000, -1.000000000000000000, -1.836970198721029441E-16 ) ) ;
#3178 = EDGE_CURVE ( 'NONE', #2838, #3695, #4836, .T. ) ;
#3179 = VERTEX_POINT ( 'NONE', #2577 ) ;
#3180 = ORIENTED_EDGE ( 'NONE', *, *, #4649, .T. ) ;
#3181 = VERTEX_POINT ( 'NONE', #1020 ) ;
#3182 = CARTESIAN_POINT ( 'NONE',  ( 2.165736068126628666, 7.661310720612465985, -0.5833333333333333703 ) ) ;
#3183 = DIRECTION ( 'NONE',  ( 0.4338837391175526803, 0.9009688679024218105, 0.000000000000000000 ) ) ;
#3184 = DIRECTION ( 'NONE',  ( -0.9009688679024218105, 0.4338837391175526248, 8.170798981050185971E-17 ) ) ;
#3185 = CARTESIAN_POINT ( 'NONE',  ( -3.454382076820512903, -7.173098294453892798, 2.120592687679974553 ) ) ;
#3186 = EDGE_CURVE ( 'NONE', #3586, #307, #2653, .T. ) ;
#3187 = DIRECTION ( 'NONE',  ( -0.9749279121818227312, -0.2225209339563182231, -2.245734522990356514E-16 ) ) ;
#3188 = DIRECTION ( 'NONE',  ( -0.2225209339563183897, 0.9749279121818227312, 1.797130033432795550E-16 ) ) ;
#3189 = CARTESIAN_POINT ( 'NONE',  ( -1.231014034995371098, -7.559800962042582562, -0.5833333333333360349 ) ) ;
#3190 = EDGE_CURVE ( 'NONE', #1068, #2863, #489, .T. ) ;
#3191 = CARTESIAN_POINT ( 'NONE',  ( -3.454382076820513348, -7.173098294453892798, -2.780187668922586344E-15 ) ) ;
#3192 = DIRECTION ( 'NONE',  ( 0.9749279121818257288, -0.2225209339563050392, -2.245734522990332355E-16 ) ) ;
#3193 = ORIENTED_EDGE ( 'NONE', *, *, #2635, .F. ) ;
#3194 = ORIENTED_EDGE ( 'NONE', *, *, #1965, .F. ) ;
#3195 = DIRECTION ( 'NONE',  ( -0.9009688679024218105, 0.4338837391175526803, 8.673617379884037937E-17 ) ) ;
#3196 = FACE_OUTER_BOUND ( 'NONE', #2493, .T. ) ;
#3197 = VERTEX_POINT ( 'NONE', #1250 ) ;
#3198 = DIRECTION ( 'NONE',  ( -0.9009688679024218105, 0.4338837391175526248, 7.970314984685939954E-17 ) ) ;
#3199 = CARTESIAN_POINT ( 'NONE',  ( 5.863736118510160189, 4.676173513940569570, -5.187285101250285588E-16 ) ) ;
#3200 = ORIENTED_EDGE ( 'NONE', *, *, #3213, .T. ) ;
#3201 = ADVANCED_FACE ( 'NONE', ( #2944 ), #1475, .T. ) ;
#3202 = ORIENTED_EDGE ( 'NONE', *, *, #2765, .T. ) ;
#3203 = VERTEX_POINT ( 'NONE', #2845 ) ;
#3204 = CYLINDRICAL_SURFACE ( 'NONE', #4146, 7.499999999999998224 ) ;
#3205 = DIRECTION ( 'NONE',  ( -0.000000000000000000, -1.836970198721029441E-16, 1.000000000000000000 ) ) ;
#3206 = CARTESIAN_POINT ( 'NONE',  ( 4.649350407733599839E-17, -2.037013509436028154E-16, 0.5833333333333333703 ) ) ;
#3207 = DIRECTION ( 'NONE',  ( 0.4338837391175651703, -0.9009688679024157043, -3.492023159033191121E-16 ) ) ;
#3208 = AXIS2_PLACEMENT_3D ( 'NONE', #1338, #4985, #184 ) ;
#3209 = EDGE_CURVE ( 'NONE', #1766, #2935, #1733, .T. ) ;
#3210 = ADVANCED_FACE ( 'NONE', ( #4156 ), #3528, .F. ) ;
#3211 = DIRECTION ( 'NONE',  ( -0.4338837391175651703, -0.9009688679024157043, 0.000000000000000000 ) ) ;
#3212 = DIRECTION ( 'NONE',  ( 1.000000000000000000, 0.000000000000000000, -0.000000000000000000 ) ) ;
#3213 = EDGE_CURVE ( 'NONE', #3289, #1993, #1297, .T. ) ;
#3214 = DIRECTION ( 'NONE',  ( 0.7818314824680221431, 0.6234898018587431423, -6.916380135000387687E-17 ) ) ;
#3215 = DIRECTION ( 'NONE',  ( -0.000000000000000000, -0.000000000000000000, -1.000000000000000000 ) ) ;
#3216 = EDGE_LOOP ( 'NONE', ( #4771, #1517 ) ) ;
#3217 = AXIS2_PLACEMENT_3D ( 'NONE', #2726, #4688, #1540 ) ;
#3218 = ORIENTED_EDGE ( 'NONE', *, *, #4580, .F. ) ;
#3219 = DIRECTION ( 'NONE',  ( 1.436201133715656092E-16, 6.916380135000592297E-17, -1.000000000000000000 ) ) ;
#3220 = DIRECTION ( 'NONE',  ( 0.000000000000000000, -4.090185461015314015E-16, 1.000000000000000000 ) ) ;
#3221 = ORIENTED_EDGE ( 'NONE', *, *, #4573, .F. ) ;
#3222 = CARTESIAN_POINT ( 'NONE',  ( 6.987304052840555890, -3.816238560115708722, 0.5833333333333313719 ) ) ;
#3223 = CARTESIAN_POINT ( 'NONE',  ( 0.000000000000000000, 9.483358650897330251E-16, -1.662500000000007638 ) ) ;
#3224 = VERTEX_POINT ( 'NONE', #3473 ) ;
#3225 = ORIENTED_EDGE ( 'NONE', *, *, #273, .F. ) ;
#3226 = ORIENTED_EDGE ( 'NONE', *, *, #4952, .T. ) ;
#3227 = FACE_OUTER_BOUND ( 'NONE', #2916, .T. ) ;
#3228 = CARTESIAN_POINT ( 'NONE',  ( -7.498850473186381649, 0.1313072000780882986, 0.5833333333333320381 ) ) ;
#3229 = DIRECTION ( 'NONE',  ( 0.000000000000000000, 0.000000000000000000, 1.000000000000000000 ) ) ;
#3230 = EDGE_CURVE ( 'NONE', #762, #110, #4394, .T. ) ;
#3231 = AXIS2_PLACEMENT_3D ( 'NONE', #4497, #1372, #2140 ) ;
#3232 = DIRECTION ( 'NONE',  ( 0.000000000000000000, 0.000000000000000000, 1.000000000000000000 ) ) ;
#3233 = B_SPLINE_CURVE_WITH_KNOTS ( 'NONE', 3,
 ( #945, #2963, #3014, #4191, #1782, #5011 ),
 .UNSPECIFIED., .F., .F.,
 ( 4, 2, 4 ),
 ( 2.056720468662830400E-07, 0.0005877628135819198529, 0.001175319955116973548 ),
 .UNSPECIFIED. ) ;
#3234 = CIRCLE ( 'NONE', #1222, 1.809889355220185791 ) ;
#3235 = CARTESIAN_POINT ( 'NONE',  ( 0.000000000000000000, 8.549076923076908585, -3.275999999999999357 ) ) ;
#3236 = AXIS2_PLACEMENT_3D ( 'NONE', #3574, #3515, #4398 ) ;
#3237 = CARTESIAN_POINT ( 'NONE',  ( -5.033019310522950818, -5.560460108651355426, 0.5833333333333310389 ) ) ;
#3238 = FACE_OUTER_BOUND ( 'NONE', #3998, .T. ) ;
#3239 = AXIS2_PLACEMENT_3D ( 'NONE', #3778, #3006, #1847 ) ;
#3240 = EDGE_CURVE ( 'NONE', #2331, #4243, #2930, .T. ) ;
#3241 = AXIS2_PLACEMENT_3D ( 'NONE', #5137, #3207, #2787 ) ;
#3242 = CIRCLE ( 'NONE', #2159, 1.809889355220186014 ) ;
#3243 = DIRECTION ( 'NONE',  ( -1.000000000000000000, 0.000000000000000000, -0.000000000000000000 ) ) ;
#3244 = AXIS2_PLACEMENT_3D ( 'NONE', #4089, #4902, #3232 ) ;
#3245 = DIRECTION ( 'NONE',  ( -0.000000000000000000, -1.836970198721029441E-16, 1.000000000000000000 ) ) ;
#3246 = AXIS2_PLACEMENT_3D ( 'NONE', #1467, #3481, #3070 ) ;
#3247 = ADVANCED_FACE ( 'NONE', ( #282 ), #2676, .T. ) ;
#3248 = CIRCLE ( 'NONE', #4640, 4.349999999999988098 ) ;
#3249 = ORIENTED_EDGE ( 'NONE', *, *, #3438, .F. ) ;
#3250 = ADVANCED_FACE ( 'NONE', ( #4992 ), #4224, .T. ) ;
#3251 = EDGE_LOOP ( 'NONE', ( #1969, #3283, #1910, #620 ) ) ;
#3252 = CARTESIAN_POINT ( 'NONE',  ( -7.485378982631663902, 0.4680827774506769456, -0.5833333333333345916 ) ) ;
#3253 = AXIS2_PLACEMENT_3D ( 'NONE', #2839, #2425, #4005 ) ;
#3254 = CARTESIAN_POINT ( 'NONE',  ( 0.000000000000000000, 0.000000000000000000, 3.500000000000001332 ) ) ;
#3255 = EDGE_LOOP ( 'NONE', ( #2227, #3615, #658, #4309 ) ) ;
#3256 = CARTESIAN_POINT ( 'NONE',  ( 7.496660743695017892, 0.2237804849139142516, 0.1975851869304243169 ) ) ;
#3257 = DIRECTION ( 'NONE',  ( 1.790913520579326732E-16, -2.245734522990332355E-16, 1.000000000000000000 ) ) ;
#3258 = VERTEX_POINT ( 'NONE', #2259 ) ;
#3259 = ORIENTED_EDGE ( 'NONE', *, *, #1950, .T. ) ;
#3260 = VERTEX_POINT ( 'NONE', #624 ) ;
#3261 = CARTESIAN_POINT ( 'NONE',  ( 5.275378915476498065, -5.962924783419069286, -0.5833333333333357018 ) ) ;
#3262 = DIRECTION ( 'NONE',  ( 0.000000000000000000, -1.000000000000000000, -1.868900982405953362E-16 ) ) ;
#3263 = CARTESIAN_POINT ( 'NONE',  ( 3.053874009942860734, -6.341434724082384733, -1.844711225215978079 ) ) ;
#3264 = DIRECTION ( 'NONE',  ( 0.000000000000000000, 1.836970198721029441E-16, -1.000000000000000000 ) ) ;
#3265 = CC_DESIGN_DATE_AND_TIME_ASSIGNMENT ( #3173, #3967, ( #4138 ) ) ;
#3266 = VERTEX_POINT ( 'NONE', #3092 ) ;
#3267 = CARTESIAN_POINT ( 'NONE',  ( -6.699258762453291993, -3.371932981791414541, -0.5833333333333351467 ) ) ;
#3268 = CARTESIAN_POINT ( 'NONE',  ( -6.540999922096027319, -3.669512231774098243, 0.5833333333333314830 ) ) ;
#3269 = CARTESIAN_POINT ( 'NONE',  ( -5.502890818909600412, 4.388408990005689070, 2.120592687679978994 ) ) ;
#3270 = EDGE_CURVE ( 'NONE', #4359, #2275, #3242, .T. ) ;
#3271 = FACE_BOUND ( 'NONE', #4244, .T. ) ;
#3272 = DIRECTION ( 'NONE',  ( 0.000000000000000000, -1.000000000000000000, -2.059489058237307254E-16 ) ) ;
#3273 = ORIENTED_EDGE ( 'NONE', *, *, #702, .T. ) ;
#3274 = ORIENTED_EDGE ( 'NONE', *, *, #3416, .T. ) ;
#3275 = EDGE_CURVE ( 'NONE', #385, #391, #3897, .T. ) ;
#3276 = DIRECTION ( 'NONE',  ( 0.000000000000000000, -4.701883558424456179E-16, 1.000000000000000000 ) ) ;
#3277 = PERSON_AND_ORGANIZATION_ROLE ( 'classification_officer' ) ;
#3278 = ORIENTED_EDGE ( 'NONE', *, *, #2099, .T. ) ;
#3279 = FACE_OUTER_BOUND ( 'NONE', #194, .T. ) ;
#3280 = CARTESIAN_POINT ( 'NONE',  ( -1.044699553671274050E-16, 1.310011805077694202E-16, -0.5833333333333333703 ) ) ;
#3281 = ORIENTED_EDGE ( 'NONE', *, *, #4756, .F. ) ;
#3282 = VERTEX_POINT ( 'NONE', #1860 ) ;
#3283 = ORIENTED_EDGE ( 'NONE', *, *, #4815, .F. ) ;
#3284 = DIRECTION ( 'NONE',  ( 1.436201133715656092E-16, 6.916380135000592297E-17, -1.000000000000000000 ) ) ;
#3285 = EDGE_CURVE ( 'NONE', #3586, #3260, #3163, .T. ) ;
#3286 = DIRECTION ( 'NONE',  ( 0.000000000000000000, 1.836970198721029441E-16, -1.000000000000000000 ) ) ;
#3287 = DIRECTION ( 'NONE',  ( 0.000000000000000000, 1.000000000000000000, 1.836970198721029441E-16 ) ) ;
#3288 = CARTESIAN_POINT ( 'NONE',  ( 0.000000000000000000, 1.285879139104721619E-15, -3.500000000000003997 ) ) ;
#3289 = VERTEX_POINT ( 'NONE', #1915 ) ;
#3290 = EDGE_LOOP ( 'NONE', ( #3067, #4890 ) ) ;
#3291 = DIRECTION ( 'NONE',  ( -0.000000000000000000, 1.000000000000000000, -0.000000000000000000 ) ) ;
#3292 = AXIS2_PLACEMENT_3D ( 'NONE', #1254, #3215, #43 ) ;
#3293 = B_SPLINE_CURVE_WITH_KNOTS ( 'NONE', 3,
 ( #622, #4990, #3035, #279, #4608, #1039 ),
 .UNSPECIFIED., .F., .F.,
 ( 4, 2, 4 ),
 ( 2.035280482898524609E-07, 0.0005855209568278742747, 0.001170838385607458725 ),
 .UNSPECIFIED. ) ;
#3294 = CYLINDRICAL_SURFACE ( 'NONE', #4633, 7.499999999999997335 ) ;
#3295 = CARTESIAN_POINT ( 'NONE',  ( 0.000000000000000000, 10.65000000000000746, -3.500000000000003109 ) ) ;
#3296 = EDGE_CURVE ( 'NONE', #3939, #1302, #2700, .T. ) ;
#3297 = PLANE ( 'NONE',  #5084 ) ;
#3298 = EDGE_LOOP ( 'NONE', ( #2081, #1310 ) ) ;
#3299 = VERTEX_POINT ( 'NONE', #3503 ) ;
#3300 = CARTESIAN_POINT ( 'NONE',  ( -7.023115491632552221, 2.848527805224259968, -0.5833333333333340365 ) ) ;
#3301 = ORIENTED_EDGE ( 'NONE', *, *, #710, .F. ) ;
#3302 = CYLINDRICAL_SURFACE ( 'NONE', #1376, 9.282051282051277497 ) ;
#3303 = TOROIDAL_SURFACE ( 'NONE', #2555, 1.417427986384464766, 0.8411054325275151289 ) ;
#3304 = EDGE_CURVE ( 'NONE', #4429, #3734, #2983, .T. ) ;
#3305 = ORIENTED_EDGE ( 'NONE', *, *, #1609, .F. ) ;
#3306 = EDGE_LOOP ( 'NONE', ( #651, #2125, #2637, #4197 ) ) ;
#3307 = DIRECTION ( 'NONE',  ( 0.7818314824680310249, 0.6234898018587320401, -6.916380135000583669E-17 ) ) ;
#3308 = DIRECTION ( 'NONE',  ( 0.000000000000000000, -1.000000000000000000, -1.836970198721029194E-16 ) ) ;
#3309 = DIRECTION ( 'NONE',  ( -0.000000000000000000, -1.836970198721029441E-16, 1.000000000000000000 ) ) ;
#3310 = CARTESIAN_POINT ( 'NONE',  ( 0.000000000000000000, 0.000000000000000000, -0.5833333333333333703 ) ) ;
#3311 = ORIENTED_EDGE ( 'NONE', *, *, #4591, .F. ) ;
#3312 = EDGE_CURVE ( 'NONE', #4614, #2843, #1404, .T. ) ;
#3313 = EDGE_LOOP ( 'NONE', ( #402, #1175, #3884, #2783 ) ) ;
#3314 = B_SPLINE_CURVE_WITH_KNOTS ( 'NONE', 3,
 ( #5094, #1152, #1962, #313, #1513, #3552 ),
 .UNSPECIFIED., .F., .F.,
 ( 4, 2, 4 ),
 ( 2.073038737329724473E-07, 0.0005897655573085427549, 0.001179323810743352578 ),
 .UNSPECIFIED. ) ;
#3315 = AXIS2_PLACEMENT_3D ( 'NONE', #953, #3291, #2093 ) ;
#3316 = CARTESIAN_POINT ( 'NONE',  ( -2.169071179145598105, 7.179661459245924249, 0.3916088451972206119 ) ) ;
#3317 = CARTESIAN_POINT ( 'NONE',  ( 0.000000000000000000, -8.549076923076908585, -3.468500000000006356 ) ) ;
#3318 = CIRCLE ( 'NONE', #1049, 2.120592687679978106 ) ;
#3319 = CIRCLE ( 'NONE', #3063, 2.120592687679978106 ) ;
#3320 = CARTESIAN_POINT ( 'NONE',  ( -1.044699553671270845E-16, -1.310011805077708007E-16, 0.5833333333333333703 ) ) ;
#3321 = CARTESIAN_POINT ( 'NONE',  ( 1.031529419281808140E-15, 8.423076923076914468, 3.500000000000003109 ) ) ;
#3322 = AXIS2_PLACEMENT_3D ( 'NONE', #854, #2457, #1667 ) ;
#3323 = ORIENTED_EDGE ( 'NONE', *, *, #2181, .T. ) ;
#3324 = ORIENTED_EDGE ( 'NONE', *, *, #2193, .F. ) ;
#3325 = CIRCLE ( 'NONE', #3983, 1.809889355220186236 ) ;
#3326 = CARTESIAN_POINT ( 'NONE',  ( 7.023290944375365719, 2.848579731705349616, -0.5833333333333341475 ) ) ;
#3327 = AXIS2_PLACEMENT_3D ( 'NONE', #1206, #2802, #87 ) ;
#3328 = FACE_OUTER_BOUND ( 'NONE', #4151, .T. ) ;
#3329 = CIRCLE ( 'NONE', #4148, 7.961538461538453681 ) ;
#3330 = EDGE_LOOP ( 'NONE', ( #1663, #2106 ) ) ;
#3331 = AXIS2_PLACEMENT_3D ( 'NONE', #2574, #1835, #4989 ) ;
#3332 = VERTEX_POINT ( 'NONE', #2281 ) ;
#3333 = DIRECTION ( 'NONE',  ( 0.000000000000000000, -1.000000000000000000, -2.021686293973286978E-16 ) ) ;
#3334 = CARTESIAN_POINT ( 'NONE',  ( -7.496660743695019669, 0.2237804849138127772, -0.1975851869304271202 ) ) ;
#3335 = CARTESIAN_POINT ( 'NONE',  ( 7.961344900086462673, 0.08572018627583172234, -0.3943737810124177678 ) ) ;
#3336 = ADVANCED_FACE ( 'NONE', ( #1940 ), #655, .F. ) ;
#3337 = DIRECTION ( 'NONE',  ( 0.2225209339563050392, 0.9749279121818257288, 1.790913520579326978E-16 ) ) ;
#3338 = CIRCLE ( 'NONE', #159, 2.120592687679978106 ) ;
#3339 = ORIENTED_EDGE ( 'NONE', *, *, #4342, .F. ) ;
#3340 = CARTESIAN_POINT ( 'NONE',  ( -1.209306557283115868, -7.401863120222639481, 0.5833333333333309279 ) ) ;
#3341 = ADVANCED_FACE ( 'NONE', ( #785 ), #3587, .F. ) ;
#3342 = FACE_OUTER_BOUND ( 'NONE', #3118, .T. ) ;
#3343 = DIRECTION ( 'NONE',  ( 0.6234898018587320401, 0.7818314824680310249, 1.445602896647339656E-16 ) ) ;
#3344 = EDGE_CURVE ( 'NONE', #4104, #2512, #4341, .T. ) ;
#3345 = DIRECTION ( 'NONE',  ( -5.407443734259953765E-17, 4.312292479951189039E-17, 1.000000000000000000 ) ) ;
#3346 = ORIENTED_EDGE ( 'NONE', *, *, #3776, .F. ) ;
#3347 = ORIENTED_EDGE ( 'NONE', *, *, #4097, .T. ) ;
#3348 = CARTESIAN_POINT ( 'NONE',  ( 5.091646237415901055, -5.613621210097063496, 0.5833333333333312609 ) ) ;
#3349 = DIRECTION ( 'NONE',  ( 1.000000000000000000, 0.000000000000000000, 0.000000000000000000 ) ) ;
#3350 = B_SPLINE_CURVE_WITH_KNOTS ( 'NONE', 3,
 ( #4948, #3000, #1080, #4201, #2239, #248 ),
 .UNSPECIFIED., .F., .F.,
 ( 4, 2, 4 ),
 ( 0.01132667245567771722, 0.01156297535658957348, 0.01179927825750142975 ),
 .UNSPECIFIED. ) ;
#3351 = ORIENTED_EDGE ( 'NONE', *, *, #4884, .F. ) ;
#3352 = ORIENTED_EDGE ( 'NONE', *, *, #4932, .F. ) ;
#3353 = CARTESIAN_POINT ( 'NONE',  ( 7.801135455341658087, 0.4613871602864769716, -0.5833333333333344806 ) ) ;
#3354 = FACE_OUTER_BOUND ( 'NONE', #1037, .T. ) ;
#3355 = DIRECTION ( 'NONE',  ( 0.000000000000000000, 0.000000000000000000, 1.000000000000000000 ) ) ;
#3356 = CARTESIAN_POINT ( 'NONE',  ( 2.259119697311938194E-16, 7.961538461538457234, -1.844711225215976746 ) ) ;
#3357 = SPHERICAL_SURFACE ( 'NONE', #882, 1.901572311514117208 ) ;
#3358 = EDGE_CURVE ( 'NONE', #2198, #789, #3485, .T. ) ;
#3359 = VERTEX_POINT ( 'NONE', #3944 ) ;
#3360 = EDGE_LOOP ( 'NONE', ( #2761, #1148, #2538, #1615 ) ) ;
#3361 = DIRECTION ( 'NONE',  ( -0.9749279121818257288, -0.2225209339563050392, -2.245734522990328904E-16 ) ) ;
#3362 = LINE ( 'NONE', #220, #4885 ) ;
#3363 = EDGE_CURVE ( 'NONE', #3947, #4326, #860, .T. ) ;
#3364 = TOROIDAL_SURFACE ( 'NONE', #3851, 1.417427986384464766, 0.8411054325275151289 ) ;
#3365 = DIRECTION ( 'NONE',  ( 0.000000000000000000, 1.000000000000000000, 0.000000000000000000 ) ) ;
#3366 = CARTESIAN_POINT ( 'NONE',  ( 0.000000000000000000, -9.282051282051277497, 3.499999999999999556 ) ) ;
#3367 = EDGE_CURVE ( 'NONE', #4243, #161, #1478, .T. ) ;
#3368 = EDGE_LOOP ( 'NONE', ( #1765, #4325, #4738, #4988 ) ) ;
#3369 = ORIENTED_EDGE ( 'NONE', *, *, #3683, .T. ) ;
#3370 = CARTESIAN_POINT ( 'NONE',  ( 5.224625620268350978, -5.811459467839831916, 0.5833333333333312609 ) ) ;
#3371 = DIRECTION ( 'NONE',  ( -1.790913520579326732E-16, 2.245734522990332355E-16, -1.000000000000000000 ) ) ;
#3372 = CARTESIAN_POINT ( 'NONE',  ( 1.136723439208568031E-15, 9.282051282051277497, -3.149999999999999911 ) ) ;
#3373 = VERTEX_POINT ( 'NONE', #23 ) ;
#3374 = ORIENTED_EDGE ( 'NONE', *, *, #1992, .T. ) ;
#3375 = CARTESIAN_POINT ( 'NONE',  ( -6.540999922096027319, -3.669512231774098687, -0.5833333333333352577 ) ) ;
#3376 = CARTESIAN_POINT ( 'NONE',  ( -1.796666265318776601, 7.281620034790709184, -0.5833333333333330373 ) ) ;
#3377 = SPHERICAL_SURFACE ( 'NONE', #1564, 1.901572311514117208 ) ;
#3378 = CARTESIAN_POINT ( 'NONE',  ( 4.898587196589412829E-16, 4.000000000000000000, 3.500000000000002220 ) ) ;
#3379 = DIRECTION ( 'NONE',  ( -0.2225209339563182231, 0.9749279121818227312, 1.790913520579321308E-16 ) ) ;
#3380 = VERTEX_POINT ( 'NONE', #2078 ) ;
#3381 = ORIENTED_EDGE ( 'NONE', *, *, #4678, .F. ) ;
#3382 = CIRCLE ( 'NONE', #269, 7.499999999999997335 ) ;
#3383 = CARTESIAN_POINT ( 'NONE',  ( -7.643617736195998269, 0.4820497046318073520, 0.5833333333333319271 ) ) ;
#3384 = DIRECTION ( 'NONE',  ( -1.790913520579321308E-16, -2.245734522990356514E-16, 1.000000000000000000 ) ) ;
#3385 = CARTESIAN_POINT ( 'NONE',  ( 1.044699553671274050E-16, -1.310011805077694202E-16, 0.5833333333333333703 ) ) ;
#3386 = CARTESIAN_POINT ( 'NONE',  ( 1.324719463002623332, -7.778757331377510909, -0.5833333333333361459 ) ) ;
#3387 = EDGE_CURVE ( 'NONE', #1688, #1774, #492, .T. ) ;
#3388 = AXIS2_PLACEMENT_3D ( 'NONE', #455, #6, #1659 ) ;
#3389 = ORIENTED_EDGE ( 'NONE', *, *, #1293, .F. ) ;
#3390 = AXIS2_PLACEMENT_3D ( 'NONE', #1535, #4820, #840 ) ;
#3391 = CARTESIAN_POINT ( 'NONE',  ( 0.000000000000000000, 5.786456125973873467E-18, 3.468499999999987260 ) ) ;
#3392 = CARTESIAN_POINT ( 'NONE',  ( 1.887058668594151722, 7.734668981694128753, 0.1996067795145012869 ) ) ;
#3393 = ADVANCED_FACE ( 'NONE', ( #3279 ), #3668, .F. ) ;
#3394 = DIRECTION ( 'NONE',  ( 0.000000000000000000, -1.000000000000000000, -1.971276677246372258E-16 ) ) ;
#3395 = CIRCLE ( 'NONE', #4714, 2.120592687679978106 ) ;
#3396 = EDGE_CURVE ( 'NONE', #4307, #943, #2325, .T. ) ;
#3397 = ORIENTED_EDGE ( 'NONE', *, *, #3661, .F. ) ;
#3398 = AXIS2_PLACEMENT_3D ( 'NONE', #4364, #794, #3125 ) ;
#3399 = ORIENTED_EDGE ( 'NONE', *, *, #1027, .F. ) ;
#3400 = DIRECTION ( 'NONE',  ( 7.970314984686170449E-17, -3.492023159033191121E-16, 1.000000000000000000 ) ) ;
#3401 = AXIS2_PLACEMENT_3D ( 'NONE', #4687, #1438, #2232 ) ;
#3402 = FACE_OUTER_BOUND ( 'NONE', #775, .T. ) ;
#3403 = DIRECTION ( 'NONE',  ( -0.000000000000000000, -1.836970198721029441E-16, 1.000000000000000000 ) ) ;
#3404 = DIRECTION ( 'NONE',  ( -1.436201133715656092E-16, -6.916380135000592297E-17, 1.000000000000000000 ) ) ;
#3405 = CIRCLE ( 'NONE', #1905, 1.844711225215975636 ) ;
#3406 = EDGE_CURVE ( 'NONE', #943, #3822, #115, .T. ) ;
#3407 = CARTESIAN_POINT ( 'NONE',  ( -5.863736118510232131, 4.676173513940490523, -5.187285101250444346E-16 ) ) ;
#3408 = ORIENTED_EDGE ( 'NONE', *, *, #4649, .F. ) ;
#3409 = AXIS2_PLACEMENT_3D ( 'NONE', #1025, #4616, #2628 ) ;
#3410 = AXIS2_PLACEMENT_3D ( 'NONE', #623, #1858, #582 ) ;
#3411 = ORIENTED_EDGE ( 'NONE', *, *, #3363, .F. ) ;
#3412 = DIRECTION ( 'NONE',  ( 1.000000000000000000, -1.224646799147353207E-16, -2.249639673992786138E-32 ) ) ;
#3413 = CARTESIAN_POINT ( 'NONE',  ( 1.046959968951064042E-15, 8.549076923076908585, 3.275999999999999357 ) ) ;
#3414 = CARTESIAN_POINT ( 'NONE',  ( 1.317161748773711283, -7.852030098417981385, -0.3928810727415416038 ) ) ;
#3415 = CARTESIAN_POINT ( 'NONE',  ( -6.987304052841144753, -3.816238560114634915, 0.5833333333333314830 ) ) ;
#3416 = EDGE_CURVE ( 'NONE', #3638, #467, #2052, .T. ) ;
#3417 = EDGE_CURVE ( 'NONE', #4186, #3282, #1538, .T. ) ;
#3418 = ORIENTED_EDGE ( 'NONE', *, *, #816, .F. ) ;
#3419 = CARTESIAN_POINT ( 'NONE',  ( 0.000000000000000000, 7.500000000000000000, 0.5833333333333333703 ) ) ;
#3420 = FACE_OUTER_BOUND ( 'NONE', #3255, .T. ) ;
#3421 = EDGE_LOOP ( 'NONE', ( #4415, #1505 ) ) ;
#3422 = EDGE_CURVE ( 'NONE', #2226, #1256, #3175, .T. ) ;
#3423 = EDGE_LOOP ( 'NONE', ( #58, #2702, #119, #2511 ) ) ;
#3424 = CARTESIAN_POINT ( 'NONE',  ( 1.209306557282110672, -7.401863120222803794, 0.5833333333333307058 ) ) ;
#3425 = CARTESIAN_POINT ( 'NONE',  ( -3.254128043381641522, -6.757266509268157861, 1.417427986384462102 ) ) ;
#3426 = FACE_OUTER_BOUND ( 'NONE', #3770, .T. ) ;
#3427 = DIRECTION ( 'NONE',  ( 0.000000000000000000, -1.000000000000000000, -2.396173377910393573E-16 ) ) ;
#3428 = CARTESIAN_POINT ( 'NONE',  ( 0.000000000000000000, -8.423076923076912692, 3.499999999999999556 ) ) ;
#3429 = ORIENTED_EDGE ( 'NONE', *, *, #932, .F. ) ;
#3430 = ADVANCED_FACE ( 'NONE', ( #4434 ), #4810, .T. ) ;
#3431 = VERTEX_POINT ( 'NONE', #3176 ) ;
#3432 = CARTESIAN_POINT ( 'NONE',  ( -2.165736068126630443, 7.661310720612465985, 0.5833333333333335924 ) ) ;
#3433 = CARTESIAN_POINT ( 'NONE',  ( 6.907626451655856314, -3.814268485634130901, -0.5833333333333354798 ) ) ;
#3434 = CARTESIAN_POINT ( 'NONE',  ( 0.000000000000000000, -9.672792653944210590E-32, 3.500000000000001776 ) ) ;
#3435 = DIRECTION ( 'NONE',  ( -1.436201133715656092E-16, -6.916380135000592297E-17, 1.000000000000000000 ) ) ;
#3436 = DIRECTION ( 'NONE',  ( 0.000000000000000000, 1.000000000000000000, 2.168404344971009361E-16 ) ) ;
#3437 = EDGE_LOOP ( 'NONE', ( #996, #1102, #1543, #1619 ) ) ;
#3438 = EDGE_CURVE ( 'NONE', #3266, #4111, #287, .T. ) ;
#3439 = CARTESIAN_POINT ( 'NONE',  ( 0.000000000000000000, -10.65000000000000391, -3.500000000000007105 ) ) ;
#3440 = AXIS2_PLACEMENT_3D ( 'NONE', #2202, #1035, #647 ) ;
#3441 = DIRECTION ( 'NONE',  ( 0.000000000000000000, -4.561287166080863615E-16, 1.000000000000000000 ) ) ;
#3442 = ORIENTED_EDGE ( 'NONE', *, *, #542, .T. ) ;
#3443 = VERTEX_POINT ( 'NONE', #1282 ) ;
#3444 = CARTESIAN_POINT ( 'NONE',  ( 6.965679122003765933, 2.780597565068028132, -0.3916088451971673212 ) ) ;
#3445 = PLANE ( 'NONE',  #2588 ) ;
#3446 = CARTESIAN_POINT ( 'NONE',  ( -5.863736118510232131, 4.676173513940490523, -5.187285101250444346E-16 ) ) ;
#3447 = CARTESIAN_POINT ( 'NONE',  ( 5.159978546447372750E-16, 4.076884469938528710, 3.226884469938533506 ) ) ;
#3448 = DIRECTION ( 'NONE',  ( -0.000000000000000000, -1.836970198721029441E-16, 1.000000000000000000 ) ) ;
#3449 = DIRECTION ( 'NONE',  ( 1.000000000000000000, 1.224646799147353207E-16, 2.249639673992786138E-32 ) ) ;
#3450 = AXIS2_PLACEMENT_3D ( 'NONE', #3707, #1720, #1074 ) ;
#3451 = EDGE_CURVE ( 'NONE', #1688, #391, #2882, .T. ) ;
#3452 = EDGE_LOOP ( 'NONE', ( #3779, #3323 ) ) ;
#3453 = ORIENTED_EDGE ( 'NONE', *, *, #3213, .F. ) ;
#3454 = FACE_OUTER_BOUND ( 'NONE', #523, .T. ) ;
#3455 = DIRECTION ( 'NONE',  ( 7.970314984686167984E-17, -3.492023159033190628E-16, 1.000000000000000000 ) ) ;
#3456 = FACE_BOUND ( 'NONE', #1087, .T. ) ;
#3457 = EDGE_CURVE ( 'NONE', #3939, #4832, #2581, .T. ) ;
#3458 = CIRCLE ( 'NONE', #1298, 8.580576923076911555 ) ;
#3459 = DIRECTION ( 'NONE',  ( -1.000000000000000000, 0.000000000000000000, 0.000000000000000000 ) ) ;
#3460 = CARTESIAN_POINT ( 'NONE',  ( 6.907626451653992028, -3.814268485634084715, 0.5833333333333313719 ) ) ;
#3461 = B_SPLINE_CURVE_WITH_KNOTS ( 'NONE', 3,
 ( #1405, #1824, #3570, #1586, #4009, #830 ),
 .UNSPECIFIED., .F., .F.,
 ( 4, 2, 4 ),
 ( 2.086319673474500275E-07, 0.0005915434850940110055, 0.001182878338220674612 ),
 .UNSPECIFIED. ) ;
#3462 = ORIENTED_EDGE ( 'NONE', *, *, #1112, .T. ) ;
#3463 = AXIS2_PLACEMENT_3D ( 'NONE', #1716, #3752, #3680 ) ;
#3464 = LINE ( 'NONE', #3439, #3150 ) ;
#3465 = DIRECTION ( 'NONE',  ( 0.9009688679024157043, 0.4338837391175651703, 8.170798981050185971E-17 ) ) ;
#3466 = AXIS2_PLACEMENT_3D ( 'NONE', #2697, #5067, #1095 ) ;
#3467 = VERTEX_POINT ( 'NONE', #742 ) ;
#3468 = VERTEX_POINT ( 'NONE', #2287 ) ;
#3469 = DIRECTION ( 'NONE',  ( 1.000000000000000000, 0.000000000000000000, -0.000000000000000000 ) ) ;
#3470 = COORDINATED_UNIVERSAL_TIME_OFFSET ( 6, 0, .BEHIND. ) ;
#3471 = CARTESIAN_POINT ( 'NONE',  ( -7.210116496550782905, 3.377066874468752200, -0.3943737810124173238 ) ) ;
#3472 = AXIS2_PLACEMENT_3D ( 'NONE', #3295, #1299, #4095 ) ;
#3473 = CARTESIAN_POINT ( 'NONE',  ( 6.947186933499019723, 2.826056211611911451, -0.5833333333333341475 ) ) ;
#3474 = CARTESIAN_POINT ( 'NONE',  ( 0.000000000000000000, 8.454576923076915662, -3.118499999999999606 ) ) ;
#3475 = ORIENTED_EDGE ( 'NONE', *, *, #3750, .T. ) ;
#3476 = ADVANCED_FACE ( 'NONE', ( #4231 ), #247, .T. ) ;
#3477 = AXIS2_PLACEMENT_3D ( 'NONE', #610, #4618, #3774 ) ;
#3478 = AXIS2_PLACEMENT_3D ( 'NONE', #1429, #4551, #591 ) ;
#3479 = ORIENTED_EDGE ( 'NONE', *, *, #3358, .T. ) ;
#3480 = EDGE_CURVE ( 'NONE', #3258, #2114, #1568, .T. ) ;
#3481 = DIRECTION ( 'NONE',  ( -0.000000000000000000, -1.836970198721029441E-16, 1.000000000000000000 ) ) ;
#3482 = CARTESIAN_POINT ( 'NONE',  ( -7.800266061491069713, 0.4615788927816328879, 0.5833333333333321491 ) ) ;
#3483 = AXIS2_PLACEMENT_3D ( 'NONE', #4008, #512, #95 ) ;
#3484 = CARTESIAN_POINT ( 'NONE',  ( 4.240750177006191279, 6.185954895197232517, 0.1936861211539269712 ) ) ;
#3485 = CIRCLE ( 'NONE', #3074, 1.901572311514110769 ) ;
#3486 = VECTOR ( 'NONE', #2550, 1000.000000000000000 ) ;
#3487 = CIRCLE ( 'NONE', #5141, 1.809889355220185125 ) ;
#3488 = EDGE_CURVE ( 'NONE', #2703, #3993, #4266, .T. ) ;
#3489 = PLANE ( 'NONE',  #2836 ) ;
#3490 = FACE_BOUND ( 'NONE', #895, .T. ) ;
#3491 = CARTESIAN_POINT ( 'NONE',  ( 0.000000000000000000, 1.235708630151640136E-15, -3.226884469938535283 ) ) ;
#3492 = ORIENTED_EDGE ( 'NONE', *, *, #1528, .F. ) ;
#3493 = ADVANCED_FACE ( 'NONE', ( #5020 ), #70, .F. ) ;
#3494 = CARTESIAN_POINT ( 'NONE',  ( 0.000000000000000000, 10.65000000000000746, 3.499999999999989342 ) ) ;
#3495 = CARTESIAN_POINT ( 'NONE',  ( -5.275378915476219177, -5.962924783418372066, -0.5833333333333359239 ) ) ;
#3496 = ORIENTED_EDGE ( 'NONE', *, *, #4854, .T. ) ;
#3497 = ORIENTED_EDGE ( 'NONE', *, *, #3989, .T. ) ;
#3498 = CARTESIAN_POINT ( 'NONE',  ( -3.254128043381644630, -6.757266509268164079, -0.5833333333333354798 ) ) ;
#3499 = ADVANCED_FACE ( 'NONE', ( #1444 ), #5103, .F. ) ;
#3500 = CARTESIAN_POINT ( 'NONE',  ( -7.951147278005348262, 0.4066345263553245437, -0.5833333333333347026 ) ) ;
#3501 = CARTESIAN_POINT ( 'NONE',  ( -5.863736118510232131, 4.676173513940490523, 0.5833333333333328152 ) ) ;
#3502 = CARTESIAN_POINT ( 'NONE',  ( -4.649350407733466103E-17, -2.037013509436035303E-16, 0.5833333333333333703 ) ) ;
#3503 = CARTESIAN_POINT ( 'NONE',  ( 7.311959341363669651, -1.668907004672386174, -1.901572311514123870 ) ) ;
#3504 = CARTESIAN_POINT ( 'NONE',  ( 6.699258762453335514, -3.371932981791331052, 0.5833333333333314830 ) ) ;
#3505 = EDGE_LOOP ( 'NONE', ( #3964, #2886, #2565, #142 ) ) ;
#3506 = VERTEX_POINT ( 'NONE', #1521 ) ;
#3507 = ORIENTED_EDGE ( 'NONE', *, *, #4784, .T. ) ;
#3508 = CARTESIAN_POINT ( 'NONE',  ( -5.502890818909600412, 4.388408990005688182, -2.120592687679979882 ) ) ;
#3509 = CYLINDRICAL_SURFACE ( 'NONE', #1655, 7.499999999999997335 ) ;
#3510 = CARTESIAN_POINT ( 'NONE',  ( -4.947967217659645200, 6.237284271822279180, 0.5833333333333330373 ) ) ;
#3511 = ADVANCED_FACE ( 'NONE', ( #3097 ), #1150, .F. ) ;
#3512 = DIRECTION ( 'NONE',  ( 0.000000000000000000, -1.000000000000000000, -1.978193437517413835E-16 ) ) ;
#3513 = CARTESIAN_POINT ( 'NONE',  ( 6.861992612664385760, -1.566205035153992453, -1.580651606566271952E-15 ) ) ;
#3514 = CARTESIAN_POINT ( 'NONE',  ( 4.778116898591087569, -5.780968682098031941, -0.5833333333333354798 ) ) ;
#3515 = DIRECTION ( 'NONE',  ( -0.000000000000000000, 1.000000000000000000, -0.000000000000000000 ) ) ;
#3516 = ADVANCED_FACE ( 'NONE', ( #1547 ), #3509, .F. ) ;
#3517 = ORIENTED_EDGE ( 'NONE', *, *, #2099, .F. ) ;
#3518 = CARTESIAN_POINT ( 'NONE',  ( 7.485378982620445321, 0.4680827774486767678, 0.5833333333333322601 ) ) ;
#3519 = DIRECTION ( 'NONE',  ( 0.000000000000000000, 1.836970198721029441E-16, -1.000000000000000000 ) ) ;
#3520 = ADVANCED_FACE ( 'NONE', ( #3454 ), #3925, .T. ) ;
#3521 = VERTEX_POINT ( 'NONE', #2264 ) ;
#3522 = ORIENTED_EDGE ( 'NONE', *, *, #4523, .F. ) ;
#3523 = AXIS2_PLACEMENT_3D ( 'NONE', #2377, #4681, #3441 ) ;
#3524 = CARTESIAN_POINT ( 'NONE',  ( -1.655811511214534626, -7.787450347477479440, 0.2000208454323470497 ) ) ;
#3525 = DIRECTION ( 'NONE',  ( -0.2225209339563050392, -0.9749279121818257288, -1.790913520579326732E-16 ) ) ;
#3526 = PERSON_AND_ORGANIZATION ( #4594, #4229 ) ;
#3527 = DIRECTION ( 'NONE',  ( 0.000000000000000000, 0.000000000000000000, 1.000000000000000000 ) ) ;
#3528 = CYLINDRICAL_SURFACE ( 'NONE', #3401, 8.423076923076912692 ) ;
#3529 = LINE ( 'NONE', #1886, #4864 ) ;
#3530 = ORIENTED_EDGE ( 'NONE', *, *, #4907, .F. ) ;
#3531 = ORIENTED_EDGE ( 'NONE', *, *, #4564, .F. ) ;
#3532 = ORIENTED_EDGE ( 'NONE', *, *, #1167, .F. ) ;
#3533 = CARTESIAN_POINT ( 'NONE',  ( -8.377839946674565218E-17, 4.034555078750226356E-17, -0.5833333333333333703 ) ) ;
#3534 = CARTESIAN_POINT ( 'NONE',  ( -2.181319878071664498, 7.584306405809744689, 0.5833333333333335924 ) ) ;
#3535 = CARTESIAN_POINT ( 'NONE',  ( 1.031529419281808140E-15, 8.423076923076914468, 1.662499999999995426 ) ) ;
#3536 = CARTESIAN_POINT ( 'NONE',  ( 4.649350407733466103E-17, 2.037013509436035303E-16, -0.5833333333333333703 ) ) ;
#3537 = CARTESIAN_POINT ( 'NONE',  ( -6.540999922096027319, -3.669512231774098243, 0.5833333333333314830 ) ) ;
#3538 = MANIFOLD_SOLID_BREP ( 'CirPattern2', #558 ) ;
#3539 = DIRECTION ( 'NONE',  ( -1.436201133715639576E-16, 6.916380135000387687E-17, -1.000000000000000000 ) ) ;
#3540 = DIRECTION ( 'NONE',  ( 0.000000000000000000, -1.000000000000000000, -1.836970198721029441E-16 ) ) ;
#3541 = ORIENTED_EDGE ( 'NONE', *, *, #3683, .F. ) ;
#3542 = AXIS2_PLACEMENT_3D ( 'NONE', #677, #1124, #4303 ) ;
#3543 = EDGE_CURVE ( 'NONE', #1702, #1566, #2610, .T. ) ;
#3544 = DIRECTION ( 'NONE',  ( 1.436201133715639576E-16, -6.916380135000387687E-17, 1.000000000000000000 ) ) ;
#3545 = CARTESIAN_POINT ( 'NONE',  ( 5.056128210922810062, -6.149931884973047325, -0.1996067795145032853 ) ) ;
#3546 = ORIENTED_EDGE ( 'NONE', *, *, #199, .F. ) ;
#3547 = CIRCLE ( 'NONE', #1798, 1.901572311514116986 ) ;
#3548 = ORIENTED_EDGE ( 'NONE', *, *, #633, .T. ) ;
#3549 = FACE_OUTER_BOUND ( 'NONE', #2532, .T. ) ;
#3550 = ADVANCED_FACE ( 'NONE', ( #1130 ), #4311, .T. ) ;
#3551 = FACE_BOUND ( 'NONE', #2860, .T. ) ;
#3552 = CARTESIAN_POINT ( 'NONE',  ( -1.540636156465538420, -7.340057236383858985, 0.5833333333333310389 ) ) ;
#3553 = FACE_BOUND ( 'NONE', #2109, .T. ) ;
#3554 = CARTESIAN_POINT ( 'NONE',  ( -7.485378982631663902, 0.4680827774506769456, -0.5833333333333345916 ) ) ;
#3555 = SPHERICAL_SURFACE ( 'NONE', #3046, 1.901572311514117208 ) ;
#3556 = EDGE_CURVE ( 'NONE', #909, #3558, #2912, .T. ) ;
#3557 = AXIS2_PLACEMENT_3D ( 'NONE', #3425, #3861, #1018 ) ;
#3558 = VERTEX_POINT ( 'NONE', #630 ) ;
#3559 = ORIENTED_EDGE ( 'NONE', *, *, #3178, .F. ) ;
#3560 = VERTEX_POINT ( 'NONE', #267 ) ;
#3561 = DIRECTION ( 'NONE',  ( 0.4338837391175526803, -0.9009688679024218105, 0.000000000000000000 ) ) ;
#3562 = CIRCLE ( 'NONE', #4550, 2.120592687679978106 ) ;
#3563 = EDGE_CURVE ( 'NONE', #127, #4359, #642, .T. ) ;
#3564 = DIRECTION ( 'NONE',  ( 0.000000000000000000, -2.350941779212228089E-16, 1.000000000000000000 ) ) ;
#3565 = CARTESIAN_POINT ( 'NONE',  ( 0.000000000000000000, -9.282051282051273944, -3.276000000000002910 ) ) ;
#3566 = CARTESIAN_POINT ( 'NONE',  ( 2.191983003619639714, 7.172531668876430899, -0.1978186137273921508 ) ) ;
#3567 = VECTOR ( 'NONE', #772, 1000.000000000000000 ) ;
#3568 = CIRCLE ( 'NONE', #814, 9.282051282051277497 ) ;
#3569 = CIRCLE ( 'NONE', #403, 1.809889355220186236 ) ;
#3570 = CARTESIAN_POINT ( 'NONE',  ( 1.655811511214642540, -7.787450347477455459, -0.2000208454323522678 ) ) ;
#3571 = MANIFOLD_SOLID_BREP ( 'CirPattern1[6]', #2489 ) ;
#3572 = AXIS2_PLACEMENT_3D ( 'NONE', #1496, #1970, #325 ) ;
#3573 = CARTESIAN_POINT ( 'NONE',  ( 4.649350407733466103E-17, 2.037013509436035303E-16, -0.5833333333333333703 ) ) ;
#3574 = CARTESIAN_POINT ( 'NONE',  ( 0.000000000000000000, 7.038461538461534772, 0.000000000000000000 ) ) ;
#3575 = AXIS2_PLACEMENT_3D ( 'NONE', #2965, #1762, #3355 ) ;
#3576 = AXIS2_PLACEMENT_3D ( 'NONE', #1616, #2591, #177 ) ;
#3577 = ORIENTED_EDGE ( 'NONE', *, *, #3270, .F. ) ;
#3578 = DIRECTION ( 'NONE',  ( 1.790913520579321308E-16, 2.245734522990356514E-16, -1.000000000000000000 ) ) ;
#3579 = EDGE_CURVE ( 'NONE', #25, #3662, #232, .T. ) ;
#3580 = AXIS2_PLACEMENT_3D ( 'NONE', #1108, #3459, #1083 ) ;
#3581 = CARTESIAN_POINT ( 'NONE',  ( -1.044699553671270845E-16, -1.310011805077708007E-16, 0.5833333333333333703 ) ) ;
#3582 = ORIENTED_EDGE ( 'NONE', *, *, #4673, .F. ) ;
#3583 = ORIENTED_EDGE ( 'NONE', *, *, #3457, .T. ) ;
#3584 = CARTESIAN_POINT ( 'NONE',  ( 7.120855440857106089, -3.560830305632858295, -0.2000208454323514906 ) ) ;
#3585 = APPROVAL_ROLE ( '' ) ;
#3586 = VERTEX_POINT ( 'NONE', #3508 ) ;
#3587 = PLANE ( 'NONE',  #2501 ) ;
#3588 = CARTESIAN_POINT ( 'NONE',  ( 0.000000000000000000, 1.280092682978750385E-15, -3.468500000000004579 ) ) ;
#3589 = VERTEX_POINT ( 'NONE', #1945 ) ;
#3590 = ADVANCED_FACE ( 'NONE', ( #4360 ), #2286, .F. ) ;
#3591 = EDGE_LOOP ( 'NONE', ( #54, #3582, #2911, #1624 ) ) ;
#3592 = ORIENTED_EDGE ( 'NONE', *, *, #4196, .T. ) ;
#3593 = CARTESIAN_POINT ( 'NONE',  ( -7.023115491632554885, 2.848527805224259524, 0.5833333333333325932 ) ) ;
#3594 = DIRECTION ( 'NONE',  ( -0.9749279121818227312, -0.2225209339563182231, -2.245734522990356514E-16 ) ) ;
#3595 = PLANE ( 'NONE',  #2661 ) ;
#3596 = DIRECTION ( 'NONE',  ( 0.000000000000000000, 0.000000000000000000, 1.000000000000000000 ) ) ;
#3597 = ADVANCED_FACE ( 'NONE', ( #1602 ), #3149, .T. ) ;
#3598 = FACE_OUTER_BOUND ( 'NONE', #2760, .T. ) ;
#3599 = MANIFOLD_SOLID_BREP ( 'Fillet1', #2401 ) ;
#3600 = CARTESIAN_POINT ( 'NONE',  ( -3.053874009942772805, -6.341434724082427365, -2.457847069627214340E-15 ) ) ;
#3601 = CARTESIAN_POINT ( 'NONE',  ( -4.649350407733599839E-17, 2.037013509436028154E-16, -0.5833333333333333703 ) ) ;
#3602 = B_SPLINE_CURVE_WITH_KNOTS ( 'NONE', 3,
 ( #3182, #1314, #4027, #59, #3697, #2132 ),
 .UNSPECIFIED., .F., .F.,
 ( 4, 2, 4 ),
 ( 0.01132667245567772762, 0.01156297535658406053, 0.01179927825749039171 ),
 .UNSPECIFIED. ) ;
#3603 = CARTESIAN_POINT ( 'NONE',  ( 1.540636156465640783, -7.340057236383838557, 0.5833333333333307058 ) ) ;
#3604 = FACE_OUTER_BOUND ( 'NONE', #4903, .T. ) ;
#3605 = ADVANCED_FACE ( 'NONE', ( #3977 ), #1545, .T. ) ;
#3606 = ORIENTED_EDGE ( 'NONE', *, *, #243, .T. ) ;
#3607 = ORIENTED_EDGE ( 'NONE', *, *, #574, .T. ) ;
#3608 = CARTESIAN_POINT ( 'NONE',  ( 0.000000000000000000, -6.576923076923077538, 3.500000000000000444 ) ) ;
#3609 = CALENDAR_DATE ( 2026, 18, 1 ) ;
#3610 = ORIENTED_EDGE ( 'NONE', *, *, #3406, .T. ) ;
#3611 = CARTESIAN_POINT ( 'NONE',  ( -4.524004506491833943, 5.982238089060725628, 0.3937361966030393789 ) ) ;
#3612 = DIRECTION ( 'NONE',  ( -0.000000000000000000, -1.836970198721029441E-16, 1.000000000000000000 ) ) ;
#3613 = ORIENTED_EDGE ( 'NONE', *, *, #1006, .F. ) ;
#3614 = AXIS2_PLACEMENT_3D ( 'NONE', #2903, #1590, #3684 ) ;
#3615 = ORIENTED_EDGE ( 'NONE', *, *, #329, .T. ) ;
#3616 = ORIENTED_EDGE ( 'NONE', *, *, #1528, .T. ) ;
#3617 = CARTESIAN_POINT ( 'NONE',  ( 1.050817606368378263E-15, 8.580576923076913332, -3.468500000000002803 ) ) ;
#3618 = FACE_OUTER_BOUND ( 'NONE', #1600, .T. ) ;
#3619 = FACE_OUTER_BOUND ( 'NONE', #4227, .T. ) ;
#3620 = EDGE_CURVE ( 'NONE', #1648, #1834, #4073, .T. ) ;
#3621 = CARTESIAN_POINT ( 'NONE',  ( 1.046959968951064042E-15, 8.549076923076908585, -3.275999999999999357 ) ) ;
#3622 = B_SPLINE_CURVE_WITH_KNOTS ( 'NONE', 3,
 ( #2162, #656, #1367, #3748, #4157, #2967 ),
 .UNSPECIFIED., .F., .F.,
 ( 4, 2, 4 ),
 ( 2.056720468470578008E-07, 0.0005877628135819005541, 0.001175319955116954033 ),
 .UNSPECIFIED. ) ;
#3623 = CARTESIAN_POINT ( 'NONE',  ( -6.829010580395267205, -3.800671361061513931, 0.5833333333333314830 ) ) ;
#3624 = EDGE_CURVE ( 'NONE', #1601, #967, #5003, .T. ) ;
#3625 = DIRECTION ( 'NONE',  ( -0.000000000000000000, -0.000000000000000000, -1.000000000000000000 ) ) ;
#3626 = CYLINDRICAL_SURFACE ( 'NONE', #976, 8.549076923076910361 ) ;
#3627 = DIRECTION ( 'NONE',  ( 0.9749279121818257288, -0.2225209339563050392, -2.245734522990332355E-16 ) ) ;
#3628 = CARTESIAN_POINT ( 'NONE',  ( 0.000000000000000000, 8.454576923076915662, -3.149999999999999911 ) ) ;
#3629 = ORIENTED_EDGE ( 'NONE', *, *, #3762, .T. ) ;
#3630 = CIRCLE ( 'NONE', #2970, 8.549076923076906809 ) ;
#3631 = EDGE_LOOP ( 'NONE', ( #1687, #5005, #2962, #1464 ) ) ;
#3632 = DIRECTION ( 'NONE',  ( 0.6234898018587320401, 0.7818314824680310249, 1.436201133715656092E-16 ) ) ;
#3633 = CARTESIAN_POINT ( 'NONE',  ( 6.224581418110788356, 4.963938037875375464, -5.506502645942613601E-16 ) ) ;
#3634 = ORIENTED_EDGE ( 'NONE', *, *, #693, .F. ) ;
#3635 = CARTESIAN_POINT ( 'NONE',  ( 7.498850473186379872, 0.1313072000781899118, 0.5833333333333322601 ) ) ;
#3636 = DIRECTION ( 'NONE',  ( -0.2225209339563050670, -0.9749279121818257288, -2.223463086844486446E-16 ) ) ;
#3637 = EDGE_LOOP ( 'NONE', ( #91, #2926, #614, #3170 ) ) ;
#3638 = VERTEX_POINT ( 'NONE', #3096 ) ;
#3639 = ORIENTED_EDGE ( 'NONE', *, *, #589, .T. ) ;
#3640 = CARTESIAN_POINT ( 'NONE',  ( 5.143087254245156004, -5.676121971201006922, -0.5833333333333357018 ) ) ;
#3641 = CARTESIAN_POINT ( 'NONE',  ( 0.000000000000000000, 8.423076923076914468, 3.149999999999999911 ) ) ;
#3642 = CARTESIAN_POINT ( 'NONE',  ( 7.311959341363669651, -1.668907004672386618, -6.582888088832180091E-15 ) ) ;
#3643 = AXIS2_PLACEMENT_3D ( 'NONE', #3235, #2010, #1249 ) ;
#3644 = DIRECTION ( 'NONE',  ( 1.436201133715639576E-16, -6.916380135000387687E-17, 1.000000000000000000 ) ) ;
#3645 = EDGE_CURVE ( 'NONE', #1904, #3032, #1243, .T. ) ;
#3646 = AXIS2_PLACEMENT_3D ( 'NONE', #2271, #667, #5062 ) ;
#3647 = CARTESIAN_POINT ( 'NONE',  ( 7.362067247730810671, 3.031378824690807772, -0.3928810727415398274 ) ) ;
#3648 = CIRCLE ( 'NONE', #1396, 8.549076923076910361 ) ;
#3649 = CARTESIAN_POINT ( 'NONE',  ( 5.863736118510232131, 4.676173513940490523, -5.417315706714456869E-15 ) ) ;
#3650 = DIRECTION ( 'NONE',  ( 1.436201133715639576E-16, -6.916380135000387687E-17, 1.000000000000000000 ) ) ;
#3651 = CIRCLE ( 'NONE', #4301, 1.809889355220185125 ) ;
#3652 = AXIS2_PLACEMENT_3D ( 'NONE', #4028, #3594, #3564 ) ;
#3653 = AXIS2_PLACEMENT_3D ( 'NONE', #2194, #1792, #1868 ) ;
#3654 = ADVANCED_FACE ( 'NONE', ( #4310 ), #3204, .F. ) ;
#3655 = VECTOR ( 'NONE', #556, 1000.000000000000000 ) ;
#3656 = DIRECTION ( 'NONE',  ( 0.000000000000000000, 0.000000000000000000, 1.000000000000000000 ) ) ;
#3657 = AXIS2_PLACEMENT_3D ( 'NONE', #1840, #4540, #4611 ) ;
#3658 = CARTESIAN_POINT ( 'NONE',  ( 5.317727438794724648, -5.925459191426122985, -0.3928809633437014837 ) ) ;
#3659 = AXIS2_PLACEMENT_3D ( 'NONE', #5096, #4249, #676 ) ;
#3660 = AXIS2_PLACEMENT_3D ( 'NONE', #4129, #533, #4513 ) ;
#3661 = EDGE_CURVE ( 'NONE', #3179, #4562, #1323, .T. ) ;
#3662 = VERTEX_POINT ( 'NONE', #3899 ) ;
#3663 = VERTEX_POINT ( 'NONE', #1163 ) ;
#3664 = CARTESIAN_POINT ( 'NONE',  ( 8.377839946674661360E-17, 4.034555078750345918E-17, -0.5833333333333333703 ) ) ;
#3665 = AXIS2_PLACEMENT_3D ( 'NONE', #4352, #1456, #2721 ) ;
#3666 = CARTESIAN_POINT ( 'NONE',  ( -7.096520856084761242, 2.882496521120620603, -0.5833333333333341475 ) ) ;
#3667 = ORIENTED_EDGE ( 'NONE', *, *, #1115, .T. ) ;
#3668 = CYLINDRICAL_SURFACE ( 'NONE', #3327, 8.549076923076910361 ) ;
#3669 = DIRECTION ( 'NONE',  ( 0.9749279121818257288, -0.2225209339563050392, -2.245734522990332355E-16 ) ) ;
#3670 = ORIENTED_EDGE ( 'NONE', *, *, #1214, .T. ) ;
#3671 = VERTEX_POINT ( 'NONE', #348 ) ;
#3672 = ORIENTED_EDGE ( 'NONE', *, *, #3406, .F. ) ;
#3673 = PLANE ( 'NONE',  #4318 ) ;
#3674 = CARTESIAN_POINT ( 'NONE',  ( 0.000000000000000000, 7.038461538461534772, 1.844711225215975858 ) ) ;
#3675 = DIRECTION ( 'NONE',  ( 1.436201133715639576E-16, -6.916380135000387687E-17, 1.000000000000000000 ) ) ;
#3676 = CARTESIAN_POINT ( 'NONE',  ( 0.000000000000000000, 0.000000000000000000, 0.5833333333333333703 ) ) ;
#3677 = EDGE_LOOP ( 'NONE', ( #1544, #1423, #2619, #2782 ) ) ;
#3678 = ORIENTED_EDGE ( 'NONE', *, *, #1670, .F. ) ;
#3679 = CC_DESIGN_PERSON_AND_ORGANIZATION_ASSIGNMENT ( #3526, #3140, ( #982 ) ) ;
#3680 = DIRECTION ( 'NONE',  ( 0.000000000000000000, 0.000000000000000000, 1.000000000000000000 ) ) ;
#3681 = DIRECTION ( 'NONE',  ( 0.000000000000000000, -1.000000000000000000, -2.168404344971008868E-16 ) ) ;
#3682 = CARTESIAN_POINT ( 'NONE',  ( 2.122000487177246431, 7.193546686608733864, 0.5833333333333333703 ) ) ;
#3683 = EDGE_CURVE ( 'NONE', #3734, #3695, #40, .T. ) ;
#3684 = DIRECTION ( 'NONE',  ( 0.000000000000000000, -2.045092730507657007E-16, 1.000000000000000000 ) ) ;
#3685 = ORIENTED_EDGE ( 'NONE', *, *, #1796, .F. ) ;
#3686 = B_SPLINE_CURVE_WITH_KNOTS ( 'NONE', 3,
 ( #1270, #244, #949, #3819, #4975, #1393 ),
 .UNSPECIFIED., .F., .F.,
 ( 4, 2, 4 ),
 ( 0.008017264588335043518, 0.008254037695081661158, 0.008490810801828278798 ),
 .UNSPECIFIED. ) ;
#3687 = VERTEX_POINT ( 'NONE', #4337 ) ;
#3688 = DIRECTION ( 'NONE',  ( 1.000000000000000000, 0.000000000000000000, 0.000000000000000000 ) ) ;
#3689 = VERTEX_POINT ( 'NONE', #1103 ) ;
#3690 = DIRECTION ( 'NONE',  ( 0.000000000000000000, 1.836970198721029441E-16, -1.000000000000000000 ) ) ;
#3691 = EDGE_CURVE ( 'NONE', #649, #1294, #2825, .T. ) ;
#3692 = CARTESIAN_POINT ( 'NONE',  ( 4.340034849346573687, 6.213415043246016900, -0.5833333333333334814 ) ) ;
#3693 = ORIENTED_EDGE ( 'NONE', *, *, #418, .F. ) ;
#3694 = EDGE_CURVE ( 'NONE', #4278, #2190, #3985, .T. ) ;
#3695 = VERTEX_POINT ( 'NONE', #3924 ) ;
#3696 = ORIENTED_EDGE ( 'NONE', *, *, #4035, .T. ) ;
#3697 = CARTESIAN_POINT ( 'NONE',  ( 2.151840964737349093, 7.267090383345029103, -0.5833333333333334814 ) ) ;
#3698 = DIRECTION ( 'NONE',  ( 0.9749279121818226201, 0.2225209339563183897, 0.000000000000000000 ) ) ;
#3699 = CARTESIAN_POINT ( 'NONE',  ( 0.000000000000000000, -8.580576923076909779, -3.500000000000006661 ) ) ;
#3700 = CARTESIAN_POINT ( 'NONE',  ( -4.848886626039780268, -5.721739114928156233, 0.1996209557216351849 ) ) ;
#3701 = ORIENTED_EDGE ( 'NONE', *, *, #2284, .F. ) ;
#3702 = VERTEX_POINT ( 'NONE', #1580 ) ;
#3703 = CARTESIAN_POINT ( 'NONE',  ( -6.813202880339210843, 3.135325582987745552, 0.5833333333333328152 ) ) ;
#3704 = AXIS2_PLACEMENT_3D ( 'NONE', #3053, #275, #4324 ) ;
#3705 = DIRECTION ( 'NONE',  ( 1.000000000000000000, 0.000000000000000000, 0.000000000000000000 ) ) ;
#3706 = PRODUCT_RELATED_PRODUCT_CATEGORY ( 'detail', '', ( #982 ) ) ;
#3707 = CARTESIAN_POINT ( 'NONE',  ( 7.311959341363692744, -1.668907004672287586, -0.5833333333333351467 ) ) ;
#3708 = EDGE_LOOP ( 'NONE', ( #2553, #4217, #4827, #1998 ) ) ;
#3709 = EDGE_CURVE ( 'NONE', #1566, #1036, #3602, .T. ) ;
#3710 = EDGE_LOOP ( 'NONE', ( #3027, #847, #4350, #363 ) ) ;
#3711 = ORIENTED_EDGE ( 'NONE', *, *, #2583, .F. ) ;
#3712 = CARTESIAN_POINT ( 'NONE',  ( 1.046959968951064042E-15, 8.549076923076910361, 3.500000000000003109 ) ) ;
#3713 = AXIS2_PLACEMENT_3D ( 'NONE', #4824, #4769, #2079 ) ;
#3714 = ORIENTED_EDGE ( 'NONE', *, *, #387, .T. ) ;
#3715 = EDGE_CURVE ( 'NONE', #5073, #4850, #1989, .T. ) ;
#3716 = ORIENTED_EDGE ( 'NONE', *, *, #3908, .F. ) ;
#3717 = CARTESIAN_POINT ( 'NONE',  ( 1.136723439208568031E-15, 9.282051282051275720, 3.500000000000003109 ) ) ;
#3718 = CARTESIAN_POINT ( 'NONE',  ( -1.886126332610069678, 7.258961872673057591, -0.1996209557216377106 ) ) ;
#3719 = CARTESIAN_POINT ( 'NONE',  ( 4.649350407733599839E-17, -2.037013509436028154E-16, 0.5833333333333333703 ) ) ;
#3720 = CARTESIAN_POINT ( 'NONE',  ( -5.863736118510227691, 4.676173513940486082, 1.417427986384464322 ) ) ;
#3721 = B_SPLINE_CURVE_WITH_KNOTS ( 'NONE', 3,
 ( #1977, #2844, #1192, #3954, #5142, #1135 ),
 .UNSPECIFIED., .F., .F.,
 ( 4, 2, 4 ),
 ( 2.056720468471842999E-07, 0.0005877628135819003372, 0.001175319955116953599 ),
 .UNSPECIFIED. ) ;
#3722 = ADVANCED_FACE ( 'NONE', ( #4086 ), #431, .T. ) ;
#3723 = ORIENTED_EDGE ( 'NONE', *, *, #1950, .F. ) ;
#3724 = VECTOR ( 'NONE', #69, 1000.000000000000114 ) ;
#3725 = DIRECTION ( 'NONE',  ( 0.9009688679024157043, 0.4338837391175651703, 8.170798981050185971E-17 ) ) ;
#3726 = DIRECTION ( 'NONE',  ( 0.4338837391175526248, 0.9009688679024218105, 3.492023159033202954E-16 ) ) ;
#3727 = B_SPLINE_CURVE_WITH_KNOTS ( 'NONE', 3,
 ( #71, #4134, #2141, #1273, #493, #931 ),
 .UNSPECIFIED., .F., .F.,
 ( 4, 2, 4 ),
 ( 2.086319673475186901E-07, 0.0005915434850940110055, 0.001182878338220674612 ),
 .UNSPECIFIED. ) ;
#3728 = AXIS2_PLACEMENT_3D ( 'NONE', #890, #4144, #918 ) ;
#3729 = AXIS2_PLACEMENT_3D ( 'NONE', #2323, #798, #3540 ) ;
#3730 = TOROIDAL_SURFACE ( 'NONE', #1555, 1.417427986384464766, 0.8411054325275151289 ) ;
#3731 = CIRCLE ( 'NONE', #981, 7.499999999999998224 ) ;
#3732 = AXIS2_PLACEMENT_3D ( 'NONE', #1503, #1979, #5058 ) ;
#3733 = ORIENTED_EDGE ( 'NONE', *, *, #3387, .T. ) ;
#3734 = VERTEX_POINT ( 'NONE', #136 ) ;
#3735 = EDGE_CURVE ( 'NONE', #2040, #1278, #1065, .T. ) ;
#3736 = AXIS2_PLACEMENT_3D ( 'NONE', #2609, #4927, #5023 ) ;
#3737 = CARTESIAN_POINT ( 'NONE',  ( -7.289375998831296499, 3.022950431651959313, -0.5833333333333340365 ) ) ;
#3738 = CARTESIAN_POINT ( 'NONE',  ( 1.044699553671274050E-16, -1.310011805077694202E-16, 0.5833333333333333703 ) ) ;
#3739 = CARTESIAN_POINT ( 'NONE',  ( 0.000000000000000000, 8.580576923076909779, 3.468499999999989036 ) ) ;
#3740 = CIRCLE ( 'NONE', #734, 6.576923076923077538 ) ;
#3741 = ORIENTED_EDGE ( 'NONE', *, *, #1504, .T. ) ;
#3742 = ORIENTED_EDGE ( 'NONE', *, *, #285, .T. ) ;
#3743 = CARTESIAN_POINT ( 'NONE',  ( 7.761926070062993510, -1.771608974190582053, 2.120592687679974997 ) ) ;
#3744 = AXIS2_PLACEMENT_3D ( 'NONE', #3816, #3016, #1838 ) ;
#3745 = CARTESIAN_POINT ( 'NONE',  ( -7.498850473186381649, 0.1313072000780885484, -0.5833333333333347026 ) ) ;
#3746 = DIRECTION ( 'NONE',  ( 0.000000000000000000, 0.000000000000000000, 1.000000000000000000 ) ) ;
#3747 = DIRECTION ( 'NONE',  ( 0.6234898018587319291, 0.7818314824680310249, 1.198086688955197033E-16 ) ) ;
#3748 = CARTESIAN_POINT ( 'NONE',  ( -7.946358075638813467, 0.4914143224316854242, -0.1955120260061239124 ) ) ;
#3749 = AXIS2_PLACEMENT_3D ( 'NONE', #2411, #4408, #3365 ) ;
#3750 = EDGE_CURVE ( 'NONE', #421, #1265, #2919, .T. ) ;
#3751 = EDGE_LOOP ( 'NONE', ( #1705, #1117, #1325, #1232 ) ) ;
#3752 = DIRECTION ( 'NONE',  ( -1.000000000000000000, 0.000000000000000000, -0.000000000000000000 ) ) ;
#3753 = CARTESIAN_POINT ( 'NONE',  ( 0.000000000000000000, 0.000000000000000000, 3.500000000000001332 ) ) ;
#3754 = EDGE_CURVE ( 'NONE', #3179, #3181, #4490, .T. ) ;
#3755 = DIRECTION ( 'NONE',  ( -0.000000000000000000, -1.836970198721029441E-16, 1.000000000000000000 ) ) ;
#3756 = CARTESIAN_POINT ( 'NONE',  ( 2.185728635357559568, 7.501986139475925519, 0.5833333333333334814 ) ) ;
#3757 = ORIENTED_EDGE ( 'NONE', *, *, #2689, .T. ) ;
#3758 = ORIENTED_EDGE ( 'NONE', *, *, #2960, .T. ) ;
#3759 = CARTESIAN_POINT ( 'NONE',  ( 0.000000000000000000, 1.285879139104721619E-15, -3.500000000000004885 ) ) ;
#3760 = FACE_OUTER_BOUND ( 'NONE', #627, .T. ) ;
#3761 = DIRECTION ( 'NONE',  ( -1.436201133715639576E-16, 6.916380135000387687E-17, -1.000000000000000000 ) ) ;
#3762 = EDGE_CURVE ( 'NONE', #3203, #2410, #2586, .T. ) ;
#3763 = ORIENTED_EDGE ( 'NONE', *, *, #2833, .F. ) ;
#3764 = ORIENTED_EDGE ( 'NONE', *, *, #418, .T. ) ;
#3765 = CARTESIAN_POINT ( 'NONE',  ( 6.947186933488533001, 2.826056211607645530, 0.5833333333333325932 ) ) ;
#3766 = DIRECTION ( 'NONE',  ( 0.000000000000000000, 1.000000000000000000, 2.059489058237307747E-16 ) ) ;
#3767 = DIRECTION ( 'NONE',  ( -1.790913520579321308E-16, -2.245734522990356514E-16, 1.000000000000000000 ) ) ;
#3768 = CARTESIAN_POINT ( 'NONE',  ( -4.639539566350082467, 6.469989743950772088, 0.5833333333333331483 ) ) ;
#3769 = CARTESIAN_POINT ( 'NONE',  ( 0.000000000000000000, 1.280092682978750385E-15, -3.468500000000004579 ) ) ;
#3770 = EDGE_LOOP ( 'NONE', ( #1100, #1788, #3305, #3531 ) ) ;
#3771 = VERTEX_POINT ( 'NONE', #2527 ) ;
#3772 = ADVANCED_FACE ( 'NONE', ( #1657 ), #4462, .F. ) ;
#3773 = DIRECTION ( 'NONE',  ( 0.000000000000000000, 0.000000000000000000, 1.000000000000000000 ) ) ;
#3774 = DIRECTION ( 'NONE',  ( -7.970314984685941186E-17, -3.492023159033202954E-16, 1.000000000000000000 ) ) ;
#3775 = CONICAL_SURFACE ( 'NONE', #4923, 4.349999999999988987, 0.7853981633974334020 ) ;
#3776 = EDGE_CURVE ( 'NONE', #3468, #5073, #3825, .T. ) ;
#3777 = CARTESIAN_POINT ( 'NONE',  ( 0.000000000000000000, 8.673617379884035472E-16, -6.199629803572018347E-15 ) ) ;
#3778 = CARTESIAN_POINT ( 'NONE',  ( -1.044699553671274050E-16, 1.310011805077694202E-16, -0.5833333333333333703 ) ) ;
#3779 = ORIENTED_EDGE ( 'NONE', *, *, #3694, .F. ) ;
#3780 = DIRECTION ( 'NONE',  ( -1.790913520579321308E-16, -2.245734522990356514E-16, 1.000000000000000000 ) ) ;
#3781 = CARTESIAN_POINT ( 'NONE',  ( -1.044699553671274050E-16, 1.310011805077694202E-16, -0.5833333333333333703 ) ) ;
#3782 = CARTESIAN_POINT ( 'NONE',  ( 1.044699553671274050E-16, -1.310011805077694202E-16, 0.5833333333333333703 ) ) ;
#3783 = ORIENTED_EDGE ( 'NONE', *, *, #2990, .T. ) ;
#3784 = ORIENTED_EDGE ( 'NONE', *, *, #356, .F. ) ;
#3785 = CARTESIAN_POINT ( 'NONE',  ( 1.044699553671274050E-16, -1.310011805077694202E-16, 0.5833333333333333703 ) ) ;
#3786 = DIRECTION ( 'NONE',  ( -0.000000000000000000, -1.836970198721029441E-16, 1.000000000000000000 ) ) ;
#3787 = FACE_OUTER_BOUND ( 'NONE', #4947, .T. ) ;
#3788 = DIRECTION ( 'NONE',  ( 0.000000000000000000, 0.000000000000000000, 1.000000000000000000 ) ) ;
#3789 = CARTESIAN_POINT ( 'NONE',  ( 7.311959341363669651, -1.668907004672386618, -6.582888088832180091E-15 ) ) ;
#3790 = VERTEX_POINT ( 'NONE', #4418 ) ;
#3791 = ORIENTED_EDGE ( 'NONE', *, *, #2590, .T. ) ;
#3792 = CIRCLE ( 'NONE', #3131, 7.961538461538454570 ) ;
#3793 = CARTESIAN_POINT ( 'NONE',  ( 0.000000000000000000, 0.000000000000000000, 0.5833333333333333703 ) ) ;
#3794 = EDGE_CURVE ( 'NONE', #22, #392, #237, .T. ) ;
#3795 = CARTESIAN_POINT ( 'NONE',  ( 1.136723439208568031E-15, 9.282051282051277497, -3.275999999999999357 ) ) ;
#3796 = B_SPLINE_CURVE_WITH_KNOTS ( 'NONE', 3,
 ( #1923, #2428, #327, #4362, #2735, #410 ),
 .UNSPECIFIED., .F., .F.,
 ( 4, 2, 4 ),
 ( 0.009066019972589170473, 0.009306876166267574746, 0.009547732359945977285 ),
 .UNSPECIFIED. ) ;
#3797 = AXIS2_PLACEMENT_3D ( 'NONE', #3777, #1502, #224 ) ;
#3798 = CARTESIAN_POINT ( 'NONE',  ( 7.951147278005342933, 0.4066345263554313472, 0.5833333333333322601 ) ) ;
#3799 = CARTESIAN_POINT ( 'NONE',  ( 1.214330630125589838, -7.481070999393491405, -0.5833333333333361459 ) ) ;
#3800 = AXIS2_PLACEMENT_3D ( 'NONE', #3139, #1647, #3172 ) ;
#3801 = AXIS2_PLACEMENT_3D ( 'NONE', #2575, #2920, #2888 ) ;
#3802 = EDGE_CURVE ( 'NONE', #2956, #2781, #1662, .T. ) ;
#3803 = EDGE_LOOP ( 'NONE', ( #1759, #2771 ) ) ;
#3804 = CIRCLE ( 'NONE', #144, 1.809889355220185791 ) ;
#3805 = CARTESIAN_POINT ( 'NONE',  ( 0.000000000000000000, 0.000000000000000000, 0.5833333333333333703 ) ) ;
#3806 = AXIS2_PLACEMENT_3D ( 'NONE', #2557, #99, #4449 ) ;
#3807 = AXIS2_PLACEMENT_3D ( 'NONE', #765, #873, #1268 ) ;
#3808 = DIRECTION ( 'NONE',  ( 0.000000000000000000, -1.000000000000000000, -2.051815829177506100E-16 ) ) ;
#3809 = ADVANCED_FACE ( 'NONE', ( #3227, #481 ), #5138, .T. ) ;
#3810 = ORIENTED_EDGE ( 'NONE', *, *, #3422, .T. ) ;
#3811 = CIRCLE ( 'NONE', #4139, 6.576923076923069544 ) ;
#3812 = ORIENTED_EDGE ( 'NONE', *, *, #3190, .T. ) ;
#3813 = CYLINDRICAL_SURFACE ( 'NONE', #571, 7.961538461538454570 ) ;
#3814 = CIRCLE ( 'NONE', #1649, 0.8411054325275149068 ) ;
#3815 = CARTESIAN_POINT ( 'NONE',  ( 6.671583048972562047, -3.426918287562362941, 0.3937361966030376581 ) ) ;
#3816 = CARTESIAN_POINT ( 'NONE',  ( 0.000000000000000000, 0.000000000000000000, 3.500000000000001332 ) ) ;
#3817 = CARTESIAN_POINT ( 'NONE',  ( 7.948259371089373637, 0.4631033496495317037, -0.3928809633436738946 ) ) ;
#3818 = CIRCLE ( 'NONE', #2998, 1.901572311514110547 ) ;
#3819 = CARTESIAN_POINT ( 'NONE',  ( -6.829010580396625230, -3.800671361061851439, -0.5833333333333351467 ) ) ;
#3820 = VERTEX_POINT ( 'NONE', #4800 ) ;
#3821 = VECTOR ( 'NONE', #681, 1000.000000000000000 ) ;
#3822 = VERTEX_POINT ( 'NONE', #2864 ) ;
#3823 = CARTESIAN_POINT ( 'NONE',  ( 2.247003500008831534, 7.637870774863191770, 0.1989909119326605802 ) ) ;
#3824 = DIRECTION ( 'NONE',  ( -7.970314984686170449E-17, 3.492023159033191121E-16, -1.000000000000000000 ) ) ;
#3825 = CIRCLE ( 'NONE', #4228, 0.03150000000000027778 ) ;
#3826 = CARTESIAN_POINT ( 'NONE',  ( 0.000000000000000000, 9.483358650897306585E-16, -1.662499999999994760 ) ) ;
#3827 = EDGE_CURVE ( 'NONE', #1307, #1833, #2293, .T. ) ;
#3828 = CARTESIAN_POINT ( 'NONE',  ( -3.454382076820513348, -7.173098294453892798, -2.780187668922586344E-15 ) ) ;
#3829 = CARTESIAN_POINT ( 'NONE',  ( 1.209306557283935879, -7.401863120233976190, -0.5833333333333361459 ) ) ;
#3830 = ORIENTED_EDGE ( 'NONE', *, *, #5048, .T. ) ;
#3831 = ADVANCED_FACE ( 'NONE', ( #4441, #872 ), #3673, .T. ) ;
#3832 = CARTESIAN_POINT ( 'NONE',  ( 7.485378982620445321, 0.4680827774486774340, -0.5833333333333344806 ) ) ;
#3833 = DIRECTION ( 'NONE',  ( 0.000000000000000000, -1.000000000000000000, -1.993935029858404074E-16 ) ) ;
#3834 = ORIENTED_EDGE ( 'NONE', *, *, #1111, .T. ) ;
#3835 = ORIENTED_EDGE ( 'NONE', *, *, #2017, .F. ) ;
#3836 = EDGE_CURVE ( 'NONE', #3082, #504, #2543, .T. ) ;
#3837 = CARTESIAN_POINT ( 'NONE',  ( -7.878505456586382572, 0.4394303661059084098, -0.5833333333333345916 ) ) ;
#3838 = FACE_BOUND ( 'NONE', #181, .T. ) ;
#3839 = B_SPLINE_CURVE_WITH_KNOTS ( 'NONE', 3,
 ( #3340, #2971, #1743, #4905, #1348, #853 ),
 .UNSPECIFIED., .F., .F.,
 ( 4, 2, 4 ),
 ( 2.035280481727712523E-07, 0.0005855209568279333638, 0.001170838385607693996 ),
 .UNSPECIFIED. ) ;
#3840 = PLANE ( 'NONE',  #2039 ) ;
#3841 = CARTESIAN_POINT ( 'NONE',  ( 7.951147278005342933, 0.4066345263554313472, 0.5833333333333322601 ) ) ;
#3842 = DIRECTION ( 'NONE',  ( -0.000000000000000000, -1.836970198721029441E-16, 1.000000000000000000 ) ) ;
#3843 = ORIENTED_EDGE ( 'NONE', *, *, #1127, .F. ) ;
#3844 = ORIENTED_EDGE ( 'NONE', *, *, #3563, .F. ) ;
#3845 = CARTESIAN_POINT ( 'NONE',  ( -5.502890818909601300, 4.388408990005689070, -4.868067556558107459E-16 ) ) ;
#3846 = DIRECTION ( 'NONE',  ( -1.386866189580447260E-18, -3.869174503519959971E-16, 1.000000000000000000 ) ) ;
#3847 = DIRECTION ( 'NONE',  ( -1.790913520579321308E-16, -2.245734522990356514E-16, 1.000000000000000000 ) ) ;
#3848 = DIRECTION ( 'NONE',  ( 1.790913520579326732E-16, -2.245734522990332355E-16, 1.000000000000000000 ) ) ;
#3849 = CARTESIAN_POINT ( 'NONE',  ( 4.778116898591087569, -5.780968682098031941, -0.5833333333333354798 ) ) ;
#3850 = B_SPLINE_CURVE_WITH_KNOTS ( 'NONE', 3,
 ( #3986, #1218, #4287, #297, #3909, #2816 ),
 .UNSPECIFIED., .F., .F.,
 ( 4, 2, 4 ),
 ( 2.035280481534036322E-07, 0.0005855209568279427963, 0.001170838385607732160 ),
 .UNSPECIFIED. ) ;
#3851 = AXIS2_PLACEMENT_3D ( 'NONE', #1801, #617, #3030 ) ;
#3852 = ORIENTED_EDGE ( 'NONE', *, *, #13, .F. ) ;
#3853 = CARTESIAN_POINT ( 'NONE',  ( -7.135731503301979473, -3.531528907196774369, 0.3943750851858310313 ) ) ;
#3854 = AXIS2_PLACEMENT_3D ( 'NONE', #1562, #2750, #3465 ) ;
#3855 = ADVANCED_FACE ( 'NONE', ( #4941 ), #1017, .T. ) ;
#3856 = CARTESIAN_POINT ( 'NONE',  ( 4.979876246353430069, -6.211837670573897796, -0.5833333333333357018 ) ) ;
#3857 = EDGE_CURVE ( 'NONE', #4346, #3007, #5140, .T. ) ;
#3858 = ORIENTED_EDGE ( 'NONE', *, *, #2368, .T. ) ;
#3859 = ORIENTED_EDGE ( 'NONE', *, *, #4003, .T. ) ;
#3860 = CARTESIAN_POINT ( 'NONE',  ( -7.498850473186381649, 0.1313072000780885484, -0.5833333333333347026 ) ) ;
#3861 = DIRECTION ( 'NONE',  ( 0.9009688679024218105, -0.4338837391175526248, -7.970314984685942419E-17 ) ) ;
#3862 = PERSON_AND_ORGANIZATION ( #4594, #4229 ) ;
#3863 = DIRECTION ( 'NONE',  ( 0.000000000000000000, -2.045092730507657007E-16, 1.000000000000000000 ) ) ;
#3864 = DIRECTION ( 'NONE',  ( -0.000000000000000000, -1.836970198721029441E-16, 1.000000000000000000 ) ) ;
#3865 = CARTESIAN_POINT ( 'NONE',  ( 0.000000000000000000, 0.000000000000000000, 0.5833333333333333703 ) ) ;
#3866 = ORIENTED_EDGE ( 'NONE', *, *, #3396, .F. ) ;
#3867 = EDGE_CURVE ( 'NONE', #3868, #3110, #1995, .T. ) ;
#3868 = VERTEX_POINT ( 'NONE', #652 ) ;
#3869 = CARTESIAN_POINT ( 'NONE',  ( -7.340168270339244572, 3.083508462394918936, 0.5833333333333327042 ) ) ;
#3870 = CARTESIAN_POINT ( 'NONE',  ( -5.056092258771854198, -6.149961442634008790, -0.2000208454323518514 ) ) ;
#3871 = CARTESIAN_POINT ( 'NONE',  ( 4.639539566349990096, 6.469989743950838701, -0.5833333333333333703 ) ) ;
#3872 = ADVANCED_FACE ( 'NONE', ( #2620, #2255 ), #4172, .F. ) ;
#3873 = AXIS2_PLACEMENT_3D ( 'NONE', #3117, #1941, #3177 ) ;
#3874 = CARTESIAN_POINT ( 'NONE',  ( -5.863736118510227691, 4.676173513940486082, -5.187285101250439416E-16 ) ) ;
#3875 = CARTESIAN_POINT ( 'NONE',  ( 0.000000000000000000, 1.221585182149485509E-15, -3.150000000000004352 ) ) ;
#3876 = CARTESIAN_POINT ( 'NONE',  ( -6.224581418110859410, 4.963938037875287534, 1.844711225215976302 ) ) ;
#3877 = ORIENTED_EDGE ( 'NONE', *, *, #4128, .F. ) ;
#3878 = CIRCLE ( 'NONE', #3231, 0.03150000000000027778 ) ;
#3879 = FACE_OUTER_BOUND ( 'NONE', #2381, .T. ) ;
#3880 = CARTESIAN_POINT ( 'NONE',  ( -6.671583048972515861, -3.426918287562452647, -0.3937361966030420990 ) ) ;
#3881 = CIRCLE ( 'NONE', #4135, 7.961538461538453681 ) ;
#3882 = EDGE_CURVE ( 'NONE', #3224, #1047, #4155, .T. ) ;
#3883 = VERTEX_POINT ( 'NONE', #4607 ) ;
#3884 = ORIENTED_EDGE ( 'NONE', *, *, #2403, .F. ) ;
#3885 = CARTESIAN_POINT ( 'NONE',  ( -1.687994900477873594, -7.780811897509704700, -0.3943737810124197107 ) ) ;
#3886 = AXIS2_PLACEMENT_3D ( 'NONE', #2817, #4321, #3212 ) ;
#3887 = CARTESIAN_POINT ( 'NONE',  ( 6.671582672348433718, -3.426919035828270399, -0.3937336164760139035 ) ) ;
#3888 = COORDINATED_UNIVERSAL_TIME_OFFSET ( 6, 0, .BEHIND. ) ;
#3889 = DIRECTION ( 'NONE',  ( -0.000000000000000000, -1.836970198721029441E-16, 1.000000000000000000 ) ) ;
#3890 = AXIS2_PLACEMENT_3D ( 'NONE', #751, #3959, #834 ) ;
#3891 = DIRECTION ( 'NONE',  ( -1.436201133715639576E-16, 6.916380135000387687E-17, -1.000000000000000000 ) ) ;
#3892 = DIRECTION ( 'NONE',  ( 0.000000000000000000, -1.000000000000000000, -2.029135416122165840E-16 ) ) ;
#3893 = EDGE_LOOP ( 'NONE', ( #3389, #4332, #4112, #236 ) ) ;
#3894 = B_SPLINE_CURVE_WITH_KNOTS ( 'NONE', 3,
 ( #697, #3815, #3089, #240, #3887, #4222 ),
 .UNSPECIFIED., .F., .F.,
 ( 4, 2, 4 ),
 ( 2.073038737338475647E-07, 0.0005897655573085429717, 0.001179323810743352144 ),
 .UNSPECIFIED. ) ;
#3895 = AXIS2_PLACEMENT_3D ( 'NONE', #2868, #1712, #852 ) ;
#3896 = ORIENTED_EDGE ( 'NONE', *, *, #4097, .F. ) ;
#3897 = CIRCLE ( 'NONE', #1903, 4.349999999999988987 ) ;
#3898 = ORIENTED_EDGE ( 'NONE', *, *, #666, .F. ) ;
#3899 = CARTESIAN_POINT ( 'NONE',  ( 1.796666265318784150, 7.281620034790707408, 0.5833333333333333703 ) ) ;
#3900 = DIRECTION ( 'NONE',  ( 0.000000000000000000, 1.836970198721029441E-16, -1.000000000000000000 ) ) ;
#3901 = DIRECTION ( 'NONE',  ( -0.000000000000000000, -1.836970198721029441E-16, 1.000000000000000000 ) ) ;
#3902 = AXIS2_PLACEMENT_3D ( 'NONE', #927, #3337, #4804 ) ;
#3903 = EDGE_CURVE ( 'NONE', #2016, #967, #3233, .T. ) ;
#3904 = DIRECTION ( 'NONE',  ( 0.000000000000000000, 0.000000000000000000, 1.000000000000000000 ) ) ;
#3905 = AXIS2_PLACEMENT_3D ( 'NONE', #3206, #3152, #3926 ) ;
#3906 = AXIS2_PLACEMENT_3D ( 'NONE', #4163, #4908, #1750 ) ;
#3907 = DIRECTION ( 'NONE',  ( 0.000000000000000000, -2.280643583040431807E-16, 1.000000000000000000 ) ) ;
#3908 = EDGE_CURVE ( 'NONE', #1673, #4145, #2829, .T. ) ;
#3909 = CARTESIAN_POINT ( 'NONE',  ( 5.069399827462849117, -5.527530487593497632, -0.3916306432852063590 ) ) ;
#3910 = VERTEX_POINT ( 'NONE', #3743 ) ;
#3911 = CARTESIAN_POINT ( 'NONE',  ( -6.946368090626850567, -3.890252569189086795, -0.1989909119326966069 ) ) ;
#3912 = CARTESIAN_POINT ( 'NONE',  ( -6.838936948546246342, 3.079404300495625968, 0.3937336164760110724 ) ) ;
#3913 = ORIENTED_EDGE ( 'NONE', *, *, #2572, .T. ) ;
#3914 = EDGE_LOOP ( 'NONE', ( #2041, #1184, #2526, #245 ) ) ;
#3915 = DIRECTION ( 'NONE',  ( 0.9009688679024157043, 0.4338837391175651703, 8.673617379884037937E-17 ) ) ;
#3916 = DIRECTION ( 'NONE',  ( 0.000000000000000000, 0.000000000000000000, 1.000000000000000000 ) ) ;
#3917 = CARTESIAN_POINT ( 'NONE',  ( 5.327213576290972437E-16, -4.349999999999987210, -3.500000000000004885 ) ) ;
#3918 = CARTESIAN_POINT ( 'NONE',  ( 3.254128043381735669, -6.757266509268111676, -2.619017369274890678E-15 ) ) ;
#3919 = DIRECTION ( 'NONE',  ( -0.000000000000000000, -1.836970198721029441E-16, 1.000000000000000000 ) ) ;
#3920 = DIRECTION ( 'NONE',  ( -1.224646799147353207E-16, -1.000000000000000000, 0.000000000000000000 ) ) ;
#3921 = ORIENTED_EDGE ( 'NONE', *, *, #2378, .F. ) ;
#3922 = VERTEX_POINT ( 'NONE', #1436 ) ;
#3923 = ORIENTED_EDGE ( 'NONE', *, *, #4016, .F. ) ;
#3924 = CARTESIAN_POINT ( 'NONE',  ( -5.033019310522950818, -5.560460108651355426, 0.5833333333333310389 ) ) ;
#3925 = CYLINDRICAL_SURFACE ( 'NONE', #2997, 6.576923076923074873 ) ;
#3926 = DIRECTION ( 'NONE',  ( -0.9009688679024157043, -0.4338837391175651703, -8.673617379884037937E-17 ) ) ;
#3927 = CARTESIAN_POINT ( 'NONE',  ( 5.863736118510165518, 4.676173513940574011, 0.5833333333333328152 ) ) ;
#3928 = ADVANCED_FACE ( 'NONE', ( #2228 ), #3813, .T. ) ;
#3929 = FACE_OUTER_BOUND ( 'NONE', #3330, .T. ) ;
#3930 = CARTESIAN_POINT ( 'NONE',  ( -7.311959341363669651, -1.668907004672386618, -1.684300892242767262E-15 ) ) ;
#3931 = FACE_OUTER_BOUND ( 'NONE', #2492, .T. ) ;
#3932 = EDGE_CURVE ( 'NONE', #1752, #2331, #1851, .T. ) ;
#3933 = ORIENTED_EDGE ( 'NONE', *, *, #1409, .T. ) ;
#3934 = ADVANCED_FACE ( 'NONE', ( #4918 ), #412, .T. ) ;
#3935 = CARTESIAN_POINT ( 'NONE',  ( -6.960201234421409922, -3.865862196059935307, -0.3928809633437708171 ) ) ;
#3936 = CARTESIAN_POINT ( 'NONE',  ( -6.657163229759437861, -3.454298444521714639, 0.1975851869304236508 ) ) ;
#3937 = EDGE_CURVE ( 'NONE', #4177, #4818, #4643, .T. ) ;
#3938 = ORIENTED_EDGE ( 'NONE', *, *, #461, .T. ) ;
#3939 = VERTEX_POINT ( 'NONE', #3034 ) ;
#3940 = CARTESIAN_POINT ( 'NONE',  ( 0.000000000000000000, 4.114813245135174086E-17, 3.275999999999997581 ) ) ;
#3941 = DIRECTION ( 'NONE',  ( -0.000000000000000000, -1.836970198721029441E-16, 1.000000000000000000 ) ) ;
#3942 = PERSON_AND_ORGANIZATION ( #4594, #4229 ) ;
#3943 = CYLINDRICAL_SURFACE ( 'NONE', #223, 7.499999999999998224 ) ;
#3944 = CARTESIAN_POINT ( 'NONE',  ( 0.000000000000000000, -8.454576923076915662, 3.149999999999996358 ) ) ;
#3945 = FACE_OUTER_BOUND ( 'NONE', #4075, .T. ) ;
#3946 = ORIENTED_EDGE ( 'NONE', *, *, #257, .T. ) ;
#3947 = VERTEX_POINT ( 'NONE', #781 ) ;
#3948 = EDGE_LOOP ( 'NONE', ( #2273, #277 ) ) ;
#3949 = CARTESIAN_POINT ( 'NONE',  ( -5.033019310530547408, -5.560460108659750489, -0.5833333333333358128 ) ) ;
#3950 = CARTESIAN_POINT ( 'NONE',  ( 1.160872754861323131, -7.409776170479244861, -0.3916088451971696527 ) ) ;
#3951 = DIRECTION ( 'NONE',  ( -0.9749279121818227312, -0.2225209339563182231, -2.245734522990356514E-16 ) ) ;
#3952 = CARTESIAN_POINT ( 'NONE',  ( 5.863736118510165518, 4.676173513940574011, -0.5833333333333339255 ) ) ;
#3953 = EDGE_CURVE ( 'NONE', #2625, #480, #737, .T. ) ;
#3954 = CARTESIAN_POINT ( 'NONE',  ( -4.570270033865791781, 6.519104733021978682, -0.1955120260061225801 ) ) ;
#3955 = FACE_OUTER_BOUND ( 'NONE', #3039, .T. ) ;
#3956 = CARTESIAN_POINT ( 'NONE',  ( 7.340168270339200163, 3.083508462395022853, 0.5833333333333324822 ) ) ;
#3957 = VECTOR ( 'NONE', #3612, 1000.000000000000000 ) ;
#3958 = ORIENTED_EDGE ( 'NONE', *, *, #1899, .F. ) ;
#3959 = DIRECTION ( 'NONE',  ( 1.000000000000000000, 0.000000000000000000, 1.224646799147353207E-16 ) ) ;
#3960 = EDGE_CURVE ( 'NONE', #3431, #1265, #2412, .T. ) ;
#3961 = DIRECTION ( 'NONE',  ( 1.000000000000000000, -1.224646799147353207E-16, -2.249639673992786138E-32 ) ) ;
#3962 = EDGE_LOOP ( 'NONE', ( #1909, #607, #4881, #443 ) ) ;
#3963 = CIRCLE ( 'NONE', #626, 1.844711225215975636 ) ;
#3964 = ORIENTED_EDGE ( 'NONE', *, *, #4961, .F. ) ;
#3965 = FACE_OUTER_BOUND ( 'NONE', #966, .T. ) ;
#3966 = FACE_OUTER_BOUND ( 'NONE', #4839, .T. ) ;
#3967 = DATE_TIME_ROLE ( 'creation_date' ) ;
#3968 = ORIENTED_EDGE ( 'NONE', *, *, #3620, .F. ) ;
#3969 = DIRECTION ( 'NONE',  ( 0.6234898018587431423, -0.7818314824680221431, -1.497979813192534156E-16 ) ) ;
#3970 = B_SPLINE_CURVE_WITH_KNOTS ( 'NONE', 3,
 ( #1526, #3987, #3128, #1611, #416, #749 ),
 .UNSPECIFIED., .F., .F.,
 ( 4, 2, 4 ),
 ( 2.035280482603589589E-07, 0.0005855209568278840326, 0.001170838385607507730 ),
 .UNSPECIFIED. ) ;
#3971 = EDGE_CURVE ( 'NONE', #845, #44, #828, .T. ) ;
#3972 = CARTESIAN_POINT ( 'NONE',  ( -6.224581418110859410, 4.963938037875287534, -5.506502645942776303E-16 ) ) ;
#3973 = CIRCLE ( 'NONE', #1722, 10.65000000000000568 ) ;
#3974 = EDGE_LOOP ( 'NONE', ( #2521, #761, #1781, #1714 ) ) ;
#3975 = EDGE_LOOP ( 'NONE', ( #2851, #900, #950, #1244 ) ) ;
#3976 = EDGE_LOOP ( 'NONE', ( #4939, #935, #1361, #4142 ) ) ;
#3977 = FACE_OUTER_BOUND ( 'NONE', #90, .T. ) ;
#3978 = AXIS2_PLACEMENT_3D ( 'NONE', #3191, #77, #2848 ) ;
#3979 = DIRECTION ( 'NONE',  ( 0.000000000000000000, -1.836970198721029441E-16, 1.000000000000000000 ) ) ;
#3980 = DIRECTION ( 'NONE',  ( 0.9009688679024218105, -0.4338837391175526248, -8.170798981050185971E-17 ) ) ;
#3981 = FACE_OUTER_BOUND ( 'NONE', #1731, .T. ) ;
#3982 = AXIS2_PLACEMENT_3D ( 'NONE', #1810, #191, #1763 ) ;
#3983 = AXIS2_PLACEMENT_3D ( 'NONE', #3952, #3644, #2508 ) ;
#3984 = CARTESIAN_POINT ( 'NONE',  ( -7.311959341363669651, -1.668907004672386618, -1.684300892242767262E-15 ) ) ;
#3985 = CIRCLE ( 'NONE', #2660, 1.901572311514116764 ) ;
#3986 = CARTESIAN_POINT ( 'NONE',  ( 5.033019310522022671, -5.560460108652195643, 0.5833333333333312609 ) ) ;
#3987 = CARTESIAN_POINT ( 'NONE',  ( -4.260891602597848937, 6.172293836208100792, -0.3916088451971668771 ) ) ;
#3988 = AXIS2_PLACEMENT_3D ( 'NONE', #4492, #3309, #2921 ) ;
#3989 = EDGE_CURVE ( 'NONE', #195, #1119, #926, .T. ) ;
#3990 = CIRCLE ( 'NONE', #1827, 8.454576923076913886 ) ;
#3991 = CARTESIAN_POINT ( 'NONE',  ( 7.311959341363692744, -1.668907004672287808, 0.5833333333333321491 ) ) ;
#3992 = CARTESIAN_POINT ( 'NONE',  ( 5.275378915476029995, -5.962924783418539931, 0.5833333333333311499 ) ) ;
#3993 = VERTEX_POINT ( 'NONE', #1094 ) ;
#3994 = ADVANCED_FACE ( 'NONE', ( #365 ), #2672, .F. ) ;
#3995 = ORIENTED_EDGE ( 'NONE', *, *, #1004, .F. ) ;
#3996 = CYLINDRICAL_SURFACE ( 'NONE', #4404, 7.499999999999998224 ) ;
#3997 = DIRECTION ( 'NONE',  ( -0.4338837391175526248, -0.9009688679024218105, -3.492023159033201968E-16 ) ) ;
#3998 = EDGE_LOOP ( 'NONE', ( #2212, #3012, #187, #1113 ) ) ;
#3999 = DIRECTION ( 'NONE',  ( 0.6234898018587319291, 0.7818314824680310249, 1.497979813192533910E-16 ) ) ;
#4000 = DIRECTION ( 'NONE',  ( -0.000000000000000000, -1.836970198721029441E-16, 1.000000000000000000 ) ) ;
#4001 = ORIENTED_EDGE ( 'NONE', *, *, #4035, .F. ) ;
#4002 = ORIENTED_EDGE ( 'NONE', *, *, #1931, .T. ) ;
#4003 = EDGE_CURVE ( 'NONE', #1119, #1260, #3487, .T. ) ;
#4004 = ORIENTED_EDGE ( 'NONE', *, *, #1409, .F. ) ;
#4005 = DIRECTION ( 'NONE',  ( 0.000000000000000000, -1.000000000000000000, -2.036060417813152407E-16 ) ) ;
#4006 = PLANE ( 'NONE',  #4058 ) ;
#4007 = CARTESIAN_POINT ( 'NONE',  ( 0.000000000000000000, 0.000000000000000000, -0.5833333333333333703 ) ) ;
#4008 = CARTESIAN_POINT ( 'NONE',  ( -7.311959341363669651, -1.668907004672386618, -1.684300892242767262E-15 ) ) ;
#4009 = CARTESIAN_POINT ( 'NONE',  ( 1.687994900477982174, -7.780811897509679831, 0.3943737810124142706 ) ) ;
#4010 = CARTESIAN_POINT ( 'NONE',  ( -5.275378915476219177, -5.962924783418372066, 0.5833333333333309279 ) ) ;
#4011 = CARTESIAN_POINT ( 'NONE',  ( -5.502890818909600412, 4.388408990005688182, -4.868067556558107459E-16 ) ) ;
#4012 = DIRECTION ( 'NONE',  ( 1.436201133715639576E-16, -6.916380135000387687E-17, 1.000000000000000000 ) ) ;
#4013 = DIRECTION ( 'NONE',  ( 0.000000000000000000, -1.836970198721029441E-16, 1.000000000000000000 ) ) ;
#4014 = ORIENTED_EDGE ( 'NONE', *, *, #1670, .T. ) ;
#4015 = ORIENTED_EDGE ( 'NONE', *, *, #3076, .T. ) ;
#4016 = EDGE_CURVE ( 'NONE', #1495, #3771, #3990, .T. ) ;
#4017 = CARTESIAN_POINT ( 'NONE',  ( 4.524004506491813515, 5.982238089060743391, 0.3937361966034705896 ) ) ;
#4018 = CARTESIAN_POINT ( 'NONE',  ( 1.044699553671274050E-16, -1.310011805077694202E-16, 0.5833333333333333703 ) ) ;
#4019 = ORIENTED_EDGE ( 'NONE', *, *, #2516, .F. ) ;
#4020 = CARTESIAN_POINT ( 'NONE',  ( 0.000000000000000000, 7.500000000000000000, 0.000000000000000000 ) ) ;
#4021 = CARTESIAN_POINT ( 'NONE',  ( 8.054407794392204626E-16, 6.576923076923074873, 3.500000000000002665 ) ) ;
#4022 = ADVANCED_FACE ( 'NONE', ( #2695 ), #3171, .F. ) ;
#4023 = ORIENTED_EDGE ( 'NONE', *, *, #2378, .T. ) ;
#4024 = AXIS2_PLACEMENT_3D ( 'NONE', #360, #4265, #3085 ) ;
#4025 = ORIENTED_EDGE ( 'NONE', *, *, #3417, .T. ) ;
#4026 = ORIENTED_EDGE ( 'NONE', *, *, #4427, .F. ) ;
#4027 = CARTESIAN_POINT ( 'NONE',  ( 2.185728635357376159, 7.501986139479690507, -0.5833333333333334814 ) ) ;
#4028 = CARTESIAN_POINT ( 'NONE',  ( -7.761926070062968641, -1.771608974190686414, -1.787950177919244625E-15 ) ) ;
#4029 = CARTESIAN_POINT ( 'NONE',  ( -4.896798613970549496, 6.277875747630242032, 0.3943737810124166021 ) ) ;
#4030 = DIRECTION ( 'NONE',  ( 0.6234898018587320401, 0.7818314824680310249, 2.660847932863009546E-16 ) ) ;
#4031 = ADVANCED_FACE ( 'NONE', ( #3549 ), #1120, .F. ) ;
#4032 = CARTESIAN_POINT ( 'NONE',  ( 4.301095606900855017, 6.144149784982308127, 0.5833333333333334814 ) ) ;
#4033 = FACE_OUTER_BOUND ( 'NONE', #337, .T. ) ;
#4034 = DIRECTION ( 'NONE',  ( -0.000000000000000000, -1.836970198721029441E-16, 1.000000000000000000 ) ) ;
#4035 = EDGE_CURVE ( 'NONE', #4280, #3589, #2485, .T. ) ;
#4036 = AXIS2_PLACEMENT_3D ( 'NONE', #1939, #4354, #4272 ) ;
#4037 = DIRECTION ( 'NONE',  ( 0.000000000000000000, -1.000000000000000000, -1.993935029858404074E-16 ) ) ;
#4038 = CARTESIAN_POINT ( 'NONE',  ( 5.317727414470984293, -5.925459212945293430, 0.3928810727415800175 ) ) ;
#4039 = ORIENTED_EDGE ( 'NONE', *, *, #589, .F. ) ;
#4040 = CONICAL_SURFACE ( 'NONE', #2055, 10.99999999999999645, 0.7853981633974334020 ) ;
#4041 = ORIENTED_EDGE ( 'NONE', *, *, #4242, .T. ) ;
#4042 = CARTESIAN_POINT ( 'NONE',  ( 0.000000000000000000, 7.500000000000000000, 1.901572311514112323 ) ) ;
#4043 = DIRECTION ( 'NONE',  ( -0.4338837391175526248, -0.9009688679024218105, -3.492023159033201968E-16 ) ) ;
#4044 = ORIENTED_EDGE ( 'NONE', *, *, #4747, .T. ) ;
#4045 = CARTESIAN_POINT ( 'NONE',  ( 6.946368090626903857, -3.890252569188989540, 0.1989909119326585263 ) ) ;
#4046 = FACE_OUTER_BOUND ( 'NONE', #3041, .T. ) ;
#4047 = ORIENTED_EDGE ( 'NONE', *, *, #2788, .F. ) ;
#4048 = B_SPLINE_CURVE_WITH_KNOTS ( 'NONE', 3,
 ( #2834, #2524, #2129, #1651, #3692, #2467 ),
 .UNSPECIFIED., .F., .F.,
 ( 4, 2, 4 ),
 ( 0.001886296772444534531, 0.002121409198529947138, 0.002356521624615360178 ),
 .UNSPECIFIED. ) ;
#4049 = ADVANCED_FACE ( 'NONE', ( #3965 ), #1881, .T. ) ;
#4050 = AXIS2_PLACEMENT_3D ( 'NONE', #3793, #1499, #1817 ) ;
#4051 = ORIENTED_EDGE ( 'NONE', *, *, #1665, .T. ) ;
#4052 = ORIENTED_EDGE ( 'NONE', *, *, #2107, .T. ) ;
#4053 = DIRECTION ( 'NONE',  ( -0.000000000000000000, -1.836970198721029441E-16, 1.000000000000000000 ) ) ;
#4054 = DIRECTION ( 'NONE',  ( -0.9749279121818257288, 0.2225209339563050392, 2.245734522990332355E-16 ) ) ;
#4055 = DIRECTION ( 'NONE',  ( 7.970314984686167984E-17, -3.492023159033190628E-16, 1.000000000000000000 ) ) ;
#4056 = CIRCLE ( 'NONE', #215, 1.901572311514118985 ) ;
#4057 = DIRECTION ( 'NONE',  ( 0.000000000000000000, 0.000000000000000000, 1.000000000000000000 ) ) ;
#4058 = AXIS2_PLACEMENT_3D ( 'NONE', #3641, #3979, #31 ) ;
#4059 = ORIENTED_EDGE ( 'NONE', *, *, #5000, .T. ) ;
#4060 = TOROIDAL_SURFACE ( 'NONE', #972, 1.417427986384464766, 0.8411054325275151289 ) ;
#4061 = ORIENTED_EDGE ( 'NONE', *, *, #1508, .T. ) ;
#4062 = EDGE_CURVE ( 'NONE', #670, #4897, #4813, .T. ) ;
#4063 = FACE_OUTER_BOUND ( 'NONE', #2463, .T. ) ;
#4064 = CLOSED_SHELL ( 'NONE', ( #2632, #3597 ) ) ;
#4065 = CARTESIAN_POINT ( 'NONE',  ( -4.649350407733466103E-17, -2.037013509436035303E-16, 0.5833333333333333703 ) ) ;
#4066 = CIRCLE ( 'NONE', #635, 1.844711225215976746 ) ;
#4067 = CIRCLE ( 'NONE', #1472, 1.809889355220185569 ) ;
#4068 = AXIS2_PLACEMENT_3D ( 'NONE', #4273, #3891, #700 ) ;
#4069 = ADVANCED_FACE ( 'NONE', ( #671, #2277 ), #278, .F. ) ;
#4070 = AXIS2_PLACEMENT_3D ( 'NONE', #1420, #1784, #2674 ) ;
#4071 = CARTESIAN_POINT ( 'NONE',  ( 0.000000000000000000, 7.961538461538457234, 0.000000000000000000 ) ) ;
#4072 = FACE_BOUND ( 'NONE', #4843, .T. ) ;
#4073 = CIRCLE ( 'NONE', #1823, 1.901572311514118985 ) ;
#4074 = ORIENTED_EDGE ( 'NONE', *, *, #1090, .T. ) ;
#4075 = EDGE_LOOP ( 'NONE', ( #4797, #4555, #4120, #2083 ) ) ;
#4076 = AXIS2_PLACEMENT_3D ( 'NONE', #2754, #3138, #393 ) ;
#4077 = DIRECTION ( 'NONE',  ( 0.4338837391175651703, -0.9009688679024157043, -3.492023159033191121E-16 ) ) ;
#4078 = VERTEX_POINT ( 'NONE', #4295 ) ;
#4079 = CARTESIAN_POINT ( 'NONE',  ( 5.327213576290973423E-16, 4.349999999999988987, 3.500000000000003109 ) ) ;
#4080 = APPROVAL_PERSON_ORGANIZATION ( #1997, #2713, #3585 ) ;
#4081 = CARTESIAN_POINT ( 'NONE',  ( 1.044699553671274050E-16, -1.310011805077694202E-16, 0.5833333333333333703 ) ) ;
#4082 = ORIENTED_EDGE ( 'NONE', *, *, #3438, .T. ) ;
#4083 = VERTEX_POINT ( 'NONE', #3860 ) ;
#4084 = AXIS2_PLACEMENT_3D ( 'NONE', #2528, #1342, #2942 ) ;
#4085 = ORIENTED_EDGE ( 'NONE', *, *, #3867, .T. ) ;
#4086 = FACE_OUTER_BOUND ( 'NONE', #3948, .T. ) ;
#4087 = CARTESIAN_POINT ( 'NONE',  ( -7.311959341363663434, -1.668907004672384620, -1.417427986384466543 ) ) ;
#4088 = CARTESIAN_POINT ( 'NONE',  ( -4.896798967129369906, 6.277875467473334581, -0.3943750851858334183 ) ) ;
#4089 = CARTESIAN_POINT ( 'NONE',  ( 0.000000000000000000, 7.038461538461534772, 0.000000000000000000 ) ) ;
#4090 = ORIENTED_EDGE ( 'NONE', *, *, #4062, .T. ) ;
#4091 = VERTEX_POINT ( 'NONE', #4661 ) ;
#4092 = CYLINDRICAL_SURFACE ( 'NONE', #1462, 7.961538461538453681 ) ;
#4093 = CARTESIAN_POINT ( 'NONE',  ( -3.053874009942772805, -6.341434724082428254, 1.844711225215973416 ) ) ;
#4094 = ADVANCED_FACE ( 'NONE', ( #696 ), #1533, .F. ) ;
#4095 = DIRECTION ( 'NONE',  ( 0.000000000000000000, -1.000000000000000000, -1.836970198721029441E-16 ) ) ;
#4096 = CARTESIAN_POINT ( 'NONE',  ( 1.791498108671232714, 7.757359679761116844, 0.5833333333333333703 ) ) ;
#4097 = EDGE_CURVE ( 'NONE', #195, #657, #989, .T. ) ;
#4098 = ORIENTED_EDGE ( 'NONE', *, *, #3147, .T. ) ;
#4099 = ORIENTED_EDGE ( 'NONE', *, *, #1112, .F. ) ;
#4100 = DIRECTION ( 'NONE',  ( -0.9749279121818227312, -0.2225209339563182231, -2.245734522990356514E-16 ) ) ;
#4101 = CARTESIAN_POINT ( 'NONE',  ( 6.947186933499019723, 2.826056211611911451, -0.5833333333333341475 ) ) ;
#4102 = CARTESIAN_POINT ( 'NONE',  ( 6.947186933488533001, 2.826056211607645530, 0.5833333333333325932 ) ) ;
#4103 = EDGE_CURVE ( 'NONE', #3822, #2884, #2749, .T. ) ;
#4104 = VERTEX_POINT ( 'NONE', #3252 ) ;
#4105 = EDGE_LOOP ( 'NONE', ( #1816, #507, #2753, #1721 ) ) ;
#4106 = CARTESIAN_POINT ( 'NONE',  ( 1.044699553671270845E-16, 1.310011805077708007E-16, -0.5833333333333333703 ) ) ;
#4107 = CARTESIAN_POINT ( 'NONE',  ( -1.856432213598536052, 7.266873390146251666, 0.3937336164760120716 ) ) ;
#4108 = CARTESIAN_POINT ( 'NONE',  ( -1.044699553671270845E-16, -1.310011805077708007E-16, 0.5833333333333333703 ) ) ;
#4109 = B_SPLINE_CURVE_WITH_KNOTS ( 'NONE', 3,
 ( #3052, #3853, #303, #5033, #1482, #1831 ),
 .UNSPECIFIED., .F., .F.,
 ( 4, 2, 4 ),
 ( 2.086319673481020047E-07, 0.0005915434850940116561, 0.001182878338220675262 ),
 .UNSPECIFIED. ) ;
#4110 = CARTESIAN_POINT ( 'NONE',  ( -4.778116898591012962, -5.780968682098094114, -0.5833333333333358128 ) ) ;
#4111 = VERTEX_POINT ( 'NONE', #809 ) ;
#4112 = ORIENTED_EDGE ( 'NONE', *, *, #4237, .F. ) ;
#4113 = CARTESIAN_POINT ( 'NONE',  ( 0.000000000000000000, -9.282051282051275720, 3.499999999999999556 ) ) ;
#4114 = CIRCLE ( 'NONE', #2540, 2.120592687679978106 ) ;
#4115 = DIRECTION ( 'NONE',  ( -0.6234898018587320401, -0.7818314824680310249, -1.445602896647339656E-16 ) ) ;
#4116 = EDGE_CURVE ( 'NONE', #670, #4132, #2042, .T. ) ;
#4117 = ADVANCED_FACE ( 'NONE', ( #2174 ), #4791, .F. ) ;
#4118 = CARTESIAN_POINT ( 'NONE',  ( -5.863736118510227691, 4.676173513940486082, -5.187285101250439416E-16 ) ) ;
#4119 = ORIENTED_EDGE ( 'NONE', *, *, #4427, .T. ) ;
#4120 = ORIENTED_EDGE ( 'NONE', *, *, #4400, .T. ) ;
#4121 = EDGE_CURVE ( 'NONE', #44, #845, #2329, .T. ) ;
#4122 = CARTESIAN_POINT ( 'NONE',  ( -7.228728460287516810, 2.969066835079331224, -0.5833333333333340365 ) ) ;
#4123 = CYLINDRICAL_SURFACE ( 'NONE', #2123, 6.576923076923073097 ) ;
#4124 = CIRCLE ( 'NONE', #284, 0.03149999999999984757 ) ;
#4125 = EDGE_LOOP ( 'NONE', ( #1854, #3634 ) ) ;
#4126 = EDGE_LOOP ( 'NONE', ( #1011, #3374, #2968, #4198 ) ) ;
#4127 = DIRECTION ( 'NONE',  ( 0.2225209339563050392, 0.9749279121818258398, 1.770339779227540479E-16 ) ) ;
#4128 = EDGE_CURVE ( 'NONE', #256, #3910, #1576, .T. ) ;
#4129 = CARTESIAN_POINT ( 'NONE',  ( 5.502890818909538240, 4.388408990005767230, -4.868067556557962506E-16 ) ) ;
#4130 = CARTESIAN_POINT ( 'NONE',  ( -5.224263251143871578, -5.810703846098038916, 0.5833333333333309279 ) ) ;
#4131 = VERTEX_POINT ( 'NONE', #4042 ) ;
#4132 = VERTEX_POINT ( 'NONE', #3608 ) ;
#4133 = CIRCLE ( 'NONE', #4789, 6.576923076923072209 ) ;
#4134 = CARTESIAN_POINT ( 'NONE',  ( 7.210116302003174660, 3.377067281114022546, -0.3943750851858336959 ) ) ;
#4135 = AXIS2_PLACEMENT_3D ( 'NONE', #2615, #3028, #204 ) ;
#4136 = DIRECTION ( 'NONE',  ( -0.9749279121818256177, 0.2225209339563050115, 0.000000000000000000 ) ) ;
#4137 = CARTESIAN_POINT ( 'NONE',  ( 2.122000487177246431, 7.193546686608733864, 0.5833333333333333703 ) ) ;
#4138 = PRODUCT_DEFINITION ( 'UNKNOWN', '', #1161, #2514 ) ;
#4139 = AXIS2_PLACEMENT_3D ( 'NONE', #3826, #1501, #3512 ) ;
#4140 = AXIS2_PLACEMENT_3D ( 'NONE', #3930, #2790, #5082 ) ;
#4141 = VERTEX_POINT ( 'NONE', #4521 ) ;
#4142 = ORIENTED_EDGE ( 'NONE', *, *, #3344, .T. ) ;
#4143 = AXIS2_PLACEMENT_3D ( 'NONE', #434, #4030, #2031 ) ;
#4144 = DIRECTION ( 'NONE',  ( 0.9009688679024157043, -0.4338837391175651703, -7.970314984686170449E-17 ) ) ;
#4145 = VERTEX_POINT ( 'NONE', #2799 ) ;
#4146 = AXIS2_PLACEMENT_3D ( 'NONE', #375, #5133, #4669 ) ;
#4147 = CARTESIAN_POINT ( 'NONE',  ( 0.000000000000000000, 0.000000000000000000, 3.500000000000001332 ) ) ;
#4148 = AXIS2_PLACEMENT_3D ( 'NONE', #743, #2809, #792 ) ;
#4149 = EDGE_CURVE ( 'NONE', #3820, #333, #646, .T. ) ;
#4150 = EDGE_LOOP ( 'NONE', ( #2877, #1967, #5101, #2688 ) ) ;
#4151 = EDGE_LOOP ( 'NONE', ( #3714, #4772, #272, #430 ) ) ;
#4152 = CARTESIAN_POINT ( 'NONE',  ( 6.947186933499019723, 2.826056211611911451, -0.5833333333333341475 ) ) ;
#4153 = CARTESIAN_POINT ( 'NONE',  ( 0.000000000000000000, 1.215798726023513880E-15, -3.118500000000001382 ) ) ;
#4154 = DIRECTION ( 'NONE',  ( -0.7818314824680221431, -0.6234898018587432533, 0.000000000000000000 ) ) ;
#4155 = B_SPLINE_CURVE_WITH_KNOTS ( 'NONE', 3,
 ( #4152, #3444, #599, #1806, #259, #3765 ),
 .UNSPECIFIED., .F., .F.,
 ( 4, 2, 4 ),
 ( 2.035280482603450094E-07, 0.0005855209568278840326, 0.001170838385607507730 ),
 .UNSPECIFIED. ) ;
#4156 = FACE_OUTER_BOUND ( 'NONE', #1918, .T. ) ;
#4157 = CARTESIAN_POINT ( 'NONE',  ( -7.948259372748140983, 0.4631033172153775634, -0.3928810727415404380 ) ) ;
#4158 = ORIENTED_EDGE ( 'NONE', *, *, #100, .F. ) ;
#4159 = ADVANCED_FACE ( 'NONE', ( #1771 ), #985, .T. ) ;
#4160 = ORIENTED_EDGE ( 'NONE', *, *, #955, .F. ) ;
#4161 = FACE_OUTER_BOUND ( 'NONE', #979, .T. ) ;
#4162 = DIRECTION ( 'NONE',  ( 1.790913520579326732E-16, -2.245734522990332355E-16, 1.000000000000000000 ) ) ;
#4163 = CARTESIAN_POINT ( 'NONE',  ( -3.254128043381644630, -6.757266509268164079, 0.5833333333333313719 ) ) ;
#4164 = CARTESIAN_POINT ( 'NONE',  ( 0.000000000000000000, 7.961538461538457234, 2.120592687679978106 ) ) ;
#4165 = VERTEX_POINT ( 'NONE', #4929 ) ;
#4166 = CARTESIAN_POINT ( 'NONE',  ( 3.454382076820612824, -7.173098294453843948, -2.780187668922577666E-15 ) ) ;
#4167 = FACE_OUTER_BOUND ( 'NONE', #3914, .T. ) ;
#4168 = CARTESIAN_POINT ( 'NONE',  ( -2.220146480379988851, 7.645929724253488047, -0.3928809633436721183 ) ) ;
#4169 = ADVANCED_FACE ( 'NONE', ( #2974 ), #3996, .F. ) ;
#4170 = EDGE_LOOP ( 'NONE', ( #1510, #2614 ) ) ;
#4171 = EDGE_LOOP ( 'NONE', ( #3958, #374, #4983, #2774 ) ) ;
#4172 = SPHERICAL_SURFACE ( 'NONE', #4483, 1.901572311514110769 ) ;
#4173 = DIRECTION ( 'NONE',  ( -0.2225209339563182231, 0.9749279121818227312, 3.015560319726674269E-16 ) ) ;
#4174 = CARTESIAN_POINT ( 'NONE',  ( 4.301095606898975632, 6.144149784983621743, -0.5833333333333333703 ) ) ;
#4175 = CARTESIAN_POINT ( 'NONE',  ( -5.863736118510232131, 4.676173513940490523, -0.5833333333333339255 ) ) ;
#4176 = FACE_OUTER_BOUND ( 'NONE', #1754, .T. ) ;
#4177 = VERTEX_POINT ( 'NONE', #2195 ) ;
#4178 = ORIENTED_EDGE ( 'NONE', *, *, #3312, .T. ) ;
#4179 = CARTESIAN_POINT ( 'NONE',  ( 5.863736118510165518, 4.676173513940574011, -5.187285101250290518E-16 ) ) ;
#4180 = EDGE_CURVE ( 'NONE', #2593, #2071, #4892, .T. ) ;
#4181 = CARTESIAN_POINT ( 'NONE',  ( 0.000000000000000000, 0.000000000000000000, 0.5833333333333333703 ) ) ;
#4182 = CIRCLE ( 'NONE', #4847, 9.282051282051275720 ) ;
#4183 = DIRECTION ( 'NONE',  ( -0.000000000000000000, 1.000000000000000000, -0.000000000000000000 ) ) ;
#4184 = EDGE_CURVE ( 'NONE', #1260, #5065, #4233, .T. ) ;
#4185 = LINE ( 'NONE', #3366, #1820 ) ;
#4186 = VERTEX_POINT ( 'NONE', #2439 ) ;
#4187 = PLANE ( 'NONE',  #4951 ) ;
#4188 = FACE_OUTER_BOUND ( 'NONE', #3360, .T. ) ;
#4189 = EDGE_LOOP ( 'NONE', ( #4898, #841, #4041, #4099 ) ) ;
#4190 = ORIENTED_EDGE ( 'NONE', *, *, #3932, .T. ) ;
#4191 = CARTESIAN_POINT ( 'NONE',  ( -7.372637923028145579, 3.005046548472819712, 0.1955120260061222470 ) ) ;
#4192 = CARTESIAN_POINT ( 'NONE',  ( -3.454382076820513348, -7.173098294453891910, -1.844711225215979855 ) ) ;
#4193 = DIRECTION ( 'NONE',  ( 1.386866189581023883E-18, -3.869174503519971311E-16, 1.000000000000000000 ) ) ;
#4194 = CARTESIAN_POINT ( 'NONE',  ( 0.000000000000000000, 1.244731006653370051E-15, -3.276000000000001133 ) ) ;
#4195 = FACE_OUTER_BOUND ( 'NONE', #788, .T. ) ;
#4196 = EDGE_CURVE ( 'NONE', #4865, #1068, #2290, .T. ) ;
#4197 = ORIENTED_EDGE ( 'NONE', *, *, #226, .F. ) ;
#4198 = ORIENTED_EDGE ( 'NONE', *, *, #3358, .F. ) ;
#4199 = AXIS2_PLACEMENT_3D ( 'NONE', #2361, #4275, #371 ) ;
#4200 = DIRECTION ( 'NONE',  ( -0.7818314824680310249, 0.6234898018587320401, -6.916380135000592297E-17 ) ) ;
#4201 = CARTESIAN_POINT ( 'NONE',  ( 7.095815146745496627, 2.882129667111248850, 0.5833333333333323711 ) ) ;
#4202 = PLANE ( 'NONE',  #3477 ) ;
#4203 = CIRCLE ( 'NONE', #2895, 7.961538461538453681 ) ;
#4204 = EDGE_CURVE ( 'NONE', #4533, #4267, #1486, .T. ) ;
#4205 = CARTESIAN_POINT ( 'NONE',  ( 3.454382076820612824, -7.173098294453845725, 2.120592687679973665 ) ) ;
#4206 = FACE_OUTER_BOUND ( 'NONE', #4717, .T. ) ;
#4207 = AXIS2_PLACEMENT_3D ( 'NONE', #84, #2178, #106 ) ;
#4208 = AXIS2_PLACEMENT_3D ( 'NONE', #2111, #3286, #2506 ) ;
#4209 = EDGE_CURVE ( 'NONE', #4625, #3282, #3080, .T. ) ;
#4210 = VERTEX_POINT ( 'NONE', #637 ) ;
#4211 = CIRCLE ( 'NONE', #482, 9.282051282051275720 ) ;
#4212 = DIRECTION ( 'NONE',  ( 0.000000000000000000, -1.000000000000000000, -1.868900982405953608E-16 ) ) ;
#4213 = CIRCLE ( 'NONE', #222, 7.961538461538453681 ) ;
#4214 = CIRCLE ( 'NONE', #2652, 2.120592687679978106 ) ;
#4215 = CARTESIAN_POINT ( 'NONE',  ( -2.165736068126630443, 7.661310720612465985, 0.5833333333333335924 ) ) ;
#4216 = AXIS2_PLACEMENT_3D ( 'NONE', #4590, #1633, #1421 ) ;
#4217 = ORIENTED_EDGE ( 'NONE', *, *, #1899, .T. ) ;
#4218 = AXIS2_PLACEMENT_3D ( 'NONE', #3536, #1216, #411 ) ;
#4219 = EDGE_LOOP ( 'NONE', ( #3763, #1919 ) ) ;
#4220 = CARTESIAN_POINT ( 'NONE',  ( -6.504939219813885565, -3.733063859046592547, 0.1978186137273875711 ) ) ;
#4221 = AXIS2_PLACEMENT_3D ( 'NONE', #705, #1211, #740 ) ;
#4222 = CARTESIAN_POINT ( 'NONE',  ( 6.699258762453335514, -3.371932981791331052, -0.5833333333333353687 ) ) ;
#4223 = LINE ( 'NONE', #1000, #1747 ) ;
#4224 = SPHERICAL_SURFACE ( 'NONE', #1145, 1.901572311514117208 ) ;
#4225 = CIRCLE ( 'NONE', #1146, 1.901572311514117430 ) ;
#4226 = FACE_BOUND ( 'NONE', #2752, .T. ) ;
#4227 = EDGE_LOOP ( 'NONE', ( #1339, #4460, #5010, #4061 ) ) ;
#4228 = AXIS2_PLACEMENT_3D ( 'NONE', #3617, #2471, #30 ) ;
#4229 = ORGANIZATION ( 'UNSPECIFIED', 'UNSPECIFIED', '' ) ;
#4230 = ORIENTED_EDGE ( 'NONE', *, *, #1424, .F. ) ;
#4231 = FACE_OUTER_BOUND ( 'NONE', #4722, .T. ) ;
#4232 = CARTESIAN_POINT ( 'NONE',  ( 4.979876246353430069, -6.211837670573897796, -0.5833333333333357018 ) ) ;
#4233 = CIRCLE ( 'NONE', #2923, 7.499999999999998224 ) ;
#4234 = CARTESIAN_POINT ( 'NONE',  ( 0.000000000000000000, -4.349999999999988987, 3.500000000000001332 ) ) ;
#4235 = DIRECTION ( 'NONE',  ( -0.000000000000000000, -1.836970198721029441E-16, 1.000000000000000000 ) ) ;
#4236 = PLANE ( 'NONE',  #3239 ) ;
#4237 = EDGE_CURVE ( 'NONE', #4346, #2076, #2115, .T. ) ;
#4238 = ORIENTED_EDGE ( 'NONE', *, *, #4494, .F. ) ;
#4239 = PLANE ( 'NONE',  #3646 ) ;
#4240 = ADVANCED_FACE ( 'NONE', ( #663 ), #3489, .F. ) ;
#4241 = CARTESIAN_POINT ( 'NONE',  ( -1.372857368525041366, -7.842280109779170338, -0.5833333333333360349 ) ) ;
#4242 = EDGE_CURVE ( 'NONE', #3373, #2671, #2173, .T. ) ;
#4243 = VERTEX_POINT ( 'NONE', #3798 ) ;
#4244 = EDGE_LOOP ( 'NONE', ( #1304, #1558 ) ) ;
#4245 = DIRECTION ( 'NONE',  ( 0.000000000000000000, -1.000000000000000000, -1.978193437517413095E-16 ) ) ;
#4246 = DIRECTION ( 'NONE',  ( 0.000000000000000000, -1.000000000000000000, -1.836970198721029441E-16 ) ) ;
#4247 = CARTESIAN_POINT ( 'NONE',  ( 1.856431400286464584, 7.266873590822795492, 0.3937361966030396010 ) ) ;
#4248 = CARTESIAN_POINT ( 'NONE',  ( 2.165736068126628666, 7.661310720612465985, 0.5833333333333333703 ) ) ;
#4249 = DIRECTION ( 'NONE',  ( 0.6234898018587320401, 0.7818314824680310249, 2.660847932863009546E-16 ) ) ;
#4250 = EDGE_CURVE ( 'NONE', #3169, #789, #650, .T. ) ;
#4251 = CARTESIAN_POINT ( 'NONE',  ( 0.000000000000000000, 0.000000000000000000, 0.5833333333333333703 ) ) ;
#4252 = ORIENTED_EDGE ( 'NONE', *, *, #4926, .F. ) ;
#4253 = VERTEX_POINT ( 'NONE', #4257 ) ;
#4254 = CARTESIAN_POINT ( 'NONE',  ( -4.649350407733466103E-17, -2.037013509436035303E-16, 0.5833333333333333703 ) ) ;
#4255 = CARTESIAN_POINT ( 'NONE',  ( -5.030836094597317398, -6.170984423717551515, 0.3943737810124141041 ) ) ;
#4256 = DIRECTION ( 'NONE',  ( 1.790913520579321308E-16, 2.245734522990356514E-16, -1.000000000000000000 ) ) ;
#4257 = CARTESIAN_POINT ( 'NONE',  ( 6.861992612664384872, -1.566205035153992009, -2.120592687679980770 ) ) ;
#4258 = DIRECTION ( 'NONE',  ( 1.436201133715656092E-16, 6.916380135000592297E-17, -1.000000000000000000 ) ) ;
#4259 = CARTESIAN_POINT ( 'NONE',  ( 0.000000000000000000, 2.590024667794152575E-30, 3.499999999999987121 ) ) ;
#4260 = ADVANCED_FACE ( 'NONE', ( #270 ), #685, .F. ) ;
#4261 = CIRCLE ( 'NONE', #3704, 1.844711225215975636 ) ;
#4262 = ORIENTED_EDGE ( 'NONE', *, *, #3416, .F. ) ;
#4263 = DIRECTION ( 'NONE',  ( -0.000000000000000000, -1.836970198721029441E-16, 1.000000000000000000 ) ) ;
#4264 = EDGE_CURVE ( 'NONE', #4585, #4562, #2664, .T. ) ;
#4265 = DIRECTION ( 'NONE',  ( -0.000000000000000000, -1.836970198721029441E-16, 1.000000000000000000 ) ) ;
#4266 = B_SPLINE_CURVE_WITH_KNOTS ( 'NONE', 3,
 ( #4646, #1843, #2344, #1922, #3534, #3432 ),
 .UNSPECIFIED., .F., .F.,
 ( 4, 2, 4 ),
 ( 0.01117735868861034244, 0.01141294771241570770, 0.01164853673622107295 ),
 .UNSPECIFIED. ) ;
#4267 = VERTEX_POINT ( 'NONE', #4205 ) ;
#4268 = EDGE_CURVE ( 'NONE', #3260, #3094, #3338, .T. ) ;
#4269 = ORIENTED_EDGE ( 'NONE', *, *, #1030, .T. ) ;
#4270 = CARTESIAN_POINT ( 'NONE',  ( 8.054407794392206598E-16, 6.576923076923076650, -3.500000000000002665 ) ) ;
#4271 = PERSON_AND_ORGANIZATION_ROLE ( 'creator' ) ;
#4272 = DIRECTION ( 'NONE',  ( 0.000000000000000000, -1.000000000000000000, -2.059489058237307254E-16 ) ) ;
#4273 = CARTESIAN_POINT ( 'NONE',  ( 8.377839946674565218E-17, -4.034555078750226356E-17, 0.5833333333333333703 ) ) ;
#4274 = B_SPLINE_CURVE_WITH_KNOTS ( 'NONE', 3,
 ( #2981, #4558, #993, #3392, #1413, #2686 ),
 .UNSPECIFIED., .F., .F.,
 ( 4, 2, 4 ),
 ( 2.086319673475637946E-07, 0.0005915434850940111140, 0.001182878338220674612 ),
 .UNSPECIFIED. ) ;
#4275 = DIRECTION ( 'NONE',  ( 0.7818314824680221431, 0.6234898018587431423, -6.916380135000387687E-17 ) ) ;
#4276 = CIRCLE ( 'NONE', #4036, 8.423076923076914468 ) ;
#4277 = EDGE_LOOP ( 'NONE', ( #309, #4655 ) ) ;
#4278 = VERTEX_POINT ( 'NONE', #4955 ) ;
#4279 = ADVANCED_FACE ( 'NONE', ( #2684, #3025 ), #1069, .T. ) ;
#4280 = VERTEX_POINT ( 'NONE', #612 ) ;
#4281 = CARTESIAN_POINT ( 'NONE',  ( -7.228728460287516810, 2.969066835079329447, 0.5833333333333325932 ) ) ;
#4282 = CARTESIAN_POINT ( 'NONE',  ( 0.000000000000000000, 0.000000000000000000, 3.500000000000001332 ) ) ;
#4283 = DIRECTION ( 'NONE',  ( -0.000000000000000000, -1.836970198721029441E-16, 1.000000000000000000 ) ) ;
#4284 = CARTESIAN_POINT ( 'NONE',  ( -4.639539566350082467, 6.469989743950772088, 0.5833333333333331483 ) ) ;
#4285 = TOROIDAL_SURFACE ( 'NONE', #3873, 7.499999999999999112, 1.901572311514119207 ) ;
#4286 = CARTESIAN_POINT ( 'NONE',  ( -8.377839946674668756E-17, 7.500000000000000000, 0.5833333333333339255 ) ) ;
#4287 = CARTESIAN_POINT ( 'NONE',  ( 5.086953304663782482, -5.511161956009178908, 0.1978186137273872103 ) ) ;
#4288 = CARTESIAN_POINT ( 'NONE',  ( -5.502890818909601300, 4.388408990005689070, -4.868067556558107459E-16 ) ) ;
#4289 = ORIENTED_EDGE ( 'NONE', *, *, #499, .T. ) ;
#4290 = AXIS2_PLACEMENT_3D ( 'NONE', #4617, #5054, #3773 ) ;
#4291 = DIRECTION ( 'NONE',  ( 0.9009688679024216995, 0.4338837391175526803, 7.970314984685943651E-17 ) ) ;
#4292 = AXIS2_PLACEMENT_3D ( 'NONE', #2222, #3008, #4581 ) ;
#4293 = ORIENTED_EDGE ( 'NONE', *, *, #4304, .T. ) ;
#4294 = ORIENTED_EDGE ( 'NONE', *, *, #1791, .T. ) ;
#4295 = CARTESIAN_POINT ( 'NONE',  ( 5.502890818909538240, 4.388408990005767230, 1.844711225215974970 ) ) ;
#4296 = AXIS2_PLACEMENT_3D ( 'NONE', #4259, #3161, #5144 ) ;
#4297 = AXIS2_PLACEMENT_3D ( 'NONE', #2472, #825, #2763 ) ;
#4298 = DIRECTION ( 'NONE',  ( 0.6234898018587320401, -0.7818314824680310249, -1.436201133715656092E-16 ) ) ;
#4299 = DIRECTION ( 'NONE',  ( 0.6234898018587319291, 0.7818314824680310249, 1.198086688955197033E-16 ) ) ;
#4300 = DIRECTION ( 'NONE',  ( 0.000000000000000000, -1.000000000000000000, -1.971276677246372752E-16 ) ) ;
#4301 = AXIS2_PLACEMENT_3D ( 'NONE', #3991, #4012, #1612 ) ;
#4302 = CARTESIAN_POINT ( 'NONE',  ( 6.838936948546202821, 3.079404300495723668, -0.3937336164760126267 ) ) ;
#4303 = DIRECTION ( 'NONE',  ( 0.000000000000000000, -1.000000000000000000, -2.029135416122166087E-16 ) ) ;
#4304 = EDGE_CURVE ( 'NONE', #392, #217, #2727, .T. ) ;
#4305 = ORIENTED_EDGE ( 'NONE', *, *, #5048, .F. ) ;
#4306 = CIRCLE ( 'NONE', #4958, 7.499999999999998224 ) ;
#4307 = VERTEX_POINT ( 'NONE', #1897 ) ;
#4308 = AXIS2_PLACEMENT_3D ( 'NONE', #4175, #3404, #3747 ) ;
#4309 = ORIENTED_EDGE ( 'NONE', *, *, #496, .F. ) ;
#4310 = FACE_OUTER_BOUND ( 'NONE', #5051, .T. ) ;
#4311 = SPHERICAL_SURFACE ( 'NONE', #3409, 1.901572311514117208 ) ;
#4312 = CARTESIAN_POINT ( 'NONE',  ( 0.000000000000000000, 7.038461538461535660, 0.000000000000000000 ) ) ;
#4313 = FACE_OUTER_BOUND ( 'NONE', #2606, .T. ) ;
#4314 = AXIS2_PLACEMENT_3D ( 'NONE', #1946, #1079, #2680 ) ;
#4315 = EDGE_CURVE ( 'NONE', #217, #501, #4619, .T. ) ;
#4316 = CIRCLE ( 'NONE', #3410, 7.499999999999998224 ) ;
#4317 = EDGE_CURVE ( 'NONE', #3087, #25, #1635, .T. ) ;
#4318 = AXIS2_PLACEMENT_3D ( 'NONE', #92, #1683, #3284 ) ;
#4319 = CARTESIAN_POINT ( 'NONE',  ( 0.000000000000000000, 3.375432740149915033E-16, 1.662499999999988320 ) ) ;
#4320 = CARTESIAN_POINT ( 'NONE',  ( -5.863736118510165518, 4.676173513940574011, -5.417315706714441881E-15 ) ) ;
#4321 = DIRECTION ( 'NONE',  ( 0.000000000000000000, 0.000000000000000000, 1.000000000000000000 ) ) ;
#4322 = ORIENTED_EDGE ( 'NONE', *, *, #3129, .F. ) ;
#4323 = CARTESIAN_POINT ( 'NONE',  ( 4.870645880979757258, 6.297849107210537589, 0.1996067795145023971 ) ) ;
#4324 = DIRECTION ( 'NONE',  ( 0.000000000000000000, 0.000000000000000000, 1.000000000000000000 ) ) ;
#4325 = ORIENTED_EDGE ( 'NONE', *, *, #2340, .T. ) ;
#4326 = VERTEX_POINT ( 'NONE', #1056 ) ;
#4327 = CARTESIAN_POINT ( 'NONE',  ( 7.120834624374672295, -3.560871933586552185, 0.1996067795144990942 ) ) ;
#4328 = CARTESIAN_POINT ( 'NONE',  ( 3.254128043381644630, -6.757266509268164079, -7.517604565864314354E-15 ) ) ;
#4329 = CALENDAR_DATE ( 2026, 18, 1 ) ;
#4330 = FACE_OUTER_BOUND ( 'NONE', #2270, .T. ) ;
#4331 = CARTESIAN_POINT ( 'NONE',  ( 7.496667136224594685, 0.2235662321022809929, -0.1996209557216392372 ) ) ;
#4332 = ORIENTED_EDGE ( 'NONE', *, *, #235, .T. ) ;
#4333 = ADVANCED_FACE ( 'NONE', ( #1846 ), #884, .F. ) ;
#4334 = VERTEX_POINT ( 'NONE', #2663 ) ;
#4335 = B_SPLINE_CURVE_WITH_KNOTS ( 'NONE', 3,
 ( #1583, #2766, #3566, #4340, #827, #2394 ),
 .UNSPECIFIED., .F., .F.,
 ( 4, 2, 4 ),
 ( 2.035280482603537709E-07, 0.0005855209568278842494, 0.001170838385607508164 ),
 .UNSPECIFIED. ) ;
#4336 = VERTEX_POINT ( 'NONE', #3005 ) ;
#4337 = CARTESIAN_POINT ( 'NONE',  ( 7.485378982620445321, 0.4680827774486767678, 0.5833333333333322601 ) ) ;
#4338 = CARTESIAN_POINT ( 'NONE',  ( 1.209306557282110672, -7.401863120222803794, 0.5833333333333307058 ) ) ;
#4339 = FACE_OUTER_BOUND ( 'NONE', #4761, .T. ) ;
#4340 = CARTESIAN_POINT ( 'NONE',  ( 2.192309798598361503, 7.172431789578920025, 0.1936861211537727612 ) ) ;
#4341 = B_SPLINE_CURVE_WITH_KNOTS ( 'NONE', 3,
 ( #3554, #5126, #1999, #2360, #2832, #2442 ),
 .UNSPECIFIED., .F., .F.,
 ( 4, 2, 4 ),
 ( 2.035280482604580883E-07, 0.0005855209568278840326, 0.001170838385607507730 ),
 .UNSPECIFIED. ) ;
#4342 = EDGE_CURVE ( 'NONE', #2987, #3947, #5111, .T. ) ;
#4343 = CARTESIAN_POINT ( 'NONE',  ( 4.649350407733466103E-17, 2.037013509436035303E-16, -0.5833333333333333703 ) ) ;
#4344 = DIRECTION ( 'NONE',  ( 0.4338837391175651148, -0.9009688679024158153, 0.000000000000000000 ) ) ;
#4345 = DIRECTION ( 'NONE',  ( -0.9009688679024158153, -0.4338837391175651703, -7.970314984686171682E-17 ) ) ;
#4346 = VERTEX_POINT ( 'NONE', #712 ) ;
#4347 = EDGE_CURVE ( 'NONE', #4145, #3332, #3461, .T. ) ;
#4348 = CARTESIAN_POINT ( 'NONE',  ( 7.879117282573209202, 0.4391541430345692332, 0.5833333333333323711 ) ) ;
#4349 = EDGE_LOOP ( 'NONE', ( #1758, #3180, #46, #4305 ) ) ;
#4350 = ORIENTED_EDGE ( 'NONE', *, *, #319, .T. ) ;
#4351 = CIRCLE ( 'NONE', #606, 6.576923076923069544 ) ;
#4352 = CARTESIAN_POINT ( 'NONE',  ( -8.377839946674661360E-17, -4.034555078750345918E-17, 0.5833333333333333703 ) ) ;
#4353 = DIRECTION ( 'NONE',  ( -7.970314984685941186E-17, -3.492023159033202954E-16, 1.000000000000000000 ) ) ;
#4354 = DIRECTION ( 'NONE',  ( -0.000000000000000000, -1.836970198721029441E-16, 1.000000000000000000 ) ) ;
#4355 = CARTESIAN_POINT ( 'NONE',  ( -4.499304388691302670, 6.000521646439536561, 0.1996209557216369612 ) ) ;
#4356 = DIRECTION ( 'NONE',  ( -1.000000000000000000, 0.000000000000000000, 0.000000000000000000 ) ) ;
#4357 = ORIENTED_EDGE ( 'NONE', *, *, #1447, .T. ) ;
#4358 = EDGE_LOOP ( 'NONE', ( #530, #2893, #4645, #4667 ) ) ;
#4359 = VERTEX_POINT ( 'NONE', #380 ) ;
#4360 = FACE_OUTER_BOUND ( 'NONE', #3306, .T. ) ;
#4361 = DIRECTION ( 'NONE',  ( 0.000000000000000000, -0.000000000000000000, -1.000000000000000000 ) ) ;
#4362 = CARTESIAN_POINT ( 'NONE',  ( -1.286234014861580510, -7.708550767257610126, 0.5833333333333310389 ) ) ;
#4363 = EDGE_CURVE ( 'NONE', #298, #2409, #3963, .T. ) ;
#4364 = CARTESIAN_POINT ( 'NONE',  ( 5.863736118510232131, 4.676173513940490523, -5.417315706714456869E-15 ) ) ;
#4365 = DIRECTION ( 'NONE',  ( -0.9009688679024157043, -0.4338837391175651703, 4.276153006787361623E-17 ) ) ;
#4366 = DIRECTION ( 'NONE',  ( -1.790913520579321308E-16, -2.245734522990356514E-16, 1.000000000000000000 ) ) ;
#4367 = DIRECTION ( 'NONE',  ( 0.000000000000000000, 0.000000000000000000, 1.000000000000000000 ) ) ;
#4368 = AXIS2_PLACEMENT_3D ( 'NONE', #3769, #4945, #192 ) ;
#4369 = ADVANCED_FACE ( 'NONE', ( #3598, #5107 ), #352, .F. ) ;
#4370 = DIRECTION ( 'NONE',  ( 0.000000000000000000, 1.000000000000000000, 2.029135416122166087E-16 ) ) ;
#4371 = DIRECTION ( 'NONE',  ( 1.000000000000000000, 1.224646799147353207E-16, 2.249639673992786138E-32 ) ) ;
#4372 = EDGE_CURVE ( 'NONE', #4917, #3560, #2479, .T. ) ;
#4373 = ORIENTED_EDGE ( 'NONE', *, *, #4400, .F. ) ;
#4374 = AXIS2_PLACEMENT_3D ( 'NONE', #436, #4365, #2371 ) ;
#4375 = ORIENTED_EDGE ( 'NONE', *, *, #2990, .F. ) ;
#4376 = CARTESIAN_POINT ( 'NONE',  ( 8.377839946674565218E-17, -4.034555078750226356E-17, 0.5833333333333333703 ) ) ;
#4377 = CARTESIAN_POINT ( 'NONE',  ( -5.863736118510165518, 4.676173513940574011, -1.901572311514122759 ) ) ;
#4378 = DIRECTION ( 'NONE',  ( 1.000000000000000000, 0.000000000000000000, 0.000000000000000000 ) ) ;
#4379 = ORIENTED_EDGE ( 'NONE', *, *, #584, .T. ) ;
#4380 = CARTESIAN_POINT ( 'NONE',  ( 8.377839946674661360E-17, 4.034555078750345918E-17, -0.5833333333333333703 ) ) ;
#4381 = CARTESIAN_POINT ( 'NONE',  ( 0.000000000000000000, 0.000000000000000000, 3.500000000000001332 ) ) ;
#4382 = TOROIDAL_SURFACE ( 'NONE', #299, 1.417427986384464766, 0.8411054325275151289 ) ;
#4383 = ORIENTED_EDGE ( 'NONE', *, *, #4591, .T. ) ;
#4384 = CIRCLE ( 'NONE', #1052, 0.8411054325275147958 ) ;
#4385 = ORIENTED_EDGE ( 'NONE', *, *, #3129, .T. ) ;
#4386 = CLOSED_SHELL ( 'NONE', ( #526, #3722 ) ) ;
#4387 = ORIENTED_EDGE ( 'NONE', *, *, #2739, .T. ) ;
#4388 = CARTESIAN_POINT ( 'NONE',  ( 6.861992612664385760, -1.566205035153992453, -1.580651606566271952E-15 ) ) ;
#4389 = AXIS2_PLACEMENT_3D ( 'NONE', #1476, #664, #1031 ) ;
#4390 = DIRECTION ( 'NONE',  ( -0.2225209339563050670, -0.9749279121818258398, -1.734723475976807834E-16 ) ) ;
#4391 = DIRECTION ( 'NONE',  ( -0.2225209339563050670, -0.9749279121818257288, -2.223463086844486446E-16 ) ) ;
#4392 = CARTESIAN_POINT ( 'NONE',  ( 4.593589882008068059, 6.502939622853612711, 0.3928809633306139526 ) ) ;
#4393 = CIRCLE ( 'NONE', #2074, 7.499999999999998224 ) ;
#4394 = CIRCLE ( 'NONE', #2402, 8.549076923076906809 ) ;
#4395 = CIRCLE ( 'NONE', #2636, 0.03150000000000027778 ) ;
#4396 = CARTESIAN_POINT ( 'NONE',  ( -6.861992612664365332, -1.566205035154085268, -1.580651606566288913E-15 ) ) ;
#4397 = CARTESIAN_POINT ( 'NONE',  ( 0.000000000000000000, 6.429395695523659127E-17, 3.149999999999998135 ) ) ;
#4398 = DIRECTION ( 'NONE',  ( 0.000000000000000000, 0.000000000000000000, 1.000000000000000000 ) ) ;
#4399 = CIRCLE ( 'NONE', #2747, 1.844711225215976746 ) ;
#4400 = EDGE_CURVE ( 'NONE', #128, #1566, #4203, .T. ) ;
#4401 = AXIS2_PLACEMENT_3D ( 'NONE', #5092, #3469, #5040 ) ;
#4402 = LOCAL_TIME ( 16, 16, 49.00000000000000000, #3470 ) ;
#4403 = EDGE_CURVE ( 'NONE', #4897, #670, #4133, .T. ) ;
#4404 = AXIS2_PLACEMENT_3D ( 'NONE', #4819, #4764, #1374 ) ;
#4405 = DIRECTION ( 'NONE',  ( 0.000000000000000000, 1.000000000000000000, 1.836970198721029441E-16 ) ) ;
#4406 = ORIENTED_EDGE ( 'NONE', *, *, #3081, .T. ) ;
#4407 = ORIENTED_EDGE ( 'NONE', *, *, #4268, .F. ) ;
#4408 = DIRECTION ( 'NONE',  ( -1.000000000000000000, 0.000000000000000000, 0.000000000000000000 ) ) ;
#4409 = ADVANCED_FACE ( 'NONE', ( #3929, #2814 ), #1524, .T. ) ;
#4410 = PLANE ( 'NONE',  #2312 ) ;
#4411 = DATE_AND_TIME ( #3609, #2091 ) ;
#4412 = ORIENTED_EDGE ( 'NONE', *, *, #4620, .T. ) ;
#4413 = CARTESIAN_POINT ( 'NONE',  ( 8.377839946674565218E-17, -4.034555078750226356E-17, 0.5833333333333333703 ) ) ;
#4414 = DIRECTION ( 'NONE',  ( 0.7818314824680221431, 0.6234898018587431423, -6.916380135000387687E-17 ) ) ;
#4415 = ORIENTED_EDGE ( 'NONE', *, *, #2657, .F. ) ;
#4416 = EDGE_LOOP ( 'NONE', ( #1125, #145 ) ) ;
#4417 = ORIENTED_EDGE ( 'NONE', *, *, #1086, .T. ) ;
#4418 = CARTESIAN_POINT ( 'NONE',  ( 3.454382076820612824, -7.173098294453844836, 1.844711225215974082 ) ) ;
#4419 = EDGE_CURVE ( 'NONE', #3702, #3671, #1719, .T. ) ;
#4420 = CARTESIAN_POINT ( 'NONE',  ( 7.485378982620445321, 0.4680827774486774340, -0.5833333333333344806 ) ) ;
#4421 = CARTESIAN_POINT ( 'NONE',  ( 4.572796692799507845, 5.944706082416678861, 0.5833333333338400761 ) ) ;
#4422 = ORIENTED_EDGE ( 'NONE', *, *, #1757, .T. ) ;
#4423 = CARTESIAN_POINT ( 'NONE',  ( -6.907212130054009691, -3.814258241294473883, 0.5833333333333314830 ) ) ;
#4424 = DIRECTION ( 'NONE',  ( 1.000000000000000000, 6.230050782567023783E-15, 0.000000000000000000 ) ) ;
#4425 = FACE_OUTER_BOUND ( 'NONE', #2462, .T. ) ;
#4426 = CARTESIAN_POINT ( 'NONE',  ( 5.502890818909538240, 4.388408990005767230, -4.868067556557963492E-16 ) ) ;
#4427 = EDGE_CURVE ( 'NONE', #585, #943, #3721, .T. ) ;
#4428 = DIRECTION ( 'NONE',  ( 0.9749279121818257288, -0.2225209339563050392, -2.245734522990332355E-16 ) ) ;
#4429 = VERTEX_POINT ( 'NONE', #2431 ) ;
#4430 = ORIENTED_EDGE ( 'NONE', *, *, #4103, .F. ) ;
#4431 = DIRECTION ( 'NONE',  ( -0.000000000000000000, -1.836970198721029441E-16, 1.000000000000000000 ) ) ;
#4432 = DIRECTION ( 'NONE',  ( 1.790913520579321308E-16, 2.245734522990356514E-16, -1.000000000000000000 ) ) ;
#4433 = ORIENTED_EDGE ( 'NONE', *, *, #1447, .F. ) ;
#4434 = FACE_OUTER_BOUND ( 'NONE', #2176, .T. ) ;
#4435 = LINE ( 'NONE', #1207, #207 ) ;
#4436 = ORIENTED_EDGE ( 'NONE', *, *, #3230, .T. ) ;
#4437 = EDGE_CURVE ( 'NONE', #2837, #2047, #3547, .T. ) ;
#4438 = AXIS2_PLACEMENT_3D ( 'NONE', #3581, #466, #78 ) ;
#4439 = ORIENTED_EDGE ( 'NONE', *, *, #4466, .T. ) ;
#4440 = EDGE_LOOP ( 'NONE', ( #4593, #1205 ) ) ;
#4441 = FACE_BOUND ( 'NONE', #80, .T. ) ;
#4442 = FACE_BOUND ( 'NONE', #1943, .T. ) ;
#4443 = DIRECTION ( 'NONE',  ( -0.9749279121818227312, 0.2225209339563183342, 0.000000000000000000 ) ) ;
#4444 = DIRECTION ( 'NONE',  ( 1.790913520579321308E-16, 2.245734522990356514E-16, -1.000000000000000000 ) ) ;
#4445 = VERTEX_POINT ( 'NONE', #4780 ) ;
#4446 = EDGE_CURVE ( 'NONE', #4104, #2049, #1887, .T. ) ;
#4447 = ORIENTED_EDGE ( 'NONE', *, *, #4971, .T. ) ;
#4448 = CARTESIAN_POINT ( 'NONE',  ( -2.169065827450499029, 7.179663037924722602, -0.3916306432852094677 ) ) ;
#4449 = DIRECTION ( 'NONE',  ( 0.000000000000000000, 0.000000000000000000, 1.000000000000000000 ) ) ;
#4450 = DIRECTION ( 'NONE',  ( 1.772860102744135450E-16, -2.324831714633729258E-16, 1.000000000000000000 ) ) ;
#4451 = CARTESIAN_POINT ( 'NONE',  ( 0.000000000000000000, 4.114813245135171620E-17, 3.275999999999997581 ) ) ;
#4452 = ORIENTED_EDGE ( 'NONE', *, *, #81, .T. ) ;
#4453 = ORIENTED_EDGE ( 'NONE', *, *, #1713, .F. ) ;
#4454 = DIRECTION ( 'NONE',  ( -1.436201133715639576E-16, 6.916380135000387687E-17, -1.000000000000000000 ) ) ;
#4455 = EDGE_LOOP ( 'NONE', ( #1592, #754 ) ) ;
#4456 = DIRECTION ( 'NONE',  ( 0.000000000000000000, 1.000000000000000000, 1.836970198721029441E-16 ) ) ;
#4457 = LINE ( 'NONE', #4021, #3957 ) ;
#4458 = VERTEX_POINT ( 'NONE', #2397 ) ;
#4459 = CIRCLE ( 'NONE', #45, 8.423076923076912692 ) ;
#4460 = ORIENTED_EDGE ( 'NONE', *, *, #3735, .F. ) ;
#4461 = EDGE_LOOP ( 'NONE', ( #2654, #3741, #3711, #1596 ) ) ;
#4462 = PLANE ( 'NONE',  #1159 ) ;
#4463 = DIRECTION ( 'NONE',  ( 0.2225209339563050392, 0.9749279121818258398, 1.770339779227540479E-16 ) ) ;
#4464 = CARTESIAN_POINT ( 'NONE',  ( -1.372857368525041366, -7.842280109779170338, -0.5833333333333360349 ) ) ;
#4465 = TOROIDAL_SURFACE ( 'NONE', #800, 8.580576923076911555, 0.03150000000000000022 ) ;
#4466 = EDGE_CURVE ( 'NONE', #4091, #4429, #2560, .T. ) ;
#4467 = DIRECTION ( 'NONE',  ( 1.000000000000000000, 0.000000000000000000, 0.000000000000000000 ) ) ;
#4468 = CIRCLE ( 'NONE', #2984, 1.901572311514119207 ) ;
#4469 = ORIENTED_EDGE ( 'NONE', *, *, #574, .F. ) ;
#4470 = CARTESIAN_POINT ( 'NONE',  ( 4.503288681666676396, 6.386921893937579142, 0.5833333333333334814 ) ) ;
#4471 = AXIS2_PLACEMENT_3D ( 'NONE', #1381, #595, #2150 ) ;
#4472 = EDGE_CURVE ( 'NONE', #1278, #2040, #132, .T. ) ;
#4473 = DIRECTION ( 'NONE',  ( 0.000000000000000000, -1.000000000000000000, -1.978193437517411616E-16 ) ) ;
#4474 = CIRCLE ( 'NONE', #3478, 1.844711225215976746 ) ;
#4475 = EDGE_CURVE ( 'NONE', #3082, #2918, #2424, .T. ) ;
#4476 = AXIS2_PLACEMENT_3D ( 'NONE', #4065, #2846, #4906 ) ;
#4477 = AXIS2_PLACEMENT_3D ( 'NONE', #3098, #4283, #1213 ) ;
#4478 = EDGE_CURVE ( 'NONE', #739, #4267, #2144, .T. ) ;
#4479 = DIRECTION ( 'NONE',  ( 0.000000000000000000, 0.000000000000000000, 1.000000000000000000 ) ) ;
#4480 = DIRECTION ( 'NONE',  ( -0.000000000000000000, -1.836970198721029441E-16, 1.000000000000000000 ) ) ;
#4481 = ORIENTED_EDGE ( 'NONE', *, *, #1577, .F. ) ;
#4482 = ORIENTED_EDGE ( 'NONE', *, *, #3857, .T. ) ;
#4483 = AXIS2_PLACEMENT_3D ( 'NONE', #551, #2645, #1418 ) ;
#4484 = CARTESIAN_POINT ( 'NONE',  ( 0.000000000000000000, -8.423076923076910916, -1.662500000000009193 ) ) ;
#4485 = PERSON_AND_ORGANIZATION_ROLE ( 'design_supplier' ) ;
#4486 = EDGE_LOOP ( 'NONE', ( #2137, #1024, #4660, #113 ) ) ;
#4487 = DIRECTION ( 'NONE',  ( 0.000000000000000000, -1.000000000000000000, -2.021686293973286978E-16 ) ) ;
#4488 = ORIENTED_EDGE ( 'NONE', *, *, #1992, .F. ) ;
#4489 = ORIENTED_EDGE ( 'NONE', *, *, #2717, .T. ) ;
#4490 = LINE ( 'NONE', #4899, #2662 ) ;
#4491 = CARTESIAN_POINT ( 'NONE',  ( -7.311959341363692744, -1.668907004672287364, -1.901572311514123870 ) ) ;
#4492 = CARTESIAN_POINT ( 'NONE',  ( 0.000000000000000000, 8.673617379884035472E-16, -6.199629803572018347E-15 ) ) ;
#4493 = FACE_BOUND ( 'NONE', #2828, .T. ) ;
#4494 = EDGE_CURVE ( 'NONE', #2285, #4708, #4459, .T. ) ;
#4495 = VERTEX_POINT ( 'NONE', #3267 ) ;
#4496 = EDGE_LOOP ( 'NONE', ( #2759, #3507 ) ) ;
#4497 = CARTESIAN_POINT ( 'NONE',  ( 1.050817606368378066E-15, -8.580576923076909779, 3.468499999999985484 ) ) ;
#4498 = CARTESIAN_POINT ( 'NONE',  ( 0.000000000000000000, 0.000000000000000000, 0.5833333333333333703 ) ) ;
#4499 = EDGE_CURVE ( 'NONE', #1888, #997, #295, .T. ) ;
#4500 = CARTESIAN_POINT ( 'NONE',  ( 2.170828669567963942, 7.344710130577476903, 0.5833333333333332593 ) ) ;
#4501 = LINE ( 'NONE', #3321, #2459 ) ;
#4502 = EDGE_CURVE ( 'NONE', #1774, #385, #2169, .T. ) ;
#4503 = ORIENTED_EDGE ( 'NONE', *, *, #2454, .T. ) ;
#4504 = ORIENTED_EDGE ( 'NONE', *, *, #285, .F. ) ;
#4505 = SPHERICAL_SURFACE ( 'NONE', #1465, 1.901572311514110769 ) ;
#4506 = PERSON_AND_ORGANIZATION ( #4594, #4229 ) ;
#4507 = DIRECTION ( 'NONE',  ( 0.2225209339563050670, 0.9749279121818258398, 1.734723475976807834E-16 ) ) ;
#4508 = DIRECTION ( 'NONE',  ( -0.000000000000000000, -1.836970198721029441E-16, 1.000000000000000000 ) ) ;
#4509 = VERTEX_POINT ( 'NONE', #2534 ) ;
#4510 = EDGE_LOOP ( 'NONE', ( #917, #2131 ) ) ;
#4511 = CARTESIAN_POINT ( 'NONE',  ( 3.254128043381738333, -6.757266509268117893, -0.5833333333333360349 ) ) ;
#4512 = DIRECTION ( 'NONE',  ( 0.000000000000000000, -4.561287166080863615E-16, 1.000000000000000000 ) ) ;
#4513 = DIRECTION ( 'NONE',  ( 0.000000000000000000, 0.000000000000000000, 1.000000000000000000 ) ) ;
#4514 = CARTESIAN_POINT ( 'NONE',  ( -4.301095606900024571, 6.144149784982888107, 0.5833333333333331483 ) ) ;
#4515 = DIRECTION ( 'NONE',  ( 0.7818314824680309139, -0.6234898018587321511, 0.000000000000000000 ) ) ;
#4516 = EDGE_LOOP ( 'NONE', ( #928, #3130 ) ) ;
#4517 = VERTEX_POINT ( 'NONE', #2556 ) ;
#4518 = ADVANCED_FACE ( 'NONE', ( #4519 ), #4092, .T. ) ;
#4519 = FACE_OUTER_BOUND ( 'NONE', #1003, .T. ) ;
#4520 = DIRECTION ( 'NONE',  ( 0.000000000000000000, 1.836970198721029441E-16, -1.000000000000000000 ) ) ;
#4521 = CARTESIAN_POINT ( 'NONE',  ( 5.502890818909537352, 4.388408990005767230, -1.844711225215975858 ) ) ;
#4522 = FACE_OUTER_BOUND ( 'NONE', #1398, .T. ) ;
#4523 = EDGE_CURVE ( 'NONE', #2703, #2884, #1228, .T. ) ;
#4524 = ORIENTED_EDGE ( 'NONE', *, *, #3031, .T. ) ;
#4525 = B_SPLINE_CURVE_WITH_KNOTS ( 'NONE', 3,
 ( #42, #3935, #3911, #4735, #1987, #1638 ),
 .UNSPECIFIED., .F., .F.,
 ( 4, 2, 4 ),
 ( 2.056720466961480022E-07, 0.0005877628135819409948, 0.001175319955117185835 ),
 .UNSPECIFIED. ) ;
#4526 = EDGE_LOOP ( 'NONE', ( #3530, #888, #5017, #1991 ) ) ;
#4527 = DIRECTION ( 'NONE',  ( -0.9749279121818227312, -0.2225209339563182231, -2.245734522990356514E-16 ) ) ;
#4528 = SPHERICAL_SURFACE ( 'NONE', #4471, 1.901572311514110769 ) ;
#4529 = EDGE_CURVE ( 'NONE', #2198, #921, #1300, .T. ) ;
#4530 = DIRECTION ( 'NONE',  ( 0.6234898018587431423, -0.7818314824680221431, -1.445602896647339656E-16 ) ) ;
#4531 = EDGE_CURVE ( 'NONE', #4720, #3431, #930, .T. ) ;
#4532 = CIRCLE ( 'NONE', #793, 2.120592687679978106 ) ;
#4533 = VERTEX_POINT ( 'NONE', #2872 ) ;
#4534 = VERTEX_POINT ( 'NONE', #3703 ) ;
#4535 = DIRECTION ( 'NONE',  ( 0.7818314824680221431, 0.6234898018587430313, 0.000000000000000000 ) ) ;
#4536 = FACE_OUTER_BOUND ( 'NONE', #3368, .T. ) ;
#4537 = DIRECTION ( 'NONE',  ( 0.000000000000000000, 0.000000000000000000, 1.000000000000000000 ) ) ;
#4538 = FACE_OUTER_BOUND ( 'NONE', #4682, .T. ) ;
#4539 = B_SPLINE_CURVE_WITH_KNOTS ( 'NONE', 3,
 ( #4965, #4168, #2251, #1414, #3010, #4215 ),
 .UNSPECIFIED., .F., .F.,
 ( 4, 2, 4 ),
 ( 2.056720468478017869E-07, 0.0005877628135819007709, 0.001175319955116953599 ),
 .UNSPECIFIED. ) ;
#4540 = DIRECTION ( 'NONE',  ( 0.000000000000000000, 1.836970198721029441E-16, -1.000000000000000000 ) ) ;
#4541 = ORIENTED_EDGE ( 'NONE', *, *, #5110, .F. ) ;
#4542 = EDGE_LOOP ( 'NONE', ( #5074, #5039 ) ) ;
#4543 = AXIS2_PLACEMENT_3D ( 'NONE', #4575, #3455, #4997 ) ;
#4544 = CARTESIAN_POINT ( 'NONE',  ( -3.254128043381641522, -6.757266509268156973, -2.619017369274898961E-15 ) ) ;
#4545 = DIRECTION ( 'NONE',  ( 0.000000000000000000, 1.000000000000000000, 2.127511202203582866E-16 ) ) ;
#4546 = CIRCLE ( 'NONE', #2642, 1.844711225215975636 ) ;
#4547 = AXIS2_PLACEMENT_3D ( 'NONE', #4153, #2160, #3766 ) ;
#4548 = AXIS2_PLACEMENT_3D ( 'NONE', #4686, #261, #342 ) ;
#4549 = CARTESIAN_POINT ( 'NONE',  ( 8.377839946674661360E-17, 4.034555078750345918E-17, -0.5833333333333333703 ) ) ;
#4550 = AXIS2_PLACEMENT_3D ( 'NONE', #4071, #857, #933 ) ;
#4551 = DIRECTION ( 'NONE',  ( -0.7818314824680310249, 0.6234898018587320401, -6.916380135000592297E-17 ) ) ;
#4552 = ADVANCED_FACE ( 'NONE', ( #4063 ), #121, .T. ) ;
#4553 = CIRCLE ( 'NONE', #2405, 7.499999999999997335 ) ;
#4554 = AXIS2_PLACEMENT_3D ( 'NONE', #4570, #2060, #4944 ) ;
#4555 = ORIENTED_EDGE ( 'NONE', *, *, #516, .T. ) ;
#4556 = AXIS2_PLACEMENT_3D ( 'NONE', #458, #3264, #4830 ) ;
#4557 = CARTESIAN_POINT ( 'NONE',  ( -3.454382076820513348, -7.173098294453892798, -2.780187668922586344E-15 ) ) ;
#4558 = CARTESIAN_POINT ( 'NONE',  ( 1.855136465726826556, 7.742662927127422101, -0.3943750851858329187 ) ) ;
#4559 = AXIS2_PLACEMENT_3D ( 'NONE', #1866, #2784, #4693 ) ;
#4560 = DIRECTION ( 'NONE',  ( -0.9749279121818227312, -0.2225209339563182231, -2.245734522990356514E-16 ) ) ;
#4561 = AXIS2_PLACEMENT_3D ( 'NONE', #1165, #3901, #2764 ) ;
#4562 = VERTEX_POINT ( 'NONE', #460 ) ;
#4563 = AXIS2_PLACEMENT_3D ( 'NONE', #4549, #590, #3632 ) ;
#4564 = EDGE_CURVE ( 'NONE', #3359, #1302, #547, .T. ) ;
#4565 = ORIENTED_EDGE ( 'NONE', *, *, #3715, .F. ) ;
#4566 = CARTESIAN_POINT ( 'NONE',  ( 7.879117282573218084, 0.4391541430345659025, -0.5833333333333345916 ) ) ;
#4567 = APPROVAL_PERSON_ORGANIZATION ( #783, #2683, #5043 ) ;
#4568 = DIRECTION ( 'NONE',  ( -1.790913520579326732E-16, 2.245734522990332355E-16, -1.000000000000000000 ) ) ;
#4569 = DIRECTION ( 'NONE',  ( 0.000000000000000000, -1.000000000000000000, -1.836970198721029441E-16 ) ) ;
#4570 = CARTESIAN_POINT ( 'NONE',  ( 3.254128043381738333, -6.757266509268117893, 0.5833333333333308168 ) ) ;
#4571 = DIRECTION ( 'NONE',  ( 0.000000000000000000, -1.000000000000000000, -2.059489058237307254E-16 ) ) ;
#4572 = EDGE_LOOP ( 'NONE', ( #3013, #1368, #2299, #3146 ) ) ;
#4573 = EDGE_CURVE ( 'NONE', #161, #1880, #1913, .T. ) ;
#4574 = EDGE_LOOP ( 'NONE', ( #4047, #695, #1804, #4749 ) ) ;
#4575 = CARTESIAN_POINT ( 'NONE',  ( 4.649350407733599839E-17, -2.037013509436028154E-16, 0.5833333333333333703 ) ) ;
#4576 = DIRECTION ( 'NONE',  ( -0.2225209339563049837, -0.9749279121818257288, -1.797130033432795796E-16 ) ) ;
#4577 = CARTESIAN_POINT ( 'NONE',  ( -3.254128043381641522, -6.757266509268156085, -1.417427986384467431 ) ) ;
#4578 = DIRECTION ( 'NONE',  ( -0.9749279121818227312, -0.2225209339563182231, -2.245734522990356514E-16 ) ) ;
#4579 = EDGE_LOOP ( 'NONE', ( #1959, #2003, #3221, #276 ) ) ;
#4580 = EDGE_CURVE ( 'NONE', #3521, #4613, #280, .T. ) ;
#4581 = DIRECTION ( 'NONE',  ( 0.9749279121818227312, -0.2225209339563181954, 0.000000000000000000 ) ) ;
#4582 = ORIENTED_EDGE ( 'NONE', *, *, #2048, .T. ) ;
#4583 = CARTESIAN_POINT ( 'NONE',  ( -1.540636156465545525, -7.340057236383858097, -0.5833333333333358128 ) ) ;
#4584 = ORIENTED_EDGE ( 'NONE', *, *, #3230, .F. ) ;
#4585 = VERTEX_POINT ( 'NONE', #2928 ) ;
#4586 = DIRECTION ( 'NONE',  ( -0.9009688679024157043, -0.4338837391175651703, -5.990433444775986398E-17 ) ) ;
#4587 = DIRECTION ( 'NONE',  ( 7.970314984685941186E-17, 3.492023159033202954E-16, -1.000000000000000000 ) ) ;
#4588 = APPLICATION_CONTEXT ( 'configuration controlled 3d designs of mechanical parts and assemblies' ) ;
#4589 = CARTESIAN_POINT ( 'NONE',  ( 3.254128043381735669, -6.757266509268111676, -2.619017369274890678E-15 ) ) ;
#4590 = CARTESIAN_POINT ( 'NONE',  ( -8.377839946674661360E-17, -4.034555078750345918E-17, 0.5833333333333333703 ) ) ;
#4591 = EDGE_CURVE ( 'NONE', #3467, #3702, #3878, .T. ) ;
#4592 = ORIENTED_EDGE ( 'NONE', *, *, #2519, .F. ) ;
#4593 = ORIENTED_EDGE ( 'NONE', *, *, #2954, .T. ) ;
#4594 = PERSON ( 'UNSPECIFIED', 'UNSPECIFIED', 'UNSPECIFIED', ('UNSPECIFIED'), ('UNSPECIFIED'), ('UNSPECIFIED') ) ;
#4595 = DIRECTION ( 'NONE',  ( -0.000000000000000000, -1.836970198721029441E-16, 1.000000000000000000 ) ) ;
#4596 = CARTESIAN_POINT ( 'NONE',  ( 6.827525306865164012, -3.800276817349273806, -0.5833333333333354798 ) ) ;
#4597 = CARTESIAN_POINT ( 'NONE',  ( 5.327213576290973423E-16, 4.349999999999988987, 3.500000000000003109 ) ) ;
#4598 = EDGE_CURVE ( 'NONE', #1140, #4509, #3839, .T. ) ;
#4599 = AXIS2_PLACEMENT_3D ( 'NONE', #4147, #940, #3394 ) ;
#4600 = CARTESIAN_POINT ( 'NONE',  ( 0.000000000000000000, 0.000000000000000000, 3.500000000000001332 ) ) ;
#4601 = CARTESIAN_POINT ( 'NONE',  ( 6.827525306861450538, -3.800276817348613445, 0.5833333333333314830 ) ) ;
#4602 = VERTEX_POINT ( 'NONE', #2455 ) ;
#4603 = CARTESIAN_POINT ( 'NONE',  ( 6.699258762453335514, -3.371932981791331052, -0.5833333333333353687 ) ) ;
#4604 = DIRECTION ( 'NONE',  ( -0.2225209339563050670, -0.9749279121818258398, -1.734723475976807834E-16 ) ) ;
#4605 = ORIENTED_EDGE ( 'NONE', *, *, #5026, .T. ) ;
#4606 = ORIENTED_EDGE ( 'NONE', *, *, #4363, .T. ) ;
#4607 = CARTESIAN_POINT ( 'NONE',  ( 0.000000000000000000, -8.549076923076908585, 3.275999999999995804 ) ) ;
#4608 = CARTESIAN_POINT ( 'NONE',  ( -6.965677019537285020, 2.780602733481750022, -0.3916306432849991914 ) ) ;
#4609 = DIRECTION ( 'NONE',  ( -0.6234898018587431423, -0.7818314824680221431, -1.436201133715639576E-16 ) ) ;
#4610 = DIRECTION ( 'NONE',  ( 0.000000000000000000, -1.000000000000000000, -1.993935029858404074E-16 ) ) ;
#4611 = DIRECTION ( 'NONE',  ( 0.000000000000000000, 1.000000000000000000, 2.168404344971008868E-16 ) ) ;
#4612 = CIRCLE ( 'NONE', #2218, 1.901572311514117208 ) ;
#4613 = VERTEX_POINT ( 'NONE', #4032 ) ;
#4614 = VERTEX_POINT ( 'NONE', #4232 ) ;
#4615 = ADVANCED_FACE ( 'NONE', ( #1426, #4161 ), #1973, .T. ) ;
#4616 = DIRECTION ( 'NONE',  ( -1.000000000000000000, 0.000000000000000000, 0.000000000000000000 ) ) ;
#4617 = CARTESIAN_POINT ( 'NONE',  ( 0.000000000000000000, -7.499999999999998224, -7.577357452612791130E-15 ) ) ;
#4618 = DIRECTION ( 'NONE',  ( -0.4338837391175526248, -0.9009688679024218105, -3.492023159033202954E-16 ) ) ;
#4619 = CIRCLE ( 'NONE', #1803, 2.120592687679978106 ) ;
#4620 = EDGE_CURVE ( 'NONE', #4326, #3266, #2850, .T. ) ;
#4621 = DIRECTION ( 'NONE',  ( -0.4338837391175526248, -0.9009688679024218105, -3.492023159033201968E-16 ) ) ;
#4622 = DIRECTION ( 'NONE',  ( -0.2225209339563181954, 0.9749279121818227312, 1.734723475976807587E-16 ) ) ;
#4623 = TOROIDAL_SURFACE ( 'NONE', #2899, 7.499999999999999112, 1.901572311514119207 ) ;
#4624 = CIRCLE ( 'NONE', #3801, 1.901572311514117208 ) ;
#4625 = VERTEX_POINT ( 'NONE', #1445 ) ;
#4626 = AXIS2_PLACEMENT_3D ( 'NONE', #2460, #1253, #4037 ) ;
#4627 = EDGE_CURVE ( 'NONE', #4924, #4495, #1220, .T. ) ;
#4628 = CARTESIAN_POINT ( 'NONE',  ( 7.482316101236129668, 0.5170630626566983246, 0.3916088451972192241 ) ) ;
#4629 = AXIS2_PLACEMENT_3D ( 'NONE', #4758, #2035, #714 ) ;
#4630 = FACE_OUTER_BOUND ( 'NONE', #3893, .T. ) ;
#4631 = AXIS2_PLACEMENT_3D ( 'NONE', #1344, #948, #2551 ) ;
#4632 = ORIENTED_EDGE ( 'NONE', *, *, #2168, .F. ) ;
#4633 = AXIS2_PLACEMENT_3D ( 'NONE', #463, #2949, #4115 ) ;
#4634 = EDGE_LOOP ( 'NONE', ( #1509, #4439, #2100, #1015 ) ) ;
#4635 = DIRECTION ( 'NONE',  ( -0.000000000000000000, -1.836970198721029441E-16, 1.000000000000000000 ) ) ;
#4636 = DIRECTION ( 'NONE',  ( 0.000000000000000000, -2.350941779212229568E-16, 1.000000000000000000 ) ) ;
#4637 = DIRECTION ( 'NONE',  ( 8.659560562354804668E-17, 0.7071067811865369146, 0.7071067811865582309 ) ) ;
#4638 = CARTESIAN_POINT ( 'NONE',  ( -6.947186933488686655, 2.826056211607268054, 0.5833333333333327042 ) ) ;
#4639 = CARTESIAN_POINT ( 'NONE',  ( 6.838936598349663498, 3.079405061488486250, 0.3937361966030387128 ) ) ;
#4640 = AXIS2_PLACEMENT_3D ( 'NONE', #1710, #3403, #674 ) ;
#4641 = CARTESIAN_POINT ( 'NONE',  ( -1.887013452237055189, 7.734680013172751778, 0.2000208454323498253 ) ) ;
#4642 = ORIENTED_EDGE ( 'NONE', *, *, #4149, .T. ) ;
#4643 = CIRCLE ( 'NONE', #3331, 10.99999999999999467 ) ;
#4644 = CIRCLE ( 'NONE', #156, 1.844711225215975636 ) ;
#4645 = ORIENTED_EDGE ( 'NONE', *, *, #4204, .T. ) ;
#4646 = CARTESIAN_POINT ( 'NONE',  ( -2.122000487175905281, 7.193546686609130880, 0.5833333333333335924 ) ) ;
#4647 = CARTESIAN_POINT ( 'NONE',  ( -7.878505456584684374, 0.4394303661066747968, 0.5833333333333321491 ) ) ;
#4648 = ADVANCED_FACE ( 'NONE', ( #3043 ), #587, .T. ) ;
#4649 = EDGE_CURVE ( 'NONE', #4141, #1284, #2976, .T. ) ;
#4650 = AXIS2_PLACEMENT_3D ( 'NONE', #5150, #1594, #2952 ) ;
#4651 = CARTESIAN_POINT ( 'NONE',  ( 6.224581418110788356, 4.963938037875375464, 1.844711225215976302 ) ) ;
#4652 = CARTESIAN_POINT ( 'NONE',  ( 0.000000000000000000, 7.961538461538457234, 0.000000000000000000 ) ) ;
#4653 = CARTESIAN_POINT ( 'NONE',  ( -5.275378915476219177, -5.962924783418372066, 0.5833333333333309279 ) ) ;
#4654 = EDGE_CURVE ( 'NONE', #3922, #4458, #4999, .T. ) ;
#4655 = ORIENTED_EDGE ( 'NONE', *, *, #2215, .T. ) ;
#4656 = DIRECTION ( 'NONE',  ( 0.000000000000000000, 0.000000000000000000, 1.000000000000000000 ) ) ;
#4657 = CARTESIAN_POINT ( 'NONE',  ( -5.338428130270058247, -5.906545504819423975, 0.1989909119326579712 ) ) ;
#4658 = EDGE_CURVE ( 'NONE', #161, #1047, #3350, .T. ) ;
#4659 = ORIENTED_EDGE ( 'NONE', *, *, #3953, .F. ) ;
#4660 = ORIENTED_EDGE ( 'NONE', *, *, #995, .F. ) ;
#4661 = CARTESIAN_POINT ( 'NONE',  ( -6.987304052843425595, -3.816238560115880585, -0.5833333333333352577 ) ) ;
#4662 = FACE_OUTER_BOUND ( 'NONE', #1236, .T. ) ;
#4663 = DATE_AND_TIME ( #4766, #4402 ) ;
#4664 = CARTESIAN_POINT ( 'NONE',  ( 7.961512308955458472, 0.02040658978910746615, 0.5833333333333322601 ) ) ;
#4665 = CARTESIAN_POINT ( 'NONE',  ( -3.254128043381738333, -6.757266509268117893, -7.517604565864306465E-15 ) ) ;
#4666 = FACE_BOUND ( 'NONE', #2730, .T. ) ;
#4667 = ORIENTED_EDGE ( 'NONE', *, *, #4478, .F. ) ;
#4668 = ORIENTED_EDGE ( 'NONE', *, *, #1481, .T. ) ;
#4669 = DIRECTION ( 'NONE',  ( 0.9009688679024218105, -0.4338837391175526803, -8.673617379884037937E-17 ) ) ;
#4670 = CARTESIAN_POINT ( 'NONE',  ( 0.000000000000000000, 1.221585182149485509E-15, -3.150000000000004352 ) ) ;
#4671 = CARTESIAN_POINT ( 'NONE',  ( 6.224581418110789244, 4.963938037875375464, 2.120592687679976329 ) ) ;
#4672 = SPHERICAL_SURFACE ( 'NONE', #3398, 1.901572311514117208 ) ;
#4673 = EDGE_CURVE ( 'NONE', #3663, #4509, #2639, .T. ) ;
#4674 = CARTESIAN_POINT ( 'NONE',  ( 1.289467731118693505, -7.856422065607526761, 0.1989909119326578602 ) ) ;
#4675 = CARTESIAN_POINT ( 'NONE',  ( 8.377839946674565218E-17, -4.034555078750226356E-17, 0.5833333333333333703 ) ) ;
#4676 = CARTESIAN_POINT ( 'NONE',  ( 1.791498108671232714, 7.757359679761116844, -0.5833333333333333703 ) ) ;
#4677 = ORIENTED_EDGE ( 'NONE', *, *, #2561, .F. ) ;
#4678 = EDGE_CURVE ( 'NONE', #2285, #3939, #1385, .T. ) ;
#4679 = DIRECTION ( 'NONE',  ( 0.6234898018587320401, 0.7818314824680310249, 1.445602896647339656E-16 ) ) ;
#4680 = VECTOR ( 'NONE', #1988, 1000.000000000000000 ) ;
#4681 = DIRECTION ( 'NONE',  ( -0.9009688679024157043, -0.4338837391175651703, -1.979068330808127685E-16 ) ) ;
#4682 = EDGE_LOOP ( 'NONE', ( #2477, #1934, #4026, #3678 ) ) ;
#4683 = EDGE_LOOP ( 'NONE', ( #3352, #4871 ) ) ;
#4684 = CARTESIAN_POINT ( 'NONE',  ( 7.135731503302028322, -3.531528907196678890, -0.3943750851858349171 ) ) ;
#4685 = EDGE_CURVE ( 'NONE', #2853, #2512, #2925, .T. ) ;
#4686 = CARTESIAN_POINT ( 'NONE',  ( 7.311959341363686526, -1.668907004672286032, -1.417427986384466543 ) ) ;
#4687 = CARTESIAN_POINT ( 'NONE',  ( 0.000000000000000000, 0.000000000000000000, 3.500000000000001332 ) ) ;
#4688 = DIRECTION ( 'NONE',  ( -0.000000000000000000, -1.836970198721029441E-16, 1.000000000000000000 ) ) ;
#4689 = ADVANCED_FACE ( 'NONE', ( #2608 ), #2656, .F. ) ;
#4690 = EDGE_LOOP ( 'NONE', ( #736, #4826, #718, #3968 ) ) ;
#4691 = ORIENTED_EDGE ( 'NONE', *, *, #4342, .T. ) ;
#4692 = ORIENTED_EDGE ( 'NONE', *, *, #1408, .F. ) ;
#4693 = DIRECTION ( 'NONE',  ( 1.000000000000000000, 0.000000000000000000, 0.000000000000000000 ) ) ;
#4694 = CARTESIAN_POINT ( 'NONE',  ( 2.220146449128240995, 7.645929733087913682, -0.3928810727415390502 ) ) ;
#4695 = CARTESIAN_POINT ( 'NONE',  ( 1.044699553671274050E-16, -1.310011805077694202E-16, 0.5833333333333333703 ) ) ;
#4696 = DIRECTION ( 'NONE',  ( 0.4338837391175651703, -0.9009688679024157043, -3.492023159033191121E-16 ) ) ;
#4697 = AXIS2_PLACEMENT_3D ( 'NONE', #2443, #3669, #3257 ) ;
#4698 = CARTESIAN_POINT ( 'NONE',  ( 0.000000000000000000, 9.483358650897330251E-16, -1.662500000000007638 ) ) ;
#4699 = CARTESIAN_POINT ( 'NONE',  ( 4.849050149956201317, -5.721600532604140810, 0.1975851869304234287 ) ) ;
#4700 = PLANE ( 'NONE',  #3886 ) ;
#4701 = AXIS2_PLACEMENT_3D ( 'NONE', #1007, #291, #2585 ) ;
#4702 = VERTEX_POINT ( 'NONE', #1399 ) ;
#4703 = AXIS2_PLACEMENT_3D ( 'NONE', #3254, #3941, #4792 ) ;
#4704 = CARTESIAN_POINT ( 'NONE',  ( 7.644319603925800344, 0.4820353257836089145, 0.5833333333333322601 ) ) ;
#4705 = ADVANCED_FACE ( 'NONE', ( #660 ), #4978, .F. ) ;
#4706 = CARTESIAN_POINT ( 'NONE',  ( 4.979876246353430069, -6.211837670573897796, 0.5833333333333311499 ) ) ;
#4707 = CONICAL_SURFACE ( 'NONE', #3390, 10.99999999999999645, 0.7853981633974334020 ) ;
#4708 = VERTEX_POINT ( 'NONE', #2265 ) ;
#4709 = EDGE_LOOP ( 'NONE', ( #1805, #1264, #1286, #4433 ) ) ;
#4710 = DIRECTION ( 'NONE',  ( 0.000000000000000000, -1.000000000000000000, -1.868900982405953608E-16 ) ) ;
#4711 = CLOSED_SHELL ( 'NONE', ( #2024, #837 ) ) ;
#4712 = DIRECTION ( 'NONE',  ( -0.4338837391175526248, -0.9009688679024218105, -3.492023159033201968E-16 ) ) ;
#4713 = DIRECTION ( 'NONE',  ( -0.000000000000000000, -1.836970198721029441E-16, 1.000000000000000000 ) ) ;
#4714 = AXIS2_PLACEMENT_3D ( 'NONE', #1718, #1751, #2559 ) ;
#4715 = CARTESIAN_POINT ( 'NONE',  ( -1.044699553671270845E-16, -1.310011805077708007E-16, 0.5833333333333333703 ) ) ;
#4716 = DIRECTION ( 'NONE',  ( -0.000000000000000000, -0.000000000000000000, -1.000000000000000000 ) ) ;
#4717 = EDGE_LOOP ( 'NONE', ( #2835, #2584, #1985, #4447 ) ) ;
#4718 = CIRCLE ( 'NONE', #3736, 7.961538461538453681 ) ;
#4719 = EDGE_CURVE ( 'NONE', #4897, #1648, #4056, .T. ) ;
#4720 = VERTEX_POINT ( 'NONE', #3565 ) ;
#4721 = CIRCLE ( 'NONE', #1315, 1.901572311514117208 ) ;
#4722 = EDGE_LOOP ( 'NONE', ( #1032, #472, #669, #2539 ) ) ;
#4723 = CARTESIAN_POINT ( 'NONE',  ( -7.096520856084759465, 2.882496521120619715, 0.5833333333333328152 ) ) ;
#4724 = CIRCLE ( 'NONE', #3905, 7.499999999999998224 ) ;
#4725 = CARTESIAN_POINT ( 'NONE',  ( 3.454382076820612824, -7.173098294453843948, -2.780187668922577666E-15 ) ) ;
#4726 = CARTESIAN_POINT ( 'NONE',  ( -7.761926070062968641, -1.771608974190686858, 1.844711225215974970 ) ) ;
#4727 = CARTESIAN_POINT ( 'NONE',  ( 0.000000000000000000, 1.221585182149485114E-15, -3.150000000000001688 ) ) ;
#4728 = AXIS2_PLACEMENT_3D ( 'NONE', #290, #5077, #1497 ) ;
#4729 = SECURITY_CLASSIFICATION ( '', '', #2020 ) ;
#4730 = ADVANCED_FACE ( 'NONE', ( #5136 ), #1582, .T. ) ;
#4731 = DIRECTION ( 'NONE',  ( 0.000000000000000000, 1.836970198721029441E-16, -1.000000000000000000 ) ) ;
#4732 = DIRECTION ( 'NONE',  ( 0.6234898018587431423, 0.7818314824680221431, 1.436201133715639576E-16 ) ) ;
#4733 = DIRECTION ( 'NONE',  ( -0.6234898018587431423, 0.7818314824680221431, 1.436201133715639576E-16 ) ) ;
#4734 = ORIENTED_EDGE ( 'NONE', *, *, #4910, .F. ) ;
#4735 = CARTESIAN_POINT ( 'NONE',  ( -6.946204555682938597, -3.890544559977534345, 0.1955120260062160331 ) ) ;
#4736 = CARTESIAN_POINT ( 'NONE',  ( -1.317161716783629810, -7.852030104018086654, -0.3928809633436478044 ) ) ;
#4737 = ADVANCED_FACE ( 'NONE', ( #4776 ), #3162, .F. ) ;
#4738 = ORIENTED_EDGE ( 'NONE', *, *, #2519, .T. ) ;
#4739 = ORIENTED_EDGE ( 'NONE', *, *, #202, .T. ) ;
#4740 = CARTESIAN_POINT ( 'NONE',  ( -1.687995340218502172, -7.780811798326920936, 0.3943750851858309203 ) ) ;
#4741 = FACE_OUTER_BOUND ( 'NONE', #2831, .T. ) ;
#4742 = DIRECTION ( 'NONE',  ( -1.436201133715656092E-16, -6.916380135000592297E-17, 1.000000000000000000 ) ) ;
#4743 = FACE_BOUND ( 'NONE', #4516, .T. ) ;
#4744 = CARTESIAN_POINT ( 'NONE',  ( 7.497772747007672933, 0.1928552908177692815, -0.3937361966030415994 ) ) ;
#4745 = CARTESIAN_POINT ( 'NONE',  ( -4.639539566350082467, 6.469989743950772088, -0.5833333333333335924 ) ) ;
#4746 = EDGE_LOOP ( 'NONE', ( #1676, #266, #1160, #2500 ) ) ;
#4747 = EDGE_CURVE ( 'NONE', #1140, #4517, #3796, .T. ) ;
#4748 = ORIENTED_EDGE ( 'NONE', *, *, #2823, .F. ) ;
#4749 = ORIENTED_EDGE ( 'NONE', *, *, #4753, .F. ) ;
#4750 = DIRECTION ( 'NONE',  ( 1.224646799147352961E-16, 1.000000000000000000, 0.000000000000000000 ) ) ;
#4751 = FACE_BOUND ( 'NONE', #2248, .T. ) ;
#4752 = FACE_BOUND ( 'NONE', #959, .T. ) ;
#4753 = EDGE_CURVE ( 'NONE', #3922, #1119, #1155, .T. ) ;
#4754 = CARTESIAN_POINT ( 'NONE',  ( 3.053874009942861623, -6.341434724082385621, 1.844711225215973194 ) ) ;
#4755 = CARTESIAN_POINT ( 'NONE',  ( 0.000000000000000000, 2.551857176313087505E-30, 3.499999999999987121 ) ) ;
#4756 = EDGE_CURVE ( 'NONE', #4132, #2531, #3740, .T. ) ;
#4757 = DIRECTION ( 'NONE',  ( 0.7818314824680221431, 0.6234898018587431423, -6.916380135000387687E-17 ) ) ;
#4758 = CARTESIAN_POINT ( 'NONE',  ( 7.311959341363692744, -1.668907004672287808, -0.5833333333333345916 ) ) ;
#4759 = CARTESIAN_POINT ( 'NONE',  ( 7.563700699630105717, 0.4808071203319838061, 0.5833333333333323711 ) ) ;
#4760 = DIRECTION ( 'NONE',  ( 0.000000000000000000, -2.350941779212228089E-16, 1.000000000000000000 ) ) ;
#4761 = EDGE_LOOP ( 'NONE', ( #678, #2444, #3249, #358 ) ) ;
#4762 = ORIENTED_EDGE ( 'NONE', *, *, #2475, .T. ) ;
#4763 = AXIS2_PLACEMENT_3D ( 'NONE', #1276, #3192, #4760 ) ;
#4764 = DIRECTION ( 'NONE',  ( -7.970314984686170449E-17, 3.492023159033191121E-16, -1.000000000000000000 ) ) ;
#4765 = CARTESIAN_POINT ( 'NONE',  ( 5.863736118510165518, 4.676173513940574011, -5.187285101250290518E-16 ) ) ;
#4766 = CALENDAR_DATE ( 2026, 18, 1 ) ;
#4767 = ORIENTED_EDGE ( 'NONE', *, *, #2317, .T. ) ;
#4768 = DIRECTION ( 'NONE',  ( 0.000000000000000000, 0.000000000000000000, 1.000000000000000000 ) ) ;
#4769 = DIRECTION ( 'NONE',  ( -0.4338837391175526248, -0.9009688679024218105, -3.492023159033201968E-16 ) ) ;
#4770 = CC_DESIGN_PERSON_AND_ORGANIZATION_ASSIGNMENT ( #4506, #3277, ( #4729 ) ) ;
#4771 = ORIENTED_EDGE ( 'NONE', *, *, #4854, .F. ) ;
#4772 = ORIENTED_EDGE ( 'NONE', *, *, #3451, .T. ) ;
#4773 = VERTEX_POINT ( 'NONE', #3510 ) ;
#4774 = DIRECTION ( 'NONE',  ( 0.000000000000000000, -1.000000000000000000, -3.594260066865591592E-16 ) ) ;
#4775 = LINE ( 'NONE', #5135, #1134 ) ;
#4776 = FACE_OUTER_BOUND ( 'NONE', #134, .T. ) ;
#4777 = CARTESIAN_POINT ( 'NONE',  ( 4.593589908402712751, 6.502939603926457757, -0.3928810727441130468 ) ) ;
#4778 = EDGE_CURVE ( 'NONE', #4145, #4614, #3329, .T. ) ;
#4779 = ADVANCED_FACE ( 'NONE', ( #3619, #4752 ), #5104, .F. ) ;
#4780 = CARTESIAN_POINT ( 'NONE',  ( 7.311959341363670539, -1.668907004672387062, 1.901572311514110769 ) ) ;
#4781 = CARTESIAN_POINT ( 'NONE',  ( 4.825565828034041438, -5.741750941255824969, 0.3937336164760094070 ) ) ;
#4782 = CARTESIAN_POINT ( 'NONE',  ( 1.136723439208568228E-15, 9.282051282051277497, 3.500000000000003109 ) ) ;
#4783 = CIRCLE ( 'NONE', #464, 0.03149999999999984757 ) ;
#4784 = EDGE_CURVE ( 'NONE', #921, #2198, #3405, .T. ) ;
#4785 = FACE_OUTER_BOUND ( 'NONE', #3134, .T. ) ;
#4786 = CARTESIAN_POINT ( 'NONE',  ( 0.000000000000000000, 4.349999999999988987, -3.500000000000003109 ) ) ;
#4787 = ADVANCED_FACE ( 'NONE', ( #4339 ), #1188, .F. ) ;
#4788 = EDGE_LOOP ( 'NONE', ( #404, #165, #598, #3381 ) ) ;
#4789 = AXIS2_PLACEMENT_3D ( 'NONE', #4319, #1552, #2348 ) ;
#4790 = EDGE_LOOP ( 'NONE', ( #922, #2939, #3921, #4659 ) ) ;
#4791 = PLANE ( 'NONE',  #4563 ) ;
#4792 = DIRECTION ( 'NONE',  ( 0.000000000000000000, -1.000000000000000000, -2.059489058237307254E-16 ) ) ;
#4793 = EDGE_LOOP ( 'NONE', ( #3835, #1313, #4262, #3202 ) ) ;
#4794 = CARTESIAN_POINT ( 'NONE',  ( -7.961344900086464449, 0.08572018627572396132, 0.3943737810124153254 ) ) ;
#4795 = DIRECTION ( 'NONE',  ( -1.790913520579326732E-16, 2.245734522990332355E-16, -1.000000000000000000 ) ) ;
#4796 = AXIS2_PLACEMENT_3D ( 'NONE', #1876, #1432, #3084 ) ;
#4797 = ORIENTED_EDGE ( 'NONE', *, *, #1605, .F. ) ;
#4798 = VERTEX_POINT ( 'NONE', #4671 ) ;
#4799 = EDGE_LOOP ( 'NONE', ( #1531, #2128, #2262, #4481 ) ) ;
#4800 = CARTESIAN_POINT ( 'NONE',  ( -7.761926070062968641, -1.771608974190685526, -2.120592687679978994 ) ) ;
#4801 = CIRCLE ( 'NONE', #2400, 7.499999999999997335 ) ;
#4802 = FACE_OUTER_BOUND ( 'NONE', #173, .T. ) ;
#4803 = CARTESIAN_POINT ( 'NONE',  ( 8.054407794392202654E-16, 6.576923076923072209, 1.662499999999989653 ) ) ;
#4804 = DIRECTION ( 'NONE',  ( -0.9749279121818257288, 0.2225209339563050948, 0.000000000000000000 ) ) ;
#4805 = AXIS2_PLACEMENT_3D ( 'NONE', #5056, #3153, #3099 ) ;
#4806 = CIRCLE ( 'NONE', #723, 7.499999999999998224 ) ;
#4807 = ADVANCED_FACE ( 'NONE', ( #2392 ), #3595, .F. ) ;
#4808 = CIRCLE ( 'NONE', #2163, 0.8411054325275147958 ) ;
#4809 = DIRECTION ( 'NONE',  ( -0.9009688679024218105, 0.4338837391175526248, 8.170798981050185971E-17 ) ) ;
#4810 = TOROIDAL_SURFACE ( 'NONE', #1060, 4.262500000000000178, 0.2624999999999999556 ) ;
#4811 = CARTESIAN_POINT ( 'NONE',  ( -5.502890818909600412, 4.388408990005688182, -4.868067556558107459E-16 ) ) ;
#4812 = CARTESIAN_POINT ( 'NONE',  ( -6.861992612664365332, -1.566205035154085934, 1.844711225215974082 ) ) ;
#4813 = CIRCLE ( 'NONE', #1410, 6.576923076923072209 ) ;
#4814 = DIRECTION ( 'NONE',  ( -1.790913520579326732E-16, 2.245734522990332355E-16, -1.000000000000000000 ) ) ;
#4815 = EDGE_CURVE ( 'NONE', #3007, #1140, #4724, .T. ) ;
#4816 = CARTESIAN_POINT ( 'NONE',  ( -4.649350407733466103E-17, -2.037013509436035303E-16, 0.5833333333333333703 ) ) ;
#4817 = ORIENTED_EDGE ( 'NONE', *, *, #2533, .F. ) ;
#4818 = VERTEX_POINT ( 'NONE', #32 ) ;
#4819 = CARTESIAN_POINT ( 'NONE',  ( 4.649350407733599839E-17, -2.037013509436028154E-16, 0.5833333333333333703 ) ) ;
#4820 = DIRECTION ( 'NONE',  ( 0.000000000000000000, 1.836970198721029441E-16, -1.000000000000000000 ) ) ;
#4821 = ORIENTED_EDGE ( 'NONE', *, *, #778, .F. ) ;
#4822 = CARTESIAN_POINT ( 'NONE',  ( -4.572796692799458107, 5.944706082416717052, -0.5833333333333335924 ) ) ;
#4823 = ADVANCED_FACE ( 'NONE', ( #766 ), #2914, .T. ) ;
#4824 = CARTESIAN_POINT ( 'NONE',  ( -3.053874009942772805, -6.341434724082428254, -2.457847069627214340E-15 ) ) ;
#4825 = ORIENTED_EDGE ( 'NONE', *, *, #4016, .T. ) ;
#4826 = ORIENTED_EDGE ( 'NONE', *, *, #2701, .T. ) ;
#4827 = ORIENTED_EDGE ( 'NONE', *, *, #4242, .F. ) ;
#4828 = DIRECTION ( 'NONE',  ( -1.790913520579326732E-16, 2.245734522990332355E-16, -1.000000000000000000 ) ) ;
#4829 = PLANE ( 'NONE',  #908 ) ;
#4830 = DIRECTION ( 'NONE',  ( 0.000000000000000000, 1.000000000000000000, 2.021686293973287471E-16 ) ) ;
#4831 = ORIENTED_EDGE ( 'NONE', *, *, #4815, .T. ) ;
#4832 = VERTEX_POINT ( 'NONE', #3535 ) ;
#4833 = CARTESIAN_POINT ( 'NONE',  ( 4.649350407733599839E-17, -2.037013509436028154E-16, 0.5833333333333333703 ) ) ;
#4834 = DIRECTION ( 'NONE',  ( -0.6234898018587319291, 0.7818314824680311359, 1.436201133715656092E-16 ) ) ;
#4835 = DIRECTION ( 'NONE',  ( -0.000000000000000000, -1.836970198721029441E-16, 1.000000000000000000 ) ) ;
#4836 = B_SPLINE_CURVE_WITH_KNOTS ( 'NONE', 3,
 ( #4010, #2161, #4130, #973, #3017, #3237 ),
 .UNSPECIFIED., .F., .F.,
 ( 4, 2, 4 ),
 ( 0.01132667245567776926, 0.01156297535658962553, 0.01179927825750148179 ),
 .UNSPECIFIED. ) ;
#4837 = FACE_OUTER_BOUND ( 'NONE', #2547, .T. ) ;
#4838 = FACE_OUTER_BOUND ( 'NONE', #4891, .T. ) ;
#4839 = EDGE_LOOP ( 'NONE', ( #1680, #3783, #4052, #2204 ) ) ;
#4840 = ADVANCED_FACE ( 'NONE', ( #2707, #708 ), #1548, .T. ) ;
#4841 = ORIENTED_EDGE ( 'NONE', *, *, #73, .T. ) ;
#4842 = CARTESIAN_POINT ( 'NONE',  ( -5.863736118510232131, 4.676173513940490523, -0.5833333333333333703 ) ) ;
#4843 = EDGE_LOOP ( 'NONE', ( #2237, #1454 ) ) ;
#4844 = CARTESIAN_POINT ( 'NONE',  ( 6.516991341995971965, -3.712308143231852320, 0.3916306432850333863 ) ) ;
#4845 = DIRECTION ( 'NONE',  ( -0.2225209339563050392, -0.9749279121818258398, -1.770339779227540479E-16 ) ) ;
#4846 = ORIENTED_EDGE ( 'NONE', *, *, #1086, .F. ) ;
#4847 = AXIS2_PLACEMENT_3D ( 'NONE', #1301, #4480, #2038 ) ;
#4848 = ORIENTED_EDGE ( 'NONE', *, *, #988, .T. ) ;
#4849 = ADVANCED_FACE ( 'NONE', ( #1972 ), #62, .T. ) ;
#4850 = VERTEX_POINT ( 'NONE', #3699 ) ;
#4851 = CARTESIAN_POINT ( 'NONE',  ( 0.000000000000000000, 7.499999999999992895, 0.000000000000000000 ) ) ;
#4852 = CARTESIAN_POINT ( 'NONE',  ( 7.340168270339200163, 3.083508462395022853, -0.5833333333333342585 ) ) ;
#4853 = DIRECTION ( 'NONE',  ( -0.7818314824680310249, 0.6234898018587320401, -6.916380135000592297E-17 ) ) ;
#4854 = EDGE_CURVE ( 'NONE', #4702, #3868, #2243, .T. ) ;
#4855 = CARTESIAN_POINT ( 'NONE',  ( -1.540636156465538420, -7.340057236383858985, 0.5833333333333310389 ) ) ;
#4856 = ORIENTED_EDGE ( 'NONE', *, *, #1004, .T. ) ;
#4857 = ADVANCED_FACE ( 'NONE', ( #947 ), #4829, .T. ) ;
#4858 = ORIENTED_EDGE ( 'NONE', *, *, #3709, .T. ) ;
#4859 = CARTESIAN_POINT ( 'NONE',  ( 4.639539566346264188, 6.469989743953510342, 0.5833333333178905011 ) ) ;
#4860 = CARTESIAN_POINT ( 'NONE',  ( -2.185773389884588802, 7.504169991214146407, -0.5833333333333329263 ) ) ;
#4861 = CARTESIAN_POINT ( 'NONE',  ( 7.761926070062993510, -1.771608974190582053, 1.844711225215974970 ) ) ;
#4862 = DIRECTION ( 'NONE',  ( -7.970314984685941186E-17, -3.492023159033202954E-16, 1.000000000000000000 ) ) ;
#4863 = ORIENTED_EDGE ( 'NONE', *, *, #2572, .F. ) ;
#4864 = VECTOR ( 'NONE', #1181, 1000.000000000000000 ) ;
#4865 = VERTEX_POINT ( 'NONE', #4421 ) ;
#4866 = EDGE_CURVE ( 'NONE', #2885, #1434, #4966, .T. ) ;
#4867 = DIRECTION ( 'NONE',  ( 0.000000000000000000, -4.090185461015314015E-16, 1.000000000000000000 ) ) ;
#4868 = ORIENTED_EDGE ( 'NONE', *, *, #4317, .T. ) ;
#4869 = DIRECTION ( 'NONE',  ( -0.000000000000000000, -1.836970198721029441E-16, 1.000000000000000000 ) ) ;
#4870 = AXIS2_PLACEMENT_3D ( 'NONE', #4544, #980, #3846 ) ;
#4871 = ORIENTED_EDGE ( 'NONE', *, *, #2948, .F. ) ;
#4872 = ORIENTED_EDGE ( 'NONE', *, *, #3480, .T. ) ;
#4873 = DIRECTION ( 'NONE',  ( 0.000000000000000000, -2.350941779212229568E-16, 1.000000000000000000 ) ) ;
#4874 = CARTESIAN_POINT ( 'NONE',  ( 3.053874009942861623, -6.341434724082384733, -2.457847069627206846E-15 ) ) ;
#4875 = DIRECTION ( 'NONE',  ( 0.6234898018587431423, -0.7818314824680221431, -1.436201133715639576E-16 ) ) ;
#4876 = TOROIDAL_SURFACE ( 'NONE', #3466, 8.454576923076913886, 0.03150000000000000022 ) ;
#4877 = DIRECTION ( 'NONE',  ( -0.000000000000000000, -1.836970198721029441E-16, 1.000000000000000000 ) ) ;
#4878 = ADVANCED_FACE ( 'NONE', ( #2451 ), #2866, .T. ) ;
#4879 = ORIENTED_EDGE ( 'NONE', *, *, #3304, .F. ) ;
#4880 = CIRCLE ( 'NONE', #60, 1.844711225215975636 ) ;
#4881 = ORIENTED_EDGE ( 'NONE', *, *, #1929, .F. ) ;
#4882 = CARTESIAN_POINT ( 'NONE',  ( 0.000000000000000000, -4.349999999999988987, 3.500000000000001332 ) ) ;
#4883 = CARTESIAN_POINT ( 'NONE',  ( -3.454382076820513348, -7.173098294453891022, -2.120592687679979882 ) ) ;
#4884 = EDGE_CURVE ( 'NONE', #4336, #127, #5134, .T. ) ;
#4885 = VECTOR ( 'NONE', #2241, 1000.000000000000000 ) ;
#4886 = AXIS2_PLACEMENT_3D ( 'NONE', #531, #1708, #3333 ) ;
#4887 = AXIS2_PLACEMENT_3D ( 'NONE', #3719, #4055, #1269 ) ;
#4888 = CARTESIAN_POINT ( 'NONE',  ( 2.151840964734808903, 7.267090383335904846, 0.5833333333333334814 ) ) ;
#4889 = CARTESIAN_POINT ( 'NONE',  ( 3.254128043381738333, -6.757266509268117893, -2.619017369274893045E-15 ) ) ;
#4890 = ORIENTED_EDGE ( 'NONE', *, *, #2537, .F. ) ;
#4891 = EDGE_LOOP ( 'NONE', ( #2182, #2263 ) ) ;
#4892 = CIRCLE ( 'NONE', #4650, 6.576923076923076650 ) ;
#4893 = CARTESIAN_POINT ( 'NONE',  ( 0.000000000000000000, 4.000000000000000000, -3.150000000000003464 ) ) ;
#4894 = CARTESIAN_POINT ( 'NONE',  ( -3.053874009942773249, -6.341434724082429142, 1.844711225215973194 ) ) ;
#4895 = CARTESIAN_POINT ( 'NONE',  ( 0.000000000000000000, -1.718745441110861320E-31, 3.500000000000002220 ) ) ;
#4896 = EDGE_CURVE ( 'NONE', #3868, #4702, #644, .T. ) ;
#4897 = VERTEX_POINT ( 'NONE', #4803 ) ;
#4898 = ORIENTED_EDGE ( 'NONE', *, *, #3762, .F. ) ;
#4899 = CARTESIAN_POINT ( 'NONE',  ( 0.000000000000000000, -4.000000000000000000, 3.500000000000000444 ) ) ;
#4900 = CARTESIAN_POINT ( 'NONE',  ( 0.000000000000000000, -9.282051282051277497, 3.149999999999996358 ) ) ;
#4901 = CARTESIAN_POINT ( 'NONE',  ( 7.961512308955458472, 0.02040658978910746268, -0.5833333333333344806 ) ) ;
#4902 = DIRECTION ( 'NONE',  ( -0.000000000000000000, 1.000000000000000000, -0.000000000000000000 ) ) ;
#4903 = EDGE_LOOP ( 'NONE', ( #55, #975 ) ) ;
#4904 = EDGE_CURVE ( 'NONE', #1664, #2573, #1689, .T. ) ;
#4905 = CARTESIAN_POINT ( 'NONE',  ( -1.136798646093551968, -7.413345322284165206, -0.1936861211538699890 ) ) ;
#4906 = DIRECTION ( 'NONE',  ( -0.9009688679024218105, 0.4338837391175526248, 7.970314984685939954E-17 ) ) ;
#4907 = EDGE_CURVE ( 'NONE', #2625, #4773, #3124, .T. ) ;
#4908 = DIRECTION ( 'NONE',  ( 7.970314984686170449E-17, -3.492023159033191121E-16, 1.000000000000000000 ) ) ;
#4909 = FACE_BOUND ( 'NONE', #5031, .T. ) ;
#4910 = EDGE_CURVE ( 'NONE', #3299, #4445, #4225, .T. ) ;
#4911 = VERTEX_POINT ( 'NONE', #4464 ) ;
#4912 = ORIENTED_EDGE ( 'NONE', *, *, #4204, .F. ) ;
#4913 = CARTESIAN_POINT ( 'NONE',  ( -7.311959341363663434, -1.668907004672385064, -1.684300892242765882E-15 ) ) ;
#4914 = CARTESIAN_POINT ( 'NONE',  ( 5.863736118510232131, 4.676173513940490523, 1.901572311514111879 ) ) ;
#4915 = CARTESIAN_POINT ( 'NONE',  ( -7.311959341363663434, -1.668907004672385064, -1.684300892242765882E-15 ) ) ;
#4916 = ORIENTED_EDGE ( 'NONE', *, *, #520, .T. ) ;
#4917 = VERTEX_POINT ( 'NONE', #3263 ) ;
#4918 = FACE_OUTER_BOUND ( 'NONE', #509, .T. ) ;
#4919 = DIRECTION ( 'NONE',  ( -0.9009688679024157043, -0.4338837391175651703, -1.979068330808127685E-16 ) ) ;
#4920 = CYLINDRICAL_SURFACE ( 'NONE', #4216, 7.961538461538454570 ) ;
#4921 = FACE_OUTER_BOUND ( 'NONE', #5059, .T. ) ;
#4922 = ORIENTED_EDGE ( 'NONE', *, *, #79, .T. ) ;
#4923 = AXIS2_PLACEMENT_3D ( 'NONE', #4895, #994, #3833 ) ;
#4924 = VERTEX_POINT ( 'NONE', #874 ) ;
#4925 = CARTESIAN_POINT ( 'NONE',  ( 7.340168270339200163, 3.083508462395022853, -0.5833333333333342585 ) ) ;
#4926 = EDGE_CURVE ( 'NONE', #2593, #4165, #511, .T. ) ;
#4927 = DIRECTION ( 'NONE',  ( 1.790913520579326732E-16, -2.245734522990332355E-16, 1.000000000000000000 ) ) ;
#4928 = ADVANCED_FACE ( 'NONE', ( #553 ), #316, .T. ) ;
#4929 = CARTESIAN_POINT ( 'NONE',  ( 0.000000000000000000, -6.576923076923063327, -1.662499999999996092 ) ) ;
#4930 = LINE ( 'NONE', #1826, #5032 ) ;
#4931 = CIRCLE ( 'NONE', #1370, 10.99999999999999467 ) ;
#4932 = EDGE_CURVE ( 'NONE', #3, #727, #4399, .T. ) ;
#4933 = ORIENTED_EDGE ( 'NONE', *, *, #1328, .F. ) ;
#4934 = DIRECTION ( 'NONE',  ( -0.000000000000000000, -1.836970198721029441E-16, 1.000000000000000000 ) ) ;
#4935 = FACE_BOUND ( 'NONE', #1727, .T. ) ;
#4936 = FACE_BOUND ( 'NONE', #3976, .T. ) ;
#4937 = ADVANCED_FACE ( 'NONE', ( #1290 ), #3075, .F. ) ;
#4938 = AXIS2_PLACEMENT_3D ( 'NONE', #131, #3636, #52 ) ;
#4939 = ORIENTED_EDGE ( 'NONE', *, *, #4685, .F. ) ;
#4940 = ORIENTED_EDGE ( 'NONE', *, *, #4971, .F. ) ;
#4941 = FACE_OUTER_BOUND ( 'NONE', #186, .T. ) ;
#4942 = CARTESIAN_POINT ( 'NONE',  ( -7.496667136224596462, 0.2235662321021795185, 0.1996209557216362118 ) ) ;
#4943 = CARTESIAN_POINT ( 'NONE',  ( -5.863736118510165518, 4.676173513940574011, -5.417315706714441881E-15 ) ) ;
#4944 = DIRECTION ( 'NONE',  ( -0.9009688679024157043, -0.4338837391175651703, -5.990433444775986398E-17 ) ) ;
#4945 = DIRECTION ( 'NONE',  ( -0.000000000000000000, -1.836970198721029441E-16, 1.000000000000000000 ) ) ;
#4946 = ORIENTED_EDGE ( 'NONE', *, *, #3691, .F. ) ;
#4947 = EDGE_LOOP ( 'NONE', ( #1644, #4015 ) ) ;
#4948 = CARTESIAN_POINT ( 'NONE',  ( 7.340168270339200163, 3.083508462395022853, 0.5833333333333324822 ) ) ;
#4949 = FACE_OUTER_BOUND ( 'NONE', #2704, .T. ) ;
#4950 = B_SPLINE_CURVE_WITH_KNOTS ( 'NONE', 3,
 ( #2640, #4628, #274, #645, #2595, #3832 ),
 .UNSPECIFIED., .F., .F.,
 ( 4, 2, 4 ),
 ( 2.035280481501447524E-07, 0.0005855209568279445310, 0.001170838385607738882 ),
 .UNSPECIFIED. ) ;
#4951 = AXIS2_PLACEMENT_3D ( 'NONE', #3805, #1064, #616 ) ;
#4952 = EDGE_CURVE ( 'NONE', #5119, #1411, #3248, .T. ) ;
#4953 = AXIS2_PLACEMENT_3D ( 'NONE', #4011, #332, #4367 ) ;
#4954 = CIRCLE ( 'NONE', #2737, 2.120592687679978106 ) ;
#4955 = CARTESIAN_POINT ( 'NONE',  ( 3.254128043381644630, -6.757266509268163190, -1.901572311514124758 ) ) ;
#4956 = AXIS2_PLACEMENT_3D ( 'NONE', #2821, #4291, #720 ) ;
#4957 = DIRECTION ( 'NONE',  ( 0.000000000000000000, 1.000000000000000000, 2.168404344971008868E-16 ) ) ;
#4958 = AXIS2_PLACEMENT_3D ( 'NONE', #518, #2118, #3705 ) ;
#4959 = AXIS2_PLACEMENT_3D ( 'NONE', #331, #1927, #415 ) ;
#4960 = EDGE_LOOP ( 'NONE', ( #3685, #29 ) ) ;
#4961 = EDGE_CURVE ( 'NONE', #3662, #4336, #2062, .T. ) ;
#4962 = CARTESIAN_POINT ( 'NONE',  ( 5.220056981365593381E-16, -4.262500000000000178, 3.041268939877066924 ) ) ;
#4963 = FACE_BOUND ( 'NONE', #1487, .T. ) ;
#4964 = AXIS2_PLACEMENT_3D ( 'NONE', #343, #2337, #3427 ) ;
#4965 = CARTESIAN_POINT ( 'NONE',  ( -2.165736068126629554, 7.661310720612462433, -0.5833333333333331483 ) ) ;
#4966 = CIRCLE ( 'NONE', #2582, 0.03150000000000027778 ) ;
#4967 = EDGE_LOOP ( 'NONE', ( #216, #2626, #172, #939 ) ) ;
#4968 = AXIS2_PLACEMENT_3D ( 'NONE', #2558, #3755, #1351 ) ;
#4969 = ORIENTED_EDGE ( 'NONE', *, *, #4896, .T. ) ;
#4970 = CARTESIAN_POINT ( 'NONE',  ( 1.214330630123919841, -7.481070999384172637, 0.5833333333333307058 ) ) ;
#4971 = EDGE_CURVE ( 'NONE', #1672, #4534, #494, .T. ) ;
#4972 = DIRECTION ( 'NONE',  ( 0.000000000000000000, 1.000000000000000000, 1.836970198721029441E-16 ) ) ;
#4973 = CARTESIAN_POINT ( 'NONE',  ( 1.886126332610069678, 7.258961872673057591, 0.1996209557216374608 ) ) ;
#4974 = LINE ( 'NONE', #3378, #3655 ) ;
#4975 = CARTESIAN_POINT ( 'NONE',  ( -6.907212130055806476, -3.814258241294727014, -0.5833333333333352577 ) ) ;
#4976 = EDGE_LOOP ( 'NONE', ( #2203, #1022, #1853, #1093 ) ) ;
#4977 = ORIENTED_EDGE ( 'NONE', *, *, #769, .F. ) ;
#4978 = CYLINDRICAL_SURFACE ( 'NONE', #4050, 7.499999999999998224 ) ;
#4979 = CARTESIAN_POINT ( 'NONE',  ( -7.181928819271083952, 3.435985027540071624, -0.5833333333333339255 ) ) ;
#4980 = CARTESIAN_POINT ( 'NONE',  ( 8.377839946674661360E-17, 4.034555078750345918E-17, -0.5833333333333333703 ) ) ;
#4981 = DIRECTION ( 'NONE',  ( -0.000000000000000000, -1.836970198721029441E-16, 1.000000000000000000 ) ) ;
#4982 = APPROVAL ( #503, 'UNSPECIFIED' ) ;
#4983 = ORIENTED_EDGE ( 'NONE', *, *, #1546, .T. ) ;
#4984 = DIRECTION ( 'NONE',  ( 1.000000000000000000, 0.000000000000000000, 0.000000000000000000 ) ) ;
#4985 = DIRECTION ( 'NONE',  ( -0.000000000000000000, -1.836970198721029441E-16, 1.000000000000000000 ) ) ;
#4986 = ADVANCED_FACE ( 'NONE', ( #1437, #3838 ), #2602, .F. ) ;
#4987 = ORIENTED_EDGE ( 'NONE', *, *, #4678, .T. ) ;
#4988 = ORIENTED_EDGE ( 'NONE', *, *, #1630, .F. ) ;
#4989 = DIRECTION ( 'NONE',  ( 0.000000000000000000, -1.000000000000000000, -1.971276677246372752E-16 ) ) ;
#4990 = CARTESIAN_POINT ( 'NONE',  ( -6.965679122003803236, 2.780597565067927324, 0.3916088451971504458 ) ) ;
#4991 = CARTESIAN_POINT ( 'NONE',  ( 1.796666265318784150, 7.281620034790707408, 0.5833333333333333703 ) ) ;
#4992 = FACE_OUTER_BOUND ( 'NONE', #2650, .T. ) ;
#4993 = CARTESIAN_POINT ( 'NONE',  ( 0.000000000000000000, -8.549076923076910361, 3.499999999999999556 ) ) ;
#4994 = ORIENTED_EDGE ( 'NONE', *, *, #2481, .F. ) ;
#4995 = EDGE_CURVE ( 'NONE', #298, #763, #3818, .T. ) ;
#4996 = ORIENTED_EDGE ( 'NONE', *, *, #3735, .T. ) ;
#4997 = DIRECTION ( 'NONE',  ( -0.9009688679024158153, -0.4338837391175651703, -7.970314984686171682E-17 ) ) ;
#4998 = FACE_OUTER_BOUND ( 'NONE', #4219, .T. ) ;
#4999 = B_SPLINE_CURVE_WITH_KNOTS ( 'NONE', 3,
 ( #1026, #2629, #3870, #5021, #4255, #2192 ),
 .UNSPECIFIED., .F., .F.,
 ( 4, 2, 4 ),
 ( 2.086319673474185814E-07, 0.0005915434850940107887, 0.001182878338220674178 ),
 .UNSPECIFIED. ) ;
#5000 = EDGE_CURVE ( 'NONE', #1889, #649, #1406, .T. ) ;
#5001 = CIRCLE ( 'NONE', #3292, 1.809889355220186014 ) ;
#5002 = DIRECTION ( 'NONE',  ( 1.000000000000000000, 0.000000000000000000, 1.198086688955197033E-16 ) ) ;
#5003 = B_SPLINE_CURVE_WITH_KNOTS ( 'NONE', 3,
 ( #1129, #3593, #4723, #4281, #680, #3869 ),
 .UNSPECIFIED., .F., .F.,
 ( 4, 2, 4 ),
 ( 0.009153236520559878547, 0.009385466837932910852, 0.009617697155305943157 ),
 .UNSPECIFIED. ) ;
#5004 = CARTESIAN_POINT ( 'NONE',  ( -3.254128043381738333, -6.757266509268117005, -1.901572311514124758 ) ) ;
#5005 = ORIENTED_EDGE ( 'NONE', *, *, #633, .F. ) ;
#5006 = DIRECTION ( 'NONE',  ( 0.000000000000000000, -0.7071067811865370256, 0.7071067811865578978 ) ) ;
#5007 = CARTESIAN_POINT ( 'NONE',  ( -5.338676410291363972, -5.906321095975029856, -0.1955120260061251891 ) ) ;
#5008 = ADVANCED_FACE ( 'NONE', ( #654, #2622 ), #986, .T. ) ;
#5009 = ORIENTED_EDGE ( 'NONE', *, *, #2823, .T. ) ;
#5010 = ORIENTED_EDGE ( 'NONE', *, *, #672, .T. ) ;
#5011 = CARTESIAN_POINT ( 'NONE',  ( -7.340168270339244572, 3.083508462394918936, 0.5833333333333327042 ) ) ;
#5012 = CARTESIAN_POINT ( 'NONE',  ( 6.861992612664384872, -1.566205035153992675, 1.844711225215973638 ) ) ;
#5013 = CARTESIAN_POINT ( 'NONE',  ( -7.210116302003224398, 3.377067281113918629, 0.3943750851858321971 ) ) ;
#5014 = DIRECTION ( 'NONE',  ( 1.790913520579321308E-16, 2.245734522990356514E-16, -1.000000000000000000 ) ) ;
#5015 = CARTESIAN_POINT ( 'NONE',  ( 1.136723439208568228E-15, 9.282051282051277497, 3.275999999999999357 ) ) ;
#5016 = CIRCLE ( 'NONE', #2797, 8.423076923076912692 ) ;
#5017 = ORIENTED_EDGE ( 'NONE', *, *, #1591, .F. ) ;
#5018 = ORIENTED_EDGE ( 'NONE', *, *, #3754, .F. ) ;
#5019 = CIRCLE ( 'NONE', #1379, 1.901572311514117430 ) ;
#5020 = FACE_OUTER_BOUND ( 'NONE', #3975, .T. ) ;
#5021 = CARTESIAN_POINT ( 'NONE',  ( -5.056128210922725685, -6.149931884973116603, 0.1996067795144985668 ) ) ;
#5022 = EDGE_CURVE ( 'NONE', #1278, #2956, #1658, .T. ) ;
#5023 = DIRECTION ( 'NONE',  ( -0.2225209339563050392, -0.9749279121818258398, -1.770339779227540479E-16 ) ) ;
#5024 = VECTOR ( 'NONE', #98, 1000.000000000000000 ) ;
#5025 = DIRECTION ( 'NONE',  ( 0.000000000000000000, -1.000000000000000000, -1.868900982405953362E-16 ) ) ;
#5026 = EDGE_CURVE ( 'NONE', #789, #3169, #1741, .T. ) ;
#5027 = CARTESIAN_POINT ( 'NONE',  ( 1.285716342865769191, -7.707408072111824993, -0.5833333333333362569 ) ) ;
#5028 = AXIS2_PLACEMENT_3D ( 'NONE', #4842, #3780, #594 ) ;
#5029 = CIRCLE ( 'NONE', #1976, 1.844711225215975636 ) ;
#5030 = CLOSED_SHELL ( 'NONE', ( #2096, #3493, #767, #4928, #1198, #4022, #3511, #3136, #913, #3520, #1473, #1802, #4937, #1183, #1431, #2927, #252, #4737, #1917, #3430 ) ) ;
#5031 = EDGE_LOOP ( 'NONE', ( #2607, #1210, #4412, #4082 ) ) ;
#5032 = VECTOR ( 'NONE', #4981, 1000.000000000000000 ) ;
#5033 = CARTESIAN_POINT ( 'NONE',  ( -7.120834624374625221, -3.560871933586648996, -0.1996067795145030077 ) ) ;
#5034 = AXIS2_PLACEMENT_3D ( 'NONE', #1028, #1427, #3023 ) ;
#5035 = CARTESIAN_POINT ( 'NONE',  ( -1.317161748773596042, -7.852030098418004478, 0.3928810727415095738 ) ) ;
#5036 = CONICAL_SURFACE ( 'NONE', #2989, 3.999999999999999112, 0.7853981633974334020 ) ;
#5037 = ORIENTED_EDGE ( 'NONE', *, *, #4184, .T. ) ;
#5038 = CIRCLE ( 'NONE', #3902, 1.901572311514110769 ) ;
#5039 = ORIENTED_EDGE ( 'NONE', *, *, #1925, .T. ) ;
#5040 = DIRECTION ( 'NONE',  ( 0.000000000000000000, 0.000000000000000000, 1.000000000000000000 ) ) ;
#5041 = AXIS2_PLACEMENT_3D ( 'NONE', #5, #2732, #4774 ) ;
#5042 = DIRECTION ( 'NONE',  ( -0.9749279121818227312, -0.2225209339563182231, -2.245734522990356514E-16 ) ) ;
#5043 = APPROVAL_ROLE ( '' ) ;
#5044 = CARTESIAN_POINT ( 'NONE',  ( -1.044699553671270845E-16, -1.310011805077708007E-16, 0.5833333333333333703 ) ) ;
#5045 = CARTESIAN_POINT ( 'NONE',  ( 7.948259372748135654, 0.4631033172154848665, 0.3928810727415383286 ) ) ;
#5046 = AXIS2_PLACEMENT_3D ( 'NONE', #2992, #2576, #601 ) ;
#5047 = CARTESIAN_POINT ( 'NONE',  ( -1.855136465726826556, 7.742662927127422101, 0.3943750851858333628 ) ) ;
#5048 = EDGE_CURVE ( 'NONE', #4078, #490, #2826, .T. ) ;
#5049 = ORIENTED_EDGE ( 'NONE', *, *, #5057, .T. ) ;
#5050 = AXIS2_PLACEMENT_3D ( 'NONE', #1363, #968, #2988 ) ;
#5051 = EDGE_LOOP ( 'NONE', ( #2796, #3517, #1450, #5037 ) ) ;
#5052 = CARTESIAN_POINT ( 'NONE',  ( -5.086953304663703435, -5.511161956009252627, -0.1978186137273947320 ) ) ;
#5053 = DIRECTION ( 'NONE',  ( -0.000000000000000000, -1.836970198721029441E-16, 1.000000000000000000 ) ) ;
#5054 = DIRECTION ( 'NONE',  ( -1.000000000000000000, 0.000000000000000000, -0.000000000000000000 ) ) ;
#5055 = AXIS2_PLACEMENT_3D ( 'NONE', #200, #4235, #1428 ) ;
#5056 = CARTESIAN_POINT ( 'NONE',  ( 0.000000000000000000, -8.580576923076909779, -3.468500000000006356 ) ) ;
#5057 = EDGE_CURVE ( 'NONE', #2843, #1673, #4316, .T. ) ;
#5058 = DIRECTION ( 'NONE',  ( 0.000000000000000000, 1.000000000000000000, 1.836970198721029441E-16 ) ) ;
#5059 = EDGE_LOOP ( 'NONE', ( #545, #2072, #2092, #2080 ) ) ;
#5060 = ADVANCED_FACE ( 'NONE', ( #3787 ), #3377, .T. ) ;
#5061 = ORIENTED_EDGE ( 'NONE', *, *, #4478, .T. ) ;
#5062 = DIRECTION ( 'NONE',  ( 1.000000000000000000, 0.000000000000000000, -0.000000000000000000 ) ) ;
#5063 = DIRECTION ( 'NONE',  ( -0.9009688679024158153, -0.4338837391175651703, -7.970314984686171682E-17 ) ) ;
#5064 = ORIENTED_EDGE ( 'NONE', *, *, #3275, .T. ) ;
#5065 = VERTEX_POINT ( 'NONE', #3061 ) ;
#5066 = CARTESIAN_POINT ( 'NONE',  ( 0.000000000000000000, 0.000000000000000000, 3.500000000000001332 ) ) ;
#5067 = DIRECTION ( 'NONE',  ( 0.000000000000000000, 1.836970198721029441E-16, -1.000000000000000000 ) ) ;
#5068 = CARTESIAN_POINT ( 'NONE',  ( 1.136723439208568228E-15, 9.282051282051277497, 3.149999999999999911 ) ) ;
#5069 = FACE_OUTER_BOUND ( 'NONE', #2871, .T. ) ;
#5070 = B_SPLINE_CURVE_WITH_KNOTS ( 'NONE', 3,
 ( #3768, #2208, #169, #1786, #2966, #4514 ),
 .UNSPECIFIED., .F., .F.,
 ( 4, 2, 4 ),
 ( 0.01132667245567774671, 0.01156297535658960297, 0.01179927825750145924 ),
 .UNSPECIFIED. ) ;
#5071 = DIRECTION ( 'NONE',  ( 1.000000000000000000, 0.000000000000000000, 1.198086688955196787E-16 ) ) ;
#5072 = DIRECTION ( 'NONE',  ( 0.000000000000000000, 1.836970198721029441E-16, -1.000000000000000000 ) ) ;
#5073 = VERTEX_POINT ( 'NONE', #2230 ) ;
#5074 = ORIENTED_EDGE ( 'NONE', *, *, #3076, .F. ) ;
#5075 = ORIENTED_EDGE ( 'NONE', *, *, #2435, .T. ) ;
#5076 = CARTESIAN_POINT ( 'NONE',  ( 4.649350407733599839E-17, -2.037013509436028154E-16, 0.5833333333333333703 ) ) ;
#5077 = DIRECTION ( 'NONE',  ( -0.000000000000000000, -0.000000000000000000, -1.000000000000000000 ) ) ;
#5078 = CARTESIAN_POINT ( 'NONE',  ( -4.649350407733466103E-17, -2.037013509436035303E-16, 0.5833333333333333703 ) ) ;
#5079 = PLANE ( 'NONE',  #4218 ) ;
#5080 = ADVANCED_FACE ( 'NONE', ( #1458 ), #1040, .F. ) ;
#5081 = DIRECTION ( 'NONE',  ( 0.000000000000000000, -4.090185461015314015E-16, 1.000000000000000000 ) ) ;
#5082 = DIRECTION ( 'NONE',  ( 0.000000000000000000, -2.280643583040431807E-16, 1.000000000000000000 ) ) ;
#5083 = CARTESIAN_POINT ( 'NONE',  ( 0.000000000000000000, -10.65000000000000391, -3.500000000000007105 ) ) ;
#5084 = AXIS2_PLACEMENT_3D ( 'NONE', #2876, #885, #1613 ) ;
#5085 = ORIENTED_EDGE ( 'NONE', *, *, #1275, .F. ) ;
#5086 = CARTESIAN_POINT ( 'NONE',  ( 4.870682697674569184, 6.297820633653457456, -0.2000208454323486595 ) ) ;
#5087 = AXIS2_PLACEMENT_3D ( 'NONE', #4889, #1333, #2933 ) ;
#5088 = ADVANCED_FACE ( 'NONE', ( #3426 ), #2408, .T. ) ;
#5089 = CARTESIAN_POINT ( 'NONE',  ( 0.000000000000000000, -8.423076923076914468, 3.118499999999996497 ) ) ;
#5090 = ORIENTED_EDGE ( 'NONE', *, *, #3344, .F. ) ;
#5091 = ORIENTED_EDGE ( 'NONE', *, *, #702, .F. ) ;
#5092 = CARTESIAN_POINT ( 'NONE',  ( 0.000000000000000000, 7.500000000000000000, 0.000000000000000000 ) ) ;
#5093 = CARTESIAN_POINT ( 'NONE',  ( -7.961512308955458472, 0.02040658978899983003, -0.5833333333333348136 ) ) ;
#5094 = CARTESIAN_POINT ( 'NONE',  ( -1.540636156465545525, -7.340057236383858097, -0.5833333333333358128 ) ) ;
#5095 = CARTESIAN_POINT ( 'NONE',  ( -8.377839946674661360E-17, -4.034555078750345918E-17, 0.5833333333333333703 ) ) ;
#5096 = CARTESIAN_POINT ( 'NONE',  ( -5.863736118510227691, 4.676173513940486082, -1.417427986384465211 ) ) ;
#5097 = EDGE_CURVE ( 'NONE', #1240, #4818, #4223, .T. ) ;
#5098 = DIRECTION ( 'NONE',  ( 0.000000000000000000, 1.000000000000000000, 1.971276677246372258E-16 ) ) ;
#5099 = VERTEX_POINT ( 'NONE', #4174 ) ;
#5100 = ORIENTED_EDGE ( 'NONE', *, *, #3556, .T. ) ;
#5101 = ORIENTED_EDGE ( 'NONE', *, *, #1965, .T. ) ;
#5102 = DIRECTION ( 'NONE',  ( 1.436201133715639576E-16, -6.916380135000387687E-17, 1.000000000000000000 ) ) ;
#5103 = CYLINDRICAL_SURFACE ( 'NONE', #4728, 7.499999999999998224 ) ;
#5104 = SPHERICAL_SURFACE ( 'NONE', #2085, 1.901572311514110769 ) ;
#5105 = DIRECTION ( 'NONE',  ( -0.000000000000000000, -0.000000000000000000, -1.000000000000000000 ) ) ;
#5106 = AXIS2_PLACEMENT_3D ( 'NONE', #3588, #5155, #3892 ) ;
#5107 = FACE_BOUND ( 'NONE', #878, .T. ) ;
#5108 = CARTESIAN_POINT ( 'NONE',  ( 7.761926070062992622, -1.771608974190581609, -1.844711225215978523 ) ) ;
#5109 = CARTESIAN_POINT ( 'NONE',  ( 4.639539566349990096, 6.469989743950838701, -0.5833333333333333703 ) ) ;
#5110 = EDGE_CURVE ( 'NONE', #4186, #4773, #323, .T. ) ;
#5111 = CIRCLE ( 'NONE', #965, 7.961538461538453681 ) ;
#5112 = VERTEX_POINT ( 'NONE', #5068 ) ;
#5113 = CIRCLE ( 'NONE', #4207, 7.961538461538453681 ) ;
#5114 = CARTESIAN_POINT ( 'NONE',  ( 1.480390568387143002, -7.352702441764688679, -0.3937336164760148471 ) ) ;
#5115 = CARTESIAN_POINT ( 'NONE',  ( -6.813202880339208178, 3.135325582987753101, -0.5833333333333339255 ) ) ;
#5116 = AXIS2_PLACEMENT_3D ( 'NONE', #3320, #3026, #4622 ) ;
#5117 = ORIENTED_EDGE ( 'NONE', *, *, #2544, .F. ) ;
#5118 = ADVANCED_FACE ( 'NONE', ( #1178 ), #2335, .T. ) ;
#5119 = VERTEX_POINT ( 'NONE', #3917 ) ;
#5120 = CARTESIAN_POINT ( 'NONE',  ( 0.000000000000000000, 0.000000000000000000, 3.500000000000001332 ) ) ;
#5121 = AXIS2_PLACEMENT_3D ( 'NONE', #3738, #3371, #4507 ) ;
#5122 = AXIS2_PLACEMENT_3D ( 'NONE', #5095, #1914, #1459 ) ;
#5123 = FACE_OUTER_BOUND ( 'NONE', #1242, .T. ) ;
#5124 = DIRECTION ( 'NONE',  ( 0.000000000000000000, -1.000000000000000000, -2.029135416122165840E-16 ) ) ;
#5125 = AXIS2_PLACEMENT_3D ( 'NONE', #1407, #4258, #686 ) ;
#5126 = CARTESIAN_POINT ( 'NONE',  ( -7.482316101236137662, 0.5170630626566010690, -0.3916088451971677653 ) ) ;
#5127 = FACE_OUTER_BOUND ( 'NONE', #112, .T. ) ;
#5128 = ORIENTED_EDGE ( 'NONE', *, *, #648, .F. ) ;
#5129 = AXIS2_PLACEMENT_3D ( 'NONE', #292, #3596, #768 ) ;
#5130 = ORIENTED_EDGE ( 'NONE', *, *, #3754, .T. ) ;
#5131 = EDGE_CURVE ( 'NONE', #1260, #657, #3314, .T. ) ;
#5132 = ORIENTED_EDGE ( 'NONE', *, *, #542, .F. ) ;
#5133 = DIRECTION ( 'NONE',  ( 7.970314984685941186E-17, 3.492023159033202954E-16, -1.000000000000000000 ) ) ;
#5134 = CIRCLE ( 'NONE', #1324, 1.809889355220185791 ) ;
#5135 = CARTESIAN_POINT ( 'NONE',  ( 1.347111479062088010E-15, -10.99999999999999645, 3.149999999999985256 ) ) ;
#5136 = FACE_OUTER_BOUND ( 'NONE', #4634, .T. ) ;
#5137 = CARTESIAN_POINT ( 'NONE',  ( 3.454382076820612824, -7.173098294453843948, -2.780187668922577666E-15 ) ) ;
#5138 = TOROIDAL_SURFACE ( 'NONE', #1907, 1.417427986384464766, 0.8411054325275151289 ) ;
#5139 = CC_DESIGN_APPROVAL ( #2683, ( #4138 ) ) ;
#5140 = B_SPLINE_CURVE_WITH_KNOTS ( 'NONE', 3,
 ( #210, #188, #2548, #1038, #4970, #3424 ),
 .UNSPECIFIED., .F., .F.,
 ( 4, 2, 4 ),
 ( 0.01132667245567775018, 0.01156297535658960644, 0.01179927825750146271 ),
 .UNSPECIFIED. ) ;
#5141 = AXIS2_PLACEMENT_3D ( 'NONE', #3498, #2333, #310 ) ;
#5142 = CARTESIAN_POINT ( 'NONE',  ( -4.593589908402185173, 6.502939603926838785, -0.3928810727415392168 ) ) ;
#5143 = CARTESIAN_POINT ( 'NONE',  ( 6.224581418110788356, 4.963938037875375464, -5.506502645942613601E-16 ) ) ;
#5144 = DIRECTION ( 'NONE',  ( 0.000000000000000000, -1.000000000000000000, -2.036060417813152407E-16 ) ) ;
#5145 = CC_DESIGN_PERSON_AND_ORGANIZATION_ASSIGNMENT ( #1618, #4485, ( #1161 ) ) ;
#5146 = DIRECTION ( 'NONE',  ( 0.2225209339563181954, -0.9749279121818226201, -1.770339779227540232E-16 ) ) ;
#5147 = DIRECTION ( 'NONE',  ( -0.9009688679024218105, 0.4338837391175526803, 8.673617379884037937E-17 ) ) ;
#5148 = ORIENTED_EDGE ( 'NONE', *, *, #257, .F. ) ;
#5149 = ORIENTED_EDGE ( 'NONE', *, *, #4910, .T. ) ;
#5150 = CARTESIAN_POINT ( 'NONE',  ( 0.000000000000000000, 1.285879139104721619E-15, -3.500000000000003997 ) ) ;
#5151 = CARTESIAN_POINT ( 'NONE',  ( 0.000000000000000000, 7.500000000000000000, -1.901572311514122315 ) ) ;
#5152 = CARTESIAN_POINT ( 'NONE',  ( 0.000000000000000000, 0.000000000000000000, 0.000000000000000000 ) ) ;
#5153 = EDGE_LOOP ( 'NONE', ( #4039, #3200, #2861, #2356 ) ) ;
#5154 = CARTESIAN_POINT ( 'NONE',  ( 0.000000000000000000, 5.017050895308149611E-17, 3.226884469938532618 ) ) ;
#5155 = DIRECTION ( 'NONE',  ( 0.000000000000000000, 1.836970198721029441E-16, -1.000000000000000000 ) ) ;
ENDSEC;
END-ISO-10303-21;
