ISO-10303-21;
HEADER;
FILE_DESCRIPTION (( 'STEP AP203' ),
    '1' );
FILE_NAME ('6153K113_Corrosion-Resistant 440C Stainless Steel Ball Bearing.STEP',
    '2026-01-18T22:18:16',
    ( 'McMaster Carr Supply' ),
    ( 'McMaster Carr Supply' ),
    'SwSTEP 2.0',
    'SolidWorks 2024',
    '' );
FILE_SCHEMA (( 'CONFIG_CONTROL_DESIGN' ));
ENDSEC;

DATA;
#1 = VERTEX_POINT ( 'NONE', #5221 ) ;
#2 = AXIS2_PLACEMENT_3D ( 'NONE', #7178, #9820, #2731 ) ;
#3 = AXIS2_PLACEMENT_3D ( 'NONE', #2486, #78, #10631 ) ;
#4 = DIRECTION ( 'NONE',  ( -1.436201133715656092E-16, 6.916380135000592297E-17, -1.000000000000000000 ) ) ;
#5 = ADVANCED_FACE ( 'NONE', ( #10437 ), #10382, .T. ) ;
#6 = VERTEX_POINT ( 'NONE', #10604 ) ;
#7 = EDGE_CURVE ( 'NONE', #2718, #2519, #4164, .T. ) ;
#8 = CARTESIAN_POINT ( 'NONE',  ( 0.8896469117636505164, -5.786972148330256971, 0.4999999999999988343 ) ) ;
#9 = CARTESIAN_POINT ( 'NONE',  ( -0.8617142317325673373, -5.412080684249780838, -2.184339727346228489E-15 ) ) ;
#10 = CARTESIAN_POINT ( 'NONE',  ( 8.994521745911415326E-16, 7.313365625000000314, 2.312500000000000000 ) ) ;
#11 = CIRCLE ( 'NONE', #5653, 1.981214554537471750 ) ;
#12 = EDGE_CURVE ( 'NONE', #9730, #1718, #1511, .T. ) ;
#13 = AXIS2_PLACEMENT_3D ( 'NONE', #9280, #10155, #296 ) ;
#14 = FACE_BOUND ( 'NONE', #9208, .T. ) ;
#15 = DIRECTION ( 'NONE',  ( -0.9009688679024157043, 0.4338837391175651703, 2.073466413476134464E-16 ) ) ;
#16 = AXIS2_PLACEMENT_3D ( 'NONE', #9229, #6651, #2185 ) ;
#17 = ORIENTED_EDGE ( 'NONE', *, *, #9585, .F. ) ;
#18 = CARTESIAN_POINT ( 'NONE',  ( 3.395103212617425203, 2.707504464571544922, 1.830752539561562475 ) ) ;
#19 = VECTOR ( 'NONE', #9832, 1000.000000000000114 ) ;
#20 = CIRCLE ( 'NONE', #3969, 0.9075000000000018607 ) ;
#21 = CARTESIAN_POINT ( 'NONE',  ( 3.883858019900346736, -2.498724050641801586, -0.5000000000000011102 ) ) ;
#22 = EDGE_CURVE ( 'NONE', #9027, #10474, #10254, .T. ) ;
#23 = EDGE_CURVE ( 'NONE', #862, #11344, #10069, .T. ) ;
#24 = CARTESIAN_POINT ( 'NONE',  ( 0.4383184114859641767, -6.035335709745182520, 0.4791688938532041586 ) ) ;
#25 = CIRCLE ( 'NONE', #5657, 1.830752539561562919 ) ;
#26 = DIRECTION ( 'NONE',  ( 0.000000000000000000, -1.000000000000000000, -1.228122814850837557E-16 ) ) ;
#27 = ORIENTED_EDGE ( 'NONE', *, *, #10854, .F. ) ;
#28 = FACE_OUTER_BOUND ( 'NONE', #4971, .T. ) ;
#29 = ADVANCED_FACE ( 'NONE', ( #7971 ), #7733, .F. ) ;
#30 =( BOUNDED_CURVE ( )  B_SPLINE_CURVE ( 3, ( #9138, #1930, #3569, #9955 ),
 .UNSPECIFIED., .F., .F. ) 
 B_SPLINE_CURVE_WITH_KNOTS ( ( 4, 4 ),
 ( 1.868606583865389803, 3.141592653589793560 ),
 .UNSPECIFIED. ) 
 CURVE ( )  GEOMETRIC_REPRESENTATION_ITEM ( )  RATIONAL_B_SPLINE_CURVE ( ( 1.000000000000000000, 0.8694567765201492993, 0.8694567765201492993, 1.000000000000000000 ) ) 
 REPRESENTATION_ITEM ( '' )  );
#31 = DIRECTION ( 'NONE',  ( 0.4338837391175649483, 0.9009688679024159264, -0.000000000000000000 ) ) ;
#32 = LINE ( 'NONE', #1804, #3421 ) ;
#33 = AXIS2_PLACEMENT_3D ( 'NONE', #1012, #1184, #8173 ) ;
#34 = CIRCLE ( 'NONE', #3035, 0.2041022026635757880 ) ;
#35 = VERTEX_POINT ( 'NONE', #3292 ) ;
#36 = CARTESIAN_POINT ( 'NONE',  ( 2.277889630367151419, -4.730086556487714589, -1.833312158492431403E-15 ) ) ;
#37 = AXIS2_PLACEMENT_3D ( 'NONE', #313, #4791, #1072 ) ;
#38 = ORIENTED_EDGE ( 'NONE', *, *, #452, .T. ) ;
#39 = CIRCLE ( 'NONE', #6783, 5.854956726839295023 ) ;
#40 = DIRECTION ( 'NONE',  ( -7.970314984685941186E-17, 3.492023159033203447E-16, -1.000000000000000000 ) ) ;
#41 = CYLINDRICAL_SURFACE ( 'NONE', #252, 5.854956726839295023 ) ;
#42 = VECTOR ( 'NONE', #8612, 1000.000000000000000 ) ;
#43 = AXIS2_PLACEMENT_3D ( 'NONE', #1272, #5577, #8438 ) ;
#44 = ADVANCED_FACE ( 'NONE', ( #6866 ), #4231, .T. ) ;
#45 = VERTEX_POINT ( 'NONE', #2453 ) ;
#46 = CARTESIAN_POINT ( 'NONE',  ( -3.300315535752680329, -3.230463181104144432, 1.571836107868755050 ) ) ;
#48 = VECTOR ( 'NONE', #6586, 1000.000000000000000 ) ;
#47 = CARTESIAN_POINT ( 'NONE',  ( -3.300315535752680329, -3.230463181104143988, -0.5000000000000014433 ) ) ;
#49 = CARTESIAN_POINT ( 'NONE',  ( -3.039904091628593097, 5.278831057677258798, -0.1313876030881698520 ) ) ;
#50 = CARTESIAN_POINT ( 'NONE',  ( -3.246329667989488410, 4.872562155569898579, 1.027403961127392839E-17 ) ) ;
#51 = EDGE_LOOP ( 'NONE', ( #2771, #8530, #8371, #6457 ) ) ;
#52 = DIRECTION ( 'NONE',  ( -0.9009688679024158153, -0.4338837391175651703, -7.970314984686171682E-17 ) ) ;
#53 = TOROIDAL_SURFACE ( 'NONE', #1741, 7.375803125000000016, 0.06243749999999977790 ) ;
#54 = ORIENTED_EDGE ( 'NONE', *, *, #7610, .T. ) ;
#55 = VECTOR ( 'NONE', #7820, 1000.000000000000000 ) ;
#56 = EDGE_CURVE ( 'NONE', #2172, #3020, #10162, .T. ) ;
#57 = CIRCLE ( 'NONE', #7537, 0.9074999999999994182 ) ;
#58 = DIRECTION ( 'NONE',  ( 0.000000000000000000, 0.000000000000000000, 1.000000000000000000 ) ) ;
#59 = CIRCLE ( 'NONE', #1749, 1.815000000000000169 ) ;
#60 = CARTESIAN_POINT ( 'NONE',  ( 5.558971277141451672, 1.838030634422904486, -1.069247217469519083E-13 ) ) ;
#61 = ORIENTED_EDGE ( 'NONE', *, *, #10481, .T. ) ;
#62 = ORIENTED_EDGE ( 'NONE', *, *, #9544, .T. ) ;
#63 = DIRECTION ( 'NONE',  ( 0.000000000000000000, -1.000000000000000000, -1.763933479423781890E-16 ) ) ;
#64 = CIRCLE ( 'NONE', #5513, 0.02081249999999999767 ) ;
#65 = CIRCLE ( 'NONE', #4385, 1.571836107868756383 ) ;
#66 = VERTEX_POINT ( 'NONE', #4507 ) ;
#67 = DIRECTION ( 'NONE',  ( -0.2225209339563114785, -0.9749279121818242855, -2.587945019047930465E-16 ) ) ;
#68 = DIRECTION ( 'NONE',  ( 0.000000000000000000, -1.000000000000000000, -1.626303258728256898E-16 ) ) ;
#69 = CARTESIAN_POINT ( 'NONE',  ( 0.000000000000000000, -3.531249999999997780, 2.109375000000000444 ) ) ;
#70 = ORIENTED_EDGE ( 'NONE', *, *, #2446, .F. ) ;
#71 = DIRECTION ( 'NONE',  ( 0.2225209339563030686, -0.9749279121818261729, -1.641723512482401095E-16 ) ) ;
#72 = CIRCLE ( 'NONE', #5887, 0.1875000000000001665 ) ;
#73 = ORIENTED_EDGE ( 'NONE', *, *, #7454, .T. ) ;
#74 = ADVANCED_FACE ( 'NONE', ( #1758 ), #10789, .T. ) ;
#75 = ORIENTED_EDGE ( 'NONE', *, *, #9640, .F. ) ;
#76 = AXIS2_PLACEMENT_3D ( 'NONE', #7571, #4234, #2402 ) ;
#77 = AXIS2_PLACEMENT_3D ( 'NONE', #3525, #7094, #7216 ) ;
#78 = DIRECTION ( 'NONE',  ( -1.436201133715656092E-16, 6.916380135000592297E-17, -1.000000000000000000 ) ) ;
#79 = ORIENTED_EDGE ( 'NONE', *, *, #3866, .F. ) ;
#80 = CARTESIAN_POINT ( 'NONE',  ( 0.000000000000000000, -7.375803125000000016, 2.312499999999997335 ) ) ;
#81 = CARTESIAN_POINT ( 'NONE',  ( -4.104615282957117195, 3.273321459758401719, 0.000000000000000000 ) ) ;
#82 = CIRCLE ( 'NONE', #3462, 0.2041022026635763154 ) ;
#83 = DIRECTION ( 'NONE',  ( -0.9009688679024184799, -0.4338837391175595637, -1.594062996937211410E-16 ) ) ;
#84 = CARTESIAN_POINT ( 'NONE',  ( 5.038967452947439973, -2.981497154333351052, 0.1700533594733290021 ) ) ;
#85 = ORIENTED_EDGE ( 'NONE', *, *, #5190, .F. ) ;
#86 = CARTESIAN_POINT ( 'NONE',  ( 3.248325104909783367E-16, -2.554917478527519492, -2.304917478527524821 ) ) ;
#87 = EDGE_CURVE ( 'NONE', #9386, #1605, #9137, .T. ) ;
#88 = DIRECTION ( 'NONE',  ( 1.000000000000000000, 0.000000000000000000, 0.000000000000000000 ) ) ;
#89 = CARTESIAN_POINT ( 'NONE',  ( 0.000000000000000000, 3.823194226088471095E-18, 2.479187499999998323 ) ) ;
#90 = DIRECTION ( 'NONE',  ( -0.1973384126673422001, 0.9803354277419202845, 3.946195958086677134E-17 ) ) ;
#91 = ORIENTED_EDGE ( 'NONE', *, *, #9846, .T. ) ;
#92 = DIRECTION ( 'NONE',  ( 0.000000000000000000, -2.069303855009861073E-16, 1.000000000000000000 ) ) ;
#93 = CARTESIAN_POINT ( 'NONE',  ( 2.415079429167933611, 3.936415418983353565, 0.000000000000000000 ) ) ;
#94 = DIRECTION ( 'NONE',  ( 0.000000000000000000, 1.000000000000000000, 1.836970198721029934E-16 ) ) ;
#95 = ORIENTED_EDGE ( 'NONE', *, *, #709, .F. ) ;
#96 = DIRECTION ( 'NONE',  ( 0.9009688679024218105, 0.4338837391175525693, 7.970314984685942419E-17 ) ) ;
#97 = EDGE_CURVE ( 'NONE', #2774, #8879, #5212, .T. ) ;
#98 = ORIENTED_EDGE ( 'NONE', *, *, #7550, .F. ) ;
#99 = EDGE_CURVE ( 'NONE', #10830, #4649, #6335, .T. ) ;
#100 = DIRECTION ( 'NONE',  ( 0.6234898018587431423, 0.7818314824680221431, 1.436201133715639822E-16 ) ) ;
#101 = EDGE_CURVE ( 'NONE', #10013, #8385, #9511, .T. ) ;
#102 = AXIS2_PLACEMENT_3D ( 'NONE', #1724, #7010, #5246 ) ;
#103 = DIRECTION ( 'NONE',  ( -0.000000000000000000, 1.000000000000000000, -0.000000000000000000 ) ) ;
#104 = VERTEX_POINT ( 'NONE', #7086 ) ;
#105 = DIRECTION ( 'NONE',  ( 0.000000000000000000, 0.000000000000000000, 1.000000000000000000 ) ) ;
#106 = DIRECTION ( 'NONE',  ( -0.6234898018587431423, -0.7818314824680221431, -1.481414429610370493E-16 ) ) ;
#107 = DIRECTION ( 'NONE',  ( -7.970314984685941186E-17, -3.492023159033203940E-16, 1.000000000000000000 ) ) ;
#108 = CARTESIAN_POINT ( 'NONE',  ( -3.039904091628593097, 5.278831057677258798, 0.4669859836141827536 ) ) ;
#109 = ORIENTED_EDGE ( 'NONE', *, *, #2971, .T. ) ;
#110 = CARTESIAN_POINT ( 'NONE',  ( 4.162148097593584062, -4.117892845480419339, 0.4999999999999983902 ) ) ;
#111 = ORIENTED_EDGE ( 'NONE', *, *, #11366, .F. ) ;
#112 = ADVANCED_FACE ( 'NONE', ( #7306 ), #4579, .F. ) ;
#113 = DIRECTION ( 'NONE',  ( 0.6234898018587320401, -0.7818314824680310249, 0.000000000000000000 ) ) ;
#114 = FACE_OUTER_BOUND ( 'NONE', #1963, .T. ) ;
#115 = ORIENTED_EDGE ( 'NONE', *, *, #3488, .F. ) ;
#116 = DIRECTION ( 'NONE',  ( 0.000000000000000000, -2.389426275450147340E-16, 1.000000000000000000 ) ) ;
#117 = ORIENTED_EDGE ( 'NONE', *, *, #10481, .F. ) ;
#119 = EDGE_CURVE ( 'NONE', #1494, #2564, #4650, .T. ) ;
#118 = VERTEX_POINT ( 'NONE', #863 ) ;
#120 = CARTESIAN_POINT ( 'NONE',  ( 0.000000000000000000, 4.592425496802613046E-17, 2.249999999999998224 ) ) ;
#121 = DIRECTION ( 'NONE',  ( -0.9009688679024158153, 0.4338837391175651703, 0.000000000000000000 ) ) ;
#122 = DIRECTION ( 'NONE',  ( 0.9749279121818257288, 0.2225209339563054001, -0.000000000000000000 ) ) ;
#123 = ORIENTED_EDGE ( 'NONE', *, *, #3397, .F. ) ;
#124 = CARTESIAN_POINT ( 'NONE',  ( 5.148848552145716795, -2.787449884792134736, 0.000000000000000000 ) ) ;
#125 = VERTEX_POINT ( 'NONE', #3692 ) ;
#126 = ORIENTED_EDGE ( 'NONE', *, *, #6992, .T. ) ;
#127 = DIRECTION ( 'NONE',  ( -7.970314984685944884E-17, 3.492023159033203447E-16, -1.000000000000000000 ) ) ;
#128 = ORIENTED_EDGE ( 'NONE', *, *, #10130, .T. ) ;
#129 = EDGE_CURVE ( 'NONE', #1774, #160, #3189, .T. ) ;
#130 = CARTESIAN_POINT ( 'NONE',  ( 5.848381429644155638, 0.2774039050808434492, 0.000000000000000000 ) ) ;
#131 = DIRECTION ( 'NONE',  ( -0.000000000000000000, -0.000000000000000000, -1.000000000000000000 ) ) ;
#132 = FACE_OUTER_BOUND ( 'NONE', #7121, .T. ) ;
#133 = VERTEX_POINT ( 'NONE', #7207 ) ;
#134 = CARTESIAN_POINT ( 'NONE',  ( -1.571836107868694210, 4.342500000000022453, 0.5000000000000001110 ) ) ;
#135 = CONICAL_SURFACE ( 'NONE', #7255, 8.000000000000000000, 0.7853981633974415066 ) ;
#136 = DIRECTION ( 'NONE',  ( -0.7818314824680319131, -0.6234898018587309299, 8.881784197001252323E-16 ) ) ;
#137 = ORIENTED_EDGE ( 'NONE', *, *, #6485, .T. ) ;
#138 = CARTESIAN_POINT ( 'NONE',  ( 0.4970585579925976272, -5.878761458669804263, 0.4999999999999978351 ) ) ;
#139 = DIRECTION ( 'NONE',  ( 0.9009688679024158153, -0.4338837391175651703, -2.233232632184273137E-16 ) ) ;
#140 = VERTEX_POINT ( 'NONE', #11609 ) ;
#141 = DIRECTION ( 'NONE',  ( -0.7818314824680219211, 0.6234898018587434754, 2.243323199222252322E-30 ) ) ;
#142 = DIRECTION ( 'NONE',  ( 0.000000000000000000, -2.759071806679814764E-16, 1.000000000000000000 ) ) ;
#143 = EDGE_CURVE ( 'NONE', #1833, #5275, #30, .T. ) ;
#144 = ORIENTED_EDGE ( 'NONE', *, *, #9236, .T. ) ;
#145 = CIRCLE ( 'NONE', #516, 1.830752539561562253 ) ;
#146 = CYLINDRICAL_SURFACE ( 'NONE', #9436, 5.854956726839295023 ) ;
#147 = VERTEX_POINT ( 'NONE', #8966 ) ;
#148 = CARTESIAN_POINT ( 'NONE',  ( 6.309435231926579846, 2.038964159748405169, -0.2500000000000011102 ) ) ;
#149 = DIRECTION ( 'NONE',  ( -7.970314984685941186E-17, 3.492023159033203447E-16, -1.000000000000000000 ) ) ;
#150 = ADVANCED_FACE ( 'NONE', ( #6278 ), #135, .T. ) ;
#151 = VERTEX_POINT ( 'NONE', #6209 ) ;
#152 = EDGE_CURVE ( 'NONE', #2564, #1494, #5405, .T. ) ;
#153 = DIRECTION ( 'NONE',  ( 1.000000000000000000, 0.000000000000000000, 0.000000000000000000 ) ) ;
#154 = DIRECTION ( 'NONE',  ( 0.000000000000000000, -1.836970198721029688E-16, 1.000000000000000000 ) ) ;
#155 = LINE ( 'NONE', #9959, #2285 ) ;
#156 = EDGE_CURVE ( 'NONE', #4103, #8689, #1813, .T. ) ;
#157 = SPHERICAL_SURFACE ( 'NONE', #4024, 1.815000000000000169 ) ;
#158 = ORIENTED_EDGE ( 'NONE', *, *, #7912, .F. ) ;
#159 = DIRECTION ( 'NONE',  ( -0.6234898018587329283, -0.7818314824680303587, 0.000000000000000000 ) ) ;
#160 = VERTEX_POINT ( 'NONE', #9021 ) ;
#161 = CARTESIAN_POINT ( 'NONE',  ( 0.000000000000000000, 0.000000000000000000, 0.000000000000000000 ) ) ;
#162 = DIRECTION ( 'NONE',  ( -0.000000000000000000, -0.000000000000000000, -1.000000000000000000 ) ) ;
#163 = ORIENTED_EDGE ( 'NONE', *, *, #8700, .F. ) ;
#164 = FACE_OUTER_BOUND ( 'NONE', #7867, .T. ) ;
#165 = ORIENTED_EDGE ( 'NONE', *, *, #3201, .F. ) ;
#166 = CARTESIAN_POINT ( 'NONE',  ( 3.300315535752635476, -3.230463181104189285, -0.5000000000000013323 ) ) ;
#167 = ORIENTED_EDGE ( 'NONE', *, *, #6125, .T. ) ;
#168 = CARTESIAN_POINT ( 'NONE',  ( -3.300315535752680329, -3.230463181104143988, 0.4999999999999986122 ) ) ;
#169 = ADVANCED_FACE ( 'NONE', ( #2754 ), #6379, .T. ) ;
#170 = CARTESIAN_POINT ( 'NONE',  ( 0.000000000000000000, 0.000000000000000000, 0.000000000000000000 ) ) ;
#171 = ADVANCED_FACE ( 'NONE', ( #6327 ), #5520, .T. ) ;
#172 = ORIENTED_EDGE ( 'NONE', *, *, #6533, .F. ) ;
#173 = ORIENTED_EDGE ( 'NONE', *, *, #10275, .T. ) ;
#174 = AXIS2_PLACEMENT_3D ( 'NONE', #1737, #1909, #1797 ) ;
#175 = CARTESIAN_POINT ( 'NONE',  ( 8.954567602896607774E-17, -1.122867261495178503E-16, 0.5000000000000000000 ) ) ;
#176 = ORIENTED_EDGE ( 'NONE', *, *, #1019, .F. ) ;
#177 = LINE ( 'NONE', #4711, #967 ) ;
#178 = FACE_OUTER_BOUND ( 'NONE', #6322, .T. ) ;
#179 = CARTESIAN_POINT ( 'NONE',  ( 2.671639123616330380, -5.547715804109162541, 0.000000000000000000 ) ) ;
#180 = VECTOR ( 'NONE', #9468, 1000.000000000000000 ) ;
#181 = AXIS2_PLACEMENT_3D ( 'NONE', #7866, #8047, #8758 ) ;
#182 = ORIENTED_EDGE ( 'NONE', *, *, #9331, .T. ) ;
#183 = EDGE_CURVE ( 'NONE', #4926, #334, #4972, .T. ) ;
#184 = DIRECTION ( 'NONE',  ( 1.436201133715656092E-16, -6.916380135000592297E-17, 1.000000000000000000 ) ) ;
#185 = CARTESIAN_POINT ( 'NONE',  ( 2.671639123616330824, -5.547715804109164317, 1.571836107868753940 ) ) ;
#186 = EDGE_LOOP ( 'NONE', ( #3623, #8484 ) ) ;
#187 = CIRCLE ( 'NONE', #10494, 2.043333333333333446 ) ;
#188 = AXIS2_PLACEMENT_3D ( 'NONE', #4593, #10801, #8977 ) ;
#189 = CARTESIAN_POINT ( 'NONE',  ( -4.375126996066896368, 1.478593510159793123, 0.4999999999999995559 ) ) ;
#190 =( BOUNDED_CURVE ( )  B_SPLINE_CURVE ( 3, ( #8754, #11218, #9391, #4120 ),
 .UNSPECIFIED., .F., .F. ) 
 B_SPLINE_CURVE_WITH_KNOTS ( ( 4, 4 ),
 ( 3.141592653589793116, 4.712388980384689674 ),
 .UNSPECIFIED. ) 
 CURVE ( )  GEOMETRIC_REPRESENTATION_ITEM ( )  RATIONAL_B_SPLINE_CURVE ( ( 1.000000000000000000, 0.8047378541243649375, 0.8047378541243649375, 1.000000000000000000 ) ) 
 REPRESENTATION_ITEM ( '' )  );
#191 = DIRECTION ( 'NONE',  ( 0.4338837391175528468, -0.9009688679024215885, -3.492023159033201968E-16 ) ) ;
#192 = ORIENTED_EDGE ( 'NONE', *, *, #6973, .F. ) ;
#193 = CARTESIAN_POINT ( 'NONE',  ( 4.799931324454289161, -4.574604580850396118, -0.2500000000000023870 ) ) ;
#194 = DIRECTION ( 'NONE',  ( 7.970314984686170449E-17, 3.492023159033191614E-16, -1.000000000000000000 ) ) ;
#195 = CIRCLE ( 'NONE', #16, 1.815000000000000169 ) ;
#196 = ORIENTED_EDGE ( 'NONE', *, *, #874, .F. ) ;
#197 = CARTESIAN_POINT ( 'NONE',  ( 4.470037444215078537, -4.138337766436347209, -1.979745477316906310 ) ) ;
#198 = ORIENTED_EDGE ( 'NONE', *, *, #7809, .T. ) ;
#199 = TOROIDAL_SURFACE ( 'NONE', #11265, 2.687500000000000000, 0.1875000000000000000 ) ;
#200 = CIRCLE ( 'NONE', #9207, 0.2041022026635771758 ) ;
#201 = EDGE_CURVE ( 'NONE', #4501, #6877, #7484, .T. ) ;
#202 = CARTESIAN_POINT ( 'NONE',  ( 2.237903063308958718, 5.698273448560721377, -0.3964466094067261581 ) ) ;
#203 = VECTOR ( 'NONE', #1404, 1000.000000000000227 ) ;
#204 = CARTESIAN_POINT ( 'NONE',  ( -4.293211309183624813, -4.007104778592382566, -0.5000000000000017764 ) ) ;
#205 = EDGE_CURVE ( 'NONE', #6724, #1554, #1208, .T. ) ;
#206 = VERTEX_POINT ( 'NONE', #2266 ) ;
#207 = AXIS2_PLACEMENT_3D ( 'NONE', #8288, #9226, #7455 ) ;
#208 = AXIS2_PLACEMENT_3D ( 'NONE', #4881, #2954, #6588 ) ;
#209 = DIRECTION ( 'NONE',  ( -0.9118444439141155655, 0.4105358816266336253, 0.000000000000000000 ) ) ;
#210 = CARTESIAN_POINT ( 'NONE',  ( 0.000000000000000000, 5.250000000000000000, 0.000000000000000000 ) ) ;
#211 = AXIS2_PLACEMENT_3D ( 'NONE', #1482, #5070, #9407 ) ;
#212 = CARTESIAN_POINT ( 'NONE',  ( -5.079122790470043114, -2.912564154227082813, 0.4999999999999986122 ) ) ;
#213 = ORIENTED_EDGE ( 'NONE', *, *, #9108, .F. ) ;
#214 = FACE_OUTER_BOUND ( 'NONE', #403, .T. ) ;
#215 = CIRCLE ( 'NONE', #7899, 1.814999999999999725 ) ;
#216 = VERTEX_POINT ( 'NONE', #11065 ) ;
#217 = AXIS2_PLACEMENT_3D ( 'NONE', #8391, #1169, #10917 ) ;
#218 = CARTESIAN_POINT ( 'NONE',  ( -5.836046416229939915, 0.4731602255465626738, 0.3377898998919797169 ) ) ;
#219 = AXIS2_PLACEMENT_3D ( 'NONE', #3578, #8092, #58 ) ;
#220 = DIRECTION ( 'NONE',  ( 0.9009688679024218105, 0.4338837391175526248, 7.407072148051852464E-17 ) ) ;
#221 = AXIS2_PLACEMENT_3D ( 'NONE', #10592, #3503, #3376 ) ;
#222 = ADVANCED_FACE ( 'NONE', ( #7545 ), #4912, .T. ) ;
#223 = EDGE_LOOP ( 'NONE', ( #7544, #7271, #3381, #1514 ) ) ;
#224 = AXIS2_PLACEMENT_3D ( 'NONE', #3080, #10273, #3007 ) ;
#225 = DIRECTION ( 'NONE',  ( -0.000000000000000000, -1.836970198721029688E-16, 1.000000000000000000 ) ) ;
#226 = ORIENTED_EDGE ( 'NONE', *, *, #9794, .F. ) ;
#227 = CARTESIAN_POINT ( 'NONE',  ( 3.429523072411345908, 4.745407228990885962, -0.5000000000000000000 ) ) ;
#228 = CARTESIAN_POINT ( 'NONE',  ( 0.000000000000000000, 4.342500000000001137, 0.000000000000000000 ) ) ;
#229 = ORIENTED_EDGE ( 'NONE', *, *, #4026, .F. ) ;
#230 = DIRECTION ( 'NONE',  ( 1.000000000000000000, 0.000000000000000000, 0.000000000000000000 ) ) ;
#231 = CARTESIAN_POINT ( 'NONE',  ( 0.000000000000000000, 9.184850993605153861E-16, -2.500000000000002665 ) ) ;
#232 = CIRCLE ( 'NONE', #10169, 0.9074999999999942002 ) ;
#233 = AXIS2_PLACEMENT_3D ( 'NONE', #10785, #11552, #10723 ) ;
#234 = DIRECTION ( 'NONE',  ( -0.2225209339563178901, -0.9749279121818228422, -1.790913520579322294E-16 ) ) ;
#235 = ORIENTED_EDGE ( 'NONE', *, *, #1011, .F. ) ;
#236 = LINE ( 'NONE', #10038, #415 ) ;
#237 = ORIENTED_EDGE ( 'NONE', *, *, #1275, .F. ) ;
#238 = AXIS2_PLACEMENT_3D ( 'NONE', #7212, #8971, #2928 ) ;
#239 = EDGE_CURVE ( 'NONE', #5658, #11435, #3339, .T. ) ;
#240 = ADVANCED_FACE ( 'NONE', ( #1390 ), #6619, .T. ) ;
#241 = B_SPLINE_CURVE_WITH_KNOTS ( 'NONE', 3,
 ( #4145, #6898, #1618, #6083 ),
 .UNSPECIFIED., .F., .F.,
 ( 4, 4 ),
 ( 0.0005065015518760578950, 0.001011135659924350221 ),
 .UNSPECIFIED. ) ;
#242 = CIRCLE ( 'NONE', #4376, 1.815000000000000169 ) ;
#243 = EDGE_CURVE ( 'NONE', #8564, #1193, #10194, .T. ) ;
#244 = CIRCLE ( 'NONE', #2129, 4.618222060490380088 ) ;
#245 = CYLINDRICAL_SURFACE ( 'NONE', #2060, 5.854956726839295023 ) ;
#246 = ORIENTED_EDGE ( 'NONE', *, *, #349, .F. ) ;
#247 = CIRCLE ( 'NONE', #8691, 1.814999999999999725 ) ;
#248 = CARTESIAN_POINT ( 'NONE',  ( 1.963279114448572171, 5.515981634480914941, 0.5000000000000000000 ) ) ;
#249 = CARTESIAN_POINT ( 'NONE',  ( -5.118371538954584743, -1.168234903270601421, 0.000000000000000000 ) ) ;
#250 = DIRECTION ( 'NONE',  ( 1.184433339904205948E-16, -4.737733359616823793E-16, 1.000000000000000000 ) ) ;
#251 = AXIS2_PLACEMENT_3D ( 'NONE', #5043, #6743, #8447 ) ;
#252 = AXIS2_PLACEMENT_3D ( 'NONE', #3637, #7205, #9085 ) ;
#253 = CARTESIAN_POINT ( 'NONE',  ( -4.375126996066896368, 1.478593510159793567, -0.5000000000000004441 ) ) ;
#254 = ORIENTED_EDGE ( 'NONE', *, *, #4870, .F. ) ;
#255 = CIRCLE ( 'NONE', #6266, 0.9074999999999994182 ) ;
#256 = EDGE_CURVE ( 'NONE', #5972, #10661, #324, .T. ) ;
#257 = DIRECTION ( 'NONE',  ( 1.000000000000000000, 1.243449787580175325E-14, 0.000000000000000000 ) ) ;
#258 = DIRECTION ( 'NONE',  ( -0.000000000000000000, -1.836970198721029688E-16, 1.000000000000000000 ) ) ;
#259 = VERTEX_POINT ( 'NONE', #274 ) ;
#260 = APPROVAL_PERSON_ORGANIZATION ( #550, #2036, #9309 ) ;
#261 = AXIS2_PLACEMENT_3D ( 'NONE', #5568, #4742, #8319 ) ;
#262 = FACE_OUTER_BOUND ( 'NONE', #2592, .T. ) ;
#263 = DIRECTION ( 'NONE',  ( 1.000000000000000000, 0.000000000000000000, 0.000000000000000000 ) ) ;
#264 = EDGE_LOOP ( 'NONE', ( #9617, #270, #10255, #2824 ) ) ;
#265 = DIRECTION ( 'NONE',  ( 0.000000000000000000, 1.000000000000000000, 1.836970198721029934E-16 ) ) ;
#266 = DIRECTION ( 'NONE',  ( -1.436201133715639822E-16, 6.916380135000388919E-17, -1.000000000000000000 ) ) ;
#267 = ADVANCED_FACE ( 'NONE', ( #2977 ), #4746, .T. ) ;
#268 = ORIENTED_EDGE ( 'NONE', *, *, #4286, .T. ) ;
#269 = CARTESIAN_POINT ( 'NONE',  ( -4.822140887587991642, -3.343848065856657836, -0.5000000000000015543 ) ) ;
#270 = ORIENTED_EDGE ( 'NONE', *, *, #6424, .T. ) ;
#271 = PLANE ( 'NONE',  #8298 ) ;
#272 = CARTESIAN_POINT ( 'NONE',  ( -4.233624458649580369, -0.9662971557052543181, -1.830752539561564030 ) ) ;
#273 = EDGE_LOOP ( 'NONE', ( #8140, #5754, #5867 ) ) ;
#274 = CARTESIAN_POINT ( 'NONE',  ( 0.4484599904916782842, -6.075027395718184842, -0.1313876030881700741 ) ) ;
#275 = ADVANCED_FACE ( 'NONE', ( #379 ), #3977, .T. ) ;
#276 = FACE_OUTER_BOUND ( 'NONE', #5408, .T. ) ;
#277 = CARTESIAN_POINT ( 'NONE',  ( 0.000000000000000000, -3.531249999999995115, -0.5832010266623225414 ) ) ;
#278 = LINE ( 'NONE', #10965, #3089 ) ;
#279 = VERTEX_POINT ( 'NONE', #6501 ) ;
#280 = DIRECTION ( 'NONE',  ( 0.000000000000000000, -1.000000000000000000, -1.763933479423782137E-16 ) ) ;
#281 = ORIENTED_EDGE ( 'NONE', *, *, #2389, .T. ) ;
#282 = CARTESIAN_POINT ( 'NONE',  ( 6.053386115997621886, 0.9138090314649699453, -0.2500000000000000555 ) ) ;
#283 = CARTESIAN_POINT ( 'NONE',  ( 4.915055493357639804, -3.201427883957437270, 0.000000000000000000 ) ) ;
#284 = ORIENTED_EDGE ( 'NONE', *, *, #360, .T. ) ;
#285 = ORIENTED_EDGE ( 'NONE', *, *, #5196, .T. ) ;
#286 = CARTESIAN_POINT ( 'NONE',  ( 0.000000000000000000, 8.955114908127599974E-16, -2.374937500000000590 ) ) ;
#287 = PLANE ( 'NONE',  #9032 ) ;
#288 = VERTEX_POINT ( 'NONE', #9257 ) ;
#289 = DIRECTION ( 'NONE',  ( -0.000000000000000000, 1.000000000000000000, -0.000000000000000000 ) ) ;
#290 = CARTESIAN_POINT ( 'NONE',  ( 2.060536269002451792, 5.506209728874305043, 0.5000000000000000000 ) ) ;
#291 = CARTESIAN_POINT ( 'NONE',  ( 3.300315535752635476, -3.230463181104189285, 0.000000000000000000 ) ) ;
#292 = ORIENTED_EDGE ( 'NONE', *, *, #9995, .F. ) ;
#293 = CARTESIAN_POINT ( 'NONE',  ( 5.567464084207162323, 1.846687485750802882, 0.000000000000000000 ) ) ;
#294 = ORIENTED_EDGE ( 'NONE', *, *, #5738, .T. ) ;
#295 = ADVANCED_FACE ( 'NONE', ( #2041 ), #9425, .T. ) ;
#296 = DIRECTION ( 'NONE',  ( 0.9009688679024157043, -0.4338837391175651703, -7.407072148051852464E-17 ) ) ;
#297 = ORIENTED_EDGE ( 'NONE', *, *, #9227, .T. ) ;
#298 = PLANE ( 'NONE',  #7521 ) ;
#299 = ADVANCED_FACE ( 'NONE', ( #5620 ), #7376, .T. ) ;
#300 = CARTESIAN_POINT ( 'NONE',  ( 4.104615282957162492, 3.273321459758343543, 0.000000000000000000 ) ) ;
#301 = ADVANCED_FACE ( 'NONE', ( #9356 ), #7601, .T. ) ;
#302 = CARTESIAN_POINT ( 'NONE',  ( 4.729790980946556367, 0.5327148755112252054, 0.4999999999999995559 ) ) ;
#303 = DIRECTION ( 'NONE',  ( -0.6234898018587430313, -0.7818314824680221431, -1.436201133715639822E-16 ) ) ;
#304 = ADVANCED_FACE ( 'NONE', ( #4800, #8376 ), #8777, .T. ) ;
#305 = CARTESIAN_POINT ( 'NONE',  ( -2.277889630367217144, -4.730086556487682614, -1.833312158492425881E-15 ) ) ;
#306 = VERTEX_POINT ( 'NONE', #2435 ) ;
#307 = CARTESIAN_POINT ( 'NONE',  ( -5.729658811953161290, 1.970584941025376180, -1.701502775549881497 ) ) ;
#308 = DIRECTION ( 'NONE',  ( -0.6234898018587320401, 0.7818314824680310249, 0.000000000000000000 ) ) ;
#309 = VERTEX_POINT ( 'NONE', #675 ) ;
#310 = CARTESIAN_POINT ( 'NONE',  ( 2.671639123616330824, -5.547715804109163429, 1.571836107868754162 ) ) ;
#311 = DIRECTION ( 'NONE',  ( 0.000000000000000000, -2.389426275450147340E-16, 1.000000000000000000 ) ) ;
#312 = ORIENTED_EDGE ( 'NONE', *, *, #1943, .F. ) ;
#313 = CARTESIAN_POINT ( 'NONE',  ( 3.395103212617425648, 2.707504464571544478, 1.571836107868756160 ) ) ;
#314 = DIRECTION ( 'NONE',  ( 0.6234898018587431423, -0.7818314824680221431, -1.436201133715639822E-16 ) ) ;
#315 = ADVANCED_FACE ( 'NONE', ( #5208 ), #725, .T. ) ;
#316 = ORIENTED_EDGE ( 'NONE', *, *, #4776, .F. ) ;
#317 = CARTESIAN_POINT ( 'NONE',  ( -1.571836107868694210, 4.342500000000022453, 0.000000000000000000 ) ) ;
#318 = ORIENTED_EDGE ( 'NONE', *, *, #9277, .F. ) ;
#319 = DIRECTION ( 'NONE',  ( -0.6234898018587320401, 0.7818314824680310249, 1.436201133715656092E-16 ) ) ;
#320 = EDGE_CURVE ( 'NONE', #1216, #10508, #9325, .T. ) ;
#321 = CARTESIAN_POINT ( 'NONE',  ( 5.527994894309681051, -3.661641740954598045, -0.2500000000000023870 ) ) ;
#322 = ORIENTED_EDGE ( 'NONE', *, *, #10865, .T. ) ;
#323 = B_SPLINE_CURVE_WITH_KNOTS ( 'NONE', 3,
 ( #3232, #7843, #689, #4283 ),
 .UNSPECIFIED., .F., .F.,
 ( 4, 4 ),
 ( 0.0005048269569637953104, 0.001006091645347109709 ),
 .UNSPECIFIED. ) ;
#324 = CIRCLE ( 'NONE', #3716, 1.815000000000000169 ) ;
#325 = DIRECTION ( 'NONE',  ( 0.4105358816266336253, 0.9118444439141155655, 1.312526286206758766E-16 ) ) ;
#326 = DIRECTION ( 'NONE',  ( 1.000000000000000000, 0.000000000000000000, 0.000000000000000000 ) ) ;
#327 = DIRECTION ( 'NONE',  ( 0.9749279121818243965, -0.2225209339563109512, 1.246288636042854082E-16 ) ) ;
#328 = CARTESIAN_POINT ( 'NONE',  ( -5.939956318862338769, 0.9041197744844240436, 0.4884072837075400519 ) ) ;
#329 = EDGE_LOOP ( 'NONE', ( #1562, #1197, #9315, #4869 ) ) ;
#330 = ORIENTED_EDGE ( 'NONE', *, *, #8690, .F. ) ;
#331 = DIRECTION ( 'NONE',  ( 0.6234898018587320401, -0.7818314824680310249, 0.000000000000000000 ) ) ;
#332 = EDGE_CURVE ( 'NONE', #11329, #7757, #4278, .T. ) ;
#333 = LINE ( 'NONE', #1333, #5145 ) ;
#334 = VERTEX_POINT ( 'NONE', #7888 ) ;
#335 = ORIENTED_EDGE ( 'NONE', *, *, #1565, .T. ) ;
#336 = CARTESIAN_POINT ( 'NONE',  ( 9.797174393178825657E-16, 8.000000000000000000, -2.250000000000001332 ) ) ;
#337 = DIRECTION ( 'NONE',  ( 0.2225209339563183342, 0.9749279121818227312, 1.790913520579321555E-16 ) ) ;
#338 = ORIENTED_EDGE ( 'NONE', *, *, #10419, .F. ) ;
#339 = DIRECTION ( 'NONE',  ( 0.8894955886004684009, 0.4569437578743210104, -9.614548998056148653E-17 ) ) ;
#340 = EDGE_CURVE ( 'NONE', #8201, #6002, #894, .T. ) ;
#341 = DIRECTION ( 'NONE',  ( 0.000000000000000000, 0.000000000000000000, 1.000000000000000000 ) ) ;
#342 = DIRECTION ( 'NONE',  ( -0.000000000000000000, -1.836970198721029688E-16, 1.000000000000000000 ) ) ;
#343 = ORIENTED_EDGE ( 'NONE', *, *, #5530, .T. ) ;
#344 = CYLINDRICAL_SURFACE ( 'NONE', #10173, 0.2499999999999998057 ) ;
#345 = ORIENTED_EDGE ( 'NONE', *, *, #10404, .T. ) ;
#346 = EDGE_CURVE ( 'NONE', #125, #2789, #2397, .T. ) ;
#347 = CARTESIAN_POINT ( 'NONE',  ( 0.000000000000000000, 6.157500000000000639, 0.000000000000000000 ) ) ;
#348 = ORIENTED_EDGE ( 'NONE', *, *, #9683, .F. ) ;
#349 = EDGE_CURVE ( 'NONE', #754, #309, #7777, .T. ) ;
#350 = CARTESIAN_POINT ( 'NONE',  ( 9.644093543285408694E-16, -7.750000000000003553, 2.499999999999996891 ) ) ;
#351 = CARTESIAN_POINT ( 'NONE',  ( 0.4679647384833099943, -4.594451436628344432, -0.5000000000000014433 ) ) ;
#352 = CARTESIAN_POINT ( 'NONE',  ( -4.822140887587991642, -3.343848065856657836, -0.5000000000000015543 ) ) ;
#353 = DIRECTION ( 'NONE',  ( 0.4338837391175664471, 0.9009688679024150382, 2.800385145533129673E-16 ) ) ;
#354 = FACE_OUTER_BOUND ( 'NONE', #7670, .T. ) ;
#355 = EDGE_LOOP ( 'NONE', ( #4302, #2104, #9880, #4862 ) ) ;
#356 = DIRECTION ( 'NONE',  ( 1.790913520579327471E-16, -2.245734522990332848E-16, 1.000000000000000000 ) ) ;
#357 = ADVANCED_FACE ( 'NONE', ( #494 ), #8661, .T. ) ;
#358 = FACE_OUTER_BOUND ( 'NONE', #9169, .T. ) ;
#359 = ORIENTED_EDGE ( 'NONE', *, *, #6726, .T. ) ;
#360 = EDGE_CURVE ( 'NONE', #985, #9630, #10643, .T. ) ;
#361 = LINE ( 'NONE', #3791, #5636 ) ;
#362 = FACE_OUTER_BOUND ( 'NONE', #7449, .T. ) ;
#363 = ORIENTED_EDGE ( 'NONE', *, *, #12, .F. ) ;
#364 = DIRECTION ( 'NONE',  ( -1.436201133715656092E-16, 6.916380135000592297E-17, -1.000000000000000000 ) ) ;
#365 = CIRCLE ( 'NONE', #6933, 7.750000000000003553 ) ;
#366 = DIRECTION ( 'NONE',  ( -0.9009688679024188129, -0.4338837391175587865, -1.594062996937211903E-16 ) ) ;
#367 = EDGE_LOOP ( 'NONE', ( #994, #6025, #5266, #5958 ) ) ;
#368 = DIRECTION ( 'NONE',  ( -0.000000000000000000, 0.000000000000000000, -1.000000000000000000 ) ) ;
#369 = ORIENTED_EDGE ( 'NONE', *, *, #5976, .T. ) ;
#370 = EDGE_CURVE ( 'NONE', #1625, #7095, #5419, .T. ) ;
#371 = CARTESIAN_POINT ( 'NONE',  ( 5.472773158957018325, 2.080690323849354595, 1.027403961127392839E-17 ) ) ;
#372 = AXIS2_PLACEMENT_3D ( 'NONE', #5584, #2936, #4524 ) ;
#373 = EDGE_CURVE ( 'NONE', #5162, #1134, #145, .T. ) ;
#374 = CIRCLE ( 'NONE', #181, 1.815000000000000169 ) ;
#375 = LINE ( 'NONE', #3973, #10766 ) ;
#376 = CIRCLE ( 'NONE', #1894, 5.854956726839295023 ) ;
#377 = EDGE_CURVE ( 'NONE', #915, #5795, #2031, .T. ) ;
#378 = ORIENTED_EDGE ( 'NONE', *, *, #6985, .T. ) ;
#379 = FACE_OUTER_BOUND ( 'NONE', #9109, .T. ) ;
#380 = DIRECTION ( 'NONE',  ( 0.000000000000000000, 0.000000000000000000, 1.000000000000000000 ) ) ;
#381 = FACE_OUTER_BOUND ( 'NONE', #6640, .T. ) ;
#382 = VECTOR ( 'NONE', #5501, 1000.000000000000000 ) ;
#383 = VERTEX_POINT ( 'NONE', #6854 ) ;
#384 = CARTESIAN_POINT ( 'NONE',  ( -3.124591499507607395, 4.502232414170197927, -1.373626770738917665E-16 ) ) ;
#385 = VERTEX_POINT ( 'NONE', #1564 ) ;
#386 = VECTOR ( 'NONE', #8164, 1000.000000000000000 ) ;
#387 = LINE ( 'NONE', #7436, #3797 ) ;
#388 = EDGE_CURVE ( 'NONE', #7805, #10364, #6900, .T. ) ;
#389 = CARTESIAN_POINT ( 'NONE',  ( 4.777343085962988845, 0.9466836947465373520, -0.5000000000000006661 ) ) ;
#390 = ORIENTED_EDGE ( 'NONE', *, *, #5363, .T. ) ;
#391 = AXIS2_PLACEMENT_3D ( 'NONE', #2786, #9069, #6660 ) ;
#392 = EDGE_LOOP ( 'NONE', ( #137, #8584, #11281 ) ) ;
#393 = CARTESIAN_POINT ( 'NONE',  ( 0.000000000000000000, 8.673617379884035472E-16, -1.089635132033648291E-15 ) ) ;
#394 = ORIENTED_EDGE ( 'NONE', *, *, #11459, .F. ) ;
#396 = CIRCLE ( 'NONE', #9213, 1.571836107868756383 ) ;
#395 = DIRECTION ( 'NONE',  ( -0.2225209339563050392, -0.9749279121818257288, -1.790913520579326978E-16 ) ) ;
#397 = CARTESIAN_POINT ( 'NONE',  ( 5.079122790470003146, -2.912564154227151203, -0.5000000000000015543 ) ) ;
#398 = CARTESIAN_POINT ( 'NONE',  ( -6.042879713375835848, 0.9140797076414439726, -0.1680249406405552037 ) ) ;
#399 = ORIENTED_EDGE ( 'NONE', *, *, #8003, .T. ) ;
#400 = DIRECTION ( 'NONE',  ( 0.000000000000000000, -0.7071067811865341390, 0.7071067811865608954 ) ) ;
#401 = EDGE_CURVE ( 'NONE', #8266, #7261, #11208, .T. ) ;
#402 = CIRCLE ( 'NONE', #1916, 1.815000000000000169 ) ;
#403 = EDGE_LOOP ( 'NONE', ( #1865, #8812, #9304, #1807, #9929, #2913, #285, #5937 ) ) ;
#404 = VECTOR ( 'NONE', #2712, 1000.000000000000000 ) ;
#405 = VECTOR ( 'NONE', #7498, 1000.000000000000000 ) ;
#406 = VECTOR ( 'NONE', #1568, 1000.000000000000000 ) ;
#407 = SPHERICAL_SURFACE ( 'NONE', #11616, 1.815000000000000169 ) ;
#408 = ORIENTED_EDGE ( 'NONE', *, *, #10278, .T. ) ;
#409 = AXIS2_PLACEMENT_3D ( 'NONE', #2058, #7326, #999 ) ;
#410 = AXIS2_PLACEMENT_3D ( 'NONE', #925, #113, #10798 ) ;
#411 = CARTESIAN_POINT ( 'NONE',  ( -3.391824491822198251, 5.697532308577989646, -0.2500000000000000000 ) ) ;
#412 = CYLINDRICAL_SURFACE ( 'NONE', #7140, 7.375803125000000016 ) ;
#413 = PLANE ( 'NONE',  #1364 ) ;
#414 = EDGE_CURVE ( 'NONE', #8745, #8103, #9146, .T. ) ;
#415 = VECTOR ( 'NONE', #2008, 1000.000000000000000 ) ;
#416 = DIRECTION ( 'NONE',  ( -0.6234898018587434754, -0.7818314824680218100, -2.872402267431296407E-16 ) ) ;
#417 = ORIENTED_EDGE ( 'NONE', *, *, #1731, .T. ) ;
#418 = VECTOR ( 'NONE', #8022, 1000.000000000000000 ) ;
#419 = CIRCLE ( 'NONE', #6993, 0.9075000000001322009 ) ;
#420 = DIRECTION ( 'NONE',  ( 0.000000000000000000, 0.000000000000000000, 1.000000000000000000 ) ) ;
#421 = CIRCLE ( 'NONE', #7731, 1.815000000000000169 ) ;
#422 = DIRECTION ( 'NONE',  ( 1.000000000000000000, 0.000000000000000000, 0.000000000000000000 ) ) ;
#423 = EDGE_LOOP ( 'NONE', ( #5481, #2815 ) ) ;
#424 = LINE ( 'NONE', #189, #3759 ) ;
#425 = DIRECTION ( 'NONE',  ( -0.000000000000000000, -1.836970198721029688E-16, 1.000000000000000000 ) ) ;
#426 = ORIENTED_EDGE ( 'NONE', *, *, #4658, .F. ) ;
#427 = CARTESIAN_POINT ( 'NONE',  ( -6.003118619259592670, -1.370172650835948858, 0.000000000000000000 ) ) ;
#428 = B_SPLINE_CURVE_WITH_KNOTS ( 'NONE', 3,
 ( #3257, #6885, #6836, #5008 ),
 .UNSPECIFIED., .F., .F.,
 ( 4, 4 ),
 ( 0.0005065015518760505224, 0.001011135659924338077 ),
 .UNSPECIFIED. ) ;
#429 = AXIS2_PLACEMENT_3D ( 'NONE', #8461, #3780, #4015 ) ;
#430 = CIRCLE ( 'NONE', #10181, 1.744770758581195791 ) ;
#431 = DIRECTION ( 'NONE',  ( 1.000000000000000000, 0.000000000000000000, -0.000000000000000000 ) ) ;
#432 = ORIENTED_EDGE ( 'NONE', *, *, #5507, .T. ) ;
#433 = FACE_OUTER_BOUND ( 'NONE', #2159, .T. ) ;
#434 = AXIS2_PLACEMENT_3D ( 'NONE', #5213, #5031, #5971 ) ;
#435 = ORIENTED_EDGE ( 'NONE', *, *, #436, .T. ) ;
#436 = EDGE_CURVE ( 'NONE', #9299, #9233, #8726, .T. ) ;
#437 = VECTOR ( 'NONE', #6348, 1000.000000000000000 ) ;
#438 = CARTESIAN_POINT ( 'NONE',  ( -5.817359484334660102, 0.7518242008520946706, 0.1690706089109083876 ) ) ;
#439 = AXIS2_PLACEMENT_3D ( 'NONE', #11606, #103, #4401 ) ;
#440 = CARTESIAN_POINT ( 'NONE',  ( 0.000000000000000000, 9.184850993605153861E-16, -2.500000000000002665 ) ) ;
#441 = CARTESIAN_POINT ( 'NONE',  ( -1.884140137118027303, -3.912457308866241767, 1.571836107868754828 ) ) ;
#442 = ORIENTED_EDGE ( 'NONE', *, *, #5982, .T. ) ;
#443 = DIRECTION ( 'NONE',  ( -0.7655145253215015488, -0.6434186129743186822, -1.544445600469063778E-16 ) ) ;
#444 = LINE ( 'NONE', #10299, #8860 ) ;
#445 = ADVANCED_FACE ( 'NONE', ( #3377 ), #6956, .T. ) ;
#446 = LINE ( 'NONE', #2268, #7527 ) ;
#447 = EDGE_CURVE ( 'NONE', #9037, #4525, #6149, .T. ) ;
#448 = PERSON_AND_ORGANIZATION_ROLE ( 'design_owner' ) ;
#449 = ORIENTED_EDGE ( 'NONE', *, *, #332, .T. ) ;
#450 = CARTESIAN_POINT ( 'NONE',  ( 4.492530747588856954, 1.572219877753442629, 0.4999999999999994449 ) ) ;
#451 = ORIENTED_EDGE ( 'NONE', *, *, #7246, .T. ) ;
#452 = EDGE_CURVE ( 'NONE', #3084, #8399, #1743, .T. ) ;
#453 = LINE ( 'NONE', #2343, #781 ) ;
#454 = ORIENTED_EDGE ( 'NONE', *, *, #6902, .F. ) ;
#455 = ORIENTED_EDGE ( 'NONE', *, *, #659, .F. ) ;
#456 = LINE ( 'NONE', #3994, #9228 ) ;
#457 = ORIENTED_EDGE ( 'NONE', *, *, #5516, .T. ) ;
#458 = DIRECTION ( 'NONE',  ( -0.000000000000000000, 1.000000000000000000, -0.000000000000000000 ) ) ;
#459 = CYLINDRICAL_SURFACE ( 'NONE', #8089, 0.2499999999999998890 ) ;
#460 = CARTESIAN_POINT ( 'NONE',  ( 6.003118619259574018, -1.370172650836029682, -1.382811032531312544E-15 ) ) ;
#461 = ORIENTED_EDGE ( 'NONE', *, *, #8095, .F. ) ;
#462 = CARTESIAN_POINT ( 'NONE',  ( 5.079122790470003146, -2.912564154227151203, 0.4999999999999993339 ) ) ;
#463 = EDGE_CURVE ( 'NONE', #6670, #8689, #8904, .T. ) ;
#464 = ORIENTED_EDGE ( 'NONE', *, *, #3839, .T. ) ;
#465 = AXIS2_PLACEMENT_3D ( 'NONE', #6420, #10095, #1843 ) ;
#466 = EDGE_CURVE ( 'NONE', #4074, #11030, #6708, .T. ) ;
#467 = CARTESIAN_POINT ( 'NONE',  ( -4.714988052979766309, 1.219878944467608139, -0.5000000000000006661 ) ) ;
#468 = ORIENTED_EDGE ( 'NONE', *, *, #99, .T. ) ;
#469 = DIRECTION ( 'NONE',  ( -0.9009688679024157043, 0.4338837391175651703, 1.841765843617871870E-16 ) ) ;
#470 = CARTESIAN_POINT ( 'NONE',  ( 4.233624458649566158, -0.9662971557053121607, -9.752102166085628058E-16 ) ) ;
#471 = DIRECTION ( 'NONE',  ( 0.7818314824680310249, 0.6234898018587320401, -6.916380135000592297E-17 ) ) ;
#472 = ORIENTED_EDGE ( 'NONE', *, *, #6545, .F. ) ;
#473 = DIRECTION ( 'NONE',  ( 7.970314984686170449E-17, 3.492023159033191614E-16, -1.000000000000000000 ) ) ;
#474 = ORIENTED_EDGE ( 'NONE', *, *, #9921, .F. ) ;
#475 = CARTESIAN_POINT ( 'NONE',  ( 4.307239450811739090, -4.261441472619265980, -1.979745477316906310 ) ) ;
#476 = ADVANCED_FACE ( 'NONE', ( #3557 ), #5506, .F. ) ;
#477 = DIRECTION ( 'NONE',  ( -0.9749279121818257288, -0.2225209339563050392, -2.245734522990332355E-16 ) ) ;
#478 = ORIENTED_EDGE ( 'NONE', *, *, #9351, .T. ) ;
#479 = CARTESIAN_POINT ( 'NONE',  ( 4.424204678916258793, -4.077726413178735854, -0.5000000000000017764 ) ) ;
#480 = FACE_OUTER_BOUND ( 'NONE', #3774, .T. ) ;
#481 = EDGE_LOOP ( 'NONE', ( #1452, #7487 ) ) ;
#482 = DIRECTION ( 'NONE',  ( -0.7818314824680319131, -0.6234898018587309299, 0.000000000000000000 ) ) ;
#483 = EDGE_CURVE ( 'NONE', #4758, #8493, #6368, .T. ) ;
#484 = FACE_OUTER_BOUND ( 'NONE', #7053, .T. ) ;
#485 = ORIENTED_EDGE ( 'NONE', *, *, #7783, .T. ) ;
#486 = DIRECTION ( 'NONE',  ( -0.9749279121818257288, -0.2225209339563050392, -2.245734522990332355E-16 ) ) ;
#487 = VERTEX_POINT ( 'NONE', #9940 ) ;
#488 = FACE_OUTER_BOUND ( 'NONE', #7987, .T. ) ;
#489 = DIRECTION ( 'NONE',  ( -1.000000000000000000, 1.543210004228967591E-14, -1.436201133715629222E-16 ) ) ;
#490 = CARTESIAN_POINT ( 'NONE',  ( -1.571836107868694210, 4.342500000000022453, 0.5000000000000001110 ) ) ;
#491 = ORIENTED_EDGE ( 'NONE', *, *, #5978, .F. ) ;
#492 = EDGE_CURVE ( 'NONE', #2040, #5339, #2743, .T. ) ;
#493 = AXIS2_PLACEMENT_3D ( 'NONE', #10988, #10817, #2780 ) ;
#494 = FACE_OUTER_BOUND ( 'NONE', #2024, .T. ) ;
#495 = CARTESIAN_POINT ( 'NONE',  ( -4.583390897398778030, 0.5661297392312394372, -0.5000000000000006661 ) ) ;
#496 = CARTESIAN_POINT ( 'NONE',  ( -7.181005668578204041E-17, 5.250000000000000000, 0.5000000000000003331 ) ) ;
#497 = APPROVAL_ROLE ( '' ) ;
#498 = ORIENTED_EDGE ( 'NONE', *, *, #3566, .F. ) ;
#499 = DIRECTION ( 'NONE',  ( 0.000000000000000000, 0.000000000000000000, 1.000000000000000000 ) ) ;
#500 = ORIENTED_EDGE ( 'NONE', *, *, #6183, .F. ) ;
#501 = CARTESIAN_POINT ( 'NONE',  ( 1.571836107868756605, 5.640022120804201400, 0.000000000000000000 ) ) ;
#502 = CARTESIAN_POINT ( 'NONE',  ( 1.030938487845573404, -5.763478472887654469, 0.4999999999999979461 ) ) ;
#503 = ADVANCED_FACE ( 'NONE', ( #11599 ), #7131, .T. ) ;
#504 = EDGE_CURVE ( 'NONE', #8162, #4249, #8725, .T. ) ;
#505 = VERTEX_POINT ( 'NONE', #9888 ) ;
#506 = AXIS2_PLACEMENT_3D ( 'NONE', #4406, #2348, #565 ) ;
#507 = ORIENTED_EDGE ( 'NONE', *, *, #1785, .F. ) ;
#508 = EDGE_CURVE ( 'NONE', #10253, #2539, #4882, .T. ) ;
#509 = ORIENTED_EDGE ( 'NONE', *, *, #10924, .T. ) ;
#510 = PLANE ( 'NONE',  #9965 ) ;
#511 = DIRECTION ( 'NONE',  ( 0.6234898018587268220, 0.7818314824680351327, 6.391696352470579061E-17 ) ) ;
#512 = CARTESIAN_POINT ( 'NONE',  ( -5.118371538954584743, -1.168234903270601421, 0.000000000000000000 ) ) ;
#513 = ORIENTED_EDGE ( 'NONE', *, *, #8417, .T. ) ;
#514 = CARTESIAN_POINT ( 'NONE',  ( -4.445328405613905076, -4.105661399265061462, 0.4791688938532047137 ) ) ;
#515 = ORIENTED_EDGE ( 'NONE', *, *, #4084, .T. ) ;
#516 = AXIS2_PLACEMENT_3D ( 'NONE', #5157, #11485, #4219 ) ;
#517 = CARTESIAN_POINT ( 'NONE',  ( -0.5331189051280397218, -4.729745457741819870, 0.4999999999999985012 ) ) ;
#518 = VERTEX_POINT ( 'NONE', #8956 ) ;
#519 = CARTESIAN_POINT ( 'NONE',  ( -3.883858019900379599, -2.498724050641747851, -0.5000000000000012212 ) ) ;
#520 = VERTEX_POINT ( 'NONE', #3627 ) ;
#521 = EDGE_CURVE ( 'NONE', #11105, #3766, #5459, .T. ) ;
#522 = CARTESIAN_POINT ( 'NONE',  ( 0.4561072009510477865, -6.104956726839291470, -0.5000000000000022204 ) ) ;
#523 = CARTESIAN_POINT ( 'NONE',  ( -1.709328942962086595, 5.599885073634353283, 0.5000000000000001110 ) ) ;
#524 = VERTEX_POINT ( 'NONE', #9009 ) ;
#525 = CARTESIAN_POINT ( 'NONE',  ( 0.000000000000000000, -7.375803125000000016, 2.374937499999997037 ) ) ;
#526 = CARTESIAN_POINT ( 'NONE',  ( 1.030938487845573404, -5.763478472887654469, 0.000000000000000000 ) ) ;
#527 = ORIENTED_EDGE ( 'NONE', *, *, #1299, .T. ) ;
#528 = DIRECTION ( 'NONE',  ( 0.9009688679024157043, -0.4338837391175651148, -7.042984236905964948E-17 ) ) ;
#529 = CARTESIAN_POINT ( 'NONE',  ( 0.000000000000000000, 0.000000000000000000, 0.000000000000000000 ) ) ;
#530 = EDGE_CURVE ( 'NONE', #5038, #11162, #9375, .T. ) ;
#531 = ORIENTED_EDGE ( 'NONE', *, *, #7254, .T. ) ;
#532 = CARTESIAN_POINT ( 'NONE',  ( 0.000000000000000000, -5.249999999999998224, -1.831771092316944022E-15 ) ) ;
#533 = FACE_OUTER_BOUND ( 'NONE', #9819, .T. ) ;
#534 = CARTESIAN_POINT ( 'NONE',  ( -5.833575934969728038, 0.4999100760164554846, 1.027403880348036144E-17 ) ) ;
#535 = FACE_OUTER_BOUND ( 'NONE', #8187, .T. ) ;
#536 = AXIS2_PLACEMENT_3D ( 'NONE', #5358, #10674, #1701 ) ;
#537 = ORIENTED_EDGE ( 'NONE', *, *, #1980, .F. ) ;
#538 = DIRECTION ( 'NONE',  ( -0.9009688679024218105, -0.4338837391175526248, -1.841765843617818375E-16 ) ) ;
#539 = EDGE_CURVE ( 'NONE', #8303, #10508, #11294, .T. ) ;
#540 = VERTEX_POINT ( 'NONE', #7244 ) ;
#541 = CARTESIAN_POINT ( 'NONE',  ( 2.014329346541046561, 5.528461809944925420, 0.5000000000000000000 ) ) ;
#542 = CARTESIAN_POINT ( 'NONE',  ( 0.000000000000000000, 0.000000000000000000, 0.000000000000000000 ) ) ;
#543 = AXIS2_PLACEMENT_3D ( 'NONE', #441, #4037, #11185 ) ;
#544 = CARTESIAN_POINT ( 'NONE',  ( -5.850399315318000504, 1.803152313773409787, -0.2500000000000007216 ) ) ;
#545 = DIRECTION ( 'NONE',  ( 0.2225209339563050392, -0.9749279121818257288, -1.851768037012963116E-16 ) ) ;
#546 = VERTEX_POINT ( 'NONE', #792 ) ;
#547 = DIRECTION ( 'NONE',  ( -0.9749279121818227312, 0.2225209339563182231, 2.245734522990357007E-16 ) ) ;
#548 = DIRECTION ( 'NONE',  ( 0.000000000000000000, 0.000000000000000000, 1.000000000000000000 ) ) ;
#549 = SPHERICAL_SURFACE ( 'NONE', #10153, 2.043333333333333002 ) ;
#550 = PERSON_AND_ORGANIZATION ( #3279, #1198 ) ;
#551 = EDGE_LOOP ( 'NONE', ( #9908, #527, #61, #4088, #5790, #10406, #4622, #6227, #10380, #3327, #4602, #7690, #2114, #4883 ) ) ;
#552 = DIRECTION ( 'NONE',  ( 0.000000000000000000, 0.000000000000000000, 1.000000000000000000 ) ) ;
#553 = EDGE_CURVE ( 'NONE', #7903, #10042, #7127, .T. ) ;
#554 = ORIENTED_EDGE ( 'NONE', *, *, #10390, .F. ) ;
#555 = AXIS2_PLACEMENT_3D ( 'NONE', #2372, #5010, #1546 ) ;
#556 = CIRCLE ( 'NONE', #10496, 1.830752539561562919 ) ;
#557 = AXIS2_PLACEMENT_3D ( 'NONE', #3961, #5672, #6540 ) ;
#558 = DIRECTION ( 'NONE',  ( 0.000000000000000000, 0.000000000000000000, 1.000000000000000000 ) ) ;
#559 = ADVANCED_FACE ( 'NONE', ( #7959 ), #3735, .F. ) ;
#560 = CARTESIAN_POINT ( 'NONE',  ( 3.291238272708512037E-16, -2.687500000000000000, 2.172334957055046978 ) ) ;
#561 = ORIENTED_EDGE ( 'NONE', *, *, #4976, .F. ) ;
#562 = ORIENTED_EDGE ( 'NONE', *, *, #7006, .F. ) ;
#563 = CIRCLE ( 'NONE', #6012, 3.140624999999995559 ) ;
#564 = AXIS2_PLACEMENT_3D ( 'NONE', #2295, #2358, #4009 ) ;
#565 = DIRECTION ( 'NONE',  ( 0.2225209339563182231, 0.9749279121818227312, 1.878129129841590735E-16 ) ) ;
#566 = DIRECTION ( 'NONE',  ( 1.790913520579326978E-16, 2.245734522990332355E-16, -1.000000000000000000 ) ) ;
#567 = CIRCLE ( 'NONE', #5071, 1.571836107868756383 ) ;
#568 = CARTESIAN_POINT ( 'NONE',  ( 4.375126996066917684, 1.478593510159734059, 0.4999999999999994449 ) ) ;
#569 = CARTESIAN_POINT ( 'NONE',  ( -2.277889630367217144, -4.730086556487682614, -0.5000000000000015543 ) ) ;
#570 = VERTEX_POINT ( 'NONE', #7074 ) ;
#571 = DIRECTION ( 'NONE',  ( -0.000000000000000000, -1.836970198721029688E-16, 1.000000000000000000 ) ) ;
#572 = VECTOR ( 'NONE', #8353, 1000.000000000000000 ) ;
#573 = ORIENTED_EDGE ( 'NONE', *, *, #3516, .T. ) ;
#574 = CIRCLE ( 'NONE', #11078, 5.854956726839295023 ) ;
#575 = LINE ( 'NONE', #5116, #1891 ) ;
#576 = ADVANCED_FACE ( 'NONE', ( #2619, #6194 ), #10182, .T. ) ;
#577 = AXIS2_PLACEMENT_3D ( 'NONE', #5605, #4724, #4615 ) ;
#578 = EDGE_LOOP ( 'NONE', ( #6104, #9206, #9007, #10686 ) ) ;
#579 = AXIS2_PLACEMENT_3D ( 'NONE', #11502, #7790, #8741 ) ;
#580 = DIRECTION ( 'NONE',  ( -0.9009688679024216995, -0.4338837391175529024, -7.970314984685952280E-17 ) ) ;
#581 = EDGE_LOOP ( 'NONE', ( #7741, #10028, #11052, #5188 ) ) ;
#582 = CYLINDRICAL_SURFACE ( 'NONE', #4900, 0.2500000000000002220 ) ;
#583 = DIRECTION ( 'NONE',  ( 0.9009688679024216995, 0.4338837391175526248, 7.042984236905964948E-17 ) ) ;
#584 = CIRCLE ( 'NONE', #3975, 1.815000000000000169 ) ;
#585 = AXIS2_PLACEMENT_3D ( 'NONE', #3185, #4953, #1362 ) ;
#586 = CARTESIAN_POINT ( 'NONE',  ( 4.814127353296902001, 3.839138454945143053, -4.258761068126614905E-16 ) ) ;
#587 = ORIENTED_EDGE ( 'NONE', *, *, #843, .F. ) ;
#588 = CARTESIAN_POINT ( 'NONE',  ( 0.000000000000000000, 8.725608443924895083E-16, -2.250000000000002220 ) ) ;
#589 = AXIS2_PLACEMENT_3D ( 'NONE', #8310, #266, #3858 ) ;
#590 = EDGE_CURVE ( 'NONE', #2761, #11079, #2443, .T. ) ;
#591 = EDGE_CURVE ( 'NONE', #5083, #7350, #10698, .T. ) ;
#592 = AXIS2_PLACEMENT_3D ( 'NONE', #4803, #327, #2161 ) ;
#593 = EDGE_LOOP ( 'NONE', ( #3026, #294, #5186, #3320 ) ) ;
#594 = EDGE_CURVE ( 'NONE', #10758, #9662, #9754, .T. ) ;
#595 = LINE ( 'NONE', #8528, #4197 ) ;
#596 = CIRCLE ( 'NONE', #6042, 2.043333333333333002 ) ;
#597 = CIRCLE ( 'NONE', #6982, 0.9074999999999987521 ) ;
#598 = DIRECTION ( 'NONE',  ( 0.000000000000000000, 0.000000000000000000, 1.000000000000000000 ) ) ;
#599 = CIRCLE ( 'NONE', #1733, 1.981214554537471306 ) ;
#600 = VERTEX_POINT ( 'NONE', #5562 ) ;
#601 = CARTESIAN_POINT ( 'NONE',  ( 4.488669179800687914, -4.162977229057007733, -0.3964466094067270463 ) ) ;
#602 = CARTESIAN_POINT ( 'NONE',  ( 0.000000000000000000, 0.000000000000000000, 2.500000000000000000 ) ) ;
#603 = CARTESIAN_POINT ( 'NONE',  ( -0.5838616507317836435, -6.604956726839296799, 0.09181046656276324602 ) ) ;
#604 = CYLINDRICAL_SURFACE ( 'NONE', #9958, 0.2500000000000000555 ) ;
#605 = AXIS2_PLACEMENT_3D ( 'NONE', #1341, #2400, #3061 ) ;
#606 = VECTOR ( 'NONE', #3098, 1000.000000000000000 ) ;
#607 = VERTEX_POINT ( 'NONE', #2915 ) ;
#608 = CARTESIAN_POINT ( 'NONE',  ( 5.463392660518493038, 2.105863007990373958, 0.3377898998919798834 ) ) ;
#609 = EDGE_CURVE ( 'NONE', #8280, #9453, #8418, .T. ) ;
#610 = ORIENTED_EDGE ( 'NONE', *, *, #11564, .T. ) ;
#611 = AXIS2_PLACEMENT_3D ( 'NONE', #5762, #9322, #1283 ) ;
#612 = FACE_OUTER_BOUND ( 'NONE', #6387, .T. ) ;
#613 = DIRECTION ( 'NONE',  ( 0.6234898018587431423, 0.7818314824680221431, 2.660847932862993276E-16 ) ) ;
#614 = AXIS2_PLACEMENT_3D ( 'NONE', #6138, #9709, #250 ) ;
#615 = CIRCLE ( 'NONE', #4754, 7.396615624999999028 ) ;
#616 = CARTESIAN_POINT ( 'NONE',  ( -3.985157492343085224E-17, -1.746011579516595807E-16, 0.5000000000000000000 ) ) ;
#617 = EDGE_CURVE ( 'NONE', #7578, #3522, #2029, .T. ) ;
#618 = CARTESIAN_POINT ( 'NONE',  ( 5.527994894309681939, -3.661641740954597601, -1.000000000000001776 ) ) ;
#619 = ORIENTED_EDGE ( 'NONE', *, *, #1889, .T. ) ;
#620 = CARTESIAN_POINT ( 'NONE',  ( -3.395103212617387012, 2.707504464571592440, -3.003438073623919616E-16 ) ) ;
#622 = AXIS2_PLACEMENT_3D ( 'NONE', #2982, #1328, #11193 ) ;
#621 = CARTESIAN_POINT ( 'NONE',  ( -0.8896469117637307855, -5.786972148330245425, -0.5000000000000019984 ) ) ;
#623 = CARTESIAN_POINT ( 'NONE',  ( 5.472773158957018325, 2.080690323849354595, 1.027403961127392839E-17 ) ) ;
#624 = SHAPE_DEFINITION_REPRESENTATION ( #4533, #8737 ) ;
#625 = B_SPLINE_CURVE_WITH_KNOTS ( 'NONE', 3,
 ( #11371, #3329, #6901, #852 ),
 .UNSPECIFIED., .F., .F.,
 ( 4, 4 ),
 ( 0.0005048269569637664706, 0.001006091645347080869 ),
 .UNSPECIFIED. ) ;
#626 = ORIENTED_EDGE ( 'NONE', *, *, #2254, .F. ) ;
#627 = CARTESIAN_POINT ( 'NONE',  ( 2.532483180689871549, 4.030041786577060137, 0.5000000000000000000 ) ) ;
#628 = CIRCLE ( 'NONE', #5523, 5.854956726839295023 ) ;
#629 = ORIENTED_EDGE ( 'NONE', *, *, #807, .F. ) ;
#630 = CIRCLE ( 'NONE', #3456, 1.981214554537471528 ) ;
#631 = CARTESIAN_POINT ( 'NONE',  ( 5.940222789724712626, 0.9042018075239790509, 0.4883515143830489125 ) ) ;
#632 = CARTESIAN_POINT ( 'NONE',  ( -5.794379848462639870, 1.774374491795360109, 0.4765284830287251361 ) ) ;
#633 = ORIENTED_EDGE ( 'NONE', *, *, #1812, .F. ) ;
#634 = EDGE_CURVE ( 'NONE', #5757, #306, #567, .T. ) ;
#635 = VERTEX_POINT ( 'NONE', #9246 ) ;
#636 = AXIS2_PLACEMENT_3D ( 'NONE', #10020, #1992, #5573 ) ;
#637 = VECTOR ( 'NONE', #1315, 1000.000000000000114 ) ;
#638 = DIRECTION ( 'NONE',  ( 1.790913520579326978E-16, 2.245734522990332355E-16, -1.000000000000000000 ) ) ;
#639 = CARTESIAN_POINT ( 'NONE',  ( -4.493163257561787916, 1.330580719839222548, 0.4999999999999995559 ) ) ;
#640 = CARTESIAN_POINT ( 'NONE',  ( -2.991011141282726271, 5.220660120559719175, -0.5000000000000004441 ) ) ;
#641 = CARTESIAN_POINT ( 'NONE',  ( 8.994521745911415326E-16, 7.313365625000001202, -2.312500000000000444 ) ) ;
#642 = ORIENTED_EDGE ( 'NONE', *, *, #9119, .T. ) ;
#643 = FACE_OUTER_BOUND ( 'NONE', #9127, .T. ) ;
#644 = EDGE_LOOP ( 'NONE', ( #3844, #8535, #2288, #10392 ) ) ;
#645 = DIRECTION ( 'NONE',  ( -0.9749279121818226201, 0.2225209339563193611, 0.000000000000000000 ) ) ;
#646 = ORIENTED_EDGE ( 'NONE', *, *, #9850, .T. ) ;
#647 =( BOUNDED_CURVE ( )  B_SPLINE_CURVE ( 3, ( #6430, #9238, #1020, #6595 ),
 .UNSPECIFIED., .F., .F. ) 
 B_SPLINE_CURVE_WITH_KNOTS ( ( 4, 4 ),
 ( 3.141592653589793116, 3.635931312130131321 ),
 .UNSPECIFIED. ) 
 CURVE ( )  GEOMETRIC_REPRESENTATION_ITEM ( )  RATIONAL_B_SPLINE_CURVE ( ( 1.000000000000000000, 0.9797392387487874332, 0.9797392387487874332, 1.000000000000000000 ) ) 
 REPRESENTATION_ITEM ( '' )  );
#648 = DIRECTION ( 'NONE',  ( 0.9749279121818257288, 0.2225209339563050392, 2.245734522990332355E-16 ) ) ;
#649 = ORIENTED_EDGE ( 'NONE', *, *, #4712, .T. ) ;
#650 = DIRECTION ( 'NONE',  ( 1.790913520579321555E-16, 2.245734522990357007E-16, -1.000000000000000000 ) ) ;
#651 = CARTESIAN_POINT ( 'NONE',  ( 4.921907221669994392, -3.335335621100449455, -0.005919792233967951026 ) ) ;
#652 = CYLINDRICAL_SURFACE ( 'NONE', #9202, 5.854956726839295023 ) ;
#653 = ADVANCED_FACE ( 'NONE', ( #4732 ), #8478, .F. ) ;
#654 = DIRECTION ( 'NONE',  ( 0.000000000000000000, -1.000000000000000000, -1.228122814850838050E-16 ) ) ;
#655 = VERTEX_POINT ( 'NONE', #11123 ) ;
#656 = CARTESIAN_POINT ( 'NONE',  ( -3.395103212617387456, 2.707504464571592440, 1.571836107868756160 ) ) ;
#657 = VERTEX_POINT ( 'NONE', #9344 ) ;
#658 = DIRECTION ( 'NONE',  ( 1.000000000000000000, 5.306046521136236734E-15, 0.000000000000000000 ) ) ;
#659 = EDGE_CURVE ( 'NONE', #5570, #4499, #6943, .T. ) ;
#660 = ORIENTED_EDGE ( 'NONE', *, *, #10778, .F. ) ;
#661 = EDGE_CURVE ( 'NONE', #4370, #2520, #5152, .T. ) ;
#662 = DIRECTION ( 'NONE',  ( 7.970314984686167984E-17, 3.492023159033190628E-16, -1.000000000000000000 ) ) ;
#663 = CARTESIAN_POINT ( 'NONE',  ( -2.297043167672986108, 4.084428209303962554, 0.5000000000000000000 ) ) ;
#664 = CYLINDRICAL_SURFACE ( 'NONE', #1064, 5.854956726839295023 ) ;
#665 = EDGE_CURVE ( 'NONE', #4402, #4649, #9563, .T. ) ;
#666 = CARTESIAN_POINT ( 'NONE',  ( -3.395103212617387012, 2.707504464571592440, 0.4999999999999996669 ) ) ;
#667 = CARTESIAN_POINT ( 'NONE',  ( -2.671639123616407652, -5.547715804109125237, -2.150213260174687816E-15 ) ) ;
#668 = EDGE_LOOP ( 'NONE', ( #9747, #6567, #8566, #3681, #1918, #8739, #11158 ) ) ;
#669 = DIRECTION ( 'NONE',  ( 0.9009688679024158153, -0.4338837391175651703, -7.970314984686171682E-17 ) ) ;
#670 = CARTESIAN_POINT ( 'NONE',  ( -4.470037444215024358, -4.138337766436408494, -0.1313876030881692136 ) ) ;
#671 = CARTESIAN_POINT ( 'NONE',  ( 5.567464084207162323, 1.846687485750802660, 0.1690706089109088317 ) ) ;
#672 = DIRECTION ( 'NONE',  ( 0.000000000000000000, 0.000000000000000000, 1.000000000000000000 ) ) ;
#673 = ORIENTED_EDGE ( 'NONE', *, *, #6047, .F. ) ;
#674 = DIRECTION ( 'NONE',  ( 0.000000000000000000, -0.000000000000000000, -1.000000000000000000 ) ) ;
#675 = CARTESIAN_POINT ( 'NONE',  ( -3.300315535752680329, -3.230463181104143988, -1.391130767969992329E-15 ) ) ;
#676 = DIRECTION ( 'NONE',  ( 1.224646799147325104E-16, 1.000000000000000000, 0.000000000000000000 ) ) ;
#677 = LINE ( 'NONE', #4270, #1727 ) ;
#678 = ORIENTED_EDGE ( 'NONE', *, *, #4605, .F. ) ;
#679 = CARTESIAN_POINT ( 'NONE',  ( 3.246329667988720580, 4.872562155570489217, 9.069285784213822274E-18 ) ) ;
#680 = EDGE_LOOP ( 'NONE', ( #11349, #9087, #4873, #75 ) ) ;
#681 = ADVANCED_FACE ( 'NONE', ( #3094 ), #8367, .F. ) ;
#682 = CARTESIAN_POINT ( 'NONE',  ( 5.981553603439012434, 0.9156596506113866552, 0.4791684957233308673 ) ) ;
#683 = CARTESIAN_POINT ( 'NONE',  ( 1.785469052044889482, 5.576075549824572875, -8.297247099245110806E-17 ) ) ;
#684 = VERTEX_POINT ( 'NONE', #1307 ) ;
#685 = ORIENTED_EDGE ( 'NONE', *, *, #9422, .T. ) ;
#686 = DIRECTION ( 'NONE',  ( -7.970314984686170449E-17, 3.492023159033191614E-16, -1.000000000000000000 ) ) ;
#687 = LINE ( 'NONE', #4340, #418 ) ;
#688 = PLANE ( 'NONE',  #579 ) ;
#689 = CARTESIAN_POINT ( 'NONE',  ( -5.551713944425846314, 1.860412630869966888, -0.3369498210078141764 ) ) ;
#690 = EDGE_LOOP ( 'NONE', ( #8044, #5702, #6739, #10951, #692, #6162 ) ) ;
#691 = DIRECTION ( 'NONE',  ( -0.4338837391175651703, -0.9009688679024157043, -3.492023159033191614E-16 ) ) ;
#692 = ORIENTED_EDGE ( 'NONE', *, *, #1245, .T. ) ;
#693 = EDGE_CURVE ( 'NONE', #2767, #4266, #909, .T. ) ;
#694 = FACE_OUTER_BOUND ( 'NONE', #10757, .T. ) ;
#695 = AXIS2_PLACEMENT_3D ( 'NONE', #2522, #686, #6151 ) ;
#696 = ORIENTED_EDGE ( 'NONE', *, *, #6338, .F. ) ;
#697 = DIRECTION ( 'NONE',  ( 0.9749279121818227312, -0.2225209339563182231, -2.245734522990357007E-16 ) ) ;
#698 = EDGE_LOOP ( 'NONE', ( #2482, #10977, #6681, #3016, #7507, #9424 ) ) ;
#699 = PLANE ( 'NONE',  #8073 ) ;
#700 = ORIENTED_EDGE ( 'NONE', *, *, #5706, .F. ) ;
#701 = LINE ( 'NONE', #8981, #9041 ) ;
#702 = CARTESIAN_POINT ( 'NONE',  ( -2.214776023669871918, 5.607678328257536648, -0.05060613220745556473 ) ) ;
#703 = FACE_OUTER_BOUND ( 'NONE', #9946, .T. ) ;
#704 = EDGE_LOOP ( 'NONE', ( #3146, #5075, #468, #11461 ) ) ;
#705 = VECTOR ( 'NONE', #3448, 1000.000000000000000 ) ;
#706 = DIRECTION ( 'NONE',  ( 1.436201133715639822E-16, 6.916380135000388919E-17, -1.000000000000000000 ) ) ;
#707 = EDGE_CURVE ( 'NONE', #2767, #3639, #376, .T. ) ;
#708 = VERTEX_POINT ( 'NONE', #1255 ) ;
#709 = EDGE_CURVE ( 'NONE', #2767, #140, #8826, .T. ) ;
#710 = LINE ( 'NONE', #11460, #2818 ) ;
#711 = ORIENTED_EDGE ( 'NONE', *, *, #10671, .T. ) ;
#712 = DIRECTION ( 'NONE',  ( -1.790913520579326978E-16, -2.245734522990332355E-16, 1.000000000000000000 ) ) ;
#713 = DIRECTION ( 'NONE',  ( 0.000000000000000000, -1.000000000000000000, -1.763933479423781890E-16 ) ) ;
#714 = DIRECTION ( 'NONE',  ( 1.000000000000000000, 3.342377459625948935E-16, -0.000000000000000000 ) ) ;
#715 = DIRECTION ( 'NONE',  ( 0.9009688679024218105, 0.4338837391175526248, -6.391696352470623435E-17 ) ) ;
#716 = DIRECTION ( 'NONE',  ( 0.000000000000000000, -2.759071806679814764E-16, 1.000000000000000000 ) ) ;
#717 = ORIENTED_EDGE ( 'NONE', *, *, #7340, .F. ) ;
#718 = CARTESIAN_POINT ( 'NONE',  ( -5.118371538954584743, -1.168234903270601421, -1.179010624569924560E-15 ) ) ;
#719 = EDGE_CURVE ( 'NONE', #8667, #383, #6781, .T. ) ;
#720 = CARTESIAN_POINT ( 'NONE',  ( 0.000000000000000000, 8.673617379884035472E-16, -8.673617379884035472E-16 ) ) ;
#721 = CARTESIAN_POINT ( 'NONE',  ( 5.826670010035949865, 0.7836273912850884038, 0.000000000000000000 ) ) ;
#722 = CARTESIAN_POINT ( 'NONE',  ( -6.569278111570849177, 0.9005181194462897887, -1.000000000000000888 ) ) ;
#723 = ORIENTED_EDGE ( 'NONE', *, *, #5440, .F. ) ;
#724 = CARTESIAN_POINT ( 'NONE',  ( 0.000000000000000000, 0.000000000000000000, 0.000000000000000000 ) ) ;
#725 = CYLINDRICAL_SURFACE ( 'NONE', #8577, 5.854956726839295023 ) ;
#726 = CARTESIAN_POINT ( 'NONE',  ( 3.300315535752631924, -3.230463181104192838, -1.616878047983631800E-15 ) ) ;
#727 = LINE ( 'NONE', #4323, #8283 ) ;
#728 = VERTEX_POINT ( 'NONE', #7419 ) ;
#729 = CARTESIAN_POINT ( 'NONE',  ( -4.104615282957117195, 3.273321459758401719, -0.5000000000000000000 ) ) ;
#730 = EDGE_CURVE ( 'NONE', #6294, #3181, #7815, .T. ) ;
#731 = ORIENTED_EDGE ( 'NONE', *, *, #2745, .T. ) ;
#732 = EDGE_CURVE ( 'NONE', #2965, #6237, #6074, .T. ) ;
#733 = CARTESIAN_POINT ( 'NONE',  ( 2.186983519523829855, 5.445315942405213328, -0.5000000000000000000 ) ) ;
#734 = AXIS2_PLACEMENT_3D ( 'NONE', #8209, #3756, #1096 ) ;
#735 = ADVANCED_FACE ( 'NONE', ( #3317 ), #604, .F. ) ;
#736 = CARTESIAN_POINT ( 'NONE',  ( -5.729658811963453502, 1.766482738324194113, 0.4896570127989052779 ) ) ;
#737 = ORIENTED_EDGE ( 'NONE', *, *, #8930, .T. ) ;
#738 = ORIENTED_EDGE ( 'NONE', *, *, #5025, .T. ) ;
#739 = VERTEX_POINT ( 'NONE', #4207 ) ;
#740 = CARTESIAN_POINT ( 'NONE',  ( 4.233624458649566158, -0.9662971557053120497, -1.571836107868757493 ) ) ;
#741 = FACE_OUTER_BOUND ( 'NONE', #11385, .T. ) ;
#742 = CIRCLE ( 'NONE', #7301, 1.571836107868756383 ) ;
#743 = CARTESIAN_POINT ( 'NONE',  ( 5.118371538954569644, -1.168234903270671143, 1.814999999999999059 ) ) ;
#744 = AXIS2_PLACEMENT_3D ( 'NONE', #10761, #10690, #7942 ) ;
#745 = ORIENTED_EDGE ( 'NONE', *, *, #8357, .F. ) ;
#746 = DIRECTION ( 'NONE',  ( -1.790913520579321801E-16, 2.245734522990357007E-16, -1.000000000000000000 ) ) ;
#747 = ORIENTED_EDGE ( 'NONE', *, *, #11086, .F. ) ;
#748 = EDGE_CURVE ( 'NONE', #6384, #8935, #6410, .T. ) ;
#749 = DIRECTION ( 'NONE',  ( -0.7818314824680221431, 0.6234898018587431423, -6.916380135000388919E-17 ) ) ;
#750 = CIRCLE ( 'NONE', #10312, 1.830752539561562253 ) ;
#751 = ORIENTED_EDGE ( 'NONE', *, *, #2745, .F. ) ;
#752 = AXIS2_PLACEMENT_3D ( 'NONE', #6751, #8455, #5818 ) ;
#753 = DIRECTION ( 'NONE',  ( 0.000000000000000000, -2.368866679808412882E-16, 1.000000000000000000 ) ) ;
#754 = VERTEX_POINT ( 'NONE', #9471 ) ;
#755 = FACE_OUTER_BOUND ( 'NONE', #5643, .T. ) ;
#757 = ADVANCED_FACE ( 'NONE', ( #535 ), #6890, .T. ) ;
#756 = ORIENTED_EDGE ( 'NONE', *, *, #5915, .T. ) ;
#759 = CIRCLE ( 'NONE', #4144, 1.814999999999999725 ) ;
#758 = CARTESIAN_POINT ( 'NONE',  ( 5.029257905441473220, -3.437097488048992844, -0.1313876030881657442 ) ) ;
#760 = DIRECTION ( 'NONE',  ( -0.000000000000000000, 1.000000000000000000, -0.000000000000000000 ) ) ;
#761 = CARTESIAN_POINT ( 'NONE',  ( -7.181005668578199110E-17, -3.458190067500194460E-17, 0.5000000000000000000 ) ) ;
#762 = VERTEX_POINT ( 'NONE', #5197 ) ;
#763 = CARTESIAN_POINT ( 'NONE',  ( 3.028934849370016558, 5.010595967690128383, -1.069247216435543317E-13 ) ) ;
#764 = AXIS2_PLACEMENT_3D ( 'NONE', #3553, #787, #9075 ) ;
#765 = VECTOR ( 'NONE', #2555, 1000.000000000000114 ) ;
#766 = ORIENTED_EDGE ( 'NONE', *, *, #10778, .T. ) ;
#767 = AXIS2_PLACEMENT_3D ( 'NONE', #6100, #5279, #6038 ) ;
#768 = CARTESIAN_POINT ( 'NONE',  ( -0.6244413753511315335, -5.821562611697163270, 0.4999999999999980571 ) ) ;
#769 = ORIENTED_EDGE ( 'NONE', *, *, #11483, .T. ) ;
#770 = VECTOR ( 'NONE', #6527, 1000.000000000000000 ) ;
#771 = CIRCLE ( 'NONE', #8651, 1.814999999999999725 ) ;
#772 = DIRECTION ( 'NONE',  ( 7.970314984686170449E-17, 3.492023159033191614E-16, -1.000000000000000000 ) ) ;
#773 = EDGE_CURVE ( 'NONE', #7776, #10685, #5480, .T. ) ;
#774 = DIRECTION ( 'NONE',  ( -0.000000000000000000, -1.836970198721029688E-16, 1.000000000000000000 ) ) ;
#775 = CIRCLE ( 'NONE', #8084, 0.9074999999999991962 ) ;
#776 = LINE ( 'NONE', #11586, #11124 ) ;
#777 = AXIS2_PLACEMENT_3D ( 'NONE', #6211, #8023, #4581 ) ;
#778 = FACE_OUTER_BOUND ( 'NONE', #4461, .T. ) ;
#779 = ORIENTED_EDGE ( 'NONE', *, *, #10488, .F. ) ;
#780 = AXIS2_PLACEMENT_3D ( 'NONE', #7856, #7988, #11571 ) ;
#781 = VECTOR ( 'NONE', #3336, 1000.000000000000000 ) ;
#782 = AXIS2_PLACEMENT_3D ( 'NONE', #5585, #8338, #11025 ) ;
#783 = DIRECTION ( 'NONE',  ( 0.4338837391175584535, 0.9009688679024190350, 0.000000000000000000 ) ) ;
#784 = AXIS2_PLACEMENT_3D ( 'NONE', #10089, #2063, #6694 ) ;
#785 = CARTESIAN_POINT ( 'NONE',  ( 1.884140137117972902, -3.912457308866268857, 1.571836107868754828 ) ) ;
#786 = CARTESIAN_POINT ( 'NONE',  ( 0.000000000000000000, 0.000000000000000000, 0.000000000000000000 ) ) ;
#787 = DIRECTION ( 'NONE',  ( 0.2225209339563049282, -0.9749279121818257288, -1.790913520579327225E-16 ) ) ;
#788 = EDGE_LOOP ( 'NONE', ( #6441, #4449, #923, #2141 ) ) ;
#789 = LINE ( 'NONE', #7129, #4914 ) ;
#790 = AXIS2_PLACEMENT_3D ( 'NONE', #7208, #2755, #7257 ) ;
#791 = AXIS2_PLACEMENT_3D ( 'NONE', #9133, #2919, #3030 ) ;
#792 = CARTESIAN_POINT ( 'NONE',  ( 0.5325758359744910964, -5.854956726839291470, 0.000000000000000000 ) ) ;
#793 = DIRECTION ( 'NONE',  ( -0.9009688679024184799, -0.4338837391175595637, -1.594062996937211410E-16 ) ) ;
#794 = VECTOR ( 'NONE', #3960, 999.9999999999998863 ) ;
#795 = CARTESIAN_POINT ( 'NONE',  ( 0.000000000000000000, 2.500000000000000444, -2.250000000000001332 ) ) ;
#796 = EDGE_CURVE ( 'NONE', #4114, #2371, #1337, .T. ) ;
#797 = ORIENTED_EDGE ( 'NONE', *, *, #4903, .F. ) ;
#798 = DIRECTION ( 'NONE',  ( 1.000000000000000000, 0.000000000000000000, 0.000000000000000000 ) ) ;
#799 = VECTOR ( 'NONE', #400, 1000.000000000000000 ) ;
#800 = ORIENTED_EDGE ( 'NONE', *, *, #11580, .F. ) ;
#801 = FACE_OUTER_BOUND ( 'NONE', #6272, .T. ) ;
#802 = CARTESIAN_POINT ( 'NONE',  ( 3.039904091628594429, 5.278831057677257022, 0.4669859836141823650 ) ) ;
#803 = EDGE_LOOP ( 'NONE', ( #5129, #1062, #7041 ) ) ;
#804 = AXIS2_PLACEMENT_3D ( 'NONE', #2215, #1151, #280 ) ;
#805 = EDGE_CURVE ( 'NONE', #6471, #2789, #9645, .T. ) ;
#806 = ORIENTED_EDGE ( 'NONE', *, *, #8469, .F. ) ;
#807 = EDGE_CURVE ( 'NONE', #6899, #1, #8642, .T. ) ;
#808 = DIRECTION ( 'NONE',  ( -0.000000000000000000, -0.000000000000000000, -1.000000000000000000 ) ) ;
#809 = DIRECTION ( 'NONE',  ( 0.000000000000000000, 0.000000000000000000, 1.000000000000000000 ) ) ;
#810 = DIRECTION ( 'NONE',  ( 0.2475558347235143342, 0.9688736288569030908, 3.186019352240502399E-16 ) ) ;
#811 = CIRCLE ( 'NONE', #3643, 4.618222060490380088 ) ;
#812 = ADVANCED_FACE ( 'NONE', ( #10462 ), #3433, .T. ) ;
#813 = CIRCLE ( 'NONE', #10554, 1.830752539561562253 ) ;
#814 = DIRECTION ( 'NONE',  ( 0.2225209339563050392, -0.9749279121818257288, -1.790913520579326978E-16 ) ) ;
#815 = ORIENTED_EDGE ( 'NONE', *, *, #3694, .T. ) ;
#816 = CARTESIAN_POINT ( 'NONE',  ( -0.5549598885185726971, -5.828596554514316352, -0.1680762712352711352 ) ) ;
#817 = ORIENTED_EDGE ( 'NONE', *, *, #5579, .T. ) ;
#818 = CIRCLE ( 'NONE', #9390, 2.043333333333333002 ) ;
#819 = CARTESIAN_POINT ( 'NONE',  ( 1.022188080638066321, -6.342049561373089617, -1.203706215242022408E-32 ) ) ;
#820 = DIRECTION ( 'NONE',  ( -0.000000000000000000, -0.000000000000000000, -1.000000000000000000 ) ) ;
#821 = AXIS2_PLACEMENT_3D ( 'NONE', #3519, #10555, #2706 ) ;
#822 = ORIENTED_EDGE ( 'NONE', *, *, #834, .T. ) ;
#823 = CIRCLE ( 'NONE', #6821, 1.830752539561562253 ) ;
#824 = CARTESIAN_POINT ( 'NONE',  ( -5.850399315318000504, 1.803152313773409787, -0.2500000000000000555 ) ) ;
#825 = ORIENTED_EDGE ( 'NONE', *, *, #7834, .T. ) ;
#826 = CARTESIAN_POINT ( 'NONE',  ( -4.777343085963002167, 0.9466836947464707386, -0.5000000000000006661 ) ) ;
#827 = VERTEX_POINT ( 'NONE', #1429 ) ;
#828 = CARTESIAN_POINT ( 'NONE',  ( -1.571836107868675780, 5.640022120804223604, 0.5000000000000002220 ) ) ;
#829 = CARTESIAN_POINT ( 'NONE',  ( 1.963279114448572615, 5.515981634480915829, -0.5000000000000000000 ) ) ;
#830 = CARTESIAN_POINT ( 'NONE',  ( -4.375126996066895479, 1.478593510159796676, -7.518383673896520693E-16 ) ) ;
#831 = EDGE_LOOP ( 'NONE', ( #9828, #5494 ) ) ;
#832 = ORIENTED_EDGE ( 'NONE', *, *, #11550, .T. ) ;
#833 = ORIENTED_EDGE ( 'NONE', *, *, #8412, .F. ) ;
#834 = EDGE_CURVE ( 'NONE', #9050, #9625, #6587, .T. ) ;
#835 = CARTESIAN_POINT ( 'NONE',  ( 3.863289285114899219, -4.399490217363499767, 0.000000000000000000 ) ) ;
#836 = ORIENTED_EDGE ( 'NONE', *, *, #6146, .F. ) ;
#837 = DIRECTION ( 'NONE',  ( 0.2225209339563252453, -0.9749279121818211769, -9.938820221107123985E-17 ) ) ;
#838 = CARTESIAN_POINT ( 'NONE',  ( 3.020204765022624471, 5.044057738721797080, 0.000000000000000000 ) ) ;
#839 = LINE ( 'NONE', #2423, #10624 ) ;
#840 = DIRECTION ( 'NONE',  ( -0.9749279121818257288, -0.2225209339563050392, -2.245734522990332355E-16 ) ) ;
#841 = DIRECTION ( 'NONE',  ( -0.2225209339563182231, -0.9749279121818227312, -2.329518370037001258E-16 ) ) ;
#842 = EDGE_LOOP ( 'NONE', ( #3691, #1136, #9609, #6050, #8042, #7675 ) ) ;
#843 = EDGE_CURVE ( 'NONE', #8759, #2922, #6007, .T. ) ;
#844 = CARTESIAN_POINT ( 'NONE',  ( -3.429523072411277962, 4.745407228990935700, 0.000000000000000000 ) ) ;
#845 = DIRECTION ( 'NONE',  ( 1.000000000000000000, -1.804055817186320442E-15, 0.000000000000000000 ) ) ;
#846 = DIRECTION ( 'NONE',  ( -1.436201133715639822E-16, -6.916380135000388919E-17, 1.000000000000000000 ) ) ;
#847 = CARTESIAN_POINT ( 'NONE',  ( 5.118371538954569644, -1.168234903270670699, -1.179010624569937576E-15 ) ) ;
#848 = VERTEX_POINT ( 'NONE', #3266 ) ;
#849 = CARTESIAN_POINT ( 'NONE',  ( 2.998527441718257247, 5.080925375713694514, 0.5000000000000000000 ) ) ;
#850 =( BOUNDED_CURVE ( )  B_SPLINE_CURVE ( 3, ( #5171, #640, #8855, #5981 ),
 .UNSPECIFIED., .F., .F. ) 
 B_SPLINE_CURVE_WITH_KNOTS ( ( 4, 4 ),
 ( 4.712388980384688786, 6.283185307179586232 ),
 .UNSPECIFIED. ) 
 CURVE ( )  GEOMETRIC_REPRESENTATION_ITEM ( )  RATIONAL_B_SPLINE_CURVE ( ( 1.000000000000000000, 0.8047378541243648264, 0.8047378541243648264, 1.000000000000000000 ) ) 
 REPRESENTATION_ITEM ( '' )  );
#851 = DIRECTION ( 'NONE',  ( 1.000000000000000000, 0.000000000000000000, -0.000000000000000000 ) ) ;
#852 = CARTESIAN_POINT ( 'NONE',  ( 5.814555160701784686, 0.6866342230889329601, -0.5000000000000007772 ) ) ;
#853 = FACE_OUTER_BOUND ( 'NONE', #8090, .T. ) ;
#854 = ORIENTED_EDGE ( 'NONE', *, *, #1475, .F. ) ;
#855 = DIRECTION ( 'NONE',  ( 0.000000000000000000, -2.368866679808411896E-16, 1.000000000000000000 ) ) ;
#856 = ORIENTED_EDGE ( 'NONE', *, *, #2113, .T. ) ;
#857 = ADVANCED_FACE ( 'NONE', ( #484 ), #6842, .F. ) ;
#858 = CARTESIAN_POINT ( 'NONE',  ( -4.162148097593585838, -4.117892845480418451, -0.5000000000000017764 ) ) ;
#859 = DIRECTION ( 'NONE',  ( -0.000000000000000000, -1.836970198721029688E-16, 1.000000000000000000 ) ) ;
#860 = ADVANCED_FACE ( 'NONE', ( #1376 ), #7640, .T. ) ;
#861 = VERTEX_POINT ( 'NONE', #8538 ) ;
#862 = VERTEX_POINT ( 'NONE', #4079 ) ;
#863 = CARTESIAN_POINT ( 'NONE',  ( 2.297043167673044284, 4.084428209303929691, 0.5000000000000000000 ) ) ;
#864 = DIRECTION ( 'NONE',  ( 1.436201133715639822E-16, 6.916380135000388919E-17, -1.000000000000000000 ) ) ;
#865 = CARTESIAN_POINT ( 'NONE',  ( -5.029257905441427923, -3.437097488049059901, -1.979745477316909197 ) ) ;
#866 = CARTESIAN_POINT ( 'NONE',  ( 2.671639123616330824, -5.547715804109162541, -2.150213260174694521E-15 ) ) ;
#867 = ORIENTED_EDGE ( 'NONE', *, *, #3414, .F. ) ;
#868 = CARTESIAN_POINT ( 'NONE',  ( 2.339742150879215998, 6.204188460871739252, -1.885160653978395162 ) ) ;
#869 = ORIENTED_EDGE ( 'NONE', *, *, #56, .T. ) ;
#870 = EDGE_CURVE ( 'NONE', #7143, #9360, #1550, .T. ) ;
#871 = CARTESIAN_POINT ( 'NONE',  ( -2.277889630367217144, -4.730086556487683502, 1.814999999999998392 ) ) ;
#872 = EDGE_CURVE ( 'NONE', #1474, #1071, #5376, .T. ) ;
#873 = DIRECTION ( 'NONE',  ( 1.000000000000000000, 0.000000000000000000, 0.000000000000000000 ) ) ;
#874 = EDGE_CURVE ( 'NONE', #3375, #3236, #10137, .T. ) ;
#875 = ORIENTED_EDGE ( 'NONE', *, *, #1953, .F. ) ;
#876 = CARTESIAN_POINT ( 'NONE',  ( 0.000000000000000000, 0.000000000000000000, 2.500000000000000000 ) ) ;
#877 = EDGE_LOOP ( 'NONE', ( #4080, #8610, #1486, #6892 ) ) ;
#878 = CARTESIAN_POINT ( 'NONE',  ( 5.814555160701776693, 0.6866342230890140064, 0.4999999999999992784 ) ) ;
#879 = EDGE_LOOP ( 'NONE', ( #11574, #11143, #2178, #6507 ) ) ;
#880 = CARTESIAN_POINT ( 'NONE',  ( -4.714988052979766309, 1.219878944467608139, -0.5000000000000006661 ) ) ;
#881 = CARTESIAN_POINT ( 'NONE',  ( 5.850399315317975635, 1.803152313773490389, -0.3964466094067269908 ) ) ;
#882 = DIRECTION ( 'NONE',  ( 1.790913520579326978E-16, 2.245734522990332355E-16, -1.000000000000000000 ) ) ;
#883 = ORIENTED_EDGE ( 'NONE', *, *, #1275, .T. ) ;
#884 = LINE ( 'NONE', #1654, #6238 ) ;
#885 = EDGE_LOOP ( 'NONE', ( #1646, #6964, #11293 ) ) ;
#886 = CLOSED_SHELL ( 'NONE', ( #946, #4031 ) ) ;
#887 = EDGE_CURVE ( 'NONE', #8158, #3150, #4550, .T. ) ;
#888 = ORIENTED_EDGE ( 'NONE', *, *, #8130, .F. ) ;
#889 = EDGE_CURVE ( 'NONE', #11176, #8848, #7897, .T. ) ;
#890 = EDGE_CURVE ( 'NONE', #1835, #3508, #1320, .T. ) ;
#891 = FACE_OUTER_BOUND ( 'NONE', #1598, .T. ) ;
#892 = ORIENTED_EDGE ( 'NONE', *, *, #1811, .T. ) ;
#893 = CARTESIAN_POINT ( 'NONE',  ( 5.079122790470003146, -2.912564154227151203, -0.5000000000000015543 ) ) ;
#894 = CIRCLE ( 'NONE', #10831, 1.830752539561562919 ) ;
#895 = FACE_OUTER_BOUND ( 'NONE', #8647, .T. ) ;
#896 = CARTESIAN_POINT ( 'NONE',  ( -2.142657201107160958, 5.531861838027239742, 0.4987512509457359688 ) ) ;
#897 = CARTESIAN_POINT ( 'NONE',  ( 3.395103212617425203, 2.707504464571544478, -3.003438073624007870E-16 ) ) ;
#898 = ORIENTED_EDGE ( 'NONE', *, *, #11576, .F. ) ;
#899 = EDGE_CURVE ( 'NONE', #5831, #3419, #8348, .T. ) ;
#900 = CARTESIAN_POINT ( 'NONE',  ( 2.671639123616330380, -5.547715804109162541, 0.000000000000000000 ) ) ;
#901 = LINE ( 'NONE', #7189, #6208 ) ;
#902 = CARTESIAN_POINT ( 'NONE',  ( 0.4699624677842693665, -5.913268033646828847, 0.4987889447408296317 ) ) ;
#903 = LINE ( 'NONE', #9704, #10889 ) ;
#904 = ORIENTED_EDGE ( 'NONE', *, *, #6098, .T. ) ;
#905 = CARTESIAN_POINT ( 'NONE',  ( 0.000000000000000000, 4.342500000000001137, 1.571836107868756383 ) ) ;
#906 = CARTESIAN_POINT ( 'NONE',  ( 0.000000000000000000, -5.249999999999998224, -1.831771092316944022E-15 ) ) ;
#907 = EDGE_CURVE ( 'NONE', #10712, #7221, #7064, .T. ) ;
#908 = FACE_OUTER_BOUND ( 'NONE', #8360, .T. ) ;
#909 = B_SPLINE_CURVE_WITH_KNOTS ( 'NONE', 3,
 ( #9297, #11005, #1132, #4669 ),
 .UNSPECIFIED., .F., .F.,
 ( 4, 4 ),
 ( 2.074124155954875360E-07, 0.0005065015518760505224 ),
 .UNSPECIFIED. ) ;
#910 = EDGE_LOOP ( 'NONE', ( #561, #3013, #10894, #6730, #8679, #3399, #2256 ) ) ;
#911 = CARTESIAN_POINT ( 'NONE',  ( -4.814127353296846934, 3.839138454945211443, -4.258761068126489673E-16 ) ) ;
#912 = ORIENTED_EDGE ( 'NONE', *, *, #2113, .F. ) ;
#913 = DIRECTION ( 'NONE',  ( 1.000000000000000000, 0.000000000000000000, 0.000000000000000000 ) ) ;
#914 = CARTESIAN_POINT ( 'NONE',  ( -6.309435231926608267, 2.038964159748317684, -0.2500000000000008882 ) ) ;
#915 = VERTEX_POINT ( 'NONE', #2608 ) ;
#916 = CARTESIAN_POINT ( 'NONE',  ( 3.196147292417675700, 5.147507901534455144, 0.000000000000000000 ) ) ;
#917 = EDGE_CURVE ( 'NONE', #3700, #8909, #775, .T. ) ;
#918 = CARTESIAN_POINT ( 'NONE',  ( 5.148848552145716795, -2.787449884792134736, 0.4999999999999985012 ) ) ;
#919 = CYLINDRICAL_SURFACE ( 'NONE', #9950, 0.7500000000000002220 ) ;
#920 = DIRECTION ( 'NONE',  ( 0.4338837391175526248, -0.9009688679024218105, -3.492023159033202461E-16 ) ) ;
#921 = ORIENTED_EDGE ( 'NONE', *, *, #10043, .T. ) ;
#922 = PLANE ( 'NONE',  #1940 ) ;
#923 = ORIENTED_EDGE ( 'NONE', *, *, #9775, .F. ) ;
#924 = AXIS2_PLACEMENT_3D ( 'NONE', #8181, #6536, #3957 ) ;
#925 = CARTESIAN_POINT ( 'NONE',  ( 4.104615282957162492, 3.273321459758343543, -3.631099570875311634E-16 ) ) ;
#926 = CARTESIAN_POINT ( 'NONE',  ( -7.181005668578199110E-17, 3.458190067500194460E-17, -0.5000000000000000000 ) ) ;
#927 = ORIENTED_EDGE ( 'NONE', *, *, #9154, .T. ) ;
#928 = CARTESIAN_POINT ( 'NONE',  ( 0.000000000000000000, 8.673617379884035472E-16, -8.673617379884035472E-16 ) ) ;
#929 = ORIENTED_EDGE ( 'NONE', *, *, #4643, .T. ) ;
#930 = CARTESIAN_POINT ( 'NONE',  ( 0.000000000000000000, 3.521102590960353833E-16, 0.5832010266623364192 ) ) ;
#931 = AXIS2_PLACEMENT_3D ( 'NONE', #3347, #3172, #2407 ) ;
#932 = ORIENTED_EDGE ( 'NONE', *, *, #6175, .T. ) ;
#933 = CARTESIAN_POINT ( 'NONE',  ( 0.000000000000000000, 0.000000000000000000, 2.500000000000000000 ) ) ;
#934 = CARTESIAN_POINT ( 'NONE',  ( -7.181005668578199110E-17, -3.458190067500194460E-17, 0.5000000000000000000 ) ) ;
#935 = DIRECTION ( 'NONE',  ( -0.000000000000000000, -1.836970198721029688E-16, 1.000000000000000000 ) ) ;
#936 = ORIENTED_EDGE ( 'NONE', *, *, #7059, .T. ) ;
#937 = CARTESIAN_POINT ( 'NONE',  ( -1.709328942962086151, 5.599885073634353283, -0.4999999999999998890 ) ) ;
#938 = ORIENTED_EDGE ( 'NONE', *, *, #1520, .F. ) ;
#939 = EDGE_CURVE ( 'NONE', #5502, #4965, #8122, .T. ) ;
#940 = ORIENTED_EDGE ( 'NONE', *, *, #10401, .T. ) ;
#941 = CIRCLE ( 'NONE', #6382, 1.815000000000000391 ) ;
#942 = AXIS2_PLACEMENT_3D ( 'NONE', #10041, #7281, #9161 ) ;
#943 = CARTESIAN_POINT ( 'NONE',  ( -5.118371538954584743, -1.168234903270601421, -1.179010624569924560E-15 ) ) ;
#944 = VERTEX_POINT ( 'NONE', #1725 ) ;
#945 = DIRECTION ( 'NONE',  ( 0.9009688679024221436, 0.4338837391175518476, -6.391696352470653017E-17 ) ) ;
#946 = ADVANCED_FACE ( 'NONE', ( #7235 ), #9697, .T. ) ;
#947 = DIRECTION ( 'NONE',  ( 0.000000000000000000, 0.000000000000000000, 1.000000000000000000 ) ) ;
#948 = CIRCLE ( 'NONE', #3204, 0.02081249999999999767 ) ;
#949 = EDGE_CURVE ( 'NONE', #10922, #259, #4400, .T. ) ;
#950 = DIRECTION ( 'NONE',  ( 0.6234898018587322621, -0.7818314824680308028, -1.436201133715656339E-16 ) ) ;
#951 = ADVANCED_FACE ( 'NONE', ( #14, #3546 ), #7949, .F. ) ;
#952 = DIRECTION ( 'NONE',  ( 0.000000000000000000, -2.389426275450147340E-16, 1.000000000000000000 ) ) ;
#953 = CIRCLE ( 'NONE', #2649, 1.830752539561562919 ) ;
#954 = ORIENTED_EDGE ( 'NONE', *, *, #9683, .T. ) ;
#955 = DIRECTION ( 'NONE',  ( -0.2225209339563050948, 0.9749279121818258398, 2.069205142716396713E-16 ) ) ;
#956 = AXIS2_PLACEMENT_3D ( 'NONE', #6601, #10007, #7528 ) ;
#957 = AXIS2_PLACEMENT_3D ( 'NONE', #440, #4036, #7598 ) ;
#958 = DIRECTION ( 'NONE',  ( -7.970314984685941186E-17, 3.492023159033203447E-16, -1.000000000000000000 ) ) ;
#959 = CARTESIAN_POINT ( 'NONE',  ( 4.233624458649566158, -0.9662971557053121607, -9.752102166085628058E-16 ) ) ;
#960 = AXIS2_PLACEMENT_3D ( 'NONE', #3119, #5759, #7445 ) ;
#961 = CARTESIAN_POINT ( 'NONE',  ( 0.000000000000000000, 3.292616826589029872E-31, 2.499999999999998224 ) ) ;
#962 = VERTEX_POINT ( 'NONE', #8893 ) ;
#963 = DIRECTION ( 'NONE',  ( 0.9009688679024157043, -0.4338837391175651148, -7.042984236905964948E-17 ) ) ;
#964 = CARTESIAN_POINT ( 'NONE',  ( 4.470037444215079425, -4.138337766436348097, 0.4669859836141810328 ) ) ;
#965 = EDGE_CURVE ( 'NONE', #383, #487, #2668, .T. ) ;
#966 = CARTESIAN_POINT ( 'NONE',  ( 3.395103212617425203, 2.707504464571544922, 1.571836107868756160 ) ) ;
#967 = VECTOR ( 'NONE', #2133, 1000.000000000000000 ) ;
#968 = AXIS2_PLACEMENT_3D ( 'NONE', #5015, #486, #716 ) ;
#969 = ORIENTED_EDGE ( 'NONE', *, *, #9181, .T. ) ;
#970 = CARTESIAN_POINT ( 'NONE',  ( 5.113049183153902000, -3.250988028559576026, -1.979745477316906310 ) ) ;
#971 = CIRCLE ( 'NONE', #2481, 1.571836107868756383 ) ;
#972 = ORIENTED_EDGE ( 'NONE', *, *, #4505, .F. ) ;
#973 = AXIS2_PLACEMENT_3D ( 'NONE', #6728, #5623, #3870 ) ;
#974 = CARTESIAN_POINT ( 'NONE',  ( 0.000000000000000000, 5.250000000000000000, 0.000000000000000000 ) ) ;
#975 = EDGE_CURVE ( 'NONE', #11537, #1162, #11283, .T. ) ;
#976 = DIRECTION ( 'NONE',  ( 1.000000000000000000, -3.395869773527192094E-15, 0.000000000000000000 ) ) ;
#977 = AXIS2_PLACEMENT_3D ( 'NONE', #10679, #2648, #9681 ) ;
#978 = VECTOR ( 'NONE', #10077, 1000.000000000000114 ) ;
#979 = ORIENTED_EDGE ( 'NONE', *, *, #7465, .F. ) ;
#980 = CARTESIAN_POINT ( 'NONE',  ( 0.000000000000000000, 0.000000000000000000, 0.5000000000000000000 ) ) ;
#982 = AXIS2_PLACEMENT_3D ( 'NONE', #656, #10684, #5238 ) ;
#981 = DIRECTION ( 'NONE',  ( 1.000000000000000000, 0.000000000000000000, -0.000000000000000000 ) ) ;
#983 = DIRECTION ( 'NONE',  ( -0.000000000000000000, -1.836970198721029688E-16, 1.000000000000000000 ) ) ;
#984 = CARTESIAN_POINT ( 'NONE',  ( 0.4561072009510478420, -6.104956726839290582, -0.3964466094067284341 ) ) ;
#985 = VERTEX_POINT ( 'NONE', #3116 ) ;
#986 = CARTESIAN_POINT ( 'NONE',  ( 3.985157492342970593E-17, -1.746011579516601723E-16, 0.5000000000000000000 ) ) ;
#987 = VECTOR ( 'NONE', #4149, 1000.000000000000114 ) ;
#988 = ORIENTED_EDGE ( 'NONE', *, *, #9094, .F. ) ;
#989 = AXIS2_PLACEMENT_3D ( 'NONE', #10292, #1312, #10418 ) ;
#990 = LINE ( 'NONE', #3471, #404 ) ;
#991 = EDGE_CURVE ( 'NONE', #11323, #8879, #3789, .T. ) ;
#992 = CARTESIAN_POINT ( 'NONE',  ( -4.493163257561787916, 1.330580719839222548, -0.5000000000000004441 ) ) ;
#993 = ORIENTED_EDGE ( 'NONE', *, *, #10193, .T. ) ;
#994 = ORIENTED_EDGE ( 'NONE', *, *, #6064, .F. ) ;
#995 = DIRECTION ( 'NONE',  ( 1.000000000000000000, 0.000000000000000000, 0.000000000000000000 ) ) ;
#996 = CIRCLE ( 'NONE', #7362, 8.000000000000000000 ) ;
#997 = CIRCLE ( 'NONE', #2502, 1.744770758581195569 ) ;
#998 = ORIENTED_EDGE ( 'NONE', *, *, #4239, .F. ) ;
#999 = DIRECTION ( 'NONE',  ( 1.000000000000000000, 0.000000000000000000, -0.000000000000000000 ) ) ;
#1000 = LINE ( 'NONE', #2821, #8450 ) ;
#1001 = CARTESIAN_POINT ( 'NONE',  ( 8.954567602896607774E-17, -1.122867261495178503E-16, 0.5000000000000000000 ) ) ;
#1002 = VERTEX_POINT ( 'NONE', #5809 ) ;
#1003 = CARTESIAN_POINT ( 'NONE',  ( 0.000000000000000000, 5.250000000000000000, 0.000000000000000000 ) ) ;
#1004 = VECTOR ( 'NONE', #1919, 1000.000000000000000 ) ;
#1005 = ORIENTED_EDGE ( 'NONE', *, *, #5025, .F. ) ;
#1006 = ORIENTED_EDGE ( 'NONE', *, *, #6973, .T. ) ;
#1007 = VECTOR ( 'NONE', #3934, 1000.000000000000114 ) ;
#1008 = AXIS2_PLACEMENT_3D ( 'NONE', #7493, #2167, #5753 ) ;
#1009 = CARTESIAN_POINT ( 'NONE',  ( 3.985157492342970593E-17, -1.746011579516601723E-16, 0.5000000000000000000 ) ) ;
#1010 = VERTEX_POINT ( 'NONE', #10256 ) ;
#1011 = EDGE_CURVE ( 'NONE', #4585, #11414, #4537, .T. ) ;
#1012 = CARTESIAN_POINT ( 'NONE',  ( 1.884140137117972680, -3.912457308866267969, -1.516411056810168482E-15 ) ) ;
#1013 = CARTESIAN_POINT ( 'NONE',  ( 0.000000000000000000, -7.750000000000002665, -2.500000000000003997 ) ) ;
#1014 = CIRCLE ( 'NONE', #8891, 5.854956726839295023 ) ;
#1015 = CARTESIAN_POINT ( 'NONE',  ( -5.822922039428680030, 1.789036932132483271, -0.1313876030881692136 ) ) ;
#1016 = ORIENTED_EDGE ( 'NONE', *, *, #9666, .F. ) ;
#1017 = ADVANCED_FACE ( 'NONE', ( #4813 ), #8850, .T. ) ;
#1018 = CARTESIAN_POINT ( 'NONE',  ( 0.000000000000000000, -2.500000000000000000, 2.172334957055046978 ) ) ;
#1019 = EDGE_CURVE ( 'NONE', #728, #10971, #1920, .T. ) ;
#1020 = CARTESIAN_POINT ( 'NONE',  ( 5.841050815633660243, 1.798349885710908591, -0.1680249406405555368 ) ) ;
#1021 = ADVANCED_FACE ( 'NONE', ( #1339 ), #287, .F. ) ;
#1022 = LINE ( 'NONE', #7191, #9542 ) ;
#1023 = ORIENTED_EDGE ( 'NONE', *, *, #7730, .F. ) ;
#1024 = DIRECTION ( 'NONE',  ( 7.970314984686170449E-17, 3.492023159033191614E-16, -1.000000000000000000 ) ) ;
#1025 = CARTESIAN_POINT ( 'NONE',  ( 4.410601769788928372, -4.080492584067425987, 0.4883515143830484684 ) ) ;
#1026 = CARTESIAN_POINT ( 'NONE',  ( 5.118371538954569644, -1.168234903270670699, -0.5000000000000008882 ) ) ;
#1027 = ORIENTED_EDGE ( 'NONE', *, *, #7, .T. ) ;
#1028 = FACE_OUTER_BOUND ( 'NONE', #5104, .T. ) ;
#1029 = EDGE_LOOP ( 'NONE', ( #2882, #343, #3469, #5560, #6464, #7620 ) ) ;
#1030 = EDGE_CURVE ( 'NONE', #2922, #3002, #599, .T. ) ;
#1031 = PLANE ( 'NONE',  #6453 ) ;
#1032 = EDGE_LOOP ( 'NONE', ( #4638, #883, #8035, #10224, #5694, #11480 ) ) ;
#1033 = DIRECTION ( 'NONE',  ( -0.000000000000000000, -1.836970198721029688E-16, 1.000000000000000000 ) ) ;
#1034 = DIRECTION ( 'NONE',  ( -1.000000000000000000, -7.438494264988550399E-15, 0.000000000000000000 ) ) ;
#1035 = DIRECTION ( 'NONE',  ( -0.9009688679024158153, 0.4338837391175651703, 0.000000000000000000 ) ) ;
#1036 = DIRECTION ( 'NONE',  ( 7.970314984686170449E-17, 3.492023159033191614E-16, -1.000000000000000000 ) ) ;
#1037 = EDGE_LOOP ( 'NONE', ( #7237, #6978, #10495, #7703, #10146, #5401 ) ) ;
#1038 = CARTESIAN_POINT ( 'NONE',  ( 5.527994894309681939, -3.661641740954597601, -0.6893398282201809169 ) ) ;
#1039 = VERTEX_POINT ( 'NONE', #3881 ) ;
#1040 = CARTESIAN_POINT ( 'NONE',  ( -4.307239450811682246, -4.261441472619323712, 0.4999999999999981681 ) ) ;
#1041 = CARTESIAN_POINT ( 'NONE',  ( -2.671639123616407652, -5.547715804109125237, -2.150213260174687816E-15 ) ) ;
#1042 = EDGE_LOOP ( 'NONE', ( #9862, #3704, #4705, #554 ) ) ;
#1043 = SPHERICAL_SURFACE ( 'NONE', #3000, 2.043333333333333002 ) ;
#1044 = VERTEX_POINT ( 'NONE', #5707 ) ;
#1045 = DIRECTION ( 'NONE',  ( -1.436201133715639822E-16, -6.916380135000388919E-17, 1.000000000000000000 ) ) ;
#1046 = VERTEX_POINT ( 'NONE', #8443 ) ;
#1047 = CARTESIAN_POINT ( 'NONE',  ( -2.298361892143342189, 5.998620101931479986, 0.3666893729391511036 ) ) ;
#1048 = DIRECTION ( 'NONE',  ( 1.790913520579321555E-16, -2.245734522990357007E-16, 1.000000000000000000 ) ) ;
#1049 = CARTESIAN_POINT ( 'NONE',  ( 3.846156353572150747E-16, 3.140624999999995559, 2.500000000000000444 ) ) ;
#1050 = ORIENTED_EDGE ( 'NONE', *, *, #5886, .F. ) ;
#1051 = CARTESIAN_POINT ( 'NONE',  ( -1.709328942962086595, 5.599885073634353283, 0.5000000000000001110 ) ) ;
#1052 = EDGE_CURVE ( 'NONE', #11329, #2227, #9969, .T. ) ;
#1053 = ORIENTED_EDGE ( 'NONE', *, *, #2332, .F. ) ;
#1054 = ORIENTED_EDGE ( 'NONE', *, *, #2998, .T. ) ;
#1055 = CARTESIAN_POINT ( 'NONE',  ( -1.884140137118027081, -3.912457308866240879, -1.516411056810163749E-15 ) ) ;
#1056 = EDGE_LOOP ( 'NONE', ( #4691, #2663, #457, #3889, #509, #2497, #8851 ) ) ;
#1057 = DIRECTION ( 'NONE',  ( -0.000000000000000000, -0.000000000000000000, -1.000000000000000000 ) ) ;
#1058 = DIRECTION ( 'NONE',  ( 0.000000000000000000, 0.000000000000000000, 1.000000000000000000 ) ) ;
#1059 = PLANE ( 'NONE',  #4196 ) ;
#1060 = ADVANCED_FACE ( 'NONE', ( #1099 ), #2937, .F. ) ;
#1061 = CARTESIAN_POINT ( 'NONE',  ( -4.162148097593585838, -4.117892845480418451, -0.5000000000000017764 ) ) ;
#1062 = ORIENTED_EDGE ( 'NONE', *, *, #4683, .T. ) ;
#1063 = EDGE_CURVE ( 'NONE', #1010, #1327, #9210, .T. ) ;
#1064 = AXIS2_PLACEMENT_3D ( 'NONE', #10518, #9823, #1789 ) ;
#1065 = CARTESIAN_POINT ( 'NONE',  ( 4.104615282957162492, 3.273321459758343543, -0.5000000000000000000 ) ) ;
#1066 = AXIS2_PLACEMENT_3D ( 'NONE', #10070, #3868, #9305 ) ;
#1067 = LINE ( 'NONE', #6484, #4153 ) ;
#1068 = ORIENTED_EDGE ( 'NONE', *, *, #3073, .T. ) ;
#1069 = CARTESIAN_POINT ( 'NONE',  ( -4.799931324454229653, -4.574604580850460955, -0.6893398282201808058 ) ) ;
#1070 = CARTESIAN_POINT ( 'NONE',  ( 6.569278111570836742, 0.9005181194463797167, 0.09181046656276542484 ) ) ;
#1071 = VERTEX_POINT ( 'NONE', #2171 ) ;
#1072 = DIRECTION ( 'NONE',  ( -1.436201133715656092E-16, 6.916380135000592297E-17, -1.000000000000000000 ) ) ;
#1073 = CARTESIAN_POINT ( 'NONE',  ( -3.053017582229597071, 5.294432980485072271, -0.1680249406405557866 ) ) ;
#1074 = ORIENTED_EDGE ( 'NONE', *, *, #8562, .T. ) ;
#1075 = AXIS2_PLACEMENT_3D ( 'NONE', #6086, #3328, #9598 ) ;
#1076 = CARTESIAN_POINT ( 'NONE',  ( -1.884140137118026859, -3.912457308866239991, -1.571836107868757937 ) ) ;
#1077 = ORIENTED_EDGE ( 'NONE', *, *, #2434, .F. ) ;
#1078 = EDGE_CURVE ( 'NONE', #7108, #2539, #8289, .T. ) ;
#1079 = EDGE_CURVE ( 'NONE', #9247, #279, #10910, .T. ) ;
#1080 = DIRECTION ( 'NONE',  ( -0.7818314824680218100, 0.6234898018587434754, 0.000000000000000000 ) ) ;
#1081 = LINE ( 'NONE', #9303, #637 ) ;
#1082 = ORIENTED_EDGE ( 'NONE', *, *, #8199, .T. ) ;
#1083 = CARTESIAN_POINT ( 'NONE',  ( 6.022505511281142532, 0.9146046076783819201, -1.701502775549894375 ) ) ;
#1084 = PLANE ( 'NONE',  #9791 ) ;
#1085 = EDGE_CURVE ( 'NONE', #5436, #9510, #456, .T. ) ;
#1086 = CYLINDRICAL_SURFACE ( 'NONE', #9035, 0.2041022026635771758 ) ;
#1087 = ADVANCED_FACE ( 'NONE', ( #11200 ), #3164, .F. ) ;
#1088 = DIRECTION ( 'NONE',  ( -0.9749279121818257288, -0.2225209339563050670, -2.245734522990331862E-16 ) ) ;
#1089 = VERTEX_POINT ( 'NONE', #4696 ) ;
#1090 = CARTESIAN_POINT ( 'NONE',  ( 0.6462092322440239345, -6.024500704568890974, 0.000000000000000000 ) ) ;
#1091 = ORIENTED_EDGE ( 'NONE', *, *, #7059, .F. ) ;
#1092 = EDGE_CURVE ( 'NONE', #8589, #1718, #4177, .T. ) ;
#1093 = CARTESIAN_POINT ( 'NONE',  ( -2.671639123616407652, -5.547715804109125237, -2.150213260174687816E-15 ) ) ;
#1094 = DIRECTION ( 'NONE',  ( -0.9009688679024216995, -0.4338837391175525693, -2.073466413476074313E-16 ) ) ;
#1095 = ORIENTED_EDGE ( 'NONE', *, *, #6838, .F. ) ;
#1096 = DIRECTION ( 'NONE',  ( -0.6234898018587320401, 0.7818314824680309139, 1.481414429610370493E-16 ) ) ;
#1097 = ORIENTED_EDGE ( 'NONE', *, *, #9640, .T. ) ;
#1098 = LINE ( 'NONE', #2816, #6760 ) ;
#1099 = FACE_OUTER_BOUND ( 'NONE', #10762, .T. ) ;
#1100 = ORIENTED_EDGE ( 'NONE', *, *, #1586, .F. ) ;
#1101 = DIRECTION ( 'NONE',  ( -0.9009688679024216995, -0.4338837391175529024, -7.970314984685951047E-17 ) ) ;
#1102 = DIRECTION ( 'NONE',  ( 0.2225209339563182231, 0.9749279121818228422, 1.851768037012963116E-16 ) ) ;
#1103 = AXIS2_PLACEMENT_3D ( 'NONE', #2717, #648, #5178 ) ;
#1104 = CARTESIAN_POINT ( 'NONE',  ( -4.233624458649579481, -0.9662971557052547622, -0.5000000000000007772 ) ) ;
#1105 = ORIENTED_EDGE ( 'NONE', *, *, #6049, .F. ) ;
#1106 = CARTESIAN_POINT ( 'NONE',  ( -3.300315535752680329, -3.230463181104143988, 0.4999999999999986122 ) ) ;
#1107 = ADVANCED_FACE ( 'NONE', ( #10976 ), #2055, .F. ) ;
#1108 = VERTEX_POINT ( 'NONE', #10083 ) ;
#1109 = AXIS2_PLACEMENT_3D ( 'NONE', #10589, #10709, #8952 ) ;
#1110 = EDGE_CURVE ( 'NONE', #8201, #8018, #4737, .T. ) ;
#1111 = FACE_OUTER_BOUND ( 'NONE', #1695, .T. ) ;
#1112 = VERTEX_POINT ( 'NONE', #1800 ) ;
#1113 = FACE_OUTER_BOUND ( 'NONE', #2034, .T. ) ;
#1114 = DIRECTION ( 'NONE',  ( -0.000000000000000000, -0.000000000000000000, -1.000000000000000000 ) ) ;
#1115 = CARTESIAN_POINT ( 'NONE',  ( 0.000000000000000000, -6.968749999999997335, -0.5832010266623409711 ) ) ;
#1116 = AXIS2_PLACEMENT_3D ( 'NONE', #7062, #6306, #9875 ) ;
#1117 = CIRCLE ( 'NONE', #2634, 1.571836107868756383 ) ;
#1118 = DIRECTION ( 'NONE',  ( 1.000000000000000000, 4.244837216908990019E-15, 0.000000000000000000 ) ) ;
#1119 = ORIENTED_EDGE ( 'NONE', *, *, #5092, .T. ) ;
#1120 = CARTESIAN_POINT ( 'NONE',  ( 3.985157492342970593E-17, -1.746011579516601723E-16, 0.5000000000000000000 ) ) ;
#1121 = EDGE_CURVE ( 'NONE', #9538, #4402, #10728, .T. ) ;
#1122 = DIRECTION ( 'NONE',  ( 0.000000000000000000, -1.000000000000000000, -1.836970198721029688E-16 ) ) ;
#1123 = ORIENTED_EDGE ( 'NONE', *, *, #9923, .T. ) ;
#1124 = AXIS2_PLACEMENT_3D ( 'NONE', #6226, #4469, #6163 ) ;
#1125 = VECTOR ( 'NONE', #4777, 1000.000000000000000 ) ;
#1126 = CARTESIAN_POINT ( 'NONE',  ( -0.8107164786642514498, -5.798556463843714148, -0.1706127626411407250 ) ) ;
#1127 = CARTESIAN_POINT ( 'NONE',  ( -2.992045089754096665, 5.147507901534455144, -1.885160653978395162 ) ) ;
#1128 = AXIS2_PLACEMENT_3D ( 'NONE', #7295, #10883, #2853 ) ;
#1129 = ORIENTED_EDGE ( 'NONE', *, *, #8238, .T. ) ;
#1130 = DIRECTION ( 'NONE',  ( -0.6234898018587375912, 0.7818314824680265840, 0.000000000000000000 ) ) ;
#1131 = EDGE_CURVE ( 'NONE', #7957, #1958, #8955, .T. ) ;
#1132 = CARTESIAN_POINT ( 'NONE',  ( -4.028020539655589261, -4.249184487083866202, -0.1706127626411396703 ) ) ;
#1133 = CIRCLE ( 'NONE', #6202, 5.854956726839295023 ) ;
#1134 = VERTEX_POINT ( 'NONE', #9442 ) ;
#1135 = LINE ( 'NONE', #8369, #2700 ) ;
#1136 = ORIENTED_EDGE ( 'NONE', *, *, #7214, .T. ) ;
#1137 = AXIS2_PLACEMENT_3D ( 'NONE', #7470, #7291, #4839 ) ;
#1138 = AXIS2_PLACEMENT_3D ( 'NONE', #1249, #10174, #10002 ) ;
#1139 = FACE_OUTER_BOUND ( 'NONE', #2627, .T. ) ;
#1140 = VECTOR ( 'NONE', #6915, 1000.000000000000000 ) ;
#1141 = DIRECTION ( 'NONE',  ( 0.000000000000000000, -2.389426275450147340E-16, 1.000000000000000000 ) ) ;
#1142 = ORIENTED_EDGE ( 'NONE', *, *, #4438, .F. ) ;
#1143 = AXIS2_PLACEMENT_3D ( 'NONE', #9059, #2069, #8223 ) ;
#1144 = EDGE_CURVE ( 'NONE', #11337, #7447, #5259, .T. ) ;
#1145 = AXIS2_PLACEMENT_3D ( 'NONE', #3252, #1473, #10276 ) ;
#1146 = CARTESIAN_POINT ( 'NONE',  ( -5.118371538954584743, -1.168234903270601421, 0.000000000000000000 ) ) ;
#1147 = CARTESIAN_POINT ( 'NONE',  ( -2.007195506961076958, 5.500350665794806027, -0.3358748287958538414 ) ) ;
#1148 = DIRECTION ( 'NONE',  ( 1.000000000000000000, 0.000000000000000000, 0.000000000000000000 ) ) ;
#1149 = DIRECTION ( 'NONE',  ( 1.000000000000000000, 0.000000000000000000, 1.224646799147353207E-16 ) ) ;
#1150 = ORIENTED_EDGE ( 'NONE', *, *, #8562, .F. ) ;
#1151 = DIRECTION ( 'NONE',  ( -0.000000000000000000, -1.836970198721029688E-16, 1.000000000000000000 ) ) ;
#1152 = AXIS2_PLACEMENT_3D ( 'NONE', #496, #2621, #5441 ) ;
#1153 = ORIENTED_EDGE ( 'NONE', *, *, #2962, .F. ) ;
#1154 =( BOUNDED_CURVE ( )  B_SPLINE_CURVE ( 3, ( #1361, #8525, #4068, #10336 ),
 .UNSPECIFIED., .F., .F. ) 
 B_SPLINE_CURVE_WITH_KNOTS ( ( 4, 4 ),
 ( 4.712388980384691450, 6.283185307179586232 ),
 .UNSPECIFIED. ) 
 CURVE ( )  GEOMETRIC_REPRESENTATION_ITEM ( )  RATIONAL_B_SPLINE_CURVE ( ( 1.000000000000000000, 0.8047378541243654926, 0.8047378541243654926, 1.000000000000000000 ) ) 
 REPRESENTATION_ITEM ( '' )  );
#1155 = AXIS2_PLACEMENT_3D ( 'NONE', #168, #6346, #3763 ) ;
#1156 = CYLINDRICAL_SURFACE ( 'NONE', #43, 0.7499999999999996669 ) ;
#1157 = CIRCLE ( 'NONE', #5858, 1.981214554537471306 ) ;
#1158 = CARTESIAN_POINT ( 'NONE',  ( -6.022505511281155854, 0.9146046076782985423, 0.4669859836141810328 ) ) ;
#1159 = AXIS2_PLACEMENT_3D ( 'NONE', #6565, #3929, #10207 ) ;
#1160 = ADVANCED_FACE ( 'NONE', ( #8724 ), #7073, .T. ) ;
#1161 = ADVANCED_FACE ( 'NONE', ( #2560 ), #1563, .T. ) ;
#1162 = VERTEX_POINT ( 'NONE', #2616 ) ;
#1163 = CIRCLE ( 'NONE', #7724, 1.571836107868756383 ) ;
#1164 = ORIENTED_EDGE ( 'NONE', *, *, #3049, .T. ) ;
#1165 = DIRECTION ( 'NONE',  ( 0.9749279121818257288, 0.2225209339563054001, -0.000000000000000000 ) ) ;
#1166 = ADVANCED_FACE ( 'NONE', ( #8008 ), #5207, .F. ) ;
#1167 = DIRECTION ( 'NONE',  ( -1.790913520579321801E-16, 2.245734522990357007E-16, -1.000000000000000000 ) ) ;
#1168 = EDGE_LOOP ( 'NONE', ( #235, #3286 ) ) ;
#1169 = DIRECTION ( 'NONE',  ( -0.000000000000000000, -1.836970198721029688E-16, 1.000000000000000000 ) ) ;
#1170 = LINE ( 'NONE', #2120, #9763 ) ;
#1171 = AXIS2_PLACEMENT_3D ( 'NONE', #7430, #9139, #11013 ) ;
#1172 = AXIS2_PLACEMENT_3D ( 'NONE', #718, #955, #6184 ) ;
#1173 = CARTESIAN_POINT ( 'NONE',  ( -6.003118619259591782, -1.370172650835947969, -1.571836107868757715 ) ) ;
#1174 = ORIENTED_EDGE ( 'NONE', *, *, #7855, .T. ) ;
#1175 = CARTESIAN_POINT ( 'NONE',  ( -0.6462092322439436654, -6.024500704568901632, 0.4999999999999979461 ) ) ;
#1176 = VERTEX_POINT ( 'NONE', #7887 ) ;
#1177 = AXIS2_PLACEMENT_3D ( 'NONE', #4752, #10128, #5748 ) ;
#1178 = AXIS2_PLACEMENT_3D ( 'NONE', #4091, #4802, #3212 ) ;
#1179 = VECTOR ( 'NONE', #10772, 1000.000000000000000 ) ;
#1180 = LINE ( 'NONE', #3667, #1125 ) ;
#1181 = EDGE_CURVE ( 'NONE', #1970, #524, #5115, .T. ) ;
#1182 = ORIENTED_EDGE ( 'NONE', *, *, #9154, .F. ) ;
#1183 = CIRCLE ( 'NONE', #7742, 1.815000000000000169 ) ;
#1184 = DIRECTION ( 'NONE',  ( 0.4338837391175526248, -0.9009688679024218105, -3.492023159033202461E-16 ) ) ;
#1185 = CARTESIAN_POINT ( 'NONE',  ( 5.057425556495251939, -3.449779290889261940, -0.2500000000000000555 ) ) ;
#1186 = B_SPLINE_CURVE_WITH_KNOTS ( 'NONE', 3,
 ( #1199, #10056, #1126, #1251 ),
 .UNSPECIFIED., .F., .F.,
 ( 4, 4 ),
 ( 2.074124156386852369E-07, 0.0005065015518760938905 ),
 .UNSPECIFIED. ) ;
#1187 = DIRECTION ( 'NONE',  ( -7.970314984685941186E-17, 3.492023159033203447E-16, -1.000000000000000000 ) ) ;
#1188 = VERTEX_POINT ( 'NONE', #8831 ) ;
#1189 = CIRCLE ( 'NONE', #2704, 1.815000000000000169 ) ;
#1190 = AXIS2_PLACEMENT_3D ( 'NONE', #4228, #8783, #11378 ) ;
#1191 = FACE_OUTER_BOUND ( 'NONE', #9018, .T. ) ;
#1192 = EDGE_CURVE ( 'NONE', #4764, #1298, #7169, .T. ) ;
#1193 = VERTEX_POINT ( 'NONE', #1740 ) ;
#1194 = CIRCLE ( 'NONE', #4211, 1.744770758581195569 ) ;
#1195 = DIRECTION ( 'NONE',  ( -0.7818314824680308028, -0.6234898018587322621, 6.916380135000587367E-17 ) ) ;
#1196 = CARTESIAN_POINT ( 'NONE',  ( 0.4561072009510460101, -5.854956726839291470, -0.5000000000000021094 ) ) ;
#1197 = ORIENTED_EDGE ( 'NONE', *, *, #8356, .T. ) ;
#1198 = ORGANIZATION ( 'UNSPECIFIED', 'UNSPECIFIED', '' ) ;
#1199 = CARTESIAN_POINT ( 'NONE',  ( -0.8896469117637307855, -5.786972148330245425, -0.5000000000000019984 ) ) ;
#1200 = CARTESIAN_POINT ( 'NONE',  ( 4.583390897398785135, 0.5661297392311771537, 0.4999999999999993339 ) ) ;
#1201 = ORIENTED_EDGE ( 'NONE', *, *, #492, .T. ) ;
#1202 = FACE_OUTER_BOUND ( 'NONE', #8602, .T. ) ;
#1203 = CARTESIAN_POINT ( 'NONE',  ( -5.578239297790240414, 1.872073459281084817, -1.000000000000000666 ) ) ;
#1204 = ORIENTED_EDGE ( 'NONE', *, *, #7252, .F. ) ;
#1205 = CARTESIAN_POINT ( 'NONE',  ( 1.884140137117973346, -3.912457308866268857, 0.4999999999999988343 ) ) ;
#1206 = EDGE_CURVE ( 'NONE', #6287, #4768, #8186, .T. ) ;
#1207 = ORIENTED_EDGE ( 'NONE', *, *, #2920, .F. ) ;
#1208 = B_SPLINE_CURVE_WITH_KNOTS ( 'NONE', 3,
 ( #9192, #11136, #11012, #4850, #3808, #6676 ),
 .UNSPECIFIED., .F., .F.,
 ( 4, 2, 4 ),
 ( 0.000000000000000000, 0.0001488170499983733971, 0.0002976340999967467941 ),
 .UNSPECIFIED. ) ;
#1209 = CARTESIAN_POINT ( 'NONE',  ( 3.300315535752635476, -3.230463181104189285, 0.4999999999999987232 ) ) ;
#1210 = CARTESIAN_POINT ( 'NONE',  ( -3.196147292417672592, 5.147507901534455144, -1.885160653978395162 ) ) ;
#1211 = VERTEX_POINT ( 'NONE', #6085 ) ;
#1212 = CARTESIAN_POINT ( 'NONE',  ( 8.954567602896607774E-17, -1.122867261495178503E-16, 0.5000000000000000000 ) ) ;
#1213 = CARTESIAN_POINT ( 'NONE',  ( -5.113049183153861144, -3.250988028559646636, 0.000000000000000000 ) ) ;
#1214 = CARTESIAN_POINT ( 'NONE',  ( -2.277889630367217144, -4.730086556487682614, 0.000000000000000000 ) ) ;
#1215 = DIRECTION ( 'NONE',  ( 0.000000000000000000, 0.000000000000000000, 1.000000000000000000 ) ) ;
#1216 = VERTEX_POINT ( 'NONE', #7826 ) ;
#1217 = SPHERICAL_SURFACE ( 'NONE', #3450, 1.815000000000000169 ) ;
#1218 = EDGE_CURVE ( 'NONE', #9546, #11615, #789, .T. ) ;
#1219 = VERTEX_POINT ( 'NONE', #8776 ) ;
#1220 = CARTESIAN_POINT ( 'NONE',  ( 0.8107164786651840371, -5.798556463843516973, 1.027403920737714492E-17 ) ) ;
#1221 = ADVANCED_FACE ( 'NONE', ( #8902 ), #11415, .F. ) ;
#1222 = CARTESIAN_POINT ( 'NONE',  ( 0.000000000000000000, 0.000000000000000000, 0.000000000000000000 ) ) ;
#1223 = ORIENTED_EDGE ( 'NONE', *, *, #8313, .T. ) ;
#1224 = EDGE_LOOP ( 'NONE', ( #9162, #7616 ) ) ;
#1225 = DIRECTION ( 'NONE',  ( 0.000000000000000000, 0.000000000000000000, 1.000000000000000000 ) ) ;
#1226 = DIRECTION ( 'NONE',  ( -0.9749279121818228422, 0.2225209339563183342, 0.000000000000000000 ) ) ;
#1227 = ORIENTED_EDGE ( 'NONE', *, *, #6492, .T. ) ;
#1228 = DIRECTION ( 'NONE',  ( 0.2225209339563182231, 0.9749279121818227312, 1.878129129841590735E-16 ) ) ;
#1229 = CARTESIAN_POINT ( 'NONE',  ( -4.814127353296846934, 3.839138454945211443, -4.258761068126489673E-16 ) ) ;
#1230 = DIRECTION ( 'NONE',  ( 0.9749279121818227312, -0.2225209339563179178, -2.245734522990357500E-16 ) ) ;
#1231 = ORIENTED_EDGE ( 'NONE', *, *, #9636, .T. ) ;
#1232 = LINE ( 'NONE', #4819, #799 ) ;
#1233 = EDGE_CURVE ( 'NONE', #2095, #8365, #6786, .T. ) ;
#1234 = ORIENTED_EDGE ( 'NONE', *, *, #8843, .T. ) ;
#1235 = ADVANCED_FACE ( 'NONE', ( #28 ), #6435, .F. ) ;
#1236 = ADVANCED_FACE ( 'NONE', ( #3794 ), #4668, .T. ) ;
#1237 = CYLINDRICAL_SURFACE ( 'NONE', #8045, 5.854956726839295023 ) ;
#1238 = VERTEX_POINT ( 'NONE', #10059 ) ;
#1239 = DIRECTION ( 'NONE',  ( 8.659560562354844111E-17, 0.7071067811865401342, 0.7071067811865549002 ) ) ;
#1240 = CARTESIAN_POINT ( 'NONE',  ( -1.963279114448571283, 5.515981634480915829, 0.5000000000000001110 ) ) ;
#1241 = DIRECTION ( 'NONE',  ( 0.7655145253215006607, -0.6434186129743197924, 0.000000000000000000 ) ) ;
#1242 = ORIENTED_EDGE ( 'NONE', *, *, #6282, .F. ) ;
#1243 = CARTESIAN_POINT ( 'NONE',  ( -6.003118619259592670, -1.370172650835948636, 1.571836107868755050 ) ) ;
#1244 = ADVANCED_FACE ( 'NONE', ( #4619 ), #9939, .T. ) ;
#1245 = EDGE_CURVE ( 'NONE', #1974, #540, #2602, .T. ) ;
#1246 = DIRECTION ( 'NONE',  ( 0.000000000000000000, 0.000000000000000000, 1.000000000000000000 ) ) ;
#1247 = ORIENTED_EDGE ( 'NONE', *, *, #7492, .F. ) ;
#1248 = CARTESIAN_POINT ( 'NONE',  ( 4.375126996066917684, 1.478593510159734059, 1.571836107868755938 ) ) ;
#1249 = CARTESIAN_POINT ( 'NONE',  ( 2.277889630367151419, -4.730086556487714589, -1.833312158492431403E-15 ) ) ;
#1250 = ORIENTED_EDGE ( 'NONE', *, *, #9505, .T. ) ;
#1251 = CARTESIAN_POINT ( 'NONE',  ( -0.8107164786652649724, -5.798556463843506315, 1.027403880348036144E-17 ) ) ;
#1252 = CARTESIAN_POINT ( 'NONE',  ( 6.022505511281142532, 0.9146046076783822532, 0.4669859836141805887 ) ) ;
#1253 = ORIENTED_EDGE ( 'NONE', *, *, #6203, .F. ) ;
#1254 = LINE ( 'NONE', #5067, #8094 ) ;
#1255 = CARTESIAN_POINT ( 'NONE',  ( 0.000000000000000000, 7.750000000000003553, 2.499999999999999556 ) ) ;
#1256 = ORIENTED_EDGE ( 'NONE', *, *, #732, .T. ) ;
#1257 = CARTESIAN_POINT ( 'NONE',  ( -5.118371538954584743, -1.168234903270601421, -1.179010624569924560E-15 ) ) ;
#1258 = EDGE_CURVE ( 'NONE', #6078, #3817, #8184, .T. ) ;
#1259 = ORIENTED_EDGE ( 'NONE', *, *, #5239, .F. ) ;
#1260 = CARTESIAN_POINT ( 'NONE',  ( -2.276467454002260471, 5.889853171610677229, -1.000000000000000000 ) ) ;
#1261 = CARTESIAN_POINT ( 'NONE',  ( 2.339742150879215554, 6.204188460871740141, 0.09181046656276661833 ) ) ;
#1262 = EDGE_CURVE ( 'NONE', #6365, #6695, #8664, .T. ) ;
#1263 = ORIENTED_EDGE ( 'NONE', *, *, #10652, .T. ) ;
#1264 = VECTOR ( 'NONE', #1321, 1000.000000000000000 ) ;
#1265 = DIRECTION ( 'NONE',  ( -0.2225209339563050948, 0.9749279121818258398, 2.069205142716396713E-16 ) ) ;
#1266 = DIRECTION ( 'NONE',  ( 1.436201133715639822E-16, 6.916380135000388919E-17, -1.000000000000000000 ) ) ;
#1267 = CARTESIAN_POINT ( 'NONE',  ( 0.000000000000000000, 0.000000000000000000, 0.000000000000000000 ) ) ;
#1268 = PERSON_AND_ORGANIZATION ( #3279, #1198 ) ;
#1269 = VERTEX_POINT ( 'NONE', #3857 ) ;
#1270 = FACE_OUTER_BOUND ( 'NONE', #9433, .T. ) ;
#1271 = ORIENTED_EDGE ( 'NONE', *, *, #2234, .T. ) ;
#1272 = CARTESIAN_POINT ( 'NONE',  ( -4.577589497530912155, -3.650505809508514332, -0.2500000000000016098 ) ) ;
#1273 = DIRECTION ( 'NONE',  ( 1.532107773982716026E-14, 1.000000000000000000, 6.916380135000607089E-17 ) ) ;
#1274 = ORIENTED_EDGE ( 'NONE', *, *, #3754, .F. ) ;
#1275 = EDGE_CURVE ( 'NONE', #10335, #962, #2028, .T. ) ;
#1276 = ORIENTED_EDGE ( 'NONE', *, *, #7832, .F. ) ;
#1277 = CARTESIAN_POINT ( 'NONE',  ( -5.118371538954584743, -1.168234903270601643, 0.4999999999999988343 ) ) ;
#1278 = ORIENTED_EDGE ( 'NONE', *, *, #7550, .T. ) ;
#1279 = CYLINDRICAL_SURFACE ( 'NONE', #5857, 5.854956726839295023 ) ;
#1280 = CARTESIAN_POINT ( 'NONE',  ( 5.038967452947457737, -2.981497154333322186, -0.1706127626411396703 ) ) ;
#1281 = CARTESIAN_POINT ( 'NONE',  ( -6.053386115997634320, 0.9138090314648864565, -0.2500000000000000555 ) ) ;
#1282 = ORIENTED_EDGE ( 'NONE', *, *, #1838, .F. ) ;
#1283 = DIRECTION ( 'NONE',  ( -0.9749279121818242855, 0.2225209339563117283, 0.000000000000000000 ) ) ;
#1284 = VERTEX_POINT ( 'NONE', #7293 ) ;
#1285 = FACE_OUTER_BOUND ( 'NONE', #5767, .T. ) ;
#1286 = ORIENTED_EDGE ( 'NONE', *, *, #10509, .F. ) ;
#1287 = FACE_OUTER_BOUND ( 'NONE', #10141, .T. ) ;
#1288 = CARTESIAN_POINT ( 'NONE',  ( 3.028934849370016558, 5.010595967690128383, -1.069247216435543317E-13 ) ) ;
#1289 = ADVANCED_FACE ( 'NONE', ( #10882 ), #3614, .T. ) ;
#1290 = FACE_OUTER_BOUND ( 'NONE', #7928, .T. ) ;
#1291 = CARTESIAN_POINT ( 'NONE',  ( 1.884140137117972680, -3.912457308866267969, -0.5000000000000013323 ) ) ;
#1292 = DIRECTION ( 'NONE',  ( 0.000000000000000000, 0.000000000000000000, 1.000000000000000000 ) ) ;
#1293 = ORIENTED_EDGE ( 'NONE', *, *, #8621, .T. ) ;
#1294 = CIRCLE ( 'NONE', #734, 5.854956726839295023 ) ;
#1295 = CARTESIAN_POINT ( 'NONE',  ( -3.863289285114959171, -4.399490217363446476, 0.4999999999999981681 ) ) ;
#1296 = CARTESIAN_POINT ( 'NONE',  ( 0.000000000000000000, 3.444319122601958706E-17, 2.312499999999998668 ) ) ;
#1297 = ADVANCED_FACE ( 'NONE', ( #1979 ), #9125, .T. ) ;
#1298 = VERTEX_POINT ( 'NONE', #5610 ) ;
#1299 = EDGE_CURVE ( 'NONE', #3171, #7964, #9887, .T. ) ;
#1300 = FACE_OUTER_BOUND ( 'NONE', #7584, .T. ) ;
#1301 = DIRECTION ( 'NONE',  ( -0.9749279121818228422, 0.2225209339563181954, 0.000000000000000000 ) ) ;
#1302 = EDGE_LOOP ( 'NONE', ( #747, #912 ) ) ;
#1303 = DIRECTION ( 'NONE',  ( 0.2225209339563050392, -0.9749279121818257288, -3.227114654294983317E-16 ) ) ;
#1304 = VECTOR ( 'NONE', #9122, 999.9999999999998863 ) ;
#1305 = EDGE_CURVE ( 'NONE', #7149, #11233, #9589, .T. ) ;
#1306 = AXIS2_PLACEMENT_3D ( 'NONE', #5595, #6353, #2776 ) ;
#1307 = CARTESIAN_POINT ( 'NONE',  ( 1.022188080638066321, -6.342049561373089617, -1.203706215242022408E-32 ) ) ;
#1308 = B_SPLINE_CURVE_WITH_KNOTS ( 'NONE', 3,
 ( #3731, #138, #902, #5500, #24, #9074 ),
 .UNSPECIFIED., .F., .F.,
 ( 4, 2, 4 ),
 ( 1.084202172485504434E-19, 0.0001264732032664006665, 0.0002529464065328012245 ),
 .UNSPECIFIED. ) ;
#1309 = ORIENTED_EDGE ( 'NONE', *, *, #5344, .F. ) ;
#1310 = DIRECTION ( 'NONE',  ( 1.000000000000000000, 0.000000000000000000, 0.000000000000000000 ) ) ;
#1311 = VERTEX_POINT ( 'NONE', #7418 ) ;
#1312 = DIRECTION ( 'NONE',  ( 0.4338837391175526248, -0.9009688679024218105, -3.492023159033202461E-16 ) ) ;
#1313 = CIRCLE ( 'NONE', #2641, 5.854956726839295023 ) ;
#1314 = AXIS2_PLACEMENT_3D ( 'NONE', #2192, #6709, #9517 ) ;
#1315 = DIRECTION ( 'NONE',  ( -0.9749279121818227312, 0.2225209339563178623, 0.000000000000000000 ) ) ;
#1316 = DIRECTION ( 'NONE',  ( 0.000000000000000000, 0.000000000000000000, 1.000000000000000000 ) ) ;
#1317 = VECTOR ( 'NONE', #2734, 1000.000000000000000 ) ;
#1318 = ADVANCED_FACE ( 'NONE', ( #1202 ), #6539, .F. ) ;
#1319 = ORIENTED_EDGE ( 'NONE', *, *, #6047, .T. ) ;
#1320 = B_SPLINE_CURVE_WITH_KNOTS ( 'NONE', 3,
 ( #8818, #8946, #10767, #896, #11534, #6179 ),
 .UNSPECIFIED., .F., .F.,
 ( 4, 2, 4 ),
 ( 0.000000000000000000, 0.0001264852995145781709, 0.0002529705990291563418 ),
 .UNSPECIFIED. ) ;
#1321 = DIRECTION ( 'NONE',  ( 3.342377459625948935E-16, -1.000000000000000000, -0.000000000000000000 ) ) ;
#1322 = CARTESIAN_POINT ( 'NONE',  ( -5.795440118211026892, 0.9204544874741849014, -0.5000000000000008882 ) ) ;
#1323 = CARTESIAN_POINT ( 'NONE',  ( -5.118371538954584743, -1.168234903270601421, -1.179010624569924560E-15 ) ) ;
#1324 = B_SPLINE_CURVE_WITH_KNOTS ( 'NONE', 3,
 ( #721, #7773, #5204, #4264, #6851, #1492 ),
 .UNSPECIFIED., .F., .F.,
 ( 4, 2, 4 ),
 ( 0.000000000000000000, 0.0001489814068954699430, 0.0002979628137909398860 ),
 .UNSPECIFIED. ) ;
#1326 = AXIS2_PLACEMENT_3D ( 'NONE', #9001, #6132, #8771 ) ;
#1325 = PERSON_AND_ORGANIZATION_ROLE ( 'creator' ) ;
#1327 = VERTEX_POINT ( 'NONE', #11003 ) ;
#1328 = DIRECTION ( 'NONE',  ( 0.2225209339563115063, 0.9749279121818243965, -0.000000000000000000 ) ) ;
#1329 = ORIENTED_EDGE ( 'NONE', *, *, #2068, .F. ) ;
#1330 = EDGE_CURVE ( 'NONE', #4823, #1269, #971, .T. ) ;
#1331 = CIRCLE ( 'NONE', #7884, 5.854956726839295023 ) ;
#1332 = DIRECTION ( 'NONE',  ( -0.6234898018587431423, -0.7818314824680221431, -1.481414429610370493E-16 ) ) ;
#1333 = CARTESIAN_POINT ( 'NONE',  ( 1.571836107868757049, 4.342500000000001137, 1.571836107868756383 ) ) ;
#1334 = AXIS2_PLACEMENT_3D ( 'NONE', #3542, #8889, #2548 ) ;
#1335 = ORIENTED_EDGE ( 'NONE', *, *, #2775, .F. ) ;
#1336 = CIRCLE ( 'NONE', #968, 1.571836107868756383 ) ;
#1337 = CIRCLE ( 'NONE', #8463, 0.9074999999999989742 ) ;
#1338 = ORIENTED_EDGE ( 'NONE', *, *, #8728, .F. ) ;
#1339 = FACE_OUTER_BOUND ( 'NONE', #6148, .T. ) ;
#1340 = ORIENTED_EDGE ( 'NONE', *, *, #1052, .F. ) ;
#1342 = CIRCLE ( 'NONE', #1922, 1.571836107868756383 ) ;
#1341 = CARTESIAN_POINT ( 'NONE',  ( -0.4484599904915968493, -6.075027395718190171, -1.474250475543824157 ) ) ;
#1343 = CARTESIAN_POINT ( 'NONE',  ( 3.985157492342970593E-17, -1.746011579516601723E-16, 0.5000000000000000000 ) ) ;
#1344 = FACE_OUTER_BOUND ( 'NONE', #877, .T. ) ;
#1345 = ORIENTED_EDGE ( 'NONE', *, *, #9108, .T. ) ;
#1346 = CYLINDRICAL_SURFACE ( 'NONE', #2306, 0.7500000000000001110 ) ;
#1347 = CIRCLE ( 'NONE', #977, 1.571836107868756383 ) ;
#1348 = ORIENTED_EDGE ( 'NONE', *, *, #2234, .F. ) ;
#1349 = AXIS2_PLACEMENT_3D ( 'NONE', #9524, #8590, #1432 ) ;
#1350 = EDGE_CURVE ( 'NONE', #10739, #7149, #7243, .T. ) ;
#1351 = AXIS2_PLACEMENT_3D ( 'NONE', #4762, #6738, #10313 ) ;
#1352 = AXIS2_PLACEMENT_3D ( 'NONE', #5058, #2137, #8462 ) ;
#1353 = EDGE_CURVE ( 'NONE', #8875, #309, #57, .T. ) ;
#1354 = DIRECTION ( 'NONE',  ( -0.000000000000000000, -1.836970198721029688E-16, 1.000000000000000000 ) ) ;
#1355 = ORIENTED_EDGE ( 'NONE', *, *, #340, .F. ) ;
#1356 = AXIS2_PLACEMENT_3D ( 'NONE', #2803, #5396, #6380 ) ;
#1357 = DIRECTION ( 'NONE',  ( 0.000000000000000000, -4.244837216908990117E-16, 1.000000000000000000 ) ) ;
#1358 = VECTOR ( 'NONE', #364, 1000.000000000000000 ) ;
#1359 = DIRECTION ( 'NONE',  ( 2.759071806679814764E-16, 0.000000000000000000, 1.000000000000000000 ) ) ;
#1360 = CARTESIAN_POINT ( 'NONE',  ( -1.785469052044889482, 5.576075549824572875, 0.1706127626410423592 ) ) ;
#1361 = CARTESIAN_POINT ( 'NONE',  ( -0.3922299760605587604, -5.854956726839296799, -1.000000000000001998 ) ) ;
#1362 = DIRECTION ( 'NONE',  ( -0.9749279121818257288, -0.2225209339563050948, 0.000000000000000000 ) ) ;
#1363 = EDGE_LOOP ( 'NONE', ( #2384, #5532, #4939, #7859, #6557, #3483 ) ) ;
#1364 = AXIS2_PLACEMENT_3D ( 'NONE', #7515, #8225, #1803 ) ;
#1365 = CIRCLE ( 'NONE', #2123, 1.814999999999999725 ) ;
#1366 = CARTESIAN_POINT ( 'NONE',  ( 0.000000000000000000, 4.342500000000001137, 0.000000000000000000 ) ) ;
#1367 = EDGE_CURVE ( 'NONE', #4402, #9904, #1428, .T. ) ;
#1368 = CARTESIAN_POINT ( 'NONE',  ( 0.000000000000000000, 0.000000000000000000, 2.500000000000000000 ) ) ;
#1369 = ORIENTED_EDGE ( 'NONE', *, *, #5393, .F. ) ;
#1370 = CARTESIAN_POINT ( 'NONE',  ( -2.671639123616407652, -5.547715804109124349, -1.571836107868758159 ) ) ;
#1371 = DIRECTION ( 'NONE',  ( 0.000000000000000000, 0.000000000000000000, 1.000000000000000000 ) ) ;
#1372 = ORIENTED_EDGE ( 'NONE', *, *, #7214, .F. ) ;
#1373 = CARTESIAN_POINT ( 'NONE',  ( -0.4484599904915962387, -6.075027395718191059, 0.4669859836141802001 ) ) ;
#1374 = AXIS2_PLACEMENT_3D ( 'NONE', #569, #1405, #3120 ) ;
#1375 = AXIS2_PLACEMENT_3D ( 'NONE', #307, #10993, #2784 ) ;
#1376 = FACE_OUTER_BOUND ( 'NONE', #4237, .T. ) ;
#1377 = ORIENTED_EDGE ( 'NONE', *, *, #346, .F. ) ;
#1378 = DIRECTION ( 'NONE',  ( -0.000000000000000000, 0.000000000000000000, -1.000000000000000000 ) ) ;
#1379 = AXIS2_PLACEMENT_3D ( 'NONE', #384, #4979, #5801 ) ;
#1380 = EDGE_CURVE ( 'NONE', #8667, #2111, #4706, .T. ) ;
#1381 = ORIENTED_EDGE ( 'NONE', *, *, #9740, .F. ) ;
#1382 = EDGE_CURVE ( 'NONE', #3428, #9182, #3650, .T. ) ;
#1383 = CIRCLE ( 'NONE', #5338, 1.830752539561562253 ) ;
#1384 = CARTESIAN_POINT ( 'NONE',  ( 4.814127353296902001, 3.839138454945143497, -1.830752539561562697 ) ) ;
#1385 = EDGE_CURVE ( 'NONE', #8935, #3807, #4078, .T. ) ;
#1386 = VECTOR ( 'NONE', #1821, 1000.000000000000000 ) ;
#1387 = CARTESIAN_POINT ( 'NONE',  ( -3.863289285114959171, -4.399490217363446476, 0.000000000000000000 ) ) ;
#1388 = CARTESIAN_POINT ( 'NONE',  ( -3.391824491822198251, 5.697532308577989646, -1.000000000000000000 ) ) ;
#1389 = VERTEX_POINT ( 'NONE', #4962 ) ;
#1390 = FACE_OUTER_BOUND ( 'NONE', #9507, .T. ) ;
#1391 = DIRECTION ( 'NONE',  ( -0.4338837391175651703, -0.9009688679024157043, -3.492023159033191614E-16 ) ) ;
#1392 = CARTESIAN_POINT ( 'NONE',  ( -3.985157492343085224E-17, -1.746011579516595807E-16, 0.5000000000000000000 ) ) ;
#1393 = APPLICATION_PROTOCOL_DEFINITION ( 'international standard', 'config_control_design', 1994, #9052 ) ;
#1394 = ORIENTED_EDGE ( 'NONE', *, *, #4924, .F. ) ;
#1395 = FACE_OUTER_BOUND ( 'NONE', #3123, .T. ) ;
#1396 = VERTEX_POINT ( 'NONE', #534 ) ;
#1397 = EDGE_CURVE ( 'NONE', #3084, #10340, #3991, .T. ) ;
#1398 = CARTESIAN_POINT ( 'NONE',  ( 0.000000000000000000, 6.157500000000000639, 0.000000000000000000 ) ) ;
#1399 = CARTESIAN_POINT ( 'NONE',  ( 4.583390897398786024, 0.5661297392311772647, -9.194552428505007849E-16 ) ) ;
#1400 = VERTEX_POINT ( 'NONE', #8477 ) ;
#1401 = VERTEX_POINT ( 'NONE', #7639 ) ;
#1402 = ORIENTED_EDGE ( 'NONE', *, *, #1426, .F. ) ;
#1403 = DIRECTION ( 'NONE',  ( -1.790913520579321555E-16, 2.245734522990357007E-16, -1.000000000000000000 ) ) ;
#1404 = DIRECTION ( 'NONE',  ( -0.9009688679024189240, 0.4338837391175584535, -0.000000000000000000 ) ) ;
#1405 = DIRECTION ( 'NONE',  ( 7.970314984685941186E-17, -3.492023159033203447E-16, 1.000000000000000000 ) ) ;
#1406 = VERTEX_POINT ( 'NONE', #7472 ) ;
#1407 = CARTESIAN_POINT ( 'NONE',  ( -4.470037444215024358, -4.138337766436408494, 0.4669859836141797560 ) ) ;
#1408 = ORIENTED_EDGE ( 'NONE', *, *, #10926, .T. ) ;
#1409 = EDGE_CURVE ( 'NONE', #4070, #6118, #6603, .T. ) ;
#1410 = LINE ( 'NONE', #3239, #11050 ) ;
#1411 = ORIENTED_EDGE ( 'NONE', *, *, #10113, .F. ) ;
#1412 = FACE_OUTER_BOUND ( 'NONE', #5065, .T. ) ;
#1413 = VERTEX_POINT ( 'NONE', #10179 ) ;
#1414 = EDGE_CURVE ( 'NONE', #4499, #11119, #1928, .T. ) ;
#1415 = DIRECTION ( 'NONE',  ( -0.9749279121818257288, -0.2225209339563050392, -2.245734522990332355E-16 ) ) ;
#1416 = DIRECTION ( 'NONE',  ( 0.000000000000000000, -1.000000000000000000, -1.228122814850837557E-16 ) ) ;
#1417 = LINE ( 'NONE', #5128, #5319 ) ;
#1418 = ORIENTED_EDGE ( 'NONE', *, *, #5064, .T. ) ;
#1419 = CARTESIAN_POINT ( 'NONE',  ( -7.181005668578280462E-17, 3.458190067500296149E-17, -0.5000000000000000000 ) ) ;
#1420 = DIRECTION ( 'NONE',  ( 0.9009688679024211444, -0.4338837391175539571, 0.000000000000000000 ) ) ;
#1421 = ORIENTED_EDGE ( 'NONE', *, *, #7912, .T. ) ;
#1422 = CARTESIAN_POINT ( 'NONE',  ( -4.905488330316743806, -3.284249624917453314, -2.954027403549371200E-17 ) ) ;
#1423 = CARTESIAN_POINT ( 'NONE',  ( 3.300315535752635476, -3.230463181104189285, 0.4999999999999987232 ) ) ;
#1424 = ORIENTED_EDGE ( 'NONE', *, *, #5886, .T. ) ;
#1425 = DIRECTION ( 'NONE',  ( -7.970314984685941186E-17, 3.492023159033203447E-16, -1.000000000000000000 ) ) ;
#1426 = EDGE_CURVE ( 'NONE', #8604, #8909, #9343, .T. ) ;
#1427 = CARTESIAN_POINT ( 'NONE',  ( 0.000000000000000000, 0.000000000000000000, 2.500000000000000000 ) ) ;
#1428 = LINE ( 'NONE', #8536, #1544 ) ;
#1429 = CARTESIAN_POINT ( 'NONE',  ( 6.003118619259574018, -1.370172650836029904, 1.571836107868755272 ) ) ;
#1430 = EDGE_CURVE ( 'NONE', #9101, #9680, #11177, .T. ) ;
#1431 = VERTEX_POINT ( 'NONE', #3195 ) ;
#1432 = DIRECTION ( 'NONE',  ( 0.000000000000000000, -1.000000000000000000, -1.678764654171102765E-16 ) ) ;
#1433 = ORIENTED_EDGE ( 'NONE', *, *, #6969, .F. ) ;
#1434 = SPHERICAL_SURFACE ( 'NONE', #3806, 2.043333333333333002 ) ;
#1435 = DIRECTION ( 'NONE',  ( -1.543210004228967591E-14, -1.000000000000000000, -6.916380135000609554E-17 ) ) ;
#1436 = CARTESIAN_POINT ( 'NONE',  ( 5.551690112212937400, 1.860481925243408385, 0.3372078223965027655 ) ) ;
#1437 = CARTESIAN_POINT ( 'NONE',  ( -6.248743919641628786, 0.9087760334679054752, -1.000000000000001554 ) ) ;
#1438 = ORIENTED_EDGE ( 'NONE', *, *, #9331, .F. ) ;
#1439 = CARTESIAN_POINT ( 'NONE',  ( 7.181005668578280462E-17, -3.458190067500296149E-17, 0.5000000000000000000 ) ) ;
#1440 = CARTESIAN_POINT ( 'NONE',  ( 0.000000000000000000, 5.663748402644801014E-16, -0.5832010266623396388 ) ) ;
#1441 = DIRECTION ( 'NONE',  ( 0.9009688679024157043, -0.4338837391175651703, -7.407072148051852464E-17 ) ) ;
#1442 = EDGE_CURVE ( 'NONE', #4417, #7776, #6772, .T. ) ;
#1443 =( NAMED_UNIT ( * ) SI_UNIT ( $, .STERADIAN. ) SOLID_ANGLE_UNIT ( ) );
#1444 = ORIENTED_EDGE ( 'NONE', *, *, #8452, .T. ) ;
#1445 = CARTESIAN_POINT ( 'NONE',  ( -4.488669179800631959, -4.162977229057066353, -0.2500000000000000555 ) ) ;
#1446 = ORIENTED_EDGE ( 'NONE', *, *, #1523, .T. ) ;
#1447 = CARTESIAN_POINT ( 'NONE',  ( -6.352885058008791219, 0.1622542441005450364, 9.629649721936179265E-32 ) ) ;
#1448 = DIRECTION ( 'NONE',  ( 1.000000000000000000, 0.000000000000000000, 0.000000000000000000 ) ) ;
#1449 = ORIENTED_EDGE ( 'NONE', *, *, #1903, .T. ) ;
#1450 = VECTOR ( 'NONE', #3640, 1000.000000000000000 ) ;
#1451 = EDGE_CURVE ( 'NONE', #10758, #10866, #2301, .T. ) ;
#1452 = ORIENTED_EDGE ( 'NONE', *, *, #9351, .F. ) ;
#1453 = ADVANCED_FACE ( 'NONE', ( #5843 ), #10352, .F. ) ;
#1454 = ORIENTED_EDGE ( 'NONE', *, *, #8145, .T. ) ;
#1455 = DIRECTION ( 'NONE',  ( -0.000000000000000000, -0.000000000000000000, -1.000000000000000000 ) ) ;
#1456 = CARTESIAN_POINT ( 'NONE',  ( 7.181005668578280462E-17, -3.458190067500296149E-17, 0.5000000000000000000 ) ) ;
#1457 = EDGE_CURVE ( 'NONE', #6290, #6284, #10152, .T. ) ;
#1458 = CARTESIAN_POINT ( 'NONE',  ( -6.022505511281155854, 0.9146046076782986534, -0.1313876030881694079 ) ) ;
#1459 = ORIENTED_EDGE ( 'NONE', *, *, #2409, .T. ) ;
#1460 = CYLINDRICAL_SURFACE ( 'NONE', #5688, 0.7500000000000001110 ) ;
#1461 = VERTEX_POINT ( 'NONE', #5734 ) ;
#1462 = DIRECTION ( 'NONE',  ( 0.9749279121818227312, -0.2225209339563178623, -2.245734522990356021E-16 ) ) ;
#1463 = EDGE_LOOP ( 'NONE', ( #5016, #993, #7655, #6068 ) ) ;
#1464 = DIRECTION ( 'NONE',  ( 0.000000000000000000, 0.000000000000000000, 1.000000000000000000 ) ) ;
#1465 = ORIENTED_EDGE ( 'NONE', *, *, #11043, .T. ) ;
#1466 = CARTESIAN_POINT ( 'NONE',  ( -3.395103212617387012, 2.707504464571592440, -3.003438073623919616E-16 ) ) ;
#1467 = EDGE_CURVE ( 'NONE', #4273, #9027, #1254, .T. ) ;
#1468 = CARTESIAN_POINT ( 'NONE',  ( 5.536652604613546025, 1.904204875791138507, 0.4999999999999993339 ) ) ;
#1469 = DIRECTION ( 'NONE',  ( -1.790913520579321555E-16, -2.245734522990357007E-16, 1.000000000000000000 ) ) ;
#1470 = ORIENTED_EDGE ( 'NONE', *, *, #6117, .F. ) ;
#1471 = DIRECTION ( 'NONE',  ( 0.000000000000000000, -1.000000000000000000, -1.577021341797101012E-16 ) ) ;
#1472 = B_SPLINE_CURVE_WITH_KNOTS ( 'NONE', 3,
 ( #8967, #1147, #1867, #10071 ),
 .UNSPECIFIED., .F., .F.,
 ( 4, 4 ),
 ( 2.049757558568801882E-07, 0.0005048269569635515817 ),
 .UNSPECIFIED. ) ;
#1473 = DIRECTION ( 'NONE',  ( -7.970314984685944884E-17, -3.492023159033203447E-16, 1.000000000000000000 ) ) ;
#1474 = VERTEX_POINT ( 'NONE', #9470 ) ;
#1475 = EDGE_CURVE ( 'NONE', #1071, #8980, #9619, .T. ) ;
#1476 = SPHERICAL_SURFACE ( 'NONE', #8870, 2.043333333333333002 ) ;
#1477 = LINE ( 'NONE', #5780, #1893 ) ;
#1478 = ORIENTED_EDGE ( 'NONE', *, *, #9653, .T. ) ;
#1479 = CARTESIAN_POINT ( 'NONE',  ( 3.391824491822200471, 5.697532308577987870, -0.2500000000000000000 ) ) ;
#1480 = DIRECTION ( 'NONE',  ( 1.436201133715639822E-16, 6.916380135000388919E-17, -1.000000000000000000 ) ) ;
#1481 = DIRECTION ( 'NONE',  ( -0.6234898018587430313, -0.7818314824680221431, -1.408596847381192990E-16 ) ) ;
#1482 = CARTESIAN_POINT ( 'NONE',  ( 0.000000000000000000, 0.000000000000000000, 2.500000000000000000 ) ) ;
#1483 = AXIS2_PLACEMENT_3D ( 'NONE', #7984, #11567, #2644 ) ;
#1484 = VERTEX_POINT ( 'NONE', #10410 ) ;
#1485 = DIRECTION ( 'NONE',  ( -0.000000000000000000, -1.836970198721029688E-16, 1.000000000000000000 ) ) ;
#1486 = ORIENTED_EDGE ( 'NONE', *, *, #9191, .T. ) ;
#1487 = EDGE_CURVE ( 'NONE', #6579, #3817, #8643, .T. ) ;
#1488 = CARTESIAN_POINT ( 'NONE',  ( 4.940813756373768406, -3.141476993070049240, 0.4999999999999983902 ) ) ;
#1489 = DIRECTION ( 'NONE',  ( 0.000000000000000000, 1.836970198721029688E-16, -1.000000000000000000 ) ) ;
#1490 = B_SPLINE_CURVE_WITH_KNOTS ( 'NONE', 3,
 ( #4413, #8922, #9313, #1220 ),
 .UNSPECIFIED., .F., .F.,
 ( 4, 4 ),
 ( 2.074124155956058824E-07, 0.0005065015518760507393 ),
 .UNSPECIFIED. ) ;
#1491 = CIRCLE ( 'NONE', #4503, 1.571836107868756383 ) ;
#1492 = CARTESIAN_POINT ( 'NONE',  ( 6.022505511281142532, 0.9146046076783822532, -0.1313876030881689916 ) ) ;
#1493 = CYLINDRICAL_SURFACE ( 'NONE', #2269, 5.854956726839295023 ) ;
#1494 = VERTEX_POINT ( 'NONE', #2491 ) ;
#1495 = DIRECTION ( 'NONE',  ( 0.2225209339563182231, 0.9749279121818228422, 1.851768037012963116E-16 ) ) ;
#1496 = CARTESIAN_POINT ( 'NONE',  ( 3.429523072411345908, 4.745407228990885962, 0.5000000000000000000 ) ) ;
#1497 = CARTESIAN_POINT ( 'NONE',  ( -3.969751236990498811, -4.303672082021713585, -0.5000000000000018874 ) ) ;
#1498 = APPROVAL_DATE_TIME ( #9537, #9132 ) ;
#1499 = ORIENTED_EDGE ( 'NONE', *, *, #1063, .T. ) ;
#1500 = DIRECTION ( 'NONE',  ( 1.000000000000000000, 0.000000000000000000, 0.000000000000000000 ) ) ;
#1501 = ORIENTED_EDGE ( 'NONE', *, *, #3423, .F. ) ;
#1502 = CIRCLE ( 'NONE', #6375, 4.618222060490380088 ) ;
#1503 = AXIS2_PLACEMENT_3D ( 'NONE', #2898, #1896, #2011 ) ;
#1504 = VECTOR ( 'NONE', #366, 999.9999999999998863 ) ;
#1505 = CARTESIAN_POINT ( 'NONE',  ( -5.653352180510393232, -2.902599545772442280, -1.925929944387235853E-31 ) ) ;
#1506 = DIRECTION ( 'NONE',  ( 0.000000000000000000, 0.000000000000000000, 1.000000000000000000 ) ) ;
#1507 = EDGE_CURVE ( 'NONE', #288, #5658, #5143, .T. ) ;
#1508 = ORIENTED_EDGE ( 'NONE', *, *, #9707, .F. ) ;
#1509 = ORIENTED_EDGE ( 'NONE', *, *, #10791, .F. ) ;
#1510 = AXIS2_PLACEMENT_3D ( 'NONE', #9100, #8269, #1045 ) ;
#1511 = LINE ( 'NONE', #9717, #1642 ) ;
#1512 = CARTESIAN_POINT ( 'NONE',  ( 6.003118619259574018, -1.370172650836029682, -1.382811032531312544E-15 ) ) ;
#1513 = CARTESIAN_POINT ( 'NONE',  ( 5.038967452947925807, -2.981497154332400257, 1.027403961127392839E-17 ) ) ;
#1514 = ORIENTED_EDGE ( 'NONE', *, *, #9005, .F. ) ;
#1515 = CYLINDRICAL_SURFACE ( 'NONE', #3070, 0.2041022026635763154 ) ;
#1516 = ORIENTED_EDGE ( 'NONE', *, *, #4886, .T. ) ;
#1517 = EDGE_CURVE ( 'NONE', #5343, #2012, #3075, .T. ) ;
#1518 = VECTOR ( 'NONE', #90, 1000.000000000000000 ) ;
#1519 = DIRECTION ( 'NONE',  ( -1.436201133715639822E-16, -6.916380135000388919E-17, 1.000000000000000000 ) ) ;
#1520 = EDGE_CURVE ( 'NONE', #4395, #11035, #776, .T. ) ;
#1521 = TOROIDAL_SURFACE ( 'NONE', #9954, 7.396615624999999028, 0.02081249999999999767 ) ;
#1522 = VECTOR ( 'NONE', #10818, 1000.000000000000114 ) ;
#1523 = EDGE_CURVE ( 'NONE', #6806, #4764, #8890, .T. ) ;
#1524 = EDGE_LOOP ( 'NONE', ( #3402, #11022, #4794, #1799 ) ) ;
#1525 = CIRCLE ( 'NONE', #9026, 1.815000000000000169 ) ;
#1526 = DIRECTION ( 'NONE',  ( -0.000000000000000000, -1.836970198721029688E-16, 1.000000000000000000 ) ) ;
#1527 = ORIENTED_EDGE ( 'NONE', *, *, #6862, .F. ) ;
#1528 = DIRECTION ( 'NONE',  ( 0.9749279121818257288, 0.2225209339563050392, 2.245734522990332355E-16 ) ) ;
#1529 = CARTESIAN_POINT ( 'NONE',  ( -4.233624458649579481, -0.9662971557052548732, -9.752102166085519590E-16 ) ) ;
#1530 = FACE_OUTER_BOUND ( 'NONE', #3369, .T. ) ;
#1531 = CIRCLE ( 'NONE', #3222, 2.500000000000000000 ) ;
#1532 = AXIS2_PLACEMENT_3D ( 'NONE', #6763, #4123, #6833 ) ;
#1533 = CARTESIAN_POINT ( 'NONE',  ( -8.954567602896607774E-17, 1.122867261495178503E-16, -0.5000000000000000000 ) ) ;
#1534 = ORIENTED_EDGE ( 'NONE', *, *, #5603, .F. ) ;
#1535 = VECTOR ( 'NONE', #4435, 1000.000000000000000 ) ;
#1536 = CARTESIAN_POINT ( 'NONE',  ( -4.959637340781089421, -3.392023754077262421, 0.4883515143830481353 ) ) ;
#1537 = AXIS2_PLACEMENT_3D ( 'NONE', #7615, #337, #1226 ) ;
#1538 = AXIS2_PLACEMENT_3D ( 'NONE', #1323, #7379, #10072 ) ;
#1539 = ORIENTED_EDGE ( 'NONE', *, *, #1457, .T. ) ;
#1540 = EDGE_CURVE ( 'NONE', #9662, #5824, #2019, .T. ) ;
#1541 = CIRCLE ( 'NONE', #10157, 1.830752539561562919 ) ;
#1542 = VECTOR ( 'NONE', #7316, 1000.000000000000000 ) ;
#1543 = CARTESIAN_POINT ( 'NONE',  ( -1.963279114448515328, 5.515981634480934481, -0.4999999999999998890 ) ) ;
#1544 = VECTOR ( 'NONE', #4894, 1000.000000000000000 ) ;
#1545 = ORIENTED_EDGE ( 'NONE', *, *, #5926, .F. ) ;
#1546 = DIRECTION ( 'NONE',  ( 6.938893903907222067E-15, -1.000000000000000000, 0.000000000000000000 ) ) ;
#1547 = AXIS2_PLACEMENT_3D ( 'NONE', #10455, #4248, #2416 ) ;
#1548 = CARTESIAN_POINT ( 'NONE',  ( 0.000000000000000000, -3.140624999999994671, -2.109375000000003553 ) ) ;
#1549 = CYLINDRICAL_SURFACE ( 'NONE', #493, 3.531249999999996003 ) ;
#1550 = LINE ( 'NONE', #666, #10517 ) ;
#1551 = ADVANCED_FACE ( 'NONE', ( #9750 ), #4203, .F. ) ;
#1552 = AXIS2_PLACEMENT_3D ( 'NONE', #7909, #2523, #6210 ) ;
#1553 = DIRECTION ( 'NONE',  ( -2.389426275450148820E-16, 1.000000000000000000, 0.000000000000000000 ) ) ;
#1554 = VERTEX_POINT ( 'NONE', #3432 ) ;
#1555 = VECTOR ( 'NONE', #2527, 1000.000000000000000 ) ;
#1556 = CARTESIAN_POINT ( 'NONE',  ( -5.118371538954584743, -1.168234903270601421, -1.179010624569924560E-15 ) ) ;
#1557 = DIRECTION ( 'NONE',  ( 1.436201133715656092E-16, 6.916380135000592297E-17, -1.000000000000000000 ) ) ;
#1558 = CIRCLE ( 'NONE', #11121, 1.571836107868756383 ) ;
#1559 = VECTOR ( 'NONE', #6428, 1000.000000000000000 ) ;
#1560 = DIRECTION ( 'NONE',  ( -0.9749279121818257288, -0.2225209339563050670, -2.245734522990331862E-16 ) ) ;
#1561 = FACE_OUTER_BOUND ( 'NONE', #7228, .T. ) ;
#1562 = ORIENTED_EDGE ( 'NONE', *, *, #1457, .F. ) ;
#1563 = CYLINDRICAL_SURFACE ( 'NONE', #5677, 8.000000000000000000 ) ;
#1564 = CARTESIAN_POINT ( 'NONE',  ( 0.2973973986913104883, -4.676592338269689897, 0.4999999999999983902 ) ) ;
#1565 = EDGE_CURVE ( 'NONE', #334, #6877, #2505, .T. ) ;
#1567 = CIRCLE ( 'NONE', #7941, 1.981214554537471306 ) ;
#1566 = LINE ( 'NONE', #10595, #8308 ) ;
#1568 = DIRECTION ( 'NONE',  ( 1.436201133715656092E-16, 6.916380135000592297E-17, -1.000000000000000000 ) ) ;
#1569 = VERTEX_POINT ( 'NONE', #2667 ) ;
#1570 = PLANE ( 'NONE',  #7004 ) ;
#1571 = AXIS2_PLACEMENT_3D ( 'NONE', #11434, #9851, #7089 ) ;
#1572 = ORIENTED_EDGE ( 'NONE', *, *, #5738, .F. ) ;
#1573 = VECTOR ( 'NONE', #11495, 1000.000000000000000 ) ;
#1574 = CARTESIAN_POINT ( 'NONE',  ( 3.039904091628594429, 5.278831057677257022, -1.885160653978395162 ) ) ;
#1575 = CARTESIAN_POINT ( 'NONE',  ( -5.762229944321529906, 1.766482738363297944, 0.4843280692434776546 ) ) ;
#1576 = ORIENTED_EDGE ( 'NONE', *, *, #7426, .F. ) ;
#1577 = ORIENTED_EDGE ( 'NONE', *, *, #3208, .T. ) ;
#1578 = CARTESIAN_POINT ( 'NONE',  ( 2.231807111763035145, 5.667990052715531135, 0.4669859836141823650 ) ) ;
#1579 = EDGE_CURVE ( 'NONE', #4671, #309, #10637, .T. ) ;
#1580 = CARTESIAN_POINT ( 'NONE',  ( 0.000000000000000000, 4.342500000000001137, 0.000000000000000000 ) ) ;
#1581 = CARTESIAN_POINT ( 'NONE',  ( 4.104615282957162492, 3.273321459758343543, 0.5000000000000000000 ) ) ;
#1582 = FACE_OUTER_BOUND ( 'NONE', #10402, .T. ) ;
#1583 = ORIENTED_EDGE ( 'NONE', *, *, #9175, .T. ) ;
#1584 = CARTESIAN_POINT ( 'NONE',  ( 0.4679647384833096613, -4.594451436628344432, 0.4999999999999983902 ) ) ;
#1585 = ORIENTED_EDGE ( 'NONE', *, *, #4701, .F. ) ;
#1586 = EDGE_CURVE ( 'NONE', #3891, #1176, #4970, .T. ) ;
#1587 = B_SPLINE_CURVE_WITH_KNOTS ( 'NONE', 3,
 ( #9141, #4804, #8379, #328, #3919, #10794 ),
 .UNSPECIFIED., .F., .F.,
 ( 4, 2, 4 ),
 ( 1.084202172485504434E-19, 0.0001264732032663997991, 0.0002529464065327994898 ),
 .UNSPECIFIED. ) ;
#1588 = PLANE ( 'NONE',  #3581 ) ;
#1589 = ORIENTED_EDGE ( 'NONE', *, *, #9086, .T. ) ;
#1590 = DIRECTION ( 'NONE',  ( 0.000000000000000000, 0.000000000000000000, 1.000000000000000000 ) ) ;
#1591 = ORIENTED_EDGE ( 'NONE', *, *, #7407, .F. ) ;
#1592 = DIRECTION ( 'NONE',  ( 0.6234898018587431423, 0.7818314824680221431, 0.000000000000000000 ) ) ;
#1593 = ORIENTED_EDGE ( 'NONE', *, *, #3173, .T. ) ;
#1594 = DIRECTION ( 'NONE',  ( 2.368866679808411896E-16, 0.000000000000000000, 1.000000000000000000 ) ) ;
#1595 = CARTESIAN_POINT ( 'NONE',  ( 5.805951662544254432, 0.7559388635070346529, 1.766966590428566257E-16 ) ) ;
#1596 = EDGE_CURVE ( 'NONE', #10770, #827, #1602, .T. ) ;
#1597 = CARTESIAN_POINT ( 'NONE',  ( 1.884140137117972680, -3.912457308866267081, -1.571836107868758159 ) ) ;
#1598 = EDGE_LOOP ( 'NONE', ( #8039, #4452, #5412 ) ) ;
#1599 = CARTESIAN_POINT ( 'NONE',  ( 3.049140773982642383, 4.998540128704522800, -0.3369498210078556988 ) ) ;
#1600 = EDGE_CURVE ( 'NONE', #10277, #9107, #3365, .T. ) ;
#1601 = ORIENTED_EDGE ( 'NONE', *, *, #6146, .T. ) ;
#1602 = CIRCLE ( 'NONE', #8537, 1.571836107868756383 ) ;
#1603 = B_SPLINE_CURVE_WITH_KNOTS ( 'NONE', 3,
 ( #3723, #7284, #7406, #9113 ),
 .UNSPECIFIED., .F., .F.,
 ( 4, 4 ),
 ( 0.000000000000000000, 0.0001081475359171461977 ),
 .UNSPECIFIED. ) ;
#1604 = CARTESIAN_POINT ( 'NONE',  ( 2.238477577586310829, 4.325324856417220865, -0.5000000000000000000 ) ) ;
#1605 = VERTEX_POINT ( 'NONE', #2549 ) ;
#1606 = DIRECTION ( 'NONE',  ( -1.436201133715639822E-16, 6.916380135000388919E-17, -1.000000000000000000 ) ) ;
#1607 = PLANE ( 'NONE',  #8650 ) ;
#1608 = ADVANCED_FACE ( 'NONE', ( #5375 ), #664, .T. ) ;
#1609 = CARTESIAN_POINT ( 'NONE',  ( 4.902992115855821176, -3.200185398538089032, -1.069247217986506966E-13 ) ) ;
#1610 = EDGE_CURVE ( 'NONE', #8390, #6724, #7659, .T. ) ;
#1611 = DIRECTION ( 'NONE',  ( 0.000000000000000000, 1.836970198721029688E-16, -1.000000000000000000 ) ) ;
#1612 = EDGE_CURVE ( 'NONE', #9050, #8848, #4824, .T. ) ;
#1613 = CARTESIAN_POINT ( 'NONE',  ( 0.000000000000000000, 2.297360854775523765E-17, 2.374937499999997925 ) ) ;
#1614 = ORIENTED_EDGE ( 'NONE', *, *, #10638, .F. ) ;
#1615 = CARTESIAN_POINT ( 'NONE',  ( 1.986007203333997273, 4.446908180657973553, -0.5000000000000000000 ) ) ;
#1616 = CARTESIAN_POINT ( 'NONE',  ( 0.000000000000000000, 5.250000000000000000, -1.815000000000000169 ) ) ;
#1617 = CARTESIAN_POINT ( 'NONE',  ( -4.104615282957117195, 3.273321459758401719, -3.631099570875204645E-16 ) ) ;
#1618 = CARTESIAN_POINT ( 'NONE',  ( -5.052799604794866006, -2.958468273484514022, 0.3377898998919805496 ) ) ;
#1619 = ORIENTED_EDGE ( 'NONE', *, *, #9985, .T. ) ;
#1620 = CARTESIAN_POINT ( 'NONE',  ( 0.000000000000000000, 0.000000000000000000, 0.000000000000000000 ) ) ;
#1621 = CARTESIAN_POINT ( 'NONE',  ( 0.000000000000000000, 7.313365625000000314, 2.312500000000000000 ) ) ;
#1622 = DIRECTION ( 'NONE',  ( -0.000000000000000000, -0.000000000000000000, -1.000000000000000000 ) ) ;
#1623 = EDGE_CURVE ( 'NONE', #9730, #3725, #839, .T. ) ;
#1624 = LINE ( 'NONE', #5210, #6976 ) ;
#1625 = VERTEX_POINT ( 'NONE', #1609 ) ;
#1626 = DIRECTION ( 'NONE',  ( -0.8894955886004747292, 0.4569437578743088535, -5.668353039969703247E-17 ) ) ;
#1627 = ORIENTED_EDGE ( 'NONE', *, *, #4847, .F. ) ;
#1628 = DIRECTION ( 'NONE',  ( -1.000000000000000000, 0.000000000000000000, 0.000000000000000000 ) ) ;
#1629 = EDGE_CURVE ( 'NONE', #2027, #8396, #10981, .T. ) ;
#1630 = DIRECTION ( 'NONE',  ( 0.000000000000000000, -1.000000000000000000, -1.763933479423782137E-16 ) ) ;
#1631 = ORIENTED_EDGE ( 'NONE', *, *, #5039, .T. ) ;
#1632 = ORIENTED_EDGE ( 'NONE', *, *, #11578, .T. ) ;
#1633 = CLOSED_SHELL ( 'NONE', ( #4982, #5192 ) ) ;
#1634 = ORIENTED_EDGE ( 'NONE', *, *, #661, .F. ) ;
#1635 = B_SPLINE_CURVE_WITH_KNOTS ( 'NONE', 3,
 ( #2646, #4243, #1775, #3478 ),
 .UNSPECIFIED., .F., .F.,
 ( 4, 4 ),
 ( 2.074124155744668252E-07, 0.0005065015518760578950 ),
 .UNSPECIFIED. ) ;
#1636 = FACE_OUTER_BOUND ( 'NONE', #329, .T. ) ;
#1637 = CARTESIAN_POINT ( 'NONE',  ( -4.729790980946550150, 0.5327148755112893763, -0.5000000000000007772 ) ) ;
#1638 = DIRECTION ( 'NONE',  ( 0.000000000000000000, 0.000000000000000000, 1.000000000000000000 ) ) ;
#1639 = VERTEX_POINT ( 'NONE', #9581 ) ;
#1640 = ORIENTED_EDGE ( 'NONE', *, *, #11443, .F. ) ;
#1641 = FACE_OUTER_BOUND ( 'NONE', #1463, .T. ) ;
#1642 = VECTOR ( 'NONE', #808, 1000.000000000000000 ) ;
#1643 = ADVANCED_FACE ( 'NONE', ( #7946 ), #1549, .T. ) ;
#1644 = ORIENTED_EDGE ( 'NONE', *, *, #8051, .F. ) ;
#1645 = DIRECTION ( 'NONE',  ( -0.6234898018587320401, 0.7818314824680310249, 1.436201133715656092E-16 ) ) ;
#1646 = ORIENTED_EDGE ( 'NONE', *, *, #8349, .F. ) ;
#1647 = LINE ( 'NONE', #5233, #8253 ) ;
#1648 = ORIENTED_EDGE ( 'NONE', *, *, #11459, .T. ) ;
#1649 = CARTESIAN_POINT ( 'NONE',  ( 4.233624458649566158, -0.9662971557053121607, -9.752102166085628058E-16 ) ) ;
#1650 = CARTESIAN_POINT ( 'NONE',  ( -5.848381429644151197, 0.2774039050809226081, 0.000000000000000000 ) ) ;
#1651 = CARTESIAN_POINT ( 'NONE',  ( -5.729658811963453502, 1.766482738324194113, 0.4896570127989052779 ) ) ;
#1652 = ORIENTED_EDGE ( 'NONE', *, *, #8990, .T. ) ;
#1653 = AXIS2_PLACEMENT_3D ( 'NONE', #9767, #7195, #2685 ) ;
#1654 = CARTESIAN_POINT ( 'NONE',  ( 1.571836107868756605, 5.640022120804201400, 0.5000000000000000000 ) ) ;
#1655 = ORIENTED_EDGE ( 'NONE', *, *, #7760, .F. ) ;
#1656 = CARTESIAN_POINT ( 'NONE',  ( 0.000000000000000000, 0.000000000000000000, 2.312499999999998668 ) ) ;
#1657 = VERTEX_POINT ( 'NONE', #10045 ) ;
#1658 = EDGE_CURVE ( 'NONE', #6345, #11375, #5578, .T. ) ;
#1659 = CARTESIAN_POINT ( 'NONE',  ( 0.8107164786641380960, -5.798556463843731024, 0.1700533594733286413 ) ) ;
#1660 = CARTESIAN_POINT ( 'NONE',  ( 0.3922299760606355323, -5.854956726839291470, -1.000000000000002220 ) ) ;
#1661 = DIRECTION ( 'NONE',  ( -0.6234898018587320401, 0.7818314824680310249, 1.641723512482401095E-16 ) ) ;
#1662 = DIRECTION ( 'NONE',  ( 0.4338837391175525693, -0.9009688679024218105, -3.492023159033202461E-16 ) ) ;
#1663 = CARTESIAN_POINT ( 'NONE',  ( 4.104615282957162492, 3.273321459758343543, -3.631099570875311634E-16 ) ) ;
#1664 = ORIENTED_EDGE ( 'NONE', *, *, #10430, .T. ) ;
#1665 = ADVANCED_FACE ( 'NONE', ( #4713 ), #6528, .F. ) ;
#1666 = FACE_OUTER_BOUND ( 'NONE', #1363, .T. ) ;
#1667 = EDGE_CURVE ( 'NONE', #3568, #7519, #10412, .T. ) ;
#1668 = CARTESIAN_POINT ( 'NONE',  ( 0.000000000000000000, 0.000000000000000000, 0.000000000000000000 ) ) ;
#1669 = EDGE_CURVE ( 'NONE', #7605, #104, #8426, .T. ) ;
#1670 = CARTESIAN_POINT ( 'NONE',  ( 6.024226878513105454, 1.892449462591837772, -1.000000000000000222 ) ) ;
#1671 = PLANE ( 'NONE',  #1712 ) ;
#1672 = ORIENTED_EDGE ( 'NONE', *, *, #11033, .T. ) ;
#1673 = DIRECTION ( 'NONE',  ( 0.6234898018587431423, 0.7818314824680221431, 2.660847932862993276E-16 ) ) ;
#1674 = CIRCLE ( 'NONE', #9372, 1.830752539561562253 ) ;
#1675 = DIRECTION ( 'NONE',  ( 0.2225209339563038458, 0.9749279121818259508, 0.000000000000000000 ) ) ;
#1676 = FACE_OUTER_BOUND ( 'NONE', #3495, .T. ) ;
#1677 = CARTESIAN_POINT ( 'NONE',  ( -0.4679647384833751644, -4.594451436628337326, 0.000000000000000000 ) ) ;
#1678 = ORIENTED_EDGE ( 'NONE', *, *, #8410, .F. ) ;
#1679 = CARTESIAN_POINT ( 'NONE',  ( -5.389570639310297118, 2.287585320167340619, -0.5000000000000004441 ) ) ;
#1680 = EDGE_LOOP ( 'NONE', ( #2991, #2715, #6225, #5024 ) ) ;
#1681 = CARTESIAN_POINT ( 'NONE',  ( 0.5783956300387219640, -5.826501641035124912, -0.3369498210078571976 ) ) ;
#1682 = CIRCLE ( 'NONE', #7853, 4.618222060490380088 ) ;
#1683 = CARTESIAN_POINT ( 'NONE',  ( 9.032753688172296871E-16, 7.375803125000000016, 2.312500000000000000 ) ) ;
#1684 = VERTEX_POINT ( 'NONE', #10 ) ;
#1685 = ORIENTED_EDGE ( 'NONE', *, *, #1861, .T. ) ;
#1686 = ORIENTED_EDGE ( 'NONE', *, *, #8581, .F. ) ;
#1687 = CARTESIAN_POINT ( 'NONE',  ( 5.148848552145716795, -2.787449884792134736, 0.4999999999999985012 ) ) ;
#1688 = DIRECTION ( 'NONE',  ( 0.000000000000000000, 1.836970198721029688E-16, -1.000000000000000000 ) ) ;
#1689 = CIRCLE ( 'NONE', #8244, 1.744770758581195791 ) ;
#1690 = PLANE ( 'NONE',  #3271 ) ;
#1691 = AXIS2_PLACEMENT_3D ( 'NONE', #2370, #10344, #9338 ) ;
#1692 = ORIENTED_EDGE ( 'NONE', *, *, #10628, .T. ) ;
#1693 = CARTESIAN_POINT ( 'NONE',  ( -0.5838616507317841986, -6.604956726839298575, -0.2500000000000026090 ) ) ;
#1694 = EDGE_CURVE ( 'NONE', #3307, #9281, #8290, .T. ) ;
#1695 = EDGE_LOOP ( 'NONE', ( #4482, #5160, #513, #6617 ) ) ;
#1696 = DIRECTION ( 'NONE',  ( -0.9009688679024221436, -0.4338837391175518476, 6.391696352470654250E-17 ) ) ;
#1697 = DIRECTION ( 'NONE',  ( -1.379535903339907382E-16, -5.518143613359629527E-16, 1.000000000000000000 ) ) ;
#1698 = CIRCLE ( 'NONE', #11068, 1.981214554537471306 ) ;
#1699 = ORIENTED_EDGE ( 'NONE', *, *, #3938, .F. ) ;
#1700 = VECTOR ( 'NONE', #1354, 1000.000000000000000 ) ;
#1701 = DIRECTION ( 'NONE',  ( 0.000000000000000000, -2.069303855009861073E-16, 1.000000000000000000 ) ) ;
#1702 = ORIENTED_EDGE ( 'NONE', *, *, #8809, .T. ) ;
#1703 = DIRECTION ( 'NONE',  ( 1.790913520579321555E-16, -2.245734522990357007E-16, 1.000000000000000000 ) ) ;
#1704 = ORIENTED_EDGE ( 'NONE', *, *, #9265, .T. ) ;
#1706 = AXIS2_PLACEMENT_3D ( 'NONE', #4645, #7395, #7328 ) ;
#1705 = DIRECTION ( 'NONE',  ( -0.000000000000000000, -1.836970198721029688E-16, 1.000000000000000000 ) ) ;
#1707 = DIRECTION ( 'NONE',  ( 0.2225209339563050392, -0.9749279121818257288, -1.851768037012963116E-16 ) ) ;
#1708 = CARTESIAN_POINT ( 'NONE',  ( 3.863289285114899219, -4.399490217363499767, 0.000000000000000000 ) ) ;
#1709 = ORIENTED_EDGE ( 'NONE', *, *, #1968, .T. ) ;
#1710 = CARTESIAN_POINT ( 'NONE',  ( 4.028020539655554622, -4.249184487083899953, 0.1700533594733315279 ) ) ;
#1711 = EDGE_CURVE ( 'NONE', #9680, #8738, #1793, .T. ) ;
#1712 = AXIS2_PLACEMENT_3D ( 'NONE', #9764, #1798, #11596 ) ;
#1713 = ORIENTED_EDGE ( 'NONE', *, *, #8154, .T. ) ;
#1714 = AXIS2_PLACEMENT_3D ( 'NONE', #1668, #2612, #11477 ) ;
#1715 = ORIENTED_EDGE ( 'NONE', *, *, #9464, .F. ) ;
#1716 = AXIS2_PLACEMENT_3D ( 'NONE', #1456, #2401, #6153 ) ;
#1717 = DIRECTION ( 'NONE',  ( 1.000000000000000000, 0.000000000000000000, 0.000000000000000000 ) ) ;
#1718 = VERTEX_POINT ( 'NONE', #3777 ) ;
#1719 = CIRCLE ( 'NONE', #1143, 0.2041022026635771758 ) ;
#1720 = CIRCLE ( 'NONE', #9771, 5.854956726839295023 ) ;
#1721 = DIRECTION ( 'NONE',  ( 1.000000000000000000, 0.000000000000000000, 0.000000000000000000 ) ) ;
#1722 = CARTESIAN_POINT ( 'NONE',  ( -2.999026880173440546, 5.205714540895737485, -0.03815900513780268177 ) ) ;
#1723 = VECTOR ( 'NONE', #9878, 1000.000000000000000 ) ;
#1724 = CARTESIAN_POINT ( 'NONE',  ( -1.884140137118027081, -3.912457308866240879, -1.516411056810163749E-15 ) ) ;
#1725 = CARTESIAN_POINT ( 'NONE',  ( -1.830752539561562253, 6.157500000000000639, 0.000000000000000000 ) ) ;
#1726 = EDGE_CURVE ( 'NONE', #8507, #8152, #6344, .T. ) ;
#1727 = VECTOR ( 'NONE', #3379, 1000.000000000000114 ) ;
#1728 = SPHERICAL_SURFACE ( 'NONE', #9588, 1.815000000000000169 ) ;
#1729 = VERTEX_POINT ( 'NONE', #3607 ) ;
#1730 = VECTOR ( 'NONE', #7664, 1000.000000000000000 ) ;
#1731 = EDGE_CURVE ( 'NONE', #9448, #206, #1603, .T. ) ;
#1732 = VECTOR ( 'NONE', #7656, 1000.000000000000000 ) ;
#1733 = AXIS2_PLACEMENT_3D ( 'NONE', #10140, #11084, #9152 ) ;
#1734 = DIRECTION ( 'NONE',  ( -7.970314984686170449E-17, 3.492023159033191614E-16, -1.000000000000000000 ) ) ;
#1735 = CIRCLE ( 'NONE', #7910, 4.618222060490380088 ) ;
#1736 = DIRECTION ( 'NONE',  ( -0.9749279121818223981, 0.2225209339563192779, 1.554096509490297284E-16 ) ) ;
#1737 = CARTESIAN_POINT ( 'NONE',  ( 2.277889630367151419, -4.730086556487714589, 0.4999999999999981681 ) ) ;
#1738 = PLANE ( 'NONE',  #9019 ) ;
#1739 = ORIENTED_EDGE ( 'NONE', *, *, #3664, .F. ) ;
#1740 = CARTESIAN_POINT ( 'NONE',  ( 4.822140887588036051, -3.343848065856593443, -0.5000000000000016653 ) ) ;
#1741 = AXIS2_PLACEMENT_3D ( 'NONE', #3464, #10606, #7087 ) ;
#1742 = VECTOR ( 'NONE', #9526, 1000.000000000000000 ) ;
#1743 = LINE ( 'NONE', #93, #10266 ) ;
#1744 = DIRECTION ( 'NONE',  ( -0.9749279121818209548, -0.2225209339563260780, 1.246288636042826719E-16 ) ) ;
#1745 = EDGE_CURVE ( 'NONE', #6290, #4985, #9858, .T. ) ;
#1746 = DIRECTION ( 'NONE',  ( 0.000000000000000000, -4.244837216908990117E-16, 1.000000000000000000 ) ) ;
#1747 = ADVANCED_FACE ( 'NONE', ( #895 ), #5599, .T. ) ;
#1748 = EDGE_LOOP ( 'NONE', ( #10370, #9130, #1576, #3514 ) ) ;
#1749 = AXIS2_PLACEMENT_3D ( 'NONE', #7669, #4868, #6745 ) ;
#1750 = ORIENTED_EDGE ( 'NONE', *, *, #5530, .F. ) ;
#1751 = EDGE_CURVE ( 'NONE', #9867, #4664, #3589, .T. ) ;
#1752 = AXIS2_PLACEMENT_3D ( 'NONE', #7681, #5056, #9509 ) ;
#1753 = CARTESIAN_POINT ( 'NONE',  ( 0.6244413753511294241, -5.821562611697165046, -0.5000000000000021094 ) ) ;
#1754 = AXIS2_PLACEMENT_3D ( 'NONE', #9096, #162, #873 ) ;
#1755 = CARTESIAN_POINT ( 'NONE',  ( 2.297043167673044284, 4.084428209303929691, -0.5000000000000000000 ) ) ;
#1756 = ORIENTED_EDGE ( 'NONE', *, *, #1451, .F. ) ;
#1757 = VERTEX_POINT ( 'NONE', #10935 ) ;
#1758 = FACE_OUTER_BOUND ( 'NONE', #578, .T. ) ;
#1759 = DIRECTION ( 'NONE',  ( 0.000000000000000000, 0.000000000000000000, 1.000000000000000000 ) ) ;
#1760 = CYLINDRICAL_SURFACE ( 'NONE', #4906, 0.7500000000000002220 ) ;
#1761 = VECTOR ( 'NONE', #7619, 999.9999999999998863 ) ;
#1762 = AXIS2_PLACEMENT_3D ( 'NONE', #8846, #2750, #2699 ) ;
#1763 = LINE ( 'NONE', #8969, #11511 ) ;
#1764 = ORIENTED_EDGE ( 'NONE', *, *, #1409, .F. ) ;
#1765 = EDGE_CURVE ( 'NONE', #4538, #10212, #10765, .T. ) ;
#1766 = ORIENTED_EDGE ( 'NONE', *, *, #5407, .T. ) ;
#1767 = AXIS2_PLACEMENT_3D ( 'NONE', #4033, #2917, #6609 ) ;
#1768 = FACE_OUTER_BOUND ( 'NONE', #3107, .T. ) ;
#1769 = DIRECTION ( 'NONE',  ( 1.000000000000000000, 0.000000000000000000, 0.000000000000000000 ) ) ;
#1770 = CC_DESIGN_APPROVAL ( #2036, ( #3840 ) ) ;
#1771 = ORIENTED_EDGE ( 'NONE', *, *, #4712, .F. ) ;
#1772 = CIRCLE ( 'NONE', #9260, 4.618222060490380088 ) ;
#1773 = CARTESIAN_POINT ( 'NONE',  ( 5.955582891440510451, 2.407798482907614446, 0.000000000000000000 ) ) ;
#1774 = VERTEX_POINT ( 'NONE', #8224 ) ;
#1775 = CARTESIAN_POINT ( 'NONE',  ( -5.038967452947498593, -2.981497154333254240, -0.1706127626411495513 ) ) ;
#1776 = ORIENTED_EDGE ( 'NONE', *, *, #10223, .T. ) ;
#1777 = CARTESIAN_POINT ( 'NONE',  ( -5.844699190568342750, 0.8306587387315461646, -1.063026348804146432E-16 ) ) ;
#1778 = CARTESIAN_POINT ( 'NONE',  ( 5.620881357013672641, 1.685246390786033110, -0.5000000000000006661 ) ) ;
#1779 = DIRECTION ( 'NONE',  ( -0.6234898018587430313, -0.7818314824680221431, -1.408596847381192990E-16 ) ) ;
#1780 = ORIENTED_EDGE ( 'NONE', *, *, #9144, .T. ) ;
#1781 = CARTESIAN_POINT ( 'NONE',  ( -3.395103212617387456, 2.707504464571592440, 1.571836107868756160 ) ) ;
#1782 = ADVANCED_FACE ( 'NONE', ( #178 ), #6308, .T. ) ;
#1783 = VERTEX_POINT ( 'NONE', #6477 ) ;
#1784 = EDGE_LOOP ( 'NONE', ( #4094, #2150, #6665, #10811, #938, #6870 ) ) ;
#1785 = EDGE_CURVE ( 'NONE', #2709, #6471, #1133, .T. ) ;
#1786 = ORIENTED_EDGE ( 'NONE', *, *, #1623, .T. ) ;
#1787 = CARTESIAN_POINT ( 'NONE',  ( -4.915966192381743483, -3.180556440812303709, -0.3369498210078145650 ) ) ;
#1788 = PLANE ( 'NONE',  #8459 ) ;
#1789 = DIRECTION ( 'NONE',  ( -0.6234898018587431423, -0.7818314824680221431, -1.481414429610370493E-16 ) ) ;
#1790 = DIRECTION ( 'NONE',  ( -0.2225209339563182231, -0.9749279121818227312, 0.000000000000000000 ) ) ;
#1791 = CARTESIAN_POINT ( 'NONE',  ( 0.5615098671492914084, -5.838802759818086940, 0.000000000000000000 ) ) ;
#1792 = ORIENTED_EDGE ( 'NONE', *, *, #634, .T. ) ;
#1793 = CIRCLE ( 'NONE', #10788, 2.043333333333333002 ) ;
#1794 = LINE ( 'NONE', #2675, #10544 ) ;
#1795 = EDGE_CURVE ( 'NONE', #8766, #11055, #7692, .T. ) ;
#1796 = FACE_OUTER_BOUND ( 'NONE', #5913, .T. ) ;
#1797 = DIRECTION ( 'NONE',  ( 0.9009688679024218105, 0.4338837391175525138, 5.472411708274670112E-17 ) ) ;
#1798 = DIRECTION ( 'NONE',  ( 7.970314984686170449E-17, -3.492023159033191614E-16, 1.000000000000000000 ) ) ;
#1799 = ORIENTED_EDGE ( 'NONE', *, *, #7861, .F. ) ;
#1800 = CARTESIAN_POINT ( 'NONE',  ( -0.4679647384833759971, -4.594451436628337326, -1.867438625663965765E-15 ) ) ;
#1801 = EDGE_CURVE ( 'NONE', #5534, #4606, #11165, .T. ) ;
#1802 = DIRECTION ( 'NONE',  ( 0.9009688679024218105, 0.4338837391175525138, 7.970314984685939954E-17 ) ) ;
#1803 = DIRECTION ( 'NONE',  ( 0.2225209339563050392, -0.9749279121818257288, -1.790913520579326978E-16 ) ) ;
#1804 = CARTESIAN_POINT ( 'NONE',  ( -3.883858019900379599, -2.498724050641747851, 0.4999999999999988343 ) ) ;
#1805 = EDGE_LOOP ( 'NONE', ( #8172, #10795, #3985, #4297, #9813, #9571 ) ) ;
#1806 = DIRECTION ( 'NONE',  ( 0.7818314824680315800, 0.6234898018587311519, 0.000000000000000000 ) ) ;
#1807 = ORIENTED_EDGE ( 'NONE', *, *, #7574, .T. ) ;
#1808 = FACE_OUTER_BOUND ( 'NONE', #2291, .T. ) ;
#1809 = DIRECTION ( 'NONE',  ( -0.9749279121818257288, -0.2225209339563050392, -2.245734522990332355E-16 ) ) ;
#1810 = ORIENTED_EDGE ( 'NONE', *, *, #4549, .T. ) ;
#1811 = EDGE_CURVE ( 'NONE', #6253, #4823, #10131, .T. ) ;
#1812 = EDGE_CURVE ( 'NONE', #7529, #5410, #1895, .T. ) ;
#1813 = LINE ( 'NONE', #46, #1450 ) ;
#1814 = CARTESIAN_POINT ( 'NONE',  ( 0.000000000000000000, -3.531249999999995115, 0.5832010266623200989 ) ) ;
#1815 = LINE ( 'NONE', #2756, #6400 ) ;
#1816 = DIRECTION ( 'NONE',  ( 1.790913520579326978E-16, 2.245734522990332355E-16, -1.000000000000000000 ) ) ;
#1817 = ORIENTED_EDGE ( 'NONE', *, *, #9548, .F. ) ;
#1818 = FACE_OUTER_BOUND ( 'NONE', #2577, .T. ) ;
#1819 = ORIENTED_EDGE ( 'NONE', *, *, #1953, .T. ) ;
#1820 = PLANE ( 'NONE',  #11095 ) ;
#1821 = DIRECTION ( 'NONE',  ( 0.6234898018587431423, 0.7818314824680221431, 0.000000000000000000 ) ) ;
#1822 = ADVANCED_FACE ( 'NONE', ( #10271 ), #6755, .F. ) ;
#1823 = EDGE_CURVE ( 'NONE', #5541, #9630, #10330, .T. ) ;
#1824 = ORIENTED_EDGE ( 'NONE', *, *, #8056, .F. ) ;
#1825 = CYLINDRICAL_SURFACE ( 'NONE', #7311, 7.375803125000000016 ) ;
#1826 = ORIENTED_EDGE ( 'NONE', *, *, #377, .T. ) ;
#1827 = CARTESIAN_POINT ( 'NONE',  ( 4.324534009489088370E-16, 3.531249999999997780, 2.109375000000001332 ) ) ;
#1828 = EDGE_CURVE ( 'NONE', #5306, #1955, #759, .T. ) ;
#1829 = EDGE_LOOP ( 'NONE', ( #5274, #2647, #11251, #10030 ) ) ;
#1830 = FACE_OUTER_BOUND ( 'NONE', #1854, .T. ) ;
#1831 = FACE_OUTER_BOUND ( 'NONE', #7211, .T. ) ;
#1832 = CARTESIAN_POINT ( 'NONE',  ( -4.233624458649579481, -0.9662971557052548732, -9.752102166085519590E-16 ) ) ;
#1833 = VERTEX_POINT ( 'NONE', #2302 ) ;
#1834 = CARTESIAN_POINT ( 'NONE',  ( 3.020204765022624471, 5.044057738721797080, 0.000000000000000000 ) ) ;
#1835 = VERTEX_POINT ( 'NONE', #9389 ) ;
#1836 = ORIENTED_EDGE ( 'NONE', *, *, #7468, .T. ) ;
#1837 = CARTESIAN_POINT ( 'NONE',  ( -4.814127353296846934, 3.839138454945211443, 1.830752539561561587 ) ) ;
#1838 = EDGE_CURVE ( 'NONE', #4585, #11414, #5081, .T. ) ;
#1839 = ORIENTED_EDGE ( 'NONE', *, *, #8914, .F. ) ;
#1840 = LINE ( 'NONE', #2547, #4133 ) ;
#1841 = AXIS2_PLACEMENT_3D ( 'NONE', #7788, #11381, #11430 ) ;
#1842 = DIRECTION ( 'NONE',  ( 0.4338837391175664471, 0.9009688679024152602, -4.440892098500625373E-15 ) ) ;
#1843 = DIRECTION ( 'NONE',  ( 0.000000000000000000, 0.000000000000000000, 1.000000000000000000 ) ) ;
#1844 = B_SPLINE_CURVE_WITH_KNOTS ( 'NONE', 3,
 ( #397, #9376, #1280, #3884 ),
 .UNSPECIFIED., .F., .F.,
 ( 4, 4 ),
 ( 2.074124155954521194E-07, 0.0005065015518760501972 ),
 .UNSPECIFIED. ) ;
#1845 = CARTESIAN_POINT ( 'NONE',  ( -6.003118619259592670, -1.370172650835948414, -1.382811032531297162E-15 ) ) ;
#1846 = DIRECTION ( 'NONE',  ( 0.7818314824680310249, 0.6234898018587320401, -6.916380135000592297E-17 ) ) ;
#1847 = EDGE_CURVE ( 'NONE', #2840, #8909, #3023, .T. ) ;
#1848 = ORIENTED_EDGE ( 'NONE', *, *, #1801, .F. ) ;
#1849 = DIRECTION ( 'NONE',  ( 1.790913520579326978E-16, 2.245734522990332355E-16, -1.000000000000000000 ) ) ;
#1850 = CARTESIAN_POINT ( 'NONE',  ( 0.000000000000000000, 0.000000000000000000, 0.000000000000000000 ) ) ;
#1851 = LINE ( 'NONE', #4616, #10478 ) ;
#1852 =( BOUNDED_CURVE ( )  B_SPLINE_CURVE ( 3, ( #6315, #4560, #1670, #8134 ),
 .UNSPECIFIED., .F., .F. ) 
 B_SPLINE_CURVE_WITH_KNOTS ( ( 4, 4 ),
 ( 3.141592653589793116, 4.712388980384687898 ),
 .UNSPECIFIED. ) 
 CURVE ( )  GEOMETRIC_REPRESENTATION_ITEM ( )  RATIONAL_B_SPLINE_CURVE ( ( 1.000000000000000000, 0.8047378541243654926, 0.8047378541243654926, 1.000000000000000000 ) ) 
 REPRESENTATION_ITEM ( '' )  );
#1853 = CARTESIAN_POINT ( 'NONE',  ( -0.5549598885185729191, -5.828596554514316352, 2.037447206410815917E-16 ) ) ;
#1854 = EDGE_LOOP ( 'NONE', ( #9801, #856, #6373, #10309 ) ) ;
#1855 = DIRECTION ( 'NONE',  ( 0.000000000000000000, 0.000000000000000000, 1.000000000000000000 ) ) ;
#1856 = B_SPLINE_CURVE_WITH_KNOTS ( 'NONE', 3,
 ( #683, #9492, #10479, #8675 ),
 .UNSPECIFIED., .F., .F.,
 ( 4, 4 ),
 ( 0.0005065015518762026360, 0.001011135659924338294 ),
 .UNSPECIFIED. ) ;
#1857 = DIRECTION ( 'NONE',  ( 1.000000000000000000, 0.000000000000000000, 0.000000000000000000 ) ) ;
#1858 = DIRECTION ( 'NONE',  ( -7.970314984685941186E-17, 3.492023159033203447E-16, -1.000000000000000000 ) ) ;
#1859 = ORIENTED_EDGE ( 'NONE', *, *, #256, .F. ) ;
#1860 = LINE ( 'NONE', #11549, #9621 ) ;
#1861 = EDGE_CURVE ( 'NONE', #8857, #5442, #10700, .T. ) ;
#1862 = ORIENTED_EDGE ( 'NONE', *, *, #11125, .F. ) ;
#1863 = FACE_OUTER_BOUND ( 'NONE', #367, .T. ) ;
#1864 = CARTESIAN_POINT ( 'NONE',  ( -5.620881357013693957, 1.685246390785955173, -1.000000000000000666 ) ) ;
#1865 = ORIENTED_EDGE ( 'NONE', *, *, #6599, .T. ) ;
#1866 = CARTESIAN_POINT ( 'NONE',  ( 0.000000000000000000, 0.000000000000000000, 2.500000000000000000 ) ) ;
#1867 = CARTESIAN_POINT ( 'NONE',  ( -2.028931684390599344, 5.492172110671390328, -0.1692019863962282711 ) ) ;
#1868 = DIRECTION ( 'NONE',  ( -1.000000000000000000, 0.000000000000000000, 0.000000000000000000 ) ) ;
#1869 = EDGE_LOOP ( 'NONE', ( #9792, #2777 ) ) ;
#1870 = CYLINDRICAL_SURFACE ( 'NONE', #2869, 3.140624999999996003 ) ;
#1871 = ORIENTED_EDGE ( 'NONE', *, *, #7809, .F. ) ;
#1872 = CIRCLE ( 'NONE', #2625, 7.375803124999999127 ) ;
#1873 = CARTESIAN_POINT ( 'NONE',  ( 5.833575934969709387, 0.4999100760174438607, 0.1700533594733113774 ) ) ;
#1874 = EDGE_CURVE ( 'NONE', #1396, #9101, #195, .T. ) ;
#1875 = CARTESIAN_POINT ( 'NONE',  ( -5.527994894309635754, -3.661641740954672652, 0.09181046656276541096 ) ) ;
#1876 = EDGE_LOOP ( 'NONE', ( #11333, #6736, #8795, #10103 ) ) ;
#1877 = CARTESIAN_POINT ( 'NONE',  ( -4.814127353296846934, 3.839138454945211443, 0.000000000000000000 ) ) ;
#1878 = ORIENTED_EDGE ( 'NONE', *, *, #56, .F. ) ;
#1879 = CARTESIAN_POINT ( 'NONE',  ( -5.118371538954584743, -1.168234903270601421, 0.000000000000000000 ) ) ;
#1880 = CIRCLE ( 'NONE', #5446, 4.618222060490380088 ) ;
#1881 = EDGE_LOOP ( 'NONE', ( #2396, #3310, #7200, #10443, #4673, #7811 ) ) ;
#1882 = LINE ( 'NONE', #4765, #3050 ) ;
#1883 = CARTESIAN_POINT ( 'NONE',  ( -5.079122790470140814, -2.912564154226910951, -0.5000000000000014433 ) ) ;
#1884 = CARTESIAN_POINT ( 'NONE',  ( 4.210968453991995375, -4.067955623239389418, 2.514201024167215639E-16 ) ) ;
#1885 = ORIENTED_EDGE ( 'NONE', *, *, #4831, .F. ) ;
#1886 = DIRECTION ( 'NONE',  ( 0.4338837391175649483, 0.9009688679024158153, 3.492023159033192107E-16 ) ) ;
#1887 = EDGE_CURVE ( 'NONE', #3233, #6480, #7877, .T. ) ;
#1888 = ORIENTED_EDGE ( 'NONE', *, *, #3878, .F. ) ;
#1889 = EDGE_CURVE ( 'NONE', #1193, #2718, #8046, .T. ) ;
#1890 = ORIENTED_EDGE ( 'NONE', *, *, #1110, .T. ) ;
#1891 = VECTOR ( 'NONE', #6817, 1000.000000000000114 ) ;
#1892 = ADVANCED_FACE ( 'NONE', ( #11037 ), #412, .F. ) ;
#1893 = VECTOR ( 'NONE', #4128, 1000.000000000000000 ) ;
#1894 = AXIS2_PLACEMENT_3D ( 'NONE', #9180, #11178, #3142 ) ;
#1895 = CIRCLE ( 'NONE', #11074, 1.830752539561562253 ) ;
#1896 = DIRECTION ( 'NONE',  ( 0.000000000000000000, 0.000000000000000000, 1.000000000000000000 ) ) ;
#1897 = ORIENTED_EDGE ( 'NONE', *, *, #6175, .F. ) ;
#1898 = DIRECTION ( 'NONE',  ( 0.000000000000000000, 0.000000000000000000, 1.000000000000000000 ) ) ;
#1899 = CARTESIAN_POINT ( 'NONE',  ( -3.028934849370128912, 5.010595967690058217, -0.1680762712353557620 ) ) ;
#1900 = VECTOR ( 'NONE', #9176, 1000.000000000000000 ) ;
#1901 = CARTESIAN_POINT ( 'NONE',  ( 0.000000000000000000, 6.157500000000000639, 1.571836107868756383 ) ) ;
#1902 = AXIS2_PLACEMENT_3D ( 'NONE', #4946, #5000, #3078 ) ;
#1903 = EDGE_CURVE ( 'NONE', #4346, #657, #2831, .T. ) ;
#1904 = ORIENTED_EDGE ( 'NONE', *, *, #7610, .F. ) ;
#1905 = CARTESIAN_POINT ( 'NONE',  ( 3.883858019900346736, -2.498724050641801586, 0.4999999999999987232 ) ) ;
#1906 = VECTOR ( 'NONE', #9456, 999.9999999999998863 ) ;
#1907 = AXIS2_PLACEMENT_3D ( 'NONE', #6784, #8595, #6849 ) ;
#1908 = LINE ( 'NONE', #11114, #11267 ) ;
#1909 = DIRECTION ( 'NONE',  ( 7.970314984685941186E-17, -3.492023159033203447E-16, 1.000000000000000000 ) ) ;
#1910 = EDGE_CURVE ( 'NONE', #11423, #4242, #4797, .T. ) ;
#1911 = CARTESIAN_POINT ( 'NONE',  ( 0.000000000000000000, 0.000000000000000000, 0.000000000000000000 ) ) ;
#1912 = VERTEX_POINT ( 'NONE', #351 ) ;
#1913 = CARTESIAN_POINT ( 'NONE',  ( -3.694065029001870837, -4.048092428725587055, -1.708031869652254658E-15 ) ) ;
#1914 = CARTESIAN_POINT ( 'NONE',  ( 2.415079429167933611, 3.936415418983353565, 0.5000000000000000000 ) ) ;
#1915 = CARTESIAN_POINT ( 'NONE',  ( -1.255463724981754847, -6.229709931871222572, 3.611118645726067224E-32 ) ) ;
#1916 = AXIS2_PLACEMENT_3D ( 'NONE', #2349, #6808, #4931 ) ;
#1917 = VECTOR ( 'NONE', #6181, 1000.000000000000000 ) ;
#1918 = ORIENTED_EDGE ( 'NONE', *, *, #10652, .F. ) ;
#1919 = DIRECTION ( 'NONE',  ( -7.970314984685941186E-17, -3.492023159033203940E-16, 1.000000000000000000 ) ) ;
#1920 = CIRCLE ( 'NONE', #782, 2.043333333333333002 ) ;
#1921 = ORIENTED_EDGE ( 'NONE', *, *, #9778, .F. ) ;
#1922 = AXIS2_PLACEMENT_3D ( 'NONE', #2979, #6622, #3980 ) ;
#1923 = DIRECTION ( 'NONE',  ( -1.790913520579321555E-16, 2.245734522990357007E-16, -1.000000000000000000 ) ) ;
#1924 = CARTESIAN_POINT ( 'NONE',  ( -5.822922039428680030, 1.789036932132483271, -0.1313876030881692136 ) ) ;
#1925 = AXIS2_PLACEMENT_3D ( 'NONE', #9307, #8377, #2337 ) ;
#1926 = CIRCLE ( 'NONE', #11290, 1.571836107868756383 ) ;
#1927 = ADVANCED_FACE ( 'NONE', ( #3943 ), #4876, .T. ) ;
#1928 = CIRCLE ( 'NONE', #9983, 1.830752539561562253 ) ;
#1929 = ORIENTED_EDGE ( 'NONE', *, *, #9005, .T. ) ;
#1930 = CARTESIAN_POINT ( 'NONE',  ( 6.122915247787705795, 1.943146773396691396, 0.3666893729391483281 ) ) ;
#1932 = AXIS2_PLACEMENT_3D ( 'NONE', #5508, #1858, #3684 ) ;
#1931 = DIRECTION ( 'NONE',  ( 0.000000000000000000, 0.000000000000000000, 1.000000000000000000 ) ) ;
#1933 = DIRECTION ( 'NONE',  ( -9.942414884276494329E-16, 1.000000000000000000, 2.485603721069123582E-16 ) ) ;
#1934 = DIRECTION ( 'NONE',  ( 0.9009688679024157043, -0.4338837391175651703, -7.407072148051852464E-17 ) ) ;
#1935 = ORIENTED_EDGE ( 'NONE', *, *, #11170, .T. ) ;
#1936 = CARTESIAN_POINT ( 'NONE',  ( 0.000000000000000000, 6.157500000000000639, 0.000000000000000000 ) ) ;
#1937 = AXIS2_PLACEMENT_3D ( 'NONE', #4040, #5797, #11066 ) ;
#1938 = VERTEX_POINT ( 'NONE', #1288 ) ;
#1939 = CARTESIAN_POINT ( 'NONE',  ( 0.5838616507318711291, -6.604956726839288805, 0.09181046656276352358 ) ) ;
#1940 = AXIS2_PLACEMENT_3D ( 'NONE', #868, #5400, #2873 ) ;
#1941 = CARTESIAN_POINT ( 'NONE',  ( -6.569278111570849177, 0.9005181194462896777, -0.2500000000000011102 ) ) ;
#1942 = ORIENTED_EDGE ( 'NONE', *, *, #4205, .T. ) ;
#1943 = EDGE_CURVE ( 'NONE', #10340, #8745, #7857, .T. ) ;
#1944 = CARTESIAN_POINT ( 'NONE',  ( 9.032753688172296871E-16, 7.375803125000000904, -2.374937499999999257 ) ) ;
#1945 = VERTEX_POINT ( 'NONE', #7931 ) ;
#1946 = LINE ( 'NONE', #7324, #7872 ) ;
#1947 = AXIS2_PLACEMENT_3D ( 'NONE', #5823, #6880, #5897 ) ;
#1948 = AXIS2_PLACEMENT_3D ( 'NONE', #926, #7156, #10846 ) ;
#1949 = ORIENTED_EDGE ( 'NONE', *, *, #11054, .T. ) ;
#1950 = DIRECTION ( 'NONE',  ( 0.000000000000000000, -1.000000000000000000, -1.626303258728256651E-16 ) ) ;
#1951 = PLANE ( 'NONE',  #1706 ) ;
#1952 = B_SPLINE_CURVE_WITH_KNOTS ( 'NONE', 3,
 ( #2639, #1873, #8029, #6288 ),
 .UNSPECIFIED., .F., .F.,
 ( 4, 4 ),
 ( 0.0005065015518753983748, 0.001011135659923665005 ),
 .UNSPECIFIED. ) ;
#1953 = EDGE_CURVE ( 'NONE', #6572, #3171, #2961, .T. ) ;
#1954 = DIRECTION ( 'NONE',  ( 0.000000000000000000, 0.000000000000000000, 1.000000000000000000 ) ) ;
#1955 = VERTEX_POINT ( 'NONE', #7751 ) ;
#1956 = DIRECTION ( 'NONE',  ( 0.7818314824680310249, 0.6234898018587320401, -6.916380135000592297E-17 ) ) ;
#1957 = VECTOR ( 'NONE', #1626, 1000.000000000000114 ) ;
#1958 = VERTEX_POINT ( 'NONE', #11347 ) ;
#1959 = VERTEX_POINT ( 'NONE', #10680 ) ;
#1960 = VECTOR ( 'NONE', #2941, 1000.000000000000000 ) ;
#1961 = AXIS2_PLACEMENT_3D ( 'NONE', #1222, #3876, #7562 ) ;
#1962 = CARTESIAN_POINT ( 'NONE',  ( 0.000000000000000000, 0.000000000000000000, 0.000000000000000000 ) ) ;
#1963 = EDGE_LOOP ( 'NONE', ( #11225, #5893, #8527, #8976, #3340, #9339 ) ) ;
#1964 = CARTESIAN_POINT ( 'NONE',  ( 3.985157492342970593E-17, -1.746011579516601723E-16, 0.5000000000000000000 ) ) ;
#1965 = DIRECTION ( 'NONE',  ( 0.000000000000000000, -0.7071067811865403563, 0.7071067811865546782 ) ) ;
#1966 = CIRCLE ( 'NONE', #11331, 1.815000000000000169 ) ;
#1967 = ADVANCED_FACE ( 'NONE', ( #1530, #8753 ), #9508, .F. ) ;
#1968 = EDGE_CURVE ( 'NONE', #10227, #1461, #3114, .T. ) ;
#1969 = DIRECTION ( 'NONE',  ( 0.7818314824680218100, -0.6234898018587434754, -2.267975102510408590E-30 ) ) ;
#1970 = VERTEX_POINT ( 'NONE', #1595 ) ;
#1971 = CARTESIAN_POINT ( 'NONE',  ( 1.785469052044889482, 5.576075549824572875, -8.297247099245110806E-17 ) ) ;
#1972 = FACE_OUTER_BOUND ( 'NONE', #8070, .T. ) ;
#1973 = EDGE_CURVE ( 'NONE', #10971, #7476, #9539, .T. ) ;
#1974 = VERTEX_POINT ( 'NONE', #4357 ) ;
#1975 = EDGE_CURVE ( 'NONE', #2571, #1729, #9572, .T. ) ;
#1976 = DIRECTION ( 'NONE',  ( -0.9996682996984987968, -0.02575442831655136433, -1.848157082814942976E-16 ) ) ;
#1977 = CARTESIAN_POINT ( 'NONE',  ( 0.5331189051279738855, -4.729745457741832304, -0.5000000000000017764 ) ) ;
#1978 = ORIENTED_EDGE ( 'NONE', *, *, #8556, .T. ) ;
#1979 = FACE_OUTER_BOUND ( 'NONE', #3461, .T. ) ;
#1980 = EDGE_CURVE ( 'NONE', #2227, #5802, #4527, .T. ) ;
#1981 = DIRECTION ( 'NONE',  ( 0.2225209339563118116, 0.9749279121818242855, 2.587945019047930958E-16 ) ) ;
#1982 = ORIENTED_EDGE ( 'NONE', *, *, #11362, .T. ) ;
#1983 = LINE ( 'NONE', #5389, #4576 ) ;
#1984 = ORIENTED_EDGE ( 'NONE', *, *, #3516, .F. ) ;
#1985 = DIRECTION ( 'NONE',  ( 0.000000000000000000, -4.778852550900294681E-16, 1.000000000000000000 ) ) ;
#1986 = SPHERICAL_SURFACE ( 'NONE', #9825, 1.815000000000000169 ) ;
#1987 = EDGE_CURVE ( 'NONE', #2406, #570, #953, .T. ) ;
#1988 = ORIENTED_EDGE ( 'NONE', *, *, #4042, .T. ) ;
#1989 = CARTESIAN_POINT ( 'NONE',  ( -5.527994894309633978, -3.661641740954672208, -0.2500000000000019429 ) ) ;
#1990 = FACE_OUTER_BOUND ( 'NONE', #4920, .T. ) ;
#1991 = DIRECTION ( 'NONE',  ( 0.9749279121818227312, -0.2225209339563182231, -2.245734522990357007E-16 ) ) ;
#1992 = DIRECTION ( 'NONE',  ( -0.000000000000000000, -1.836970198721029688E-16, 1.000000000000000000 ) ) ;
#1993 = VERTEX_POINT ( 'NONE', #1650 ) ;
#1994 = PLANE ( 'NONE',  #9058 ) ;
#1995 = ORIENTED_EDGE ( 'NONE', *, *, #9740, .T. ) ;
#1996 = EDGE_CURVE ( 'NONE', #1955, #11119, #5236, .T. ) ;
#1997 = DIRECTION ( 'NONE',  ( 1.000000000000000000, 0.000000000000000000, -0.000000000000000000 ) ) ;
#1998 = DIRECTION ( 'NONE',  ( 1.790913520579326978E-16, 2.245734522990332355E-16, -1.000000000000000000 ) ) ;
#1999 = VERTEX_POINT ( 'NONE', #10622 ) ;
#2000 = CARTESIAN_POINT ( 'NONE',  ( -1.884140137118027081, -3.912457308866240879, -0.5000000000000013323 ) ) ;
#2001 = ORIENTED_EDGE ( 'NONE', *, *, #5718, .T. ) ;
#2002 = DIRECTION ( 'NONE',  ( 7.970314984686167984E-17, 3.492023159033190628E-16, -1.000000000000000000 ) ) ;
#2003 = EDGE_LOOP ( 'NONE', ( #1394, #3577, #10783, #3733 ) ) ;
#2004 = FACE_OUTER_BOUND ( 'NONE', #7661, .T. ) ;
#2005 = DIRECTION ( 'NONE',  ( -0.9009688679024218105, -0.4338837391175526248, -7.970314984685939954E-17 ) ) ;
#2006 = LINE ( 'NONE', #2175, #7565 ) ;
#2007 = VERTEX_POINT ( 'NONE', #2589 ) ;
#2008 = DIRECTION ( 'NONE',  ( 3.342377459625948935E-16, -1.000000000000000000, -0.000000000000000000 ) ) ;
#2009 = ORIENTED_EDGE ( 'NONE', *, *, #5402, .F. ) ;
#2010 = EDGE_CURVE ( 'NONE', #9247, #11269, #3387, .T. ) ;
#2011 = DIRECTION ( 'NONE',  ( 1.000000000000000000, 0.000000000000000000, 0.000000000000000000 ) ) ;
#2012 = VERTEX_POINT ( 'NONE', #1468 ) ;
#2013 = DIRECTION ( 'NONE',  ( -0.4338837391175652813, -0.9009688679024157043, 0.000000000000000000 ) ) ;
#2014 = DIRECTION ( 'NONE',  ( 1.000000000000000000, 1.804055817186320837E-15, 0.000000000000000000 ) ) ;
#2015 = CARTESIAN_POINT ( 'NONE',  ( 2.277889630367151419, -4.730086556487714589, -0.5000000000000018874 ) ) ;
#2016 = CLOSED_SHELL ( 'NONE', ( #3696, #4416 ) ) ;
#2017 = CARTESIAN_POINT ( 'NONE',  ( -0.5331189051280394997, -4.729745457741819870, -0.5000000000000015543 ) ) ;
#2018 = EDGE_LOOP ( 'NONE', ( #1207, #8242, #2746, #10328 ) ) ;
#2019 = B_SPLINE_CURVE_WITH_KNOTS ( 'NONE', 3,
 ( #3544, #7116, #8714, #11405 ),
 .UNSPECIFIED., .F., .F.,
 ( 4, 4 ),
 ( 0.0005048269569637051047, 0.001006091645346890483 ),
 .UNSPECIFIED. ) ;
#2020 = CARTESIAN_POINT ( 'NONE',  ( -5.729658811953161290, 1.766482738361798921, -1.701502775549881497 ) ) ;
#2021 = EDGE_CURVE ( 'NONE', #10253, #11055, #6929, .T. ) ;
#2022 = AXIS2_PLACEMENT_3D ( 'NONE', #11187, #3152, #6725 ) ;
#2023 = DIRECTION ( 'NONE',  ( -0.7818314824680222541, 0.6234898018587428092, -6.916380135000392617E-17 ) ) ;
#2024 = EDGE_LOOP ( 'NONE', ( #1848, #1454, #892, #10241, #4710, #4154, #7471, #9561 ) ) ;
#2025 = CARTESIAN_POINT ( 'NONE',  ( -4.606537821800944954, -4.318852133215644429, -1.000000000000001998 ) ) ;
#2026 = CARTESIAN_POINT ( 'NONE',  ( 6.003118619259574018, -1.370172650836030126, 0.000000000000000000 ) ) ;
#2027 = VERTEX_POINT ( 'NONE', #7989 ) ;
#2028 = LINE ( 'NONE', #3682, #6419 ) ;
#2029 = LINE ( 'NONE', #4895, #1504 ) ;
#2030 = VERTEX_POINT ( 'NONE', #8628 ) ;
#2031 = CIRCLE ( 'NONE', #1075, 1.830752539561562919 ) ;
#2032 = CARTESIAN_POINT ( 'NONE',  ( 3.367778697655212630E-16, -2.749999999999992006, -2.500000000000005773 ) ) ;
#2033 = ADVANCED_FACE ( 'NONE', ( #3532 ), #2475, .F. ) ;
#2034 = EDGE_LOOP ( 'NONE', ( #11527, #8109, #8343, #2084, #9270, #8637, #10558, #5394 ) ) ;
#2035 = ADVANCED_FACE ( 'NONE', ( #4187 ), #652, .T. ) ;
#2036 = APPROVAL ( #5029, 'UNSPECIFIED' ) ;
#2037 = LINE ( 'NONE', #5566, #5683 ) ;
#2038 = EDGE_CURVE ( 'NONE', #8399, #7795, #6944, .T. ) ;
#2039 = DIRECTION ( 'NONE',  ( -0.6234898018587380353, 0.7818314824680261399, 0.000000000000000000 ) ) ;
#2040 = VERTEX_POINT ( 'NONE', #9040 ) ;
#2041 = FACE_OUTER_BOUND ( 'NONE', #5230, .T. ) ;
#2042 = CARTESIAN_POINT ( 'NONE',  ( -4.940813756373726662, -3.141476993070116297, 0.4999999999999985012 ) ) ;
#2043 = FACE_OUTER_BOUND ( 'NONE', #10620, .T. ) ;
#2044 = CARTESIAN_POINT ( 'NONE',  ( -4.104615282957117195, 3.273321459758401719, -1.815000000000000613 ) ) ;
#2045 = B_SPLINE_CURVE_WITH_KNOTS ( 'NONE', 3,
 ( #11520, #6165, #6928, #3480, #1777, #2474 ),
 .UNSPECIFIED., .F., .F.,
 ( 4, 2, 4 ),
 ( 2.710505431213761085E-20, 0.0001488170499983729092, 0.0002976340999967457641 ),
 .UNSPECIFIED. ) ;
#2046 = VERTEX_POINT ( 'NONE', #1883 ) ;
#2047 = DIRECTION ( 'NONE',  ( -0.9009688679024157043, 0.4338837391175651703, 2.073466413476134464E-16 ) ) ;
#2048 = VERTEX_POINT ( 'NONE', #10918 ) ;
#2049 = EDGE_CURVE ( 'NONE', #45, #9411, #5414, .T. ) ;
#2050 = DIRECTION ( 'NONE',  ( 1.000000000000000000, 0.000000000000000000, 0.000000000000000000 ) ) ;
#2051 = CARTESIAN_POINT ( 'NONE',  ( 8.954567602896634891E-17, 1.122867261495166177E-16, -0.5000000000000000000 ) ) ;
#2052 = ORIENTED_EDGE ( 'NONE', *, *, #9907, .T. ) ;
#2053 = ORIENTED_EDGE ( 'NONE', *, *, #11197, .F. ) ;
#2054 = DIRECTION ( 'NONE',  ( 0.000000000000000000, 0.000000000000000000, 1.000000000000000000 ) ) ;
#2055 = SPHERICAL_SURFACE ( 'NONE', #5305, 1.815000000000000169 ) ;
#2057 = ADVANCED_FACE ( 'NONE', ( #8105 ), #1951, .F. ) ;
#2056 = ORIENTED_EDGE ( 'NONE', *, *, #3183, .T. ) ;
#2058 = CARTESIAN_POINT ( 'NONE',  ( 0.000000000000000000, 0.000000000000000000, 0.000000000000000000 ) ) ;
#2059 = FACE_OUTER_BOUND ( 'NONE', #10808, .T. ) ;
#2060 = AXIS2_PLACEMENT_3D ( 'NONE', #3843, #7402, #6525 ) ;
#2061 = DIRECTION ( 'NONE',  ( 1.790913520579326978E-16, 2.245734522990332355E-16, -1.000000000000000000 ) ) ;
#2062 = ORIENTED_EDGE ( 'NONE', *, *, #7353, .F. ) ;
#2063 = DIRECTION ( 'NONE',  ( -0.000000000000000000, -1.836970198721029688E-16, 1.000000000000000000 ) ) ;
#2064 = ORIENTED_EDGE ( 'NONE', *, *, #5976, .F. ) ;
#2065 = CIRCLE ( 'NONE', #6367, 5.854956726839295023 ) ;
#2066 = DIRECTION ( 'NONE',  ( -0.4338837391175651703, -0.9009688679024157043, -3.492023159033191614E-16 ) ) ;
#2067 = ORIENTED_EDGE ( 'NONE', *, *, #5492, .T. ) ;
#2068 = EDGE_CURVE ( 'NONE', #7030, #4182, #3590, .T. ) ;
#2069 = DIRECTION ( 'NONE',  ( 0.000000000000000000, 0.000000000000000000, 1.000000000000000000 ) ) ;
#2070 = CARTESIAN_POINT ( 'NONE',  ( -4.470037444215024358, -4.138337766436408494, 0.4669859836141797560 ) ) ;
#2071 = FACE_OUTER_BOUND ( 'NONE', #4642, .T. ) ;
#2072 = AXIS2_PLACEMENT_3D ( 'NONE', #5667, #3090, #2148 ) ;
#2073 = VECTOR ( 'NONE', #4481, 1000.000000000000000 ) ;
#2074 = DIRECTION ( 'NONE',  ( 1.436201133715656092E-16, -6.916380135000592297E-17, 1.000000000000000000 ) ) ;
#2075 = ORIENTED_EDGE ( 'NONE', *, *, #2958, .F. ) ;
#2076 = DIRECTION ( 'NONE',  ( -0.8894955886004682899, -0.4569437578743213435, 0.000000000000000000 ) ) ;
#2077 = DIRECTION ( 'NONE',  ( 0.6234898018587311519, -0.7818314824680318020, -0.000000000000000000 ) ) ;
#2078 = EDGE_LOOP ( 'NONE', ( #297, #1652, #8394, #7612, #2322, #1446, #399, #7951 ) ) ;
#2079 = AXIS2_PLACEMENT_3D ( 'NONE', #2356, #6983, #11210 ) ;
#2080 = VECTOR ( 'NONE', #8625, 1000.000000000000000 ) ;
#2081 = CARTESIAN_POINT ( 'NONE',  ( -3.985157492343085224E-17, -1.746011579516595807E-16, 0.5000000000000000000 ) ) ;
#2082 = EDGE_CURVE ( 'NONE', #4293, #2095, #2650, .T. ) ;
#2083 = LINE ( 'NONE', #1127, #8453 ) ;
#2084 = ORIENTED_EDGE ( 'NONE', *, *, #7952, .F. ) ;
#2085 = VECTOR ( 'NONE', #7803, 1000.000000000000114 ) ;
#2086 = EDGE_CURVE ( 'NONE', #3538, #385, #1000, .T. ) ;
#2087 = ORIENTED_EDGE ( 'NONE', *, *, #1612, .F. ) ;
#2088 = CARTESIAN_POINT ( 'NONE',  ( -4.104615282957117195, 3.273321459758401719, 0.000000000000000000 ) ) ;
#2089 = VERTEX_POINT ( 'NONE', #4600 ) ;
#2090 = AXIS2_PLACEMENT_3D ( 'NONE', #1911, #5328, #2680 ) ;
#2091 = CIRCLE ( 'NONE', #11455, 5.854956726839295023 ) ;
#2092 = DIRECTION ( 'NONE',  ( -0.9749279121818227312, 0.2225209339563178623, 2.245734522990356021E-16 ) ) ;
#2093 = DIRECTION ( 'NONE',  ( 1.000000000000000000, 0.000000000000000000, 0.000000000000000000 ) ) ;
#2094 = EDGE_CURVE ( 'NONE', #8913, #9281, #9942, .T. ) ;
#2095 = VERTEX_POINT ( 'NONE', #2888 ) ;
#2096 = AXIS2_PLACEMENT_3D ( 'NONE', #9112, #2834, #2013 ) ;
#2097 = EDGE_CURVE ( 'NONE', #11162, #5972, #11449, .T. ) ;
#2098 = CIRCLE ( 'NONE', #10151, 1.744770758581195569 ) ;
#2099 = DIRECTION ( 'NONE',  ( 0.9118444439141154545, -0.4105358816266338473, -2.554989145566130945E-16 ) ) ;
#2100 = LINE ( 'NONE', #495, #2122 ) ;
#2101 = FACE_OUTER_BOUND ( 'NONE', #9886, .T. ) ;
#2102 = EDGE_CURVE ( 'NONE', #10922, #2352, #10806, .T. ) ;
#2103 = FACE_OUTER_BOUND ( 'NONE', #3343, .T. ) ;
#2104 = ORIENTED_EDGE ( 'NONE', *, *, #4559, .T. ) ;
#2105 = PLANE ( 'NONE',  #8504 ) ;
#2106 = CIRCLE ( 'NONE', #8654, 7.375803124999999127 ) ;
#2107 = ORIENTED_EDGE ( 'NONE', *, *, #4322, .T. ) ;
#2108 = LINE ( 'NONE', #8332, #1542 ) ;
#2109 = CARTESIAN_POINT ( 'NONE',  ( 4.940813756373768406, -3.141476993070049240, 0.4999999999999983902 ) ) ;
#2110 = AXIS2_PLACEMENT_3D ( 'NONE', #8236, #1024, #963 ) ;
#2111 = VERTEX_POINT ( 'NONE', #5588 ) ;
#2112 = AXIS2_PLACEMENT_3D ( 'NONE', #2687, #303, #8139 ) ;
#2113 = EDGE_CURVE ( 'NONE', #216, #8623, #6026, .T. ) ;
#2114 = ORIENTED_EDGE ( 'NONE', *, *, #10473, .T. ) ;
#2115 = CARTESIAN_POINT ( 'NONE',  ( -5.795440118211026004, 0.9204544874741854565, -1.000000000000000666 ) ) ;
#2116 = ADVANCED_FACE ( 'NONE', ( #1831 ), #8933, .F. ) ;
#2117 = DIRECTION ( 'NONE',  ( 0.000000000000000000, 1.836970198721029688E-16, -1.000000000000000000 ) ) ;
#2118 = ORIENTED_EDGE ( 'NONE', *, *, #1397, .F. ) ;
#2119 = DIRECTION ( 'NONE',  ( 0.4338837391175527358, -0.9009688679024216995, -3.492023159033203447E-16 ) ) ;
#2120 = CARTESIAN_POINT ( 'NONE',  ( -4.233624458649579481, -0.9662971557052546512, -0.5000000000000006661 ) ) ;
#2121 = EDGE_CURVE ( 'NONE', #3307, #2007, #4157, .T. ) ;
#2122 = VECTOR ( 'NONE', #5687, 1000.000000000000227 ) ;
#2123 = AXIS2_PLACEMENT_3D ( 'NONE', #6612, #7478, #3970 ) ;
#2124 = EDGE_LOOP ( 'NONE', ( #237, #6196, #4957, #9889 ) ) ;
#2125 = LINE ( 'NONE', #2289, #8301 ) ;
#2126 = EDGE_LOOP ( 'NONE', ( #10859, #9105, #7390, #3920 ) ) ;
#2127 = AXIS2_PLACEMENT_3D ( 'NONE', #1936, #3814, #5527 ) ;
#2128 = VECTOR ( 'NONE', #5966, 1000.000000000000114 ) ;
#2129 = AXIS2_PLACEMENT_3D ( 'NONE', #6483, #10051, #257 ) ;
#2130 = DIRECTION ( 'NONE',  ( 1.000000000000000000, 1.243449787580175325E-14, 0.000000000000000000 ) ) ;
#2131 = ORIENTED_EDGE ( 'NONE', *, *, #4261, .F. ) ;
#2132 = AXIS2_PLACEMENT_3D ( 'NONE', #3045, #9431, #9200 ) ;
#2133 = DIRECTION ( 'NONE',  ( 1.790913520579326978E-16, 2.245734522990332355E-16, -1.000000000000000000 ) ) ;
#2134 = EDGE_CURVE ( 'NONE', #7878, #3227, #2275, .T. ) ;
#2135 = CARTESIAN_POINT ( 'NONE',  ( 3.395103212617425203, 2.707504464571544478, -3.003438073624007870E-16 ) ) ;
#2136 = CARTESIAN_POINT ( 'NONE',  ( 0.5838616507318712401, -6.604956726839289693, -1.474250475543824379 ) ) ;
#2137 = DIRECTION ( 'NONE',  ( -7.970314984685941186E-17, -3.492023159033203940E-16, 1.000000000000000000 ) ) ;
#2138 = AXIS2_PLACEMENT_3D ( 'NONE', #1001, #11029, #7503 ) ;
#2139 = AXIS2_PLACEMENT_3D ( 'NONE', #4047, #1094, #11196 ) ;
#2140 = SPHERICAL_SURFACE ( 'NONE', #11279, 2.043333333333333002 ) ;
#2141 = ORIENTED_EDGE ( 'NONE', *, *, #1669, .F. ) ;
#2142 = EDGE_CURVE ( 'NONE', #8368, #3585, #5095, .T. ) ;
#2143 = DIRECTION ( 'NONE',  ( 1.790913520579327471E-16, -2.245734522990332848E-16, 1.000000000000000000 ) ) ;
#2144 = FACE_OUTER_BOUND ( 'NONE', #1680, .T. ) ;
#2145 = EDGE_LOOP ( 'NONE', ( #6930, #8222, #2075, #4523 ) ) ;
#2146 = AXIS2_PLACEMENT_3D ( 'NONE', #7310, #10900, #7432 ) ;
#2147 = VECTOR ( 'NONE', #6613, 1000.000000000000000 ) ;
#2148 = DIRECTION ( 'NONE',  ( 0.9996682996984987968, 0.02575442831655167658, 0.000000000000000000 ) ) ;
#2149 = CARTESIAN_POINT ( 'NONE',  ( -1.884140137118027081, -3.912457308866240879, -0.5000000000000012212 ) ) ;
#2150 = ORIENTED_EDGE ( 'NONE', *, *, #3505, .T. ) ;
#2151 = CARTESIAN_POINT ( 'NONE',  ( -4.104615282957117195, 3.273321459758401719, 0.000000000000000000 ) ) ;
#2152 = CARTESIAN_POINT ( 'NONE',  ( -3.196147292417673036, 5.147507901534455144, 0.000000000000000000 ) ) ;
#2153 = ORIENTED_EDGE ( 'NONE', *, *, #6487, .F. ) ;
#2154 = DIRECTION ( 'NONE',  ( 1.436201133715639822E-16, 6.916380135000388919E-17, -1.000000000000000000 ) ) ;
#2155 = ORIENTED_EDGE ( 'NONE', *, *, #9993, .T. ) ;
#2156 = EDGE_CURVE ( 'NONE', #7022, #10335, #10387, .T. ) ;
#2157 = CARTESIAN_POINT ( 'NONE',  ( 3.883858019900346736, -2.498724050641801586, -0.5000000000000013323 ) ) ;
#2158 = CARTESIAN_POINT ( 'NONE',  ( 2.298361892143344853, 5.998620101931477322, 0.3666893729391498269 ) ) ;
#2159 = EDGE_LOOP ( 'NONE', ( #1888, #472, #11008 ) ) ;
#2160 = SPHERICAL_SURFACE ( 'NONE', #7174, 1.815000000000000169 ) ;
#2161 = DIRECTION ( 'NONE',  ( 0.2225209339563109512, 0.9749279121818243965, 0.000000000000000000 ) ) ;
#2162 = COORDINATED_UNIVERSAL_TIME_OFFSET ( 6, 0, .BEHIND. ) ;
#2163 = ORIENTED_EDGE ( 'NONE', *, *, #3073, .F. ) ;
#2164 = DIRECTION ( 'NONE',  ( 0.000000000000000000, 0.000000000000000000, 1.000000000000000000 ) ) ;
#2165 = VERTEX_POINT ( 'NONE', #3832 ) ;
#2166 = CARTESIAN_POINT ( 'NONE',  ( -0.4376361941295760505, -6.013298897428927425, -0.05060613220745605045 ) ) ;
#2167 = DIRECTION ( 'NONE',  ( -0.9009688679024218105, -0.4338837391175526248, -1.841765843617818375E-16 ) ) ;
#2168 = EDGE_CURVE ( 'NONE', #9292, #5757, #2660, .T. ) ;
#2169 = ORIENTED_EDGE ( 'NONE', *, *, #239, .T. ) ;
#2170 = ORIENTED_EDGE ( 'NONE', *, *, #10206, .T. ) ;
#2171 = CARTESIAN_POINT ( 'NONE',  ( -5.794151136746356734, 2.610227500533415679, -2.407412430484044816E-32 ) ) ;
#2172 = VERTEX_POINT ( 'NONE', #290 ) ;
#2173 = LINE ( 'NONE', #10438, #42 ) ;
#2174 = LINE ( 'NONE', #9320, #8274 ) ;
#2175 = CARTESIAN_POINT ( 'NONE',  ( -3.059779840274896578, 5.302478452986589375, -0.5000000000000000000 ) ) ;
#2176 = EDGE_LOOP ( 'NONE', ( #8557, #4954, #7588, #4888 ) ) ;
#2177 = CARTESIAN_POINT ( 'NONE',  ( 5.578239297790213769, 1.872073459281161423, -0.2500000000000008882 ) ) ;
#2178 = ORIENTED_EDGE ( 'NONE', *, *, #2985, .T. ) ;
#2179 = ADVANCED_FACE ( 'NONE', ( #6570, #4864 ), #2993, .T. ) ;
#2180 = EDGE_CURVE ( 'NONE', #1569, #3463, #8446, .T. ) ;
#2181 = ADVANCED_FACE ( 'NONE', ( #2059 ), #10979, .T. ) ;
#2182 = CARTESIAN_POINT ( 'NONE',  ( 0.4679647384833096613, -4.594451436628344432, 0.4999999999999983902 ) ) ;
#2183 = ORIENTED_EDGE ( 'NONE', *, *, #5370, .F. ) ;
#2184 = CARTESIAN_POINT ( 'NONE',  ( 5.006993572632402412, -3.427073511306462539, -0.08749532262521154957 ) ) ;
#2185 = DIRECTION ( 'NONE',  ( 1.000000000000000000, 0.000000000000000000, 0.000000000000000000 ) ) ;
#2186 = CARTESIAN_POINT ( 'NONE',  ( 5.029257905441474108, -3.437097488048992844, 0.4669859836141810328 ) ) ;
#2187 = CARTESIAN_POINT ( 'NONE',  ( 6.429395695523603167E-16, 5.250000000000000000, 9.704761634013689082E-17 ) ) ;
#2188 = DIRECTION ( 'NONE',  ( 1.436201133715639822E-16, 6.916380135000388919E-17, -1.000000000000000000 ) ) ;
#2189 = EDGE_LOOP ( 'NONE', ( #4986, #5191, #7644, #2585, #11631, #4053, #8618 ) ) ;
#2190 = EDGE_CURVE ( 'NONE', #8368, #2363, #1844, .T. ) ;
#2191 = CARTESIAN_POINT ( 'NONE',  ( 0.000000000000000000, 7.750000000000004441, -2.500000000000000444 ) ) ;
#2192 = CARTESIAN_POINT ( 'NONE',  ( -2.671639123616407652, -5.547715804109125237, -2.150213260174687816E-15 ) ) ;
#2193 = ORIENTED_EDGE ( 'NONE', *, *, #8410, .T. ) ;
#2194 = CARTESIAN_POINT ( 'NONE',  ( 5.653352180510354152, -2.902599545772518663, -9.629649721936179265E-32 ) ) ;
#2195 = B_SPLINE_CURVE_WITH_KNOTS ( 'NONE', 3,
 ( #7270, #3707, #7220, #11024, #6515, #9861 ),
 .UNSPECIFIED., .F., .F.,
 ( 4, 2, 4 ),
 ( 0.000000000000000000, 0.0001489814068954669615, 0.0002979628137909339229 ),
 .UNSPECIFIED. ) ;
#2196 = DIRECTION ( 'NONE',  ( -0.6234898018587431423, -0.7818314824680221431, -1.436201133715639822E-16 ) ) ;
#2197 = ORIENTED_EDGE ( 'NONE', *, *, #2487, .F. ) ;
#2198 = CARTESIAN_POINT ( 'NONE',  ( 0.000000000000000000, 3.531249999999997780, 2.109375000000001776 ) ) ;
#2199 = ADVANCED_FACE ( 'NONE', ( #11028 ), #459, .F. ) ;
#2200 = ORIENTED_EDGE ( 'NONE', *, *, #6487, .T. ) ;
#2201 = CARTESIAN_POINT ( 'NONE',  ( -3.395103212617387012, 2.707504464571592440, -0.5000000000000001110 ) ) ;
#2202 = VERTEX_POINT ( 'NONE', #10144 ) ;
#2203 = AXIS2_PLACEMENT_3D ( 'NONE', #1083, #9785, #8915 ) ;
#2204 = DIRECTION ( 'NONE',  ( 1.000000000000000000, 0.000000000000000000, -0.000000000000000000 ) ) ;
#2205 = DIRECTION ( 'NONE',  ( -1.790913520579326978E-16, -2.245734522990332355E-16, 1.000000000000000000 ) ) ;
#2206 = CARTESIAN_POINT ( 'NONE',  ( 0.000000000000000000, 0.000000000000000000, 0.000000000000000000 ) ) ;
#2207 = ORIENTED_EDGE ( 'NONE', *, *, #2049, .F. ) ;
#2208 = AXIS2_PLACEMENT_3D ( 'NONE', #2561, #6137, #1495 ) ;
#2209 = CARTESIAN_POINT ( 'NONE',  ( -3.391824491822197807, 5.697532308577989646, -1.885160653978395162 ) ) ;
#2210 = ADVANCED_FACE ( 'NONE', ( #5812 ), #2225, .T. ) ;
#2211 = DIRECTION ( 'NONE',  ( 1.000000000000000000, 0.000000000000000000, -0.000000000000000000 ) ) ;
#2212 = DIRECTION ( 'NONE',  ( 1.184433339904205948E-16, -4.737733359616823793E-16, 1.000000000000000000 ) ) ;
#2213 = DATE_AND_TIME ( #8601, #6460 ) ;
#2214 = ORIENTED_EDGE ( 'NONE', *, *, #10546, .T. ) ;
#2215 = CARTESIAN_POINT ( 'NONE',  ( 0.000000000000000000, 9.146619051344268372E-16, -2.479187500000000988 ) ) ;
#2216 = ORIENTED_EDGE ( 'NONE', *, *, #991, .F. ) ;
#2217 = EDGE_CURVE ( 'NONE', #5436, #1193, #10259, .T. ) ;
#2218 = LINE ( 'NONE', #6509, #978 ) ;
#2219 = CARTESIAN_POINT ( 'NONE',  ( 4.470037444215079425, -4.138337766436348097, 0.4669859836141810328 ) ) ;
#2220 = ORIENTED_EDGE ( 'NONE', *, *, #2393, .F. ) ;
#2221 = VERTEX_POINT ( 'NONE', #8392 ) ;
#2222 = DIRECTION ( 'NONE',  ( 1.000000000000000000, 0.000000000000000000, 0.000000000000000000 ) ) ;
#2223 = EDGE_LOOP ( 'NONE', ( #1077, #9056, #6657 ) ) ;
#2224 = DIRECTION ( 'NONE',  ( 0.9749279121818227312, -0.2225209339563182231, -2.245734522990357007E-16 ) ) ;
#2225 = CYLINDRICAL_SURFACE ( 'NONE', #3031, 5.854956726839295023 ) ;
#2226 = LINE ( 'NONE', #4170, #1761 ) ;
#2227 = VERTEX_POINT ( 'NONE', #11155 ) ;
#2228 = DIRECTION ( 'NONE',  ( -0.2225209339563115063, -0.9749279121818243965, -2.587945019047930465E-16 ) ) ;
#2229 = ORIENTED_EDGE ( 'NONE', *, *, #7807, .F. ) ;
#2230 = EDGE_CURVE ( 'NONE', #3801, #1413, #5641, .T. ) ;
#2231 = DIRECTION ( 'NONE',  ( 0.000000000000000000, 0.000000000000000000, 1.000000000000000000 ) ) ;
#2232 = ORIENTED_EDGE ( 'NONE', *, *, #7477, .T. ) ;
#2233 = CARTESIAN_POINT ( 'NONE',  ( 6.410499384205714080, 0.4146791002802941994, -4.814824860968089633E-32 ) ) ;
#2234 = EDGE_CURVE ( 'NONE', #7447, #6798, #1170, .T. ) ;
#2235 = DIRECTION ( 'NONE',  ( -0.000000000000000000, -1.836970198721029688E-16, 1.000000000000000000 ) ) ;
#2236 = EDGE_CURVE ( 'NONE', #11597, #7247, #396, .T. ) ;
#2237 = CARTESIAN_POINT ( 'NONE',  ( 2.028931684390599344, 5.492172110671390328, 2.075881524724733142E-16 ) ) ;
#2238 = ORIENTED_EDGE ( 'NONE', *, *, #3664, .T. ) ;
#2239 = DIRECTION ( 'NONE',  ( 0.9009688679024151492, -0.4338837391175665026, -2.233232632184277575E-16 ) ) ;
#2240 = EDGE_CURVE ( 'NONE', #1039, #10830, #4766, .T. ) ;
#2241 = CARTESIAN_POINT ( 'NONE',  ( -5.113049183153861144, -3.250988028559646636, 0.4999999999999985012 ) ) ;
#2242 = ORIENTED_EDGE ( 'NONE', *, *, #10067, .T. ) ;
#2243 = VECTOR ( 'NONE', #10913, 1000.000000000000000 ) ;
#2244 = SPHERICAL_SURFACE ( 'NONE', #5695, 1.815000000000000169 ) ;
#2245 = DIRECTION ( 'NONE',  ( 1.000000000000000000, 0.000000000000000000, 0.000000000000000000 ) ) ;
#2246 = ORIENTED_EDGE ( 'NONE', *, *, #11580, .T. ) ;
#2247 = FACE_OUTER_BOUND ( 'NONE', #6737, .T. ) ;
#2248 = CARTESIAN_POINT ( 'NONE',  ( 2.277889630367151419, -4.730086556487714589, -1.833312158492431403E-15 ) ) ;
#2249 = ORIENTED_EDGE ( 'NONE', *, *, #5765, .T. ) ;
#2250 = CARTESIAN_POINT ( 'NONE',  ( 4.375126996066917684, 1.478593510159734059, 0.4999999999999994449 ) ) ;
#2251 = CIRCLE ( 'NONE', #6006, 0.2041022026635757602 ) ;
#2252 = AXIS2_PLACEMENT_3D ( 'NONE', #3539, #6067, #7176 ) ;
#2253 = CARTESIAN_POINT ( 'NONE',  ( -4.233624458649579481, -0.9662971557052548732, -9.752102166085519590E-16 ) ) ;
#2254 = EDGE_CURVE ( 'NONE', #5898, #11018, #25, .T. ) ;
#2255 = ADVANCED_FACE ( 'NONE', ( #4055 ), #3932, .F. ) ;
#2256 = ORIENTED_EDGE ( 'NONE', *, *, #7506, .F. ) ;
#2257 = DIRECTION ( 'NONE',  ( 1.790913520579327471E-16, -2.245734522990332848E-16, 1.000000000000000000 ) ) ;
#2258 = ORIENTED_EDGE ( 'NONE', *, *, #4113, .F. ) ;
#2259 = CARTESIAN_POINT ( 'NONE',  ( -2.277889630367217144, -4.730086556487682614, 0.4999999999999985012 ) ) ;
#2260 = AXIS2_PLACEMENT_3D ( 'NONE', #930, #10031, #10853 ) ;
#2261 = AXIS2_PLACEMENT_3D ( 'NONE', #5231, #4352, #4241 ) ;
#2262 = CARTESIAN_POINT ( 'NONE',  ( -1.571836107868694210, 4.342500000000022453, 0.5000000000000001110 ) ) ;
#2263 = DIRECTION ( 'NONE',  ( 1.000000000000000000, 0.000000000000000000, 0.000000000000000000 ) ) ;
#2264 = AXIS2_PLACEMENT_3D ( 'NONE', #9566, #5183, #10572 ) ;
#2265 = ORIENTED_EDGE ( 'NONE', *, *, #6872, .T. ) ;
#2266 = CARTESIAN_POINT ( 'NONE',  ( -2.992045089741908193, 5.147507901537842656, 0.4956145445222103207 ) ) ;
#2267 = DIRECTION ( 'NONE',  ( -0.6234898018587430313, -0.7818314824680221431, -1.408596847381192990E-16 ) ) ;
#2268 = CARTESIAN_POINT ( 'NONE',  ( 3.893486730503328719, -2.925744017902425664, -0.5000000000000013323 ) ) ;
#2269 = AXIS2_PLACEMENT_3D ( 'NONE', #7824, #4217, #10205 ) ;
#2271 = CIRCLE ( 'NONE', #4338, 1.981214554537471306 ) ;
#2270 = COORDINATED_UNIVERSAL_TIME_OFFSET ( 6, 0, .BEHIND. ) ;
#2272 = ORIENTED_EDGE ( 'NONE', *, *, #8988, .T. ) ;
#2273 = FACE_OUTER_BOUND ( 'NONE', #8170, .T. ) ;
#2274 = ORIENTED_EDGE ( 'NONE', *, *, #4793, .T. ) ;
#2275 = CIRCLE ( 'NONE', #4345, 1.744770758581195569 ) ;
#2276 = CARTESIAN_POINT ( 'NONE',  ( 4.233624458649566158, -0.9662971557053123828, 1.571836107868755494 ) ) ;
#2277 = EDGE_CURVE ( 'NONE', #9799, #1494, #2174, .T. ) ;
#2278 = DIRECTION ( 'NONE',  ( -0.9996682996984991298, 0.02575442831653834697, 1.453537487006250241E-16 ) ) ;
#2279 = AXIS2_PLACEMENT_3D ( 'NONE', #11036, #1057, #7345 ) ;
#2280 = EDGE_LOOP ( 'NONE', ( #2773, #1692, #2875, #6787, #969, #515, #1627, #70, #1572, #2552, #2927, #5590, #10088, #5121 ) ) ;
#2281 = AXIS2_PLACEMENT_3D ( 'NONE', #8894, #841, #952 ) ;
#2282 = ORIENTED_EDGE ( 'NONE', *, *, #2156, .T. ) ;
#2283 = DIRECTION ( 'NONE',  ( -0.2225209339563182231, -0.9749279121818227312, -2.329518370037001258E-16 ) ) ;
#2284 = ORIENTED_EDGE ( 'NONE', *, *, #1874, .F. ) ;
#2285 = VECTOR ( 'NONE', #1035, 999.9999999999998863 ) ;
#2286 = DIRECTION ( 'NONE',  ( -0.000000000000000000, -1.836970198721029688E-16, 1.000000000000000000 ) ) ;
#2287 = CARTESIAN_POINT ( 'NONE',  ( -5.729658811963453502, 1.766482738324194113, 0.4896570127989052779 ) ) ;
#2288 = ORIENTED_EDGE ( 'NONE', *, *, #2082, .F. ) ;
#2289 = CARTESIAN_POINT ( 'NONE',  ( -2.671639123616407652, -5.547715804109125237, 0.000000000000000000 ) ) ;
#2290 = CIRCLE ( 'NONE', #8847, 1.571836107868756383 ) ;
#2291 = EDGE_LOOP ( 'NONE', ( #4353, #62 ) ) ;
#2292 = CIRCLE ( 'NONE', #8849, 0.2041022026635758713 ) ;
#2293 = EDGE_CURVE ( 'NONE', #6365, #147, #11457, .T. ) ;
#2294 = AXIS2_PLACEMENT_3D ( 'NONE', #4567, #5387, #7459 ) ;
#2295 = CARTESIAN_POINT ( 'NONE',  ( 1.571836107868757049, 4.342500000000001137, 0.5000000000000000000 ) ) ;
#2296 = VERTEX_POINT ( 'NONE', #10317 ) ;
#2297 = AXIS2_PLACEMENT_3D ( 'NONE', #7650, #3978, #3038 ) ;
#2298 = EDGE_CURVE ( 'NONE', #4156, #6907, #10710, .T. ) ;
#2299 = CIRCLE ( 'NONE', #6615, 1.744770758581195791 ) ;
#2300 = CARTESIAN_POINT ( 'NONE',  ( -3.718771810570201453, -3.144829597896483087, -1.000000000000001332 ) ) ;
#2301 = CIRCLE ( 'NONE', #5696, 2.043333333333333002 ) ;
#2302 = CARTESIAN_POINT ( 'NONE',  ( 5.822922039428655161, 1.789036932132564983, 0.4669859836141805887 ) ) ;
#2303 = CYLINDRICAL_SURFACE ( 'NONE', #7736, 0.2041022026635758713 ) ;
#2304 = ORIENTED_EDGE ( 'NONE', *, *, #5433, .T. ) ;
#2305 = CARTESIAN_POINT ( 'NONE',  ( 0.000000000000000000, 0.000000000000000000, 0.000000000000000000 ) ) ;
#2306 = AXIS2_PLACEMENT_3D ( 'NONE', #2177, #6573, #7621 ) ;
#2307 = DIRECTION ( 'NONE',  ( 0.9749279121818227312, -0.2225209339563182231, -2.245734522990357007E-16 ) ) ;
#2308 = ORIENTED_EDGE ( 'NONE', *, *, #719, .F. ) ;
#2309 = VECTOR ( 'NONE', #2386, 1000.000000000000114 ) ;
#2310 = CIRCLE ( 'NONE', #3635, 1.981214554537471528 ) ;
#2311 = CARTESIAN_POINT ( 'NONE',  ( 4.104615282957162492, 3.273321459758343543, 0.000000000000000000 ) ) ;
#2312 = AXIS2_PLACEMENT_3D ( 'NONE', #5161, #8840, #10598 ) ;
#2313 = DIRECTION ( 'NONE',  ( -0.9749279121818257288, -0.2225209339563050392, -2.245734522990332355E-16 ) ) ;
#2314 = ORIENTED_EDGE ( 'NONE', *, *, #1874, .T. ) ;
#2315 = ADVANCED_FACE ( 'NONE', ( #3294, #10552 ), #8683, .T. ) ;
#2316 = CARTESIAN_POINT ( 'NONE',  ( -3.196147292417672592, 5.147507901534455144, -1.885160653978395162 ) ) ;
#2317 = CARTESIAN_POINT ( 'NONE',  ( -4.104615282957117195, 3.273321459758401719, -3.631099570875204645E-16 ) ) ;
#2318 = CARTESIAN_POINT ( 'NONE',  ( 0.000000000000000000, 0.000000000000000000, 0.000000000000000000 ) ) ;
#2319 = AXIS2_PLACEMENT_3D ( 'NONE', #10260, #11384, #10318 ) ;
#2320 = VECTOR ( 'NONE', #9543, 1000.000000000000000 ) ;
#2321 = DIRECTION ( 'NONE',  ( -0.2225209339563054278, 0.9749279121818258398, 1.790913520579326732E-16 ) ) ;
#2322 = ORIENTED_EDGE ( 'NONE', *, *, #6955, .F. ) ;
#2323 = DIRECTION ( 'NONE',  ( -1.436201133715656092E-16, -6.916380135000592297E-17, 1.000000000000000000 ) ) ;
#2324 = AXIS2_PLACEMENT_3D ( 'NONE', #8312, #9347, #6495 ) ;
#2325 = EDGE_LOOP ( 'NONE', ( #7098, #4843, #1119, #8921, #6205, #3006, #3105 ) ) ;
#2326 = EDGE_CURVE ( 'NONE', #118, #3554, #8828, .T. ) ;
#2327 = LOCAL_TIME ( 16, 18, 16.00000000000000000, #8666 ) ;
#2328 = CARTESIAN_POINT ( 'NONE',  ( -5.814555160701785574, 0.6866342230889324050, 0.4999999999999991673 ) ) ;
#2329 = EDGE_CURVE ( 'NONE', #8016, #11323, #7665, .T. ) ;
#2330 = AXIS2_PLACEMENT_3D ( 'NONE', #9714, #1809, #5392 ) ;
#2331 = CARTESIAN_POINT ( 'NONE',  ( -4.583390897398778030, 0.5661297392312392152, 0.4999999999999993339 ) ) ;
#2332 = EDGE_CURVE ( 'NONE', #7149, #10212, #9670, .T. ) ;
#2333 = CARTESIAN_POINT ( 'NONE',  ( -8.954567602896634891E-17, -1.122867261495166177E-16, 0.5000000000000000000 ) ) ;
#2334 = SPHERICAL_SURFACE ( 'NONE', #9751, 2.043333333333333002 ) ;
#2335 = ORIENTED_EDGE ( 'NONE', *, *, #119, .F. ) ;
#2336 = CARTESIAN_POINT ( 'NONE',  ( 0.4679647384833095503, -4.594451436628344432, -0.5000000000000016653 ) ) ;
#2337 = DIRECTION ( 'NONE',  ( 0.000000000000000000, 1.000000000000000000, 1.697435915793827745E-16 ) ) ;
#2338 = LINE ( 'NONE', #2388, #11096 ) ;
#2339 =( NAMED_UNIT ( * ) PLANE_ANGLE_UNIT ( ) SI_UNIT ( $, .RADIAN. ) );
#2340 = ORIENTED_EDGE ( 'NONE', *, *, #3258, .T. ) ;
#2341 = DIRECTION ( 'NONE',  ( -0.6234898018587431423, -0.7818314824680221431, -2.872402267431296407E-16 ) ) ;
#2342 = ORIENTED_EDGE ( 'NONE', *, *, #2496, .F. ) ;
#2343 = CARTESIAN_POINT ( 'NONE',  ( 6.022505511281142532, 0.9146046076783823642, -1.701502775549894375 ) ) ;
#2344 = EDGE_CURVE ( 'NONE', #607, #6675, #5283, .T. ) ;
#2345 = DIRECTION ( 'NONE',  ( 1.000000000000000000, 0.000000000000000000, 0.000000000000000000 ) ) ;
#2346 = ORIENTED_EDGE ( 'NONE', *, *, #2038, .T. ) ;
#2347 = EDGE_LOOP ( 'NONE', ( #6845, #7596, #27, #9033 ) ) ;
#2348 = DIRECTION ( 'NONE',  ( -1.790913520579321555E-16, 2.245734522990357007E-16, -1.000000000000000000 ) ) ;
#2349 = CARTESIAN_POINT ( 'NONE',  ( 2.277889630367151419, -4.730086556487714589, 0.000000000000000000 ) ) ;
#2350 = LINE ( 'NONE', #4282, #2839 ) ;
#2351 = CYLINDRICAL_SURFACE ( 'NONE', #9432, 5.854956726839295023 ) ;
#2352 = VERTEX_POINT ( 'NONE', #2574 ) ;
#2353 = DIRECTION ( 'NONE',  ( -0.000000000000000000, -0.000000000000000000, -1.000000000000000000 ) ) ;
#2354 = ADVANCED_FACE ( 'NONE', ( #741 ), #4341, .F. ) ;
#2355 = ORIENTED_EDGE ( 'NONE', *, *, #807, .T. ) ;
#2356 = CARTESIAN_POINT ( 'NONE',  ( 0.000000000000000000, 3.521102590960382430E-16, 0.5832010266623207650 ) ) ;
#2357 = ORIENTED_EDGE ( 'NONE', *, *, #5132, .T. ) ;
#2358 = DIRECTION ( 'NONE',  ( 1.000000000000000000, 3.342377459625948935E-16, -0.000000000000000000 ) ) ;
#2359 = VERTEX_POINT ( 'NONE', #3465 ) ;
#2360 = CARTESIAN_POINT ( 'NONE',  ( 5.029257905441473220, -3.437097488048992844, -0.1313876030881657442 ) ) ;
#2361 = CARTESIAN_POINT ( 'NONE',  ( 4.233624458649566158, -0.9662971557053121607, 0.4999999999999993339 ) ) ;
#2362 = DIRECTION ( 'NONE',  ( 1.000000000000000000, 0.000000000000000000, 0.000000000000000000 ) ) ;
#2363 = VERTEX_POINT ( 'NONE', #1513 ) ;
#2364 = CARTESIAN_POINT ( 'NONE',  ( 0.4679647384833096058, -4.594451436628344432, -1.641691345650336352E-15 ) ) ;
#2365 = EDGE_CURVE ( 'NONE', #8938, #4370, #850, .T. ) ;
#2366 = CARTESIAN_POINT ( 'NONE',  ( 0.000000000000000000, 5.250000000000000000, -0.5000000000000000000 ) ) ;
#2367 = ORIENTED_EDGE ( 'NONE', *, *, #7821, .T. ) ;
#2368 =( BOUNDED_CURVE ( )  B_SPLINE_CURVE ( 3, ( #11632, #5417, #8217, #7168 ),
 .UNSPECIFIED., .F., .F. ) 
 B_SPLINE_CURVE_WITH_KNOTS ( ( 4, 4 ),
 ( 5.788846648639240478, 6.283185307179586232 ),
 .UNSPECIFIED. ) 
 CURVE ( )  GEOMETRIC_REPRESENTATION_ITEM ( )  RATIONAL_B_SPLINE_CURVE ( ( 1.000000000000000000, 0.9797392387487868781, 0.9797392387487868781, 1.000000000000000000 ) ) 
 REPRESENTATION_ITEM ( '' )  );
#2369 = CARTESIAN_POINT ( 'NONE',  ( -8.954567602896634891E-17, -1.122867261495166177E-16, 0.5000000000000000000 ) ) ;
#2370 = CARTESIAN_POINT ( 'NONE',  ( 0.000000000000000000, -6.110138298710051439E-31, 2.500000000000003553 ) ) ;
#2371 = VERTEX_POINT ( 'NONE', #1637 ) ;
#2372 = CARTESIAN_POINT ( 'NONE',  ( 4.062692353950581458E-14, -5.854956726839295023, -0.2500000000000000000 ) ) ;
#2373 = DIRECTION ( 'NONE',  ( 0.000000000000000000, -1.000000000000000000, -1.228122814850838297E-16 ) ) ;
#2374 = CARTESIAN_POINT ( 'NONE',  ( 5.809124785039013084, 0.7326197242082540528, 0.3369669046199018636 ) ) ;
#2375 = CARTESIAN_POINT ( 'NONE',  ( 0.000000000000000000, -7.375803125000000016, 2.499999999999998668 ) ) ;
#2376 = VERTEX_POINT ( 'NONE', #4233 ) ;
#2377 = DIRECTION ( 'NONE',  ( 0.4338837391175664471, 0.9009688679024152602, 0.000000000000000000 ) ) ;
#2378 = ORIENTED_EDGE ( 'NONE', *, *, #11362, .F. ) ;
#2379 = ADVANCED_FACE ( 'NONE', ( #9613 ), #688, .T. ) ;
#2380 = CARTESIAN_POINT ( 'NONE',  ( 2.415079429167933611, 3.936415418983353565, 0.5000000000000000000 ) ) ;
#2381 = DIRECTION ( 'NONE',  ( 0.6234898018587323731, 0.7818314824680306918, 0.000000000000000000 ) ) ;
#2382 = FACE_OUTER_BOUND ( 'NONE', #10547, .T. ) ;
#2383 = DIRECTION ( 'NONE',  ( 1.000000000000000000, 0.000000000000000000, 0.000000000000000000 ) ) ;
#2384 = ORIENTED_EDGE ( 'NONE', *, *, #1610, .F. ) ;
#2385 = DIRECTION ( 'NONE',  ( -2.368866679808411896E-16, 0.000000000000000000, 1.000000000000000000 ) ) ;
#2386 = DIRECTION ( 'NONE',  ( 0.2225209339563255506, -0.9749279121818210658, 0.000000000000000000 ) ) ;
#2387 = EDGE_CURVE ( 'NONE', #10654, #11566, #3219, .T. ) ;
#2388 = CARTESIAN_POINT ( 'NONE',  ( 0.000000000000000000, -8.000000000000000000, 2.499999999999998668 ) ) ;
#2389 = EDGE_CURVE ( 'NONE', #6561, #11507, #4718, .T. ) ;
#2390 = ORIENTED_EDGE ( 'NONE', *, *, #4405, .T. ) ;
#2391 = CARTESIAN_POINT ( 'NONE',  ( -5.729658811962702103, 1.766482738355882764, -0.03299194353885481074 ) ) ;
#2392 = ORIENTED_EDGE ( 'NONE', *, *, #2236, .F. ) ;
#2393 = EDGE_CURVE ( 'NONE', #3534, #2528, #2350, .T. ) ;
#2394 = DIRECTION ( 'NONE',  ( 0.000000000000000000, -1.000000000000000000, -1.866966969661138139E-16 ) ) ;
#2395 = DIRECTION ( 'NONE',  ( 0.000000000000000000, -1.000000000000000000, -1.763933479423781890E-16 ) ) ;
#2396 = ORIENTED_EDGE ( 'NONE', *, *, #10078, .F. ) ;
#2397 = CIRCLE ( 'NONE', #5779, 5.854956726839295023 ) ;
#2398 = ORIENTED_EDGE ( 'NONE', *, *, #5350, .T. ) ;
#2399 = ORIENTED_EDGE ( 'NONE', *, *, #9545, .F. ) ;
#2400 = DIRECTION ( 'NONE',  ( -0.9688736288569030908, 0.2475558347235146395, 1.636693508242850481E-16 ) ) ;
#2401 = DIRECTION ( 'NONE',  ( 1.436201133715656092E-16, -6.916380135000592297E-17, 1.000000000000000000 ) ) ;
#2402 = DIRECTION ( 'NONE',  ( 0.000000000000000000, 0.000000000000000000, 1.000000000000000000 ) ) ;
#2403 = ORIENTED_EDGE ( 'NONE', *, *, #991, .T. ) ;
#2404 = CARTESIAN_POINT ( 'NONE',  ( 5.839845736122997621, 0.4203808409606296093, -0.5000000000000007772 ) ) ;
#2405 = EDGE_CURVE ( 'NONE', #5378, #5802, #7842, .T. ) ;
#2406 = VERTEX_POINT ( 'NONE', #4168 ) ;
#2407 = DIRECTION ( 'NONE',  ( -0.4338837391175517366, 0.9009688679024222546, -4.440892098500626951E-15 ) ) ;
#2408 = VERTEX_POINT ( 'NONE', #11258 ) ;
#2409 = EDGE_CURVE ( 'NONE', #9625, #8385, #10892, .T. ) ;
#2410 = DIRECTION ( 'NONE',  ( 0.9749279121818227312, -0.2225209339563182231, -2.245734522990357007E-16 ) ) ;
#2411 = VERTEX_POINT ( 'NONE', #9497 ) ;
#2412 = CARTESIAN_POINT ( 'NONE',  ( 3.246329667988720580, 4.872562155570489217, 9.069285784213822274E-18 ) ) ;
#2413 = CARTESIAN_POINT ( 'NONE',  ( -2.110332785130804023, 5.513311789990320122, -9.938519914450460599E-17 ) ) ;
#2414 = CARTESIAN_POINT ( 'NONE',  ( -1.785469052044889482, 5.576075549824572875, -1.670995310236613891E-17 ) ) ;
#2415 = ORIENTED_EDGE ( 'NONE', *, *, #4464, .T. ) ;
#2416 = DIRECTION ( 'NONE',  ( 0.2225209339563182231, 0.9749279121818228422, 1.851768037012963116E-16 ) ) ;
#2417 = ORIENTED_EDGE ( 'NONE', *, *, #1765, .T. ) ;
#2418 = EDGE_CURVE ( 'NONE', #7151, #3563, #3599, .T. ) ;
#2419 = CARTESIAN_POINT ( 'NONE',  ( -1.022188080638154473, -6.342049561373074518, -1.805559322863033612E-31 ) ) ;
#2420 = ORIENTED_EDGE ( 'NONE', *, *, #7600, .T. ) ;
#2421 = FACE_OUTER_BOUND ( 'NONE', #7474, .T. ) ;
#2422 = CARTESIAN_POINT ( 'NONE',  ( -8.954567602896634891E-17, -1.122867261495166177E-16, 0.5000000000000000000 ) ) ;
#2423 = CARTESIAN_POINT ( 'NONE',  ( 0.000000000000000000, 4.342500000000001137, 0.5000000000000000000 ) ) ;
#2424 = CARTESIAN_POINT ( 'NONE',  ( -2.277889630367217144, -4.730086556487682614, -1.833312158492425881E-15 ) ) ;
#2425 = CIRCLE ( 'NONE', #4865, 1.981214554537471306 ) ;
#2426 = CARTESIAN_POINT ( 'NONE',  ( 2.277889630367151419, -4.730086556487714589, -1.833312158492431403E-15 ) ) ;
#2427 = ORIENTED_EDGE ( 'NONE', *, *, #3714, .F. ) ;
#2428 = DIRECTION ( 'NONE',  ( 0.000000000000000000, 0.000000000000000000, 1.000000000000000000 ) ) ;
#2429 = EDGE_CURVE ( 'NONE', #11342, #4667, #1525, .T. ) ;
#2430 = DIRECTION ( 'NONE',  ( -0.2225209339563054001, 0.9749279121818257288, 1.790913520579326732E-16 ) ) ;
#2431 = CIRCLE ( 'NONE', #9559, 0.9075000000000008615 ) ;
#2432 = CARTESIAN_POINT ( 'NONE',  ( -1.571836107868691990, 4.492665034479324859, -0.4999999999999997780 ) ) ;
#2433 = ORIENTED_EDGE ( 'NONE', *, *, #10483, .T. ) ;
#2434 = EDGE_CURVE ( 'NONE', #8678, #6858, #7327, .T. ) ;
#2435 = CARTESIAN_POINT ( 'NONE',  ( 3.834103569847410853, 5.068049409356953028, 0.000000000000000000 ) ) ;
#2436 = DIRECTION ( 'NONE',  ( 1.000000000000000000, 0.000000000000000000, 0.000000000000000000 ) ) ;
#2437 = DIRECTION ( 'NONE',  ( 0.9749279121818260618, 0.2225209339563037070, 1.554096509490269427E-16 ) ) ;
#2438 = ORIENTED_EDGE ( 'NONE', *, *, #3101, .F. ) ;
#2439 = DIRECTION ( 'NONE',  ( 0.9009688679024157043, -0.4338837391175652813, -7.970314984686175379E-17 ) ) ;
#2440 = ORIENTED_EDGE ( 'NONE', *, *, #5252, .T. ) ;
#2441 = CIRCLE ( 'NONE', #1124, 0.1875000000000001665 ) ;
#2442 = VECTOR ( 'NONE', #9990, 1000.000000000000227 ) ;
#2443 = CIRCLE ( 'NONE', #4331, 1.571836107868756383 ) ;
#2444 = DIRECTION ( 'NONE',  ( 1.000000000000000000, 0.000000000000000000, 0.000000000000000000 ) ) ;
#2445 = CARTESIAN_POINT ( 'NONE',  ( -4.210968453992196103, -4.067955623239186025, -1.069247216952531200E-13 ) ) ;
#2446 = EDGE_CURVE ( 'NONE', #6253, #9525, #4459, .T. ) ;
#2447 = ADVANCED_FACE ( 'NONE', ( #8917 ), #919, .T. ) ;
#2448 = ORIENTED_EDGE ( 'NONE', *, *, #6280, .T. ) ;
#2449 = EDGE_LOOP ( 'NONE', ( #10039, #9368, #2506, #8987 ) ) ;
#2450 = CIRCLE ( 'NONE', #7880, 1.814999999999999947 ) ;
#2451 = ADVANCED_FACE ( 'NONE', ( #9140 ), #2703, .F. ) ;
#2452 = EDGE_CURVE ( 'NONE', #6843, #9378, #9900, .T. ) ;
#2453 = CARTESIAN_POINT ( 'NONE',  ( -1.761151572440916357, 4.342500000000001137, -0.5000000000000000000 ) ) ;
#2454 = FACE_OUTER_BOUND ( 'NONE', #7342, .T. ) ;
#2455 = DIRECTION ( 'NONE',  ( 1.543210004228967591E-14, 1.000000000000000000, 0.000000000000000000 ) ) ;
#2456 = DIRECTION ( 'NONE',  ( 1.000000000000000000, 0.000000000000000000, 0.000000000000000000 ) ) ;
#2457 = ORIENTED_EDGE ( 'NONE', *, *, #11284, .T. ) ;
#2458 = DIRECTION ( 'NONE',  ( 0.7818314824680222541, -0.6234898018587428092, 6.916380135000392617E-17 ) ) ;
#2459 = AXIS2_PLACEMENT_3D ( 'NONE', #170, #6347, #3710 ) ;
#2460 = ORIENTED_EDGE ( 'NONE', *, *, #5048, .T. ) ;
#2461 = AXIS2_PLACEMENT_3D ( 'NONE', #11047, #2964, #6489 ) ;
#2462 = DIRECTION ( 'NONE',  ( 0.4338837391175526248, -0.9009688679024218105, -3.492023159033202461E-16 ) ) ;
#2463 = VECTOR ( 'NONE', #3015, 1000.000000000000000 ) ;
#2464 = AXIS2_PLACEMENT_3D ( 'NONE', #8239, #194, #7364 ) ;
#2465 = EDGE_CURVE ( 'NONE', #3755, #7435, #1815, .T. ) ;
#2466 = EDGE_CURVE ( 'NONE', #7369, #4501, #1331, .T. ) ;
#2467 = ORIENTED_EDGE ( 'NONE', *, *, #5228, .F. ) ;
#2468 = AXIS2_PLACEMENT_3D ( 'NONE', #6642, #7502, #11089 ) ;
#2469 = LINE ( 'NONE', #6051, #4117 ) ;
#2470 = ORIENTED_EDGE ( 'NONE', *, *, #4903, .T. ) ;
#2471 = CARTESIAN_POINT ( 'NONE',  ( 0.000000000000000000, -3.140624999999994671, -2.500000000000005773 ) ) ;
#2472 = EDGE_CURVE ( 'NONE', #985, #3563, #9384, .T. ) ;
#2473 = VERTEX_POINT ( 'NONE', #10840 ) ;
#2474 = CARTESIAN_POINT ( 'NONE',  ( -5.826670010035960523, 0.7836273912850090229, 0.000000000000000000 ) ) ;
#2475 = CYLINDRICAL_SURFACE ( 'NONE', #3209, 4.618222060490380088 ) ;
#2476 = AXIS2_PLACEMENT_3D ( 'NONE', #6649, #10159, #1898 ) ;
#2477 = AXIS2_PLACEMENT_3D ( 'NONE', #667, #4257, #3436 ) ;
#2478 = CARTESIAN_POINT ( 'NONE',  ( -5.946541385354561449, 0.9165616694720919444, -0.5000000000000009992 ) ) ;
#2479 = EDGE_LOOP ( 'NONE', ( #9973, #10701, #11263, #1810, #6633, #5970, #806 ) ) ;
#2480 = CARTESIAN_POINT ( 'NONE',  ( 0.000000000000000000, 0.000000000000000000, -0.5000000000000000000 ) ) ;
#2481 = AXIS2_PLACEMENT_3D ( 'NONE', #5437, #9008, #92 ) ;
#2482 = ORIENTED_EDGE ( 'NONE', *, *, #10737, .T. ) ;
#2483 = AXIS2_PLACEMENT_3D ( 'NONE', #3831, #9212, #10856 ) ;
#2484 = EDGE_CURVE ( 'NONE', #4649, #10311, #7973, .T. ) ;
#2485 = AXIS2_PLACEMENT_3D ( 'NONE', #2810, #6219, #8863 ) ;
#2486 = CARTESIAN_POINT ( 'NONE',  ( 7.181005668578280462E-17, -3.458190067500296149E-17, 0.5000000000000000000 ) ) ;
#2487 = EDGE_CURVE ( 'NONE', #35, #3807, #6037, .T. ) ;
#2488 = ORIENTED_EDGE ( 'NONE', *, *, #4614, .T. ) ;
#2489 = CARTESIAN_POINT ( 'NONE',  ( 3.300315535752635476, -3.230463181104189285, 0.4999999999999987232 ) ) ;
#2490 = SPHERICAL_SURFACE ( 'NONE', #6583, 1.815000000000000169 ) ;
#2491 = CARTESIAN_POINT ( 'NONE',  ( 4.324534009489084919E-16, 3.531249999999996003, -0.5832010266623212091 ) ) ;
#2492 = DIRECTION ( 'NONE',  ( -1.436201133715656092E-16, 6.916380135000592297E-17, -1.000000000000000000 ) ) ;
#2493 = AXIS2_PLACEMENT_3D ( 'NONE', #10485, #6036, #8916 ) ;
#2494 = AXIS2_PLACEMENT_3D ( 'NONE', #8423, #8243, #7371 ) ;
#2495 = CARTESIAN_POINT ( 'NONE',  ( -2.186983519523827191, 5.445315942405215104, -0.5000000000000000000 ) ) ;
#2496 = EDGE_CURVE ( 'NONE', #10820, #2095, #7088, .T. ) ;
#2497 = ORIENTED_EDGE ( 'NONE', *, *, #10980, .F. ) ;
#2498 = CIRCLE ( 'NONE', #3631, 6.968749999999999112 ) ;
#2499 = PLANE ( 'NONE',  #9235 ) ;
#2500 = CARTESIAN_POINT ( 'NONE',  ( 0.000000000000000000, 8.725608443924893111E-16, -2.250000000000001776 ) ) ;
#2501 = VECTOR ( 'NONE', #9836, 1000.000000000000000 ) ;
#2502 = AXIS2_PLACEMENT_3D ( 'NONE', #5406, #5463, #3752 ) ;
#2503 = DIRECTION ( 'NONE',  ( 7.970314984686170449E-17, 3.492023159033191614E-16, -1.000000000000000000 ) ) ;
#2504 = CARTESIAN_POINT ( 'NONE',  ( -1.785469052044889482, 5.576075549824572875, -1.670995310236613891E-17 ) ) ;
#2505 = CIRCLE ( 'NONE', #3674, 0.9074999999999994182 ) ;
#2506 = ORIENTED_EDGE ( 'NONE', *, *, #3915, .F. ) ;
#2507 = DIRECTION ( 'NONE',  ( 0.000000000000000000, 0.000000000000000000, 1.000000000000000000 ) ) ;
#2508 = DIRECTION ( 'NONE',  ( -1.000000000000000000, 0.000000000000000000, 0.000000000000000000 ) ) ;
#2510 = AXIS2_PLACEMENT_3D ( 'NONE', #6439, #3562, #855 ) ;
#2509 = DIRECTION ( 'NONE',  ( -0.2225209339563182231, 0.9749279121818227312, 1.790913520579321555E-16 ) ) ;
#2511 = CARTESIAN_POINT ( 'NONE',  ( 3.985157492343085224E-17, 1.746011579516595807E-16, -0.5000000000000000000 ) ) ;
#2512 = VERTEX_POINT ( 'NONE', #4509 ) ;
#2513 = CARTESIAN_POINT ( 'NONE',  ( -4.233624458649580369, -0.9662971557052545402, -1.571836107868757937 ) ) ;
#2514 = EDGE_CURVE ( 'NONE', #4319, #1959, #8085, .T. ) ;
#2515 = AXIS2_PLACEMENT_3D ( 'NONE', #9915, #5302, #6297 ) ;
#2516 = ORIENTED_EDGE ( 'NONE', *, *, #7479, .F. ) ;
#2517 = CARTESIAN_POINT ( 'NONE',  ( 7.181005668578199110E-17, 3.458190067500194460E-17, -0.5000000000000000000 ) ) ;
#2518 = CARTESIAN_POINT ( 'NONE',  ( -3.395103212617386568, 2.707504464571592440, -1.571836107868756827 ) ) ;
#2519 = VERTEX_POINT ( 'NONE', #11558 ) ;
#2520 = VERTEX_POINT ( 'NONE', #49 ) ;
#2521 = LOCAL_TIME ( 16, 18, 16.00000000000000000, #2162 ) ;
#2522 = CARTESIAN_POINT ( 'NONE',  ( 0.6462092322440239345, -6.024500704568890974, 0.4999999999999978351 ) ) ;
#2523 = DIRECTION ( 'NONE',  ( 7.970314984686170449E-17, 3.492023159033191614E-16, -1.000000000000000000 ) ) ;
#2524 = CARTESIAN_POINT ( 'NONE',  ( -1.030938487845655782, -5.763478472887639370, 0.4999999999999980571 ) ) ;
#2525 = CARTESIAN_POINT ( 'NONE',  ( -7.181005668578204041E-17, 5.250000000000000000, 0.5000000000000003331 ) ) ;
#2526 = ORIENTED_EDGE ( 'NONE', *, *, #2190, .T. ) ;
#2527 = DIRECTION ( 'NONE',  ( 0.6234898018587373691, -0.7818314824680266950, -2.233232632184254402E-16 ) ) ;
#2528 = VERTEX_POINT ( 'NONE', #9090 ) ;
#2529 = DIRECTION ( 'NONE',  ( -0.2225209339563193334, -0.9749279121818226201, -3.547123868636634904E-17 ) ) ;
#2530 = ADVANCED_FACE ( 'NONE', ( #9788 ), #1760, .T. ) ;
#2531 = ORIENTED_EDGE ( 'NONE', *, *, #7762, .T. ) ;
#2532 = DIRECTION ( 'NONE',  ( -0.1973384126673421168, -0.9803354277419202845, 0.000000000000000000 ) ) ;
#2533 = ORIENTED_EDGE ( 'NONE', *, *, #1887, .T. ) ;
#2534 = FACE_OUTER_BOUND ( 'NONE', #9048, .T. ) ;
#2535 = VERTEX_POINT ( 'NONE', #11611 ) ;
#2536 = CYLINDRICAL_SURFACE ( 'NONE', #4554, 3.140624999999995559 ) ;
#2537 = DIRECTION ( 'NONE',  ( 0.6234898018587320401, -0.7818314824680310249, 0.000000000000000000 ) ) ;
#2538 = DIRECTION ( 'NONE',  ( -0.6234898018587320401, 0.7818314824680309139, 1.481414429610370493E-16 ) ) ;
#2539 = VERTEX_POINT ( 'NONE', #3571 ) ;
#2540 = FACE_OUTER_BOUND ( 'NONE', #3658, .T. ) ;
#2541 = EDGE_CURVE ( 'NONE', #5898, #7476, #10527, .T. ) ;
#2542 = EDGE_CURVE ( 'NONE', #6035, #5162, #155, .T. ) ;
#2543 = ORIENTED_EDGE ( 'NONE', *, *, #3184, .T. ) ;
#2544 = EDGE_CURVE ( 'NONE', #9143, #1554, #3984, .T. ) ;
#2545 = CARTESIAN_POINT ( 'NONE',  ( 2.031718491611768762, 5.708267257411067774, -1.885160653978395162 ) ) ;
#2546 = ORIENTED_EDGE ( 'NONE', *, *, #4654, .F. ) ;
#2547 = CARTESIAN_POINT ( 'NONE',  ( -4.583390897398778030, 0.5661297392312389931, 1.571836107868755716 ) ) ;
#2548 = DIRECTION ( 'NONE',  ( 0.9749279121818210658, 0.2225209339563260502, 0.000000000000000000 ) ) ;
#2549 = CARTESIAN_POINT ( 'NONE',  ( 3.039264482721342642, 5.016949511708645559, 0.000000000000000000 ) ) ;
#2550 = CARTESIAN_POINT ( 'NONE',  ( 6.003118619259574018, -1.370172650836030126, 0.000000000000000000 ) ) ;
#2551 = CARTESIAN_POINT ( 'NONE',  ( 0.000000000000000000, -7.313365625000000314, 2.312499999999997335 ) ) ;
#2552 = ORIENTED_EDGE ( 'NONE', *, *, #4405, .F. ) ;
#2553 = CARTESIAN_POINT ( 'NONE',  ( -6.309435231926608267, 2.038964159748317684, -0.2500000000000008882 ) ) ;
#2554 = MANIFOLD_SOLID_BREP ( 'CirPattern2[3]', #886 ) ;
#2555 = DIRECTION ( 'NONE',  ( 0.9009688679024188129, 0.4338837391175587310, 1.594062996937211164E-16 ) ) ;
#2556 = DIRECTION ( 'NONE',  ( 7.970314984686170449E-17, 3.492023159033191614E-16, -1.000000000000000000 ) ) ;
#2557 = EDGE_CURVE ( 'NONE', #6355, #9190, #9776, .T. ) ;
#2558 = DIRECTION ( 'NONE',  ( -0.9749279121818227312, 0.2225209339563182231, 0.000000000000000000 ) ) ;
#2559 = ORIENTED_EDGE ( 'NONE', *, *, #7338, .T. ) ;
#2560 = FACE_OUTER_BOUND ( 'NONE', #8723, .T. ) ;
#2561 = CARTESIAN_POINT ( 'NONE',  ( 8.954567602896607774E-17, -1.122867261495178503E-16, 0.5000000000000000000 ) ) ;
#2562 = LINE ( 'NONE', #11486, #10362 ) ;
#2563 = LINE ( 'NONE', #6903, #406 ) ;
#2564 = VERTEX_POINT ( 'NONE', #277 ) ;
#2565 = CARTESIAN_POINT ( 'NONE',  ( -4.424204678916203726, -4.077726413178794473, -0.5000000000000018874 ) ) ;
#2566 = ORIENTED_EDGE ( 'NONE', *, *, #2590, .T. ) ;
#2567 = CARTESIAN_POINT ( 'NONE',  ( 0.000000000000000000, 4.342500000000001137, 1.571836107868756383 ) ) ;
#2568 = DIRECTION ( 'NONE',  ( -0.000000000000000000, -0.000000000000000000, -1.000000000000000000 ) ) ;
#2569 = VERTEX_POINT ( 'NONE', #3104 ) ;
#2570 = EDGE_CURVE ( 'NONE', #8564, #9013, #446, .T. ) ;
#2571 = VERTEX_POINT ( 'NONE', #10964 ) ;
#2572 = CARTESIAN_POINT ( 'NONE',  ( 0.000000000000000000, 6.019109190525244446E-17, 2.172334957055047422 ) ) ;
#2573 = CARTESIAN_POINT ( 'NONE',  ( 4.470037444215078537, -4.138337766436347209, -0.1313876030881655221 ) ) ;
#2574 = CARTESIAN_POINT ( 'NONE',  ( -0.4561072009509675174, -6.104956726839298575, -0.2500000000000001110 ) ) ;
#2575 = ADVANCED_FACE ( 'NONE', ( #4749 ), #1086, .F. ) ;
#2576 = DIRECTION ( 'NONE',  ( 0.9009688679024157043, -0.4338837391175652813, -5.472411708274670728E-17 ) ) ;
#2577 = EDGE_LOOP ( 'NONE', ( #11551, #449, #4963, #537 ) ) ;
#2578 = CARTESIAN_POINT ( 'NONE',  ( 5.708160737612342217, 1.302850439130148530, -0.2500000000000007216 ) ) ;
#2579 = EDGE_LOOP ( 'NONE', ( #7500, #4277, #5421, #4853, #11380, #6298 ) ) ;
#2580 = CARTESIAN_POINT ( 'NONE',  ( 0.4484599904916783397, -6.075027395718184842, 0.4669859836141802001 ) ) ;
#2581 = AXIS2_PLACEMENT_3D ( 'NONE', #8322, #325, #209 ) ;
#2582 = DIRECTION ( 'NONE',  ( 1.000000000000000000, 0.000000000000000000, 0.000000000000000000 ) ) ;
#2583 = ORIENTED_EDGE ( 'NONE', *, *, #7426, .T. ) ;
#2584 = CARTESIAN_POINT ( 'NONE',  ( 4.375126996066916796, 1.478593510159734281, -0.5000000000000003331 ) ) ;
#2585 = ORIENTED_EDGE ( 'NONE', *, *, #10401, .F. ) ;
#2586 = CARTESIAN_POINT ( 'NONE',  ( 3.893486730503328719, -2.925744017902425664, -0.5000000000000013323 ) ) ;
#2587 = ORIENTED_EDGE ( 'NONE', *, *, #7982, .T. ) ;
#2588 = DIRECTION ( 'NONE',  ( 1.436201133715639822E-16, 6.916380135000388919E-17, -1.000000000000000000 ) ) ;
#2589 = CARTESIAN_POINT ( 'NONE',  ( 9.644093543285408694E-16, 7.750000000000004441, -2.500000000000001332 ) ) ;
#2590 = EDGE_CURVE ( 'NONE', #827, #3801, #1342, .T. ) ;
#2591 = CARTESIAN_POINT ( 'NONE',  ( -3.049203027835176272, 4.998501474566262814, 0.3372078223964777299 ) ) ;
#2592 = EDGE_LOOP ( 'NONE', ( #11619, #2597, #5399, #7782, #9276, #10576, #1408, #2872 ) ) ;
#2593 = VECTOR ( 'NONE', #11544, 1000.000000000000000 ) ;
#2594 = FACE_OUTER_BOUND ( 'NONE', #223, .T. ) ;
#2595 = ORIENTED_EDGE ( 'NONE', *, *, #2465, .T. ) ;
#2596 = MANIFOLD_SOLID_BREP ( 'CirPattern2[1]', #2016 ) ;
#2597 = ORIENTED_EDGE ( 'NONE', *, *, #6183, .T. ) ;
#2598 = DIRECTION ( 'NONE',  ( 0.9749279121818227312, -0.2225209339563182231, -2.245734522990357007E-16 ) ) ;
#2599 = ADVANCED_FACE ( 'NONE', ( #2043 ), #11067, .F. ) ;
#2600 = VERTEX_POINT ( 'NONE', #8252 ) ;
#2601 = ADVANCED_FACE ( 'NONE', ( #8497 ), #3041, .F. ) ;
#2602 = B_SPLINE_CURVE_WITH_KNOTS ( 'NONE', 3,
 ( #2742, #6318, #2914, #5561 ),
 .UNSPECIFIED., .F., .F.,
 ( 4, 4 ),
 ( 2.062467659354411393E-07, 0.0005045763673072106497 ),
 .UNSPECIFIED. ) ;
#2603 = CARTESIAN_POINT ( 'NONE',  ( -2.415079429167877656, 3.936415418983388204, 0.4999999999999998890 ) ) ;
#2604 = CARTESIAN_POINT ( 'NONE',  ( 5.118371538954569644, -1.168234903270670699, -1.179010624569937576E-15 ) ) ;
#2605 = CARTESIAN_POINT ( 'NONE',  ( 2.231807111763035145, 5.667990052715531135, -0.1313876030881694079 ) ) ;
#2606 = ADVANCED_FACE ( 'NONE', ( #8324 ), #6553, .F. ) ;
#2607 =( BOUNDED_CURVE ( )  B_SPLINE_CURVE ( 3, ( #1015, #8176, #3548, #2609 ),
 .UNSPECIFIED., .F., .F. ) 
 B_SPLINE_CURVE_WITH_KNOTS ( ( 4, 4 ),
 ( 5.788846648639244918, 6.283185307179586232 ),
 .UNSPECIFIED. ) 
 CURVE ( )  GEOMETRIC_REPRESENTATION_ITEM ( )  RATIONAL_B_SPLINE_CURVE ( ( 1.000000000000000000, 0.9797392387487873222, 0.9797392387487873222, 1.000000000000000000 ) ) 
 REPRESENTATION_ITEM ( '' )  );
#2608 = CARTESIAN_POINT ( 'NONE',  ( 3.841731365911375207, -2.683292981260868348, -0.5000000000000013323 ) ) ;
#2609 = CARTESIAN_POINT ( 'NONE',  ( -5.850399315318000504, 1.803152313773409787, -0.2500000000000000555 ) ) ;
#2610 = ORIENTED_EDGE ( 'NONE', *, *, #10980, .T. ) ;
#2611 = DIRECTION ( 'NONE',  ( 0.000000000000000000, 0.000000000000000000, 1.000000000000000000 ) ) ;
#2612 = DIRECTION ( 'NONE',  ( 0.000000000000000000, 0.000000000000000000, 1.000000000000000000 ) ) ;
#2613 = DIRECTION ( 'NONE',  ( 0.000000000000000000, -1.000000000000000000, -1.763933479423782137E-16 ) ) ;
#2614 = DIRECTION ( 'NONE',  ( 0.000000000000000000, 0.000000000000000000, 1.000000000000000000 ) ) ;
#2615 = EDGE_LOOP ( 'NONE', ( #7638, #2635, #797, #6115, #196, #3736 ) ) ;
#2616 = CARTESIAN_POINT ( 'NONE',  ( 3.312417284811319362, 4.827878416493514457, 0.5000000000000000000 ) ) ;
#2617 = EDGE_CURVE ( 'NONE', #10446, #2922, #8099, .T. ) ;
#2618 = CIRCLE ( 'NONE', #9170, 1.815000000000000169 ) ;
#2619 = FACE_OUTER_BOUND ( 'NONE', #7193, .T. ) ;
#2620 = CARTESIAN_POINT ( 'NONE',  ( -3.694065029001870837, -4.048092428725587055, -1.708031869652254658E-15 ) ) ;
#2621 = DIRECTION ( 'NONE',  ( 1.436201133715639822E-16, 6.916380135000388919E-17, -1.000000000000000000 ) ) ;
#2622 = ORIENTED_EDGE ( 'NONE', *, *, #183, .F. ) ;
#2623 = ORIENTED_EDGE ( 'NONE', *, *, #10960, .F. ) ;
#2624 = DIRECTION ( 'NONE',  ( -0.4338837391175651703, -0.9009688679024157043, -3.492023159033191614E-16 ) ) ;
#2625 = AXIS2_PLACEMENT_3D ( 'NONE', #89, #8827, #2613 ) ;
#2626 = PLANE ( 'NONE',  #2897 ) ;
#2627 = EDGE_LOOP ( 'NONE', ( #7504, #4930, #9944, #1501 ) ) ;
#2628 = EDGE_CURVE ( 'NONE', #1484, #11079, #7339, .T. ) ;
#2629 = ORIENTED_EDGE ( 'NONE', *, *, #7517, .F. ) ;
#2630 = CARTESIAN_POINT ( 'NONE',  ( 0.000000000000000000, -5.249999999999998224, -1.831771092316944022E-15 ) ) ;
#2631 = CARTESIAN_POINT ( 'NONE',  ( 5.822922039428655161, 1.789036932132564983, 0.4669859836141805887 ) ) ;
#2632 = AXIS2_PLACEMENT_3D ( 'NONE', #7290, #8304, #3854 ) ;
#2633 = CARTESIAN_POINT ( 'NONE',  ( -3.246329667988665957, 4.872562155570525633, -0.1706127626411394482 ) ) ;
#2634 = AXIS2_PLACEMENT_3D ( 'NONE', #1055, #2066, #9924 ) ;
#2635 = ORIENTED_EDGE ( 'NONE', *, *, #10248, .T. ) ;
#2636 = CARTESIAN_POINT ( 'NONE',  ( -4.307239450811682246, -4.261441472619322823, -1.979745477316909197 ) ) ;
#2637 = ORIENTED_EDGE ( 'NONE', *, *, #8370, .F. ) ;
#2638 = ADVANCED_FACE ( 'NONE', ( #5689 ), #11014, .T. ) ;
#2639 = CARTESIAN_POINT ( 'NONE',  ( 5.833575934969735144, 0.4999100760163765478, 1.027403920737714492E-17 ) ) ;
#2640 = CARTESIAN_POINT ( 'NONE',  ( 1.761151572440916135, 4.342500000000001137, -0.5000000000000000000 ) ) ;
#2641 = AXIS2_PLACEMENT_3D ( 'NONE', #10082, #10422, #7774 ) ;
#2642 = ORIENTED_EDGE ( 'NONE', *, *, #8581, .T. ) ;
#2643 = CIRCLE ( 'NONE', #9198, 1.571836107868756383 ) ;
#2644 = DIRECTION ( 'NONE',  ( 0.000000000000000000, -1.000000000000000000, -1.228122814850837804E-16 ) ) ;
#2645 = ORIENTED_EDGE ( 'NONE', *, *, #2541, .T. ) ;
#2646 = CARTESIAN_POINT ( 'NONE',  ( -5.079122790470140814, -2.912564154226910951, -0.5000000000000014433 ) ) ;
#2647 = ORIENTED_EDGE ( 'NONE', *, *, #10267, .T. ) ;
#2649 = AXIS2_PLACEMENT_3D ( 'NONE', #5127, #760, #4295 ) ;
#2648 = DIRECTION ( 'NONE',  ( -0.4338837391175651703, -0.9009688679024157043, -3.492023159033191614E-16 ) ) ;
#2650 = LINE ( 'NONE', #9865, #6951 ) ;
#2651 = B_SPLINE_CURVE_WITH_KNOTS ( 'NONE', 3,
 ( #3453, #7028, #7723, #2391 ),
 .UNSPECIFIED., .F., .F.,
 ( 4, 4 ),
 ( 6.869062878319304067E-21, 0.0001590021523838003412 ),
 .UNSPECIFIED. ) ;
#2652 = DIRECTION ( 'NONE',  ( 7.970314984685941186E-17, -3.492023159033203447E-16, 1.000000000000000000 ) ) ;
#2653 = EDGE_LOOP ( 'NONE', ( #5784, #3982, #5214, #3228, #4432, #8339, #4109 ) ) ;
#2654 = DIRECTION ( 'NONE',  ( -1.000000000000000000, 0.000000000000000000, 0.000000000000000000 ) ) ;
#2655 = VECTOR ( 'NONE', #4561, 999.9999999999998863 ) ;
#2656 = ORIENTED_EDGE ( 'NONE', *, *, #11209, .T. ) ;
#2657 = VECTOR ( 'NONE', #5555, 1000.000000000000000 ) ;
#2658 = ADVANCED_FACE ( 'NONE', ( #2101 ), #11189, .T. ) ;
#2659 = ORIENTED_EDGE ( 'NONE', *, *, #2298, .T. ) ;
#2660 = CIRCLE ( 'NONE', #7702, 1.571836107868756383 ) ;
#2661 = EDGE_CURVE ( 'NONE', #5378, #861, #2106, .T. ) ;
#2662 = DIRECTION ( 'NONE',  ( -0.9749279121818257288, -0.2225209339563050948, 0.000000000000000000 ) ) ;
#2663 = ORIENTED_EDGE ( 'NONE', *, *, #10172, .F. ) ;
#2664 = AXIS2_PLACEMENT_3D ( 'NONE', #6705, #8526, #7688 ) ;
#2665 = DIRECTION ( 'NONE',  ( -0.2225209339563193334, -0.9749279121818226201, -3.547123868636634904E-17 ) ) ;
#2666 = PLANE ( 'NONE',  #6959 ) ;
#2667 = CARTESIAN_POINT ( 'NONE',  ( 2.238477577586310829, 4.325324856417220865, -1.000000000000000000 ) ) ;
#2668 = LINE ( 'NONE', #6248, #8841 ) ;
#2669 = AXIS2_PLACEMENT_3D ( 'NONE', #9600, #7026, #2437 ) ;
#2670 = CARTESIAN_POINT ( 'NONE',  ( 1.571836107868757049, 4.342500000000001137, 0.000000000000000000 ) ) ;
#2671 = VERTEX_POINT ( 'NONE', #8431 ) ;
#2672 = CIRCLE ( 'NONE', #8468, 1.830752539561562253 ) ;
#2673 = AXIS2_PLACEMENT_3D ( 'NONE', #6458, #2930, #1997 ) ;
#2674 = VECTOR ( 'NONE', #141, 1000.000000000000000 ) ;
#2675 = CARTESIAN_POINT ( 'NONE',  ( -0.4679647384833750534, -4.594451436628337326, 0.4999999999999985012 ) ) ;
#2676 = ADVANCED_FACE ( 'NONE', ( #381 ), #6503, .F. ) ;
#2677 = AXIS2_PLACEMENT_3D ( 'NONE', #2187, #5724, #4878 ) ;
#2678 = LINE ( 'NONE', #10645, #765 ) ;
#2679 = CARTESIAN_POINT ( 'NONE',  ( 4.909645099977416827, -3.234121254141895996, 0.000000000000000000 ) ) ;
#2680 = DIRECTION ( 'NONE',  ( 1.000000000000000000, 0.000000000000000000, 0.000000000000000000 ) ) ;
#2681 = VERTEX_POINT ( 'NONE', #10300 ) ;
#2682 = CARTESIAN_POINT ( 'NONE',  ( 0.000000000000000000, 0.000000000000000000, 0.000000000000000000 ) ) ;
#2683 = VECTOR ( 'NONE', #8599, 999.9999999999998863 ) ;
#2684 = AXIS2_PLACEMENT_3D ( 'NONE', #2380, #5961, #5076 ) ;
#2685 = DIRECTION ( 'NONE',  ( -2.759071806679814764E-16, 0.000000000000000000, 1.000000000000000000 ) ) ;
#2686 = CARTESIAN_POINT ( 'NONE',  ( 3.718771810570242753, -3.144829597896433793, -1.000000000000001332 ) ) ;
#2687 = CARTESIAN_POINT ( 'NONE',  ( -4.104615282957117195, 3.273321459758401719, -3.631099570875204645E-16 ) ) ;
#2688 = ORIENTED_EDGE ( 'NONE', *, *, #10097, .F. ) ;
#2689 = DIRECTION ( 'NONE',  ( -0.6234898018587320401, 0.7818314824680309139, 1.481414429610370493E-16 ) ) ;
#2690 = CIRCLE ( 'NONE', #1379, 0.9074999999999993072 ) ;
#2691 = ADVANCED_FACE ( 'NONE', ( #5862 ), #10903, .T. ) ;
#2692 = ORIENTED_EDGE ( 'NONE', *, *, #9034, .F. ) ;
#2693 = EDGE_CURVE ( 'NONE', #3834, #11162, #5491, .T. ) ;
#2694 = CC_DESIGN_PERSON_AND_ORGANIZATION_ASSIGNMENT ( #1268, #3981, ( #3840 ) ) ;
#2695 = CIRCLE ( 'NONE', #1947, 1.744770758581195569 ) ;
#2696 = CARTESIAN_POINT ( 'NONE',  ( -7.181005668578199110E-17, -3.458190067500194460E-17, 0.5000000000000000000 ) ) ;
#2697 = ADVANCED_FACE ( 'NONE', ( #6958 ), #549, .T. ) ;
#2698 = VECTOR ( 'NONE', #9171, 1000.000000000000000 ) ;
#2699 = DIRECTION ( 'NONE',  ( 1.000000000000000000, 0.000000000000000000, -0.000000000000000000 ) ) ;
#2700 = VECTOR ( 'NONE', #2154, 1000.000000000000000 ) ;
#2701 = ORIENTED_EDGE ( 'NONE', *, *, #4826, .T. ) ;
#2702 = DIRECTION ( 'NONE',  ( -7.970314984685941186E-17, 3.492023159033203447E-16, -1.000000000000000000 ) ) ;
#2703 = SPHERICAL_SURFACE ( 'NONE', #8465, 1.815000000000000169 ) ;
#2704 = AXIS2_PLACEMENT_3D ( 'NONE', #512, #5351, #2456 ) ;
#2705 = CIRCLE ( 'NONE', #1961, 5.854956726839295023 ) ;
#2706 = DIRECTION ( 'NONE',  ( 0.000000000000000000, -1.000000000000000000, -1.380874408737758741E-16 ) ) ;
#2707 = ORIENTED_EDGE ( 'NONE', *, *, #8806, .T. ) ;
#2708 = CARTESIAN_POINT ( 'NONE',  ( -3.863289285114959171, -4.399490217363446476, -0.5000000000000018874 ) ) ;
#2709 = VERTEX_POINT ( 'NONE', #623 ) ;
#2710 = AXIS2_PLACEMENT_3D ( 'NONE', #1257, #4844, #8420 ) ;
#2711 = ADVANCED_FACE ( 'NONE', ( #9484 ), #10426, .T. ) ;
#2712 = DIRECTION ( 'NONE',  ( 8.659560562354752899E-17, -0.7071067811865326957, -0.7071067811865623387 ) ) ;
#2713 = LINE ( 'NONE', #9856, #1386 ) ;
#2714 = AXIS2_PLACEMENT_3D ( 'NONE', #2805, #1036, #1934 ) ;
#2715 = ORIENTED_EDGE ( 'NONE', *, *, #805, .T. ) ;
#2716 = CIRCLE ( 'NONE', #3842, 5.854956726839295023 ) ;
#2717 = CARTESIAN_POINT ( 'NONE',  ( -4.233624458649579481, -0.9662971557052552063, 1.571836107868755494 ) ) ;
#2718 = VERTEX_POINT ( 'NONE', #11318 ) ;
#2719 = CARTESIAN_POINT ( 'NONE',  ( 1.884140137117972680, -3.912457308866267969, -1.516411056810168482E-15 ) ) ;
#2721 = EDGE_CURVE ( 'NONE', #9281, #10110, #2338, .T. ) ;
#2720 = VERTEX_POINT ( 'NONE', #3282 ) ;
#2722 = CARTESIAN_POINT ( 'NONE',  ( 2.014329346541046117, 5.528461809944925420, -0.2500000000000000000 ) ) ;
#2723 = DIRECTION ( 'NONE',  ( 0.000000000000000000, 0.000000000000000000, 1.000000000000000000 ) ) ;
#2724 = CARTESIAN_POINT ( 'NONE',  ( 0.000000000000000000, 0.000000000000000000, 0.000000000000000000 ) ) ;
#2725 = ORIENTED_EDGE ( 'NONE', *, *, #1131, .T. ) ;
#2726 = SPHERICAL_SURFACE ( 'NONE', #4927, 1.815000000000000169 ) ;
#2727 = ORIENTED_EDGE ( 'NONE', *, *, #11437, .F. ) ;
#2728 = VERTEX_POINT ( 'NONE', #4150 ) ;
#2729 = CYLINDRICAL_SURFACE ( 'NONE', #6750, 4.618222060490380088 ) ;
#2730 = ORIENTED_EDGE ( 'NONE', *, *, #4677, .F. ) ;
#2731 = DIRECTION ( 'NONE',  ( -0.7818314824680310249, -0.6234898018587320401, 0.000000000000000000 ) ) ;
#2732 = EDGE_CURVE ( 'NONE', #3666, #4570, #10339, .T. ) ;
#2733 = DIRECTION ( 'NONE',  ( -0.4338837391175517921, 0.9009688679024220326, 2.800385145533142492E-16 ) ) ;
#2734 = DIRECTION ( 'NONE',  ( -0.4338837391175663916, -0.9009688679024151492, -2.800385145533129180E-16 ) ) ;
#2735 = CARTESIAN_POINT ( 'NONE',  ( -4.214864141736369696, -4.079440067664955372, 0.1690706089109083876 ) ) ;
#2736 = DIRECTION ( 'NONE',  ( 0.000000000000000000, 0.000000000000000000, 1.000000000000000000 ) ) ;
#2737 = VERTEX_POINT ( 'NONE', #11372 ) ;
#2738 = LINE ( 'NONE', #9701, #9063 ) ;
#2739 = LINE ( 'NONE', #10588, #5089 ) ;
#2740 = CARTESIAN_POINT ( 'NONE',  ( 7.181005668578199110E-17, 3.458190067500194460E-17, -0.5000000000000000000 ) ) ;
#2741 = ORIENTED_EDGE ( 'NONE', *, *, #10564, .F. ) ;
#2742 = CARTESIAN_POINT ( 'NONE',  ( -5.536652604613572670, 1.904204875791060569, 0.4999999999999994449 ) ) ;
#2743 = LINE ( 'NONE', #1914, #2593 ) ;
#2744 = DIRECTION ( 'NONE',  ( 1.790913520579321555E-16, -2.245734522990357007E-16, 1.000000000000000000 ) ) ;
#2745 = EDGE_CURVE ( 'NONE', #10364, #3863, #215, .T. ) ;
#2746 = ORIENTED_EDGE ( 'NONE', *, *, #4324, .T. ) ;
#2747 = DIRECTION ( 'NONE',  ( -0.4338837391175663916, -0.9009688679024151492, -2.800385145533129180E-16 ) ) ;
#2748 = ORIENTED_EDGE ( 'NONE', *, *, #6254, .F. ) ;
#2749 = DIRECTION ( 'NONE',  ( 1.436201133715639822E-16, 6.916380135000388919E-17, -1.000000000000000000 ) ) ;
#2750 = DIRECTION ( 'NONE',  ( 0.000000000000000000, 0.000000000000000000, 1.000000000000000000 ) ) ;
#2751 = EDGE_CURVE ( 'NONE', #5502, #9918, #2563, .T. ) ;
#2752 = ORIENTED_EDGE ( 'NONE', *, *, #1262, .F. ) ;
#2753 = ADVANCED_FACE ( 'NONE', ( #6856 ), #4092, .F. ) ;
#2754 = FACE_OUTER_BOUND ( 'NONE', #5308, .T. ) ;
#2755 = DIRECTION ( 'NONE',  ( -1.790913520579321555E-16, 2.245734522990357007E-16, -1.000000000000000000 ) ) ;
#2756 = CARTESIAN_POINT ( 'NONE',  ( 4.583390897398785135, 0.5661297392311771537, 0.000000000000000000 ) ) ;
#2757 = EDGE_CURVE ( 'NONE', #4370, #1757, #5159, .T. ) ;
#2758 = CARTESIAN_POINT ( 'NONE',  ( 0.3922299760606360874, -5.854956726839292358, -0.5000000000000021094 ) ) ;
#2759 = ORIENTED_EDGE ( 'NONE', *, *, #8734, .T. ) ;
#2760 = CARTESIAN_POINT ( 'NONE',  ( 0.000000000000000000, 0.000000000000000000, 2.500000000000000000 ) ) ;
#2761 = VERTEX_POINT ( 'NONE', #7720 ) ;
#2762 = CARTESIAN_POINT ( 'NONE',  ( -5.472773158956988127, 2.080690323849431422, 1.027403880348036144E-17 ) ) ;
#2763 = DIRECTION ( 'NONE',  ( -7.970314984685941186E-17, 3.492023159033203447E-16, -1.000000000000000000 ) ) ;
#2764 = EDGE_LOOP ( 'NONE', ( #2929, #1704, #2064, #4038 ) ) ;
#2765 = VERTEX_POINT ( 'NONE', #9536 ) ;
#2766 = CARTESIAN_POINT ( 'NONE',  ( 4.104615282957162492, 3.273321459758343543, 0.000000000000000000 ) ) ;
#2767 = VERTEX_POINT ( 'NONE', #1497 ) ;
#2768 = ADVANCED_FACE ( 'NONE', ( #9428 ), #5086, .T. ) ;
#2769 = DIRECTION ( 'NONE',  ( -0.6234898018587311519, 0.7818314824680316910, 0.000000000000000000 ) ) ;
#2770 = CARTESIAN_POINT ( 'NONE',  ( -2.415079429167878100, 3.936415418983388204, 1.571836107868756383 ) ) ;
#2771 = ORIENTED_EDGE ( 'NONE', *, *, #5064, .F. ) ;
#2772 = DIRECTION ( 'NONE',  ( -7.970314984685944884E-17, -3.492023159033203447E-16, 1.000000000000000000 ) ) ;
#2773 = ORIENTED_EDGE ( 'NONE', *, *, #874, .T. ) ;
#2774 = VERTEX_POINT ( 'NONE', #6020 ) ;
#2775 = EDGE_CURVE ( 'NONE', #8597, #3993, #39, .T. ) ;
#2776 = DIRECTION ( 'NONE',  ( -0.6234898018587431423, -0.7818314824680221431, -1.481414429610370493E-16 ) ) ;
#2777 = ORIENTED_EDGE ( 'NONE', *, *, #4627, .T. ) ;
#2778 = AXIS2_PLACEMENT_3D ( 'NONE', #2209, #443, #5796 ) ;
#2779 = SPHERICAL_SURFACE ( 'NONE', #3403, 1.815000000000000169 ) ;
#2780 = DIRECTION ( 'NONE',  ( 0.000000000000000000, -1.000000000000000000, -1.228122814850838297E-16 ) ) ;
#2781 = FACE_OUTER_BOUND ( 'NONE', #6473, .T. ) ;
#2782 = ORIENTED_EDGE ( 'NONE', *, *, #1078, .F. ) ;
#2783 = EDGE_CURVE ( 'NONE', #8365, #4840, #677, .T. ) ;
#2784 = DIRECTION ( 'NONE',  ( 0.000000000000000000, -1.000000000000000000, 0.000000000000000000 ) ) ;
#2785 = MANIFOLD_SOLID_BREP ( 'CirPattern2[5]', #11192 ) ;
#2786 = CARTESIAN_POINT ( 'NONE',  ( 0.000000000000000000, 5.250000000000000000, 0.000000000000000000 ) ) ;
#2787 = CARTESIAN_POINT ( 'NONE',  ( 0.000000000000000000, 9.184850993605153861E-16, -2.500000000000002665 ) ) ;
#2788 = PLANE ( 'NONE',  #8823 ) ;
#2789 = VERTEX_POINT ( 'NONE', #4975 ) ;
#2790 = CARTESIAN_POINT ( 'NONE',  ( 0.000000000000000000, 0.000000000000000000, 0.000000000000000000 ) ) ;
#2791 = CARTESIAN_POINT ( 'NONE',  ( -6.003118619259592670, -1.370172650835948414, -1.382811032531297162E-15 ) ) ;
#2792 = SPHERICAL_SURFACE ( 'NONE', #2112, 1.815000000000000169 ) ;
#2793 = B_SPLINE_CURVE_WITH_KNOTS ( 'NONE', 3,
 ( #1834, #8167, #9982, #8278, #7398, #2943 ),
 .UNSPECIFIED., .F., .F.,
 ( 4, 2, 4 ),
 ( 0.000000000000000000, 0.0001489814068954684251, 0.0002979628137909368503 ),
 .UNSPECIFIED. ) ;
#2794 = ORIENTED_EDGE ( 'NONE', *, *, #11443, .T. ) ;
#2795 = LINE ( 'NONE', #5510, #9249 ) ;
#2796 = ORIENTED_EDGE ( 'NONE', *, *, #5052, .F. ) ;
#2797 = EDGE_CURVE ( 'NONE', #11016, #10987, #1624, .T. ) ;
#2798 = CARTESIAN_POINT ( 'NONE',  ( -4.194718638844107339, -4.084972266584773415, -0.3369498210078569755 ) ) ;
#2799 = DIRECTION ( 'NONE',  ( 1.000000000000000000, -1.613038142425416333E-14, 0.000000000000000000 ) ) ;
#2800 = EDGE_CURVE ( 'NONE', #10277, #655, #727, .T. ) ;
#2801 = ORIENTED_EDGE ( 'NONE', *, *, #1600, .T. ) ;
#2802 = DIRECTION ( 'NONE',  ( 0.000000000000000000, 0.000000000000000000, 1.000000000000000000 ) ) ;
#2803 = CARTESIAN_POINT ( 'NONE',  ( -5.822922039428680030, 1.789036932132484159, -1.701502775549881719 ) ) ;
#2804 = CARTESIAN_POINT ( 'NONE',  ( 0.000000000000000000, 5.250000000000000000, -0.5000000000000000000 ) ) ;
#2805 = CARTESIAN_POINT ( 'NONE',  ( -3.985157492343085224E-17, -1.746011579516595807E-16, 0.5000000000000000000 ) ) ;
#2806 = VERTEX_POINT ( 'NONE', #10596 ) ;
#2807 = DIRECTION ( 'NONE',  ( 7.970314984686167984E-17, -3.492023159033190628E-16, 1.000000000000000000 ) ) ;
#2808 = EDGE_LOOP ( 'NONE', ( #8999, #2200, #4045, #7058, #6378, #11070, #4397 ) ) ;
#2809 = AXIS2_PLACEMENT_3D ( 'NONE', #1617, #9762, #4442 ) ;
#2810 = CARTESIAN_POINT ( 'NONE',  ( -4.104615282957117195, 3.273321459758401719, 0.000000000000000000 ) ) ;
#2811 = LINE ( 'NONE', #9798, #2885 ) ;
#2812 = ADVANCED_FACE ( 'NONE', ( #11244 ), #6794, .T. ) ;
#2813 = ORIENTED_EDGE ( 'NONE', *, *, #8154, .F. ) ;
#2814 = CARTESIAN_POINT ( 'NONE',  ( 3.185518394845689105, 5.452077311297376383, -1.000000000000000000 ) ) ;
#2815 = ORIENTED_EDGE ( 'NONE', *, *, #8925, .T. ) ;
#2816 = CARTESIAN_POINT ( 'NONE',  ( 0.4679647384833096613, -4.594451436628344432, 0.4999999999999983902 ) ) ;
#2817 = CIRCLE ( 'NONE', #1116, 5.854956726839295023 ) ;
#2818 = VECTOR ( 'NONE', #6173, 1000.000000000000114 ) ;
#2819 = ORIENTED_EDGE ( 'NONE', *, *, #1414, .F. ) ;
#2820 = CARTESIAN_POINT ( 'NONE',  ( 1.884140137117972680, -3.912457308866267969, -1.516411056810168482E-15 ) ) ;
#2821 = CARTESIAN_POINT ( 'NONE',  ( 1.884140137117972680, -3.912457308866267969, 0.4999999999999985012 ) ) ;
#2822 = CARTESIAN_POINT ( 'NONE',  ( 0.8107164786651840371, -5.798556463843516973, 1.027403920737714492E-17 ) ) ;
#2823 = ORIENTED_EDGE ( 'NONE', *, *, #4831, .T. ) ;
#2824 = ORIENTED_EDGE ( 'NONE', *, *, #8645, .T. ) ;
#2825 = EDGE_CURVE ( 'NONE', #1089, #3210, #6600, .T. ) ;
#2826 = ORIENTED_EDGE ( 'NONE', *, *, #1861, .F. ) ;
#2827 = AXIS2_PLACEMENT_3D ( 'NONE', #7986, #5180, #8798 ) ;
#2828 = EDGE_CURVE ( 'NONE', #4070, #2960, #32, .T. ) ;
#2829 = AXIS2_PLACEMENT_3D ( 'NONE', #4181, #697, #753 ) ;
#2830 = ADVANCED_FACE ( 'NONE', ( #3896 ), #7710, .T. ) ;
#2831 = CIRCLE ( 'NONE', #3962, 1.571836107868756383 ) ;
#2832 = DIRECTION ( 'NONE',  ( -1.436201133715656092E-16, 6.916380135000592297E-17, -1.000000000000000000 ) ) ;
#2833 = EDGE_LOOP ( 'NONE', ( #491, #7453, #3526, #6090, #5703, #2378 ) ) ;
#2834 = DIRECTION ( 'NONE',  ( -0.9009688679024157043, 0.4338837391175651703, 2.021678297615970252E-16 ) ) ;
#2835 = CARTESIAN_POINT ( 'NONE',  ( 0.000000000000000000, 5.250000000000000000, 0.5000000000000000000 ) ) ;
#2836 = AXIS2_PLACEMENT_3D ( 'NONE', #5783, #9294, #1301 ) ;
#2837 = AXIS2_PLACEMENT_3D ( 'NONE', #2500, #1489, #11365 ) ;
#2838 = LINE ( 'NONE', #11535, #1917 ) ;
#2839 = VECTOR ( 'NONE', #810, 1000.000000000000227 ) ;
#2840 = VERTEX_POINT ( 'NONE', #966 ) ;
#2841 = ADVANCED_FACE ( 'NONE', ( #10653 ), #11039, .T. ) ;
#2842 = CARTESIAN_POINT ( 'NONE',  ( -5.708160737612362645, 1.302850439130068816, 0.000000000000000000 ) ) ;
#2843 = VECTOR ( 'NONE', #4118, 1000.000000000000000 ) ;
#2844 = CIRCLE ( 'NONE', #8470, 1.815000000000000169 ) ;
#2845 = CARTESIAN_POINT ( 'NONE',  ( 3.268783863109669952, 4.857815396626699922, 0.3377898998920297324 ) ) ;
#2846 = AXIS2_PLACEMENT_3D ( 'NONE', #1845, #840, #4436 ) ;
#2847 = ORIENTED_EDGE ( 'NONE', *, *, #1233, .T. ) ;
#2848 = FACE_OUTER_BOUND ( 'NONE', #2579, .T. ) ;
#2849 = TOROIDAL_SURFACE ( 'NONE', #3802, 2.687500000000000000, 0.1875000000000000000 ) ;
#2850 = DIRECTION ( 'NONE',  ( -0.2225209339563182231, -0.9749279121818227312, -2.329518370037001258E-16 ) ) ;
#2851 = EDGE_LOOP ( 'NONE', ( #9323, #9916, #6052, #4859 ) ) ;
#2852 = DIRECTION ( 'NONE',  ( -1.790913520579326978E-16, -2.245734522990332355E-16, 1.000000000000000000 ) ) ;
#2853 = DIRECTION ( 'NONE',  ( 1.000000000000000000, 0.000000000000000000, 0.000000000000000000 ) ) ;
#2854 = ADVANCED_FACE ( 'NONE', ( #908 ), #11468, .T. ) ;
#2855 = B_SPLINE_CURVE_WITH_KNOTS ( 'NONE', 3,
 ( #3085, #1422, #10225, #4072, #9396, #7633 ),
 .UNSPECIFIED., .F., .F.,
 ( 4, 2, 4 ),
 ( 0.000000000000000000, 0.0001489814068954685065, 0.0002979628137909370129 ),
 .UNSPECIFIED. ) ;
#2856 = CIRCLE ( 'NONE', #2483, 4.618222060490380088 ) ;
#2857 = AXIS2_PLACEMENT_3D ( 'NONE', #7093, #7979, #9905 ) ;
#2858 = ORIENTED_EDGE ( 'NONE', *, *, #2086, .T. ) ;
#2859 = DIRECTION ( 'NONE',  ( 0.9749279121818228422, -0.2225209339563181954, 0.000000000000000000 ) ) ;
#2860 = VERTEX_POINT ( 'NONE', #1915 ) ;
#2861 = AXIS2_PLACEMENT_3D ( 'NONE', #2480, #7860, #2654 ) ;
#2862 = CARTESIAN_POINT ( 'NONE',  ( 2.415079429167935388, 3.936415418983352676, -3.003438073624007870E-16 ) ) ;
#2863 = CARTESIAN_POINT ( 'NONE',  ( 5.527994894309682827, -3.661641740954598490, 0.09181046656276513340 ) ) ;
#2864 = CIRCLE ( 'NONE', #9053, 4.618222060490380088 ) ;
#2865 = AXIS2_PLACEMENT_3D ( 'NONE', #3751, #3988, #10969 ) ;
#2866 = ORIENTED_EDGE ( 'NONE', *, *, #11483, .F. ) ;
#2867 = ADVANCED_FACE ( 'NONE', ( #5334 ), #2849, .T. ) ;
#2869 = AXIS2_PLACEMENT_3D ( 'NONE', #2760, #9025, #6332 ) ;
#2868 = CARTESIAN_POINT ( 'NONE',  ( 4.028020539654735721, -4.249184487084583850, 1.027403961127392839E-17 ) ) ;
#2870 = DIRECTION ( 'NONE',  ( 0.7818314824680354658, -0.6234898018587264890, 0.000000000000000000 ) ) ;
#2871 = CARTESIAN_POINT ( 'NONE',  ( 0.000000000000000000, 0.000000000000000000, 0.000000000000000000 ) ) ;
#2872 = ORIENTED_EDGE ( 'NONE', *, *, #11278, .T. ) ;
#2873 = DIRECTION ( 'NONE',  ( -0.1973384126673424499, -0.9803354277419201734, 0.000000000000000000 ) ) ;
#2874 = VECTOR ( 'NONE', #8403, 1000.000000000000000 ) ;
#2875 = ORIENTED_EDGE ( 'NONE', *, *, #4208, .T. ) ;
#2876 = VECTOR ( 'NONE', #3440, 1000.000000000000114 ) ;
#2877 = DIRECTION ( 'NONE',  ( 0.000000000000000000, -5.518143613359629527E-16, 1.000000000000000000 ) ) ;
#2878 = CIRCLE ( 'NONE', #8314, 1.830752539561562253 ) ;
#2879 = FACE_OUTER_BOUND ( 'NONE', #10911, .T. ) ;
#2880 = ORIENTED_EDGE ( 'NONE', *, *, #11211, .T. ) ;
#2881 = LINE ( 'NONE', #9036, #4496 ) ;
#2882 = ORIENTED_EDGE ( 'NONE', *, *, #1987, .T. ) ;
#2883 = CARTESIAN_POINT ( 'NONE',  ( -2.893757514501245964, 5.104951525190888795, -1.000000000000000000 ) ) ;
#2884 = AXIS2_PLACEMENT_3D ( 'NONE', #9980, #4817, #6571 ) ;
#2885 = VECTOR ( 'NONE', #2763, 1000.000000000000000 ) ;
#2886 = ORIENTED_EDGE ( 'NONE', *, *, #10310, .F. ) ;
#2887 = DIRECTION ( 'NONE',  ( 0.000000000000000000, 0.000000000000000000, 1.000000000000000000 ) ) ;
#2888 = CARTESIAN_POINT ( 'NONE',  ( 4.333038107473884182, -3.957163553160310432, -1.000000000000001776 ) ) ;
#2889 = CARTESIAN_POINT ( 'NONE',  ( 4.714988052979748545, 1.219878944467673643, -1.000000000000000666 ) ) ;
#2890 = ORIENTED_EDGE ( 'NONE', *, *, #10724, .F. ) ;
#2891 =( BOUNDED_CURVE ( )  B_SPLINE_CURVE ( 3, ( #11436, #9722, #8617, #11338 ),
 .UNSPECIFIED., .F., .F. ) 
 B_SPLINE_CURVE_WITH_KNOTS ( ( 4, 4 ),
 ( 3.141592653589790896, 4.712388980384689674 ),
 .UNSPECIFIED. ) 
 CURVE ( )  GEOMETRIC_REPRESENTATION_ITEM ( )  RATIONAL_B_SPLINE_CURVE ( ( 1.000000000000000000, 0.8047378541243644934, 0.8047378541243644934, 1.000000000000000000 ) ) 
 REPRESENTATION_ITEM ( '' )  );
#2892 = CARTESIAN_POINT ( 'NONE',  ( 3.059779840274899687, 5.302478452986588486, -0.2083800311308717512 ) ) ;
#2893 = CIRCLE ( 'NONE', #804, 7.375803124999999127 ) ;
#2894 = ORIENTED_EDGE ( 'NONE', *, *, #2329, .F. ) ;
#2895 = ADVANCED_FACE ( 'NONE', ( #853 ), #4621, .T. ) ;
#2896 = CC_DESIGN_SECURITY_CLASSIFICATION ( #8325, ( #3840 ) ) ;
#2897 = AXIS2_PLACEMENT_3D ( 'NONE', #4628, #10601, #7032 ) ;
#2898 = CARTESIAN_POINT ( 'NONE',  ( 5.113049183153902000, -3.250988028559576470, 0.000000000000000000 ) ) ;
#2899 = ORIENTED_EDGE ( 'NONE', *, *, #5552, .T. ) ;
#2900 = SPHERICAL_SURFACE ( 'NONE', #2476, 1.815000000000000169 ) ;
#2901 = EDGE_CURVE ( 'NONE', #7261, #2737, #10540, .T. ) ;
#2902 = DIRECTION ( 'NONE',  ( -0.000000000000000000, -0.000000000000000000, -1.000000000000000000 ) ) ;
#2903 = EDGE_CURVE ( 'NONE', #739, #4758, #7172, .T. ) ;
#2904 = CARTESIAN_POINT ( 'NONE',  ( -5.558971277141360190, 1.838030634423176712, 1.027153425530326250E-16 ) ) ;
#2905 = ADVANCED_FACE ( 'NONE', ( #10829 ), #2792, .T. ) ;
#2906 = CYLINDRICAL_SURFACE ( 'NONE', #5101, 5.854956726839295023 ) ;
#2907 = EDGE_LOOP ( 'NONE', ( #4751, #338, #10916, #7991 ) ) ;
#2908 = CYLINDRICAL_SURFACE ( 'NONE', #1375, 0.2041022026635771758 ) ;
#2909 = LINE ( 'NONE', #1196, #2657 ) ;
#2910 = ORIENTED_EDGE ( 'NONE', *, *, #5020, .T. ) ;
#2911 = DIRECTION ( 'NONE',  ( 1.790913520579326978E-16, 2.245734522990332355E-16, -1.000000000000000000 ) ) ;
#2912 = CARTESIAN_POINT ( 'NONE',  ( 5.833575934969735144, 0.4999100760163765478, 1.027403920737714492E-17 ) ) ;
#2913 = ORIENTED_EDGE ( 'NONE', *, *, #8128, .T. ) ;
#2914 = CARTESIAN_POINT ( 'NONE',  ( -5.567464084170079985, 1.846687485712732224, 0.1691178122529085892 ) ) ;
#2915 = CARTESIAN_POINT ( 'NONE',  ( 5.848381429644155638, 0.2774039050808433937, 0.4999999999999991673 ) ) ;
#2916 = ORIENTED_EDGE ( 'NONE', *, *, #3837, .T. ) ;
#2917 = DIRECTION ( 'NONE',  ( 1.436201133715656092E-16, -6.916380135000592297E-17, 1.000000000000000000 ) ) ;
#2918 = EDGE_LOOP ( 'NONE', ( #6305, #9854, #1449, #700, #10609, #4598, #1942 ) ) ;
#2919 = DIRECTION ( 'NONE',  ( -0.000000000000000000, -1.836970198721029688E-16, 1.000000000000000000 ) ) ;
#2920 = EDGE_CURVE ( 'NONE', #11337, #3974, #6268, .T. ) ;
#2921 = DIRECTION ( 'NONE',  ( 0.7818314824680261399, 0.6234898018587380353, 2.800385145533149887E-16 ) ) ;
#2922 = VERTEX_POINT ( 'NONE', #8957 ) ;
#2923 = DIRECTION ( 'NONE',  ( 0.000000000000000000, -2.122418608454495059E-16, 1.000000000000000000 ) ) ;
#2924 = DIRECTION ( 'NONE',  ( 0.9996682996984991298, -0.02575442831653756981, -1.453537487006249748E-16 ) ) ;
#2925 = CARTESIAN_POINT ( 'NONE',  ( 0.000000000000000000, 9.146619051344268372E-16, -2.479187500000000988 ) ) ;
#2926 = LINE ( 'NONE', #3871, #10012 ) ;
#2927 = ORIENTED_EDGE ( 'NONE', *, *, #8682, .F. ) ;
#2928 = DIRECTION ( 'NONE',  ( 0.2225209339563182231, 0.9749279121818227312, 1.790913520579321555E-16 ) ) ;
#2929 = ORIENTED_EDGE ( 'NONE', *, *, #8386, .F. ) ;
#2930 = DIRECTION ( 'NONE',  ( 0.000000000000000000, 0.000000000000000000, 1.000000000000000000 ) ) ;
#2931 = EDGE_CURVE ( 'NONE', #7776, #7136, #8292, .T. ) ;
#2932 = DIRECTION ( 'NONE',  ( 0.2225209339563050392, -0.9749279121818257288, -1.851768037012963116E-16 ) ) ;
#2933 = ORIENTED_EDGE ( 'NONE', *, *, #4263, .F. ) ;
#2934 = CARTESIAN_POINT ( 'NONE',  ( 0.000000000000000000, 0.000000000000000000, 0.000000000000000000 ) ) ;
#2935 = ORIENTED_EDGE ( 'NONE', *, *, #8930, .F. ) ;
#2936 = DIRECTION ( 'NONE',  ( -0.000000000000000000, 1.000000000000000000, -0.000000000000000000 ) ) ;
#2937 = PLANE ( 'NONE',  #3979 ) ;
#2938 = ORIENTED_EDGE ( 'NONE', *, *, #5968, .T. ) ;
#2939 = CARTESIAN_POINT ( 'NONE',  ( 0.000000000000000000, 4.342500000000001137, 0.000000000000000000 ) ) ;
#2940 = CARTESIAN_POINT ( 'NONE',  ( 0.000000000000000000, 7.313365625000001202, -2.312500000000000000 ) ) ;
#2941 = DIRECTION ( 'NONE',  ( -0.2225209339563050392, 0.9749279121818257288, 1.790913520579326978E-16 ) ) ;
#2942 = VERTEX_POINT ( 'NONE', #9080 ) ;
#2943 = CARTESIAN_POINT ( 'NONE',  ( 3.039904091628594429, 5.278831057677257022, -0.1313876030881679091 ) ) ;
#2944 = EDGE_LOOP ( 'NONE', ( #6174, #394, #10246, #5810, #3338, #8193, #4067, #8748, #1583, #5885, #2595, #737 ) ) ;
#2945 = EDGE_CURVE ( 'NONE', #1112, #6561, #6140, .T. ) ;
#2946 = DIRECTION ( 'NONE',  ( 0.9009688679024218105, 0.4338837391175526248, 7.970314984685939954E-17 ) ) ;
#2947 = VERTEX_POINT ( 'NONE', #5262 ) ;
#2948 = EDGE_CURVE ( 'NONE', #2765, #6907, #8835, .T. ) ;
#2949 = DIRECTION ( 'NONE',  ( 1.000000000000000000, 0.000000000000000000, 0.000000000000000000 ) ) ;
#2950 = CARTESIAN_POINT ( 'NONE',  ( -5.850399315318000504, 1.803152313773409787, -0.2500000000000000555 ) ) ;
#2951 = CARTESIAN_POINT ( 'NONE',  ( -3.893486730503289639, -2.925744017902478067, -0.5000000000000013323 ) ) ;
#2952 = CLOSED_SHELL ( 'NONE', ( #5592, #6733, #9070, #1289, #2895, #1643, #9345, #6235, #171, #5297, #857, #7420, #951, #10415, #6616, #6986, #2973, #9806, #2315, #10891, #7654, #9289, #3617, #576, #2830, #2867 ) ) ;
#2953 = B_SPLINE_CURVE_WITH_KNOTS ( 'NONE', 3,
 ( #6876, #10447, #3584, #8927 ),
 .UNSPECIFIED., .F., .F.,
 ( 4, 4 ),
 ( 0.0005048269569637943346, 0.001006091645347109926 ),
 .UNSPECIFIED. ) ;
#2954 = DIRECTION ( 'NONE',  ( 0.4338837391175526248, -0.9009688679024218105, -3.492023159033202461E-16 ) ) ;
#2955 = ORIENTED_EDGE ( 'NONE', *, *, #6568, .T. ) ;
#2956 = ADVANCED_FACE ( 'NONE', ( #11546 ), #7755, .F. ) ;
#2957 = DIRECTION ( 'NONE',  ( -0.2225209339563178901, -0.9749279121818228422, -1.790913520579322541E-16 ) ) ;
#2958 = EDGE_CURVE ( 'NONE', #9281, #8913, #4179, .T. ) ;
#2959 = VECTOR ( 'NONE', #5105, 1000.000000000000114 ) ;
#2960 = VERTEX_POINT ( 'NONE', #11106 ) ;
#2961 = B_SPLINE_CURVE_WITH_KNOTS ( 'NONE', 3,
 ( #11572, #6879, #8701, #11450, #3415, #4424 ),
 .UNSPECIFIED., .F., .F.,
 ( 4, 2, 4 ),
 ( 2.710505431213761085E-20, 0.0001488170499983731260, 0.0002976340999967461978 ),
 .UNSPECIFIED. ) ;
#2962 = EDGE_CURVE ( 'NONE', #7108, #1494, #8669, .T. ) ;
#2963 = CARTESIAN_POINT ( 'NONE',  ( -4.799931324454228765, -4.574604580850460955, -0.2500000000000021649 ) ) ;
#2964 = DIRECTION ( 'NONE',  ( 0.000000000000000000, 0.000000000000000000, 1.000000000000000000 ) ) ;
#2965 = VERTEX_POINT ( 'NONE', #525 ) ;
#2966 = DIRECTION ( 'NONE',  ( 0.7818314824680310249, 0.6234898018587320401, -6.916380135000592297E-17 ) ) ;
#2967 = CARTESIAN_POINT ( 'NONE',  ( -3.059779840274896578, 5.302478452986589375, -0.2500000000000000000 ) ) ;
#2968 = ORIENTED_EDGE ( 'NONE', *, *, #2751, .T. ) ;
#2969 = CARTESIAN_POINT ( 'NONE',  ( 0.000000000000000000, 0.000000000000000000, 0.5000000000000000000 ) ) ;
#2970 = ORIENTED_EDGE ( 'NONE', *, *, #4049, .T. ) ;
#2971 = EDGE_CURVE ( 'NONE', #2671, #5369, #11588, .T. ) ;
#2972 = PLANE ( 'NONE',  #8674 ) ;
#2973 = ADVANCED_FACE ( 'NONE', ( #8578 ), #8486, .F. ) ;
#2974 = CARTESIAN_POINT ( 'NONE',  ( 4.625517551387757109, 0.7506986698502448041, -0.5000000000000006661 ) ) ;
#2975 = ADVANCED_FACE ( 'NONE', ( #6704 ), #5825, .F. ) ;
#2976 = ORIENTED_EDGE ( 'NONE', *, *, #7834, .F. ) ;
#2977 = FACE_OUTER_BOUND ( 'NONE', #7786, .T. ) ;
#2978 = CARTESIAN_POINT ( 'NONE',  ( 0.000000000000000000, 0.000000000000000000, 0.000000000000000000 ) ) ;
#2979 = CARTESIAN_POINT ( 'NONE',  ( 6.003118619259574018, -1.370172650836029682, -1.382811032531312544E-15 ) ) ;
#2980 = DIRECTION ( 'NONE',  ( -7.970314984685941186E-17, 3.492023159033203447E-16, -1.000000000000000000 ) ) ;
#2981 = ORIENTED_EDGE ( 'NONE', *, *, #11148, .T. ) ;
#2982 = CARTESIAN_POINT ( 'NONE',  ( -5.708160737612361757, 1.302850439130068594, -0.2500000000000000000 ) ) ;
#2983 = EDGE_LOOP ( 'NONE', ( #3717, #7977, #1631, #3850, #7305, #1097, #10480, #7722 ) ) ;
#2984 = FACE_OUTER_BOUND ( 'NONE', #5849, .T. ) ;
#2985 = EDGE_CURVE ( 'NONE', #6360, #3097, #4830, .T. ) ;
#2986 = CARTESIAN_POINT ( 'NONE',  ( 4.915055493357641581, -3.201427883957437270, 0.1690706089109072219 ) ) ;
#2987 = VERTEX_POINT ( 'NONE', #11282 ) ;
#2988 = ORIENTED_EDGE ( 'NONE', *, *, #917, .T. ) ;
#2989 = CARTESIAN_POINT ( 'NONE',  ( 0.000000000000000000, 2.297360854775523765E-17, 2.374937499999997925 ) ) ;
#2990 = CARTESIAN_POINT ( 'NONE',  ( 0.000000000000000000, 0.000000000000000000, 0.000000000000000000 ) ) ;
#2991 = ORIENTED_EDGE ( 'NONE', *, *, #9175, .F. ) ;
#2992 = DIRECTION ( 'NONE',  ( -0.000000000000000000, -0.000000000000000000, -1.000000000000000000 ) ) ;
#2993 = PLANE ( 'NONE',  #3408 ) ;
#2994 = AXIS2_PLACEMENT_3D ( 'NONE', #10393, #7623, #9326 ) ;
#2995 = DIRECTION ( 'NONE',  ( -0.2225209339563050392, 0.9749279121818257288, 2.329518370037008160E-16 ) ) ;
#2996 = ORIENTED_EDGE ( 'NONE', *, *, #2277, .T. ) ;
#2997 = DIRECTION ( 'NONE',  ( 0.2225209339563050392, -0.9749279121818257288, -1.851768037012963116E-16 ) ) ;
#2998 = EDGE_CURVE ( 'NONE', #3554, #1605, #3096, .T. ) ;
#2999 = ORIENTED_EDGE ( 'NONE', *, *, #9418, .T. ) ;
#3000 = AXIS2_PLACEMENT_3D ( 'NONE', #7218, #8267, #3705 ) ;
#3001 = CYLINDRICAL_SURFACE ( 'NONE', #7687, 5.854956726839295023 ) ;
#3002 = VERTEX_POINT ( 'NONE', #3131 ) ;
#3003 = FACE_OUTER_BOUND ( 'NONE', #7027, .T. ) ;
#3004 = DIRECTION ( 'NONE',  ( 1.000000000000000000, 0.000000000000000000, 0.000000000000000000 ) ) ;
#3005 = CARTESIAN_POINT ( 'NONE',  ( 1.571836107868756605, 5.640022120804201400, 0.5000000000000000000 ) ) ;
#3006 = ORIENTED_EDGE ( 'NONE', *, *, #3878, .T. ) ;
#3007 = DIRECTION ( 'NONE',  ( -0.6234898018587320401, 0.7818314824680309139, 1.481414429610370493E-16 ) ) ;
#3008 = ADVANCED_FACE ( 'NONE', ( #10399 ), #9392, .F. ) ;
#3009 = CIRCLE ( 'NONE', #931, 0.9074999999999987521 ) ;
#3010 = AXIS2_PLACEMENT_3D ( 'NONE', #1009, #127, #2946 ) ;
#3011 = DIRECTION ( 'NONE',  ( 1.000000000000000000, 0.000000000000000000, 0.000000000000000000 ) ) ;
#3012 = AXIS2_PLACEMENT_3D ( 'NONE', #10109, #10232, #5611 ) ;
#3013 = ORIENTED_EDGE ( 'NONE', *, *, #2693, .T. ) ;
#3014 = PLANE ( 'NONE',  #5320 ) ;
#3015 = DIRECTION ( 'NONE',  ( -0.000000000000000000, -1.836970198721029688E-16, 1.000000000000000000 ) ) ;
#3016 = ORIENTED_EDGE ( 'NONE', *, *, #3333, .T. ) ;
#3017 = AXIS2_PLACEMENT_3D ( 'NONE', #7099, #1528, #9802 ) ;
#3018 = DIRECTION ( 'NONE',  ( 0.9009688679024218105, 0.4338837391175526248, 7.407072148051852464E-17 ) ) ;
#3019 = CARTESIAN_POINT ( 'NONE',  ( 6.359655806757304575, 0.9059186134147250158, 0.3666893729391487722 ) ) ;
#3020 = VERTEX_POINT ( 'NONE', #11220 ) ;
#3021 = CARTESIAN_POINT ( 'NONE',  ( 3.367778697655213616E-16, 2.749999999999993783, 2.500000000000003997 ) ) ;
#3022 = DIRECTION ( 'NONE',  ( -0.000000000000000000, -1.836970198721029688E-16, 1.000000000000000000 ) ) ;
#3023 = CIRCLE ( 'NONE', #11262, 1.571836107868756383 ) ;
#3024 = VERTEX_POINT ( 'NONE', #2364 ) ;
#3025 = DIRECTION ( 'NONE',  ( 0.2225209339563050392, -0.9749279121818257288, -1.790913520579326978E-16 ) ) ;
#3026 = ORIENTED_EDGE ( 'NONE', *, *, #1426, .T. ) ;
#3027 = CIRCLE ( 'NONE', #3778, 7.396615624999999028 ) ;
#3028 = EDGE_CURVE ( 'NONE', #11222, #147, #9231, .T. ) ;
#3029 = AXIS2_PLACEMENT_3D ( 'NONE', #3671, #4375, #1662 ) ;
#3030 = DIRECTION ( 'NONE',  ( 0.000000000000000000, -1.000000000000000000, -1.577021341797101505E-16 ) ) ;
#3031 = AXIS2_PLACEMENT_3D ( 'NONE', #1343, #10210, #3998 ) ;
#3032 = CARTESIAN_POINT ( 'NONE',  ( 5.118371538954569644, -1.168234903270670699, -1.179010624569937576E-15 ) ) ;
#3033 = ORIENTED_EDGE ( 'NONE', *, *, #3188, .F. ) ;
#3034 = CIRCLE ( 'NONE', #8279, 4.618222060490380088 ) ;
#3035 = AXIS2_PLACEMENT_3D ( 'NONE', #1040, #10741, #11563 ) ;
#3036 = VECTOR ( 'NONE', #11120, 1000.000000000000000 ) ;
#3037 = DIRECTION ( 'NONE',  ( 0.000000000000000000, 1.000000000000000000, 1.734723475976807094E-16 ) ) ;
#3038 = DIRECTION ( 'NONE',  ( 0.000000000000000000, 0.000000000000000000, 1.000000000000000000 ) ) ;
#3039 = VECTOR ( 'NONE', #1130, 1000.000000000000000 ) ;
#3040 = EDGE_CURVE ( 'NONE', #1912, #10666, #7582, .T. ) ;
#3041 = CYLINDRICAL_SURFACE ( 'NONE', #973, 6.968749999999999112 ) ;
#3042 = ADVANCED_FACE ( 'NONE', ( #3946 ), #6759, .F. ) ;
#3043 = MECHANICAL_CONTEXT ( 'NONE', #4097, 'mechanical' ) ;
#3044 = ORIENTED_EDGE ( 'NONE', *, *, #9846, .F. ) ;
#3045 = CARTESIAN_POINT ( 'NONE',  ( -1.571836107868694210, 4.342500000000022453, 0.5000000000000001110 ) ) ;
#3046 = AXIS2_PLACEMENT_3D ( 'NONE', #1214, #4682, #1148 ) ;
#3047 = CC_DESIGN_PERSON_AND_ORGANIZATION_ASSIGNMENT ( #11245, #448, ( #6406 ) ) ;
#3048 = VERTEX_POINT ( 'NONE', #1243 ) ;
#3049 = EDGE_CURVE ( 'NONE', #10186, #3428, #1154, .T. ) ;
#3050 = VECTOR ( 'NONE', #7394, 1000.000000000000000 ) ;
#3051 = CARTESIAN_POINT ( 'NONE',  ( 0.000000000000000000, 8.467284509729752602E-16, -2.109375000000003109 ) ) ;
#3052 = AXIS2_PLACEMENT_3D ( 'NONE', #4046, #11493, #913 ) ;
#3053 = DIRECTION ( 'NONE',  ( 0.2225209339563182231, 0.9749279121818227312, 1.878129129841590735E-16 ) ) ;
#3054 = EDGE_LOOP ( 'NONE', ( #3056, #10611, #8676, #5873 ) ) ;
#3055 = AXIS2_PLACEMENT_3D ( 'NONE', #1781, #8936, #706 ) ;
#3056 = ORIENTED_EDGE ( 'NONE', *, *, #3505, .F. ) ;
#3057 = CARTESIAN_POINT ( 'NONE',  ( 3.248325104909783860E-16, 2.554917478527519936, 2.304917478527522601 ) ) ;
#3058 = CARTESIAN_POINT ( 'NONE',  ( 8.954567602896607774E-17, -1.122867261495178503E-16, 0.5000000000000000000 ) ) ;
#3059 =( BOUNDED_CURVE ( )  B_SPLINE_CURVE ( 3, ( #6548, #10190, #2863, #321 ),
 .UNSPECIFIED., .F., .F. ) 
 B_SPLINE_CURVE_WITH_KNOTS ( ( 4, 4 ),
 ( 1.868606583865385806, 3.141592653589793560 ),
 .UNSPECIFIED. ) 
 CURVE ( )  GEOMETRIC_REPRESENTATION_ITEM ( )  RATIONAL_B_SPLINE_CURVE ( ( 1.000000000000000000, 0.8694567765201484111, 0.8694567765201484111, 1.000000000000000000 ) ) 
 REPRESENTATION_ITEM ( '' )  );
#3060 = ORIENTED_EDGE ( 'NONE', *, *, #8021, .T. ) ;
#3061 = DIRECTION ( 'NONE',  ( -0.2475558347235146117, -0.9688736288569029798, 0.000000000000000000 ) ) ;
#3062 = DIRECTION ( 'NONE',  ( -0.000000000000000000, -1.836970198721029688E-16, 1.000000000000000000 ) ) ;
#3063 = AXIS2_PLACEMENT_3D ( 'NONE', #4508, #10898, #4681 ) ;
#3064 = VECTOR ( 'NONE', #2092, 1000.000000000000114 ) ;
#3065 = CARTESIAN_POINT ( 'NONE',  ( -6.003118619259592670, -1.370172650835948414, -1.382811032531297162E-15 ) ) ;
#3066 = ORIENTED_EDGE ( 'NONE', *, *, #2168, .F. ) ;
#3067 = CYLINDRICAL_SURFACE ( 'NONE', #611, 0.7500000000000003331 ) ;
#3068 = EDGE_CURVE ( 'NONE', #6579, #4664, #5679, .T. ) ;
#3069 = ORIENTED_EDGE ( 'NONE', *, *, #3397, .T. ) ;
#3070 = AXIS2_PLACEMENT_3D ( 'NONE', #2636, #7845, #5226 ) ;
#3071 = AXIS2_PLACEMENT_3D ( 'NONE', #6791, #10366, #9482 ) ;
#3072 = AXIS2_PLACEMENT_3D ( 'NONE', #11618, #820, #1769 ) ;
#3073 = EDGE_CURVE ( 'NONE', #7613, #11491, #1735, .T. ) ;
#3074 = CARTESIAN_POINT ( 'NONE',  ( 5.848381429644155638, 0.2774039050808434492, 0.000000000000000000 ) ) ;
#3075 = CIRCLE ( 'NONE', #4575, 1.981214554537471528 ) ;
#3076 = ORIENTED_EDGE ( 'NONE', *, *, #3545, .T. ) ;
#3077 = AXIS2_PLACEMENT_3D ( 'NONE', #8071, #9945, #9082 ) ;
#3078 = DIRECTION ( 'NONE',  ( -0.2225209339563052335, -0.9749279121818257288, 0.000000000000000000 ) ) ;
#3079 = DIRECTION ( 'NONE',  ( -0.9749279121818257288, -0.2225209339563050392, -2.245734522990332355E-16 ) ) ;
#3080 = CARTESIAN_POINT ( 'NONE',  ( -7.181005668578280462E-17, 3.458190067500296149E-17, -0.5000000000000000000 ) ) ;
#3081 = CIRCLE ( 'NONE', #11322, 3.140624999999995559 ) ;
#3082 = AXIS2_PLACEMENT_3D ( 'NONE', #2051, #1998, #7387 ) ;
#3083 = FACE_OUTER_BOUND ( 'NONE', #2325, .T. ) ;
#3084 = VERTEX_POINT ( 'NONE', #4362 ) ;
#3085 = CARTESIAN_POINT ( 'NONE',  ( -4.909645099977375082, -3.234121254141959945, 0.000000000000000000 ) ) ;
#3086 = EDGE_CURVE ( 'NONE', #6886, #7261, #7423, .T. ) ;
#3087 = CARTESIAN_POINT ( 'NONE',  ( 1.571836107868757049, 4.492665034479460751, -0.5000000000000000000 ) ) ;
#3088 = ORIENTED_EDGE ( 'NONE', *, *, #101, .F. ) ;
#3089 = VECTOR ( 'NONE', #4750, 1000.000000000000000 ) ;
#3090 = DIRECTION ( 'NONE',  ( 0.02575442831655167658, -0.9996682996984987968, -2.198865658285086221E-16 ) ) ;
#3091 = FACE_OUTER_BOUND ( 'NONE', #7045, .T. ) ;
#3092 = EDGE_LOOP ( 'NONE', ( #4477, #4180, #6320, #5134 ) ) ;
#3093 = DIRECTION ( 'NONE',  ( -0.4338837391175648373, -0.9009688679024158153, -3.492023159033190628E-16 ) ) ;
#3094 = FACE_OUTER_BOUND ( 'NONE', #51, .T. ) ;
#3095 = VERTEX_POINT ( 'NONE', #11524 ) ;
#3096 = B_SPLINE_CURVE_WITH_KNOTS ( 'NONE', 3,
 ( #4949, #9512, #3250, #6830 ),
 .UNSPECIFIED., .F., .F.,
 ( 4, 4 ),
 ( 2.062467585654730574E-07, 0.0005045763672995604108 ),
 .UNSPECIFIED. ) ;
#3097 = VERTEX_POINT ( 'NONE', #7992 ) ;
#3098 = DIRECTION ( 'NONE',  ( -1.000000000000000000, -6.605826996519685360E-15, 7.970314984685939954E-17 ) ) ;
#3099 = CARTESIAN_POINT ( 'NONE',  ( 0.4679647384833097168, -4.594451436628344432, 0.000000000000000000 ) ) ;
#3100 = ORIENTED_EDGE ( 'NONE', *, *, #9461, .T. ) ;
#3101 = EDGE_CURVE ( 'NONE', #2111, #3345, #9787, .T. ) ;
#3102 = CARTESIAN_POINT ( 'NONE',  ( 5.057425556495251939, -3.449779290889261940, -0.5000000000000017764 ) ) ;
#3103 = FACE_OUTER_BOUND ( 'NONE', #9084, .T. ) ;
#3104 = CARTESIAN_POINT ( 'NONE',  ( -5.389570639310297118, 2.287585320167340619, 0.4999999999999995559 ) ) ;
#3105 = ORIENTED_EDGE ( 'NONE', *, *, #10201, .F. ) ;
#3106 = DIRECTION ( 'NONE',  ( -1.224646799147351975E-16, 1.000000000000000000, 0.000000000000000000 ) ) ;
#3107 = EDGE_LOOP ( 'NONE', ( #6796, #4640, #9523, #9642, #2890, #5002 ) ) ;
#3108 = CARTESIAN_POINT ( 'NONE',  ( -5.708160737612359981, 1.302850439130070148, -0.2500000000000007216 ) ) ;
#3109 = CARTESIAN_POINT ( 'NONE',  ( 7.181005668578280462E-17, -3.458190067500296149E-17, 0.5000000000000000000 ) ) ;
#3110 = ADVANCED_FACE ( 'NONE', ( #2594 ), #3484, .F. ) ;
#3111 = ADVANCED_FACE ( 'NONE', ( #5130 ), #10575, .F. ) ;
#3112 = VERTEX_POINT ( 'NONE', #5304 ) ;
#3113 = ORIENTED_EDGE ( 'NONE', *, *, #1430, .T. ) ;
#3114 = B_SPLINE_CURVE_WITH_KNOTS ( 'NONE', 3,
 ( #6113, #2413, #11521, #702, #4245, #7051 ),
 .UNSPECIFIED., .F., .F.,
 ( 4, 2, 4 ),
 ( 0.000000000000000000, 0.0001489814068954687233, 0.0002979628137909373924 ),
 .UNSPECIFIED. ) ;
#3115 = EDGE_CURVE ( 'NONE', #1938, #8169, #8248, .T. ) ;
#3116 = CARTESIAN_POINT ( 'NONE',  ( -3.312417284811250084, 4.827878416493561531, -0.5000000000000001110 ) ) ;
#3117 = EDGE_LOOP ( 'NONE', ( #6411, #3359 ) ) ;
#3118 = LINE ( 'NONE', #5106, #4358 ) ;
#3119 = CARTESIAN_POINT ( 'NONE',  ( -2.231807111763032481, 5.667990052715531135, -1.885160653978395162 ) ) ;
#3120 = DIRECTION ( 'NONE',  ( -2.734164093176035940E-15, 1.000000000000000000, 3.728405581603685373E-16 ) ) ;
#3121 = ORIENTED_EDGE ( 'NONE', *, *, #243, .F. ) ;
#3122 = CARTESIAN_POINT ( 'NONE',  ( 4.814127353296902001, 3.839138454945143053, 0.000000000000000000 ) ) ;
#3123 = EDGE_LOOP ( 'NONE', ( #2153, #3044, #11523, #2009, #3762, #10836, #2823 ) ) ;
#3124 =( BOUNDED_CURVE ( )  B_SPLINE_CURVE ( 3, ( #5001, #2478, #9633, #7628 ),
 .UNSPECIFIED., .F., .F. ) 
 B_SPLINE_CURVE_WITH_KNOTS ( ( 4, 4 ),
 ( 4.712388980384689674, 6.283185307179586232 ),
 .UNSPECIFIED. ) 
 CURVE ( )  GEOMETRIC_REPRESENTATION_ITEM ( )  RATIONAL_B_SPLINE_CURVE ( ( 1.000000000000000000, 0.8047378541243649375, 0.8047378541243649375, 1.000000000000000000 ) ) 
 REPRESENTATION_ITEM ( '' )  );
#3125 = FACE_OUTER_BOUND ( 'NONE', #5574, .T. ) ;
#3126 = ADVANCED_FACE ( 'NONE', ( #9635 ), #7106, .T. ) ;
#3127 = ORIENTED_EDGE ( 'NONE', *, *, #1980, .T. ) ;
#3128 = LINE ( 'NONE', #8572, #6779 ) ;
#3129 = DIRECTION ( 'NONE',  ( 0.000000000000000000, -2.069303855009861073E-16, 1.000000000000000000 ) ) ;
#3130 = CYLINDRICAL_SURFACE ( 'NONE', #5135, 3.531249999999996891 ) ;
#3131 = CARTESIAN_POINT ( 'NONE',  ( 4.162148097593528995, -4.117892845480476183, -0.5000000000000016653 ) ) ;
#3132 = SPHERICAL_SURFACE ( 'NONE', #8093, 1.815000000000000169 ) ;
#3133 = VERTEX_POINT ( 'NONE', #10506 ) ;
#3134 = DIRECTION ( 'NONE',  ( 0.000000000000000000, -1.000000000000000000, -1.836970198721029688E-16 ) ) ;
#3135 = FACE_OUTER_BOUND ( 'NONE', #5864, .T. ) ;
#3136 = ORIENTED_EDGE ( 'NONE', *, *, #2514, .T. ) ;
#3137 = DIRECTION ( 'NONE',  ( -1.436201133715656092E-16, -6.916380135000592297E-17, 1.000000000000000000 ) ) ;
#3138 = CLOSED_SHELL ( 'NONE', ( #1665, #1927, #9134, #7643, #6105, #2697, #3841, #9696, #7658, #5422, #4492, #8859, #5404, #9881, #10502, #10332, #8175, #7337, #3110, #6390, #7410, #6075, #6697, #295, #11607, #5752, #3008, #6269, #3248, #44, #6313, #2255, #5153, #10995, #2035, #8821, #3689, #112, #2057, #4544, #11536, #11317, #1244, #267, #11135, #9997, #7869, #2956, #10202, #2379, #7686, #2451, #7437, #5136, #2033, #1747, #8068, #6127, #9324, #8520, #10432, #9893, #7321, #8573, #5868, #6478, #6904, #3894, #2676, #315, #4521, #860, #7463, #5450, #1782, #4996, #3782, #1160, #6462, #4064, #7280, #3603, #275, #8834, #4126, #9072, #9483, #3160, #10780, #6010, #8608, #10449, #5431, #7775, #8295, #301, #5794, #10848, #503, #4966, #5271, #8483, #11019, #3145, #10771, #2638, #9163, #9896, #445, #4558, #10346, #9450 ) ) ;
#3139 = CARTESIAN_POINT ( 'NONE',  ( -3.029934046275308823, 5.266969084177967275, -0.1035326308270365925 ) ) ;
#3140 = ORIENTED_EDGE ( 'NONE', *, *, #9745, .F. ) ;
#3141 = DIRECTION ( 'NONE',  ( 0.6234898018587311519, -0.7818314824680318020, -0.000000000000000000 ) ) ;
#3142 = DIRECTION ( 'NONE',  ( 0.9009688679024157043, -0.4338837391175651703, -7.407072148051852464E-17 ) ) ;
#3143 = EDGE_LOOP ( 'NONE', ( #4513, #5329, #8440, #6120, #2794, #7994, #7001 ) ) ;
#3144 = CARTESIAN_POINT ( 'NONE',  ( 0.000000000000000000, 8.582940074552626705E-16, -2.172334957055049198 ) ) ;
#3145 = ADVANCED_FACE ( 'NONE', ( #7806 ), #5187, .T. ) ;
#3146 = ORIENTED_EDGE ( 'NONE', *, *, #1121, .F. ) ;
#3147 = CARTESIAN_POINT ( 'NONE',  ( 6.569278111570836742, 0.9005181194463801608, -0.2500000000000011102 ) ) ;
#3148 = CARTESIAN_POINT ( 'NONE',  ( 0.000000000000000000, 0.000000000000000000, 0.000000000000000000 ) ) ;
#3149 = CARTESIAN_POINT ( 'NONE',  ( -0.2973973986913752143, -4.676592338269685456, 0.4999999999999985012 ) ) ;
#3150 = VERTEX_POINT ( 'NONE', #6999 ) ;
#3151 = AXIS2_PLACEMENT_3D ( 'NONE', #10714, #6319, #9835 ) ;
#3152 = DIRECTION ( 'NONE',  ( -7.970314984685944884E-17, 3.492023159033203447E-16, -1.000000000000000000 ) ) ;
#3153 = CYLINDRICAL_SURFACE ( 'NONE', #1937, 0.2499999999999998890 ) ;
#3154 = DIRECTION ( 'NONE',  ( 0.000000000000000000, -1.000000000000000000, -1.836970198721029688E-16 ) ) ;
#3155 = ORIENTED_EDGE ( 'NONE', *, *, #11564, .F. ) ;
#3156 = DIRECTION ( 'NONE',  ( -0.6234898018587431423, -0.7818314824680221431, -1.436201133715639822E-16 ) ) ;
#3157 = ADVANCED_FACE ( 'NONE', ( #2540 ), #5367, .T. ) ;
#3158 = VERTEX_POINT ( 'NONE', #6059 ) ;
#3159 = CARTESIAN_POINT ( 'NONE',  ( 0.000000000000000000, 5.663748402644801014E-16, -0.5832010266623396388 ) ) ;
#3160 = ADVANCED_FACE ( 'NONE', ( #3358 ), #9811, .T. ) ;
#3161 = DIRECTION ( 'NONE',  ( 7.970314984685941186E-17, -3.492023159033203447E-16, 1.000000000000000000 ) ) ;
#3162 = VERTEX_POINT ( 'NONE', #6116 ) ;
#3163 = ORIENTED_EDGE ( 'NONE', *, *, #6580, .T. ) ;
#3164 = PLANE ( 'NONE',  #1351 ) ;
#3165 = EDGE_LOOP ( 'NONE', ( #10106, #5169, #9892, #4058, #6610, #4783 ) ) ;
#3166 = CARTESIAN_POINT ( 'NONE',  ( -5.848381429644151197, 0.2774039050809224971, 0.4999999999999990563 ) ) ;
#3167 = DIRECTION ( 'NONE',  ( -0.7818314824680221431, 0.6234898018587431423, -6.916380135000388919E-17 ) ) ;
#3168 = CARTESIAN_POINT ( 'NONE',  ( 1.571836107868757049, 4.492665034479460751, 0.5000000000000000000 ) ) ;
#3169 = ORIENTED_EDGE ( 'NONE', *, *, #4654, .T. ) ;
#3170 = DIRECTION ( 'NONE',  ( 0.6234898018587320401, -0.7818314824680310249, 0.000000000000000000 ) ) ;
#3171 = VERTEX_POINT ( 'NONE', #9686 ) ;
#3172 = DIRECTION ( 'NONE',  ( -0.9009688679024221436, -0.4338837391175518476, 6.391696352470654250E-17 ) ) ;
#3173 = EDGE_CURVE ( 'NONE', #4926, #4501, #884, .T. ) ;
#3174 = ADVANCED_FACE ( 'NONE', ( #8805 ), #6611, .T. ) ;
#3175 = PLANE ( 'NONE',  #564 ) ;
#3176 = ORIENTED_EDGE ( 'NONE', *, *, #10483, .F. ) ;
#3177 = CIRCLE ( 'NONE', #536, 1.571836107868756383 ) ;
#3178 = CARTESIAN_POINT ( 'NONE',  ( 1.571836107868757049, 4.342500000000001137, 0.5000000000000000000 ) ) ;
#3179 = CARTESIAN_POINT ( 'NONE',  ( -2.006903290781250071, 5.500454673016144547, 0.3369669046199092466 ) ) ;
#3180 = DIRECTION ( 'NONE',  ( 0.2225209339563182231, 0.9749279121818227312, 1.790913520579321555E-16 ) ) ;
#3181 = VERTEX_POINT ( 'NONE', #8876 ) ;
#3182 = DIRECTION ( 'NONE',  ( 0.000000000000000000, 0.000000000000000000, 1.000000000000000000 ) ) ;
#3183 = EDGE_CURVE ( 'NONE', #1959, #4395, #9795, .T. ) ;
#3184 = EDGE_CURVE ( 'NONE', #10873, #3084, #1163, .T. ) ;
#3185 = CARTESIAN_POINT ( 'NONE',  ( -5.118371538954584743, -1.168234903270601421, -1.179010624569924560E-15 ) ) ;
#3186 = ORIENTED_EDGE ( 'NONE', *, *, #6698, .F. ) ;
#3187 = VECTOR ( 'NONE', #10824, 999.9999999999998863 ) ;
#3188 = EDGE_CURVE ( 'NONE', #7136, #4273, #11107, .T. ) ;
#3189 =( BOUNDED_CURVE ( )  B_SPLINE_CURVE ( 3, ( #10017, #4630, #8020, #1989 ),
 .UNSPECIFIED., .F., .F. ) 
 B_SPLINE_CURVE_WITH_KNOTS ( ( 4, 4 ),
 ( 4.712388980384689674, 6.283185307179586232 ),
 .UNSPECIFIED. ) 
 CURVE ( )  GEOMETRIC_REPRESENTATION_ITEM ( )  RATIONAL_B_SPLINE_CURVE ( ( 1.000000000000000000, 0.8047378541243649375, 0.8047378541243649375, 1.000000000000000000 ) ) 
 REPRESENTATION_ITEM ( '' )  );
#3190 = DIRECTION ( 'NONE',  ( 1.790913520579326978E-16, 2.245734522990332355E-16, -1.000000000000000000 ) ) ;
#3191 = DIRECTION ( 'NONE',  ( -0.000000000000000000, -1.836970198721029688E-16, 1.000000000000000000 ) ) ;
#3192 = EDGE_LOOP ( 'NONE', ( #5166, #5100, #5345, #7382, #2399, #8177 ) ) ;
#3193 = LINE ( 'NONE', #3314, #7674 ) ;
#3194 = CYLINDRICAL_SURFACE ( 'NONE', #10704, 3.531249999999996003 ) ;
#3195 = CARTESIAN_POINT ( 'NONE',  ( 4.030258103448117524, -2.532138914361753645, 0.4999999999999987232 ) ) ;
#3196 = AXIS2_PLACEMENT_3D ( 'NONE', #6432, #10104, #5782 ) ;
#3197 = CIRCLE ( 'NONE', #9744, 1.830752539561562919 ) ;
#3198 = DIRECTION ( 'NONE',  ( 0.000000000000000000, -4.244837216908990117E-16, 1.000000000000000000 ) ) ;
#3199 = ORIENTED_EDGE ( 'NONE', *, *, #8119, .F. ) ;
#3200 = CARTESIAN_POINT ( 'NONE',  ( -5.826670010035960523, 0.7836273912850090229, 0.000000000000000000 ) ) ;
#3201 = EDGE_CURVE ( 'NONE', #11435, #8935, #8112, .T. ) ;
#3202 = ORIENTED_EDGE ( 'NONE', *, *, #10793, .T. ) ;
#3203 = LINE ( 'NONE', #10465, #1742 ) ;
#3204 = AXIS2_PLACEMENT_3D ( 'NONE', #8161, #8979, #9911 ) ;
#3205 = FACE_OUTER_BOUND ( 'NONE', #7483, .T. ) ;
#3206 = AXIS2_PLACEMENT_3D ( 'NONE', #2791, #10828, #142 ) ;
#3207 = DIRECTION ( 'NONE',  ( -1.000000000000000000, 0.000000000000000000, 0.000000000000000000 ) ) ;
#3208 = EDGE_CURVE ( 'NONE', #1461, #1757, #2368, .T. ) ;
#3209 = AXIS2_PLACEMENT_3D ( 'NONE', #6056, #7102, #583 ) ;
#3210 = VERTEX_POINT ( 'NONE', #1051 ) ;
#3211 = DIRECTION ( 'NONE',  ( 0.000000000000000000, -1.836970198721029688E-16, 1.000000000000000000 ) ) ;
#3212 = DIRECTION ( 'NONE',  ( 1.000000000000000000, 0.000000000000000000, 0.000000000000000000 ) ) ;
#3213 = CIRCLE ( 'NONE', #764, 1.815000000000000169 ) ;
#3215 = AXIS2_PLACEMENT_3D ( 'NONE', #8898, #6314, #4441 ) ;
#3214 = CALENDAR_DATE ( 2026, 18, 1 ) ;
#3216 = ORIENTED_EDGE ( 'NONE', *, *, #975, .T. ) ;
#3217 = DIRECTION ( 'NONE',  ( -1.436201133715656092E-16, 6.916380135000592297E-17, -1.000000000000000000 ) ) ;
#3218 = ORIENTED_EDGE ( 'NONE', *, *, #4221, .F. ) ;
#3219 = CIRCLE ( 'NONE', #7150, 5.854956726839295023 ) ;
#3220 = CARTESIAN_POINT ( 'NONE',  ( -4.233624458649579481, -0.9662971557052548732, -9.752102166085519590E-16 ) ) ;
#3221 = CARTESIAN_POINT ( 'NONE',  ( -2.031718491611766986, 5.708267257411070439, 0.000000000000000000 ) ) ;
#3222 = AXIS2_PLACEMENT_3D ( 'NONE', #10816, #6307, #4373 ) ;
#3223 = ORIENTED_EDGE ( 'NONE', *, *, #6267, .T. ) ;
#3224 = AXIS2_PLACEMENT_3D ( 'NONE', #5321, #5377, #2736 ) ;
#3225 = EDGE_CURVE ( 'NONE', #8926, #2806, #7531, .T. ) ;
#3226 = AXIS2_PLACEMENT_3D ( 'NONE', #3608, #3494, #5318 ) ;
#3227 = VERTEX_POINT ( 'NONE', #937 ) ;
#3228 = ORIENTED_EDGE ( 'NONE', *, *, #7855, .F. ) ;
#3230 = AXIS2_PLACEMENT_3D ( 'NONE', #11138, #5798, #9358 ) ;
#3229 = DIRECTION ( 'NONE',  ( 1.790913520579326978E-16, -2.245734522990332355E-16, 1.000000000000000000 ) ) ;
#3231 = CARTESIAN_POINT ( 'NONE',  ( -5.118371538954584743, -1.168234903270601643, 0.4999999999999988343 ) ) ;
#3232 = CARTESIAN_POINT ( 'NONE',  ( -5.558971277141360190, 1.838030634423176712, 1.027153425530326250E-16 ) ) ;
#3233 = VERTEX_POINT ( 'NONE', #10754 ) ;
#3234 = CARTESIAN_POINT ( 'NONE',  ( -2.671639123616407652, -5.547715804109126125, 1.571836107868754162 ) ) ;
#3235 = CIRCLE ( 'NONE', #7902, 8.000000000000000000 ) ;
#3236 = VERTEX_POINT ( 'NONE', #10860 ) ;
#3237 = CIRCLE ( 'NONE', #10727, 1.571836107868756383 ) ;
#3238 = AXIS2_PLACEMENT_3D ( 'NONE', #7023, #1673, #5876 ) ;
#3239 = CARTESIAN_POINT ( 'NONE',  ( 2.540370517012537910, 5.275133733798051949, 0.000000000000000000 ) ) ;
#3240 = VECTOR ( 'NONE', #8069, 1000.000000000000114 ) ;
#3241 = ORIENTED_EDGE ( 'NONE', *, *, #4679, .F. ) ;
#3242 = CARTESIAN_POINT ( 'NONE',  ( 0.000000000000000000, -3.140624999999995559, 2.499999999999999556 ) ) ;
#3243 = ORIENTED_EDGE ( 'NONE', *, *, #3839, .F. ) ;
#3244 = AXIS2_PLACEMENT_3D ( 'NONE', #5521, #9089, #106 ) ;
#3245 = CIRCLE ( 'NONE', #11302, 3.140624999999996003 ) ;
#3246 = CARTESIAN_POINT ( 'NONE',  ( 4.905482693465043731, -3.284317602269341663, -8.915021769851508604E-17 ) ) ;
#3247 = DIRECTION ( 'NONE',  ( -0.000000000000000000, -1.836970198721029688E-16, 1.000000000000000000 ) ) ;
#3248 = ADVANCED_FACE ( 'NONE', ( #10923 ), #6472, .F. ) ;
#3249 = ORIENTED_EDGE ( 'NONE', *, *, #11629, .F. ) ;
#3250 = CARTESIAN_POINT ( 'NONE',  ( 3.039264482675949619, 5.016949511681034757, 0.1691178122533381900 ) ) ;
#3251 = AXIS2_PLACEMENT_3D ( 'NONE', #10147, #11206, #2997 ) ;
#3252 = CARTESIAN_POINT ( 'NONE',  ( 7.970314984685941186E-17, 3.492023159033203447E-16, -1.000000000000000000 ) ) ;
#3253 = ORIENTED_EDGE ( 'NONE', *, *, #6756, .F. ) ;
#3254 = CIRCLE ( 'NONE', #3442, 1.830752539561562253 ) ;
#3255 = VECTOR ( 'NONE', #8096, 1000.000000000000000 ) ;
#3256 = VECTOR ( 'NONE', #10955, 1000.000000000000000 ) ;
#3257 = CARTESIAN_POINT ( 'NONE',  ( -4.028020539654795229, -4.249184487084527895, 1.027403880348036144E-17 ) ) ;
#3258 = EDGE_CURVE ( 'NONE', #5263, #11375, #236, .T. ) ;
#3259 = VERTEX_POINT ( 'NONE', #124 ) ;
#3260 = EDGE_CURVE ( 'NONE', #9267, #5824, #6984, .T. ) ;
#3261 = DIRECTION ( 'NONE',  ( -1.000000000000000000, 0.000000000000000000, -0.000000000000000000 ) ) ;
#3262 = DIRECTION ( 'NONE',  ( 0.2225209339563050392, -0.9749279121818257288, -1.790913520579326978E-16 ) ) ;
#3263 = DIRECTION ( 'NONE',  ( -0.7818314824680221431, 0.6234898018587431423, -6.916380135000388919E-17 ) ) ;
#3264 = EDGE_CURVE ( 'NONE', #1657, #5291, #3430, .T. ) ;
#3265 = AXIS2_PLACEMENT_3D ( 'NONE', #3109, #4925, #10252 ) ;
#3266 = CARTESIAN_POINT ( 'NONE',  ( -4.030258103448148610, -2.532138914361697690, 0.4999999999999988343 ) ) ;
#3267 = ORIENTED_EDGE ( 'NONE', *, *, #1206, .T. ) ;
#3268 = DIRECTION ( 'NONE',  ( 1.224646799147353454E-16, 0.000000000000000000, -1.000000000000000000 ) ) ;
#3269 = CIRCLE ( 'NONE', #7374, 2.500000000000000000 ) ;
#3270 = EDGE_LOOP ( 'NONE', ( #7825, #8708, #11516 ) ) ;
#3271 = AXIS2_PLACEMENT_3D ( 'NONE', #5280, #3645, #8856 ) ;
#3272 = CARTESIAN_POINT ( 'NONE',  ( -3.718771810570201453, -3.144829597896483087, -0.5000000000000013323 ) ) ;
#3273 = AXIS2_PLACEMENT_3D ( 'NONE', #1210, #3804, #7480 ) ;
#3274 = CARTESIAN_POINT ( 'NONE',  ( -4.104615282957117195, 3.273321459758401719, -3.631099570875204645E-16 ) ) ;
#3275 = LINE ( 'NONE', #490, #8055 ) ;
#3276 = DIRECTION ( 'NONE',  ( -0.6234898018587432533, -0.7818314824680220321, -1.436201133715639822E-16 ) ) ;
#3277 = ADVANCED_FACE ( 'NONE', ( #3663 ), #2726, .F. ) ;
#3278 = ORIENTED_EDGE ( 'NONE', *, *, #2484, .T. ) ;
#3279 = PERSON ( 'UNSPECIFIED', 'UNSPECIFIED', 'UNSPECIFIED', ('UNSPECIFIED'), ('UNSPECIFIED'), ('UNSPECIFIED') ) ;
#3280 = CARTESIAN_POINT ( 'NONE',  ( 4.902992115855937527, -3.200185398537907400, -0.1680762712353564003 ) ) ;
#3281 = DIRECTION ( 'NONE',  ( 1.790913520579321555E-16, -2.245734522990357007E-16, 1.000000000000000000 ) ) ;
#3282 = CARTESIAN_POINT ( 'NONE',  ( 1.830752539561562253, 6.157500000000000639, 0.000000000000000000 ) ) ;
#3283 = DATE_AND_TIME ( #11319, #4958 ) ;
#3284 = ORIENTED_EDGE ( 'NONE', *, *, #5648, .F. ) ;
#3285 = CARTESIAN_POINT ( 'NONE',  ( -3.470882875544678559, -3.148322279462796747, -0.5000000000000014433 ) ) ;
#3286 = ORIENTED_EDGE ( 'NONE', *, *, #1838, .T. ) ;
#3287 = EDGE_CURVE ( 'NONE', #3993, #8875, #6521, .T. ) ;
#3288 = DIRECTION ( 'NONE',  ( 1.000000000000000000, 0.000000000000000000, 0.000000000000000000 ) ) ;
#3289 = CARTESIAN_POINT ( 'NONE',  ( 0.4907355326918725336, -5.882999337533101780, -4.806911975668153192E-17 ) ) ;
#3290 = ORIENTED_EDGE ( 'NONE', *, *, #9919, .T. ) ;
#3291 = VERTEX_POINT ( 'NONE', #7227 ) ;
#3292 = CARTESIAN_POINT ( 'NONE',  ( 0.000000000000000000, -2.749999999999993783, 2.500000000000003109 ) ) ;
#3293 = FACE_OUTER_BOUND ( 'NONE', #11153, .T. ) ;
#3294 = FACE_BOUND ( 'NONE', #6662, .T. ) ;
#3295 = CARTESIAN_POINT ( 'NONE',  ( -4.915055493304754108, -3.201427883952184583, 0.1691178122530503369 ) ) ;
#3296 = ORIENTED_EDGE ( 'NONE', *, *, #6372, .T. ) ;
#3297 = CARTESIAN_POINT ( 'NONE',  ( -0.4679647384833750534, -4.594451436628337326, 0.4999999999999985012 ) ) ;
#3298 = ORIENTED_EDGE ( 'NONE', *, *, #7111, .T. ) ;
#3299 = ADVANCED_FACE ( 'NONE', ( #6404 ), #4603, .T. ) ;
#3300 = FACE_OUTER_BOUND ( 'NONE', #10168, .T. ) ;
#3301 = ORIENTED_EDGE ( 'NONE', *, *, #5993, .F. ) ;
#3302 = DIRECTION ( 'NONE',  ( 0.000000000000000000, 0.000000000000000000, 1.000000000000000000 ) ) ;
#3303 = ORIENTED_EDGE ( 'NONE', *, *, #5914, .F. ) ;
#3304 = DIRECTION ( 'NONE',  ( -0.9009688679024218105, -0.4338837391175526248, -1.841765843617818375E-16 ) ) ;
#3305 = CARTESIAN_POINT ( 'NONE',  ( 2.028931684390599344, 5.492172110671390328, -0.1680762712352681654 ) ) ;
#3306 = CARTESIAN_POINT ( 'NONE',  ( 2.277889630367151419, -4.730086556487714589, -0.5000000000000018874 ) ) ;
#3307 = VERTEX_POINT ( 'NONE', #6350 ) ;
#3308 = CARTESIAN_POINT ( 'NONE',  ( 0.000000000000000000, 0.000000000000000000, 0.5000000000000000000 ) ) ;
#3309 = EDGE_CURVE ( 'NONE', #9386, #8926, #2793, .T. ) ;
#3310 = ORIENTED_EDGE ( 'NONE', *, *, #3620, .T. ) ;
#3311 = EDGE_CURVE ( 'NONE', #9346, #2296, #5866, .T. ) ;
#3312 = LINE ( 'NONE', #1423, #5455 ) ;
#3313 = EDGE_LOOP ( 'NONE', ( #2935, #7289, #2531, #4218 ) ) ;
#3314 = CARTESIAN_POINT ( 'NONE',  ( 0.1401104873024962005, -4.868222060490378311, -0.5000000000000017764 ) ) ;
#3315 = CARTESIAN_POINT ( 'NONE',  ( -4.625517551387747339, 0.7506986698503070876, -0.5000000000000006661 ) ) ;
#3316 = CARTESIAN_POINT ( 'NONE',  ( 2.237903063308958718, 5.698273448560721377, -0.2500000000000000000 ) ) ;
#3317 = FACE_OUTER_BOUND ( 'NONE', #7725, .T. ) ;
#3318 = DIRECTION ( 'NONE',  ( -0.9749279121818260618, -0.2225209339563038180, -1.554096509490269674E-16 ) ) ;
#3319 = ADVANCED_FACE ( 'NONE', ( #10320 ), #6645, .F. ) ;
#3320 = ORIENTED_EDGE ( 'NONE', *, *, #4042, .F. ) ;
#3321 = ADVANCED_FACE ( 'NONE', ( #9275 ), #10262, .T. ) ;
#3322 = DIRECTION ( 'NONE',  ( 0.000000000000000000, -1.000000000000000000, -1.380874408737758741E-16 ) ) ;
#3323 = ADVANCED_FACE ( 'NONE', ( #8395 ), #344, .F. ) ;
#3324 = DIRECTION ( 'NONE',  ( -0.9009688679024218105, -0.4338837391175526248, 4.276153006787588420E-17 ) ) ;
#3325 = PLANE ( 'NONE',  #8799 ) ;
#3326 = FACE_OUTER_BOUND ( 'NONE', #5675, .T. ) ;
#3327 = ORIENTED_EDGE ( 'NONE', *, *, #1579, .F. ) ;
#3328 = DIRECTION ( 'NONE',  ( 0.9749279121818227312, -0.2225209339563182231, -2.245734522990357007E-16 ) ) ;
#3329 = CARTESIAN_POINT ( 'NONE',  ( 5.805951662544254432, 0.7559388635070347640, -0.1680762712352704136 ) ) ;
#3330 = DIRECTION ( 'NONE',  ( -0.000000000000000000, -1.836970198721029688E-16, 1.000000000000000000 ) ) ;
#3331 = ORIENTED_EDGE ( 'NONE', *, *, #3904, .F. ) ;
#3332 = CARTESIAN_POINT ( 'NONE',  ( -5.443915612728869924, 2.155064053490654885, -0.5000000000000005551 ) ) ;
#3333 = EDGE_CURVE ( 'NONE', #4790, #4525, #4192, .T. ) ;
#3334 = ORIENTED_EDGE ( 'NONE', *, *, #5557, .F. ) ;
#3335 = EDGE_CURVE ( 'NONE', #7529, #524, #7355, .T. ) ;
#3336 = DIRECTION ( 'NONE',  ( 1.436201133715639576E-16, -6.916380135000388919E-17, 1.000000000000000000 ) ) ;
#3337 = DIRECTION ( 'NONE',  ( 7.970314984686170449E-17, 3.492023159033191614E-16, -1.000000000000000000 ) ) ;
#3338 = ORIENTED_EDGE ( 'NONE', *, *, #3335, .F. ) ;
#3339 = CIRCLE ( 'NONE', #7629, 2.500000000000000000 ) ;
#3340 = ORIENTED_EDGE ( 'NONE', *, *, #9191, .F. ) ;
#3341 = CARTESIAN_POINT ( 'NONE',  ( 2.102864716792089528, 5.512246681788301572, 0.4999999999999998890 ) ) ;
#3342 = CARTESIAN_POINT ( 'NONE',  ( -3.985157492343085224E-17, -1.746011579516595807E-16, 0.5000000000000000000 ) ) ;
#3343 = EDGE_LOOP ( 'NONE', ( #7641, #54, #8407, #11519, #2107, #8321, #2988 ) ) ;
#3344 = PLANE ( 'NONE',  #6440 ) ;
#3345 = VERTEX_POINT ( 'NONE', #9500 ) ;
#3346 = ADVANCED_FACE ( 'NONE', ( #9449 ), #4059, .F. ) ;
#3347 = CARTESIAN_POINT ( 'NONE',  ( 3.694065029001814882, -4.048092428725638570, -1.933779149665895509E-15 ) ) ;
#3348 = ORIENTED_EDGE ( 'NONE', *, *, #9422, .F. ) ;
#3349 = LINE ( 'NONE', #6988, #8228 ) ;
#3350 = ORIENTED_EDGE ( 'NONE', *, *, #9475, .T. ) ;
#3351 = CARTESIAN_POINT ( 'NONE',  ( 6.003118619259574018, -1.370172650836030126, 1.571836107868755050 ) ) ;
#3353 = ADVANCED_FACE ( 'NONE', ( #8565 ), #1346, .T. ) ;
#3352 = ORIENTED_EDGE ( 'NONE', *, *, #3068, .F. ) ;
#3354 = DIRECTION ( 'NONE',  ( -0.6234898018587319291, 0.7818314824680311359, 1.242801860534562038E-16 ) ) ;
#3355 = DIRECTION ( 'NONE',  ( 0.6234898018587320401, -0.7818314824680310249, 0.000000000000000000 ) ) ;
#3356 = DIRECTION ( 'NONE',  ( -0.2475558347235135848, -0.9688736288569032018, -3.186019352240503878E-16 ) ) ;
#3357 = ORIENTED_EDGE ( 'NONE', *, *, #9691, .F. ) ;
#3358 = FACE_OUTER_BOUND ( 'NONE', #5666, .T. ) ;
#3359 = ORIENTED_EDGE ( 'NONE', *, *, #8412, .T. ) ;
#3360 = CARTESIAN_POINT ( 'NONE',  ( 0.5784684902238919069, -5.826493825794239356, 0.3372078223965016552 ) ) ;
#3361 = VERTEX_POINT ( 'NONE', #4769 ) ;
#3362 = DIRECTION ( 'NONE',  ( 0.9009688679024218105, 0.4338837391175526248, 7.970314984685939954E-17 ) ) ;
#3363 = EDGE_CURVE ( 'NONE', #11035, #8507, #8118, .T. ) ;
#3364 = DIRECTION ( 'NONE',  ( -0.9009688679024216995, -0.4338837391175525693, -2.073466413476074313E-16 ) ) ;
#3365 = LINE ( 'NONE', #10583, #3487 ) ;
#3366 = DIRECTION ( 'NONE',  ( 0.6234898018587431423, 0.7818314824680221431, 1.436201133715639822E-16 ) ) ;
#3367 = AXIS2_PLACEMENT_3D ( 'NONE', #7647, #11239, #1560 ) ;
#3368 = CARTESIAN_POINT ( 'NONE',  ( -0.8617142317325673373, -5.412080684249780838, -2.184339727346228489E-15 ) ) ;
#3369 = EDGE_LOOP ( 'NONE', ( #2656, #10164 ) ) ;
#3370 = DIRECTION ( 'NONE',  ( 0.000000000000000000, -1.000000000000000000, -1.866966969661137892E-16 ) ) ;
#3371 = DIRECTION ( 'NONE',  ( 0.000000000000000000, 0.000000000000000000, 1.000000000000000000 ) ) ;
#3372 = AXIS2_PLACEMENT_3D ( 'NONE', #5952, #662, #6003 ) ;
#3373 = CARTESIAN_POINT ( 'NONE',  ( -2.992045089754890252, 5.195558009894083007, 0.4909122808429818297 ) ) ;
#3374 = CARTESIAN_POINT ( 'NONE',  ( -6.569278111570849177, 0.9005181194462896777, -0.2500000000000011102 ) ) ;
#3375 = VERTEX_POINT ( 'NONE', #293 ) ;
#3376 = DIRECTION ( 'NONE',  ( 1.224646799147353207E-16, 1.000000000000000000, 0.000000000000000000 ) ) ;
#3377 = FACE_OUTER_BOUND ( 'NONE', #3910, .T. ) ;
#3378 = DIRECTION ( 'NONE',  ( 0.000000000000000000, 0.000000000000000000, 1.000000000000000000 ) ) ;
#3379 = DIRECTION ( 'NONE',  ( 0.6234898018587268220, 0.7818314824680351327, 6.391696352470577829E-17 ) ) ;
#3380 = EDGE_CURVE ( 'NONE', #2569, #10431, #5511, .T. ) ;
#3381 = ORIENTED_EDGE ( 'NONE', *, *, #10015, .T. ) ;
#3382 = DIRECTION ( 'NONE',  ( -0.7818314824680354658, 0.6234898018587264890, 2.800385145533126714E-16 ) ) ;
#3383 = EDGE_LOOP ( 'NONE', ( #3334, #3706, #8830, #10642 ) ) ;
#3384 = CIRCLE ( 'NONE', #11253, 1.830752539561562919 ) ;
#3385 = AXIS2_PLACEMENT_3D ( 'NONE', #8171, #10986, #10814 ) ;
#3386 = DIRECTION ( 'NONE',  ( -0.000000000000000000, -0.000000000000000000, -1.000000000000000000 ) ) ;
#3387 = CIRCLE ( 'NONE', #5272, 5.854956726839295023 ) ;
#3388 = DIRECTION ( 'NONE',  ( 1.000000000000000000, 1.224646799147353207E-16, 2.249639673992786412E-32 ) ) ;
#3389 = ORIENTED_EDGE ( 'NONE', *, *, #10887, .F. ) ;
#3390 = ADVANCED_FACE ( 'NONE', ( #3888 ), #3067, .T. ) ;
#3391 = ORIENTED_EDGE ( 'NONE', *, *, #8715, .T. ) ;
#3392 = CIRCLE ( 'NONE', #956, 1.571836107868756383 ) ;
#3393 = EDGE_CURVE ( 'NONE', #9292, #7529, #4003, .T. ) ;
#3394 = CARTESIAN_POINT ( 'NONE',  ( 2.060536269002451792, 5.506209728874305043, 0.5000000000000000000 ) ) ;
#3395 = LINE ( 'NONE', #9718, #8114 ) ;
#3396 = DIRECTION ( 'NONE',  ( -0.000000000000000000, -1.836970198721029688E-16, 1.000000000000000000 ) ) ;
#3397 = EDGE_CURVE ( 'NONE', #4182, #11233, #59, .T. ) ;
#3398 = CARTESIAN_POINT ( 'NONE',  ( 6.003118619259574018, -1.370172650836030126, 0.000000000000000000 ) ) ;
#3399 = ORIENTED_EDGE ( 'NONE', *, *, #8961, .T. ) ;
#3400 = DIRECTION ( 'NONE',  ( -1.379535903339907382E-16, -5.518143613359629527E-16, 1.000000000000000000 ) ) ;
#3401 = AXIS2_PLACEMENT_3D ( 'NONE', #4989, #2286, #8788 ) ;
#3402 = ORIENTED_EDGE ( 'NONE', *, *, #5516, .F. ) ;
#3403 = AXIS2_PLACEMENT_3D ( 'NONE', #2604, #5194, #6177 ) ;
#3404 = DIRECTION ( 'NONE',  ( 2.368866679808411896E-16, 0.000000000000000000, 1.000000000000000000 ) ) ;
#3405 = AXIS2_PLACEMENT_3D ( 'NONE', #1850, #8131, #88 ) ;
#3406 = VECTOR ( 'NONE', #2492, 1000.000000000000000 ) ;
#3407 = ORIENTED_EDGE ( 'NONE', *, *, #899, .T. ) ;
#3408 = AXIS2_PLACEMENT_3D ( 'NONE', #2940, #8341, #7570 ) ;
#3409 = CARTESIAN_POINT ( 'NONE',  ( -3.088483592491648277, 4.974111716886804757, -0.5000000000000001110 ) ) ;
#3410 = ORIENTED_EDGE ( 'NONE', *, *, #2142, .T. ) ;
#3411 = DIRECTION ( 'NONE',  ( 0.000000000000000000, 0.000000000000000000, 1.000000000000000000 ) ) ;
#3412 = VERTEX_POINT ( 'NONE', #7448 ) ;
#3413 = LINE ( 'NONE', #10621, #9224 ) ;
#3414 = EDGE_CURVE ( 'NONE', #635, #2860, #2125, .T. ) ;
#3415 = CARTESIAN_POINT ( 'NONE',  ( -4.293545493378855937, -4.051662580317792361, -8.576208590949788468E-17 ) ) ;
#3416 = CIRCLE ( 'NONE', #7343, 1.981214554537471306 ) ;
#3417 = AXIS2_PLACEMENT_3D ( 'NONE', #5004, #2307, #9462 ) ;
#3418 = FACE_OUTER_BOUND ( 'NONE', #355, .T. ) ;
#3419 = VERTEX_POINT ( 'NONE', #11031 ) ;
#3420 = CARTESIAN_POINT ( 'NONE',  ( 4.008646984277485892, -4.267794246079890108, 0.3377898998919803830 ) ) ;
#3421 = VECTOR ( 'NONE', #3507, 1000.000000000000000 ) ;
#3422 = VERTEX_POINT ( 'NONE', #462 ) ;
#3423 = EDGE_CURVE ( 'NONE', #6384, #35, #1232, .T. ) ;
#3424 = VECTOR ( 'NONE', #3517, 1000.000000000000000 ) ;
#3425 = CIRCLE ( 'NONE', #9979, 5.854956726839295023 ) ;
#3426 = FACE_OUTER_BOUND ( 'NONE', #10010, .T. ) ;
#3427 = AXIS2_PLACEMENT_3D ( 'NONE', #10286, #3141, #482 ) ;
#3428 = VERTEX_POINT ( 'NONE', #1693 ) ;
#3429 = LINE ( 'NONE', #2603, #10869 ) ;
#3430 = CIRCLE ( 'NONE', #9986, 1.815000000000000169 ) ;
#3431 = CARTESIAN_POINT ( 'NONE',  ( 0.5838616507318713511, -6.604956726839289693, -0.6893398282201805838 ) ) ;
#3432 = CARTESIAN_POINT ( 'NONE',  ( 2.060536269002453569, 5.506209728874305931, 0.000000000000000000 ) ) ;
#3433 = SPHERICAL_SURFACE ( 'NONE', #5665, 2.043333333333333002 ) ;
#3434 = AXIS2_PLACEMENT_3D ( 'NONE', #6195, #10471, #2509 ) ;
#3435 = AXIS2_PLACEMENT_3D ( 'NONE', #7879, #10703, #2611 ) ;
#3436 = DIRECTION ( 'NONE',  ( 0.000000000000000000, -4.737733359616825765E-16, 1.000000000000000000 ) ) ;
#3437 = ORIENTED_EDGE ( 'NONE', *, *, #6125, .F. ) ;
#3438 = ADVANCED_FACE ( 'NONE', ( #5174 ), #3344, .F. ) ;
#3439 = AXIS2_PLACEMENT_3D ( 'NONE', #1090, #499, #7434 ) ;
#3440 = DIRECTION ( 'NONE',  ( 0.6234898018587263779, 0.7818314824680355768, 6.391696352470597550E-17 ) ) ;
#3441 = PLANE ( 'NONE',  #10706 ) ;
#3442 = AXIS2_PLACEMENT_3D ( 'NONE', #586, #471, #8703 ) ;
#3443 = AXIS2_PLACEMENT_3D ( 'NONE', #11042, #6591, #10171 ) ;
#3444 = DIRECTION ( 'NONE',  ( -0.7818314824680221431, 0.6234898018587431423, -6.916380135000388919E-17 ) ) ;
#3445 = DIRECTION ( 'NONE',  ( -0.6234898018587431423, -0.7818314824680221431, -1.436201133715639822E-16 ) ) ;
#3446 = ORIENTED_EDGE ( 'NONE', *, *, #11510, .F. ) ;
#3447 = CARTESIAN_POINT ( 'NONE',  ( 4.799931324454289161, -4.574604580850397006, -0.6893398282201808058 ) ) ;
#3448 = DIRECTION ( 'NONE',  ( 7.970314984686170449E-17, 3.492023159033191614E-16, -1.000000000000000000 ) ) ;
#3450 = AXIS2_PLACEMENT_3D ( 'NONE', #10075, #2047, #5627 ) ;
#3449 = DIRECTION ( 'NONE',  ( 0.7818314824680310249, 0.6234898018587320401, -6.916380135000592297E-17 ) ) ;
#3451 = DIRECTION ( 'NONE',  ( 0.6234898018587320401, -0.7818314824680310249, 0.000000000000000000 ) ) ;
#3452 = ORIENTED_EDGE ( 'NONE', *, *, #1765, .F. ) ;
#3453 = CARTESIAN_POINT ( 'NONE',  ( -5.589651465188763879, 1.822073486975131829, 0.000000000000000000 ) ) ;
#3454 = CIRCLE ( 'NONE', #6442, 4.618222060490380088 ) ;
#3455 = ORIENTED_EDGE ( 'NONE', *, *, #2757, .F. ) ;
#3456 = AXIS2_PLACEMENT_3D ( 'NONE', #3990, #9367, #6632 ) ;
#3457 = DIRECTION ( 'NONE',  ( -0.8894955886004680679, -0.4569437578743216766, 9.614548998056141258E-17 ) ) ;
#3458 = FACE_OUTER_BOUND ( 'NONE', #6496, .T. ) ;
#3459 = EDGE_CURVE ( 'NONE', #9630, #3563, #5111, .T. ) ;
#3460 = ORIENTED_EDGE ( 'NONE', *, *, #4188, .T. ) ;
#3461 = EDGE_LOOP ( 'NONE', ( #7170, #1201, #7668, #6538, #1402, #8268, #10319, #4745 ) ) ;
#3462 = AXIS2_PLACEMENT_3D ( 'NONE', #11015, #6454, #5690 ) ;
#3463 = VERTEX_POINT ( 'NONE', #5282 ) ;
#3464 = CARTESIAN_POINT ( 'NONE',  ( 0.000000000000000000, 8.673617379884035472E-16, -2.312500000000001776 ) ) ;
#3465 = CARTESIAN_POINT ( 'NONE',  ( 4.777343085962988845, 0.9466836947465373520, -1.000000000000000666 ) ) ;
#3466 = DIRECTION ( 'NONE',  ( -0.9009688679024185909, 0.4338837391175592861, 0.000000000000000000 ) ) ;
#3467 = ORIENTED_EDGE ( 'NONE', *, *, #7096, .F. ) ;
#3468 = DIRECTION ( 'NONE',  ( 1.000000000000000000, 0.000000000000000000, 0.000000000000000000 ) ) ;
#3469 = ORIENTED_EDGE ( 'NONE', *, *, #3620, .F. ) ;
#3470 = ADVANCED_FACE ( 'NONE', ( #643 ), #6918, .T. ) ;
#3471 = CARTESIAN_POINT ( 'NONE',  ( 3.061616997868382648E-16, -2.499999999999998668, -2.250000000000001776 ) ) ;
#3472 = EDGE_CURVE ( 'NONE', #10413, #309, #11113, .T. ) ;
#3473 = DIRECTION ( 'NONE',  ( -0.2225209339563182231, -0.9749279121818226201, -2.069205142716390304E-16 ) ) ;
#3474 = EDGE_CURVE ( 'NONE', #739, #9263, #3775, .T. ) ;
#3475 = ORIENTED_EDGE ( 'NONE', *, *, #5844, .T. ) ;
#3476 = DIRECTION ( 'NONE',  ( 0.9009688679024216995, 0.4338837391175527913, 6.214009302672810188E-17 ) ) ;
#3477 = ORIENTED_EDGE ( 'NONE', *, *, #6359, .T. ) ;
#3478 = CARTESIAN_POINT ( 'NONE',  ( -5.038967452947967551, -2.981497154332332311, 1.027403961127392839E-17 ) ) ;
#3479 = ORIENTED_EDGE ( 'NONE', *, *, #3861, .F. ) ;
#3480 = CARTESIAN_POINT ( 'NONE',  ( -5.881633067923795366, 0.8694980496896298483, -0.005919792233968290164 ) ) ;
#3481 = CARTESIAN_POINT ( 'NONE',  ( 0.000000000000000000, 7.750000000000003553, 2.499999999999999556 ) ) ;
#3482 = CARTESIAN_POINT ( 'NONE',  ( 2.242025237604956107E-16, 4.342500000000001137, -1.830752539561563141 ) ) ;
#3483 = ORIENTED_EDGE ( 'NONE', *, *, #205, .F. ) ;
#3484 = CYLINDRICAL_SURFACE ( 'NONE', #4740, 4.618222060490380088 ) ;
#3485 = ORIENTED_EDGE ( 'NONE', *, *, #7043, .F. ) ;
#3486 = ORIENTED_EDGE ( 'NONE', *, *, #11056, .F. ) ;
#3487 = VECTOR ( 'NONE', #6247, 999.9999999999998863 ) ;
#3488 = EDGE_CURVE ( 'NONE', #5634, #5038, #421, .T. ) ;
#3489 = DIRECTION ( 'NONE',  ( 0.000000000000000000, -1.000000000000000000, -1.836970198721029688E-16 ) ) ;
#3490 = ORIENTED_EDGE ( 'NONE', *, *, #2948, .F. ) ;
#3491 = DIRECTION ( 'NONE',  ( 1.000000000000000000, 0.000000000000000000, 0.000000000000000000 ) ) ;
#3492 = FACE_OUTER_BOUND ( 'NONE', #9316, .T. ) ;
#3493 = CARTESIAN_POINT ( 'NONE',  ( -3.268783863109587795, 4.857815396626754989, 0.3377898998919801610 ) ) ;
#3494 = DIRECTION ( 'NONE',  ( 0.000000000000000000, 1.836970198721029688E-16, -1.000000000000000000 ) ) ;
#3495 = EDGE_LOOP ( 'NONE', ( #6043, #9575, #10591, #4867 ) ) ;
#3496 = EDGE_CURVE ( 'NONE', #9904, #10311, #2498, .T. ) ;
#3497 = CARTESIAN_POINT ( 'NONE',  ( -3.672671815153218056, 5.270478426982723619, 0.000000000000000000 ) ) ;
#3498 = CARTESIAN_POINT ( 'NONE',  ( 5.676429351579480809, 1.768554274156072026, -0.005919792233968121029 ) ) ;
#3499 = DIRECTION ( 'NONE',  ( -0.000000000000000000, -1.836970198721029688E-16, 1.000000000000000000 ) ) ;
#3500 =( BOUNDED_CURVE ( )  B_SPLINE_CURVE ( 3, ( #4694, #9974, #5635, #2883 ),
 .UNSPECIFIED., .F., .F. ) 
 B_SPLINE_CURVE_WITH_KNOTS ( ( 4, 4 ),
 ( 3.141592653589793116, 4.712388980384689674 ),
 .UNSPECIFIED. ) 
 CURVE ( )  GEOMETRIC_REPRESENTATION_ITEM ( )  RATIONAL_B_SPLINE_CURVE ( ( 1.000000000000000000, 0.8047378541243649375, 0.8047378541243649375, 1.000000000000000000 ) ) 
 REPRESENTATION_ITEM ( '' )  );
#3501 = CARTESIAN_POINT ( 'NONE',  ( 0.000000000000000000, 0.000000000000000000, 0.5000000000000000000 ) ) ;
#3502 = ORIENTED_EDGE ( 'NONE', *, *, #7625, .T. ) ;
#3503 = DIRECTION ( 'NONE',  ( 1.000000000000000000, -1.224646799147353207E-16, -2.249639673992786412E-32 ) ) ;
#3504 = CARTESIAN_POINT ( 'NONE',  ( 4.245533895084504294, -4.066890364875010988, 0.4999999999999983902 ) ) ;
#3505 = EDGE_CURVE ( 'NONE', #160, #8152, #11386, .T. ) ;
#3506 = CARTESIAN_POINT ( 'NONE',  ( -5.148848552145754098, -2.787449884792063237, 0.4999999999999986122 ) ) ;
#3507 = DIRECTION ( 'NONE',  ( 7.970314984686170449E-17, 3.492023159033191614E-16, -1.000000000000000000 ) ) ;
#3508 = VERTEX_POINT ( 'NONE', #8858 ) ;
#3509 = DIRECTION ( 'NONE',  ( -1.436201133715656092E-16, 6.916380135000592297E-17, -1.000000000000000000 ) ) ;
#3510 = ORIENTED_EDGE ( 'NONE', *, *, #10577, .F. ) ;
#3511 = CARTESIAN_POINT ( 'NONE',  ( -3.429523072411277962, 4.745407228990935700, 0.000000000000000000 ) ) ;
#3512 = CARTESIAN_POINT ( 'NONE',  ( -4.714988052979766309, 1.219878944467608362, -1.000000000000000666 ) ) ;
#3513 = VERTEX_POINT ( 'NONE', #7040 ) ;
#3514 = ORIENTED_EDGE ( 'NONE', *, *, #10459, .F. ) ;
#3515 = DIRECTION ( 'NONE',  ( -0.2225209339563178346, 0.9749279121818228422, 0.000000000000000000 ) ) ;
#3516 = EDGE_CURVE ( 'NONE', #9037, #8704, #5461, .T. ) ;
#3517 = DIRECTION ( 'NONE',  ( -0.2225209339563050392, 0.9749279121818257288, 0.000000000000000000 ) ) ;
#3518 = CARTESIAN_POINT ( 'NONE',  ( 0.000000000000000000, 0.000000000000000000, -0.5000000000000000000 ) ) ;
#3519 = CARTESIAN_POINT ( 'NONE',  ( 0.000000000000000000, -6.110138298710051439E-31, 2.500000000000003553 ) ) ;
#3520 = EDGE_LOOP ( 'NONE', ( #3136, #2056, #678, #2457, #117, #10099 ) ) ;
#3521 = DIRECTION ( 'NONE',  ( 0.4338837391175526248, -0.9009688679024218105, -3.492023159033202461E-16 ) ) ;
#3522 = VERTEX_POINT ( 'NONE', #10491 ) ;
#3523 = ADVANCED_FACE ( 'NONE', ( #4172 ), #1515, .F. ) ;
#3524 = CARTESIAN_POINT ( 'NONE',  ( -5.118371538954584743, -1.168234903270601421, 0.000000000000000000 ) ) ;
#3525 = CARTESIAN_POINT ( 'NONE',  ( 5.118371538954569644, -1.168234903270670699, -1.179010624569937576E-15 ) ) ;
#3526 = ORIENTED_EDGE ( 'NONE', *, *, #10375, .T. ) ;
#3527 = LINE ( 'NONE', #11391, #7657 ) ;
#3528 = ORIENTED_EDGE ( 'NONE', *, *, #4529, .T. ) ;
#3529 = CARTESIAN_POINT ( 'NONE',  ( -3.969751236990498811, -4.303672082021713585, 0.4999999999999990563 ) ) ;
#3530 = ORIENTED_EDGE ( 'NONE', *, *, #590, .F. ) ;
#3531 = CARTESIAN_POINT ( 'NONE',  ( -4.577589497530911267, -3.650505809508515220, -0.2500000000000000000 ) ) ;
#3532 = FACE_OUTER_BOUND ( 'NONE', #7269, .T. ) ;
#3533 = FACE_OUTER_BOUND ( 'NONE', #11199, .T. ) ;
#3534 = VERTEX_POINT ( 'NONE', #6041 ) ;
#3535 = DIRECTION ( 'NONE',  ( -0.6234898018587320401, 0.7818314824680310249, 1.436201133715656092E-16 ) ) ;
#3536 = ORIENTED_EDGE ( 'NONE', *, *, #11475, .F. ) ;
#3537 = EDGE_CURVE ( 'NONE', #10435, #1406, #8864, .T. ) ;
#3538 = VERTEX_POINT ( 'NONE', #1584 ) ;
#3539 = CARTESIAN_POINT ( 'NONE',  ( 7.181005668578280462E-17, -3.458190067500296149E-17, 0.5000000000000000000 ) ) ;
#3540 = ORIENTED_EDGE ( 'NONE', *, *, #6300, .T. ) ;
#3541 = CARTESIAN_POINT ( 'NONE',  ( 0.000000000000000000, 6.157500000000000639, 0.000000000000000000 ) ) ;
#3542 = CARTESIAN_POINT ( 'NONE',  ( 5.708160737612343105, 1.302850439130150750, -0.2500000000000000000 ) ) ;
#3543 = ADVANCED_FACE ( 'NONE', ( #6103 ), #1460, .T. ) ;
#3544 = CARTESIAN_POINT ( 'NONE',  ( -5.805951662544220682, 0.7559388635073158724, -1.069247214884579669E-13 ) ) ;
#3545 = EDGE_CURVE ( 'NONE', #962, #3688, #2891, .T. ) ;
#3546 = FACE_OUTER_BOUND ( 'NONE', #8524, .T. ) ;
#3547 = ADVANCED_FACE ( 'NONE', ( #4285 ), #6871, .F. ) ;
#3548 = CARTESIAN_POINT ( 'NONE',  ( -5.850399315318000504, 1.803152313773409565, -0.2083800311308725006 ) ) ;
#3549 = EDGE_LOOP ( 'NONE', ( #11530, #10315, #1935, #10436 ) ) ;
#3550 = CARTESIAN_POINT ( 'NONE',  ( 2.540370517012537466, 5.275133733798051061, -0.2500000000000000000 ) ) ;
#3551 = DIRECTION ( 'NONE',  ( 0.2225209339563193056, 0.9749279121818225091, 3.547123868636634287E-17 ) ) ;
#3552 = PLANE ( 'NONE',  #1109 ) ;
#3553 = CARTESIAN_POINT ( 'NONE',  ( -5.118371538954584743, -1.168234903270601421, -1.179010624569924560E-15 ) ) ;
#3554 = VERTEX_POINT ( 'NONE', #10442 ) ;
#3555 = DIRECTION ( 'NONE',  ( -0.6234898018587268220, -0.7818314824680351327, 0.000000000000000000 ) ) ;
#3556 = CIRCLE ( 'NONE', #6200, 2.043333333333333002 ) ;
#3557 = FACE_OUTER_BOUND ( 'NONE', #5723, .T. ) ;
#3558 = PLANE ( 'NONE',  #3434 ) ;
#3559 = ADVANCED_FACE ( 'NONE', ( #10736 ), #1994, .T. ) ;
#3560 = DIRECTION ( 'NONE',  ( 0.000000000000000000, 1.836970198721029688E-16, -1.000000000000000000 ) ) ;
#3561 = ORIENTED_EDGE ( 'NONE', *, *, #10430, .F. ) ;
#3562 = DIRECTION ( 'NONE',  ( -0.9749279121818257288, -0.2225209339563050392, -2.245734522990332355E-16 ) ) ;
#3563 = VERTEX_POINT ( 'NONE', #11614 ) ;
#3564 = DIRECTION ( 'NONE',  ( -0.7818314824680221431, 0.6234898018587431423, -6.916380135000388919E-17 ) ) ;
#3565 = VECTOR ( 'NONE', #7883, 1000.000000000000000 ) ;
#3566 = EDGE_CURVE ( 'NONE', #1216, #1046, #9648, .T. ) ;
#3567 = CARTESIAN_POINT ( 'NONE',  ( 2.277889630367151419, -4.730086556487714589, 0.000000000000000000 ) ) ;
#3568 = VERTEX_POINT ( 'NONE', #3699 ) ;
#3569 = CARTESIAN_POINT ( 'NONE',  ( 6.309435231926579846, 2.038964159748405169, 0.09181046656276505014 ) ) ;
#3570 = FACE_OUTER_BOUND ( 'NONE', #7510, .T. ) ;
#3571 = CARTESIAN_POINT ( 'NONE',  ( 0.000000000000000000, -3.434999999999998277, -1.089635132033648094E-15 ) ) ;
#3572 = VECTOR ( 'NONE', #10228, 1000.000000000000000 ) ;
#3573 = DIRECTION ( 'NONE',  ( -0.000000000000000000, -0.000000000000000000, -1.000000000000000000 ) ) ;
#3574 = AXIS2_PLACEMENT_3D ( 'NONE', #1296, #5950, #5834 ) ;
#3575 = ORIENTED_EDGE ( 'NONE', *, *, #10525, .T. ) ;
#3576 = FACE_OUTER_BOUND ( 'NONE', #2223, .T. ) ;
#3577 = ORIENTED_EDGE ( 'NONE', *, *, #1121, .T. ) ;
#3578 = CARTESIAN_POINT ( 'NONE',  ( 0.000000000000000000, 4.342500000000001137, 0.000000000000000000 ) ) ;
#3579 = EDGE_CURVE ( 'NONE', #3538, #4417, #11497, .T. ) ;
#3580 = CARTESIAN_POINT ( 'NONE',  ( 4.915055493357639804, -3.201427883957437270, 0.000000000000000000 ) ) ;
#3581 = AXIS2_PLACEMENT_3D ( 'NONE', #6106, #10561, #8794 ) ;
#3582 = ORIENTED_EDGE ( 'NONE', *, *, #10348, .T. ) ;
#3583 = CIRCLE ( 'NONE', #2829, 1.830752539561562253 ) ;
#3584 = CARTESIAN_POINT ( 'NONE',  ( 4.194718638844057601, -4.084972266584823153, -0.3369498210078146760 ) ) ;
#3585 = VERTEX_POINT ( 'NONE', #10796 ) ;
#3586 = DIRECTION ( 'NONE',  ( 1.000000000000000000, 0.000000000000000000, 0.000000000000000000 ) ) ;
#3587 = ORIENTED_EDGE ( 'NONE', *, *, #7246, .F. ) ;
#3589 = CIRCLE ( 'NONE', #9755, 1.815000000000000169 ) ;
#3588 = DIRECTION ( 'NONE',  ( -0.2225209339563178901, -0.9749279121818228422, -1.790913520579322294E-16 ) ) ;
#3590 = LINE ( 'NONE', #8214, #10510 ) ;
#3591 = LINE ( 'NONE', #8934, #8693 ) ;
#3592 = ORIENTED_EDGE ( 'NONE', *, *, #5953, .F. ) ;
#3593 = CARTESIAN_POINT ( 'NONE',  ( -4.909645099977375082, -3.234121254141959945, 0.4999999999999985012 ) ) ;
#3594 = CIRCLE ( 'NONE', #2836, 1.815000000000000391 ) ;
#3595 = ORIENTED_EDGE ( 'NONE', *, *, #887, .F. ) ;
#3596 = CONICAL_SURFACE ( 'NONE', #2837, 2.499999999999999556, 0.7853981633974275178 ) ;
#3597 = AXIS2_PLACEMENT_3D ( 'NONE', #2253, #9522, #5013 ) ;
#3598 = ORIENTED_EDGE ( 'NONE', *, *, #8924, .F. ) ;
#3599 = CIRCLE ( 'NONE', #10143, 0.9074999999999993072 ) ;
#3600 = FACE_OUTER_BOUND ( 'NONE', #9685, .T. ) ;
#3601 = ORIENTED_EDGE ( 'NONE', *, *, #7405, .T. ) ;
#3602 = AXIS2_PLACEMENT_3D ( 'NONE', #3669, #774, #713 ) ;
#3603 = ADVANCED_FACE ( 'NONE', ( #3576 ), #6385, .T. ) ;
#3604 = AXIS2_PLACEMENT_3D ( 'NONE', #2241, #11285, #1420 ) ;
#3605 = CARTESIAN_POINT ( 'NONE',  ( -3.312417284811250084, 4.827878416493561531, 0.5000000000000007772 ) ) ;
#3606 = CARTESIAN_POINT ( 'NONE',  ( 5.118371538954569644, -1.168234903270670699, 0.000000000000000000 ) ) ;
#3607 = CARTESIAN_POINT ( 'NONE',  ( 0.4679647384833096058, -4.594451436628344432, -1.641691345650336352E-15 ) ) ;
#3608 = CARTESIAN_POINT ( 'NONE',  ( 0.000000000000000000, 2.749999999999993783, 2.500000000000003997 ) ) ;
#3609 = B_SPLINE_CURVE_WITH_KNOTS ( 'NONE', 3,
 ( #11175, #3139, #6712, #1722, #5316, #7945 ),
 .UNSPECIFIED., .F., .F.,
 ( 4, 2, 4 ),
 ( 2.710505431213761085E-20, 9.444245675926943306E-05, 0.0001888849135185388390 ),
 .UNSPECIFIED. ) ;
#3610 = DIRECTION ( 'NONE',  ( 2.368866679808411896E-16, 0.000000000000000000, 1.000000000000000000 ) ) ;
#3611 = ORIENTED_EDGE ( 'NONE', *, *, #9490, .F. ) ;
#3612 = AXIS2_PLACEMENT_3D ( 'NONE', #2722, #7101, #6055 ) ;
#3613 = AXIS2_PLACEMENT_3D ( 'NONE', #9491, #7784, #11376 ) ;
#3614 = TOROIDAL_SURFACE ( 'NONE', #6033, 2.687500000000000000, 0.1875000000000000000 ) ;
#3615 = ADVANCED_FACE ( 'NONE', ( #3647 ), #9962, .T. ) ;
#3616 = DIRECTION ( 'NONE',  ( -0.000000000000000000, -1.836970198721029688E-16, 1.000000000000000000 ) ) ;
#3617 = ADVANCED_FACE ( 'NONE', ( #10967 ), #1870, .T. ) ;
#3618 = AXIS2_PLACEMENT_3D ( 'NONE', #7683, #7516, #1471 ) ;
#3619 = CARTESIAN_POINT ( 'NONE',  ( -1.571836107868756383, 6.157500000000000639, 0.000000000000000000 ) ) ;
#3620 = EDGE_CURVE ( 'NONE', #10753, #10522, #5874, .T. ) ;
#3621 = CARTESIAN_POINT ( 'NONE',  ( -1.571836107868694210, 4.342500000000022453, -2.168404344971008868E-16 ) ) ;
#3622 = CARTESIAN_POINT ( 'NONE',  ( 0.000000000000000000, 0.000000000000000000, 0.000000000000000000 ) ) ;
#3623 = ORIENTED_EDGE ( 'NONE', *, *, #504, .F. ) ;
#3624 = CARTESIAN_POINT ( 'NONE',  ( 4.606537821801000909, -4.318852133215581368, -1.000000000000001998 ) ) ;
#3625 = CIRCLE ( 'NONE', #1178, 0.2041022026635772313 ) ;
#3626 = CIRCLE ( 'NONE', #7175, 1.830752539561562919 ) ;
#3627 = CARTESIAN_POINT ( 'NONE',  ( -1.571836107868694210, 4.342500000000022453, 0.5000000000000001110 ) ) ;
#3628 = DIRECTION ( 'NONE',  ( -0.9009688679024157043, 0.4338837391175651703, 1.841765843617871870E-16 ) ) ;
#3629 = ORIENTED_EDGE ( 'NONE', *, *, #2920, .T. ) ;
#3630 = CARTESIAN_POINT ( 'NONE',  ( -3.863289285114959171, -4.399490217363446476, 0.4999999999999981681 ) ) ;
#3631 = AXIS2_PLACEMENT_3D ( 'NONE', #7091, #571, #9555 ) ;
#3632 = ORIENTED_EDGE ( 'NONE', *, *, #10907, .T. ) ;
#3633 = CIRCLE ( 'NONE', #6062, 1.830752539561562253 ) ;
#3634 = CARTESIAN_POINT ( 'NONE',  ( 0.5549598885185034192, -5.828596554514323458, -0.1680762712353563726 ) ) ;
#3635 = AXIS2_PLACEMENT_3D ( 'NONE', #10743, #6391, #8207 ) ;
#3636 = EDGE_CURVE ( 'NONE', #4840, #4293, #8883, .T. ) ;
#3637 = CARTESIAN_POINT ( 'NONE',  ( 0.000000000000000000, 0.000000000000000000, 0.5000000000000000000 ) ) ;
#3638 = VECTOR ( 'NONE', #2341, 1000.000000000000000 ) ;
#3639 = VERTEX_POINT ( 'NONE', #2708 ) ;
#3640 = DIRECTION ( 'NONE',  ( -7.970314984686170449E-17, -3.492023159033191614E-16, 1.000000000000000000 ) ) ;
#3641 = DIRECTION ( 'NONE',  ( 0.4338837391175649483, 0.9009688679024158153, 3.492023159033192107E-16 ) ) ;
#3642 = DIRECTION ( 'NONE',  ( 0.7818314824680354658, -0.6234898018587264890, 0.000000000000000000 ) ) ;
#3643 = AXIS2_PLACEMENT_3D ( 'NONE', #2724, #9684, #8983 ) ;
#3644 = CIRCLE ( 'NONE', #7948, 5.854956726839295023 ) ;
#3645 = DIRECTION ( 'NONE',  ( 0.4338837391175526248, -0.9009688679024218105, -3.492023159033203447E-16 ) ) ;
#3646 = ORIENTED_EDGE ( 'NONE', *, *, #2142, .F. ) ;
#3647 = FACE_OUTER_BOUND ( 'NONE', #1029, .T. ) ;
#3648 = ADVANCED_FACE ( 'NONE', ( #1818 ), #9415, .T. ) ;
#3649 = ORIENTED_EDGE ( 'NONE', *, *, #10290, .F. ) ;
#3650 =( BOUNDED_CURVE ( )  B_SPLINE_CURVE ( 3, ( #11049, #603, #6666, #1373 ),
 .UNSPECIFIED., .F., .F. ) 
 B_SPLINE_CURVE_WITH_KNOTS ( ( 4, 4 ),
 ( -8.881784197001252323E-16, 1.272986069724403313 ),
 .UNSPECIFIED. ) 
 CURVE ( )  GEOMETRIC_REPRESENTATION_ITEM ( )  RATIONAL_B_SPLINE_CURVE ( ( 1.000000000000000000, 0.8694567765201491882, 0.8694567765201491882, 1.000000000000000000 ) ) 
 REPRESENTATION_ITEM ( '' )  );
#3651 = DIRECTION ( 'NONE',  ( -0.7818314824680221431, 0.6234898018587431423, -6.916380135000388919E-17 ) ) ;
#3652 = DIRECTION ( 'NONE',  ( 0.000000000000000000, 0.000000000000000000, 1.000000000000000000 ) ) ;
#3653 = AXIS2_PLACEMENT_3D ( 'NONE', #7913, #3573, #5398 ) ;
#3654 = ORIENTED_EDGE ( 'NONE', *, *, #7188, .F. ) ;
#3655 = DIRECTION ( 'NONE',  ( 0.000000000000000000, -1.000000000000000000, -1.836970198721029441E-16 ) ) ;
#3656 = ORIENTED_EDGE ( 'NONE', *, *, #1382, .F. ) ;
#3657 = DIRECTION ( 'NONE',  ( -0.000000000000000000, -0.000000000000000000, -1.000000000000000000 ) ) ;
#3658 = EDGE_LOOP ( 'NONE', ( #1231, #5747, #5014, #8065 ) ) ;
#3659 = DIRECTION ( 'NONE',  ( 0.4338837391175526248, -0.9009688679024218105, -3.492023159033202461E-16 ) ) ;
#3660 = DIRECTION ( 'NONE',  ( 0.000000000000000000, -2.759071806679814764E-16, 1.000000000000000000 ) ) ;
#3661 = DIRECTION ( 'NONE',  ( -1.436201133715639822E-16, 6.916380135000388919E-17, -1.000000000000000000 ) ) ;
#3662 = ORIENTED_EDGE ( 'NONE', *, *, #3953, .F. ) ;
#3663 = FACE_OUTER_BOUND ( 'NONE', #2918, .T. ) ;
#3664 = EDGE_CURVE ( 'NONE', #11423, #3508, #5315, .T. ) ;
#3665 = ORIENTED_EDGE ( 'NONE', *, *, #8837, .F. ) ;
#3666 = VERTEX_POINT ( 'NONE', #8153 ) ;
#3667 = CARTESIAN_POINT ( 'NONE',  ( 0.1401104873024962005, -4.868222060490378311, -0.5000000000000017764 ) ) ;
#3668 = ORIENTED_EDGE ( 'NONE', *, *, #4202, .F. ) ;
#3669 = CARTESIAN_POINT ( 'NONE',  ( 0.000000000000000000, 8.955114908127599974E-16, -2.374937500000000590 ) ) ;
#3670 = CARTESIAN_POINT ( 'NONE',  ( -3.049140773982571329, 4.998540128704565433, -0.3369498210078558098 ) ) ;
#3671 = CARTESIAN_POINT ( 'NONE',  ( 2.277889630367151419, -4.730086556487714589, -1.833312158492431403E-15 ) ) ;
#3672 = EDGE_CURVE ( 'NONE', #10446, #9742, #4372, .T. ) ;
#3674 = AXIS2_PLACEMENT_3D ( 'NONE', #7871, #714, #11466 ) ;
#3673 = CARTESIAN_POINT ( 'NONE',  ( 5.052799604794826038, -2.958468273484582411, 0.3377898998919794393 ) ) ;
#3675 = ORIENTED_EDGE ( 'NONE', *, *, #8028, .F. ) ;
#3676 = ADVANCED_FACE ( 'NONE', ( #214 ), #922, .T. ) ;
#3677 = CARTESIAN_POINT ( 'NONE',  ( 1.709328942962086373, 5.599885073634353283, -0.5000000000000000000 ) ) ;
#3678 = CARTESIAN_POINT ( 'NONE',  ( 5.626301332448045756, 1.787522275372992020, 1.948175778684891088E-17 ) ) ;
#3679 = FACE_OUTER_BOUND ( 'NONE', #5902, .T. ) ;
#3680 = LINE ( 'NONE', #8006, #2655 ) ;
#3681 = ORIENTED_EDGE ( 'NONE', *, *, #4683, .F. ) ;
#3682 = CARTESIAN_POINT ( 'NONE',  ( 6.053386115997621886, 0.9138090314649699453, -0.2500000000000008327 ) ) ;
#3683 = CARTESIAN_POINT ( 'NONE',  ( 4.286300841671454087, -4.053960358340393810, 0.4999999999999983902 ) ) ;
#3684 = DIRECTION ( 'NONE',  ( 0.000000000000000000, 1.000000000000000000, 3.283447024964802684E-16 ) ) ;
#3685 = EDGE_CURVE ( 'NONE', #10364, #1238, #9797, .T. ) ;
#3686 = ORIENTED_EDGE ( 'NONE', *, *, #6158, .F. ) ;
#3687 = CARTESIAN_POINT ( 'NONE',  ( -0.4535054166673543885, -6.094773972782292049, -0.1680249406405554258 ) ) ;
#3688 = VERTEX_POINT ( 'NONE', #4462 ) ;
#3689 = ADVANCED_FACE ( 'NONE', ( #8026 ), #8500, .T. ) ;
#3690 = CARTESIAN_POINT ( 'NONE',  ( -5.118371538954584743, -1.168234903270601421, -1.179010624569924560E-15 ) ) ;
#3691 = ORIENTED_EDGE ( 'NONE', *, *, #3953, .T. ) ;
#3692 = CARTESIAN_POINT ( 'NONE',  ( 5.443915612728972064, 2.155064053490393317, -0.5000000000000006661 ) ) ;
#3693 = CARTESIAN_POINT ( 'NONE',  ( 2.671639123616330824, -5.547715804109162541, -2.150213260174694521E-15 ) ) ;
#3694 = EDGE_CURVE ( 'NONE', #4444, #546, #6245, .T. ) ;
#3695 = CARTESIAN_POINT ( 'NONE',  ( 4.577589497530961893, -3.650505809508451716, -0.2500000000000016098 ) ) ;
#3696 = ADVANCED_FACE ( 'NONE', ( #6506 ), #7606, .T. ) ;
#3697 = FACE_OUTER_BOUND ( 'NONE', #6160, .T. ) ;
#3698 = ORIENTED_EDGE ( 'NONE', *, *, #907, .T. ) ;
#3699 = CARTESIAN_POINT ( 'NONE',  ( -3.028934849369945503, 5.010595967690171904, -1.069247215918555435E-13 ) ) ;
#3700 = VERTEX_POINT ( 'NONE', #450 ) ;
#3701 = ADVANCED_FACE ( 'NONE', ( #11017 ), #4918, .F. ) ;
#3702 = CARTESIAN_POINT ( 'NONE',  ( -5.472773158956988127, 2.080690323849431422, 1.027403880348036144E-17 ) ) ;
#3703 = PLANE ( 'NONE',  #3082 ) ;
#3704 = ORIENTED_EDGE ( 'NONE', *, *, #6747, .T. ) ;
#3705 = DIRECTION ( 'NONE',  ( 0.000000000000000000, -4.244837216908990117E-16, 1.000000000000000000 ) ) ;
#3706 = ORIENTED_EDGE ( 'NONE', *, *, #8021, .F. ) ;
#3707 = CARTESIAN_POINT ( 'NONE',  ( 4.293480474678609937, -4.051683202225681235, -1.429368098491631206E-17 ) ) ;
#3708 = ORIENTED_EDGE ( 'NONE', *, *, #6568, .F. ) ;
#3709 = CARTESIAN_POINT ( 'NONE',  ( -2.339742150879213334, 6.204188460871741029, -0.2499999999999997780 ) ) ;
#3710 = DIRECTION ( 'NONE',  ( 1.000000000000000000, 0.000000000000000000, 0.000000000000000000 ) ) ;
#3711 = CARTESIAN_POINT ( 'NONE',  ( -5.118371538954584743, -1.168234903270601421, -1.179010624569924560E-15 ) ) ;
#3712 = ORIENTED_EDGE ( 'NONE', *, *, #5953, .T. ) ;
#3713 = CARTESIAN_POINT ( 'NONE',  ( 3.059779840274899243, 5.302478452986587598, -0.2500000000000000000 ) ) ;
#3714 = EDGE_CURVE ( 'NONE', #10632, #11030, #2690, .T. ) ;
#3715 = ORIENTED_EDGE ( 'NONE', *, *, #8417, .F. ) ;
#3716 = AXIS2_PLACEMENT_3D ( 'NONE', #1146, #5859, #10119 ) ;
#3717 = ORIENTED_EDGE ( 'NONE', *, *, #6775, .T. ) ;
#3718 = ADVANCED_FACE ( 'NONE', ( #1270 ), #2105, .T. ) ;
#3719 = FACE_OUTER_BOUND ( 'NONE', #8183, .T. ) ;
#3720 = ORIENTED_EDGE ( 'NONE', *, *, #11242, .T. ) ;
#3721 = AXIS2_PLACEMENT_3D ( 'NONE', #4497, #8067, #1857 ) ;
#3722 = CARTESIAN_POINT ( 'NONE',  ( -5.833575934969705834, 0.4999100760174899349, -0.1706127626411395037 ) ) ;
#3723 = CARTESIAN_POINT ( 'NONE',  ( -3.020204765022622695, 5.044057738721797080, 0.4999999999999998890 ) ) ;
#3724 = CARTESIAN_POINT ( 'NONE',  ( -2.992045089753862630, 5.147507901534308594, -0.01348139819834180513 ) ) ;
#3725 = VERTEX_POINT ( 'NONE', #9361 ) ;
#3726 = DIRECTION ( 'NONE',  ( 0.000000000000000000, 0.000000000000000000, 1.000000000000000000 ) ) ;
#3727 = EDGE_CURVE ( 'NONE', #3766, #1406, #3983, .T. ) ;
#3728 = PLANE ( 'NONE',  #6584 ) ;
#3729 = ORIENTED_EDGE ( 'NONE', *, *, #2958, .T. ) ;
#3730 = B_SPLINE_CURVE_WITH_KNOTS ( 'NONE', 3,
 ( #11610, #11382, #8853, #9612, #4458, #2631 ),
 .UNSPECIFIED., .F., .F.,
 ( 4, 2, 4 ),
 ( 0.000000000000000000, 0.0001264732032664002870, 0.0002529464065328005740 ),
 .UNSPECIFIED. ) ;
#3731 = CARTESIAN_POINT ( 'NONE',  ( 0.5325758359744934278, -5.854956726839289693, 0.4999999999999979461 ) ) ;
#3732 = CARTESIAN_POINT ( 'NONE',  ( -0.4484599904915962387, -6.075027395718191059, 0.4669859836141802001 ) ) ;
#3733 = ORIENTED_EDGE ( 'NONE', *, *, #99, .F. ) ;
#3734 = CARTESIAN_POINT ( 'NONE',  ( 3.395103212617425203, 2.707504464571544478, -3.003438073624007870E-16 ) ) ;
#3735 = CYLINDRICAL_SURFACE ( 'NONE', #1128, 0.2041022026635771758 ) ;
#3736 = ORIENTED_EDGE ( 'NONE', *, *, #7836, .T. ) ;
#3737 = CARTESIAN_POINT ( 'NONE',  ( 7.181005668578280462E-17, -3.458190067500296149E-17, 0.5000000000000000000 ) ) ;
#3738 = EDGE_LOOP ( 'NONE', ( #6514, #11098, #6058, #4230, #2813, #10597, #10076, #738 ) ) ;
#3739 = SPHERICAL_SURFACE ( 'NONE', #5310, 1.815000000000000169 ) ;
#3740 = DIRECTION ( 'NONE',  ( 0.9009688679024216995, 0.4338837391175526248, 7.042984236905964948E-17 ) ) ;
#3741 = ORIENTED_EDGE ( 'NONE', *, *, #939, .T. ) ;
#3742 = ADVANCED_FACE ( 'NONE', ( #11142 ), #4854, .F. ) ;
#3743 = DIRECTION ( 'NONE',  ( -1.000000000000000000, 0.000000000000000000, -0.000000000000000000 ) ) ;
#3744 = DIRECTION ( 'NONE',  ( 0.000000000000000000, -1.000000000000000000, -1.836970198721029688E-16 ) ) ;
#3745 = DIRECTION ( 'NONE',  ( 0.000000000000000000, 0.000000000000000000, 1.000000000000000000 ) ) ;
#3746 = CARTESIAN_POINT ( 'NONE',  ( 4.104615282957162492, 3.273321459758343543, -3.631099570875311634E-16 ) ) ;
#3747 = ORIENTED_EDGE ( 'NONE', *, *, #10562, .T. ) ;
#3748 = DIRECTION ( 'NONE',  ( 1.000000000000000000, 0.000000000000000000, -0.000000000000000000 ) ) ;
#3749 = ORIENTED_EDGE ( 'NONE', *, *, #2828, .T. ) ;
#3750 = AXIS2_PLACEMENT_3D ( 'NONE', #6363, #846, #9935 ) ;
#3751 = CARTESIAN_POINT ( 'NONE',  ( 0.000000000000000000, 3.292616826589029872E-31, 2.499999999999998224 ) ) ;
#3752 = DIRECTION ( 'NONE',  ( 0.000000000000000000, 1.000000000000000000, 3.728405581603685866E-16 ) ) ;
#3753 = EDGE_CURVE ( 'NONE', #5646, #288, #72, .T. ) ;
#3754 = EDGE_CURVE ( 'NONE', #4020, #6040, #5692, .T. ) ;
#3755 = VERTEX_POINT ( 'NONE', #7488 ) ;
#3756 = DIRECTION ( 'NONE',  ( 1.436201133715656092E-16, -6.916380135000592297E-17, 1.000000000000000000 ) ) ;
#3757 = ORIENTED_EDGE ( 'NONE', *, *, #5718, .F. ) ;
#3758 = DIRECTION ( 'NONE',  ( -7.970314984685941186E-17, 3.492023159033203447E-16, -1.000000000000000000 ) ) ;
#3759 = VECTOR ( 'NONE', #2911, 1000.000000000000000 ) ;
#3760 = EDGE_CURVE ( 'NONE', #10987, #8678, #4012, .T. ) ;
#3761 = CIRCLE ( 'NONE', #3385, 1.830752539561562919 ) ;
#3762 = ORIENTED_EDGE ( 'NONE', *, *, #10278, .F. ) ;
#3763 = DIRECTION ( 'NONE',  ( -0.4338837391175649483, -0.9009688679024159264, -3.492023159033192600E-16 ) ) ;
#3764 = CARTESIAN_POINT ( 'NONE',  ( 2.975573366994105905E-16, 4.342500000000001137, -0.4999999999999993339 ) ) ;
#3765 = CARTESIAN_POINT ( 'NONE',  ( 5.955582891440510451, 2.407798482907614446, 0.000000000000000000 ) ) ;
#3766 = VERTEX_POINT ( 'NONE', #10247 ) ;
#3767 = CARTESIAN_POINT ( 'NONE',  ( 3.039904091628594429, 5.278831057677257022, -0.1313876030881679091 ) ) ;
#3768 = ORIENTED_EDGE ( 'NONE', *, *, #8549, .T. ) ;
#3769 = AXIS2_PLACEMENT_3D ( 'NONE', #7848, #4348, #1462 ) ;
#3770 = AXIS2_PLACEMENT_3D ( 'NONE', #7097, #7850, #3476 ) ;
#3771 = AXIS2_PLACEMENT_3D ( 'NONE', #4119, #2235, #1416 ) ;
#3772 = CARTESIAN_POINT ( 'NONE',  ( -7.181005668578280462E-17, 3.458190067500296149E-17, -0.5000000000000000000 ) ) ;
#3773 = ADVANCED_FACE ( 'NONE', ( #1395 ), #1217, .F. ) ;
#3774 = EDGE_LOOP ( 'NONE', ( #2782, #7056, #6679, #9665 ) ) ;
#3775 = B_SPLINE_CURVE_WITH_KNOTS ( 'NONE', 3,
 ( #2404, #7794, #6979, #10557 ),
 .UNSPECIFIED., .F., .F.,
 ( 4, 4 ),
 ( 2.074124149177876187E-07, 0.0005065015518753983748 ),
 .UNSPECIFIED. ) ;
#3776 = DIRECTION ( 'NONE',  ( -0.2225209339563117839, -0.9749279121818241745, -2.587945019047930958E-16 ) ) ;
#3777 = CARTESIAN_POINT ( 'NONE',  ( 1.571836107868757049, 4.342500000000001137, 0.000000000000000000 ) ) ;
#3778 = AXIS2_PLACEMENT_3D ( 'NONE', #961, #4617, #8900 ) ;
#3779 = AXIS2_PLACEMENT_3D ( 'NONE', #9761, #5253, #845 ) ;
#3780 = DIRECTION ( 'NONE',  ( 0.6234898018587431423, 0.7818314824680221431, -0.000000000000000000 ) ) ;
#3781 = CARTESIAN_POINT ( 'NONE',  ( 0.000000000000000000, 5.250000000000000000, 0.000000000000000000 ) ) ;
#3782 = ADVANCED_FACE ( 'NONE', ( #2273 ), #5865, .F. ) ;
#3783 = AXIS2_PLACEMENT_3D ( 'NONE', #11203, #9446, #6741 ) ;
#3784 = ORIENTED_EDGE ( 'NONE', *, *, #7304, .F. ) ;
#3785 = LINE ( 'NONE', #7354, #9615 ) ;
#3786 = AXIS2_PLACEMENT_3D ( 'NONE', #3606, #4434, #7999 ) ;
#3787 = AXIS2_PLACEMENT_3D ( 'NONE', #3368, #10414, #2377 ) ;
#3788 = CARTESIAN_POINT ( 'NONE',  ( 3.246329667988720580, 4.872562155570489217, 0.1700533594734366938 ) ) ;
#3789 = CIRCLE ( 'NONE', #10337, 5.854956726839295023 ) ;
#3790 = ORIENTED_EDGE ( 'NONE', *, *, #5912, .T. ) ;
#3791 = CARTESIAN_POINT ( 'NONE',  ( 4.583390897398785135, 0.5661297392311771537, 0.4999999999999993339 ) ) ;
#3792 = FACE_OUTER_BOUND ( 'NONE', #2479, .T. ) ;
#3793 = ORIENTED_EDGE ( 'NONE', *, *, #7468, .F. ) ;
#3794 = FACE_OUTER_BOUND ( 'NONE', #9672, .T. ) ;
#3795 = DIRECTION ( 'NONE',  ( -0.4338837391175651703, -0.9009688679024157043, -3.492023159033191614E-16 ) ) ;
#3796 = AXIS2_PLACEMENT_3D ( 'NONE', #3531, #5413, #6228 ) ;
#3797 = VECTOR ( 'NONE', #8383, 1000.000000000000000 ) ;
#3798 = ORIENTED_EDGE ( 'NONE', *, *, #11578, .F. ) ;
#3799 = CARTESIAN_POINT ( 'NONE',  ( 0.000000000000000000, 0.000000000000000000, -0.5000000000000000000 ) ) ;
#3800 = EDGE_CURVE ( 'NONE', #861, #5378, #2893, .T. ) ;
#3801 = VERTEX_POINT ( 'NONE', #6626 ) ;
#3802 = AXIS2_PLACEMENT_3D ( 'NONE', #4448, #3560, #94 ) ;
#3803 = DIRECTION ( 'NONE',  ( -1.436201133715656092E-16, 6.916380135000592297E-17, -1.000000000000000000 ) ) ;
#3804 = DIRECTION ( 'NONE',  ( -1.436201133715656092E-16, -6.916380135000592297E-17, 1.000000000000000000 ) ) ;
#3805 = VECTOR ( 'NONE', #7485, 1000.000000000000000 ) ;
#3806 = AXIS2_PLACEMENT_3D ( 'NONE', #1556, #8593, #8719 ) ;
#3807 = VERTEX_POINT ( 'NONE', #3873 ) ;
#3808 = CARTESIAN_POINT ( 'NONE',  ( 2.110400312466136796, 5.513321420850060051, -9.317362419797292945E-18 ) ) ;
#3809 = DIRECTION ( 'NONE',  ( 0.4338837391175526248, -0.9009688679024218105, -3.492023159033202461E-16 ) ) ;
#3810 = DIRECTION ( 'NONE',  ( -0.000000000000000000, -1.836970198721029688E-16, 1.000000000000000000 ) ) ;
#3811 = DIRECTION ( 'NONE',  ( 0.000000000000000000, 0.000000000000000000, 1.000000000000000000 ) ) ;
#3812 = ORIENTED_EDGE ( 'NONE', *, *, #183, .T. ) ;
#3813 =( BOUNDED_CURVE ( )  B_SPLINE_CURVE ( 3, ( #11057, #1260, #10014, #11131 ),
 .UNSPECIFIED., .F., .F. ) 
 B_SPLINE_CURVE_WITH_KNOTS ( ( 4, 4 ),
 ( 4.712388980384689674, 6.283185307179586232 ),
 .UNSPECIFIED. ) 
 CURVE ( )  GEOMETRIC_REPRESENTATION_ITEM ( )  RATIONAL_B_SPLINE_CURVE ( ( 1.000000000000000000, 0.8047378541243649375, 0.8047378541243649375, 1.000000000000000000 ) ) 
 REPRESENTATION_ITEM ( '' )  );
#3814 = DIRECTION ( 'NONE',  ( -0.000000000000000000, 1.000000000000000000, -0.000000000000000000 ) ) ;
#3815 = ADVANCED_FACE ( 'NONE', ( #8381 ), #6816, .T. ) ;
#3816 = CIRCLE ( 'NONE', #8684, 6.968749999999998224 ) ;
#3817 = VERTEX_POINT ( 'NONE', #1679 ) ;
#3818 = CIRCLE ( 'NONE', #3072, 4.618222060490380088 ) ;
#3819 = CARTESIAN_POINT ( 'NONE',  ( -5.839845736122977193, 0.4203808409609055552, 0.4999999999999998890 ) ) ;
#3820 = EDGE_CURVE ( 'NONE', #11342, #4667, #7368, .T. ) ;
#3821 = AXIS2_PLACEMENT_3D ( 'NONE', #10429, #8731, #4224 ) ;
#3822 = CARTESIAN_POINT ( 'NONE',  ( -3.841731365911411622, -2.683292981260817278, 0.4999999999999987232 ) ) ;
#3823 = ORIENTED_EDGE ( 'NONE', *, *, #1181, .F. ) ;
#3824 = LINE ( 'NONE', #9972, #2243 ) ;
#3825 = ORIENTED_EDGE ( 'NONE', *, *, #4614, .F. ) ;
#3826 = DIRECTION ( 'NONE',  ( 0.000000000000000000, -1.000000000000000000, -1.763933479423781890E-16 ) ) ;
#3827 = AXIS2_PLACEMENT_3D ( 'NONE', #460, #6916, #5760 ) ;
#3828 = DIRECTION ( 'NONE',  ( -0.000000000000000000, 1.000000000000000000, -0.000000000000000000 ) ) ;
#3829 = CIRCLE ( 'NONE', #77, 2.043333333333333446 ) ;
#3830 = ORIENTED_EDGE ( 'NONE', *, *, #9528, .T. ) ;
#3831 = CARTESIAN_POINT ( 'NONE',  ( 0.000000000000000000, 0.000000000000000000, 0.000000000000000000 ) ) ;
#3832 = CARTESIAN_POINT ( 'NONE',  ( -5.148848552145754098, -2.787449884792063237, 0.000000000000000000 ) ) ;
#3833 = CARTESIAN_POINT ( 'NONE',  ( -4.488669179800631959, -4.162977229057066353, -0.2083800311308725006 ) ) ;
#3834 = VERTEX_POINT ( 'NONE', #2513 ) ;
#3835 = DIRECTION ( 'NONE',  ( -0.9009688679024218105, 0.4338837391175526248, 7.970314984685939954E-17 ) ) ;
#3836 = VECTOR ( 'NONE', #10289, 1000.000000000000000 ) ;
#3837 = EDGE_CURVE ( 'NONE', #6002, #4685, #5698, .T. ) ;
#3838 = VERTEX_POINT ( 'NONE', #627 ) ;
#3839 = EDGE_CURVE ( 'NONE', #5634, #762, #5138, .T. ) ;
#3840 = PRODUCT_DEFINITION_FORMATION_WITH_SPECIFIED_SOURCE ( 'ANY', '', #6406, .NOT_KNOWN. ) ;
#3841 = ADVANCED_FACE ( 'NONE', ( #5264 ), #7963, .F. ) ;
#3842 = AXIS2_PLACEMENT_3D ( 'NONE', #10239, #2205, #5792 ) ;
#3843 = CARTESIAN_POINT ( 'NONE',  ( 0.000000000000000000, 0.000000000000000000, 0.5000000000000000000 ) ) ;
#3844 = ORIENTED_EDGE ( 'NONE', *, *, #2783, .F. ) ;
#3845 = CARTESIAN_POINT ( 'NONE',  ( 0.000000000000000000, 5.250000000000000000, 0.000000000000000000 ) ) ;
#3846 = CARTESIAN_POINT ( 'NONE',  ( -5.118371538954584743, -1.168234903270601421, 0.000000000000000000 ) ) ;
#3847 = DIRECTION ( 'NONE',  ( 0.9688736288568999822, 0.2475558347235267409, 9.224790777380662434E-18 ) ) ;
#3848 = CARTESIAN_POINT ( 'NONE',  ( -2.277889630367217144, -4.730086556487682614, 0.000000000000000000 ) ) ;
#3849 = EDGE_CURVE ( 'NONE', #306, #7795, #247, .T. ) ;
#3850 = ORIENTED_EDGE ( 'NONE', *, *, #8792, .F. ) ;
#3851 = FACE_OUTER_BOUND ( 'NONE', #9705, .T. ) ;
#3852 = DIRECTION ( 'NONE',  ( -1.436201133715656092E-16, -6.916380135000592297E-17, 1.000000000000000000 ) ) ;
#3853 = ORIENTED_EDGE ( 'NONE', *, *, #1305, .T. ) ;
#3854 = DIRECTION ( 'NONE',  ( 0.000000000000000000, -1.000000000000000000, -1.842184222276257569E-16 ) ) ;
#3855 = DIRECTION ( 'NONE',  ( -1.436201133715656092E-16, -6.916380135000592297E-17, 1.000000000000000000 ) ) ;
#3856 = EDGE_LOOP ( 'NONE', ( #1282, #10084 ) ) ;
#3857 = CARTESIAN_POINT ( 'NONE',  ( 3.883858019900346736, -2.498724050641801586, -1.256712470380256015E-15 ) ) ;
#3858 = DIRECTION ( 'NONE',  ( -0.6234898018587430313, 0.7818314824680222541, 0.000000000000000000 ) ) ;
#3859 = ORIENTED_EDGE ( 'NONE', *, *, #5706, .T. ) ;
#3860 = DIRECTION ( 'NONE',  ( 1.000000000000000000, 0.000000000000000000, 0.000000000000000000 ) ) ;
#3861 = EDGE_CURVE ( 'NONE', #11344, #10204, #10371, .T. ) ;
#3862 = B_SPLINE_CURVE_WITH_KNOTS ( 'NONE', 3,
 ( #4316, #3373, #11478, #8545 ),
 .UNSPECIFIED., .F., .F.,
 ( 4, 4 ),
 ( 0.0001081475359171461977, 0.0002529464065327972672 ),
 .UNSPECIFIED. ) ;
#3863 = VERTEX_POINT ( 'NONE', #679 ) ;
#3864 = DIRECTION ( 'NONE',  ( -0.2225209339563260780, 0.9749279121818209548, 9.938820221107135079E-17 ) ) ;
#3865 = CARTESIAN_POINT ( 'NONE',  ( -2.277889630367217144, -4.730086556487682614, -1.833312158492425881E-15 ) ) ;
#3866 = EDGE_CURVE ( 'NONE', #1639, #10800, #2651, .T. ) ;
#3867 = ORIENTED_EDGE ( 'NONE', *, *, #373, .F. ) ;
#3868 = DIRECTION ( 'NONE',  ( 0.9009688679024189240, 0.4338837391175587865, 1.594062996937211410E-16 ) ) ;
#3869 = PLANE ( 'NONE',  #6614 ) ;
#3870 = DIRECTION ( 'NONE',  ( 0.000000000000000000, -1.000000000000000000, -1.866966969661137892E-16 ) ) ;
#3871 = CARTESIAN_POINT ( 'NONE',  ( -1.030938487845655782, -5.763478472887639370, 0.4999999999999980571 ) ) ;
#3872 = EDGE_LOOP ( 'NONE', ( #9499, #4468, #5234, #8336 ) ) ;
#3873 = CARTESIAN_POINT ( 'NONE',  ( 3.367778697655213616E-16, 2.749999999999993783, 2.500000000000003997 ) ) ;
#3874 = ORIENTED_EDGE ( 'NONE', *, *, #872, .T. ) ;
#3875 = CARTESIAN_POINT ( 'NONE',  ( -0.4424142617337205041, -6.051365876418353551, -0.08748657323257476304 ) ) ;
#3876 = DIRECTION ( 'NONE',  ( 0.000000000000000000, 0.000000000000000000, 1.000000000000000000 ) ) ;
#3877 = ORIENTED_EDGE ( 'NONE', *, *, #243, .T. ) ;
#3878 = EDGE_CURVE ( 'NONE', #3906, #6078, #10559, .T. ) ;
#3879 = VERTEX_POINT ( 'NONE', #6024 ) ;
#3880 = LINE ( 'NONE', #6342, #5267 ) ;
#3881 = CARTESIAN_POINT ( 'NONE',  ( 0.000000000000000000, -6.968749999999998224, -2.312500000000002220 ) ) ;
#3882 = ORIENTED_EDGE ( 'NONE', *, *, #9773, .T. ) ;
#3883 = CARTESIAN_POINT ( 'NONE',  ( -1.986007203333995941, 4.446908180657974441, -1.000000000000000000 ) ) ;
#3884 = CARTESIAN_POINT ( 'NONE',  ( 5.038967452947925807, -2.981497154332400257, 1.027403961127392839E-17 ) ) ;
#3885 = EDGE_CURVE ( 'NONE', #4266, #6035, #8127, .T. ) ;
#3886 = DIRECTION ( 'NONE',  ( 0.4338837391175517921, -0.9009688679024220326, 0.000000000000000000 ) ) ;
#3887 = ORIENTED_EDGE ( 'NONE', *, *, #9131, .T. ) ;
#3888 = FACE_OUTER_BOUND ( 'NONE', #581, .T. ) ;
#3889 = ORIENTED_EDGE ( 'NONE', *, *, #2825, .T. ) ;
#3890 = FACE_OUTER_BOUND ( 'NONE', #5155, .T. ) ;
#3891 = VERTEX_POINT ( 'NONE', #3285 ) ;
#3892 = CARTESIAN_POINT ( 'NONE',  ( 9.491012693391991731E-16, 7.750000000000004441, -2.500000000000001332 ) ) ;
#3893 = CARTESIAN_POINT ( 'NONE',  ( 5.057425556495251939, -3.449779290889262828, -0.3964466094067278790 ) ) ;
#3894 = ADVANCED_FACE ( 'NONE', ( #5924 ), #4396, .T. ) ;
#3895 = CARTESIAN_POINT ( 'NONE',  ( 7.181005668578199110E-17, 3.458190067500194460E-17, -0.5000000000000000000 ) ) ;
#3896 = FACE_OUTER_BOUND ( 'NONE', #10812, .T. ) ;
#3897 = LINE ( 'NONE', #9116, #6780 ) ;
#3898 = EDGE_LOOP ( 'NONE', ( #1545, #4287, #3475, #8013 ) ) ;
#3899 = CARTESIAN_POINT ( 'NONE',  ( 1.760103417344815346, 5.584386491523318341, -0.3372648878341243939 ) ) ;
#3900 = AXIS2_PLACEMENT_3D ( 'NONE', #7840, #638, #10550 ) ;
#3901 = CARTESIAN_POINT ( 'NONE',  ( -4.768605100205388858, -2.700661798207094400, -1.686260158355249548E-15 ) ) ;
#3902 = EDGE_CURVE ( 'NONE', #2728, #9547, #11273, .T. ) ;
#3903 = ORIENTED_EDGE ( 'NONE', *, *, #3040, .F. ) ;
#3904 = EDGE_CURVE ( 'NONE', #4606, #8667, #1567, .T. ) ;
#3905 = CARTESIAN_POINT ( 'NONE',  ( 0.000000000000000000, 3.411864953114403231E-31, 2.499999999999998224 ) ) ;
#3906 = VERTEX_POINT ( 'NONE', #3332 ) ;
#3907 = CARTESIAN_POINT ( 'NONE',  ( -6.003118619259592670, -1.370172650835948858, 1.571836107868755050 ) ) ;
#3908 = ADVANCED_FACE ( 'NONE', ( #10475 ), #1570, .T. ) ;
#3909 = DIRECTION ( 'NONE',  ( 0.7818314824680310249, 0.6234898018587320401, -6.916380135000592297E-17 ) ) ;
#3910 = EDGE_LOOP ( 'NONE', ( #4422, #8576, #5460, #173, #3253, #3595, #9772, #3163, #4343, #3912, #9097, #8552 ) ) ;
#3911 = DIRECTION ( 'NONE',  ( -1.000000000000000000, 0.000000000000000000, 0.000000000000000000 ) ) ;
#3912 = ORIENTED_EDGE ( 'NONE', *, *, #1192, .T. ) ;
#3913 = FACE_OUTER_BOUND ( 'NONE', #9564, .T. ) ;
#3914 = DIRECTION ( 'NONE',  ( 0.4338837391175652813, 0.9009688679024157043, 0.000000000000000000 ) ) ;
#3915 = EDGE_CURVE ( 'NONE', #6294, #9453, #10539, .T. ) ;
#3916 = ORIENTED_EDGE ( 'NONE', *, *, #5700, .F. ) ;
#3917 = DIRECTION ( 'NONE',  ( 3.342377459625948935E-16, -1.000000000000000000, 0.000000000000000000 ) ) ;
#3918 = CARTESIAN_POINT ( 'NONE',  ( 1.436201133715656092E-16, 6.916380135000592297E-17, -1.000000000000000000 ) ) ;
#3919 = CARTESIAN_POINT ( 'NONE',  ( -5.981552265112377142, 0.9156596850915525998, 0.4791688938532054354 ) ) ;
#3920 = ORIENTED_EDGE ( 'NONE', *, *, #9921, .T. ) ;
#3921 = CARTESIAN_POINT ( 'NONE',  ( -6.022505511281155854, 0.9146046076782989864, -1.701502775549881719 ) ) ;
#3922 = ORIENTED_EDGE ( 'NONE', *, *, #2945, .T. ) ;
#3923 = EDGE_CURVE ( 'NONE', #6572, #8507, #7896, .T. ) ;
#3924 = CYLINDRICAL_SURFACE ( 'NONE', #6044, 0.7500000000000003331 ) ;
#3925 = CARTESIAN_POINT ( 'NONE',  ( 0.000000000000000000, -7.396615624999998140, -2.500000000000002220 ) ) ;
#3926 = ORIENTED_EDGE ( 'NONE', *, *, #8270, .T. ) ;
#3927 = ORIENTED_EDGE ( 'NONE', *, *, #889, .F. ) ;
#3928 = CARTESIAN_POINT ( 'NONE',  ( 0.000000000000000000, 0.000000000000000000, 0.000000000000000000 ) ) ;
#3929 = DIRECTION ( 'NONE',  ( -0.000000000000000000, -1.836970198721029688E-16, 1.000000000000000000 ) ) ;
#3930 = ORIENTED_EDGE ( 'NONE', *, *, #370, .T. ) ;
#3931 = DIRECTION ( 'NONE',  ( -0.7818314824680221431, 0.6234898018587431423, -6.916380135000388919E-17 ) ) ;
#3932 = PLANE ( 'NONE',  #2468 ) ;
#3933 = AXIS2_PLACEMENT_3D ( 'NONE', #6082, #6260, #6133 ) ;
#3934 = DIRECTION ( 'NONE',  ( -0.2225209339563260780, 0.9749279121818209548, 9.938820221107135079E-17 ) ) ;
#3935 = ORIENTED_EDGE ( 'NONE', *, *, #10078, .T. ) ;
#3936 = CARTESIAN_POINT ( 'NONE',  ( 5.729658811953131980, 1.970584941025454562, -1.701502775549894153 ) ) ;
#3937 = ORIENTED_EDGE ( 'NONE', *, *, #2452, .F. ) ;
#3938 = EDGE_CURVE ( 'NONE', #848, #10654, #2795, .T. ) ;
#3939 = AXIS2_PLACEMENT_3D ( 'NONE', #5047, #4994, #9675 ) ;
#3940 = DIRECTION ( 'NONE',  ( 0.000000000000000000, 1.836970198721029688E-16, -1.000000000000000000 ) ) ;
#3941 = ORIENTED_EDGE ( 'NONE', *, *, #1669, .T. ) ;
#3942 = LINE ( 'NONE', #7511, #9770 ) ;
#3943 = FACE_OUTER_BOUND ( 'NONE', #5951, .T. ) ;
#3944 = DIRECTION ( 'NONE',  ( 0.000000000000000000, 0.000000000000000000, 1.000000000000000000 ) ) ;
#3945 = ORIENTED_EDGE ( 'NONE', *, *, #7818, .T. ) ;
#3946 = FACE_OUTER_BOUND ( 'NONE', #3520, .T. ) ;
#3947 = AXIS2_PLACEMENT_3D ( 'NONE', #9038, #9209, #995 ) ;
#3948 = AXIS2_PLACEMENT_3D ( 'NONE', #4956, #8709, #658 ) ;
#3949 = PLANE ( 'NONE',  #1145 ) ;
#3950 = AXIS2_PLACEMENT_3D ( 'NONE', #6604, #4030, #314 ) ;
#3951 = ORIENTED_EDGE ( 'NONE', *, *, #4974, .T. ) ;
#3952 = DIRECTION ( 'NONE',  ( -7.970314984685941186E-17, 3.492023159033203447E-16, -1.000000000000000000 ) ) ;
#3953 = EDGE_CURVE ( 'NONE', #9267, #6486, #4944, .T. ) ;
#3954 = LINE ( 'NONE', #9172, #4901 ) ;
#3955 = ORIENTED_EDGE ( 'NONE', *, *, #530, .F. ) ;
#3956 = CIRCLE ( 'NONE', #9205, 5.854956726839295023 ) ;
#3957 = DIRECTION ( 'NONE',  ( 0.000000000000000000, -4.737733359616825765E-16, 1.000000000000000000 ) ) ;
#3958 = PLANE ( 'NONE',  #10134 ) ;
#3959 = ORIENTED_EDGE ( 'NONE', *, *, #7691, .F. ) ;
#3960 = DIRECTION ( 'NONE',  ( 0.9009688679024158153, -0.4338837391175651703, -2.233232632184273137E-16 ) ) ;
#3961 = CARTESIAN_POINT ( 'NONE',  ( 0.000000000000000000, 0.000000000000000000, 0.000000000000000000 ) ) ;
#3962 = AXIS2_PLACEMENT_3D ( 'NONE', #7627, #7456, #11217 ) ;
#3963 = VERTEX_POINT ( 'NONE', #7135 ) ;
#3964 = DIRECTION ( 'NONE',  ( 0.000000000000000000, 1.836970198721029688E-16, -1.000000000000000000 ) ) ;
#3965 = EDGE_CURVE ( 'NONE', #10291, #6355, #8877, .T. ) ;
#3966 = EDGE_LOOP ( 'NONE', ( #6987, #7745, #3649, #3460, #11447, #8499 ) ) ;
#3967 = CIRCLE ( 'NONE', #7332, 1.830752539561562919 ) ;
#3968 = ADVANCED_FACE ( 'NONE', ( #1028 ), #7297, .T. ) ;
#3969 = AXIS2_PLACEMENT_3D ( 'NONE', #7414, #2077, #136 ) ;
#3970 = DIRECTION ( 'NONE',  ( 1.000000000000000000, 0.000000000000000000, 0.000000000000000000 ) ) ;
#3971 = EDGE_CURVE ( 'NONE', #2352, #3534, #6715, .T. ) ;
#3972 = AXIS2_PLACEMENT_3D ( 'NONE', #10439, #5452, #1933 ) ;
#3973 = CARTESIAN_POINT ( 'NONE',  ( 4.233624458649566158, -0.9662971557053122718, 0.4999999999999990563 ) ) ;
#3974 = VERTEX_POINT ( 'NONE', #8141 ) ;
#3975 = AXIS2_PLACEMENT_3D ( 'NONE', #3845, #9164, #9992 ) ;
#3976 = VECTOR ( 'NONE', #2188, 1000.000000000000000 ) ;
#3977 = PLANE ( 'NONE',  #9890 ) ;
#3978 = DIRECTION ( 'NONE',  ( -1.000000000000000000, 0.000000000000000000, -0.000000000000000000 ) ) ;
#3979 = AXIS2_PLACEMENT_3D ( 'NONE', #4052, #7442, #9269 ) ;
#3980 = DIRECTION ( 'NONE',  ( 0.000000000000000000, -2.759071806679814764E-16, 1.000000000000000000 ) ) ;
#3981 = PERSON_AND_ORGANIZATION_ROLE ( 'design_supplier' ) ;
#3982 = ORIENTED_EDGE ( 'NONE', *, *, #617, .T. ) ;
#3983 = LINE ( 'NONE', #4095, #10933 ) ;
#3984 = CIRCLE ( 'NONE', #4167, 0.2041022026635758713 ) ;
#3985 = ORIENTED_EDGE ( 'NONE', *, *, #7481, .T. ) ;
#3986 = EDGE_CURVE ( 'NONE', #3838, #11537, #1860, .T. ) ;
#3987 = AXIS2_PLACEMENT_3D ( 'NONE', #1649, #4526, #6995 ) ;
#3988 = DIRECTION ( 'NONE',  ( -0.000000000000000000, -1.836970198721029688E-16, 1.000000000000000000 ) ) ;
#3989 = CIRCLE ( 'NONE', #219, 1.830752539561562919 ) ;
#3990 = CARTESIAN_POINT ( 'NONE',  ( 5.118371538954569644, -1.168234903270670477, -0.5000000000000012212 ) ) ;
#3991 = CIRCLE ( 'NONE', #3427, 0.9075000000000018607 ) ;
#3992 = ORIENTED_EDGE ( 'NONE', *, *, #9265, .F. ) ;
#3993 = VERTEX_POINT ( 'NONE', #3630 ) ;
#3994 = CARTESIAN_POINT ( 'NONE',  ( 3.718771810570242753, -3.144829597896433793, -0.5000000000000013323 ) ) ;
#3996 = EDGE_CURVE ( 'NONE', #8018, #10866, #2878, .T. ) ;
#3995 = ORIENTED_EDGE ( 'NONE', *, *, #10924, .F. ) ;
#3997 = FACE_OUTER_BOUND ( 'NONE', #8136, .T. ) ;
#3998 = DIRECTION ( 'NONE',  ( 0.9009688679024218105, 0.4338837391175526248, 7.407072148051852464E-17 ) ) ;
#3999 = AXIS2_PLACEMENT_3D ( 'NONE', #210, #8323, #1931 ) ;
#4000 = CIRCLE ( 'NONE', #4377, 6.968749999999999112 ) ;
#4001 = DIRECTION ( 'NONE',  ( 1.790913520579326978E-16, 2.245734522990332355E-16, -1.000000000000000000 ) ) ;
#4002 = ORIENTED_EDGE ( 'NONE', *, *, #8728, .T. ) ;
#4003 = LINE ( 'NONE', #3122, #7921 ) ;
#4004 = ORIENTED_EDGE ( 'NONE', *, *, #2751, .F. ) ;
#4005 = ADVANCED_FACE ( 'NONE', ( #9891 ), #146, .T. ) ;
#4006 = AXIS2_PLACEMENT_3D ( 'NONE', #6285, #3748, #4586 ) ;
#4007 = AXIS2_PLACEMENT_3D ( 'NONE', #3895, #11104, #9114 ) ;
#4008 = CIRCLE ( 'NONE', #1754, 4.618222060490380088 ) ;
#4009 = DIRECTION ( 'NONE',  ( -3.342377459625948935E-16, 1.000000000000000000, 0.000000000000000000 ) ) ;
#4010 = ORIENTED_EDGE ( 'NONE', *, *, #5557, .T. ) ;
#4011 = ADVANCED_FACE ( 'NONE', ( #10011 ), #9012, .F. ) ;
#4012 = CIRCLE ( 'NONE', #6631, 5.854956726839295023 ) ;
#4013 = CARTESIAN_POINT ( 'NONE',  ( -4.625517551387747339, 0.7506986698503068656, 0.4999999999999993339 ) ) ;
#4014 = CARTESIAN_POINT ( 'NONE',  ( -2.027458664078223727, 5.504209513128946796, 0.000000000000000000 ) ) ;
#4015 = DIRECTION ( 'NONE',  ( 0.000000000000000000, 0.000000000000000000, 1.000000000000000000 ) ) ;
#4016 = DIRECTION ( 'NONE',  ( -0.000000000000000000, -1.836970198721029688E-16, 1.000000000000000000 ) ) ;
#4017 = CIRCLE ( 'NONE', #11503, 0.9074999999999988631 ) ;
#4018 = AXIS2_PLACEMENT_3D ( 'NONE', #4690, #3161, #220 ) ;
#4019 = DIRECTION ( 'NONE',  ( -0.9009688679024157043, 0.4338837391175651703, 2.021678297615970252E-16 ) ) ;
#4020 = VERTEX_POINT ( 'NONE', #7078 ) ;
#4021 = FACE_OUTER_BOUND ( 'NONE', #7636, .T. ) ;
#4022 = CARTESIAN_POINT ( 'NONE',  ( 1.924944058285706286E-16, 6.157500000000000639, -1.571836107868756383 ) ) ;
#4023 = ORIENTED_EDGE ( 'NONE', *, *, #10658, .F. ) ;
#4024 = AXIS2_PLACEMENT_3D ( 'NONE', #3746, #9261, #1215 ) ;
#4025 = CARTESIAN_POINT ( 'NONE',  ( -2.277889630367217144, -4.730086556487682614, -0.5000000000000015543 ) ) ;
#4026 = EDGE_CURVE ( 'NONE', #8476, #11579, #1983, .T. ) ;
#4027 = CARTESIAN_POINT ( 'NONE',  ( 4.104615282957162492, 3.273321459758343543, -3.631099570875311634E-16 ) ) ;
#4028 = EDGE_LOOP ( 'NONE', ( #7424, #610, #9655, #4470, #7167, #6998, #8382 ) ) ;
#4029 = CARTESIAN_POINT ( 'NONE',  ( -1.884140137118027525, -3.912457308866241767, 0.4999999999999988343 ) ) ;
#4030 = DIRECTION ( 'NONE',  ( 1.436201133715639822E-16, -6.916380135000390152E-17, 1.000000000000000000 ) ) ;
#4031 = ADVANCED_FACE ( 'NONE', ( #5564 ), #9128, .T. ) ;
#4032 = ORIENTED_EDGE ( 'NONE', *, *, #8941, .F. ) ;
#4033 = CARTESIAN_POINT ( 'NONE',  ( 7.181005668578280462E-17, -3.458190067500296149E-17, 0.5000000000000000000 ) ) ;
#4034 = VERTEX_POINT ( 'NONE', #1076 ) ;
#4035 = CARTESIAN_POINT ( 'NONE',  ( 0.000000000000000000, 5.250000000000000000, 0.000000000000000000 ) ) ;
#4036 = DIRECTION ( 'NONE',  ( -0.000000000000000000, -1.836970198721029688E-16, 1.000000000000000000 ) ) ;
#4037 = DIRECTION ( 'NONE',  ( 0.4338837391175651703, 0.9009688679024158153, 3.492023159033191614E-16 ) ) ;
#4038 = ORIENTED_EDGE ( 'NONE', *, *, #7287, .F. ) ;
#4039 = DIRECTION ( 'NONE',  ( -1.790913520579321555E-16, 2.245734522990357007E-16, -1.000000000000000000 ) ) ;
#4040 = CARTESIAN_POINT ( 'NONE',  ( -2.951308905495507062, 5.077236236010985060, -0.2500000000000001110 ) ) ;
#4041 = DIRECTION ( 'NONE',  ( 0.4338837391175526248, -0.9009688679024218105, -3.492023159033202461E-16 ) ) ;
#4042 = EDGE_CURVE ( 'NONE', #8604, #5534, #7561, .T. ) ;
#4043 = ORIENTED_EDGE ( 'NONE', *, *, #5019, .T. ) ;
#4044 = DIRECTION ( 'NONE',  ( -0.2225209339563050392, -0.9749279121818257288, -1.790913520579326978E-16 ) ) ;
#4045 = ORIENTED_EDGE ( 'NONE', *, *, #590, .T. ) ;
#4046 = CARTESIAN_POINT ( 'NONE',  ( 5.118371538954569644, -1.168234903270670699, 0.000000000000000000 ) ) ;
#4047 = CARTESIAN_POINT ( 'NONE',  ( 2.277889630367151419, -4.730086556487714589, -1.833312158492431403E-15 ) ) ;
#4048 = ORIENTED_EDGE ( 'NONE', *, *, #5957, .T. ) ;
#4049 = EDGE_CURVE ( 'NONE', #2202, #2352, #11061, .T. ) ;
#4050 = ORIENTED_EDGE ( 'NONE', *, *, #9995, .T. ) ;
#4051 = ADVANCED_FACE ( 'NONE', ( #9840 ), #4569, .T. ) ;
#4052 = CARTESIAN_POINT ( 'NONE',  ( 0.000000000000000000, 0.000000000000000000, 0.000000000000000000 ) ) ;
#4053 = ORIENTED_EDGE ( 'NONE', *, *, #8349, .T. ) ;
#4054 = DIRECTION ( 'NONE',  ( 1.000000000000000000, 0.000000000000000000, 0.000000000000000000 ) ) ;
#4055 = FACE_OUTER_BOUND ( 'NONE', #2851, .T. ) ;
#4056 = EDGE_CURVE ( 'NONE', #2942, #1401, #5337, .T. ) ;
#4057 = CARTESIAN_POINT ( 'NONE',  ( -5.848381429644151197, 0.2774039050809224971, 0.4999999999999990563 ) ) ;
#4058 = ORIENTED_EDGE ( 'NONE', *, *, #1019, .T. ) ;
#4059 = CYLINDRICAL_SURFACE ( 'NONE', #10742, 0.2041022026635763154 ) ;
#4060 = EDGE_LOOP ( 'NONE', ( #9373, #2659 ) ) ;
#4061 = PLANE ( 'NONE',  #6762 ) ;
#4062 = ORIENTED_EDGE ( 'NONE', *, *, #7204, .T. ) ;
#4063 = CARTESIAN_POINT ( 'NONE',  ( 4.104615282957162492, 3.273321459758343543, 0.4999999999999996669 ) ) ;
#4064 = ADVANCED_FACE ( 'NONE', ( #9183 ), #9412, .T. ) ;
#4065 = CARTESIAN_POINT ( 'NONE',  ( 4.959967455615419851, -3.405901140801934623, -0.5000000000000017764 ) ) ;
#4066 = DIRECTION ( 'NONE',  ( -0.000000000000000000, -1.836970198721029688E-16, 1.000000000000000000 ) ) ;
#4067 = ORIENTED_EDGE ( 'NONE', *, *, #5764, .F. ) ;
#4068 = CARTESIAN_POINT ( 'NONE',  ( -0.5838616507317838655, -6.604956726839297687, -0.6893398282201808058 ) ) ;
#4069 = CARTESIAN_POINT ( 'NONE',  ( 4.625517551387757109, 0.7506986698502446931, 0.4999999999999993339 ) ) ;
#4070 = VERTEX_POINT ( 'NONE', #4898 ) ;
#4071 = EDGE_CURVE ( 'NONE', #2600, #8866, #7367, .T. ) ;
#4072 = CARTESIAN_POINT ( 'NONE',  ( -4.974248095464292696, -3.407072783637300262, -0.05060613220745532187 ) ) ;
#4073 = DIRECTION ( 'NONE',  ( 0.000000000000000000, 0.000000000000000000, 1.000000000000000000 ) ) ;
#4074 = VERTEX_POINT ( 'NONE', #10063 ) ;
#4075 = DIRECTION ( 'NONE',  ( 1.000000000000000000, 0.000000000000000000, 0.000000000000000000 ) ) ;
#4076 = DIRECTION ( 'NONE',  ( -0.6234898018587431423, -0.7818314824680221431, -1.436201133715639822E-16 ) ) ;
#4077 = ORIENTED_EDGE ( 'NONE', *, *, #7254, .F. ) ;
#4078 = LINE ( 'NONE', #3021, #9047 ) ;
#4079 = CARTESIAN_POINT ( 'NONE',  ( -4.583390897398778030, 0.5661297392312392152, 0.4999999999999993339 ) ) ;
#4080 = ORIENTED_EDGE ( 'NONE', *, *, #594, .F. ) ;
#4081 = DIRECTION ( 'NONE',  ( 0.000000000000000000, -1.000000000000000000, -1.763933479423781890E-16 ) ) ;
#4082 = ORIENTED_EDGE ( 'NONE', *, *, #9923, .F. ) ;
#4083 = CLOSED_SHELL ( 'NONE', ( #10055, #11004 ) ) ;
#4084 = EDGE_CURVE ( 'NONE', #10770, #9262, #9812, .T. ) ;
#4085 = CARTESIAN_POINT ( 'NONE',  ( 3.395103212617425203, 2.707504464571544478, -3.003438073624007870E-16 ) ) ;
#4086 = CYLINDRICAL_SURFACE ( 'NONE', #1907, 7.375803125000000016 ) ;
#4087 = SPHERICAL_SURFACE ( 'NONE', #3367, 1.815000000000000169 ) ;
#4088 = ORIENTED_EDGE ( 'NONE', *, *, #4679, .T. ) ;
#4089 = AXIS2_PLACEMENT_3D ( 'NONE', #4090, #547, #7649 ) ;
#4090 = CARTESIAN_POINT ( 'NONE',  ( 4.233624458649566158, -0.9662971557053123828, 1.571836107868755494 ) ) ;
#4091 = CARTESIAN_POINT ( 'NONE',  ( -0.6462092322439436654, -6.024500704568901632, 0.000000000000000000 ) ) ;
#4092 = PLANE ( 'NONE',  #2669 ) ;
#4093 = APPROVAL_STATUS ( 'not_yet_approved' ) ;
#4094 = ORIENTED_EDGE ( 'NONE', *, *, #5938, .F. ) ;
#4095 = CARTESIAN_POINT ( 'NONE',  ( 2.671639123616330380, -5.547715804109162541, 0.000000000000000000 ) ) ;
#4096 = VERTEX_POINT ( 'NONE', #8482 ) ;
#4097 = APPLICATION_CONTEXT ( 'configuration controlled 3d designs of mechanical parts and assemblies' ) ;
#4098 = DIRECTION ( 'NONE',  ( -0.000000000000000000, -1.836970198721029688E-16, 1.000000000000000000 ) ) ;
#4099 = CARTESIAN_POINT ( 'NONE',  ( 0.4375603340478203540, -6.013758121598867135, -0.05089816004206224737 ) ) ;
#4100 = EDGE_CURVE ( 'NONE', #10257, #8303, #4795, .T. ) ;
#4101 = ORIENTED_EDGE ( 'NONE', *, *, #3537, .T. ) ;
#4102 = EDGE_LOOP ( 'NONE', ( #123, #1329, #8752, #11633, #5296, #7217, #6921, #6448, #9710, #5565, #9991, #3853 ) ) ;
#4103 = VERTEX_POINT ( 'NONE', #10184 ) ;
#4104 = CARTESIAN_POINT ( 'NONE',  ( -4.814127353296846934, 3.839138454945211443, -4.258761068126489673E-16 ) ) ;
#4105 = DIRECTION ( 'NONE',  ( 0.9009688679024187019, 0.4338837391175591751, -0.000000000000000000 ) ) ;
#4106 = DIRECTION ( 'NONE',  ( 0.000000000000000000, -2.122418608454495059E-16, 1.000000000000000000 ) ) ;
#4107 = VERTEX_POINT ( 'NONE', #4736 ) ;
#4108 = CARTESIAN_POINT ( 'NONE',  ( -4.245533895084450116, -4.066890364875067831, 0.4999999999999982792 ) ) ;
#4109 = ORIENTED_EDGE ( 'NONE', *, *, #890, .F. ) ;
#4110 = EDGE_CURVE ( 'NONE', #1108, #11597, #1183, .T. ) ;
#4111 = CARTESIAN_POINT ( 'NONE',  ( -4.814127353296846934, 3.839138454945211443, 1.571836107868755938 ) ) ;
#4112 = EDGE_CURVE ( 'NONE', #8016, #9411, #1135, .T. ) ;
#4113 = EDGE_CURVE ( 'NONE', #279, #11562, #5333, .T. ) ;
#4114 = VERTEX_POINT ( 'NONE', #11007 ) ;
#4115 = FACE_OUTER_BOUND ( 'NONE', #7323, .T. ) ;
#4116 = ORIENTED_EDGE ( 'NONE', *, *, #594, .T. ) ;
#4117 = VECTOR ( 'NONE', #8796, 1000.000000000000000 ) ;
#4118 = DIRECTION ( 'NONE',  ( 0.2475558347235264356, -0.9688736288569000932, -3.580638948049165552E-16 ) ) ;
#4119 = CARTESIAN_POINT ( 'NONE',  ( 0.000000000000000000, 7.175664838754000261E-17, 2.109375000000000888 ) ) ;
#4120 = CARTESIAN_POINT ( 'NONE',  ( 2.186983519523829855, 5.445315942405212439, -1.000000000000000000 ) ) ;
#4121 = ORIENTED_EDGE ( 'NONE', *, *, #4828, .F. ) ;
#4122 = CARTESIAN_POINT ( 'NONE',  ( 5.795440118211013569, 0.9204544874742648375, -1.000000000000000666 ) ) ;
#4123 = DIRECTION ( 'NONE',  ( -0.000000000000000000, -0.000000000000000000, -1.000000000000000000 ) ) ;
#4124 = EDGE_LOOP ( 'NONE', ( #3937, #998, #1256, #6317 ) ) ;
#4125 = AXIS2_PLACEMENT_3D ( 'NONE', #5409, #3444, #9423 ) ;
#4126 = ADVANCED_FACE ( 'NONE', ( #433 ), #10234, .T. ) ;
#4127 = CARTESIAN_POINT ( 'NONE',  ( 0.5331189051279738855, -4.729745457741832304, 0.4999999999999982792 ) ) ;
#4128 = DIRECTION ( 'NONE',  ( -0.2225209339563182231, -0.9749279121818227312, -1.790913520579321555E-16 ) ) ;
#4129 = VERTEX_POINT ( 'NONE', #269 ) ;
#4130 = CARTESIAN_POINT ( 'NONE',  ( 3.863289285114899219, -4.399490217363499767, 0.4999999999999983902 ) ) ;
#4131 = DIRECTION ( 'NONE',  ( 1.790913520579326978E-16, 2.245734522990332355E-16, -1.000000000000000000 ) ) ;
#4132 = DIRECTION ( 'NONE',  ( 1.436201133715639822E-16, 6.916380135000388919E-17, -1.000000000000000000 ) ) ;
#4133 = VECTOR ( 'NONE', #712, 1000.000000000000000 ) ;
#4134 = CIRCLE ( 'NONE', #3574, 7.313365625000000314 ) ;
#4135 = EDGE_CURVE ( 'NONE', #9805, #2473, #7749, .T. ) ;
#4136 = ORIENTED_EDGE ( 'NONE', *, *, #1085, .T. ) ;
#4137 = CARTESIAN_POINT ( 'NONE',  ( 0.000000000000000000, 8.826490215368854731E-16, -2.304917478527524377 ) ) ;
#4138 = ORIENTED_EDGE ( 'NONE', *, *, #2094, .F. ) ;
#4139 = FACE_OUTER_BOUND ( 'NONE', #4897, .T. ) ;
#4140 = CIRCLE ( 'NONE', #7497, 5.854956726839295023 ) ;
#4141 = CIRCLE ( 'NONE', #6549, 0.02081249999999999767 ) ;
#4142 = CARTESIAN_POINT ( 'NONE',  ( 5.839845736122982522, 0.4203808409608264518, 0.4999999999999992784 ) ) ;
#4143 = DIRECTION ( 'NONE',  ( -0.000000000000000000, -0.000000000000000000, -1.000000000000000000 ) ) ;
#4144 = AXIS2_PLACEMENT_3D ( 'NONE', #300, #11103, #6702 ) ;
#4145 = CARTESIAN_POINT ( 'NONE',  ( -5.038967452947967551, -2.981497154332332311, 1.027403961127392839E-17 ) ) ;
#4146 = EDGE_LOOP ( 'NONE', ( #2220, #11179, #8432, #717 ) ) ;
#4147 = CARTESIAN_POINT ( 'NONE',  ( 4.902992115855821176, -3.200185398538089032, -1.069247217986506966E-13 ) ) ;
#4148 = EDGE_CURVE ( 'NONE', #3422, #1431, #1194, .T. ) ;
#4149 = DIRECTION ( 'NONE',  ( -0.9118444439141099034, -0.4105358816266460042, -2.160369549757486034E-16 ) ) ;
#4150 = CARTESIAN_POINT ( 'NONE',  ( -4.333038107473832667, -3.957163553160369496, -0.5000000000000016653 ) ) ;
#4151 = VECTOR ( 'NONE', #10879, 1000.000000000000000 ) ;
#4153 = VECTOR ( 'NONE', #308, 1000.000000000000000 ) ;
#4152 = PERSON_AND_ORGANIZATION ( #3279, #1198 ) ;
#4154 = ORIENTED_EDGE ( 'NONE', *, *, #6446, .T. ) ;
#4155 = DIRECTION ( 'NONE',  ( -0.6234898018587320401, 0.7818314824680309139, 1.481414429610370493E-16 ) ) ;
#4156 = VERTEX_POINT ( 'NONE', #2032 ) ;
#4157 = CIRCLE ( 'NONE', #4539, 7.750000000000003553 ) ;
#4158 = CARTESIAN_POINT ( 'NONE',  ( 5.826670010035948977, 0.7836273912850858503, 0.4999999999999991673 ) ) ;
#4159 = CARTESIAN_POINT ( 'NONE',  ( 0.000000000000000000, 3.823194226088471095E-18, 2.479187499999998323 ) ) ;
#4160 = CIRCLE ( 'NONE', #6029, 0.9075000000000038591 ) ;
#4161 = ORIENTED_EDGE ( 'NONE', *, *, #9501, .T. ) ;
#4162 = CIRCLE ( 'NONE', #4349, 2.043333333333333002 ) ;
#4163 = EDGE_LOOP ( 'NONE', ( #2727, #9649, #4289, #6961 ) ) ;
#4164 = LINE ( 'NONE', #5979, #2959 ) ;
#4165 = ADVANCED_FACE ( 'NONE', ( #11180 ), #9300, .F. ) ;
#4167 = AXIS2_PLACEMENT_3D ( 'NONE', #8198, #3745, #7308 ) ;
#4166 = CARTESIAN_POINT ( 'NONE',  ( -1.790913520579326978E-16, 2.245734522990332355E-16, -1.000000000000000000 ) ) ;
#4168 = CARTESIAN_POINT ( 'NONE',  ( -1.761151572440916135, 4.342500000000001137, 0.5000000000000000000 ) ) ;
#4169 = B_SPLINE_CURVE_WITH_KNOTS ( 'NONE', 3,
 ( #8205, #8261, #218, #3819 ),
 .UNSPECIFIED., .F., .F.,
 ( 4, 4 ),
 ( 0.0005065015518760495467, 0.001011135659924338077 ),
 .UNSPECIFIED. ) ;
#4170 = CARTESIAN_POINT ( 'NONE',  ( -3.066411687484029702, 5.021805657651176702, 0.4999999999999998890 ) ) ;
#4171 = ORIENTED_EDGE ( 'NONE', *, *, #6045, .F. ) ;
#4172 = FACE_OUTER_BOUND ( 'NONE', #8362, .T. ) ;
#4173 = VECTOR ( 'NONE', #2588, 1000.000000000000000 ) ;
#4174 = ORIENTED_EDGE ( 'NONE', *, *, #9042, .T. ) ;
#4175 = ADVANCED_FACE ( 'NONE', ( #11127 ), #5613, .F. ) ;
#4176 = CIRCLE ( 'NONE', #6789, 3.531249999999997335 ) ;
#4177 = CIRCLE ( 'NONE', #7346, 1.571836107868756383 ) ;
#4178 = CARTESIAN_POINT ( 'NONE',  ( -0.6244413753511315335, -5.821562611697163270, 0.4999999999999980571 ) ) ;
#4179 = CIRCLE ( 'NONE', #6422, 7.999999999999998224 ) ;
#4180 = ORIENTED_EDGE ( 'NONE', *, *, #2332, .T. ) ;
#4181 = CARTESIAN_POINT ( 'NONE',  ( 6.003118619259574018, -1.370172650836029682, -1.382811032531312544E-15 ) ) ;
#4182 = VERTEX_POINT ( 'NONE', #6669 ) ;
#4183 = AXIS2_PLACEMENT_3D ( 'NONE', #6677, #11188, #5860 ) ;
#4184 = CIRCLE ( 'NONE', #10920, 5.854956726839295023 ) ;
#4185 = CARTESIAN_POINT ( 'NONE',  ( -2.277889630367217144, -4.730086556487682614, -1.833312158492425881E-15 ) ) ;
#4186 = EDGE_CURVE ( 'NONE', #10735, #288, #3269, .T. ) ;
#4187 = FACE_OUTER_BOUND ( 'NONE', #2907, .T. ) ;
#4188 = EDGE_CURVE ( 'NONE', #5596, #6829, #7536, .T. ) ;
#4189 = DIRECTION ( 'NONE',  ( 0.000000000000000000, -1.000000000000000000, 0.000000000000000000 ) ) ;
#4190 = ORIENTED_EDGE ( 'NONE', *, *, #7259, .T. ) ;
#4191 = CARTESIAN_POINT ( 'NONE',  ( 6.569278111570835854, 0.9005181194463797167, -0.6893398282201794736 ) ) ;
#4192 = CIRCLE ( 'NONE', #6805, 2.043333333333333002 ) ;
#4193 = ADVANCED_FACE ( 'NONE', ( #5848 ), #7704, .T. ) ;
#4194 =( BOUNDED_CURVE ( )  B_SPLINE_CURVE ( 3, ( #7698, #11404, #10515, #7637 ),
 .UNSPECIFIED., .F., .F. ) 
 B_SPLINE_CURVE_WITH_KNOTS ( ( 4, 4 ),
 ( 5.788846648639236925, 6.283185307179586232 ),
 .UNSPECIFIED. ) 
 CURVE ( )  GEOMETRIC_REPRESENTATION_ITEM ( )  RATIONAL_B_SPLINE_CURVE ( ( 1.000000000000000000, 0.9797392387487865451, 0.9797392387487865451, 1.000000000000000000 ) ) 
 REPRESENTATION_ITEM ( '' )  );
#4195 = ORIENTED_EDGE ( 'NONE', *, *, #2472, .T. ) ;
#4196 = AXIS2_PLACEMENT_3D ( 'NONE', #10046, #1241, #6652 ) ;
#4197 = VECTOR ( 'NONE', #5062, 1000.000000000000000 ) ;
#4198 = CARTESIAN_POINT ( 'NONE',  ( 5.118371538954569644, -1.168234903270670699, -1.179010624569937576E-15 ) ) ;
#4199 = CARTESIAN_POINT ( 'NONE',  ( 0.4484599904916781732, -6.075027395718183953, -1.474250475543824157 ) ) ;
#4200 = ORIENTED_EDGE ( 'NONE', *, *, #9277, .T. ) ;
#4201 = DIRECTION ( 'NONE',  ( 0.000000000000000000, 0.000000000000000000, 1.000000000000000000 ) ) ;
#4202 = EDGE_CURVE ( 'NONE', #1757, #66, #4698, .T. ) ;
#4203 = CYLINDRICAL_SURFACE ( 'NONE', #9065, 0.2041022026635763154 ) ;
#4204 = AXIS2_PLACEMENT_3D ( 'NONE', #8024, #1816, #814 ) ;
#4205 = EDGE_CURVE ( 'NONE', #11375, #1718, #255, .T. ) ;
#4206 = CIRCLE ( 'NONE', #439, 1.830752539561562253 ) ;
#4207 = CARTESIAN_POINT ( 'NONE',  ( 5.839845736122997621, 0.4203808409606296093, -0.5000000000000007772 ) ) ;
#4208 = EDGE_CURVE ( 'NONE', #8842, #2111, #4393, .T. ) ;
#4209 = ORIENTED_EDGE ( 'NONE', *, *, #388, .T. ) ;
#4210 = LINE ( 'NONE', #11360, #4545 ) ;
#4211 = AXIS2_PLACEMENT_3D ( 'NONE', #7595, #7422, #5737 ) ;
#4212 = ORIENTED_EDGE ( 'NONE', *, *, #8051, .T. ) ;
#4213 = CC_DESIGN_APPROVAL ( #9132, ( #8325 ) ) ;
#4214 = AXIS2_PLACEMENT_3D ( 'NONE', #7303, #2921, #2039 ) ;
#4215 = DIRECTION ( 'NONE',  ( 1.000000000000000000, 0.000000000000000000, 0.000000000000000000 ) ) ;
#4216 = CARTESIAN_POINT ( 'NONE',  ( 5.567464084207162323, 1.846687485750802882, 0.000000000000000000 ) ) ;
#4217 = DIRECTION ( 'NONE',  ( 1.436201133715639822E-16, 6.916380135000388919E-17, -1.000000000000000000 ) ) ;
#4218 = ORIENTED_EDGE ( 'NONE', *, *, #3474, .T. ) ;
#4219 = DIRECTION ( 'NONE',  ( 0.000000000000000000, -4.737733359616825765E-16, 1.000000000000000000 ) ) ;
#4220 = LINE ( 'NONE', #9658, #2128 ) ;
#4221 = EDGE_CURVE ( 'NONE', #2520, #11570, #6777, .T. ) ;
#4222 = DIRECTION ( 'NONE',  ( 0.4338837391175595637, -0.9009688679024184799, 9.629649721936180360E-32 ) ) ;
#4223 = ORIENTED_EDGE ( 'NONE', *, *, #11364, .T. ) ;
#4224 = DIRECTION ( 'NONE',  ( 0.000000000000000000, -4.778852550900294681E-16, 1.000000000000000000 ) ) ;
#4225 = ORIENTED_EDGE ( 'NONE', *, *, #9516, .F. ) ;
#4226 = CARTESIAN_POINT ( 'NONE',  ( 0.000000000000000000, 0.000000000000000000, 0.000000000000000000 ) ) ;
#4227 = EDGE_CURVE ( 'NONE', #1311, #9538, #5911, .T. ) ;
#4228 = CARTESIAN_POINT ( 'NONE',  ( 0.000000000000000000, 0.000000000000000000, 2.500000000000000000 ) ) ;
#4229 = EDGE_LOOP ( 'NONE', ( #8019, #10264, #5322, #2741, #5509, #8328 ) ) ;
#4230 = ORIENTED_EDGE ( 'NONE', *, *, #11418, .F. ) ;
#4231 = CYLINDRICAL_SURFACE ( 'NONE', #1841, 5.854956726839295023 ) ;
#4232 = CARTESIAN_POINT ( 'NONE',  ( -2.060536269002450904, 5.506209728874306819, 0.000000000000000000 ) ) ;
#4233 = CARTESIAN_POINT ( 'NONE',  ( -5.118371538954584743, -1.168234903270601865, 1.814999999999999059 ) ) ;
#4234 = DIRECTION ( 'NONE',  ( -0.000000000000000000, 1.000000000000000000, 0.000000000000000000 ) ) ;
#4235 = ORIENTED_EDGE ( 'NONE', *, *, #10172, .T. ) ;
#4236 = CARTESIAN_POINT ( 'NONE',  ( -2.415079429167877656, 3.936415418983388204, -0.5000000000000001110 ) ) ;
#4237 = EDGE_LOOP ( 'NONE', ( #7072, #4310, #825, #6864, #126, #3389 ) ) ;
#4238 = DIRECTION ( 'NONE',  ( -0.6234898018587320401, 0.7818314824680310249, 1.436201133715656092E-16 ) ) ;
#4239 = EDGE_CURVE ( 'NONE', #2965, #6843, #6825, .T. ) ;
#4240 = ORIENTED_EDGE ( 'NONE', *, *, #6030, .T. ) ;
#4241 = DIRECTION ( 'NONE',  ( 0.9749279121818260618, 0.2225209339563035404, 0.000000000000000000 ) ) ;
#4242 = VERTEX_POINT ( 'NONE', #11407 ) ;
#4243 = CARTESIAN_POINT ( 'NONE',  ( -5.052714406709975847, -2.958616847562803187, -0.3372648878341939493 ) ) ;
#4244 = LINE ( 'NONE', #4945, #9028 ) ;
#4245 = CARTESIAN_POINT ( 'NONE',  ( -2.226987776690645848, 5.644048617059949535, -0.08748657323257398588 ) ) ;
#4246 = DIRECTION ( 'NONE',  ( 0.000000000000000000, -1.000000000000000000, -1.626303258728256651E-16 ) ) ;
#4247 = ORIENTED_EDGE ( 'NONE', *, *, #2903, .F. ) ;
#4248 = DIRECTION ( 'NONE',  ( -1.790913520579321555E-16, 2.245734522990357007E-16, -1.000000000000000000 ) ) ;
#4249 = VERTEX_POINT ( 'NONE', #7014 ) ;
#4250 = CARTESIAN_POINT ( 'NONE',  ( 3.883858019900346736, -2.498724050641801586, 0.4999999999999987232 ) ) ;
#4251 = ORIENTED_EDGE ( 'NONE', *, *, #2134, .T. ) ;
#4252 = EDGE_CURVE ( 'NONE', #11435, #5658, #4770, .T. ) ;
#4253 = DIRECTION ( 'NONE',  ( 1.000000000000000000, 0.000000000000000000, 0.000000000000000000 ) ) ;
#4254 = CARTESIAN_POINT ( 'NONE',  ( 0.6462092322440238235, -6.024500704568890086, -1.474250475543824157 ) ) ;
#4255 =( BOUNDED_CURVE ( )  B_SPLINE_CURVE ( 3, ( #3374, #6016, #1437, #2115 ),
 .UNSPECIFIED., .F., .F. ) 
 B_SPLINE_CURVE_WITH_KNOTS ( ( 4, 4 ),
 ( 3.141592653589793116, 4.712388980384690562 ),
 .UNSPECIFIED. ) 
 CURVE ( )  GEOMETRIC_REPRESENTATION_ITEM ( )  RATIONAL_B_SPLINE_CURVE ( ( 1.000000000000000000, 0.8047378541243648264, 0.8047378541243648264, 1.000000000000000000 ) ) 
 REPRESENTATION_ITEM ( '' )  );
#4256 = CARTESIAN_POINT ( 'NONE',  ( -4.777343085963002167, 0.9466836947464708496, -1.000000000000000666 ) ) ;
#4257 = DIRECTION ( 'NONE',  ( -0.4338837391175651703, -0.9009688679024157043, -3.492023159033191614E-16 ) ) ;
#4258 = ORIENTED_EDGE ( 'NONE', *, *, #10577, .T. ) ;
#4259 = EDGE_CURVE ( 'NONE', #11018, #6009, #818, .T. ) ;
#4260 = LINE ( 'NONE', #3272, #55 ) ;
#4261 = EDGE_CURVE ( 'NONE', #3048, #9101, #1336, .T. ) ;
#4262 = DIRECTION ( 'NONE',  ( -1.436201133715639822E-16, -6.916380135000388919E-17, 1.000000000000000000 ) ) ;
#4263 = EDGE_CURVE ( 'NONE', #8448, #1002, #8281, .T. ) ;
#4264 = CARTESIAN_POINT ( 'NONE',  ( 5.959916154046443815, 0.9114211457764406221, -0.05060613220745605739 ) ) ;
#4265 = DIRECTION ( 'NONE',  ( 0.7818314824680222541, -0.6234898018587428092, 0.000000000000000000 ) ) ;
#4266 = VERTEX_POINT ( 'NONE', #5198 ) ;
#4267 = CARTESIAN_POINT ( 'NONE',  ( 2.996734890535514229, 5.208013795694247605, 0.4883515143830497451 ) ) ;
#4268 = DIRECTION ( 'NONE',  ( 0.000000000000000000, -1.000000000000000000, -1.836970198721029688E-16 ) ) ;
#4269 = CARTESIAN_POINT ( 'NONE',  ( 1.924944058285706286E-16, 4.342500000000001137, -1.571836107868756383 ) ) ;
#4270 = CARTESIAN_POINT ( 'NONE',  ( 5.527994894309681051, -3.661641740954598045, -0.2500000000000019429 ) ) ;
#4271 = ORIENTED_EDGE ( 'NONE', *, *, #3309, .T. ) ;
#4272 = CARTESIAN_POINT ( 'NONE',  ( 7.181005668578280462E-17, -3.458190067500296149E-17, 0.5000000000000000000 ) ) ;
#4273 = VERTEX_POINT ( 'NONE', #8765 ) ;
#4274 = DIRECTION ( 'NONE',  ( 1.000000000000000000, 0.000000000000000000, 0.000000000000000000 ) ) ;
#4275 = EDGE_CURVE ( 'NONE', #10394, #3259, #4309, .T. ) ;
#4276 = CARTESIAN_POINT ( 'NONE',  ( -6.569278111570849177, 0.9005181194462895666, 0.09181046656276542484 ) ) ;
#4277 = ORIENTED_EDGE ( 'NONE', *, *, #11150, .T. ) ;
#4278 = CIRCLE ( 'NONE', #7450, 0.06243749999999999301 ) ;
#4279 = VERTEX_POINT ( 'NONE', #2551 ) ;
#4280 = ORIENTED_EDGE ( 'NONE', *, *, #665, .F. ) ;
#4281 = CARTESIAN_POINT ( 'NONE',  ( -0.8373453883323981328, -5.795012603270855323, 0.3377898998919802720 ) ) ;
#4282 = CARTESIAN_POINT ( 'NONE',  ( -0.1401104873024310304, -4.868222060490380088, -0.5000000000000017764 ) ) ;
#4283 = CARTESIAN_POINT ( 'NONE',  ( -5.536652604613546025, 1.904204875791137841, -0.5000000000000005551 ) ) ;
#4284 = VERTEX_POINT ( 'NONE', #3200 ) ;
#4285 = FACE_OUTER_BOUND ( 'NONE', #8633, .T. ) ;
#4286 = EDGE_CURVE ( 'NONE', #2007, #3307, #6417, .T. ) ;
#4287 = ORIENTED_EDGE ( 'NONE', *, *, #156, .F. ) ;
#4288 = CARTESIAN_POINT ( 'NONE',  ( 5.468137977703790398, 0.3641919916658174494, -1.123255650811875753E-15 ) ) ;
#4289 = ORIENTED_EDGE ( 'NONE', *, *, #10267, .F. ) ;
#4290 = CARTESIAN_POINT ( 'NONE',  ( -4.777343085963002167, 0.9466836947464707386, -0.5000000000000006661 ) ) ;
#4291 = ORIENTED_EDGE ( 'NONE', *, *, #6547, .F. ) ;
#4292 = CARTESIAN_POINT ( 'NONE',  ( 0.000000000000000000, 8.467284509729752602E-16, -2.109375000000003109 ) ) ;
#4293 = VERTEX_POINT ( 'NONE', #6128 ) ;
#4294 = DIRECTION ( 'NONE',  ( 0.9749279121818227312, -0.2225209339563179178, -2.245734522990357500E-16 ) ) ;
#4295 = DIRECTION ( 'NONE',  ( 0.000000000000000000, 0.000000000000000000, 1.000000000000000000 ) ) ;
#4296 = CARTESIAN_POINT ( 'NONE',  ( -4.087814522251060900, -4.865721676347028790, -3.611118645726067224E-32 ) ) ;
#4297 = ORIENTED_EDGE ( 'NONE', *, *, #2230, .F. ) ;
#4298 = CARTESIAN_POINT ( 'NONE',  ( 3.969751236990439303, -4.303672082021770429, 0.4999999999999983902 ) ) ;
#4299 = EDGE_CURVE ( 'NONE', #2765, #5646, #11472, .T. ) ;
#4300 = ORIENTED_EDGE ( 'NONE', *, *, #1030, .T. ) ;
#4301 = PLANE ( 'NONE',  #2252 ) ;
#4302 = ORIENTED_EDGE ( 'NONE', *, *, #4905, .F. ) ;
#4303 = LINE ( 'NONE', #3541, #8061 ) ;
#4304 = CARTESIAN_POINT ( 'NONE',  ( 7.181005668578199110E-17, 3.458190067500194460E-17, -0.5000000000000000000 ) ) ;
#4305 = CARTESIAN_POINT ( 'NONE',  ( -3.300315535752680329, -3.230463181104143988, 0.000000000000000000 ) ) ;
#4306 = DIRECTION ( 'NONE',  ( 0.000000000000000000, 1.000000000000000000, 1.697435915793827745E-16 ) ) ;
#4307 = AXIS2_PLACEMENT_3D ( 'NONE', #6395, #8100, #116 ) ;
#4308 = B_SPLINE_CURVE_WITH_KNOTS ( 'NONE', 3,
 ( #8813, #1659, #6244, #8 ),
 .UNSPECIFIED., .F., .F.,
 ( 4, 4 ),
 ( 0.0005065015518760507393, 0.001011135659924338077 ),
 .UNSPECIFIED. ) ;
#4309 = LINE ( 'NONE', #7876, #7522 ) ;
#4310 = ORIENTED_EDGE ( 'NONE', *, *, #4390, .T. ) ;
#4311 = EDGE_CURVE ( 'NONE', #10739, #4538, #6971, .T. ) ;
#4312 = LINE ( 'NONE', #8004, #5505 ) ;
#4313 = CARTESIAN_POINT ( 'NONE',  ( 3.395103212617424759, 2.707504464571544478, -1.830752539561563141 ) ) ;
#4314 = CIRCLE ( 'NONE', #2632, 3.531249999999995559 ) ;
#4315 = AXIS2_PLACEMENT_3D ( 'NONE', #11353, #10405, #11224 ) ;
#4316 = CARTESIAN_POINT ( 'NONE',  ( -2.992045089741908193, 5.147507901537842656, 0.4956145445222103207 ) ) ;
#4317 =( BOUNDED_CURVE ( )  B_SPLINE_CURVE ( 3, ( #1864, #6204, #7141, #914 ),
 .UNSPECIFIED., .F., .F. ) 
 B_SPLINE_CURVE_WITH_KNOTS ( ( 4, 4 ),
 ( 4.712388980384689674, 6.283185307179586232 ),
 .UNSPECIFIED. ) 
 CURVE ( )  GEOMETRIC_REPRESENTATION_ITEM ( )  RATIONAL_B_SPLINE_CURVE ( ( 1.000000000000000000, 0.8047378541243649375, 0.8047378541243649375, 1.000000000000000000 ) ) 
 REPRESENTATION_ITEM ( '' )  );
#4318 = CYLINDRICAL_SURFACE ( 'NONE', #5077, 5.854956726839295023 ) ;
#4319 = VERTEX_POINT ( 'NONE', #5073 ) ;
#4320 = CARTESIAN_POINT ( 'NONE',  ( 4.307239450811739978, -4.261441472619266868, 0.4999999999999982792 ) ) ;
#4321 = DIRECTION ( 'NONE',  ( 0.000000000000000000, -1.000000000000000000, -1.866966969661138139E-16 ) ) ;
#4322 = EDGE_CURVE ( 'NONE', #5306, #9805, #10191, .T. ) ;
#4323 = CARTESIAN_POINT ( 'NONE',  ( -3.893486730503289639, -2.925744017902478067, -0.5000000000000013323 ) ) ;
#4324 = EDGE_CURVE ( 'NONE', #4429, #1945, #4210, .T. ) ;
#4325 = EDGE_LOOP ( 'NONE', ( #9327, #3502, #2246, #2335 ) ) ;
#4326 = DIRECTION ( 'NONE',  ( 0.000000000000000000, 1.000000000000000000, 2.485603721069123582E-16 ) ) ;
#4327 = ORIENTED_EDGE ( 'NONE', *, *, #1801, .T. ) ;
#4328 = CIRCLE ( 'NONE', #10877, 2.043333333333333446 ) ;
#4329 = EDGE_CURVE ( 'NONE', #4107, #7350, #11458, .T. ) ;
#4330 = AXIS2_PLACEMENT_3D ( 'NONE', #7923, #6291, #9677 ) ;
#4331 = AXIS2_PLACEMENT_3D ( 'NONE', #6716, #3795, #10953 ) ;
#4332 = CARTESIAN_POINT ( 'NONE',  ( 2.216811497683307763, 5.593495018807034036, -0.5000000000000000000 ) ) ;
#4333 = AXIS2_PLACEMENT_3D ( 'NONE', #7347, #2902, #9877 ) ;
#4334 = LINE ( 'NONE', #8554, #10566 ) ;
#4335 = ORIENTED_EDGE ( 'NONE', *, *, #7111, .F. ) ;
#4336 = ORIENTED_EDGE ( 'NONE', *, *, #4480, .T. ) ;
#4337 = VECTOR ( 'NONE', #139, 999.9999999999998863 ) ;
#4338 = AXIS2_PLACEMENT_3D ( 'NONE', #5079, #4262, #6722 ) ;
#4339 = ORIENTED_EDGE ( 'NONE', *, *, #7625, .F. ) ;
#4340 = CARTESIAN_POINT ( 'NONE',  ( -5.057425556495206642, -3.449779290889329442, -0.2500000000000015543 ) ) ;
#4341 = PLANE ( 'NONE',  #5846 ) ;
#4342 = DIRECTION ( 'NONE',  ( -0.000000000000000000, -1.836970198721029688E-16, 1.000000000000000000 ) ) ;
#4343 = ORIENTED_EDGE ( 'NONE', *, *, #6802, .T. ) ;
#4344 = DIRECTION ( 'NONE',  ( 0.9009688679024151492, -0.4338837391175665026, -2.233232632184277575E-16 ) ) ;
#4345 = AXIS2_PLACEMENT_3D ( 'NONE', #9914, #5539, #9808 ) ;
#4346 = VERTEX_POINT ( 'NONE', #1901 ) ;
#4347 = AXIS2_PLACEMENT_3D ( 'NONE', #7813, #8712, #9644 ) ;
#4348 = DIRECTION ( 'NONE',  ( -0.2225209339563178901, -0.9749279121818228422, -1.790913520579322541E-16 ) ) ;
#4349 = AXIS2_PLACEMENT_3D ( 'NONE', #3848, #10991, #1118 ) ;
#4350 = ORIENTED_EDGE ( 'NONE', *, *, #10708, .T. ) ;
#4351 = VECTOR ( 'NONE', #8600, 999.9999999999998863 ) ;
#4352 = DIRECTION ( 'NONE',  ( -0.2225209339563037347, 0.9749279121818261729, 3.227114654294985289E-16 ) ) ;
#4353 = ORIENTED_EDGE ( 'NONE', *, *, #10872, .F. ) ;
#4354 = DIRECTION ( 'NONE',  ( 0.4338837391175517921, -0.9009688679024220326, -2.800385145533141998E-16 ) ) ;
#4355 = ORIENTED_EDGE ( 'NONE', *, *, #5764, .T. ) ;
#4356 = FACE_OUTER_BOUND ( 'NONE', #4028, .T. ) ;
#4357 = CARTESIAN_POINT ( 'NONE',  ( -5.536652604613572670, 1.904204875791060569, 0.4999999999999994449 ) ) ;
#4358 = VECTOR ( 'NONE', #4054, 1000.000000000000000 ) ;
#4359 = AXIS2_PLACEMENT_3D ( 'NONE', #2276, #4922, #5033 ) ;
#4360 = DIRECTION ( 'NONE',  ( 1.436201133715639822E-16, 6.916380135000388919E-17, -1.000000000000000000 ) ) ;
#4361 = ORIENTED_EDGE ( 'NONE', *, *, #4311, .T. ) ;
#4362 = CARTESIAN_POINT ( 'NONE',  ( 2.415079429167935388, 3.936415418983352676, -3.003438073624007870E-16 ) ) ;
#4363 = AXIS2_PLACEMENT_3D ( 'NONE', #3734, #2966, #6491 ) ;
#4364 = AXIS2_PLACEMENT_3D ( 'NONE', #7277, #5644, #9046 ) ;
#4365 = ORIENTED_EDGE ( 'NONE', *, *, #11059, .F. ) ;
#4366 = CIRCLE ( 'NONE', #9234, 5.854956726839295023 ) ;
#4367 = AXIS2_PLACEMENT_3D ( 'NONE', #7250, #100, #7031 ) ;
#4368 = EDGE_CURVE ( 'NONE', #6713, #4346, #6032, .T. ) ;
#4369 = DIRECTION ( 'NONE',  ( 0.000000000000000000, 0.000000000000000000, 1.000000000000000000 ) ) ;
#4370 = VERTEX_POINT ( 'NONE', #7285 ) ;
#4371 = DIRECTION ( 'NONE',  ( -0.000000000000000000, -1.836970198721029688E-16, 1.000000000000000000 ) ) ;
#4372 = CIRCLE ( 'NONE', #8677, 2.043333333333333002 ) ;
#4373 = DIRECTION ( 'NONE',  ( 0.000000000000000000, 1.000000000000000000, 1.734723475976807094E-16 ) ) ;
#4374 = DIRECTION ( 'NONE',  ( 1.000000000000000000, 0.000000000000000000, 0.000000000000000000 ) ) ;
#4375 = DIRECTION ( 'NONE',  ( 0.9009688679024218105, 0.4338837391175525693, 7.970314984685942419E-17 ) ) ;
#4376 = AXIS2_PLACEMENT_3D ( 'NONE', #4716, #3944, #10220 ) ;
#4377 = AXIS2_PLACEMENT_3D ( 'NONE', #7770, #5200, #3370 ) ;
#4378 = CARTESIAN_POINT ( 'NONE',  ( -4.909645099977375082, -3.234121254141959945, 0.4999999999999985012 ) ) ;
#4379 = VERTEX_POINT ( 'NONE', #10871 ) ;
#4380 = AXIS2_PLACEMENT_3D ( 'NONE', #7781, #6906, #8668 ) ;
#4381 = DIRECTION ( 'NONE',  ( 7.970314984686170449E-17, -3.492023159033191121E-16, 1.000000000000000000 ) ) ;
#4382 = ADVANCED_FACE ( 'NONE', ( #778 ), #9064, .T. ) ;
#4383 = CARTESIAN_POINT ( 'NONE',  ( 3.196147292417675700, 5.147507901534455144, 0.5000000000000000000 ) ) ;
#4384 = CIRCLE ( 'NONE', #6637, 0.9075000000001322009 ) ;
#4385 = AXIS2_PLACEMENT_3D ( 'NONE', #6459, #8865, #1697 ) ;
#4386 = DIRECTION ( 'NONE',  ( 0.000000000000000000, 0.000000000000000000, 1.000000000000000000 ) ) ;
#4387 = CARTESIAN_POINT ( 'NONE',  ( 0.5838616507318713511, -6.604956726839289693, -0.2500000000000026645 ) ) ;
#4388 = ORIENTED_EDGE ( 'NONE', *, *, #4071, .F. ) ;
#4389 = CARTESIAN_POINT ( 'NONE',  ( 3.020204765022626248, 5.044057738721794415, 0.5000000000000000000 ) ) ;
#4390 = EDGE_CURVE ( 'NONE', #6695, #6352, #9030, .T. ) ;
#4391 = CARTESIAN_POINT ( 'NONE',  ( 5.084639066406655417, 2.044410505346533569, -5.888572371011624498E-16 ) ) ;
#4393 = CIRCLE ( 'NONE', #9817, 0.2041022026635771758 ) ;
#4392 = DIRECTION ( 'NONE',  ( 1.000000000000000000, -1.224646799147353207E-16, -2.249639673992786412E-32 ) ) ;
#4394 = DIRECTION ( 'NONE',  ( 0.000000000000000000, 0.7071067811865329178, -0.7071067811865622277 ) ) ;
#4395 = VERTEX_POINT ( 'NONE', #4378 ) ;
#4396 = CYLINDRICAL_SURFACE ( 'NONE', #10000, 5.854956726839295023 ) ;
#4397 = ORIENTED_EDGE ( 'NONE', *, *, #1353, .T. ) ;
#4398 = AXIS2_PLACEMENT_3D ( 'NONE', #1683, #4454, #8964 ) ;
#4399 = LINE ( 'NONE', #6323, #10356 ) ;
#4400 =( BOUNDED_CURVE ( )  B_SPLINE_CURVE ( 3, ( #11587, #6126, #9753, #5247 ),
 .UNSPECIFIED., .F., .F. ) 
 B_SPLINE_CURVE_WITH_KNOTS ( ( 4, 4 ),
 ( 3.141592653589792672, 3.635931312130128656 ),
 .UNSPECIFIED. ) 
 CURVE ( )  GEOMETRIC_REPRESENTATION_ITEM ( )  RATIONAL_B_SPLINE_CURVE ( ( 1.000000000000000000, 0.9797392387487875443, 0.9797392387487875443, 1.000000000000000000 ) ) 
 REPRESENTATION_ITEM ( '' )  );
#4401 = DIRECTION ( 'NONE',  ( 0.000000000000000000, 0.000000000000000000, 1.000000000000000000 ) ) ;
#4402 = VERTEX_POINT ( 'NONE', #5429 ) ;
#4403 = B_SPLINE_CURVE_WITH_KNOTS ( 'NONE', 3,
 ( #5983, #10489, #3295, #9447 ),
 .UNSPECIFIED., .F., .F.,
 ( 4, 4 ),
 ( 2.062467634822380330E-07, 0.0005045763673046593052 ),
 .UNSPECIFIED. ) ;
#4404 = ORIENTED_EDGE ( 'NONE', *, *, #2452, .T. ) ;
#4405 = EDGE_CURVE ( 'NONE', #1211, #8909, #2838, .T. ) ;
#4406 = CARTESIAN_POINT ( 'NONE',  ( 8.954567602896607774E-17, -1.122867261495178503E-16, 0.5000000000000000000 ) ) ;
#4407 = CARTESIAN_POINT ( 'NONE',  ( -1.030938487845655782, -5.763478472887639370, -0.5000000000000019984 ) ) ;
#4408 = DIRECTION ( 'NONE',  ( 0.9749279121818223981, -0.2225209339563192779, 0.000000000000000000 ) ) ;
#4409 = FACE_OUTER_BOUND ( 'NONE', #8506, .T. ) ;
#4410 = ORIENTED_EDGE ( 'NONE', *, *, #4784, .T. ) ;
#4411 = CARTESIAN_POINT ( 'NONE',  ( -0.6244413753512103593, -5.821562611697155276, -0.5000000000000019984 ) ) ;
#4412 = ORIENTED_EDGE ( 'NONE', *, *, #693, .T. ) ;
#4413 = CARTESIAN_POINT ( 'NONE',  ( 0.8896469117636505164, -5.786972148330256971, -0.5000000000000021094 ) ) ;
#4414 = DIRECTION ( 'NONE',  ( 0.000000000000000000, -1.000000000000000000, -1.758970146542670193E-16 ) ) ;
#4415 = ADVANCED_FACE ( 'NONE', ( #6423 ), #1728, .F. ) ;
#4416 = ADVANCED_FACE ( 'NONE', ( #132 ), #10641, .T. ) ;
#4417 = VERTEX_POINT ( 'NONE', #4611 ) ;
#4418 = DIRECTION ( 'NONE',  ( -1.790913520579321555E-16, 2.245734522990357007E-16, -1.000000000000000000 ) ) ;
#4419 = VERTEX_POINT ( 'NONE', #5493 ) ;
#4420 = FACE_OUTER_BOUND ( 'NONE', #5206, .T. ) ;
#4421 = ADVANCED_FACE ( 'NONE', ( #9827 ), #7065, .F. ) ;
#4422 = ORIENTED_EDGE ( 'NONE', *, *, #7338, .F. ) ;
#4423 = PLANE ( 'NONE',  #780 ) ;
#4424 = CARTESIAN_POINT ( 'NONE',  ( -4.245533895084451004, -4.066890364875067831, 0.000000000000000000 ) ) ;
#4425 = DIRECTION ( 'NONE',  ( -0.9749279121818257288, -0.2225209339563050392, -2.245734522990332355E-16 ) ) ;
#4426 = VERTEX_POINT ( 'NONE', #4437 ) ;
#4427 = CARTESIAN_POINT ( 'NONE',  ( 4.028020539654735721, -4.249184487084583850, 1.027403961127392839E-17 ) ) ;
#4428 = ORIENTED_EDGE ( 'NONE', *, *, #9872, .F. ) ;
#4429 = VERTEX_POINT ( 'NONE', #10819 ) ;
#4430 = CARTESIAN_POINT ( 'NONE',  ( 4.233624458649566158, -0.9662971557053121607, -9.752102166085628058E-16 ) ) ;
#4431 = EDGE_CURVE ( 'NONE', #6360, #7605, #2607, .T. ) ;
#4432 = ORIENTED_EDGE ( 'NONE', *, *, #1731, .F. ) ;
#4433 = CARTESIAN_POINT ( 'NONE',  ( -4.940813756373768406, -3.141476993070049240, -0.5000000000000015543 ) ) ;
#4434 = DIRECTION ( 'NONE',  ( -0.000000000000000000, -0.000000000000000000, -1.000000000000000000 ) ) ;
#4435 = DIRECTION ( 'NONE',  ( -0.000000000000000000, -1.836970198721029688E-16, 1.000000000000000000 ) ) ;
#4436 = DIRECTION ( 'NONE',  ( 0.000000000000000000, -2.368866679808412882E-16, 1.000000000000000000 ) ) ;
#4437 = CARTESIAN_POINT ( 'NONE',  ( 1.571836107868756383, 6.157500000000000639, 0.000000000000000000 ) ) ;
#4438 = EDGE_CURVE ( 'NONE', #4279, #1684, #5851, .T. ) ;
#4439 = EDGE_LOOP ( 'NONE', ( #9459, #330, #1756, #4116, #8387, #7525, #115, #464, #9239, #1949, #642, #10269 ) ) ;
#4440 = LINE ( 'NONE', #6080, #7927 ) ;
#4441 = DIRECTION ( 'NONE',  ( 0.000000000000000000, 0.000000000000000000, 1.000000000000000000 ) ) ;
#4442 = DIRECTION ( 'NONE',  ( -0.7818314824680221431, 0.6234898018587430313, -6.916380135000386454E-17 ) ) ;
#4443 = CARTESIAN_POINT ( 'NONE',  ( -6.352885058008791219, 0.1622542441005450364, 9.629649721936179265E-32 ) ) ;
#4444 = VERTEX_POINT ( 'NONE', #1791 ) ;
#4445 = DIRECTION ( 'NONE',  ( 0.000000000000000000, 0.000000000000000000, 1.000000000000000000 ) ) ;
#4446 = CARTESIAN_POINT ( 'NONE',  ( 4.583390897398785135, 0.5661297392311771537, -0.5000000000000006661 ) ) ;
#4447 = CARTESIAN_POINT ( 'NONE',  ( 0.000000000000000000, 0.000000000000000000, 0.5000000000000000000 ) ) ;
#4448 = CARTESIAN_POINT ( 'NONE',  ( 0.000000000000000000, 6.019109190525245678E-17, 2.172334957055047422 ) ) ;
#4449 = ORIENTED_EDGE ( 'NONE', *, *, #10926, .F. ) ;
#4450 = DIRECTION ( 'NONE',  ( -1.436201133715656092E-16, 6.916380135000592297E-17, -1.000000000000000000 ) ) ;
#4451 = EDGE_CURVE ( 'NONE', #2221, #1718, #7120, .T. ) ;
#4452 = ORIENTED_EDGE ( 'NONE', *, *, #8662, .T. ) ;
#4453 = FACE_OUTER_BOUND ( 'NONE', #5546, .T. ) ;
#4454 = DIRECTION ( 'NONE',  ( 1.000000000000000000, -1.224646799147353207E-16, -2.249639673992786412E-32 ) ) ;
#4455 = ORIENTED_EDGE ( 'NONE', *, *, #1350, .F. ) ;
#4456 = ORIENTED_EDGE ( 'NONE', *, *, #4135, .F. ) ;
#4457 = DIRECTION ( 'NONE',  ( 0.000000000000000000, -1.000000000000000000, -1.842184222276257569E-16 ) ) ;
#4458 = CARTESIAN_POINT ( 'NONE',  ( 5.786482220524163722, 1.770317392653284250, 0.4791688938532054909 ) ) ;
#4459 = LINE ( 'NONE', #7258, #6965 ) ;
#4460 = DIRECTION ( 'NONE',  ( -1.436201133715639822E-16, -6.916380135000388919E-17, 1.000000000000000000 ) ) ;
#4461 = EDGE_LOOP ( 'NONE', ( #2087, #822, #1459, #1369, #5512, #6526 ) ) ;
#4462 = CARTESIAN_POINT ( 'NONE',  ( 5.795440118211014457, 0.9204544874742647265, -0.5000000000000007772 ) ) ;
#4463 = ORIENTED_EDGE ( 'NONE', *, *, #1811, .F. ) ;
#4464 = EDGE_CURVE ( 'NONE', #518, #3422, #10040, .T. ) ;
#4465 = PLANE ( 'NONE',  #1948 ) ;
#4466 = ORIENTED_EDGE ( 'NONE', *, *, #10025, .T. ) ;
#4467 = DIRECTION ( 'NONE',  ( 0.000000000000000000, 0.000000000000000000, 1.000000000000000000 ) ) ;
#4468 = ORIENTED_EDGE ( 'NONE', *, *, #3049, .F. ) ;
#4469 = DIRECTION ( 'NONE',  ( -1.000000000000000000, 0.000000000000000000, 0.000000000000000000 ) ) ;
#4470 = ORIENTED_EDGE ( 'NONE', *, *, #97, .T. ) ;
#4471 = CARTESIAN_POINT ( 'NONE',  ( 2.186983519523829855, 5.445315942405212439, -1.000000000000000000 ) ) ;
#4472 = CARTESIAN_POINT ( 'NONE',  ( 5.850399315317974747, 1.803152313773490389, -0.2500000000000000555 ) ) ;
#4473 = CARTESIAN_POINT ( 'NONE',  ( 0.000000000000000000, 9.184850993605157805E-16, -2.500000000000005329 ) ) ;
#4474 = ORIENTED_EDGE ( 'NONE', *, *, #8903, .F. ) ;
#4475 = DIRECTION ( 'NONE',  ( -0.000000000000000000, -0.000000000000000000, -1.000000000000000000 ) ) ;
#4476 = ADVANCED_FACE ( 'NONE', ( #2781 ), #4552, .F. ) ;
#4477 = ORIENTED_EDGE ( 'NONE', *, *, #1305, .F. ) ;
#4478 = EDGE_CURVE ( 'NONE', #2408, #3879, #7904, .T. ) ;
#4479 = ORIENTED_EDGE ( 'NONE', *, *, #4208, .F. ) ;
#4480 = EDGE_CURVE ( 'NONE', #4419, #5119, #6656, .T. ) ;
#4481 = DIRECTION ( 'NONE',  ( 0.000000000000000000, 0.000000000000000000, -1.000000000000000000 ) ) ;
#4482 = ORIENTED_EDGE ( 'NONE', *, *, #10275, .F. ) ;
#4483 = CARTESIAN_POINT ( 'NONE',  ( 2.237903063308958718, 5.698273448560721377, -0.2500000000000000000 ) ) ;
#4484 = FACE_OUTER_BOUND ( 'NONE', #3856, .T. ) ;
#4485 = DIRECTION ( 'NONE',  ( 0.7818314824680308028, 0.6234898018587322621, -6.916380135000586135E-17 ) ) ;
#4486 = CARTESIAN_POINT ( 'NONE',  ( -2.992045089753838205, 5.112757277843001269, -0.002760670173779776818 ) ) ;
#4487 = EDGE_CURVE ( 'NONE', #4034, #8219, #2844, .T. ) ;
#4488 = ORIENTED_EDGE ( 'NONE', *, *, #4110, .F. ) ;
#4489 = LINE ( 'NONE', #900, #10930 ) ;
#4490 = FACE_OUTER_BOUND ( 'NONE', #7663, .T. ) ;
#4491 = DIRECTION ( 'NONE',  ( 0.000000000000000000, -2.069303855009861073E-16, 1.000000000000000000 ) ) ;
#4492 = ADVANCED_FACE ( 'NONE', ( #3083 ), #3132, .F. ) ;
#4493 = CARTESIAN_POINT ( 'NONE',  ( 3.893486730503328719, -2.925744017902425664, -1.000000000000001332 ) ) ;
#4494 = ORIENTED_EDGE ( 'NONE', *, *, #3996, .T. ) ;
#4495 = DIRECTION ( 'NONE',  ( -0.000000000000000000, -1.836970198721029688E-16, 1.000000000000000000 ) ) ;
#4496 = VECTOR ( 'NONE', #9354, 1000.000000000000000 ) ;
#4497 = CARTESIAN_POINT ( 'NONE',  ( 0.000000000000000000, 0.000000000000000000, 0.000000000000000000 ) ) ;
#4498 = DIRECTION ( 'NONE',  ( -0.9749279121818260618, -0.2225209339563037070, 0.000000000000000000 ) ) ;
#4499 = VERTEX_POINT ( 'NONE', #7349 ) ;
#4500 = DIRECTION ( 'NONE',  ( -0.7818314824680221431, 0.6234898018587431423, -6.916380135000388919E-17 ) ) ;
#4501 = VERTEX_POINT ( 'NONE', #9168 ) ;
#4502 = CARTESIAN_POINT ( 'NONE',  ( 6.309435231926579846, 2.038964159748405169, -1.000000000000000888 ) ) ;
#4503 = AXIS2_PLACEMENT_3D ( 'NONE', #959, #8062, #4491 ) ;
#4504 = CARTESIAN_POINT ( 'NONE',  ( 0.000000000000000000, -2.554917478527519936, 2.304917478527522157 ) ) ;
#4505 = EDGE_CURVE ( 'NONE', #8604, #5343, #3897, .T. ) ;
#4506 = ORIENTED_EDGE ( 'NONE', *, *, #707, .T. ) ;
#4507 = CARTESIAN_POINT ( 'NONE',  ( -2.186983519523827191, 5.445315942405215104, -0.5000000000000000000 ) ) ;
#4508 = CARTESIAN_POINT ( 'NONE',  ( 5.118371538954569644, -1.168234903270670699, -0.5000000000000008882 ) ) ;
#4509 = CARTESIAN_POINT ( 'NONE',  ( -1.571836107868675780, 5.640022120804223604, -0.4999999999999997780 ) ) ;
#4510 = CIRCLE ( 'NONE', #8808, 1.830752539561562253 ) ;
#4511 = DIRECTION ( 'NONE',  ( -0.2225209339563182231, -0.9749279121818227312, 0.000000000000000000 ) ) ;
#4512 = AXIS2_PLACEMENT_3D ( 'NONE', #5423, #9688, #1717 ) ;
#4513 = ORIENTED_EDGE ( 'NONE', *, *, #6618, .F. ) ;
#4514 = CARTESIAN_POINT ( 'NONE',  ( 4.814127353296902001, 3.839138454945143053, -4.258761068126614905E-16 ) ) ;
#4515 = AXIS2_PLACEMENT_3D ( 'NONE', #4792, #3022, #6667 ) ;
#4516 = ORIENTED_EDGE ( 'NONE', *, *, #10793, .F. ) ;
#4517 = SPHERICAL_SURFACE ( 'NONE', #410, 1.815000000000000169 ) ;
#4518 = CARTESIAN_POINT ( 'NONE',  ( -5.653352180510393232, -2.902599545772442280, -1.925929944387235853E-31 ) ) ;
#4519 = CIRCLE ( 'NONE', #3947, 5.854956726839295023 ) ;
#4520 = ORIENTED_EDGE ( 'NONE', *, *, #3173, .F. ) ;
#4521 = ADVANCED_FACE ( 'NONE', ( #1191 ), #10222, .T. ) ;
#4522 = FACE_OUTER_BOUND ( 'NONE', #910, .T. ) ;
#4523 = ORIENTED_EDGE ( 'NONE', *, *, #1694, .F. ) ;
#4524 = DIRECTION ( 'NONE',  ( 0.000000000000000000, 0.000000000000000000, 1.000000000000000000 ) ) ;
#4525 = VERTEX_POINT ( 'NONE', #5775 ) ;
#4527 = CIRCLE ( 'NONE', #6765, 0.06243749999999999301 ) ;
#4526 = DIRECTION ( 'NONE',  ( 0.9749279121818227312, -0.2225209339563182231, -2.245734522990357007E-16 ) ) ;
#4528 = DIRECTION ( 'NONE',  ( 1.436201133715639822E-16, 6.916380135000388919E-17, -1.000000000000000000 ) ) ;
#4529 = EDGE_CURVE ( 'NONE', #1162, #3838, #10896, .T. ) ;
#4530 = DIRECTION ( 'NONE',  ( 0.000000000000000000, -1.000000000000000000, -1.380874408737758741E-16 ) ) ;
#4531 = ORIENTED_EDGE ( 'NONE', *, *, #7057, .T. ) ;
#4532 = CARTESIAN_POINT ( 'NONE',  ( 0.000000000000000000, 2.687500000000000000, 2.172334957055047866 ) ) ;
#4533 = PRODUCT_DEFINITION_SHAPE ( 'NONE', 'NONE',  #11212 ) ;
#4534 = AXIS2_PLACEMENT_3D ( 'NONE', #6952, #11479, #11413 ) ;
#4535 = VERTEX_POINT ( 'NONE', #253 ) ;
#4536 = AXIS2_PLACEMENT_3D ( 'NONE', #720, #11593, #8951 ) ;
#4537 = CIRCLE ( 'NONE', #1537, 1.815000000000000391 ) ;
#4538 = VERTEX_POINT ( 'NONE', #2017 ) ;
#4539 = AXIS2_PLACEMENT_3D ( 'NONE', #231, #10751, #8982 ) ;
#4540 = DIRECTION ( 'NONE',  ( -0.2225209339563050392, 0.9749279121818257288, 3.015560319726679692E-16 ) ) ;
#4541 = EDGE_CURVE ( 'NONE', #5162, #6284, #4162, .T. ) ;
#4542 = VERTEX_POINT ( 'NONE', #7411 ) ;
#4543 = CIRCLE ( 'NONE', #5476, 1.744770758581195569 ) ;
#4544 = ADVANCED_FACE ( 'NONE', ( #6530 ), #2906, .T. ) ;
#4545 = VECTOR ( 'NONE', #3318, 1000.000000000000114 ) ;
#4546 = CARTESIAN_POINT ( 'NONE',  ( -1.571836107868694210, 4.342500000000022453, -0.4999999999999998890 ) ) ;
#4547 = AXIS2_PLACEMENT_3D ( 'NONE', #2790, #1855, #8137 ) ;
#4548 = CARTESIAN_POINT ( 'NONE',  ( -3.028934849369945503, 5.010595967690171904, -1.069247215918555435E-13 ) ) ;
#4549 = EDGE_CURVE ( 'NONE', #9190, #9263, #771, .T. ) ;
#4550 = LINE ( 'NONE', #2550, #5093 ) ;
#4551 = AXIS2_PLACEMENT_3D ( 'NONE', #2511, #7651, #1441 ) ;
#4552 = PLANE ( 'NONE',  #7334 ) ;
#4553 = ORIENTED_EDGE ( 'NONE', *, *, #7766, .T. ) ;
#4554 = AXIS2_PLACEMENT_3D ( 'NONE', #933, #1705, #11448 ) ;
#4555 = CARTESIAN_POINT ( 'NONE',  ( 3.893486730503328719, -2.925744017902425664, -1.000000000000001332 ) ) ;
#4556 = AXIS2_PLACEMENT_3D ( 'NONE', #5772, #473, #10221 ) ;
#4557 = CARTESIAN_POINT ( 'NONE',  ( -3.841731365911411622, -2.683292981260817278, -0.5000000000000013323 ) ) ;
#4558 = ADVANCED_FACE ( 'NONE', ( #11168 ), #9335, .T. ) ;
#4559 = EDGE_CURVE ( 'NONE', #1396, #1993, #1720, .T. ) ;
#4560 = CARTESIAN_POINT ( 'NONE',  ( 6.309435231926579846, 2.038964159748404725, -0.6893398282201789184 ) ) ;
#4561 = DIRECTION ( 'NONE',  ( -0.6434186129743195703, -0.7655145253215009937, -0.000000000000000000 ) ) ;
#4562 = ORIENTED_EDGE ( 'NONE', *, *, #129, .T. ) ;
#4563 = DIRECTION ( 'NONE',  ( 0.2225209339563255506, -0.9749279121818210658, -9.938820221107127683E-17 ) ) ;
#4564 = CIRCLE ( 'NONE', #1171, 1.815000000000000169 ) ;
#4565 = CIRCLE ( 'NONE', #10740, 1.571836107868756383 ) ;
#4566 = CARTESIAN_POINT ( 'NONE',  ( 4.445329213089231679, -4.105662467108990299, 0.4791684957233313114 ) ) ;
#4567 = CARTESIAN_POINT ( 'NONE',  ( 0.000000000000000000, 0.000000000000000000, 2.500000000000000000 ) ) ;
#4568 = ORIENTED_EDGE ( 'NONE', *, *, #5039, .F. ) ;
#4569 = SPHERICAL_SURFACE ( 'NONE', #6447, 1.815000000000000169 ) ;
#4570 = VERTEX_POINT ( 'NONE', #1061 ) ;
#4571 = AXIS2_PLACEMENT_3D ( 'NONE', #4447, #1622, #5209 ) ;
#4572 = DIRECTION ( 'NONE',  ( -7.970314984685941186E-17, 3.492023159033203447E-16, -1.000000000000000000 ) ) ;
#4573 = AXIS2_PLACEMENT_3D ( 'NONE', #6159, #6707, #3952 ) ;
#4574 = LINE ( 'NONE', #8146, #8707 ) ;
#4575 = AXIS2_PLACEMENT_3D ( 'NONE', #8945, #6939, #1661 ) ;
#4576 = VECTOR ( 'NONE', #2747, 1000.000000000000000 ) ;
#4577 = ADVANCED_FACE ( 'NONE', ( #4659 ), #2140, .T. ) ;
#4578 = ORIENTED_EDGE ( 'NONE', *, *, #10671, .F. ) ;
#4579 = SPHERICAL_SURFACE ( 'NONE', #4835, 1.815000000000000169 ) ;
#4580 = CARTESIAN_POINT ( 'NONE',  ( -5.443915612728942754, 2.155064053490471032, 0.4999999999999994449 ) ) ;
#4581 = DIRECTION ( 'NONE',  ( 0.000000000000000000, -1.000000000000000000, -1.577021341797101012E-16 ) ) ;
#4582 = AXIS2_PLACEMENT_3D ( 'NONE', #10608, #5224, #2576 ) ;
#4583 = CIRCLE ( 'NONE', #6259, 5.854956726839295023 ) ;
#4584 = CYLINDRICAL_SURFACE ( 'NONE', #8517, 4.618222060490380088 ) ;
#4585 = VERTEX_POINT ( 'NONE', #10167 ) ;
#4586 = DIRECTION ( 'NONE',  ( 0.000000000000000000, 0.000000000000000000, 1.000000000000000000 ) ) ;
#4587 = ORIENTED_EDGE ( 'NONE', *, *, #7673, .T. ) ;
#4588 = ADVANCED_FACE ( 'NONE', ( #354 ), #3949, .F. ) ;
#4589 = CARTESIAN_POINT ( 'NONE',  ( 3.883858019900346736, -2.498724050641801586, -1.256712470380256015E-15 ) ) ;
#4590 = CARTESIAN_POINT ( 'NONE',  ( 5.551713944425867631, 1.860412630869899830, -0.3369498210078561429 ) ) ;
#4591 = EDGE_CURVE ( 'NONE', #8589, #4346, #4911, .T. ) ;
#4592 = ORIENTED_EDGE ( 'NONE', *, *, #7752, .T. ) ;
#4593 = CARTESIAN_POINT ( 'NONE',  ( 5.118371538954569644, -1.168234903270670699, -1.179010624569937576E-15 ) ) ;
#4594 = ORIENTED_EDGE ( 'NONE', *, *, #10692, .T. ) ;
#4595 = B_SPLINE_CURVE_WITH_KNOTS ( 'NONE', 3,
 ( #5927, #682, #631, #6027, #9606, #4158 ),
 .UNSPECIFIED., .F., .F.,
 ( 4, 2, 4 ),
 ( 0.000000000000000000, 0.0001264852995145798514, 0.0002529705990291597028 ),
 .UNSPECIFIED. ) ;
#4596 = CARTESIAN_POINT ( 'NONE',  ( -5.389570639310297118, 2.287585320167340619, 0.000000000000000000 ) ) ;
#4597 = B_SPLINE_CURVE_WITH_KNOTS ( 'NONE', 3,
 ( #6878, #6826, #4999, #2412 ),
 .UNSPECIFIED., .F., .F.,
 ( 4, 4 ),
 ( 2.074124156127503586E-07, 0.0005065015518762488230 ),
 .UNSPECIFIED. ) ;
#4598 = ORIENTED_EDGE ( 'NONE', *, *, #1658, .T. ) ;
#4599 = DIRECTION ( 'NONE',  ( 0.4338837391175526248, -0.9009688679024218105, -3.492023159033202461E-16 ) ) ;
#4600 = CARTESIAN_POINT ( 'NONE',  ( 4.233624458649566158, -0.9662971557053123828, 1.830752539561561809 ) ) ;
#4601 = DIRECTION ( 'NONE',  ( 0.000000000000000000, -1.000000000000000000, -1.678764654171102765E-16 ) ) ;
#4602 = ORIENTED_EDGE ( 'NONE', *, *, #6658, .F. ) ;
#4603 = PLANE ( 'NONE',  #10912 ) ;
#4604 = ORIENTED_EDGE ( 'NONE', *, *, #8760, .F. ) ;
#4605 = EDGE_CURVE ( 'NONE', #10416, #4395, #9220, .T. ) ;
#4606 = VERTEX_POINT ( 'NONE', #4069 ) ;
#4607 = DIRECTION ( 'NONE',  ( 0.7818314824680310249, 0.6234898018587320401, 0.000000000000000000 ) ) ;
#4608 = ORIENTED_EDGE ( 'NONE', *, *, #3849, .F. ) ;
#4609 = CARTESIAN_POINT ( 'NONE',  ( 4.375126996066917684, 1.478593510159734059, -0.5000000000000005551 ) ) ;
#4610 = CARTESIAN_POINT ( 'NONE',  ( -4.799931324454228765, -4.574604580850460955, -0.2500000000000021649 ) ) ;
#4611 = CARTESIAN_POINT ( 'NONE',  ( -0.4679647384833750534, -4.594451436628337326, 0.4999999999999985012 ) ) ;
#4612 = ORIENTED_EDGE ( 'NONE', *, *, #4774, .T. ) ;
#4613 = FACE_OUTER_BOUND ( 'NONE', #690, .T. ) ;
#4614 = EDGE_CURVE ( 'NONE', #8913, #6031, #5900, .T. ) ;
#4615 = DIRECTION ( 'NONE',  ( 0.7818314824680308028, 0.6234898018587322621, -6.916380135000587367E-17 ) ) ;
#4616 = CARTESIAN_POINT ( 'NONE',  ( 6.309435231926579846, 2.038964159748405169, -0.2500000000000009992 ) ) ;
#4617 = DIRECTION ( 'NONE',  ( -0.000000000000000000, -1.836970198721029688E-16, 1.000000000000000000 ) ) ;
#4618 = ORIENTED_EDGE ( 'NONE', *, *, #8230, .T. ) ;
#4619 = FACE_OUTER_BOUND ( 'NONE', #7231, .T. ) ;
#4620 = DIRECTION ( 'NONE',  ( 0.6234898018587322621, -0.7818314824680308028, -1.436201133715656339E-16 ) ) ;
#4621 = CYLINDRICAL_SURFACE ( 'NONE', #2294, 3.140624999999996003 ) ;
#4622 = ORIENTED_EDGE ( 'NONE', *, *, #8843, .F. ) ;
#4623 = EDGE_CURVE ( 'NONE', #10257, #2519, #5828, .T. ) ;
#4624 = VERTEX_POINT ( 'NONE', #9393 ) ;
#4625 = EDGE_CURVE ( 'NONE', #3150, #2681, #10718, .T. ) ;
#4626 = CYLINDRICAL_SURFACE ( 'NONE', #7543, 0.7499999999999997780 ) ;
#4627 = EDGE_CURVE ( 'NONE', #7568, #2376, #5662, .T. ) ;
#4628 = CARTESIAN_POINT ( 'NONE',  ( 0.000000000000000000, 0.000000000000000000, 0.5000000000000000000 ) ) ;
#4629 = VERTEX_POINT ( 'NONE', #526 ) ;
#4630 = CARTESIAN_POINT ( 'NONE',  ( -5.235620591670139490, -3.530007290692684929, -1.000000000000002220 ) ) ;
#4631 = DIRECTION ( 'NONE',  ( 0.000000000000000000, -5.518143613359629527E-16, 1.000000000000000000 ) ) ;
#4632 = CARTESIAN_POINT ( 'NONE',  ( 0.000000000000000000, -6.968749999999999112, 2.499999999999998668 ) ) ;
#4633 = ORIENTED_EDGE ( 'NONE', *, *, #463, .F. ) ;
#4634 = DIRECTION ( 'NONE',  ( 1.436201133715656092E-16, 6.916380135000592297E-17, -1.000000000000000000 ) ) ;
#4635 = ORIENTED_EDGE ( 'NONE', *, *, #4431, .F. ) ;
#4636 = CARTESIAN_POINT ( 'NONE',  ( 6.053386115997622774, 0.9138090314649700563, -0.2083800311308721676 ) ) ;
#4637 = DIRECTION ( 'NONE',  ( -0.4338837391175651703, -0.9009688679024157043, -3.492023159033191614E-16 ) ) ;
#4638 = ORIENTED_EDGE ( 'NONE', *, *, #6848, .F. ) ;
#4639 = DIRECTION ( 'NONE',  ( -0.9009688679024158153, 0.4338837391175651703, 7.970314984686171682E-17 ) ) ;
#4640 = ORIENTED_EDGE ( 'NONE', *, *, #7492, .T. ) ;
#4641 = FACE_OUTER_BOUND ( 'NONE', #9217, .T. ) ;
#4643 = EDGE_CURVE ( 'NONE', #5593, #3568, #7155, .T. ) ;
#4642 = EDGE_LOOP ( 'NONE', ( #8687, #7922, #11354, #9295, #9480, #1345, #5678, #3882 ) ) ;
#4644 = CARTESIAN_POINT ( 'NONE',  ( -2.231807111763033369, 5.667990052715531135, 0.4669859836141827536 ) ) ;
#4645 = CARTESIAN_POINT ( 'NONE',  ( -4.583390897398778030, 0.5661297392312392152, 0.4999999999999993339 ) ) ;
#4646 = CARTESIAN_POINT ( 'NONE',  ( -0.8107164786652649724, -5.798556463843506315, 1.027403880348036144E-17 ) ) ;
#4647 = ORIENTED_EDGE ( 'NONE', *, *, #8003, .F. ) ;
#4648 = DIRECTION ( 'NONE',  ( -7.970314984686170449E-17, 3.492023159033191614E-16, -1.000000000000000000 ) ) ;
#4649 = VERTEX_POINT ( 'NONE', #10400 ) ;
#4650 = CIRCLE ( 'NONE', #6523, 3.531249999999995559 ) ;
#4651 = CARTESIAN_POINT ( 'NONE',  ( -4.583390897398778030, 0.5661297392312392152, 0.4999999999999993339 ) ) ;
#4652 = ORIENTED_EDGE ( 'NONE', *, *, #346, .T. ) ;
#4653 = AXIS2_PLACEMENT_3D ( 'NONE', #9708, #10365, #2508 ) ;
#4654 = EDGE_CURVE ( 'NONE', #7369, #6877, #2098, .T. ) ;
#4655 = CARTESIAN_POINT ( 'NONE',  ( -5.836034119284473576, 0.4733310522293190381, -0.3372648878341743539 ) ) ;
#4656 = CARTESIAN_POINT ( 'NONE',  ( -0.4679647384833751644, -4.594451436628337326, -0.5000000000000015543 ) ) ;
#4657 = LINE ( 'NONE', #179, #2501 ) ;
#4658 = EDGE_CURVE ( 'NONE', #11035, #3419, #34, .T. ) ;
#4659 = FACE_OUTER_BOUND ( 'NONE', #9288, .T. ) ;
#4660 = B_SPLINE_CURVE_WITH_KNOTS ( 'NONE', 3,
 ( #7728, #5165, #4099, #6910, #3289, #9608 ),
 .UNSPECIFIED., .F., .F.,
 ( 4, 2, 4 ),
 ( 8.131516293641283255E-20, 0.0001488170499983741560, 0.0002976340999967482578 ),
 .UNSPECIFIED. ) ;
#4661 = ORIENTED_EDGE ( 'NONE', *, *, #8076, .T. ) ;
#4662 = DIRECTION ( 'NONE',  ( 0.000000000000000000, 0.000000000000000000, 1.000000000000000000 ) ) ;
#4663 = CARTESIAN_POINT ( 'NONE',  ( 0.000000000000000000, 8.673617379884035472E-16, -8.673617379884035472E-16 ) ) ;
#4664 = VERTEX_POINT ( 'NONE', #3702 ) ;
#4665 = CARTESIAN_POINT ( 'NONE',  ( 3.312417284811480567, 4.827878416493403435, -0.5000000000000000000 ) ) ;
#4666 = DIRECTION ( 'NONE',  ( 1.436201133715639822E-16, 6.916380135000388919E-17, -1.000000000000000000 ) ) ;
#4667 = VERTEX_POINT ( 'NONE', #871 ) ;
#4668 = CYLINDRICAL_SURFACE ( 'NONE', #8097, 5.854956726839295023 ) ;
#4669 = CARTESIAN_POINT ( 'NONE',  ( -4.028020539654795229, -4.249184487084527895, 1.027403880348036144E-17 ) ) ;
#4670 = ADVANCED_FACE ( 'NONE', ( #7154 ), #1820, .T. ) ;
#4671 = VERTEX_POINT ( 'NONE', #7920 ) ;
#4672 = CARTESIAN_POINT ( 'NONE',  ( -0.4561072009509675174, -6.104956726839298575, -0.2500000000000001110 ) ) ;
#4673 = ORIENTED_EDGE ( 'NONE', *, *, #1903, .F. ) ;
#4674 = CARTESIAN_POINT ( 'NONE',  ( -7.181005668578280462E-17, 3.458190067500296149E-17, -0.5000000000000000000 ) ) ;
#4675 = CARTESIAN_POINT ( 'NONE',  ( 2.231807111763035145, 5.667990052715531135, 0.4669859836141823650 ) ) ;
#4676 = CIRCLE ( 'NONE', #4330, 2.043333333333333002 ) ;
#4677 = EDGE_CURVE ( 'NONE', #5646, #4156, #990, .T. ) ;
#4678 = ORIENTED_EDGE ( 'NONE', *, *, #3208, .F. ) ;
#4679 = EDGE_CURVE ( 'NONE', #7556, #11176, #7534, .T. ) ;
#4680 = DIRECTION ( 'NONE',  ( 1.000000000000000000, 0.000000000000000000, 0.000000000000000000 ) ) ;
#4681 = DIRECTION ( 'NONE',  ( -1.000000000000000000, 0.000000000000000000, 1.641723512482401342E-16 ) ) ;
#4682 = DIRECTION ( 'NONE',  ( 0.000000000000000000, 0.000000000000000000, 1.000000000000000000 ) ) ;
#4683 = EDGE_CURVE ( 'NONE', #10431, #505, #4734, .T. ) ;
#4684 = FACE_OUTER_BOUND ( 'NONE', #3549, .T. ) ;
#4685 = VERTEX_POINT ( 'NONE', #10670 ) ;
#4686 = CARTESIAN_POINT ( 'NONE',  ( 4.194715226259679852, -4.084975715844430866, 0.3369669046199014195 ) ) ;
#4687 = ORIENTED_EDGE ( 'NONE', *, *, #890, .T. ) ;
#4688 = VECTOR ( 'NONE', #1976, 1000.000000000000000 ) ;
#4689 = LINE ( 'NONE', #5751, #10533 ) ;
#4690 = CARTESIAN_POINT ( 'NONE',  ( -3.985157492342970593E-17, 1.746011579516601723E-16, -0.5000000000000000000 ) ) ;
#4691 = ORIENTED_EDGE ( 'NONE', *, *, #4591, .F. ) ;
#4692 = DIRECTION ( 'NONE',  ( 1.000000000000000000, 0.000000000000000000, 0.000000000000000000 ) ) ;
#4693 = VERTEX_POINT ( 'NONE', #2762 ) ;
#4694 = CARTESIAN_POINT ( 'NONE',  ( -3.391824491822198251, 5.697532308577989646, -0.2500000000000000000 ) ) ;
#4695 = AXIS2_PLACEMENT_3D ( 'NONE', #5425, #772, #7998 ) ;
#4696 = CARTESIAN_POINT ( 'NONE',  ( -1.571836107868691990, 4.492665034479325747, 0.5000000000000002220 ) ) ;
#4697 = CIRCLE ( 'NONE', #7499, 2.043333333333332558 ) ;
#4698 =( BOUNDED_CURVE ( )  B_SPLINE_CURVE ( 3, ( #6076, #11234, #5959, #2495 ),
 .UNSPECIFIED., .F., .F. ) 
 B_SPLINE_CURVE_WITH_KNOTS ( ( 4, 4 ),
 ( 3.141592653589793116, 4.712388980384689674 ),
 .UNSPECIFIED. ) 
 CURVE ( )  GEOMETRIC_REPRESENTATION_ITEM ( )  RATIONAL_B_SPLINE_CURVE ( ( 1.000000000000000000, 0.8047378541243649375, 0.8047378541243649375, 1.000000000000000000 ) ) 
 REPRESENTATION_ITEM ( '' )  );
#4699 = ORIENTED_EDGE ( 'NONE', *, *, #7705, .T. ) ;
#4700 = FACE_OUTER_BOUND ( 'NONE', #9845, .T. ) ;
#4701 = EDGE_CURVE ( 'NONE', #9107, #2728, #9095, .T. ) ;
#4702 = CARTESIAN_POINT ( 'NONE',  ( -4.488669179800631959, -4.162977229057066353, -0.2500000000000000555 ) ) ;
#4703 = ORIENTED_EDGE ( 'NONE', *, *, #1726, .T. ) ;
#4704 = CARTESIAN_POINT ( 'NONE',  ( 3.985157492342970593E-17, 1.746011579516601723E-16, -0.5000000000000000000 ) ) ;
#4705 = ORIENTED_EDGE ( 'NONE', *, *, #4480, .F. ) ;
#4706 = B_SPLINE_CURVE_WITH_KNOTS ( 'NONE', 3,
 ( #9406, #2374, #7700, #8587 ),
 .UNSPECIFIED., .F., .F.,
 ( 4, 4 ),
 ( 2.062467659355876231E-07, 0.0005045763673072104329 ),
 .UNSPECIFIED. ) ;
#4707 = CIRCLE ( 'NONE', #2994, 1.571836107868756383 ) ;
#4708 = VECTOR ( 'NONE', #9457, 1000.000000000000000 ) ;
#4709 = CARTESIAN_POINT ( 'NONE',  ( -5.729658811962702103, 1.766482738355882764, -0.03299194353885481074 ) ) ;
#4710 = ORIENTED_EDGE ( 'NONE', *, *, #7614, .F. ) ;
#4711 = CARTESIAN_POINT ( 'NONE',  ( -5.848381429644151197, 0.2774039050809224971, 0.4999999999999990563 ) ) ;
#4712 = EDGE_CURVE ( 'NONE', #9262, #6675, #1952, .T. ) ;
#4713 = FACE_OUTER_BOUND ( 'NONE', #5140, .T. ) ;
#4714 = AXIS2_PLACEMENT_3D ( 'NONE', #9241, #4666, #2196 ) ;
#4715 = CIRCLE ( 'NONE', #391, 2.043333333333333002 ) ;
#4716 = CARTESIAN_POINT ( 'NONE',  ( -2.277889630367217144, -4.730086556487682614, 0.000000000000000000 ) ) ;
#4717 = DIRECTION ( 'NONE',  ( 0.2225209339563050392, -0.9749279121818257288, -1.851768037012963116E-16 ) ) ;
#4718 = CIRCLE ( 'NONE', #767, 5.854956726839295023 ) ;
#4719 = ORIENTED_EDGE ( 'NONE', *, *, #8539, .T. ) ;
#4720 = EDGE_CURVE ( 'NONE', #2030, #5083, #5496, .T. ) ;
#4721 = DIRECTION ( 'NONE',  ( -7.970314984685944884E-17, 3.492023159033203447E-16, -1.000000000000000000 ) ) ;
#4722 = VECTOR ( 'NONE', #7115, 1000.000000000000000 ) ;
#4723 = AXIS2_PLACEMENT_3D ( 'NONE', #1663, #10699, #5249 ) ;
#4724 = DIRECTION ( 'NONE',  ( 0.6234898018587322621, -0.7818314824680308028, -1.436201133715656092E-16 ) ) ;
#4725 = AXIS2_PLACEMENT_3D ( 'NONE', #10354, #11406, #7701 ) ;
#4726 = ORIENTED_EDGE ( 'NONE', *, *, #8330, .F. ) ;
#4727 = CARTESIAN_POINT ( 'NONE',  ( 0.8896469117636505164, -5.786972148330256971, 0.4999999999999988343 ) ) ;
#4728 = AXIS2_PLACEMENT_3D ( 'NONE', #8012, #7961, #9010 ) ;
#4729 = SPHERICAL_SURFACE ( 'NONE', #10323, 1.815000000000000169 ) ;
#4730 = ORIENTED_EDGE ( 'NONE', *, *, #11345, .T. ) ;
#4731 = CARTESIAN_POINT ( 'NONE',  ( 0.000000000000000000, 8.582940074552626705E-16, -2.172334957055049198 ) ) ;
#4732 = FACE_OUTER_BOUND ( 'NONE', #6927, .T. ) ;
#4733 = CIRCLE ( 'NONE', #3987, 1.830752539561562919 ) ;
#4734 = CIRCLE ( 'NONE', #2857, 1.744770758581195791 ) ;
#4735 = ORIENTED_EDGE ( 'NONE', *, *, #9544, .F. ) ;
#4736 = CARTESIAN_POINT ( 'NONE',  ( -2.992045089753862630, 5.147507901534308594, -0.01348139819834180513 ) ) ;
#4737 = CIRCLE ( 'NONE', #3238, 2.043333333333333002 ) ;
#4738 = ORIENTED_EDGE ( 'NONE', *, *, #7113, .F. ) ;
#4739 = ADVANCED_FACE ( 'NONE', ( #11509 ), #4517, .F. ) ;
#4740 = AXIS2_PLACEMENT_3D ( 'NONE', #3308, #8756, #11575 ) ;
#4741 = DIRECTION ( 'NONE',  ( -0.9009688679024216995, -0.4338837391175525693, -2.073466413476074313E-16 ) ) ;
#4742 = DIRECTION ( 'NONE',  ( 7.970314984685941186E-17, -3.492023159033203447E-16, 1.000000000000000000 ) ) ;
#4743 = EDGE_CURVE ( 'NONE', #570, #3725, #3989, .T. ) ;
#4744 = CIRCLE ( 'NONE', #9607, 0.2041022026635771758 ) ;
#4745 = ORIENTED_EDGE ( 'NONE', *, *, #9850, .F. ) ;
#4746 = SPHERICAL_SURFACE ( 'NONE', #6894, 2.043333333333333002 ) ;
#4748 = AXIS2_PLACEMENT_3D ( 'NONE', #986, #5458, #7262 ) ;
#4747 = DIRECTION ( 'NONE',  ( 0.000000000000000000, 0.000000000000000000, 1.000000000000000000 ) ) ;
#4749 = FACE_OUTER_BOUND ( 'NONE', #6768, .T. ) ;
#4750 = DIRECTION ( 'NONE',  ( -0.000000000000000000, -1.836970198721029688E-16, 1.000000000000000000 ) ) ;
#4751 = ORIENTED_EDGE ( 'NONE', *, *, #11231, .F. ) ;
#4752 = CARTESIAN_POINT ( 'NONE',  ( 4.104615282957162492, 3.273321459758343543, -3.631099570875311634E-16 ) ) ;
#4753 = ORIENTED_EDGE ( 'NONE', *, *, #3753, .F. ) ;
#4754 = AXIS2_PLACEMENT_3D ( 'NONE', #6835, #10614, #4414 ) ;
#4755 = CARTESIAN_POINT ( 'NONE',  ( 0.000000000000000000, -3.140624999999996003, 2.500000000000003109 ) ) ;
#4756 = AXIS2_PLACEMENT_3D ( 'NONE', #8241, #5676, #1310 ) ;
#4757 = EDGE_CURVE ( 'NONE', #7849, #2987, #8671, .T. ) ;
#4758 = VERTEX_POINT ( 'NONE', #9796 ) ;
#4759 = VERTEX_POINT ( 'NONE', #9966 ) ;
#4760 = DIRECTION ( 'NONE',  ( -0.000000000000000000, -0.000000000000000000, -1.000000000000000000 ) ) ;
#4761 = AXIS2_PLACEMENT_3D ( 'NONE', #1832, #4425, #11573 ) ;
#4762 = CARTESIAN_POINT ( 'NONE',  ( -3.985157492343085224E-17, -1.746011579516595807E-16, 0.5000000000000000000 ) ) ;
#4763 = AXIS2_PLACEMENT_3D ( 'NONE', #6094, #9664, #5034 ) ;
#4764 = VERTEX_POINT ( 'NONE', #4589 ) ;
#4765 = CARTESIAN_POINT ( 'NONE',  ( -3.395103212617387012, 2.707504464571592440, -0.5000000000000000000 ) ) ;
#4766 = LINE ( 'NONE', #8512, #10520 ) ;
#4767 = CARTESIAN_POINT ( 'NONE',  ( 0.000000000000000000, 3.411864953114403231E-31, 2.499999999999998224 ) ) ;
#4768 = VERTEX_POINT ( 'NONE', #8156 ) ;
#4769 = CARTESIAN_POINT ( 'NONE',  ( -0.5615098671493452542, -5.838802759818035426, 0.000000000000000000 ) ) ;
#4770 = CIRCLE ( 'NONE', #11327, 2.500000000000000000 ) ;
#4771 = ORIENTED_EDGE ( 'NONE', *, *, #2190, .F. ) ;
#4772 = ADVANCED_FACE ( 'NONE', ( #1768 ), #9029, .T. ) ;
#4773 = AXIS2_PLACEMENT_3D ( 'NONE', #2525, #4460, #6977 ) ;
#4774 = EDGE_CURVE ( 'NONE', #5939, #4074, #10343, .T. ) ;
#4775 = AXIS2_PLACEMENT_3D ( 'NONE', #3865, #9254, #3914 ) ;
#4776 = EDGE_CURVE ( 'NONE', #1298, #6858, #597, .T. ) ;
#4777 = DIRECTION ( 'NONE',  ( 1.000000000000000000, 7.438494264988550399E-15, -7.970314984685912837E-17 ) ) ;
#4778 = ORIENTED_EDGE ( 'NONE', *, *, #6508, .F. ) ;
#4779 = CARTESIAN_POINT ( 'NONE',  ( -0.5325758359744141579, -5.854956726839299463, 0.000000000000000000 ) ) ;
#4780 = DIRECTION ( 'NONE',  ( -0.7818314824680350217, 0.6234898018587270441, 0.000000000000000000 ) ) ;
#4781 = CARTESIAN_POINT ( 'NONE',  ( -6.003118619259592670, -1.370172650835948414, -1.382811032531297162E-15 ) ) ;
#4782 = CARTESIAN_POINT ( 'NONE',  ( -4.104615282957117195, 3.273321459758401719, -3.631099570875204645E-16 ) ) ;
#4783 = ORIENTED_EDGE ( 'NONE', *, *, #2541, .F. ) ;
#4784 = EDGE_CURVE ( 'NONE', #9605, #11194, #1490, .T. ) ;
#4785 = CYLINDRICAL_SURFACE ( 'NONE', #3443, 5.854956726839295023 ) ;
#4786 = DIRECTION ( 'NONE',  ( -0.000000000000000000, -1.836970198721029688E-16, 1.000000000000000000 ) ) ;
#4787 = EDGE_LOOP ( 'NONE', ( #10512, #4703, #5444, #1499, #10389, #5890, #10746, #3720 ) ) ;
#4788 = DIRECTION ( 'NONE',  ( 0.000000000000000000, 0.000000000000000000, 1.000000000000000000 ) ) ;
#4789 = LINE ( 'NONE', #11000, #1900 ) ;
#4790 = VERTEX_POINT ( 'NONE', #819 ) ;
#4791 = DIRECTION ( 'NONE',  ( -0.7818314824680310249, -0.6234898018587320401, 6.916380135000592297E-17 ) ) ;
#4792 = CARTESIAN_POINT ( 'NONE',  ( 0.000000000000000000, 3.521102590960353833E-16, 0.5832010266623364192 ) ) ;
#4793 = EDGE_CURVE ( 'NONE', #8143, #962, #10689, .T. ) ;
#4794 = ORIENTED_EDGE ( 'NONE', *, *, #6948, .F. ) ;
#4795 = LINE ( 'NONE', #197, #6255 ) ;
#4796 = ORIENTED_EDGE ( 'NONE', *, *, #2102, .F. ) ;
#4797 = B_SPLINE_CURVE_WITH_KNOTS ( 'NONE', 3,
 ( #1240, #3179, #9330, #4014 ),
 .UNSPECIFIED., .F., .F.,
 ( 4, 4 ),
 ( 2.062467659229418447E-07, 0.0005045763673072101076 ),
 .UNSPECIFIED. ) ;
#4798 = CARTESIAN_POINT ( 'NONE',  ( -4.375126996066896368, 1.478593510159793345, 0.000000000000000000 ) ) ;
#4799 = ORIENTED_EDGE ( 'NONE', *, *, #1943, .T. ) ;
#4800 = FACE_OUTER_BOUND ( 'NONE', #5284, .T. ) ;
#4801 = ADVANCED_FACE ( 'NONE', ( #10024 ), #5697, .F. ) ;
#4802 = DIRECTION ( 'NONE',  ( 0.000000000000000000, 0.000000000000000000, 1.000000000000000000 ) ) ;
#4803 = CARTESIAN_POINT ( 'NONE',  ( -4.777343085963002167, 0.9466836947464707386, -0.5000000000000006661 ) ) ;
#4804 = CARTESIAN_POINT ( 'NONE',  ( -5.841974569671410933, 0.8235512281137830071, 0.4999999999999990563 ) ) ;
#4805 = ORIENTED_EDGE ( 'NONE', *, *, #8549, .F. ) ;
#4806 = DIRECTION ( 'NONE',  ( 1.790913520579321555E-16, -2.245734522990357007E-16, 1.000000000000000000 ) ) ;
#4807 = ORIENTED_EDGE ( 'NONE', *, *, #9129, .F. ) ;
#4808 = CARTESIAN_POINT ( 'NONE',  ( 5.527994894309681051, -3.661641740954598045, -0.2500000000000023870 ) ) ;
#4809 = LINE ( 'NONE', #9314, #9626 ) ;
#4810 = ORIENTED_EDGE ( 'NONE', *, *, #9366, .T. ) ;
#4811 = ORIENTED_EDGE ( 'NONE', *, *, #11140, .T. ) ;
#4812 = LINE ( 'NONE', #722, #9195 ) ;
#4813 = FACE_OUTER_BOUND ( 'NONE', #8571, .T. ) ;
#4814 = ORIENTED_EDGE ( 'NONE', *, *, #8436, .T. ) ;
#4815 = CARTESIAN_POINT ( 'NONE',  ( 0.000000000000000000, 5.250000000000000000, 0.000000000000000000 ) ) ;
#4816 = DIRECTION ( 'NONE',  ( -0.000000000000000000, 1.000000000000000000, -0.000000000000000000 ) ) ;
#4817 = DIRECTION ( 'NONE',  ( 0.000000000000000000, 0.000000000000000000, 1.000000000000000000 ) ) ;
#4818 = ORIENTED_EDGE ( 'NONE', *, *, #2344, .F. ) ;
#4819 = CARTESIAN_POINT ( 'NONE',  ( 0.000000000000000000, -2.749999999999993783, 2.500000000000003109 ) ) ;
#4820 = ORIENTED_EDGE ( 'NONE', *, *, #7807, .T. ) ;
#4821 = ADVANCED_FACE ( 'NONE', ( #4856 ), #1156, .T. ) ;
#4822 = DIRECTION ( 'NONE',  ( 1.000000000000000000, 0.000000000000000000, 0.000000000000000000 ) ) ;
#4823 = VERTEX_POINT ( 'NONE', #9203 ) ;
#4824 = CIRCLE ( 'NONE', #5768, 2.043333333333333002 ) ;
#4825 = CARTESIAN_POINT ( 'NONE',  ( 3.718771810570242753, -3.144829597896433793, -0.5000000000000013323 ) ) ;
#4826 = EDGE_CURVE ( 'NONE', #9199, #6352, #2108, .T. ) ;
#4827 = CARTESIAN_POINT ( 'NONE',  ( 5.118371538954569644, -1.168234903270670699, -1.179010624569937576E-15 ) ) ;
#4828 = EDGE_CURVE ( 'NONE', #9495, #2202, #5164, .T. ) ;
#4829 = DIRECTION ( 'NONE',  ( 0.000000000000000000, -2.368866679808412882E-16, 1.000000000000000000 ) ) ;
#4830 = LINE ( 'NONE', #9460, #5307 ) ;
#4831 = EDGE_CURVE ( 'NONE', #2860, #2761, #1926, .T. ) ;
#4832 = DIRECTION ( 'NONE',  ( 0.000000000000000000, 0.000000000000000000, 1.000000000000000000 ) ) ;
#4833 = ORIENTED_EDGE ( 'NONE', *, *, #2484, .F. ) ;
#4834 = CYLINDRICAL_SURFACE ( 'NONE', #5881, 0.2041022026635771758 ) ;
#4835 = AXIS2_PLACEMENT_3D ( 'NONE', #10897, #7145, #105 ) ;
#4836 = CARTESIAN_POINT ( 'NONE',  ( -2.415079429167877656, 3.936415418983388204, 0.4999999999999998890 ) ) ;
#4837 = VERTEX_POINT ( 'NONE', #4755 ) ;
#4838 = DIRECTION ( 'NONE',  ( 7.970314984685941186E-17, -3.492023159033203447E-16, 1.000000000000000000 ) ) ;
#4839 = DIRECTION ( 'NONE',  ( 0.2225209339563050392, -0.9749279121818257288, -1.851768037012963116E-16 ) ) ;
#4840 = VERTEX_POINT ( 'NONE', #4808 ) ;
#4841 = DIRECTION ( 'NONE',  ( 1.000000000000000000, 6.605826996519682993E-15, -7.970314984685710691E-17 ) ) ;
#4842 = CARTESIAN_POINT ( 'NONE',  ( -3.059779840274897023, 5.302478452986590263, -0.2083800311308726672 ) ) ;
#4843 = ORIENTED_EDGE ( 'NONE', *, *, #6618, .T. ) ;
#4844 = DIRECTION ( 'NONE',  ( -0.2225209339563050392, 0.9749279121818257288, 2.329518370037008160E-16 ) ) ;
#4845 = VERTEX_POINT ( 'NONE', #5803 ) ;
#4846 = LINE ( 'NONE', #1209, #8862 ) ;
#4847 = EDGE_CURVE ( 'NONE', #9525, #9262, #7165, .T. ) ;
#4848 = CARTESIAN_POINT ( 'NONE',  ( 2.339742150879215998, 6.204188460871739252, -0.2500000000000000000 ) ) ;
#4849 = ORIENTED_EDGE ( 'NONE', *, *, #2405, .F. ) ;
#4850 = CARTESIAN_POINT ( 'NONE',  ( 2.156484401692844610, 5.540686729040381842, -0.005919792233968215571 ) ) ;
#4851 = FACE_OUTER_BOUND ( 'NONE', #9285, .T. ) ;
#4852 = CARTESIAN_POINT ( 'NONE',  ( 6.017248975733395788, 0.7105701057769661100, -1.701502775549894375 ) ) ;
#4853 = ORIENTED_EDGE ( 'NONE', *, *, #3537, .F. ) ;
#4854 = PLANE ( 'NONE',  #9067 ) ;
#4855 = ORIENTED_EDGE ( 'NONE', *, *, #8199, .F. ) ;
#4856 = FACE_OUTER_BOUND ( 'NONE', #1784, .T. ) ;
#4857 = EDGE_CURVE ( 'NONE', #708, #6031, #387, .T. ) ;
#4858 = DIRECTION ( 'NONE',  ( -1.790913520579326978E-16, -2.245734522990332355E-16, 1.000000000000000000 ) ) ;
#4859 = ORIENTED_EDGE ( 'NONE', *, *, #2418, .F. ) ;
#4860 = ORIENTED_EDGE ( 'NONE', *, *, #10015, .F. ) ;
#4861 = DIRECTION ( 'NONE',  ( 0.000000000000000000, 0.000000000000000000, 1.000000000000000000 ) ) ;
#4862 = ORIENTED_EDGE ( 'NONE', *, *, #2010, .F. ) ;
#4863 = LINE ( 'NONE', #10316, #6788 ) ;
#4864 = FACE_OUTER_BOUND ( 'NONE', #9444, .T. ) ;
#4865 = AXIS2_PLACEMENT_3D ( 'NONE', #7823, #4143, #3207 ) ;
#4866 = CARTESIAN_POINT ( 'NONE',  ( -3.883858019900381375, -2.498724050641744743, -1.482459750393876158E-15 ) ) ;
#4867 = ORIENTED_EDGE ( 'NONE', *, *, #10148, .F. ) ;
#4868 = DIRECTION ( 'NONE',  ( 0.000000000000000000, 0.000000000000000000, 1.000000000000000000 ) ) ;
#4869 = ORIENTED_EDGE ( 'NONE', *, *, #5048, .F. ) ;
#4870 = EDGE_CURVE ( 'NONE', #4542, #9799, #4176, .T. ) ;
#4871 = VECTOR ( 'NONE', #7589, 1000.000000000000000 ) ;
#4872 = DIRECTION ( 'NONE',  ( 0.000000000000000000, 1.000000000000000000, 1.734723475976807341E-16 ) ) ;
#4873 = ORIENTED_EDGE ( 'NONE', *, *, #492, .F. ) ;
#4874 = EDGE_CURVE ( 'NONE', #9667, #2411, #8107, .T. ) ;
#4875 = SPHERICAL_SURFACE ( 'NONE', #9587, 2.043333333333333002 ) ;
#4876 = SPHERICAL_SURFACE ( 'NONE', #6015, 2.043333333333333002 ) ;
#4877 = SPHERICAL_SURFACE ( 'NONE', #429, 2.043333333333333002 ) ;
#4878 = DIRECTION ( 'NONE',  ( 1.224646799147353207E-16, 1.000000000000000000, 0.000000000000000000 ) ) ;
#4879 = AXIS2_PLACEMENT_3D ( 'NONE', #11624, #3411, #3586 ) ;
#4880 = AXIS2_PLACEMENT_3D ( 'NONE', #1962, #9110, #2130 ) ;
#4881 = CARTESIAN_POINT ( 'NONE',  ( 2.671639123616330824, -5.547715804109162541, -2.150213260174694521E-15 ) ) ;
#4882 = CIRCLE ( 'NONE', #6386, 1.814999999999999947 ) ;
#4883 = ORIENTED_EDGE ( 'NONE', *, *, #5914, .T. ) ;
#4884 = AXIS2_PLACEMENT_3D ( 'NONE', #7274, #10857, #68 ) ;
#4885 = CARTESIAN_POINT ( 'NONE',  ( 0.000000000000000000, 5.250000000000000000, 0.000000000000000000 ) ) ;
#4886 = EDGE_CURVE ( 'NONE', #6706, #306, #4689, .T. ) ;
#4887 = CARTESIAN_POINT ( 'NONE',  ( 0.000000000000000000, 6.157500000000000639, 0.000000000000000000 ) ) ;
#4888 = ORIENTED_EDGE ( 'NONE', *, *, #4112, .F. ) ;
#4889 = CIRCLE ( 'NONE', #7696, 2.043333333333333002 ) ;
#4890 = ADVANCED_FACE ( 'NONE', ( #2984 ), #3924, .T. ) ;
#4891 = CARTESIAN_POINT ( 'NONE',  ( 0.000000000000000000, 6.157500000000000639, 1.571836107868756383 ) ) ;
#4892 = LINE ( 'NONE', #2149, #4337 ) ;
#4893 = EDGE_LOOP ( 'NONE', ( #10303, #5750, #6853 ) ) ;
#4894 = DIRECTION ( 'NONE',  ( -0.000000000000000000, -1.836970198721029688E-16, 1.000000000000000000 ) ) ;
#4895 = CARTESIAN_POINT ( 'NONE',  ( -3.391824491822198695, 5.697532308577989646, -0.2500000000000000000 ) ) ;
#4896 = VECTOR ( 'NONE', #9849, 1000.000000000000000 ) ;
#4897 = EDGE_LOOP ( 'NONE', ( #6590, #8569, #4799, #5181 ) ) ;
#4898 = CARTESIAN_POINT ( 'NONE',  ( -3.883858019900379599, -2.498724050641747851, 0.4999999999999988343 ) ) ;
#4899 = ORIENTED_EDGE ( 'NONE', *, *, #9864, .T. ) ;
#4900 = AXIS2_PLACEMENT_3D ( 'NONE', #11346, #7579, #11216 ) ;
#4901 = VECTOR ( 'NONE', #8636, 1000.000000000000000 ) ;
#4902 = AXIS2_PLACEMENT_3D ( 'NONE', #5146, #10411, #8716 ) ;
#4903 = EDGE_CURVE ( 'NONE', #1400, #1833, #7560, .T. ) ;
#4904 = DIRECTION ( 'NONE',  ( 0.6234898018587268220, 0.7818314824680351327, 6.391696352470805859E-17 ) ) ;
#4905 = EDGE_CURVE ( 'NONE', #1396, #9247, #4169, .T. ) ;
#4906 = AXIS2_PLACEMENT_3D ( 'NONE', #3695, #5349, #2870 ) ;
#4907 = CARTESIAN_POINT ( 'NONE',  ( -3.985157492342970593E-17, 1.746011579516601723E-16, -0.5000000000000000000 ) ) ;
#4908 = EDGE_CURVE ( 'NONE', #5339, #3162, #2218, .T. ) ;
#4909 = CARTESIAN_POINT ( 'NONE',  ( 3.391824491822200471, 5.697532308577987870, -0.2500000000000000000 ) ) ;
#4910 = ORIENTED_EDGE ( 'NONE', *, *, #8359, .F. ) ;
#4911 = CIRCLE ( 'NONE', #2664, 1.815000000000000169 ) ;
#4912 = CYLINDRICAL_SURFACE ( 'NONE', #1066, 0.7499999999999998890 ) ;
#4913 = PLANE ( 'NONE',  #5682 ) ;
#4914 = VECTOR ( 'NONE', #8066, 1000.000000000000000 ) ;
#4915 = CARTESIAN_POINT ( 'NONE',  ( 0.000000000000000000, 0.000000000000000000, 2.312499999999998668 ) ) ;
#4916 = DATE_TIME_ROLE ( 'classification_date' ) ;
#4917 = VERTEX_POINT ( 'NONE', #5631 ) ;
#4918 = CYLINDRICAL_SURFACE ( 'NONE', #622, 0.2499999999999998335 ) ;
#4919 = AXIS2_PLACEMENT_3D ( 'NONE', #8355, #11601, #9943 ) ;
#4920 = EDGE_LOOP ( 'NONE', ( #5199, #7226, #5787, #1223 ) ) ;
#4921 = AXIS2_PLACEMENT_3D ( 'NONE', #8251, #6502, #1034 ) ;
#4922 = DIRECTION ( 'NONE',  ( -0.9749279121818227312, 0.2225209339563182231, 2.245734522990357007E-16 ) ) ;
#4923 = AXIS2_PLACEMENT_3D ( 'NONE', #3159, #4098, #2394 ) ;
#4924 = EDGE_CURVE ( 'NONE', #9538, #10830, #8480, .T. ) ;
#4925 = DIRECTION ( 'NONE',  ( -1.436201133715656092E-16, 6.916380135000592297E-17, -1.000000000000000000 ) ) ;
#4926 = VERTEX_POINT ( 'NONE', #501 ) ;
#4927 = AXIS2_PLACEMENT_3D ( 'NONE', #1003, #5591, #6299 ) ;
#4928 = ORIENTED_EDGE ( 'NONE', *, *, #9464, .T. ) ;
#4929 = CARTESIAN_POINT ( 'NONE',  ( -4.799931324454228765, -4.574604580850460955, -1.000000000000001998 ) ) ;
#4930 = ORIENTED_EDGE ( 'NONE', *, *, #1385, .T. ) ;
#4931 = DIRECTION ( 'NONE',  ( 1.000000000000000000, 0.000000000000000000, 0.000000000000000000 ) ) ;
#4932 = DIRECTION ( 'NONE',  ( 0.000000000000000000, 0.000000000000000000, 1.000000000000000000 ) ) ;
#4933 = AXIS2_PLACEMENT_3D ( 'NONE', #2136, #3847, #10936 ) ;
#4934 = AXIS2_PLACEMENT_3D ( 'NONE', #4035, #2204, #2428 ) ;
#4935 = CARTESIAN_POINT ( 'NONE',  ( -6.053386115997635208, 0.9138090314648866785, -0.2083800311308723618 ) ) ;
#4936 = VERTEX_POINT ( 'NONE', #6093 ) ;
#4937 = CARTESIAN_POINT ( 'NONE',  ( -4.286289844472749522, -4.053963846309562413, 0.4999999999999982792 ) ) ;
#4938 = EDGE_CURVE ( 'NONE', #944, #2774, #10307, .T. ) ;
#4939 = ORIENTED_EDGE ( 'NONE', *, *, #3225, .F. ) ;
#4940 = AXIS2_PLACEMENT_3D ( 'NONE', #7573, #11261, #9379 ) ;
#4941 = VECTOR ( 'NONE', #122, 999.9999999999998863 ) ;
#4942 = CARTESIAN_POINT ( 'NONE',  ( 0.000000000000000000, -7.396615624999999028, 2.479187499999996991 ) ) ;
#4943 = ORIENTED_EDGE ( 'NONE', *, *, #3971, .F. ) ;
#4944 = CIRCLE ( 'NONE', #2510, 1.830752539561562919 ) ;
#4945 = CARTESIAN_POINT ( 'NONE',  ( 3.863289285114899219, -4.399490217363499767, 0.4999999999999983902 ) ) ;
#4946 = CARTESIAN_POINT ( 'NONE',  ( 5.113049183153902888, -3.250988028559576470, 0.4999999999999983902 ) ) ;
#4947 = DIRECTION ( 'NONE',  ( -1.224646799147352961E-16, -1.000000000000000000, 0.000000000000000000 ) ) ;
#4948 = ORIENTED_EDGE ( 'NONE', *, *, #7586, .T. ) ;
#4949 = CARTESIAN_POINT ( 'NONE',  ( 3.088483592491720220, 4.974111716886759460, 0.5000000000000000000 ) ) ;
#4950 = EDGE_CURVE ( 'NONE', #11562, #5939, #8660, .T. ) ;
#4951 = VECTOR ( 'NONE', #8393, 1000.000000000000000 ) ;
#4952 = CIRCLE ( 'NONE', #11324, 2.043333333333333002 ) ;
#4953 = DIRECTION ( 'NONE',  ( -0.2225209339563050392, 0.9749279121818257288, 1.790913520579326978E-16 ) ) ;
#4954 = ORIENTED_EDGE ( 'NONE', *, *, #11101, .F. ) ;
#4955 = DIRECTION ( 'NONE',  ( 7.970314984686170449E-17, 3.492023159033191614E-16, -1.000000000000000000 ) ) ;
#4956 = CARTESIAN_POINT ( 'NONE',  ( 4.104615282957162492, 3.273321459758343543, 0.000000000000000000 ) ) ;
#4957 = ORIENTED_EDGE ( 'NONE', *, *, #10629, .F. ) ;
#4958 = LOCAL_TIME ( 16, 18, 16.00000000000000000, #6795 ) ;
#4959 = CARTESIAN_POINT ( 'NONE',  ( 4.470037444215079425, -4.138337766436348097, 0.4669859836141810328 ) ) ;
#4960 = FACE_OUTER_BOUND ( 'NONE', #7830, .T. ) ;
#4961 = ORIENTED_EDGE ( 'NONE', *, *, #7752, .F. ) ;
#4962 = CARTESIAN_POINT ( 'NONE',  ( 4.714988052979748545, 1.219878944467673643, -0.5000000000000006661 ) ) ;
#4963 = ORIENTED_EDGE ( 'NONE', *, *, #8715, .F. ) ;
#4964 = CARTESIAN_POINT ( 'NONE',  ( 6.017248975733395788, 0.7105701057769659990, 0.000000000000000000 ) ) ;
#4965 = VERTEX_POINT ( 'NONE', #6734 ) ;
#4966 = ADVANCED_FACE ( 'NONE', ( #11249 ), #6966, .T. ) ;
#4967 = PLANE ( 'NONE',  #11111 ) ;
#4968 = FACE_OUTER_BOUND ( 'NONE', #10500, .T. ) ;
#4969 = DIRECTION ( 'NONE',  ( -0.000000000000000000, -0.000000000000000000, -1.000000000000000000 ) ) ;
#4970 = CIRCLE ( 'NONE', #102, 1.830752539561562919 ) ;
#4971 = EDGE_LOOP ( 'NONE', ( #5526, #4048, #6262, #3199 ) ) ;
#4972 = LINE ( 'NONE', #8429, #6142 ) ;
#4973 = CARTESIAN_POINT ( 'NONE',  ( 4.245533895084504294, -4.066890364875010988, 0.4999999999999983902 ) ) ;
#4974 = EDGE_CURVE ( 'NONE', #3162, #3863, #3425, .T. ) ;
#4975 = CARTESIAN_POINT ( 'NONE',  ( 5.389570639310328204, 2.287585320167267788, -0.5000000000000006661 ) ) ;
#4976 = EDGE_CURVE ( 'NONE', #3834, #11337, #11484, .T. ) ;
#4977 = CALENDAR_DATE ( 2026, 18, 1 ) ;
#4978 = ORIENTED_EDGE ( 'NONE', *, *, #2721, .T. ) ;
#4979 = DIRECTION ( 'NONE',  ( 0.6234898018587429203, 0.7818314824680223651, 1.436201133715639576E-16 ) ) ;
#4980 = CC_DESIGN_DATE_AND_TIME_ASSIGNMENT ( #5746, #9486, ( #11212 ) ) ;
#4981 = ORIENTED_EDGE ( 'NONE', *, *, #8485, .F. ) ;
#4982 = ADVANCED_FACE ( 'NONE', ( #10477 ), #11195, .T. ) ;
#4983 = DIRECTION ( 'NONE',  ( 0.000000000000000000, -2.069303855009861073E-16, 1.000000000000000000 ) ) ;
#4984 = DIRECTION ( 'NONE',  ( 0.000000000000000000, 0.000000000000000000, 1.000000000000000000 ) ) ;
#4985 = VERTEX_POINT ( 'NONE', #6861 ) ;
#4986 = ORIENTED_EDGE ( 'NONE', *, *, #466, .F. ) ;
#4987 = ORIENTED_EDGE ( 'NONE', *, *, #3363, .T. ) ;
#4988 = CARTESIAN_POINT ( 'NONE',  ( -5.472773158956988127, 2.080690323849431422, 1.027403880348036144E-17 ) ) ;
#4989 = CARTESIAN_POINT ( 'NONE',  ( 0.000000000000000000, 9.184850993605157805E-16, -2.500000000000005329 ) ) ;
#4990 = DIRECTION ( 'NONE',  ( -1.000000000000000000, -6.605826996519683782E-15, 7.970314984685939954E-17 ) ) ;
#4991 = ORIENTED_EDGE ( 'NONE', *, *, #5132, .F. ) ;
#4992 = DIRECTION ( 'NONE',  ( -0.4338837391175651703, -0.9009688679024158153, -3.492023159033191614E-16 ) ) ;
#4993 = ORIENTED_EDGE ( 'NONE', *, *, #2298, .F. ) ;
#4994 = DIRECTION ( 'NONE',  ( 1.000000000000000000, -1.224646799147353207E-16, -2.249639673992786412E-32 ) ) ;
#4995 = EDGE_LOOP ( 'NONE', ( #7993, #10230, #3867, #5877, #2460, #8048 ) ) ;
#4996 = ADVANCED_FACE ( 'NONE', ( #10543 ), #8733, .T. ) ;
#4997 = DIRECTION ( 'NONE',  ( 0.000000000000000000, -2.368866679808411896E-16, 1.000000000000000000 ) ) ;
#4998 = ORIENTED_EDGE ( 'NONE', *, *, #10837, .T. ) ;
#4999 = CARTESIAN_POINT ( 'NONE',  ( 3.246329667988720580, 4.872562155570489217, -0.1706127626410486042 ) ) ;
#5000 = DIRECTION ( 'NONE',  ( -1.790913520579326978E-16, 2.245734522990332355E-16, -1.000000000000000000 ) ) ;
#5001 = CARTESIAN_POINT ( 'NONE',  ( -5.795440118211026892, 0.9204544874741849014, -0.5000000000000008882 ) ) ;
#5002 = ORIENTED_EDGE ( 'NONE', *, *, #3685, .F. ) ;
#5003 = DIRECTION ( 'NONE',  ( -1.436201133715656092E-16, 6.916380135000592297E-17, -1.000000000000000000 ) ) ;
#5004 = CARTESIAN_POINT ( 'NONE',  ( 6.003118619259574018, -1.370172650836029682, -1.382811032531312544E-15 ) ) ;
#5005 = EDGE_LOOP ( 'NONE', ( #988, #8117, #756, #3437, #7112, #6482 ) ) ;
#5006 = FACE_BOUND ( 'NONE', #9081, .T. ) ;
#5007 = EDGE_CURVE ( 'NONE', #7082, #7519, #9398, .T. ) ;
#5008 = CARTESIAN_POINT ( 'NONE',  ( -3.969751236990498811, -4.303672082021713585, 0.4999999999999990563 ) ) ;
#5009 = VERTEX_POINT ( 'NONE', #1505 ) ;
#5010 = DIRECTION ( 'NONE',  ( -1.000000000000000000, -6.938893903907229955E-15, 0.000000000000000000 ) ) ;
#5011 = CARTESIAN_POINT ( 'NONE',  ( 5.794151136746393149, 2.610227500533333522, -4.814824860968089633E-32 ) ) ;
#5012 = CARTESIAN_POINT ( 'NONE',  ( -7.181005668578199110E-17, -3.458190067500194460E-17, 0.5000000000000000000 ) ) ;
#5013 = DIRECTION ( 'NONE',  ( 0.000000000000000000, -2.368866679808411896E-16, 1.000000000000000000 ) ) ;
#5014 = ORIENTED_EDGE ( 'NONE', *, *, #3086, .T. ) ;
#5015 = CARTESIAN_POINT ( 'NONE',  ( -6.003118619259592670, -1.370172650835948414, -1.382811032531297162E-15 ) ) ;
#5016 = ORIENTED_EDGE ( 'NONE', *, *, #6802, .F. ) ;
#5017 = AXIS2_PLACEMENT_3D ( 'NONE', #9898, #5347, #4680 ) ;
#5018 = FACE_OUTER_BOUND ( 'NONE', #842, .T. ) ;
#5019 = EDGE_CURVE ( 'NONE', #334, #3084, #10908, .T. ) ;
#5020 = EDGE_CURVE ( 'NONE', #8143, #8419, #453, .T. ) ;
#5021 = DIRECTION ( 'NONE',  ( 0.000000000000000000, -1.000000000000000000, 0.000000000000000000 ) ) ;
#5022 = CARTESIAN_POINT ( 'NONE',  ( 3.246329667988720580, 4.872562155570489217, 9.069285784213822274E-18 ) ) ;
#5023 = CARTESIAN_POINT ( 'NONE',  ( 4.909645099977418603, -3.234121254141893775, 0.4999999999999983902 ) ) ;
#5024 = ORIENTED_EDGE ( 'NONE', *, *, #553, .F. ) ;
#5025 = EDGE_CURVE ( 'NONE', #6118, #10416, #1157, .T. ) ;
#5026 = DIRECTION ( 'NONE',  ( -0.6234898018587320401, 0.7818314824680309139, 1.481414429610370493E-16 ) ) ;
#5027 = DIRECTION ( 'NONE',  ( 7.970314984686167984E-17, 3.492023159033190628E-16, -1.000000000000000000 ) ) ;
#5028 = DIRECTION ( 'NONE',  ( 1.000000000000000000, 0.000000000000000000, 0.000000000000000000 ) ) ;
#5029 = APPROVAL_STATUS ( 'not_yet_approved' ) ;
#5030 = ORIENTED_EDGE ( 'NONE', *, *, #5774, .F. ) ;
#5031 = DIRECTION ( 'NONE',  ( -0.000000000000000000, -1.836970198721029688E-16, 1.000000000000000000 ) ) ;
#5032 = ORIENTED_EDGE ( 'NONE', *, *, #4227, .F. ) ;
#5033 = DIRECTION ( 'NONE',  ( -1.790913520579321555E-16, 2.245734522990357007E-16, -1.000000000000000000 ) ) ;
#5034 = DIRECTION ( 'NONE',  ( 0.000000000000000000, 1.000000000000000000, 2.188964683309868784E-16 ) ) ;
#5035 = EDGE_CURVE ( 'NONE', #8926, #6287, #7835, .T. ) ;
#5036 = EDGE_CURVE ( 'NONE', #8419, #383, #4595, .T. ) ;
#5037 = ORIENTED_EDGE ( 'NONE', *, *, #3488, .T. ) ;
#5038 = VERTEX_POINT ( 'NONE', #1447 ) ;
#5039 = EDGE_CURVE ( 'NONE', #2172, #9595, #2292, .T. ) ;
#5040 = CARTESIAN_POINT ( 'NONE',  ( -4.213557712603209104, -4.106987229456407817, -0.2500000000000019429 ) ) ;
#5041 = CARTESIAN_POINT ( 'NONE',  ( -4.777343085963002167, 0.9466836947464707386, -0.5000000000000006661 ) ) ;
#5042 = CARTESIAN_POINT ( 'NONE',  ( -3.124591499507607395, 4.502232414170197927, -1.373626770738917665E-16 ) ) ;
#5043 = CARTESIAN_POINT ( 'NONE',  ( 0.000000000000000000, 8.673617379884035472E-16, -8.673617379884035472E-16 ) ) ;
#5044 = ORIENTED_EDGE ( 'NONE', *, *, #4188, .F. ) ;
#5045 = DIRECTION ( 'NONE',  ( 0.9009688679024185909, -0.4338837391175592306, 0.000000000000000000 ) ) ;
#5046 = ORIENTED_EDGE ( 'NONE', *, *, #401, .T. ) ;
#5047 = CARTESIAN_POINT ( 'NONE',  ( 6.429395695523603167E-16, 5.250000000000000000, 9.704761634013689082E-17 ) ) ;
#5048 = EDGE_CURVE ( 'NONE', #6284, #4570, #8939, .T. ) ;
#5049 = EDGE_LOOP ( 'NONE', ( #3352, #8098, #5964, #2242 ) ) ;
#5050 = CARTESIAN_POINT ( 'NONE',  ( 1.963279114448572615, 5.515981634480915829, -0.5000000000000000000 ) ) ;
#5051 = ORIENTED_EDGE ( 'NONE', *, *, #2825, .F. ) ;
#5052 = EDGE_CURVE ( 'NONE', #518, #3801, #5301, .T. ) ;
#5053 = CONICAL_SURFACE ( 'NONE', #6172, 2.499999999999999556, 0.7853981633974275178 ) ;
#5054 = CARTESIAN_POINT ( 'NONE',  ( 9.058241649679547290E-16, 7.396615624999999028, 2.499999999999999556 ) ) ;
#5055 = CARTESIAN_POINT ( 'NONE',  ( 2.028931684390599344, 5.492172110671390328, 2.075881524724733142E-16 ) ) ;
#5056 = DIRECTION ( 'NONE',  ( -0.6234898018587431423, -0.7818314824680221431, -1.436201133715639822E-16 ) ) ;
#5057 = ORIENTED_EDGE ( 'NONE', *, *, #7968, .T. ) ;
#5058 = CARTESIAN_POINT ( 'NONE',  ( -5.113049183153861144, -3.250988028559645748, -1.979745477316908753 ) ) ;
#5059 = DIRECTION ( 'NONE',  ( -1.000000000000000000, 0.000000000000000000, 0.000000000000000000 ) ) ;
#5060 = ORIENTED_EDGE ( 'NONE', *, *, #8734, .F. ) ;
#5061 = AXIS2_PLACEMENT_3D ( 'NONE', #11367, #10363, #9530 ) ;
#5062 = DIRECTION ( 'NONE',  ( -0.7818314824680219211, 0.6234898018587434754, 2.243323199222252322E-30 ) ) ;
#5063 = DIRECTION ( 'NONE',  ( 0.000000000000000000, -1.000000000000000000, -1.734723475976807094E-16 ) ) ;
#5064 = EDGE_CURVE ( 'NONE', #6602, #6461, #9663, .T. ) ;
#5065 = EDGE_LOOP ( 'NONE', ( #7906, #8296, #435, #9242 ) ) ;
#5066 = FACE_OUTER_BOUND ( 'NONE', #668, .T. ) ;
#5067 = CARTESIAN_POINT ( 'NONE',  ( 0.5838616507318663551, -5.854956726839289693, 0.4999999999999979461 ) ) ;
#5068 = CIRCLE ( 'NONE', #2, 1.814999999999999947 ) ;
#5069 = CIRCLE ( 'NONE', #6383, 1.571836107868756383 ) ;
#5070 = DIRECTION ( 'NONE',  ( -0.000000000000000000, -1.836970198721029688E-16, 1.000000000000000000 ) ) ;
#5071 = AXIS2_PLACEMENT_3D ( 'NONE', #11051, #3909, #5786 ) ;
#5072 = ORIENTED_EDGE ( 'NONE', *, *, #10274, .F. ) ;
#5073 = CARTESIAN_POINT ( 'NONE',  ( -5.029257905441427923, -3.437097488049060345, -0.1313876030881674650 ) ) ;
#5074 = ADVANCED_FACE ( 'NONE', ( #8845 ), #6275, .T. ) ;
#5075 = ORIENTED_EDGE ( 'NONE', *, *, #10605, .F. ) ;
#5076 = DIRECTION ( 'NONE',  ( -0.7818314824680316910, -0.6234898018587311519, 0.000000000000000000 ) ) ;
#5077 = AXIS2_PLACEMENT_3D ( 'NONE', #9479, #9531, #545 ) ;
#5078 = CIRCLE ( 'NONE', #2261, 0.9075000000000029710 ) ;
#5079 = CARTESIAN_POINT ( 'NONE',  ( 7.181005668578194180E-17, 5.250000000000000000, -0.4999999999999996669 ) ) ;
#5080 = DIRECTION ( 'NONE',  ( 0.6434186129743190152, -0.7655145253215014378, 3.946195958086678983E-17 ) ) ;
#5081 = CIRCLE ( 'NONE', #10321, 1.815000000000000391 ) ;
#5082 = CARTESIAN_POINT ( 'NONE',  ( 4.375126996066917684, 1.478593510159734059, -5.260910873760321227E-16 ) ) ;
#5083 = VERTEX_POINT ( 'NONE', #7203 ) ;
#5084 = DIRECTION ( 'NONE',  ( 0.000000000000000000, 0.000000000000000000, 1.000000000000000000 ) ) ;
#5085 = CARTESIAN_POINT ( 'NONE',  ( 9.058241649679547290E-16, 7.396615624999999028, 2.479187499999999655 ) ) ;
#5086 = PLANE ( 'NONE',  #5107 ) ;
#5087 = AXIS2_PLACEMENT_3D ( 'NONE', #4027, #5142, #10409 ) ;
#5089 = VECTOR ( 'NONE', #8825, 1000.000000000000114 ) ;
#5088 = APPLICATION_PROTOCOL_DEFINITION ( 'international standard', 'config_control_design', 1994, #4097 ) ;
#5090 = ORIENTED_EDGE ( 'NONE', *, *, #4627, .F. ) ;
#5091 = CARTESIAN_POINT ( 'NONE',  ( 5.118371538954569644, -1.168234903270670699, 0.4999999999999991673 ) ) ;
#5092 = EDGE_CURVE ( 'NONE', #7247, #9867, #3237, .T. ) ;
#5093 = VECTOR ( 'NONE', #1790, 1000.000000000000000 ) ;
#5094 = ORIENTED_EDGE ( 'NONE', *, *, #7299, .F. ) ;
#5095 = CIRCLE ( 'NONE', #6216, 5.854956726839295023 ) ;
#5096 = DIRECTION ( 'NONE',  ( -0.000000000000000000, -0.000000000000000000, -1.000000000000000000 ) ) ;
#5097 = CARTESIAN_POINT ( 'NONE',  ( -5.822922039428680030, 1.789036932132483271, 0.4669859836141812548 ) ) ;
#5098 = B_SPLINE_CURVE_WITH_KNOTS ( 'NONE', 3,
 ( #7139, #3634, #1681, #1753 ),
 .UNSPECIFIED., .F., .F.,
 ( 4, 4 ),
 ( 0.0005048269569637039121, 0.001006091645346890700 ),
 .UNSPECIFIED. ) ;
#5099 = AXIS2_PLACEMENT_3D ( 'NONE', #80, #6356, #8120 ) ;
#5100 = ORIENTED_EDGE ( 'NONE', *, *, #539, .T. ) ;
#5101 = AXIS2_PLACEMENT_3D ( 'NONE', #10098, #8406, #4717 ) ;
#5102 = AXIS2_PLACEMENT_3D ( 'NONE', #2318, #5908, #9296 ) ;
#5103 = AXIS2_PLACEMENT_3D ( 'NONE', #2682, #2507, #9834 ) ;
#5104 = EDGE_LOOP ( 'NONE', ( #6109, #4161, #8797, #7652 ) ) ;
#5105 = DIRECTION ( 'NONE',  ( -0.6234898018587268220, -0.7818314824680351327, -6.391696352470581527E-17 ) ) ;
#5107 = AXIS2_PLACEMENT_3D ( 'NONE', #8665, #4222, #7779 ) ;
#5106 = CARTESIAN_POINT ( 'NONE',  ( 0.000000000000000000, 6.157500000000000639, 0.000000000000000000 ) ) ;
#5108 = DIRECTION ( 'NONE',  ( -0.000000000000000000, -0.000000000000000000, -1.000000000000000000 ) ) ;
#5109 = DIRECTION ( 'NONE',  ( -0.2225209339563182231, -0.9749279121818226201, -2.069205142716390304E-16 ) ) ;
#5110 = ORIENTED_EDGE ( 'NONE', *, *, #3472, .T. ) ;
#5111 = LINE ( 'NONE', #4236, #6621 ) ;
#5112 = CIRCLE ( 'NONE', #8106, 0.9074999999999993072 ) ;
#5113 = ORIENTED_EDGE ( 'NONE', *, *, #3965, .F. ) ;
#5114 = VECTOR ( 'NONE', #3457, 1000.000000000000114 ) ;
#5115 = CIRCLE ( 'NONE', #5103, 5.854956726839295023 ) ;
#5116 = CARTESIAN_POINT ( 'NONE',  ( -5.838082177434480435, 0.7336274189790553679, 0.4999999999999991673 ) ) ;
#5117 = EDGE_CURVE ( 'NONE', #11604, #4096, #11099, .T. ) ;
#5118 = AXIS2_PLACEMENT_3D ( 'NONE', #9286, #3182, #8631 ) ;
#5119 = VERTEX_POINT ( 'NONE', #3511 ) ;
#5120 = FACE_OUTER_BOUND ( 'NONE', #4787, .T. ) ;
#5121 = ORIENTED_EDGE ( 'NONE', *, *, #7832, .T. ) ;
#5122 = DIRECTION ( 'NONE',  ( 0.000000000000000000, -1.000000000000000000, -1.380874408737758741E-16 ) ) ;
#5123 = CIRCLE ( 'NONE', #5504, 1.571836107868756383 ) ;
#5124 = VECTOR ( 'NONE', #6011, 1000.000000000000000 ) ;
#5125 = DIRECTION ( 'NONE',  ( 0.000000000000000000, -4.244837216908990117E-16, 1.000000000000000000 ) ) ;
#5126 = VECTOR ( 'NONE', #6366, 1000.000000000000114 ) ;
#5127 = CARTESIAN_POINT ( 'NONE',  ( 0.000000000000000000, 4.342500000000001137, 0.000000000000000000 ) ) ;
#5128 = CARTESIAN_POINT ( 'NONE',  ( -0.5838616507317843096, -6.604956726839299463, -1.000000000000002220 ) ) ;
#5129 = ORIENTED_EDGE ( 'NONE', *, *, #3380, .T. ) ;
#5130 = FACE_OUTER_BOUND ( 'NONE', #9405, .T. ) ;
#5131 = ADVANCED_FACE ( 'NONE', ( #4453 ), #10600, .T. ) ;
#5132 = EDGE_CURVE ( 'NONE', #10394, #1431, #4399, .T. ) ;
#5133 = B_SPLINE_CURVE_WITH_KNOTS ( 'NONE', 3,
 ( #10258, #6641, #9445, #4988 ),
 .UNSPECIFIED., .F., .F.,
 ( 4, 4 ),
 ( 2.074124156076777960E-07, 0.0005065015518760905295 ),
 .UNSPECIFIED. ) ;
#5134 = ORIENTED_EDGE ( 'NONE', *, *, #8056, .T. ) ;
#5135 = AXIS2_PLACEMENT_3D ( 'NONE', #5945, #4066, #654 ) ;
#5136 = ADVANCED_FACE ( 'NONE', ( #1863 ), #9777, .T. ) ;
#5137 = VECTOR ( 'NONE', #184, 1000.000000000000000 ) ;
#5138 = CIRCLE ( 'NONE', #7186, 5.854956726839295023 ) ;
#5139 = CARTESIAN_POINT ( 'NONE',  ( 0.5615098671492915194, -5.838802759818086940, 0.1690706089109082766 ) ) ;
#5140 = EDGE_LOOP ( 'NONE', ( #8380, #9712, #1792, #10049, #7937, #2001, #2118 ) ) ;
#5141 = DIRECTION ( 'NONE',  ( -7.970314984686170449E-17, 3.492023159033191614E-16, -1.000000000000000000 ) ) ;
#5142 = DIRECTION ( 'NONE',  ( 0.6234898018587320401, -0.7818314824680310249, 0.000000000000000000 ) ) ;
#5143 = LINE ( 'NONE', #5195, #1535 ) ;
#5144 = CIRCLE ( 'NONE', #2138, 4.618222060490380088 ) ;
#5145 = VECTOR ( 'NONE', #7609, 1000.000000000000000 ) ;
#5146 = CARTESIAN_POINT ( 'NONE',  ( 4.104615282957162492, 3.273321459758343543, -3.631099570875311634E-16 ) ) ;
#5147 = EDGE_CURVE ( 'NONE', #4525, #3412, #5098, .T. ) ;
#5148 = ORIENTED_EDGE ( 'NONE', *, *, #4431, .T. ) ;
#5149 = CARTESIAN_POINT ( 'NONE',  ( -5.817359484334659214, 0.7518242008520951147, 0.000000000000000000 ) ) ;
#5150 = FACE_OUTER_BOUND ( 'NONE', #879, .T. ) ;
#5151 = FACE_OUTER_BOUND ( 'NONE', #1869, .T. ) ;
#5152 =( BOUNDED_CURVE ( )  B_SPLINE_CURVE ( 3, ( #2967, #4842, #1073, #5735 ),
 .UNSPECIFIED., .F., .F. ) 
 B_SPLINE_CURVE_WITH_KNOTS ( ( 4, 4 ),
 ( 3.141592653589792672, 3.635931312130128656 ),
 .UNSPECIFIED. ) 
 CURVE ( )  GEOMETRIC_REPRESENTATION_ITEM ( )  RATIONAL_B_SPLINE_CURVE ( ( 1.000000000000000000, 0.9797392387487875443, 0.9797392387487875443, 1.000000000000000000 ) ) 
 REPRESENTATION_ITEM ( '' )  );
#5153 = ADVANCED_FACE ( 'NONE', ( #801 ), #5445, .T. ) ;
#5154 = DIRECTION ( 'NONE',  ( -1.436201133715639822E-16, -6.916380135000388919E-17, 1.000000000000000000 ) ) ;
#5155 = EDGE_LOOP ( 'NONE', ( #5357, #9999, #7886, #3176 ) ) ;
#5156 = DIRECTION ( 'NONE',  ( -0.000000000000000000, -0.000000000000000000, -1.000000000000000000 ) ) ;
#5157 = CARTESIAN_POINT ( 'NONE',  ( -2.671639123616407652, -5.547715804109125237, -2.150213260174687816E-15 ) ) ;
#5158 = CARTESIAN_POINT ( 'NONE',  ( -5.443915612728942754, 2.155064053490471032, 0.4999999999999994449 ) ) ;
#5159 = LINE ( 'NONE', #11419, #4351 ) ;
#5160 = ORIENTED_EDGE ( 'NONE', *, *, #7479, .T. ) ;
#5161 = CARTESIAN_POINT ( 'NONE',  ( -2.277889630367217144, -4.730086556487682614, 0.000000000000000000 ) ) ;
#5162 = VERTEX_POINT ( 'NONE', #10834 ) ;
#5163 = DIRECTION ( 'NONE',  ( -0.000000000000000000, -0.000000000000000000, -1.000000000000000000 ) ) ;
#5164 = B_SPLINE_CURVE_WITH_KNOTS ( 'NONE', 3,
 ( #6682, #9264, #7491, #2166, #3875, #9145 ),
 .UNSPECIFIED., .F., .F.,
 ( 4, 2, 4 ),
 ( 1.085115341824527540E-19, 0.0001489814068954699701, 0.0002979628137909398318 ),
 .UNSPECIFIED. ) ;
#5165 = CARTESIAN_POINT ( 'NONE',  ( 0.4424154666368708688, -6.051370592118870739, -0.08749532262521460269 ) ) ;
#5166 = ORIENTED_EDGE ( 'NONE', *, *, #4100, .T. ) ;
#5167 = ADVANCED_FACE ( 'NONE', ( #7080 ), #7966, .F. ) ;
#5168 = EDGE_LOOP ( 'NONE', ( #10261, #10885, #5179, #11207 ) ) ;
#5169 = ORIENTED_EDGE ( 'NONE', *, *, #4259, .T. ) ;
#5170 = CARTESIAN_POINT ( 'NONE',  ( -3.893486730503289639, -2.925744017902478067, -0.5000000000000013323 ) ) ;
#5171 = CARTESIAN_POINT ( 'NONE',  ( -2.893757514501245520, 5.104951525190888795, -0.5000000000000000000 ) ) ;
#5172 = DIRECTION ( 'NONE',  ( -0.6234898018587269330, -0.7818314824680352437, 0.000000000000000000 ) ) ;
#5173 = EDGE_LOOP ( 'NONE', ( #3601, #7844, #4171, #2438, #7100, #3331 ) ) ;
#5174 = FACE_OUTER_BOUND ( 'NONE', #5919, .T. ) ;
#5175 = EDGE_LOOP ( 'NONE', ( #7918, #4771, #3410, #10586 ) ) ;
#5176 = CARTESIAN_POINT ( 'NONE',  ( -0.5615098671493452542, -5.838802759818035426, 0.000000000000000000 ) ) ;
#5177 = EDGE_LOOP ( 'NONE', ( #10379, #4200, #2355, #5684, #5372, #4948, #1123 ) ) ;
#5178 = DIRECTION ( 'NONE',  ( 1.790913520579326978E-16, 2.245734522990332355E-16, -1.000000000000000000 ) ) ;
#5179 = ORIENTED_EDGE ( 'NONE', *, *, #1353, .F. ) ;
#5180 = DIRECTION ( 'NONE',  ( -1.790913520579321801E-16, 2.245734522990357007E-16, -1.000000000000000000 ) ) ;
#5181 = ORIENTED_EDGE ( 'NONE', *, *, #10636, .F. ) ;
#5182 = DIRECTION ( 'NONE',  ( 0.6434186129743189042, 0.7655145253215014378, -0.000000000000000000 ) ) ;
#5183 = DIRECTION ( 'NONE',  ( 0.4338837391175526248, -0.9009688679024218105, -3.492023159033202461E-16 ) ) ;
#5184 = EDGE_CURVE ( 'NONE', #1176, #3513, #3626, .T. ) ;
#5185 = DIRECTION ( 'NONE',  ( -0.7818314824680221431, 0.6234898018587431423, -6.916380135000388919E-17 ) ) ;
#5186 = ORIENTED_EDGE ( 'NONE', *, *, #8145, .F. ) ;
#5187 = PLANE ( 'NONE',  #2861 ) ;
#5188 = ORIENTED_EDGE ( 'NONE', *, *, #8974, .F. ) ;
#5189 = CARTESIAN_POINT ( 'NONE',  ( 4.206661755071157210E-16, 3.435000000000000053, -1.089635132033648488E-15 ) ) ;
#5190 = EDGE_CURVE ( 'NONE', #2512, #3227, #4184, .T. ) ;
#5191 = ORIENTED_EDGE ( 'NONE', *, *, #10928, .T. ) ;
#5192 = ADVANCED_FACE ( 'NONE', ( #1808 ), #7900, .T. ) ;
#5193 = CYLINDRICAL_SURFACE ( 'NONE', #6749, 0.2041022026635758713 ) ;
#5194 = DIRECTION ( 'NONE',  ( 0.2225209339563181954, 0.9749279121818227312, 1.790913520579321801E-16 ) ) ;
#5195 = CARTESIAN_POINT ( 'NONE',  ( 0.000000000000000000, -2.500000000000000000, 2.499999999999999556 ) ) ;
#5196 = EDGE_CURVE ( 'NONE', #7314, #8390, #9800, .T. ) ;
#5197 = CARTESIAN_POINT ( 'NONE',  ( -5.848381429644151197, 0.2774039050809226081, 0.000000000000000000 ) ) ;
#5198 = CARTESIAN_POINT ( 'NONE',  ( -4.028020539654795229, -4.249184487084527895, 1.027403880348036144E-17 ) ) ;
#5199 = ORIENTED_EDGE ( 'NONE', *, *, #1218, .F. ) ;
#5200 = DIRECTION ( 'NONE',  ( -0.000000000000000000, -1.836970198721029688E-16, 1.000000000000000000 ) ) ;
#5201 = CLOSED_SHELL ( 'NONE', ( #2905, #7905 ) ) ;
#5202 = CARTESIAN_POINT ( 'NONE',  ( -0.4970489743472495392, -5.878767881912767557, 0.4999999999999978351 ) ) ;
#5203 = B_SPLINE_CURVE_WITH_KNOTS ( 'NONE', 3,
 ( #7466, #3788, #2845, #8409 ),
 .UNSPECIFIED., .F., .F.,
 ( 4, 4 ),
 ( 0.0005065015518762488230, 0.001011135659924385782 ),
 .UNSPECIFIED. ) ;
#5204 = CARTESIAN_POINT ( 'NONE',  ( 5.881674921907935172, 0.8694658849556148317, -0.005989781583923451704 ) ) ;
#5205 = CARTESIAN_POINT ( 'NONE',  ( -6.003118619259592670, -1.370172650835948414, -1.382811032531297162E-15 ) ) ;
#5206 = EDGE_LOOP ( 'NONE', ( #8970, #2433, #2357 ) ) ;
#5207 = PLANE ( 'NONE',  #5861 ) ;
#5208 = FACE_OUTER_BOUND ( 'NONE', #7428, .T. ) ;
#5209 = DIRECTION ( 'NONE',  ( -1.000000000000000000, 0.000000000000000000, 0.000000000000000000 ) ) ;
#5210 = CARTESIAN_POINT ( 'NONE',  ( 3.863289285114899219, -4.399490217363499767, 0.4999999999999983902 ) ) ;
#5211 = ORIENTED_EDGE ( 'NONE', *, *, #1206, .F. ) ;
#5212 = CIRCLE ( 'NONE', #5017, 1.815000000000000169 ) ;
#5213 = CARTESIAN_POINT ( 'NONE',  ( 0.000000000000000000, 0.000000000000000000, 2.479187499999998323 ) ) ;
#5214 = ORIENTED_EDGE ( 'NONE', *, *, #9689, .F. ) ;
#5215 = EDGE_CURVE ( 'NONE', #3133, #7578, #3813, .T. ) ;
#5216 = DIRECTION ( 'NONE',  ( 0.000000000000000000, 1.000000000000000000, 0.000000000000000000 ) ) ;
#5217 = CYLINDRICAL_SURFACE ( 'NONE', #11514, 5.854956726839295023 ) ;
#5218 = ORIENTED_EDGE ( 'NONE', *, *, #10612, .T. ) ;
#5219 = VECTOR ( 'NONE', #31, 999.9999999999998863 ) ;
#5220 = ORIENTED_EDGE ( 'NONE', *, *, #4221, .T. ) ;
#5221 = CARTESIAN_POINT ( 'NONE',  ( 1.255463724981668472, -6.229709931871239448, -9.629649721936179265E-32 ) ) ;
#5222 = DIRECTION ( 'NONE',  ( 0.7818314824680216990, -0.6234898018587436974, 0.000000000000000000 ) ) ;
#5223 = CARTESIAN_POINT ( 'NONE',  ( 0.000000000000000000, 3.531249999999998224, -2.109375000000002220 ) ) ;
#5224 = DIRECTION ( 'NONE',  ( -7.970314984686170449E-17, -3.492023159033191614E-16, 1.000000000000000000 ) ) ;
#5225 = ORIENTED_EDGE ( 'NONE', *, *, #8772, .F. ) ;
#5226 = DIRECTION ( 'NONE',  ( 0.000000000000000000, -1.000000000000000000, 0.000000000000000000 ) ) ;
#5227 = ORIENTED_EDGE ( 'NONE', *, *, #1600, .F. ) ;
#5228 = EDGE_CURVE ( 'NONE', #6907, #4156, #7727, .T. ) ;
#5229 = CARTESIAN_POINT ( 'NONE',  ( 2.277889630367151419, -4.730086556487714589, -1.833312158492431403E-15 ) ) ;
#5230 = EDGE_LOOP ( 'NONE', ( #10453, #7267, #9715, #9902 ) ) ;
#5231 = CARTESIAN_POINT ( 'NONE',  ( -4.768605100205388858, -2.700661798207094400, -1.686260158355249548E-15 ) ) ;
#5232 = ORIENTED_EDGE ( 'NONE', *, *, #1078, .T. ) ;
#5233 = CARTESIAN_POINT ( 'NONE',  ( 3.300315535752635476, -3.230463181104189285, -0.5000000000000013323 ) ) ;
#5234 = ORIENTED_EDGE ( 'NONE', *, *, #5420, .F. ) ;
#5235 = LINE ( 'NONE', #880, #10726 ) ;
#5236 = LINE ( 'NONE', #9735, #8260 ) ;
#5237 = ORIENTED_EDGE ( 'NONE', *, *, #10810, .T. ) ;
#5238 = DIRECTION ( 'NONE',  ( 1.436201133715639822E-16, 6.916380135000388919E-17, -1.000000000000000000 ) ) ;
#5239 = EDGE_CURVE ( 'NONE', #5939, #8785, #6497, .T. ) ;
#5240 = ORIENTED_EDGE ( 'NONE', *, *, #320, .T. ) ;
#5241 = EDGE_CURVE ( 'NONE', #3585, #6807, #9949, .T. ) ;
#5242 = FACE_OUTER_BOUND ( 'NONE', #2653, .T. ) ;
#5243 = ORIENTED_EDGE ( 'NONE', *, *, #7995, .T. ) ;
#5244 = DIRECTION ( 'NONE',  ( -0.6234898018587433643, -0.7818314824680220321, -1.242801860534561791E-16 ) ) ;
#5245 = LINE ( 'NONE', #4609, #770 ) ;
#5246 = DIRECTION ( 'NONE',  ( -1.184433339904205948E-16, -4.737733359616823793E-16, 1.000000000000000000 ) ) ;
#5247 = CARTESIAN_POINT ( 'NONE',  ( 0.4484599904916782842, -6.075027395718184842, -0.1313876030881700741 ) ) ;
#5248 = VECTOR ( 'NONE', #6513, 1000.000000000000000 ) ;
#5249 = DIRECTION ( 'NONE',  ( 0.7818314824680310249, 0.6234898018587321511, -6.916380135000589832E-17 ) ) ;
#5250 = ORIENTED_EDGE ( 'NONE', *, *, #9666, .T. ) ;
#5251 = CYLINDRICAL_SURFACE ( 'NONE', #10939, 0.2499999999999998890 ) ;
#5252 = EDGE_CURVE ( 'NONE', #2363, #8158, #1365, .T. ) ;
#5253 = DIRECTION ( 'NONE',  ( -0.000000000000000000, -0.000000000000000000, -1.000000000000000000 ) ) ;
#5254 = VECTOR ( 'NONE', #10998, 1000.000000000000000 ) ;
#5255 = CIRCLE ( 'NONE', #1314, 1.571836107868756383 ) ;
#5256 = CARTESIAN_POINT ( 'NONE',  ( -4.799931324454228765, -4.574604580850460955, -0.2500000000000021649 ) ) ;
#5257 = LINE ( 'NONE', #4387, #8080 ) ;
#5258 = ORIENTED_EDGE ( 'NONE', *, *, #1258, .T. ) ;
#5259 = LINE ( 'NONE', #7958, #11292 ) ;
#5260 = DIRECTION ( 'NONE',  ( 0.7818314824680316910, 0.6234898018587311519, -0.000000000000000000 ) ) ;
#5261 = DIRECTION ( 'NONE',  ( -0.000000000000000000, -1.836970198721029688E-16, 1.000000000000000000 ) ) ;
#5262 = CARTESIAN_POINT ( 'NONE',  ( 2.893757514501248185, 5.104951525190887018, -1.000000000000000000 ) ) ;
#5263 = VERTEX_POINT ( 'NONE', #10188 ) ;
#5264 = FACE_OUTER_BOUND ( 'NONE', #7798, .T. ) ;
#5265 = EDGE_CURVE ( 'NONE', #1298, #8759, #4846, .T. ) ;
#5266 = ORIENTED_EDGE ( 'NONE', *, *, #8168, .T. ) ;
#5267 = VECTOR ( 'NONE', #1165, 999.9999999999998863 ) ;
#5268 = EDGE_CURVE ( 'NONE', #2806, #4624, #7460, .T. ) ;
#5269 = CIRCLE ( 'NONE', #7138, 7.396615624999999028 ) ;
#5270 = CARTESIAN_POINT ( 'NONE',  ( 3.985157492342970593E-17, -1.746011579516601723E-16, 0.5000000000000000000 ) ) ;
#5271 = ADVANCED_FACE ( 'NONE', ( #7540 ), #271, .T. ) ;
#5272 = AXIS2_PLACEMENT_3D ( 'NONE', #8802, #6166, #1707 ) ;
#5273 = PLANE ( 'NONE',  #1762 ) ;
#5274 = ORIENTED_EDGE ( 'NONE', *, *, #7574, .F. ) ;
#5275 = VERTEX_POINT ( 'NONE', #148 ) ;
#5276 = CIRCLE ( 'NONE', #6769, 1.815000000000000391 ) ;
#5277 = ORIENTED_EDGE ( 'NONE', *, *, #5700, .T. ) ;
#5278 = DIRECTION ( 'NONE',  ( 0.000000000000000000, 0.000000000000000000, 1.000000000000000000 ) ) ;
#5279 = DIRECTION ( 'NONE',  ( 0.000000000000000000, 0.000000000000000000, 1.000000000000000000 ) ) ;
#5280 = CARTESIAN_POINT ( 'NONE',  ( 2.671639123616330824, -5.547715804109163429, 1.571836107868754162 ) ) ;
#5281 = ORIENTED_EDGE ( 'NONE', *, *, #10052, .T. ) ;
#5282 = CARTESIAN_POINT ( 'NONE',  ( 1.986007203333997273, 4.446908180657973553, -1.000000000000000000 ) ) ;
#5283 = CIRCLE ( 'NONE', #1716, 5.854956726839295023 ) ;
#5284 = EDGE_LOOP ( 'NONE', ( #7134, #936 ) ) ;
#5285 = ADVANCED_FACE ( 'NONE', ( #3913 ), #4626, .T. ) ;
#5286 = VECTOR ( 'NONE', #5840, 1000.000000000000000 ) ;
#5287 = DIRECTION ( 'NONE',  ( -0.4338837391175517366, 0.9009688679024222546, 0.000000000000000000 ) ) ;
#5288 = AXIS2_PLACEMENT_3D ( 'NONE', #897, #1846, #3610 ) ;
#5289 = DIRECTION ( 'NONE',  ( 0.1973384126673414229, -0.9803354277419203955, -3.946195958086689460E-17 ) ) ;
#5290 = AXIS2_PLACEMENT_3D ( 'NONE', #6773, #1611, #4306 ) ;
#5291 = VERTEX_POINT ( 'NONE', #5740 ) ;
#5292 = AXIS2_PLACEMENT_3D ( 'NONE', #10536, #3451, #10472 ) ;
#5293 = LINE ( 'NONE', #8867, #10669 ) ;
#5294 = ORIENTED_EDGE ( 'NONE', *, *, #7029, .F. ) ;
#5295 = PLANE ( 'NONE',  #3017 ) ;
#5297 = ADVANCED_FACE ( 'NONE', ( #1139 ), #8115, .F. ) ;
#5296 = ORIENTED_EDGE ( 'NONE', *, *, #3333, .F. ) ;
#5298 = FACE_OUTER_BOUND ( 'NONE', #4163, .T. ) ;
#5299 = DIRECTION ( 'NONE',  ( -0.000000000000000000, -1.836970198721029688E-16, 1.000000000000000000 ) ) ;
#5300 = AXIS2_PLACEMENT_3D ( 'NONE', #9496, #9550, #5758 ) ;
#5301 = CIRCLE ( 'NONE', #3052, 1.814999999999999725 ) ;
#5302 = DIRECTION ( 'NONE',  ( -0.000000000000000000, -1.836970198721029688E-16, 1.000000000000000000 ) ) ;
#5303 = ORIENTED_EDGE ( 'NONE', *, *, #2945, .F. ) ;
#5304 = CARTESIAN_POINT ( 'NONE',  ( 0.000000000000000000, 5.250000000000000000, 1.815000000000000169 ) ) ;
#5305 = AXIS2_PLACEMENT_3D ( 'NONE', #7194, #2283, #6193 ) ;
#5306 = VERTEX_POINT ( 'NONE', #371 ) ;
#5307 = VECTOR ( 'NONE', #8405, 1000.000000000000000 ) ;
#5308 = EDGE_LOOP ( 'NONE', ( #109, #144, #7162, #2274, #3076, #1601, #7077, #3582 ) ) ;
#5309 = VECTOR ( 'NONE', #2924, 1000.000000000000000 ) ;
#5310 = AXIS2_PLACEMENT_3D ( 'NONE', #7300, #4741, #1985 ) ;
#5311 = DIRECTION ( 'NONE',  ( -0.000000000000000000, -1.836970198721029688E-16, 1.000000000000000000 ) ) ;
#5312 = ORIENTED_EDGE ( 'NONE', *, *, #2446, .T. ) ;
#5313 = CARTESIAN_POINT ( 'NONE',  ( -4.902992115855973942, -3.200185398537851000, 4.271347234060515553E-16 ) ) ;
#5314 = ADVANCED_FACE ( 'NONE', ( #5514 ), #3739, .F. ) ;
#5315 = CIRCLE ( 'NONE', #7000, 0.2041022026635769815 ) ;
#5316 = CARTESIAN_POINT ( 'NONE',  ( -2.992045089753812004, 5.177686833272754363, -0.02279173812495787280 ) ) ;
#5317 = DIRECTION ( 'NONE',  ( 0.2225209339563050392, -0.9749279121818257288, -1.790913520579326978E-16 ) ) ;
#5318 = DIRECTION ( 'NONE',  ( 0.000000000000000000, 1.000000000000000000, 1.836970198721029688E-16 ) ) ;
#5319 = VECTOR ( 'NONE', #3356, 1000.000000000000114 ) ;
#5320 = AXIS2_PLACEMENT_3D ( 'NONE', #7413, #10102, #2076 ) ;
#5321 = CARTESIAN_POINT ( 'NONE',  ( 0.000000000000000000, 6.157500000000000639, 0.000000000000000000 ) ) ;
#5322 = ORIENTED_EDGE ( 'NONE', *, *, #2068, .T. ) ;
#5323 = CARTESIAN_POINT ( 'NONE',  ( -1.571836107868680221, 5.250000000000024869, -2.257472800136160515E-16 ) ) ;
#5324 = DIRECTION ( 'NONE',  ( -1.000000000000000000, 0.000000000000000000, 0.000000000000000000 ) ) ;
#5325 = CIRCLE ( 'NONE', #1374, 1.744770758581195791 ) ;
#5326 = CIRCLE ( 'NONE', #8892, 2.043333333333333002 ) ;
#5327 = DIRECTION ( 'NONE',  ( 0.000000000000000000, -1.000000000000000000, -1.678764654171102765E-16 ) ) ;
#5328 = DIRECTION ( 'NONE',  ( -0.000000000000000000, -0.000000000000000000, -1.000000000000000000 ) ) ;
#5329 = ORIENTED_EDGE ( 'NONE', *, *, #9144, .F. ) ;
#5330 = CARTESIAN_POINT ( 'NONE',  ( 3.039904091628594429, 5.278831057677257022, 0.4669859836141823650 ) ) ;
#5331 = CARTESIAN_POINT ( 'NONE',  ( 0.000000000000000000, 0.000000000000000000, 0.000000000000000000 ) ) ;
#5333 = CIRCLE ( 'NONE', #2324, 0.9074999999999989742 ) ;
#5332 = CARTESIAN_POINT ( 'NONE',  ( -5.038967452947967551, -2.981497154332332311, 1.027403961127392839E-17 ) ) ;
#5334 = FACE_OUTER_BOUND ( 'NONE', #7624, .T. ) ;
#5335 = EDGE_CURVE ( 'NONE', #1639, #540, #4744, .T. ) ;
#5336 = ORIENTED_EDGE ( 'NONE', *, *, #1367, .F. ) ;
#5337 = LINE ( 'NONE', #317, #6066 ) ;
#5338 = AXIS2_PLACEMENT_3D ( 'NONE', #866, #920, #6039 ) ;
#5339 = VERTEX_POINT ( 'NONE', #2862 ) ;
#5340 = AXIS2_PLACEMENT_3D ( 'NONE', #10066, #5617, #8246 ) ;
#5341 = CARTESIAN_POINT ( 'NONE',  ( 7.181005668578199110E-17, 3.458190067500194460E-17, -0.5000000000000000000 ) ) ;
#5342 = FACE_OUTER_BOUND ( 'NONE', #10398, .T. ) ;
#5343 = VERTEX_POINT ( 'NONE', #6443 ) ;
#5344 = EDGE_CURVE ( 'NONE', #5709, #1389, #2037, .T. ) ;
#5345 = ORIENTED_EDGE ( 'NONE', *, *, #320, .F. ) ;
#5346 = ADVANCED_FACE ( 'NONE', ( #7425 ), #2972, .F. ) ;
#5347 = DIRECTION ( 'NONE',  ( 0.000000000000000000, 0.000000000000000000, 1.000000000000000000 ) ) ;
#5348 = DIRECTION ( 'NONE',  ( 0.9009688679024185909, -0.4338837391175592306, -0.000000000000000000 ) ) ;
#5349 = DIRECTION ( 'NONE',  ( -0.6234898018587268220, -0.7818314824680352437, -6.391696352470805859E-17 ) ) ;
#5350 = EDGE_CURVE ( 'NONE', #10508, #8857, #9252, .T. ) ;
#5351 = DIRECTION ( 'NONE',  ( 0.000000000000000000, 0.000000000000000000, 1.000000000000000000 ) ) ;
#5352 = ORIENTED_EDGE ( 'NONE', *, *, #6848, .T. ) ;
#5353 = CARTESIAN_POINT ( 'NONE',  ( 2.277889630367151419, -4.730086556487714589, -1.833312158492431403E-15 ) ) ;
#5354 = ORIENTED_EDGE ( 'NONE', *, *, #8702, .T. ) ;
#5355 = DIRECTION ( 'NONE',  ( 0.7818314824680310249, 0.6234898018587320401, -6.916380135000592297E-17 ) ) ;
#5356 = CARTESIAN_POINT ( 'NONE',  ( -5.336788537138622779, -3.575555708476511718, 0.3666893729391493273 ) ) ;
#5357 = ORIENTED_EDGE ( 'NONE', *, *, #4464, .F. ) ;
#5358 = CARTESIAN_POINT ( 'NONE',  ( 4.233624458649566158, -0.9662971557053121607, -9.752102166085628058E-16 ) ) ;
#5359 = ORIENTED_EDGE ( 'NONE', *, *, #6948, .T. ) ;
#5360 = CARTESIAN_POINT ( 'NONE',  ( -5.822922039428680030, 1.789036932132483271, 0.4669859836141812548 ) ) ;
#5361 = ORIENTED_EDGE ( 'NONE', *, *, #3636, .T. ) ;
#5362 = CARTESIAN_POINT ( 'NONE',  ( -3.863289285114959171, -4.399490217363446476, 0.4999999999999981681 ) ) ;
#5363 = EDGE_CURVE ( 'NONE', #862, #9625, #3203, .T. ) ;
#5364 = CARTESIAN_POINT ( 'NONE',  ( 5.755329864180148469, 1.754314081387968294, -0.5000000000000006661 ) ) ;
#5365 = CARTESIAN_POINT ( 'NONE',  ( -4.245533895084450116, -4.066890364875067831, 0.4999999999999982792 ) ) ;
#5366 = EDGE_LOOP ( 'NONE', ( #1381, #7970, #2801, #6555 ) ) ;
#5367 = CYLINDRICAL_SURFACE ( 'NONE', #1547, 5.854956726839295023 ) ;
#5368 = ORIENTED_EDGE ( 'NONE', *, *, #6267, .F. ) ;
#5369 = VERTEX_POINT ( 'NONE', #3147 ) ;
#5370 = EDGE_CURVE ( 'NONE', #7903, #10873, #4565, .T. ) ;
#5371 = DIRECTION ( 'NONE',  ( 1.000000000000000000, 0.000000000000000000, 0.000000000000000000 ) ) ;
#5372 = ORIENTED_EDGE ( 'NONE', *, *, #8386, .T. ) ;
#5373 = DIRECTION ( 'NONE',  ( 0.6234898018587431423, -0.7818314824680222541, 0.000000000000000000 ) ) ;
#5374 = PLANE ( 'NONE',  #6218 ) ;
#5375 = FACE_OUTER_BOUND ( 'NONE', #1042, .T. ) ;
#5376 = LINE ( 'NONE', #7013, #1723 ) ;
#5377 = DIRECTION ( 'NONE',  ( -0.000000000000000000, 1.000000000000000000, -0.000000000000000000 ) ) ;
#5378 = VERTEX_POINT ( 'NONE', #8487 ) ;
#5379 = EDGE_CURVE ( 'NONE', #7613, #6365, #10237, .T. ) ;
#5380 = CARTESIAN_POINT ( 'NONE',  ( -1.759939609971410190, 5.584436492671689400, -0.3377898998920281226 ) ) ;
#5381 = PLANE ( 'NONE',  #8824 ) ;
#5382 = DIRECTION ( 'NONE',  ( 0.000000000000000000, -1.000000000000000000, -1.866966969661137892E-16 ) ) ;
#5383 = CARTESIAN_POINT ( 'NONE',  ( -4.233624458649580369, -0.9662971557052554283, 1.830752539561562253 ) ) ;
#5384 = ORIENTED_EDGE ( 'NONE', *, *, #2082, .T. ) ;
#5385 = DIRECTION ( 'NONE',  ( 0.000000000000000000, -1.000000000000000000, 0.000000000000000000 ) ) ;
#5386 = DIRECTION ( 'NONE',  ( -0.4338837391175525693, 0.9009688679024218105, 0.000000000000000000 ) ) ;
#5387 = DIRECTION ( 'NONE',  ( -0.000000000000000000, -1.836970198721029688E-16, 1.000000000000000000 ) ) ;
#5388 = ORIENTED_EDGE ( 'NONE', *, *, #11148, .F. ) ;
#5389 = CARTESIAN_POINT ( 'NONE',  ( -0.4679647384833750534, -4.594451436628337326, 0.4999999999999985012 ) ) ;
#5390 = ORIENTED_EDGE ( 'NONE', *, *, #5363, .F. ) ;
#5391 = EDGE_CURVE ( 'NONE', #9107, #1327, #4260, .T. ) ;
#5392 = DIRECTION ( 'NONE',  ( 0.000000000000000000, -2.368866679808412882E-16, 1.000000000000000000 ) ) ;
#5393 = EDGE_CURVE ( 'NONE', #8738, #8385, #10263, .T. ) ;
#5394 = ORIENTED_EDGE ( 'NONE', *, *, #2931, .T. ) ;
#5395 = DIRECTION ( 'NONE',  ( -0.000000000000000000, -0.000000000000000000, -1.000000000000000000 ) ) ;
#5396 = DIRECTION ( 'NONE',  ( 0.4569437578743098527, 0.8894955886004741741, 2.815917705489138559E-16 ) ) ;
#5397 = DIRECTION ( 'NONE',  ( -0.6234898018587433643, -0.7818314824680220321, -1.242801860534561791E-16 ) ) ;
#5398 = DIRECTION ( 'NONE',  ( 1.000000000000000000, -8.489674433817979248E-16, 0.000000000000000000 ) ) ;
#5399 = ORIENTED_EDGE ( 'NONE', *, *, #8974, .T. ) ;
#5400 = DIRECTION ( 'NONE',  ( -0.9803354277419202845, 0.1973384126673424777, 0.000000000000000000 ) ) ;
#5401 = ORIENTED_EDGE ( 'NONE', *, *, #539, .F. ) ;
#5402 = EDGE_CURVE ( 'NONE', #11205, #8476, #2299, .T. ) ;
#5403 = CARTESIAN_POINT ( 'NONE',  ( 4.470037444215078537, -4.138337766436347209, -1.979745477316906310 ) ) ;
#5404 = ADVANCED_FACE ( 'NONE', ( #5852 ), #9417, .T. ) ;
#5405 = CIRCLE ( 'NONE', #8397, 3.531249999999995559 ) ;
#5406 = CARTESIAN_POINT ( 'NONE',  ( -5.118371538954584743, -1.168234903270601643, 0.4999999999999991673 ) ) ;
#5407 = EDGE_CURVE ( 'NONE', #6480, #3233, #3245, .T. ) ;
#5408 = EDGE_LOOP ( 'NONE', ( #1859, #6494, #10530, #1539, #10603, #7914, #9348, #1421, #7678, #6834, #3629, #7732 ) ) ;
#5409 = CARTESIAN_POINT ( 'NONE',  ( -3.395103212617387012, 2.707504464571592440, -3.003438073623919616E-16 ) ) ;
#5410 = VERTEX_POINT ( 'NONE', #1384 ) ;
#5411 = FACE_OUTER_BOUND ( 'NONE', #7908, .T. ) ;
#5412 = ORIENTED_EDGE ( 'NONE', *, *, #6158, .T. ) ;
#5413 = DIRECTION ( 'NONE',  ( -0.6234898018587375912, 0.7818314824680265840, 0.000000000000000000 ) ) ;
#5414 = LINE ( 'NONE', #3764, #386 ) ;
#5415 = DIRECTION ( 'NONE',  ( 0.9009688679024155933, -0.4338837391175652258, -7.970314984686172914E-17 ) ) ;
#5416 = EDGE_LOOP ( 'NONE', ( #4805, #2052, #7128, #5294, #9518, #4981 ) ) ;
#5417 = CARTESIAN_POINT ( 'NONE',  ( -2.235829058544720471, 5.687970232272502535, -0.1680249406405542600 ) ) ;
#5418 = ORIENTED_EDGE ( 'NONE', *, *, #11211, .F. ) ;
#5419 = B_SPLINE_CURVE_WITH_KNOTS ( 'NONE', 3,
 ( #4147, #3280, #7024, #10593 ),
 .UNSPECIFIED., .F., .F.,
 ( 4, 4 ),
 ( 0.0005048269569637043458, 0.001006091645346890700 ),
 .UNSPECIFIED. ) ;
#5420 = EDGE_CURVE ( 'NONE', #7196, #10186, #7597, .T. ) ;
#5421 = ORIENTED_EDGE ( 'NONE', *, *, #3727, .T. ) ;
#5422 = ADVANCED_FACE ( 'NONE', ( #5018 ), #1434, .T. ) ;
#5423 = CARTESIAN_POINT ( 'NONE',  ( 3.196147292417675700, 5.147507901534455144, -1.885160653978395162 ) ) ;
#5424 = ORIENTED_EDGE ( 'NONE', *, *, #4252, .F. ) ;
#5425 = CARTESIAN_POINT ( 'NONE',  ( -5.118371538954584743, -1.168234903270601421, -0.5000000000000008882 ) ) ;
#5426 = CARTESIAN_POINT ( 'NONE',  ( 0.3922299760606360874, -5.854956726839292358, -0.5000000000000021094 ) ) ;
#5427 = DIRECTION ( 'NONE',  ( -0.000000000000000000, -0.000000000000000000, -1.000000000000000000 ) ) ;
#5428 = CARTESIAN_POINT ( 'NONE',  ( -4.214864141736369696, -4.079440067664955372, 0.000000000000000000 ) ) ;
#5429 = CARTESIAN_POINT ( 'NONE',  ( 8.534257381558117470E-16, 6.968749999999999112, 0.5832010266623376404 ) ) ;
#5430 = ORIENTED_EDGE ( 'NONE', *, *, #6408, .T. ) ;
#5431 = ADVANCED_FACE ( 'NONE', ( #488 ), #4967, .T. ) ;
#5432 = CARTESIAN_POINT ( 'NONE',  ( -0.5325758359744167114, -5.854956726839297687, 0.4999999999999979461 ) ) ;
#5433 = EDGE_CURVE ( 'NONE', #7489, #6899, #9054, .T. ) ;
#5434 = CARTESIAN_POINT ( 'NONE',  ( -4.909645099977375082, -3.234121254141959945, 0.000000000000000000 ) ) ;
#5435 = DIRECTION ( 'NONE',  ( -0.000000000000000000, 0.000000000000000000, -1.000000000000000000 ) ) ;
#5436 = VERTEX_POINT ( 'NONE', #9350 ) ;
#5437 = CARTESIAN_POINT ( 'NONE',  ( 4.233624458649566158, -0.9662971557053121607, -9.752102166085628058E-16 ) ) ;
#5438 = CIRCLE ( 'NONE', #5061, 2.043333333333333446 ) ;
#5439 = DIRECTION ( 'NONE',  ( 1.000000000000000000, -1.400796281579966832E-14, 0.000000000000000000 ) ) ;
#5440 = EDGE_CURVE ( 'NONE', #4768, #2172, #7645, .T. ) ;
#5441 = DIRECTION ( 'NONE',  ( -1.000000000000000000, 0.000000000000000000, -1.242801860534562038E-16 ) ) ;
#5442 = VERTEX_POINT ( 'NONE', #1488 ) ;
#5443 = CARTESIAN_POINT ( 'NONE',  ( -0.4296483880746034267, -6.001403336246026399, -0.5000000000000019984 ) ) ;
#5444 = ORIENTED_EDGE ( 'NONE', *, *, #8043, .T. ) ;
#5445 = CYLINDRICAL_SURFACE ( 'NONE', #6801, 5.854956726839295023 ) ;
#5446 = AXIS2_PLACEMENT_3D ( 'NONE', #2081, #11116, #9293 ) ;
#5447 = CARTESIAN_POINT ( 'NONE',  ( 4.493163257561806567, 1.330580719839159043, -0.5000000000000005551 ) ) ;
#5448 = ORIENTED_EDGE ( 'NONE', *, *, #2409, .F. ) ;
#5449 = DIRECTION ( 'NONE',  ( -0.000000000000000000, -1.836970198721029688E-16, 1.000000000000000000 ) ) ;
#5450 = ADVANCED_FACE ( 'NONE', ( #4139 ), #7709, .F. ) ;
#5451 = LINE ( 'NONE', #8149, #5309 ) ;
#5452 = DIRECTION ( 'NONE',  ( 1.790913520579321555E-16, -2.245734522990357007E-16, 1.000000000000000000 ) ) ;
#5453 = AXIS2_PLACEMENT_3D ( 'NONE', #7048, #8929, #11393 ) ;
#5454 = DIRECTION ( 'NONE',  ( 0.2225209339563050670, -0.9749279121818257288, -1.790913520579326732E-16 ) ) ;
#5455 = VECTOR ( 'NONE', #11291, 1000.000000000000114 ) ;
#5456 = ORIENTED_EDGE ( 'NONE', *, *, #9078, .T. ) ;
#5457 =( BOUNDED_CURVE ( )  B_SPLINE_CURVE ( 3, ( #4702, #3833, #7396, #10982 ),
 .UNSPECIFIED., .F., .F. ) 
 B_SPLINE_CURVE_WITH_KNOTS ( ( 4, 4 ),
 ( 3.141592653589792228, 3.635931312130131765 ),
 .UNSPECIFIED. ) 
 CURVE ( )  GEOMETRIC_REPRESENTATION_ITEM ( )  RATIONAL_B_SPLINE_CURVE ( ( 1.000000000000000000, 0.9797392387487873222, 0.9797392387487873222, 1.000000000000000000 ) ) 
 REPRESENTATION_ITEM ( '' )  );
#5458 = DIRECTION ( 'NONE',  ( -7.970314984685941186E-17, 3.492023159033203447E-16, -1.000000000000000000 ) ) ;
#5459 = CIRCLE ( 'NONE', #8258, 2.043333333333333002 ) ;
#5460 = ORIENTED_EDGE ( 'NONE', *, *, #521, .F. ) ;
#5461 = B_SPLINE_CURVE_WITH_KNOTS ( 'NONE', 3,
 ( #6156, #816, #11561, #4411 ),
 .UNSPECIFIED., .F., .F.,
 ( 4, 4 ),
 ( 0.0005048269569637937925, 0.001006091645347109709 ),
 .UNSPECIFIED. ) ;
#5462 = CARTESIAN_POINT ( 'NONE',  ( 0.5838616507318713511, -6.604956726839289693, -0.2500000000000026090 ) ) ;
#5463 = DIRECTION ( 'NONE',  ( -7.970314984686170449E-17, -3.492023159033191614E-16, 1.000000000000000000 ) ) ;
#5464 = VECTOR ( 'NONE', #4265, 1000.000000000000114 ) ;
#5465 = ORIENTED_EDGE ( 'NONE', *, *, #5904, .T. ) ;
#5466 = CARTESIAN_POINT ( 'NONE',  ( 0.000000000000000000, 0.000000000000000000, 0.000000000000000000 ) ) ;
#5467 = ORIENTED_EDGE ( 'NONE', *, *, #10419, .T. ) ;
#5468 = CARTESIAN_POINT ( 'NONE',  ( -5.817359484334659214, 0.7518242008520951147, 0.000000000000000000 ) ) ;
#5469 = ORIENTED_EDGE ( 'NONE', *, *, #6698, .T. ) ;
#5471 = AXIS2_PLACEMENT_3D ( 'NONE', #7181, #10868, #9165 ) ;
#5470 = CARTESIAN_POINT ( 'NONE',  ( 0.000000000000000000, 0.000000000000000000, -0.5000000000000000000 ) ) ;
#5472 = DIRECTION ( 'NONE',  ( -0.6234898018587431423, -0.7818314824680221431, -1.481414429610370493E-16 ) ) ;
#5473 = LINE ( 'NONE', #291, #9996 ) ;
#5474 = ORIENTED_EDGE ( 'NONE', *, *, #2097, .F. ) ;
#5475 = DIRECTION ( 'NONE',  ( 0.7818314824680310249, 0.6234898018587321511, 0.000000000000000000 ) ) ;
#5476 = AXIS2_PLACEMENT_3D ( 'NONE', #4063, #7750, #3354 ) ;
#5477 = ORIENTED_EDGE ( 'NONE', *, *, #4100, .F. ) ;
#5478 = ADVANCED_FACE ( 'NONE', ( #612 ), #6895, .T. ) ;
#5479 = CIRCLE ( 'NONE', #3215, 1.830752539561562253 ) ;
#5480 = CIRCLE ( 'NONE', #11081, 1.830752539561562919 ) ;
#5481 = ORIENTED_EDGE ( 'NONE', *, *, #5117, .F. ) ;
#5482 = AXIS2_PLACEMENT_3D ( 'NONE', #1581, #5108, #9719 ) ;
#5483 = CARTESIAN_POINT ( 'NONE',  ( 3.969751236990439303, -4.303672082021770429, 0.4999999999999983902 ) ) ;
#5484 = EDGE_LOOP ( 'NONE', ( #8649, #8428, #7591, #4520 ) ) ;
#5485 = VECTOR ( 'NONE', #566, 1000.000000000000000 ) ;
#5486 = VECTOR ( 'NONE', #7631, 1000.000000000000000 ) ;
#5487 = FACE_OUTER_BOUND ( 'NONE', #2189, .T. ) ;
#5488 = EDGE_CURVE ( 'NONE', #1311, #1039, #4000, .T. ) ;
#5489 = CARTESIAN_POINT ( 'NONE',  ( -5.850399315318000504, 1.803152313773409343, -0.3964466094067271018 ) ) ;
#5490 = ADVANCED_FACE ( 'NONE', ( #10526 ), #2499, .T. ) ;
#5491 = CIRCLE ( 'NONE', #1538, 1.815000000000000169 ) ;
#5492 = EDGE_CURVE ( 'NONE', #10739, #7016, #1794, .T. ) ;
#5493 = CARTESIAN_POINT ( 'NONE',  ( -3.429523072411277962, 4.745407228990935700, 0.4999999999999997780 ) ) ;
#5494 = ORIENTED_EDGE ( 'NONE', *, *, #4874, .F. ) ;
#5495 = AXIS2_PLACEMENT_3D ( 'NONE', #2939, #289, #10805 ) ;
#5496 = CIRCLE ( 'NONE', #2485, 2.043333333333333002 ) ;
#5497 = LINE ( 'NONE', #1248, #5137 ) ;
#5498 = AXIS2_PLACEMENT_3D ( 'NONE', #1175, #4648, #10984 ) ;
#5499 = CARTESIAN_POINT ( 'NONE',  ( -2.297043167672986108, 4.084428209303962554, -0.5000000000000000000 ) ) ;
#5500 = CARTESIAN_POINT ( 'NONE',  ( 0.4403130236325817348, -5.992214789026335531, 0.4884072837075387197 ) ) ;
#5501 = DIRECTION ( 'NONE',  ( 0.2225209339563182231, 0.9749279121818227312, 3.547123868636652160E-17 ) ) ;
#5502 = VERTEX_POINT ( 'NONE', #8059 ) ;
#5503 = DIRECTION ( 'NONE',  ( -0.9009688679024160374, 0.4338837391175650038, 7.970314984686160588E-17 ) ) ;
#5504 = AXIS2_PLACEMENT_3D ( 'NONE', #1580, #11501, #5278 ) ;
#5505 = VECTOR ( 'NONE', #1734, 1000.000000000000000 ) ;
#5506 = PLANE ( 'NONE',  #7634 ) ;
#5507 = EDGE_CURVE ( 'NONE', #2528, #9546, #4312, .T. ) ;
#5508 = CARTESIAN_POINT ( 'NONE',  ( -2.277889630367217144, -4.730086556487682614, 0.4999999999999985012 ) ) ;
#5509 = ORIENTED_EDGE ( 'NONE', *, *, #7070, .F. ) ;
#5510 = CARTESIAN_POINT ( 'NONE',  ( -3.883858019900379599, -2.498724050641747851, 0.4999999999999988343 ) ) ;
#5511 = CIRCLE ( 'NONE', #3251, 5.854956726839295023 ) ;
#5512 = ORIENTED_EDGE ( 'NONE', *, *, #1711, .F. ) ;
#5513 = AXIS2_PLACEMENT_3D ( 'NONE', #5085, #4392, #676 ) ;
#5514 = FACE_OUTER_BOUND ( 'NONE', #5177, .T. ) ;
#5515 = CIRCLE ( 'NONE', #5891, 1.814999999999999725 ) ;
#5516 = EDGE_CURVE ( 'NONE', #2942, #1089, #419, .T. ) ;
#5517 = PLANE ( 'NONE',  #4214 ) ;
#5518 = VECTOR ( 'NONE', #6731, 1000.000000000000000 ) ;
#5519 = VERTEX_POINT ( 'NONE', #2553 ) ;
#5520 = CYLINDRICAL_SURFACE ( 'NONE', #8959, 3.140624999999995559 ) ;
#5521 = CARTESIAN_POINT ( 'NONE',  ( -7.181005668578199110E-17, -3.458190067500194460E-17, 0.5000000000000000000 ) ) ;
#5522 = CARTESIAN_POINT ( 'NONE',  ( -4.104615282957117195, 3.273321459758401719, -0.5000000000000003331 ) ) ;
#5523 = AXIS2_PLACEMENT_3D ( 'NONE', #6402, #1954, #10036 ) ;
#5524 = CIRCLE ( 'NONE', #10948, 4.618222060490380088 ) ;
#5525 = CARTESIAN_POINT ( 'NONE',  ( -3.834103569847338466, 5.068049409357006319, 2.407412430484044816E-32 ) ) ;
#5526 = ORIENTED_EDGE ( 'NONE', *, *, #349, .T. ) ;
#5527 = DIRECTION ( 'NONE',  ( 0.000000000000000000, 0.000000000000000000, 1.000000000000000000 ) ) ;
#5528 = ORIENTED_EDGE ( 'NONE', *, *, #3861, .T. ) ;
#5529 = CARTESIAN_POINT ( 'NONE',  ( 3.694065029001814882, -4.048092428725638570, -1.933779149665895509E-15 ) ) ;
#5530 = EDGE_CURVE ( 'NONE', #570, #10522, #8491, .T. ) ;
#5531 = CARTESIAN_POINT ( 'NONE',  ( 1.785469052044889482, 5.576075549824572875, -8.297247099245110806E-17 ) ) ;
#5532 = ORIENTED_EDGE ( 'NONE', *, *, #7940, .T. ) ;
#5533 = DIRECTION ( 'NONE',  ( 1.000000000000000000, 0.000000000000000000, 0.000000000000000000 ) ) ;
#5534 = VERTEX_POINT ( 'NONE', #9882 ) ;
#5535 = PLANE ( 'NONE',  #1510 ) ;
#5536 =( BOUNDED_CURVE ( )  B_SPLINE_CURVE ( 3, ( #6289, #1875, #5356, #7266 ),
 .UNSPECIFIED., .F., .F. ) 
 B_SPLINE_CURVE_WITH_KNOTS ( ( 4, 4 ),
 ( 0.000000000000000000, 1.272986069724407310 ),
 .UNSPECIFIED. ) 
 CURVE ( )  GEOMETRIC_REPRESENTATION_ITEM ( )  RATIONAL_B_SPLINE_CURVE ( ( 1.000000000000000000, 0.8694567765201486331, 0.8694567765201486331, 1.000000000000000000 ) ) 
 REPRESENTATION_ITEM ( '' )  );
#5537 = ORIENTED_EDGE ( 'NONE', *, *, #143, .T. ) ;
#5538 = DIRECTION ( 'NONE',  ( -1.436201133715639822E-16, 6.916380135000388919E-17, -1.000000000000000000 ) ) ;
#5539 = DIRECTION ( 'NONE',  ( 1.436201133715639822E-16, 6.916380135000388919E-17, -1.000000000000000000 ) ) ;
#5540 = CARTESIAN_POINT ( 'NONE',  ( 0.8107164786651840371, -5.798556463843516973, 1.027403920737714492E-17 ) ) ;
#5541 = VERTEX_POINT ( 'NONE', #844 ) ;
#5542 = DIRECTION ( 'NONE',  ( 2.759071806679814764E-16, 0.000000000000000000, 1.000000000000000000 ) ) ;
#5543 = EDGE_LOOP ( 'NONE', ( #1929, #2701, #7312, #2752, #7997, #11403, #9430, #2543 ) ) ;
#5544 = ORIENTED_EDGE ( 'NONE', *, *, #152, .F. ) ;
#5545 = DIRECTION ( 'NONE',  ( 0.6234898018587320401, -0.7818314824680310249, -2.115543345683028543E-17 ) ) ;
#5546 = EDGE_LOOP ( 'NONE', ( #7249, #7282, #5277, #4235, #8101, #363, #1786, #9250 ) ) ;
#5547 = EDGE_CURVE ( 'NONE', #8879, #3227, #6077, .T. ) ;
#5548 = LINE ( 'NONE', #5598, #9953 ) ;
#5549 = CARTESIAN_POINT ( 'NONE',  ( -0.4679647384833759971, -4.594451436628337326, -1.867438625663965765E-15 ) ) ;
#5550 = CARTESIAN_POINT ( 'NONE',  ( 4.104615282957162492, 3.273321459758343543, 0.5000000000000000000 ) ) ;
#5551 = EDGE_LOOP ( 'NONE', ( #10954, #1271, #3467, #3662, #11235, #5960, #4531, #8516 ) ) ;
#5552 = EDGE_CURVE ( 'NONE', #4624, #7314, #6946, .T. ) ;
#5553 = DIRECTION ( 'NONE',  ( 0.2225209339563114785, 0.9749279121818242855, -0.000000000000000000 ) ) ;
#5554 = EDGE_CURVE ( 'NONE', #862, #11562, #4440, .T. ) ;
#5555 = DIRECTION ( 'NONE',  ( 1.000000000000000000, 6.938893903907229955E-15, -7.970314984685926395E-17 ) ) ;
#5556 = ORIENTED_EDGE ( 'NONE', *, *, #6215, .T. ) ;
#5557 = EDGE_CURVE ( 'NONE', #10820, #9013, #11592, .T. ) ;
#5558 = CARTESIAN_POINT ( 'NONE',  ( 2.237903063308958718, 5.698273448560721377, -0.5000000000000000000 ) ) ;
#5559 = LINE ( 'NONE', #1200, #4151 ) ;
#5560 = ORIENTED_EDGE ( 'NONE', *, *, #6824, .F. ) ;
#5561 = CARTESIAN_POINT ( 'NONE',  ( -5.567464084207100150, 1.846687485750842628, 0.000000000000000000 ) ) ;
#5562 = CARTESIAN_POINT ( 'NONE',  ( 3.391824491822200471, 5.697532308577987870, -0.2500000000000000000 ) ) ;
#5563 = VERTEX_POINT ( 'NONE', #1615 ) ;
#5564 = FACE_OUTER_BOUND ( 'NONE', #186, .T. ) ;
#5565 = ORIENTED_EDGE ( 'NONE', *, *, #8345, .T. ) ;
#5566 = CARTESIAN_POINT ( 'NONE',  ( 4.714988052979748545, 1.219878944467673643, -0.5000000000000006661 ) ) ;
#5567 = B_SPLINE_CURVE_WITH_KNOTS ( 'NONE', 3,
 ( #2360, #2184, #7679, #651, #3246, #7802 ),
 .UNSPECIFIED., .F., .F.,
 ( 4, 2, 4 ),
 ( 2.439454888092384977E-19, 0.0001488170499983706323, 0.0002976340999967409936 ),
 .UNSPECIFIED. ) ;
#5568 = CARTESIAN_POINT ( 'NONE',  ( 3.985157492342970593E-17, -1.746011579516601723E-16, 0.5000000000000000000 ) ) ;
#5569 = EDGE_CURVE ( 'NONE', #1, #684, #4489, .T. ) ;
#5570 = VERTEX_POINT ( 'NONE', #18 ) ;
#5571 = PLANE ( 'NONE',  #4921 ) ;
#5572 = DIRECTION ( 'NONE',  ( 0.000000000000000000, -2.759071806679814764E-16, 1.000000000000000000 ) ) ;
#5573 = DIRECTION ( 'NONE',  ( 0.000000000000000000, -1.000000000000000000, -1.778992974910378941E-16 ) ) ;
#5574 = EDGE_LOOP ( 'NONE', ( #5975, #5713, #2467, #3490 ) ) ;
#5575 = CARTESIAN_POINT ( 'NONE',  ( -2.031718491611766986, 5.708267257411070439, 0.5000000000000001110 ) ) ;
#5576 = ORIENTED_EDGE ( 'NONE', *, *, #2389, .F. ) ;
#5577 = DIRECTION ( 'NONE',  ( -0.6234898018587374802, 0.7818314824680268060, 2.233232632184231722E-16 ) ) ;
#5578 = CIRCLE ( 'NONE', #10062, 1.744770758581195569 ) ;
#5579 = EDGE_CURVE ( 'NONE', #2202, #9182, #2738, .T. ) ;
#5580 = SPHERICAL_SURFACE ( 'NONE', #2139, 1.815000000000000169 ) ;
#5581 = ORIENTED_EDGE ( 'NONE', *, *, #5569, .F. ) ;
#5582 = SPHERICAL_SURFACE ( 'NONE', #4307, 1.815000000000000169 ) ;
#5583 = ORIENTED_EDGE ( 'NONE', *, *, #8218, .T. ) ;
#5584 = CARTESIAN_POINT ( 'NONE',  ( 0.000000000000000000, 6.157500000000000639, 0.000000000000000000 ) ) ;
#5585 = CARTESIAN_POINT ( 'NONE',  ( 0.000000000000000000, 5.250000000000000000, 0.000000000000000000 ) ) ;
#5586 = ORIENTED_EDGE ( 'NONE', *, *, #10564, .T. ) ;
#5587 = CARTESIAN_POINT ( 'NONE',  ( 8.954567602896607774E-17, -1.122867261495178503E-16, 0.5000000000000000000 ) ) ;
#5588 = CARTESIAN_POINT ( 'NONE',  ( 5.817359484334620134, 0.7518242008520343855, 0.000000000000000000 ) ) ;
#5589 = CARTESIAN_POINT ( 'NONE',  ( 2.027458664078223727, 5.504209513128945908, 0.1690706089109029475 ) ) ;
#5590 = ORIENTED_EDGE ( 'NONE', *, *, #1828, .T. ) ;
#5591 = DIRECTION ( 'NONE',  ( 1.000000000000000000, 0.000000000000000000, -0.000000000000000000 ) ) ;
#5592 = ADVANCED_FACE ( 'NONE', ( #6256 ), #7558, .F. ) ;
#5593 = VERTEX_POINT ( 'NONE', #3497 ) ;
#5594 = AXIS2_PLACEMENT_3D ( 'NONE', #4320, #7717, #1675 ) ;
#5595 = CARTESIAN_POINT ( 'NONE',  ( -7.181005668578199110E-17, -3.458190067500194460E-17, 0.5000000000000000000 ) ) ;
#5596 = VERTEX_POINT ( 'NONE', #10587 ) ;
#5597 = VECTOR ( 'NONE', #10470, 1000.000000000000000 ) ;
#5598 = CARTESIAN_POINT ( 'NONE',  ( -2.951308905495507062, 5.077236236010985060, -0.5000000000000001110 ) ) ;
#5599 = CYLINDRICAL_SURFACE ( 'NONE', #5471, 5.854956726839295023 ) ;
#5600 = ADVANCED_FACE ( 'NONE', ( #1666 ), #5251, .F. ) ;
#5601 = DIRECTION ( 'NONE',  ( 0.6234898018587431423, 0.7818314824680221431, -0.000000000000000000 ) ) ;
#5602 = ORIENTED_EDGE ( 'NONE', *, *, #4828, .T. ) ;
#5603 = EDGE_CURVE ( 'NONE', #7435, #8493, #7122, .T. ) ;
#5604 = DIRECTION ( 'NONE',  ( -0.7818314824680221431, 0.6234898018587431423, -6.916380135000388919E-17 ) ) ;
#5605 = CARTESIAN_POINT ( 'NONE',  ( 4.375126996066917684, 1.478593510159734059, 0.4999999999999994449 ) ) ;
#5606 = ORIENTED_EDGE ( 'NONE', *, *, #6696, .F. ) ;
#5607 = CARTESIAN_POINT ( 'NONE',  ( -4.333038107473832667, -3.957163553160369496, -1.000000000000001776 ) ) ;
#5608 = CARTESIAN_POINT ( 'NONE',  ( 0.000000000000000000, 0.000000000000000000, 0.000000000000000000 ) ) ;
#5609 = ORIENTED_EDGE ( 'NONE', *, *, #7892, .F. ) ;
#5610 = CARTESIAN_POINT ( 'NONE',  ( 3.300315535752631924, -3.230463181104192838, -1.616878047983631800E-15 ) ) ;
#5611 = DIRECTION ( 'NONE',  ( -0.7818314824680311359, -0.6234898018587321511, 0.000000000000000000 ) ) ;
#5612 = EDGE_LOOP ( 'NONE', ( #4023, #4004, #3741, #2420 ) ) ;
#5613 = PLANE ( 'NONE',  #9255 ) ;
#5614 = ORIENTED_EDGE ( 'NONE', *, *, #3685, .T. ) ;
#5615 = ADVANCED_FACE ( 'NONE', ( #9829 ), #9000, .F. ) ;
#5616 = CARTESIAN_POINT ( 'NONE',  ( 2.893757514501248185, 5.104951525190887018, -0.5000000000000000000 ) ) ;
#5617 = DIRECTION ( 'NONE',  ( -0.000000000000000000, 0.000000000000000000, -1.000000000000000000 ) ) ;
#5618 = CIRCLE ( 'NONE', #9752, 1.815000000000000169 ) ;
#5619 = VERTEX_POINT ( 'NONE', #1971 ) ;
#5620 = FACE_OUTER_BOUND ( 'NONE', #9857, .T. ) ;
#5621 = FACE_OUTER_BOUND ( 'NONE', #5175, .T. ) ;
#5622 = EDGE_CURVE ( 'NONE', #4284, #1639, #10944, .T. ) ;
#5623 = DIRECTION ( 'NONE',  ( -0.000000000000000000, -1.836970198721029688E-16, 1.000000000000000000 ) ) ;
#5624 = EDGE_CURVE ( 'NONE', #7613, #7903, #5497, .T. ) ;
#5625 = CARTESIAN_POINT ( 'NONE',  ( -8.954567602896634891E-17, -1.122867261495166177E-16, 0.5000000000000000000 ) ) ;
#5626 = ORIENTED_EDGE ( 'NONE', *, *, #3672, .F. ) ;
#5627 = DIRECTION ( 'NONE',  ( 0.000000000000000000, -4.778852550900294681E-16, 1.000000000000000000 ) ) ;
#5628 = EDGE_LOOP ( 'NONE', ( #5988, #5998, #685, #1091 ) ) ;
#5629 = CIRCLE ( 'NONE', #4125, 1.830752539561562919 ) ;
#5630 = EDGE_CURVE ( 'NONE', #2473, #3700, #8129, .T. ) ;
#5631 = CARTESIAN_POINT ( 'NONE',  ( -4.233624458649580369, -0.9662971557052554283, 1.571836107868756160 ) ) ;
#5632 = CARTESIAN_POINT ( 'NONE',  ( -4.087814522251060900, -4.865721676347028790, -3.611118645726067224E-32 ) ) ;
#5633 = ORIENTED_EDGE ( 'NONE', *, *, #8622, .T. ) ;
#5634 = VERTEX_POINT ( 'NONE', #9068 ) ;
#5635 = CARTESIAN_POINT ( 'NONE',  ( -3.185518394845686441, 5.452077311297379936, -1.000000000000000222 ) ) ;
#5636 = VECTOR ( 'NONE', #11046, 1000.000000000000000 ) ;
#5637 = DIRECTION ( 'NONE',  ( 0.000000000000000000, 0.000000000000000000, 1.000000000000000000 ) ) ;
#5638 = AXIS2_PLACEMENT_3D ( 'NONE', #529, #598, #2245 ) ;
#5639 = ORIENTED_EDGE ( 'NONE', *, *, #4071, .T. ) ;
#5640 = LINE ( 'NONE', #9155, #5673 ) ;
#5641 = LINE ( 'NONE', #5879, #11088 ) ;
#5642 = DIRECTION ( 'NONE',  ( 0.4338837391175526248, -0.9009688679024218105, -3.492023159033202461E-16 ) ) ;
#5643 = EDGE_LOOP ( 'NONE', ( #7983, #1982, #1648, #6415, #8871, #6396 ) ) ;
#5644 = DIRECTION ( 'NONE',  ( 0.2225209339563037070, -0.9749279121818260618, -3.227114654294984796E-16 ) ) ;
#5645 = EDGE_CURVE ( 'NONE', #7369, #5619, #5660, .T. ) ;
#5646 = VERTEX_POINT ( 'NONE', #86 ) ;
#5647 = AXIS2_PLACEMENT_3D ( 'NONE', #286, #10803, #63 ) ;
#5648 = EDGE_CURVE ( 'NONE', #5593, #8018, #813, .T. ) ;
#5649 = CARTESIAN_POINT ( 'NONE',  ( 2.277889630367151419, -4.730086556487714589, 0.000000000000000000 ) ) ;
#5650 = ORIENTED_EDGE ( 'NONE', *, *, #1795, .T. ) ;
#5651 = DIRECTION ( 'NONE',  ( 0.9009688679024218105, 0.4338837391175526248, 7.970314984685939954E-17 ) ) ;
#5652 = CARTESIAN_POINT ( 'NONE',  ( -4.799931324454229653, -4.574604580850460955, 0.09181046656276443951 ) ) ;
#5653 = AXIS2_PLACEMENT_3D ( 'NONE', #8722, #5154, #11312 ) ;
#5654 = CIRCLE ( 'NONE', #1714, 5.854956726839295023 ) ;
#5655 = CARTESIAN_POINT ( 'NONE',  ( 4.991902524670740249, -3.420279132374850040, 0.4791688938532052688 ) ) ;
#5656 = DIRECTION ( 'NONE',  ( 0.000000000000000000, 0.000000000000000000, 1.000000000000000000 ) ) ;
#5657 = AXIS2_PLACEMENT_3D ( 'NONE', #5711, #4816, #341 ) ;
#5658 = VERTEX_POINT ( 'NONE', #1018 ) ;
#5660 = B_SPLINE_CURVE_WITH_KNOTS ( 'NONE', 3,
 ( #3677, #3899, #7238, #8361 ),
 .UNSPECIFIED., .F., .F.,
 ( 4, 4 ),
 ( 2.074124155955040267E-07, 0.0005065015518762026360 ),
 .UNSPECIFIED. ) ;
#5659 = FACE_OUTER_BOUND ( 'NONE', #3092, .T. ) ;
#5661 = CIRCLE ( 'NONE', #10513, 2.043333333333333002 ) ;
#5662 = CIRCLE ( 'NONE', #585, 1.815000000000000169 ) ;
#5663 = ADVANCED_FACE ( 'NONE', ( #4613 ), #2908, .F. ) ;
#5664 = FACE_OUTER_BOUND ( 'NONE', #7039, .T. ) ;
#5665 = AXIS2_PLACEMENT_3D ( 'NONE', #2424, #10287, #3198 ) ;
#5666 = EDGE_LOOP ( 'NONE', ( #10192, #2155, #1355, #1016, #5044, #7092, #1780, #6752 ) ) ;
#5667 = CARTESIAN_POINT ( 'NONE',  ( -6.569278111570849177, 0.9005181194462900107, -1.701502775549881719 ) ) ;
#5668 = AXIS2_PLACEMENT_3D ( 'NONE', #5522, #10664, #5397 ) ;
#5669 = CARTESIAN_POINT ( 'NONE',  ( 2.027458664078223727, 5.504209513128945908, 0.000000000000000000 ) ) ;
#5670 = ORIENTED_EDGE ( 'NONE', *, *, #3028, .T. ) ;
#5671 = DIRECTION ( 'NONE',  ( 0.000000000000000000, 1.836970198721029688E-16, -1.000000000000000000 ) ) ;
#5672 = DIRECTION ( 'NONE',  ( 0.000000000000000000, 0.000000000000000000, 1.000000000000000000 ) ) ;
#5673 = VECTOR ( 'NONE', #6467, 999.9999999999998863 ) ;
#5674 = VECTOR ( 'NONE', #7042, 999.9999999999998863 ) ;
#5675 = EDGE_LOOP ( 'NONE', ( #5250, #1890, #3284, #929, #7066, #1839 ) ) ;
#5676 = DIRECTION ( 'NONE',  ( 0.000000000000000000, 0.000000000000000000, 1.000000000000000000 ) ) ;
#5677 = AXIS2_PLACEMENT_3D ( 'NONE', #10649, #4495, #6954 ) ;
#5678 = ORIENTED_EDGE ( 'NONE', *, *, #7188, .T. ) ;
#5679 = CIRCLE ( 'NONE', #6797, 5.854956726839295023 ) ;
#5680 = DIRECTION ( 'NONE',  ( -0.4338837391175649483, -0.9009688679024159264, -3.492023159033192600E-16 ) ) ;
#5681 = FACE_OUTER_BOUND ( 'NONE', #11246, .T. ) ;
#5682 = AXIS2_PLACEMENT_3D ( 'NONE', #6620, #5027, #10243 ) ;
#5683 = VECTOR ( 'NONE', #3864, 1000.000000000000114 ) ;
#5684 = ORIENTED_EDGE ( 'NONE', *, *, #10052, .F. ) ;
#5685 = EDGE_CURVE ( 'NONE', #10800, #11085, #8179, .T. ) ;
#5686 = DIRECTION ( 'NONE',  ( 0.9009688679024218105, 0.4338837391175526248, 7.970314984685939954E-17 ) ) ;
#5688 = AXIS2_PLACEMENT_3D ( 'NONE', #7740, #5045, #9673 ) ;
#5687 = DIRECTION ( 'NONE',  ( 0.9749279121818256177, 0.2225209339563054001, 2.245734522990332848E-16 ) ) ;
#5689 = FACE_OUTER_BOUND ( 'NONE', #10386, .T. ) ;
#5690 = DIRECTION ( 'NONE',  ( 1.000000000000000000, 0.000000000000000000, 0.000000000000000000 ) ) ;
#5691 = ORIENTED_EDGE ( 'NONE', *, *, #87, .T. ) ;
#5692 = LINE ( 'NONE', #3921, #5518 ) ;
#5693 = AXIS2_PLACEMENT_3D ( 'NONE', #9736, #5415, #7225 ) ;
#5694 = ORIENTED_EDGE ( 'NONE', *, *, #10628, .F. ) ;
#5695 = AXIS2_PLACEMENT_3D ( 'NONE', #4885, #11352, #420 ) ;
#5696 = AXIS2_PLACEMENT_3D ( 'NONE', #2151, #7592, #6714 ) ;
#5697 = PLANE ( 'NONE',  #2673 ) ;
#5698 = CIRCLE ( 'NONE', #4380, 1.981214554537470862 ) ;
#5699 = FACE_OUTER_BOUND ( 'NONE', #7599, .T. ) ;
#5700 = EDGE_CURVE ( 'NONE', #520, #2942, #9237, .T. ) ;
#5701 = ADVANCED_FACE ( 'NONE', ( #10001 ), #7464, .F. ) ;
#5702 = ORIENTED_EDGE ( 'NONE', *, *, #5685, .T. ) ;
#5703 = ORIENTED_EDGE ( 'NONE', *, *, #9437, .T. ) ;
#5704 = DIRECTION ( 'NONE',  ( -0.9118444439141156765, 0.4105358816266332367, 2.554989145566129958E-16 ) ) ;
#5705 = CIRCLE ( 'NONE', #4761, 1.571836107868756383 ) ;
#5706 = EDGE_CURVE ( 'NONE', #5946, #657, #10748, .T. ) ;
#5707 = CARTESIAN_POINT ( 'NONE',  ( 3.846156353572151240E-16, 3.140624999999996003, 2.500000000000003997 ) ) ;
#5708 = CIRCLE ( 'NONE', #8509, 1.830752539561562253 ) ;
#5709 = VERTEX_POINT ( 'NONE', #9118 ) ;
#5710 = CARTESIAN_POINT ( 'NONE',  ( 4.714988052979748545, 1.219878944467673643, -0.5000000000000006661 ) ) ;
#5711 = CARTESIAN_POINT ( 'NONE',  ( 0.000000000000000000, 4.342500000000001137, 0.000000000000000000 ) ) ;
#5712 = DIRECTION ( 'NONE',  ( 0.2225209339563050392, -0.9749279121818257288, -1.878129129841590735E-16 ) ) ;
#5713 = ORIENTED_EDGE ( 'NONE', *, *, #4677, .T. ) ;
#5714 = DIRECTION ( 'NONE',  ( -0.9009688679024158153, 0.4338837391175651703, 0.000000000000000000 ) ) ;
#5715 = ORIENTED_EDGE ( 'NONE', *, *, #8770, .F. ) ;
#5716 = CIRCLE ( 'NONE', #8326, 5.854956726839295023 ) ;
#5717 = FACE_OUTER_BOUND ( 'NONE', #1876, .T. ) ;
#5718 = EDGE_CURVE ( 'NONE', #8103, #10340, #430, .T. ) ;
#5719 = VERTEX_POINT ( 'NONE', #5728 ) ;
#5720 = CARTESIAN_POINT ( 'NONE',  ( -2.277889630367217144, -4.730086556487682614, 0.000000000000000000 ) ) ;
#5721 = CARTESIAN_POINT ( 'NONE',  ( 0.000000000000000000, 0.000000000000000000, 2.500000000000000000 ) ) ;
#5722 = DIRECTION ( 'NONE',  ( 0.9009688679024216995, 0.4338837391175527913, 6.214009302672810188E-17 ) ) ;
#5723 = EDGE_LOOP ( 'NONE', ( #4190, #2725, #6438, #10129, #5237, #927, #1655, #9733, #7787, #4778, #5225, #6017, #8456, #11421 ) ) ;
#5724 = DIRECTION ( 'NONE',  ( 1.000000000000000000, -1.224646799147353207E-16, -2.249639673992786412E-32 ) ) ;
#5725 = DIRECTION ( 'NONE',  ( 1.000000000000000000, 0.000000000000000000, -0.000000000000000000 ) ) ;
#5726 = EDGE_CURVE ( 'NONE', #3291, #7851, #3785, .T. ) ;
#5727 = ORIENTED_EDGE ( 'NONE', *, *, #11278, .F. ) ;
#5728 = CARTESIAN_POINT ( 'NONE',  ( -3.470882875544678559, -3.148322279462796747, 0.4999999999999986122 ) ) ;
#5729 = PLANE ( 'NONE',  #577 ) ;
#5730 = ORIENTED_EDGE ( 'NONE', *, *, #975, .F. ) ;
#5731 = PLANE ( 'NONE',  #8997 ) ;
#5732 = FACE_OUTER_BOUND ( 'NONE', #11470, .T. ) ;
#5733 = EDGE_LOOP ( 'NONE', ( #9716, #7769, #2340 ) ) ;
#5734 = CARTESIAN_POINT ( 'NONE',  ( -2.231807111763033369, 5.667990052715531135, -0.1313876030881676871 ) ) ;
#5735 = CARTESIAN_POINT ( 'NONE',  ( -3.039904091628593097, 5.278831057677258798, -0.1313876030881698520 ) ) ;
#5736 = ORIENTED_EDGE ( 'NONE', *, *, #5379, .T. ) ;
#5737 = DIRECTION ( 'NONE',  ( 0.2225209339563180289, 0.9749279121818227312, 1.864202790801842933E-16 ) ) ;
#5738 = EDGE_CURVE ( 'NONE', #8909, #6253, #244, .T. ) ;
#5739 = ORIENTED_EDGE ( 'NONE', *, *, #1330, .F. ) ;
#5740 = CARTESIAN_POINT ( 'NONE',  ( 4.104615282957162492, 3.273321459758343543, 1.814999999999999725 ) ) ;
#5741 = CYLINDRICAL_SURFACE ( 'NONE', #3273, 0.2041022026635758713 ) ;
#5742 = ORIENTED_EDGE ( 'NONE', *, *, #11231, .T. ) ;
#5743 = CARTESIAN_POINT ( 'NONE',  ( -5.118371538954584743, -1.168234903270601421, -1.179010624569924560E-15 ) ) ;
#5744 = LINE ( 'NONE', #8548, #3805 ) ;
#5745 = DIRECTION ( 'NONE',  ( 0.6234898018587320401, 0.7818314824680310249, 1.436201133715656092E-16 ) ) ;
#5746 = DATE_AND_TIME ( #9359, #2327 ) ;
#5747 = ORIENTED_EDGE ( 'NONE', *, *, #7760, .T. ) ;
#5748 = DIRECTION ( 'NONE',  ( 0.7818314824680310249, 0.6234898018587321511, -6.916380135000589832E-17 ) ) ;
#5749 = ADVANCED_FACE ( 'NONE', ( #3851 ), #3014, .T. ) ;
#5750 = ORIENTED_EDGE ( 'NONE', *, *, #10791, .T. ) ;
#5751 = CARTESIAN_POINT ( 'NONE',  ( 4.814127353296902001, 3.839138454945143053, 0.000000000000000000 ) ) ;
#5752 = ADVANCED_FACE ( 'NONE', ( #5659 ), #4785, .T. ) ;
#5753 = DIRECTION ( 'NONE',  ( 0.000000000000000000, -4.244837216908990117E-16, 1.000000000000000000 ) ) ;
#5754 = ORIENTED_EDGE ( 'NONE', *, *, #6717, .T. ) ;
#5755 = ORIENTED_EDGE ( 'NONE', *, *, #6599, .F. ) ;
#5756 = DIRECTION ( 'NONE',  ( -0.000000000000000000, -1.836970198721029688E-16, 1.000000000000000000 ) ) ;
#5757 = VERTEX_POINT ( 'NONE', #9290 ) ;
#5758 = DIRECTION ( 'NONE',  ( 1.000000000000000000, 0.000000000000000000, -0.000000000000000000 ) ) ;
#5759 = DIRECTION ( 'NONE',  ( 0.9803354277419205065, 0.1973384126673411731, 1.544445600469063778E-16 ) ) ;
#5760 = DIRECTION ( 'NONE',  ( 0.000000000000000000, -2.368866679808412882E-16, 1.000000000000000000 ) ) ;
#5761 = ORIENTED_EDGE ( 'NONE', *, *, #9941, .T. ) ;
#5762 = CARTESIAN_POINT ( 'NONE',  ( -5.838082177434480435, 0.7336274189790558120, -0.2500000000000011102 ) ) ;
#5763 = ORIENTED_EDGE ( 'NONE', *, *, #2661, .F. ) ;
#5764 = EDGE_CURVE ( 'NONE', #2709, #9292, #5515, .T. ) ;
#5765 = EDGE_CURVE ( 'NONE', #2473, #1211, #9515, .T. ) ;
#5766 = CARTESIAN_POINT ( 'NONE',  ( 4.104615282957162492, 3.273321459758343543, -3.631099570875311634E-16 ) ) ;
#5767 = EDGE_LOOP ( 'NONE', ( #2622, #1593, #11169, #8434 ) ) ;
#5768 = AXIS2_PLACEMENT_3D ( 'NONE', #7765, #5317, #6124 ) ;
#5769 = SPHERICAL_SURFACE ( 'NONE', #11093, 2.043333333333333002 ) ;
#5770 = FACE_OUTER_BOUND ( 'NONE', #11554, .T. ) ;
#5771 = ORIENTED_EDGE ( 'NONE', *, *, #2931, .F. ) ;
#5772 = CARTESIAN_POINT ( 'NONE',  ( -3.985157492343085224E-17, -1.746011579516595807E-16, 0.5000000000000000000 ) ) ;
#5773 = ADVANCED_FACE ( 'NONE', ( #8467 ), #4834, .F. ) ;
#5774 = EDGE_CURVE ( 'NONE', #505, #2569, #595, .T. ) ;
#5775 = CARTESIAN_POINT ( 'NONE',  ( 0.5549598885182890351, -5.828596554514346550, -1.069247217469519083E-13 ) ) ;
#5776 = ORIENTED_EDGE ( 'NONE', *, *, #6902, .T. ) ;
#5777 = EDGE_CURVE ( 'NONE', #7964, #4319, #2855, .T. ) ;
#5778 = CARTESIAN_POINT ( 'NONE',  ( -5.814555160701777581, 0.6866342230890113418, -0.5000000000000008882 ) ) ;
#5779 = AXIS2_PLACEMENT_3D ( 'NONE', #9534, #11416, #8547 ) ;
#5780 = CARTESIAN_POINT ( 'NONE',  ( 4.233624458649566158, -0.9662971557053120497, -0.5000000000000007772 ) ) ;
#5781 = ORIENTED_EDGE ( 'NONE', *, *, #4487, .T. ) ;
#5782 = DIRECTION ( 'NONE',  ( 0.000000000000000000, -2.368866679808411896E-16, 1.000000000000000000 ) ) ;
#5783 = CARTESIAN_POINT ( 'NONE',  ( 5.118371538954569644, -1.168234903270670699, -1.179010624569937576E-15 ) ) ;
#5784 = ORIENTED_EDGE ( 'NONE', *, *, #9985, .F. ) ;
#5785 = DIRECTION ( 'NONE',  ( 0.000000000000000000, 0.000000000000000000, 1.000000000000000000 ) ) ;
#5786 = DIRECTION ( 'NONE',  ( 0.000000000000000000, 0.000000000000000000, 1.000000000000000000 ) ) ;
#5787 = ORIENTED_EDGE ( 'NONE', *, *, #7340, .T. ) ;
#5788 = DIRECTION ( 'NONE',  ( 0.9749279121818227312, -0.2225209339563181954, -2.245734522990356021E-16 ) ) ;
#5789 = ADVANCED_FACE ( 'NONE', ( #5006, #4021 ), #11223, .F. ) ;
#5790 = ORIENTED_EDGE ( 'NONE', *, *, #10274, .T. ) ;
#5791 = DIRECTION ( 'NONE',  ( -0.000000000000000000, -1.836970198721029688E-16, 1.000000000000000000 ) ) ;
#5792 = DIRECTION ( 'NONE',  ( 0.2225209339563050392, -0.9749279121818257288, -1.851768037012963116E-16 ) ) ;
#5793 = DIRECTION ( 'NONE',  ( -0.000000000000000000, -1.836970198721029688E-16, 1.000000000000000000 ) ) ;
#5794 = ADVANCED_FACE ( 'NONE', ( #7585 ), #10403, .T. ) ;
#5795 = VERTEX_POINT ( 'NONE', #5949 ) ;
#5796 = DIRECTION ( 'NONE',  ( 0.6434186129743186822, -0.7655145253215015488, 0.000000000000000000 ) ) ;
#5797 = DIRECTION ( 'NONE',  ( -0.9009688679024187019, -0.4338837391175591751, -1.594062996937211657E-16 ) ) ;
#5798 = DIRECTION ( 'NONE',  ( -1.436201133715656092E-16, 6.916380135000592297E-17, -1.000000000000000000 ) ) ;
#5799 = PERSON_AND_ORGANIZATION ( #3279, #1198 ) ;
#5800 = ORIENTED_EDGE ( 'NONE', *, *, #7057, .F. ) ;
#5801 = DIRECTION ( 'NONE',  ( -0.7818314824680221431, 0.6234898018587432533, -6.916380135000393850E-17 ) ) ;
#5802 = VERTEX_POINT ( 'NONE', #8408 ) ;
#5803 = CARTESIAN_POINT ( 'NONE',  ( -4.583390897398778030, 0.5661297392312389931, -0.5000000000000004441 ) ) ;
#5804 = DIRECTION ( 'NONE',  ( -1.790913520579321555E-16, 2.245734522990357007E-16, -1.000000000000000000 ) ) ;
#5805 = ORIENTED_EDGE ( 'NONE', *, *, #4974, .F. ) ;
#5806 = B_SPLINE_CURVE_WITH_KNOTS ( 'NONE', 3,
 ( #6057, #10504, #9567, #10452 ),
 .UNSPECIFIED., .F., .F.,
 ( 4, 4 ),
 ( 2.074124155955973327E-07, 0.0005065015518760493298 ),
 .UNSPECIFIED. ) ;
#5807 = EDGE_CURVE ( 'NONE', #11018, #45, #9245, .T. ) ;
#5808 = ORIENTED_EDGE ( 'NONE', *, *, #3258, .F. ) ;
#5809 = CARTESIAN_POINT ( 'NONE',  ( -4.321090166594661497, -4.753382046845176845, 1.805559322863033612E-31 ) ) ;
#5810 = ORIENTED_EDGE ( 'NONE', *, *, #1181, .T. ) ;
#5811 = LINE ( 'NONE', #9374, #1730 ) ;
#5812 = FACE_OUTER_BOUND ( 'NONE', #2764, .T. ) ;
#5813 = DIRECTION ( 'NONE',  ( -1.000000000000000000, 1.543210004228967591E-14, -1.436201133715629222E-16 ) ) ;
#5814 = ORIENTED_EDGE ( 'NONE', *, *, #8402, .F. ) ;
#5815 = CARTESIAN_POINT ( 'NONE',  ( 2.277889630367151419, -4.730086556487714589, 0.000000000000000000 ) ) ;
#5816 = ORIENTED_EDGE ( 'NONE', *, *, #3996, .F. ) ;
#5817 = TOROIDAL_SURFACE ( 'NONE', #7124, 7.375803125000000016, 0.06243749999999977790 ) ;
#5818 = DIRECTION ( 'NONE',  ( 0.7818314824680216990, -0.6234898018587436974, 2.664535259100376880E-15 ) ) ;
#5819 = EDGE_LOOP ( 'NONE', ( #867, #4212, #10297, #10876, #3530, #1885 ) ) ;
#5820 = DIRECTION ( 'NONE',  ( -1.790913520579321555E-16, 2.245734522990357007E-16, -1.000000000000000000 ) ) ;
#5821 = DIRECTION ( 'NONE',  ( 0.7818314824680310249, 0.6234898018587320401, -6.916380135000592297E-17 ) ) ;
#5822 = ADVANCED_FACE ( 'NONE', ( #9337 ), #6659, .F. ) ;
#5823 = CARTESIAN_POINT ( 'NONE',  ( 4.104615282957162492, 3.273321459758343543, -0.5000000000000003331 ) ) ;
#5824 = VERTEX_POINT ( 'NONE', #5778 ) ;
#5825 = PLANE ( 'NONE',  #5118 ) ;
#5826 = AXIS2_PLACEMENT_3D ( 'NONE', #2719, #6293, #9679 ) ;
#5827 = CIRCLE ( 'NONE', #11232, 1.815000000000000169 ) ;
#5828 =( BOUNDED_CURVE ( )  B_SPLINE_CURVE ( 3, ( #8579, #10338, #11221, #5829 ),
 .UNSPECIFIED., .F., .F. ) 
 B_SPLINE_CURVE_WITH_KNOTS ( ( 4, 4 ),
 ( 5.788846648639227155, 6.283185307179586232 ),
 .UNSPECIFIED. ) 
 CURVE ( )  GEOMETRIC_REPRESENTATION_ITEM ( )  RATIONAL_B_SPLINE_CURVE ( ( 1.000000000000000000, 0.9797392387487857679, 0.9797392387487857679, 1.000000000000000000 ) ) 
 REPRESENTATION_ITEM ( '' )  );
#5829 = CARTESIAN_POINT ( 'NONE',  ( 4.488669179800687026, -4.162977229057006845, -0.2500000000000000555 ) ) ;
#5830 = VECTOR ( 'NONE', #1981, 999.9999999999998863 ) ;
#5831 = VERTEX_POINT ( 'NONE', #10341 ) ;
#5832 = VECTOR ( 'NONE', #6229, 1000.000000000000000 ) ;
#5833 = CARTESIAN_POINT ( 'NONE',  ( 3.985157492343085224E-17, 1.746011579516595807E-16, -0.5000000000000000000 ) ) ;
#5834 = DIRECTION ( 'NONE',  ( 0.000000000000000000, -1.000000000000000000, -1.778992974910378941E-16 ) ) ;
#5835 = EDGE_CURVE ( 'NONE', #3993, #4671, #10279, .T. ) ;
#5836 = ORIENTED_EDGE ( 'NONE', *, *, #5335, .T. ) ;
#5837 = ADVANCED_FACE ( 'NONE', ( #9465 ), #2244, .F. ) ;
#5838 = AXIS2_PLACEMENT_3D ( 'NONE', #10773, #9830, #6186 ) ;
#5839 = CARTESIAN_POINT ( 'NONE',  ( -2.893757514501245964, 5.104951525190888795, -1.000000000000000000 ) ) ;
#5840 = DIRECTION ( 'NONE',  ( -0.000000000000000000, -1.836970198721029688E-16, 1.000000000000000000 ) ) ;
#5841 = CC_DESIGN_DATE_AND_TIME_ASSIGNMENT ( #3283, #4916, ( #8325 ) ) ;
#5842 = ORIENTED_EDGE ( 'NONE', *, *, #8469, .T. ) ;
#5843 = FACE_OUTER_BOUND ( 'NONE', #7047, .T. ) ;
#5844 = EDGE_CURVE ( 'NONE', #4103, #7447, #6251, .T. ) ;
#5845 = CARTESIAN_POINT ( 'NONE',  ( 1.884140137117973124, -3.912457308866267969, -0.5000000000000012212 ) ) ;
#5846 = AXIS2_PLACEMENT_3D ( 'NONE', #568, #11383, #10486 ) ;
#5847 = VERTEX_POINT ( 'NONE', #4127 ) ;
#5848 = FACE_OUTER_BOUND ( 'NONE', #5416, .T. ) ;
#5849 = EDGE_LOOP ( 'NONE', ( #1150, #10618, #500, #3249, #9111, #111, #1242 ) ) ;
#5850 = CIRCLE ( 'NONE', #7891, 1.571836107868756383 ) ;
#5851 = CIRCLE ( 'NONE', #7893, 7.313365625000000314 ) ;
#5852 = FACE_OUTER_BOUND ( 'NONE', #3165, .T. ) ;
#5853 = VECTOR ( 'NONE', #983, 1000.000000000000000 ) ;
#5854 = DIRECTION ( 'NONE',  ( 0.4338837391175525693, -0.9009688679024218105, 0.000000000000000000 ) ) ;
#5855 = CARTESIAN_POINT ( 'NONE',  ( 5.029257905441474108, -3.437097488048992844, 0.4669859836141810328 ) ) ;
#5856 = EDGE_LOOP ( 'NONE', ( #1764, #3749, #10469, #6562, #8315, #390, #8775, #6398 ) ) ;
#5857 = AXIS2_PLACEMENT_3D ( 'NONE', #6690, #1455, #7617 ) ;
#5858 = AXIS2_PLACEMENT_3D ( 'NONE', #6909, #8605, #5870 ) ;
#5859 = DIRECTION ( 'NONE',  ( 0.000000000000000000, 0.000000000000000000, 1.000000000000000000 ) ) ;
#5860 = DIRECTION ( 'NONE',  ( 0.000000000000000000, -1.000000000000000000, -1.577021341797101012E-16 ) ) ;
#5861 = AXIS2_PLACEMENT_3D ( 'NONE', #9706, #10713, #10531 ) ;
#5862 = FACE_OUTER_BOUND ( 'NONE', #5628, .T. ) ;
#5863 = PERSON_AND_ORGANIZATION_ROLE ( 'classification_officer' ) ;
#5864 = EDGE_LOOP ( 'NONE', ( #10178, #4587, #2587, #7107, #10118, #6095 ) ) ;
#5865 = PLANE ( 'NONE',  #2132 ) ;
#5866 = CIRCLE ( 'NONE', #784, 3.140624999999995559 ) ;
#5867 = ORIENTED_EDGE ( 'NONE', *, *, #10562, .F. ) ;
#5868 = ADVANCED_FACE ( 'NONE', ( #11288 ), #1476, .T. ) ;
#5869 = AXIS2_PLACEMENT_3D ( 'NONE', #3693, #3809, #4631 ) ;
#5870 = DIRECTION ( 'NONE',  ( 0.000000000000000000, 1.000000000000000000, 3.283447024964802684E-16 ) ) ;
#5871 = AXIS2_PLACEMENT_3D ( 'NONE', #974, #1628, #5216 ) ;
#5872 = CARTESIAN_POINT ( 'NONE',  ( 0.000000000000000000, 0.000000000000000000, 2.500000000000000000 ) ) ;
#5873 = ORIENTED_EDGE ( 'NONE', *, *, #8043, .F. ) ;
#5874 = CIRCLE ( 'NONE', #2127, 1.830752539561562253 ) ;
#5875 = ORIENTED_EDGE ( 'NONE', *, *, #7407, .T. ) ;
#5876 = DIRECTION ( 'NONE',  ( -0.7818314824680223651, 0.6234898018587430313, 0.000000000000000000 ) ) ;
#5877 = ORIENTED_EDGE ( 'NONE', *, *, #4541, .T. ) ;
#5878 = SPHERICAL_SURFACE ( 'NONE', #10342, 1.815000000000000169 ) ;
#5879 = CARTESIAN_POINT ( 'NONE',  ( 6.003118619259574018, -1.370172650836030126, 0.000000000000000000 ) ) ;
#5880 = CIRCLE ( 'NONE', #6810, 1.815000000000000169 ) ;
#5881 = AXIS2_PLACEMENT_3D ( 'NONE', #475, #356, #9727 ) ;
#5882 = CARTESIAN_POINT ( 'NONE',  ( -5.679065524365348949, 1.766482738359451687, 0.4979345504026520541 ) ) ;
#5883 = ORIENTED_EDGE ( 'NONE', *, *, #2393, .T. ) ;
#5884 = DIRECTION ( 'NONE',  ( -7.970314984686170449E-17, -3.492023159033191614E-16, 1.000000000000000000 ) ) ;
#5885 = ORIENTED_EDGE ( 'NONE', *, *, #7304, .T. ) ;
#5886 = EDGE_CURVE ( 'NONE', #2535, #6084, #615, .T. ) ;
#5887 = AXIS2_PLACEMENT_3D ( 'NONE', #7653, #8433, #3106 ) ;
#5888 = CARTESIAN_POINT ( 'NONE',  ( -6.309435231926608267, 2.038964159748317684, -0.2500000000000008882 ) ) ;
#5889 = AXIS2_PLACEMENT_3D ( 'NONE', #10752, #8803, #6232 ) ;
#5890 = ORIENTED_EDGE ( 'NONE', *, *, #4701, .T. ) ;
#5891 = AXIS2_PLACEMENT_3D ( 'NONE', #2311, #6766, #2582 ) ;
#5892 = CARTESIAN_POINT ( 'NONE',  ( 1.709328942962086373, 5.599885073634353283, -0.5000000000000000000 ) ) ;
#5893 = ORIENTED_EDGE ( 'NONE', *, *, #11170, .F. ) ;
#5894 = VECTOR ( 'NONE', #10463, 1000.000000000000000 ) ;
#5895 = DIRECTION ( 'NONE',  ( -2.368866679808411896E-16, 0.000000000000000000, 1.000000000000000000 ) ) ;
#5896 = DIRECTION ( 'NONE',  ( -0.2225209339563182231, -0.9749279121818227312, -1.790913520579321801E-16 ) ) ;
#5897 = DIRECTION ( 'NONE',  ( -0.6234898018587319291, 0.7818314824680311359, 1.242801860534562038E-16 ) ) ;
#5898 = VERTEX_POINT ( 'NONE', #2640 ) ;
#5899 = DIRECTION ( 'NONE',  ( 1.000000000000000000, 0.000000000000000000, 0.000000000000000000 ) ) ;
#5900 = LINE ( 'NONE', #5947, #5486 ) ;
#5901 = ADVANCED_FACE ( 'NONE', ( #2879 ), #4465, .T. ) ;
#5902 = EDGE_LOOP ( 'NONE', ( #5336, #8331, #3278, #478 ) ) ;
#5903 = DIRECTION ( 'NONE',  ( 0.2225209339563050392, -0.9749279121818257288, -1.878129129841590735E-16 ) ) ;
#5904 = EDGE_CURVE ( 'NONE', #4417, #1112, #2811, .T. ) ;
#5905 = DIRECTION ( 'NONE',  ( 0.000000000000000000, -2.368866679808411896E-16, 1.000000000000000000 ) ) ;
#5906 = ORIENTED_EDGE ( 'NONE', *, *, #5942, .T. ) ;
#5907 = CYLINDRICAL_SURFACE ( 'NONE', #555, 0.2500000000000002220 ) ;
#5908 = DIRECTION ( 'NONE',  ( 0.000000000000000000, 0.000000000000000000, 1.000000000000000000 ) ) ;
#5909 = DIRECTION ( 'NONE',  ( 0.6234898018587375912, -0.7818314824680265840, -2.233232632184254402E-16 ) ) ;
#5910 = ORIENTED_EDGE ( 'NONE', *, *, #1507, .F. ) ;
#5911 = LINE ( 'NONE', #10521, #5894 ) ;
#5912 = EDGE_CURVE ( 'NONE', #1071, #4693, #9434, .T. ) ;
#5913 = EDGE_LOOP ( 'NONE', ( #4388, #8965, #7862, #7924, #5715, #2858, #7433, #17 ) ) ;
#5914 = EDGE_CURVE ( 'NONE', #1002, #5831, #8685, .T. ) ;
#5915 = EDGE_CURVE ( 'NONE', #1999, #5442, #2310, .T. ) ;
#5916 = LINE ( 'NONE', #8544, #11080 ) ;
#5917 = LINE ( 'NONE', #544, #7666 ) ;
#5918 = CARTESIAN_POINT ( 'NONE',  ( 3.039904091628594429, 5.278831057677257022, -0.1313876030881679091 ) ) ;
#5919 = EDGE_LOOP ( 'NONE', ( #2999, #3922, #11045, #229 ) ) ;
#5920 = DIRECTION ( 'NONE',  ( -0.4338837391175528468, 0.9009688679024215885, 3.492023159033201968E-16 ) ) ;
#5921 = CARTESIAN_POINT ( 'NONE',  ( 2.671639123616330824, -5.547715804109162541, -1.571836107868758159 ) ) ;
#5922 = CARTESIAN_POINT ( 'NONE',  ( 0.000000000000000000, 0.000000000000000000, 0.000000000000000000 ) ) ;
#5923 = ORIENTED_EDGE ( 'NONE', *, *, #4329, .F. ) ;
#5924 = FACE_OUTER_BOUND ( 'NONE', #8730, .T. ) ;
#5925 = ORIENTED_EDGE ( 'NONE', *, *, #5622, .T. ) ;
#5926 = EDGE_CURVE ( 'NONE', #8689, #11337, #3818, .T. ) ;
#5927 = CARTESIAN_POINT ( 'NONE',  ( 6.022505511281142532, 0.9146046076783822532, 0.4669859836141805887 ) ) ;
#5928 = CARTESIAN_POINT ( 'NONE',  ( -6.569278111570849177, 0.9005181194462896777, -0.2500000000000011102 ) ) ;
#5929 = ORIENTED_EDGE ( 'NONE', *, *, #7783, .F. ) ;
#5930 = ORIENTED_EDGE ( 'NONE', *, *, #4720, .T. ) ;
#5931 = ORIENTED_EDGE ( 'NONE', *, *, #4529, .F. ) ;
#5932 = CARTESIAN_POINT ( 'NONE',  ( 4.492530747588856954, 1.572219877753442629, -0.5000000000000005551 ) ) ;
#5933 = DIRECTION ( 'NONE',  ( 0.2225209339563030964, -0.9749279121818261729, -1.641723512482401342E-16 ) ) ;
#5934 = CARTESIAN_POINT ( 'NONE',  ( -1.571836107868675780, 5.640022120804223604, 0.000000000000000000 ) ) ;
#5935 = ORIENTED_EDGE ( 'NONE', *, *, #201, .F. ) ;
#5936 = DIRECTION ( 'NONE',  ( 1.000000000000000000, -8.489674433817979248E-16, 0.000000000000000000 ) ) ;
#5937 = ORIENTED_EDGE ( 'NONE', *, *, #1610, .T. ) ;
#5938 = EDGE_CURVE ( 'NONE', #160, #1959, #5536, .T. ) ;
#5939 = VERTEX_POINT ( 'NONE', #9968 ) ;
#5940 = CARTESIAN_POINT ( 'NONE',  ( 0.000000000000000000, 9.184850993605149917E-16, -2.500000000000000888 ) ) ;
#5941 = VERTEX_POINT ( 'NONE', #1941 ) ;
#5942 = EDGE_CURVE ( 'NONE', #8689, #4034, #65, .T. ) ;
#5943 = DIRECTION ( 'NONE',  ( -0.4338837391175528468, 0.9009688679024215885, 3.492023159033201968E-16 ) ) ;
#5944 = CARTESIAN_POINT ( 'NONE',  ( 2.415079429167933611, 3.936415418983353565, -0.5000000000000000000 ) ) ;
#5945 = CARTESIAN_POINT ( 'NONE',  ( 0.000000000000000000, 0.000000000000000000, 2.500000000000000000 ) ) ;
#5946 = VERTEX_POINT ( 'NONE', #5531 ) ;
#5947 = CARTESIAN_POINT ( 'NONE',  ( 9.797174393178825657E-16, 8.000000000000000000, 2.500000000000001332 ) ) ;
#5948 = ORIENTED_EDGE ( 'NONE', *, *, #8622, .F. ) ;
#5949 = CARTESIAN_POINT ( 'NONE',  ( 4.233624458649566158, -0.9662971557053119387, -1.830752539561563585 ) ) ;
#5950 = DIRECTION ( 'NONE',  ( -0.000000000000000000, -1.836970198721029688E-16, 1.000000000000000000 ) ) ;
#5951 = EDGE_LOOP ( 'NONE', ( #9451, #8784, #633, #6490, #442, #7535 ) ) ;
#5952 = CARTESIAN_POINT ( 'NONE',  ( -3.985157492343085224E-17, -1.746011579516595807E-16, 0.5000000000000000000 ) ) ;
#5953 = EDGE_CURVE ( 'NONE', #11566, #848, #997, .T. ) ;
#5954 = CYLINDRICAL_SURFACE ( 'NONE', #10507, 6.968749999999999112 ) ;
#5955 = DIRECTION ( 'NONE',  ( 8.659560562354768923E-17, 0.7071067811865340280, 0.7071067811865611175 ) ) ;
#5956 = CARTESIAN_POINT ( 'NONE',  ( 5.389570639310328204, 2.287585320167267788, 0.4999999999999993339 ) ) ;
#5957 = EDGE_CURVE ( 'NONE', #309, #2960, #4008, .T. ) ;
#5958 = ORIENTED_EDGE ( 'NONE', *, *, #6188, .F. ) ;
#5959 = CARTESIAN_POINT ( 'NONE',  ( -2.216811497683305543, 5.593495018807036701, -0.5000000000000000000 ) ) ;
#5960 = ORIENTED_EDGE ( 'NONE', *, *, #8374, .T. ) ;
#5961 = DIRECTION ( 'NONE',  ( -0.6234898018587311519, 0.7818314824680316910, 0.000000000000000000 ) ) ;
#5962 = DIRECTION ( 'NONE',  ( 0.000000000000000000, 0.000000000000000000, 1.000000000000000000 ) ) ;
#5963 = CARTESIAN_POINT ( 'NONE',  ( 5.536652604613546025, 1.904204875791138507, 0.4999999999999993339 ) ) ;
#5964 = ORIENTED_EDGE ( 'NONE', *, *, #6545, .T. ) ;
#5965 = DIRECTION ( 'NONE',  ( -0.6234898018587431423, -0.7818314824680221431, -1.481414429610370493E-16 ) ) ;
#5966 = DIRECTION ( 'NONE',  ( -0.2225209339563255506, 0.9749279121818210658, 9.938820221107127683E-17 ) ) ;
#5967 = CARTESIAN_POINT ( 'NONE',  ( 2.277889630367151419, -4.730086556487714589, -1.833312158492431403E-15 ) ) ;
#5968 = EDGE_CURVE ( 'NONE', #66, #5502, #6220, .T. ) ;
#5969 = DATE_AND_TIME ( #3214, #2521 ) ;
#5970 = ORIENTED_EDGE ( 'NONE', *, *, #2903, .T. ) ;
#5971 = DIRECTION ( 'NONE',  ( 0.000000000000000000, -1.000000000000000000, -1.836970198721029688E-16 ) ) ;
#5972 = VERTEX_POINT ( 'NONE', #4518 ) ;
#5973 = DIRECTION ( 'NONE',  ( 1.000000000000000000, 0.000000000000000000, 0.000000000000000000 ) ) ;
#5974 = CYLINDRICAL_SURFACE ( 'NONE', #1190, 3.531249999999996891 ) ;
#5975 = ORIENTED_EDGE ( 'NONE', *, *, #4299, .T. ) ;
#5976 = EDGE_CURVE ( 'NONE', #11452, #11320, #8975, .T. ) ;
#5977 = EDGE_LOOP ( 'NONE', ( #2826, #6911, #11002, #954, #10217, #167 ) ) ;
#5978 = EDGE_CURVE ( 'NONE', #5795, #2681, #3829, .T. ) ;
#5979 = CARTESIAN_POINT ( 'NONE',  ( 4.488669179800687026, -4.162977229057006845, -0.2500000000000017208 ) ) ;
#5980 = DIRECTION ( 'NONE',  ( -0.4338837391175652258, -0.9009688679024155933, -3.492023159033192107E-16 ) ) ;
#5981 = CARTESIAN_POINT ( 'NONE',  ( -3.059779840274896578, 5.302478452986589375, -0.2500000000000000000 ) ) ;
#5982 = EDGE_CURVE ( 'NONE', #524, #147, #10681, .T. ) ;
#5983 = CARTESIAN_POINT ( 'NONE',  ( -4.940813756373726662, -3.141476993070116297, 0.4999999999999985012 ) ) ;
#5984 = EDGE_LOOP ( 'NONE', ( #10064, #73, #1644, #1871, #6243, #5771 ) ) ;
#5985 = DIRECTION ( 'NONE',  ( 0.2225209339563252176, -0.9749279121818211769, -9.938820221107359411E-17 ) ) ;
#5986 = VERTEX_POINT ( 'NONE', #3580 ) ;
#5987 = CARTESIAN_POINT ( 'NONE',  ( -2.671639123616407652, -5.547715804109126125, 1.830752539561559811 ) ) ;
#5988 = ORIENTED_EDGE ( 'NONE', *, *, #6372, .F. ) ;
#5989 = CARTESIAN_POINT ( 'NONE',  ( 0.000000000000000000, 8.725608443924893111E-16, -2.250000000000001776 ) ) ;
#5990 = ORIENTED_EDGE ( 'NONE', *, *, #3579, .F. ) ;
#5991 = CIRCLE ( 'NONE', #3750, 1.981214554537471750 ) ;
#5992 = CARTESIAN_POINT ( 'NONE',  ( -5.805951662544220682, 0.7559388635073158724, -1.069247214884579669E-13 ) ) ;
#5993 = EDGE_CURVE ( 'NONE', #11401, #2030, #2713, .T. ) ;
#5994 = DIRECTION ( 'NONE',  ( 0.000000000000000000, 0.000000000000000000, 1.000000000000000000 ) ) ;
#5995 = DIRECTION ( 'NONE',  ( -1.790913520579321801E-16, 2.245734522990357007E-16, -1.000000000000000000 ) ) ;
#5996 = ORIENTED_EDGE ( 'NONE', *, *, #773, .F. ) ;
#5997 = DIRECTION ( 'NONE',  ( -0.000000000000000000, -1.836970198721029688E-16, 1.000000000000000000 ) ) ;
#5998 = ORIENTED_EDGE ( 'NONE', *, *, #8760, .T. ) ;
#5999 = AXIS2_PLACEMENT_3D ( 'NONE', #11226, #9402, #3362 ) ;
#6000 = EDGE_CURVE ( 'NONE', #1134, #7030, #5708, .T. ) ;
#6001 = CARTESIAN_POINT ( 'NONE',  ( 0.000000000000000000, 0.000000000000000000, -0.5000000000000000000 ) ) ;
#6002 = VERTEX_POINT ( 'NONE', #992 ) ;
#6003 = DIRECTION ( 'NONE',  ( 0.9009688679024158153, -0.4338837391175651703, -7.970314984686171682E-17 ) ) ;
#6004 = DIRECTION ( 'NONE',  ( 0.6234898018587431423, 0.7818314824680221431, -0.000000000000000000 ) ) ;
#6005 = CARTESIAN_POINT ( 'NONE',  ( -3.246329667988637979, 4.872562155570544284, 0.1700533594733291132 ) ) ;
#6006 = AXIS2_PLACEMENT_3D ( 'NONE', #9643, #1606, #5373 ) ;
#6007 = LINE ( 'NONE', #5845, #6221 ) ;
#6008 = DIRECTION ( 'NONE',  ( -0.000000000000000000, -1.836970198721029688E-16, 1.000000000000000000 ) ) ;
#6009 = VERTEX_POINT ( 'NONE', #8157 ) ;
#6010 = ADVANCED_FACE ( 'NONE', ( #114 ), #3703, .T. ) ;
#6011 = DIRECTION ( 'NONE',  ( 0.6234898018587320401, -0.7818314824680310249, -1.436201133715656092E-16 ) ) ;
#6012 = AXIS2_PLACEMENT_3D ( 'NONE', #4292, #10499, #5122 ) ;
#6013 = CARTESIAN_POINT ( 'NONE',  ( 5.620881357013671753, 1.685246390786032666, -1.000000000000000888 ) ) ;
#6014 = LINE ( 'NONE', #9593, #3565 ) ;
#6015 = AXIS2_PLACEMENT_3D ( 'NONE', #7580, #2537, #8873 ) ;
#6016 = CARTESIAN_POINT ( 'NONE',  ( -6.569278111570849177, 0.9005181194462897887, -0.6893398282201801397 ) ) ;
#6017 = ORIENTED_EDGE ( 'NONE', *, *, #5052, .T. ) ;
#6018 = DIRECTION ( 'NONE',  ( -1.436201133715656092E-16, 6.916380135000592297E-17, -1.000000000000000000 ) ) ;
#6019 = PLANE ( 'NONE',  #6250 ) ;
#6020 = CARTESIAN_POINT ( 'NONE',  ( -1.571836107868756383, 6.157500000000000639, 0.000000000000000000 ) ) ;
#6021 = AXIS2_PLACEMENT_3D ( 'NONE', #8829, #10825, #26 ) ;
#6022 = TOROIDAL_SURFACE ( 'NONE', #4536, 5.249999999999999112, 1.814999999999999947 ) ;
#6023 = ORIENTED_EDGE ( 'NONE', *, *, #6280, .F. ) ;
#6024 = CARTESIAN_POINT ( 'NONE',  ( 2.671639123616330824, -5.547715804109164317, 1.830752539561560033 ) ) ;
#6025 = ORIENTED_EDGE ( 'NONE', *, *, #4784, .F. ) ;
#6026 = CIRCLE ( 'NONE', #9583, 3.140624999999995559 ) ;
#6027 = CARTESIAN_POINT ( 'NONE',  ( 5.869952593764778292, 0.8579812488816981331, 0.4987512509457354137 ) ) ;
#6028 = CARTESIAN_POINT ( 'NONE',  ( 4.583390897398785135, 0.5661297392311771537, 0.4999999999999993339 ) ) ;
#6029 = AXIS2_PLACEMENT_3D ( 'NONE', #9, #8762, #1842 ) ;
#6030 = EDGE_CURVE ( 'NONE', #8365, #8303, #9871, .T. ) ;
#6031 = VERTEX_POINT ( 'NONE', #8334 ) ;
#6032 = CIRCLE ( 'NONE', #3224, 1.571836107868756383 ) ;
#6033 = AXIS2_PLACEMENT_3D ( 'NONE', #4731, #5671, #265 ) ;
#6034 = ORIENTED_EDGE ( 'NONE', *, *, #5488, .T. ) ;
#6035 = VERTEX_POINT ( 'NONE', #5632 ) ;
#6037 = CIRCLE ( 'NONE', #777, 2.749999999999993783 ) ;
#6036 = DIRECTION ( 'NONE',  ( 0.000000000000000000, 0.000000000000000000, 1.000000000000000000 ) ) ;
#6038 = DIRECTION ( 'NONE',  ( 1.000000000000000000, 0.000000000000000000, 0.000000000000000000 ) ) ;
#6039 = DIRECTION ( 'NONE',  ( 0.000000000000000000, -4.737733359616825765E-16, 1.000000000000000000 ) ) ;
#6040 = VERTEX_POINT ( 'NONE', #1158 ) ;
#6041 = CARTESIAN_POINT ( 'NONE',  ( -0.3922299760605590380, -5.854956726839297687, -0.5000000000000021094 ) ) ;
#6042 = AXIS2_PLACEMENT_3D ( 'NONE', #4815, #11027, #230 ) ;
#6043 = ORIENTED_EDGE ( 'NONE', *, *, #9864, .F. ) ;
#6044 = AXIS2_PLACEMENT_3D ( 'NONE', #3108, #7386, #6559 ) ;
#6045 = EDGE_CURVE ( 'NONE', #3345, #6668, #823, .T. ) ;
#6046 = DIRECTION ( 'NONE',  ( 0.9009688679024187019, -0.4338837391175589531, 0.000000000000000000 ) ) ;
#6047 = EDGE_CURVE ( 'NONE', #6806, #8759, #5524, .T. ) ;
#6048 = AXIS2_PLACEMENT_3D ( 'NONE', #9917, #9159, #71 ) ;
#6049 = EDGE_CURVE ( 'NONE', #915, #7095, #630, .T. ) ;
#6050 = ORIENTED_EDGE ( 'NONE', *, *, #8706, .T. ) ;
#6051 = CARTESIAN_POINT ( 'NONE',  ( -5.148848552145754098, -2.787449884792063237, 0.4999999999999986122 ) ) ;
#6052 = ORIENTED_EDGE ( 'NONE', *, *, #3459, .T. ) ;
#6053 = LINE ( 'NONE', #826, #10123 ) ;
#6054 = ORIENTED_EDGE ( 'NONE', *, *, #8534, .T. ) ;
#6055 = DIRECTION ( 'NONE',  ( 0.4338837391175593972, 0.9009688679024184799, 0.000000000000000000 ) ) ;
#6056 = CARTESIAN_POINT ( 'NONE',  ( 3.985157492342970593E-17, -1.746011579516601723E-16, 0.5000000000000000000 ) ) ;
#6057 = CARTESIAN_POINT ( 'NONE',  ( 5.443915612728972064, 2.155064053490393317, -0.5000000000000006661 ) ) ;
#6058 = ORIENTED_EDGE ( 'NONE', *, *, #4658, .T. ) ;
#6059 = CARTESIAN_POINT ( 'NONE',  ( -5.038967452947967551, -2.981497154332332311, 1.027403961127392839E-17 ) ) ;
#6060 = AXIS2_PLACEMENT_3D ( 'NONE', #10667, #3521, #9618 ) ;
#6061 = ORIENTED_EDGE ( 'NONE', *, *, #5835, .F. ) ;
#6062 = AXIS2_PLACEMENT_3D ( 'NONE', #4781, #3079, #4829 ) ;
#6063 = AXIS2_PLACEMENT_3D ( 'NONE', #1366, #7520, #11112 ) ;
#6064 = EDGE_CURVE ( 'NONE', #11194, #4629, #2705, .T. ) ;
#6065 = VECTOR ( 'NONE', #8000, 1000.000000000000000 ) ;
#6066 = VECTOR ( 'NONE', #10111, 1000.000000000000000 ) ;
#6067 = DIRECTION ( 'NONE',  ( -1.436201133715656092E-16, 6.916380135000592297E-17, -1.000000000000000000 ) ) ;
#6068 = ORIENTED_EDGE ( 'NONE', *, *, #11156, .F. ) ;
#6069 = CARTESIAN_POINT ( 'NONE',  ( 3.391824491822200471, 5.697532308577987870, 0.09181046656276667384 ) ) ;
#6070 = CARTESIAN_POINT ( 'NONE',  ( 0.000000000000000000, 8.673617379884035472E-16, -8.673617379884035472E-16 ) ) ;
#6071 = CARTESIAN_POINT ( 'NONE',  ( 2.237903063308958718, 5.698273448560721377, -0.2083800311308726116 ) ) ;
#6072 = CIRCLE ( 'NONE', #2515, 2.554917478527520380 ) ;
#6073 = CIRCLE ( 'NONE', #7567, 0.1875000000000001665 ) ;
#6074 = LINE ( 'NONE', #2375, #6963 ) ;
#6075 = ADVANCED_FACE ( 'NONE', ( #10200 ), #11146, .T. ) ;
#6076 = CARTESIAN_POINT ( 'NONE',  ( -2.237903063308955609, 5.698273448560723153, -0.2500000000000000000 ) ) ;
#6077 = B_SPLINE_CURVE_WITH_KNOTS ( 'NONE', 3,
 ( #11410, #7067, #5380, #6130 ),
 .UNSPECIFIED., .F., .F.,
 ( 4, 4 ),
 ( 0.0005065015518764689161, 0.001011135659924609345 ),
 .UNSPECIFIED. ) ;
#6078 = VERTEX_POINT ( 'NONE', #9147 ) ;
#6079 =( GEOMETRIC_REPRESENTATION_CONTEXT ( 3 ) GLOBAL_UNCERTAINTY_ASSIGNED_CONTEXT ( ( #8422 ) ) GLOBAL_UNIT_ASSIGNED_CONTEXT ( ( #6857, #2339, #1443 ) ) REPRESENTATION_CONTEXT ( 'NONE', 'WORKASPACE' ) );
#6080 = CARTESIAN_POINT ( 'NONE',  ( -4.583390897398778030, 0.5661297392312392152, 0.4999999999999993339 ) ) ;
#6081 = FACE_OUTER_BOUND ( 'NONE', #2145, .T. ) ;
#6082 = CARTESIAN_POINT ( 'NONE',  ( 3.395103212617425203, 2.707504464571544478, -3.003438073624007870E-16 ) ) ;
#6083 = CARTESIAN_POINT ( 'NONE',  ( -5.079122790470043114, -2.912564154227082813, 0.4999999999999986122 ) ) ;
#6084 = VERTEX_POINT ( 'NONE', #3925 ) ;
#6085 = CARTESIAN_POINT ( 'NONE',  ( 5.389570639310328204, 2.287585320167267788, 0.000000000000000000 ) ) ;
#6086 = CARTESIAN_POINT ( 'NONE',  ( 4.233624458649566158, -0.9662971557053121607, -9.752102166085628058E-16 ) ) ;
#6087 = EDGE_CURVE ( 'NONE', #11390, #334, #333, .T. ) ;
#6088 = CYLINDRICAL_SURFACE ( 'NONE', #4571, 4.618222060490380088 ) ;
#6089 = DIRECTION ( 'NONE',  ( -0.9009688679024218105, -0.4338837391175526248, -1.841765843617818375E-16 ) ) ;
#6090 = ORIENTED_EDGE ( 'NONE', *, *, #10692, .F. ) ;
#6091 = CARTESIAN_POINT ( 'NONE',  ( 0.000000000000000000, 0.000000000000000000, 0.000000000000000000 ) ) ;
#6092 = ORIENTED_EDGE ( 'NONE', *, *, #10050, .T. ) ;
#6093 = CARTESIAN_POINT ( 'NONE',  ( -5.848381429644151197, 0.2774039050809227192, -0.5000000000000009992 ) ) ;
#6094 = CARTESIAN_POINT ( 'NONE',  ( -4.104615282957117195, 3.273321459758401719, 0.5000000000000000000 ) ) ;
#6095 = ORIENTED_EDGE ( 'NONE', *, *, #6792, .F. ) ;
#6096 = ORIENTED_EDGE ( 'NONE', *, *, #2901, .T. ) ;
#6097 = ORIENTED_EDGE ( 'NONE', *, *, #10907, .F. ) ;
#6098 = EDGE_CURVE ( 'NONE', #151, #4936, #3644, .T. ) ;
#6099 = DIRECTION ( 'NONE',  ( 0.6234898018587435864, 0.7818314824680219211, 2.872402267431296900E-16 ) ) ;
#6100 = CARTESIAN_POINT ( 'NONE',  ( 0.000000000000000000, 0.000000000000000000, 0.000000000000000000 ) ) ;
#6101 = PLANE ( 'NONE',  #4204 ) ;
#6102 = ORIENTED_EDGE ( 'NONE', *, *, #6408, .F. ) ;
#6103 = FACE_OUTER_BOUND ( 'NONE', #7105, .T. ) ;
#6104 = ORIENTED_EDGE ( 'NONE', *, *, #6273, .F. ) ;
#6105 = ADVANCED_FACE ( 'NONE', ( #8505 ), #5580, .F. ) ;
#6106 = CARTESIAN_POINT ( 'NONE',  ( 6.003118619259574018, -1.370172650836030126, 1.571836107868755050 ) ) ;
#6107 = EDGE_LOOP ( 'NONE', ( #9676, #9487, #7421, #1153 ) ) ;
#6108 = DIRECTION ( 'NONE',  ( 1.436201133715656092E-16, 6.916380135000592297E-17, -1.000000000000000000 ) ) ;
#6109 = ORIENTED_EDGE ( 'NONE', *, *, #5968, .F. ) ;
#6110 = CARTESIAN_POINT ( 'NONE',  ( -4.814127353296846934, 3.839138454945211443, 0.000000000000000000 ) ) ;
#6111 = ORIENTED_EDGE ( 'NONE', *, *, #7762, .F. ) ;
#6112 = DIRECTION ( 'NONE',  ( 7.970314984686170449E-17, 3.492023159033191614E-16, -1.000000000000000000 ) ) ;
#6113 = CARTESIAN_POINT ( 'NONE',  ( -2.060536269002450904, 5.506209728874306819, 0.000000000000000000 ) ) ;
#6114 = CARTESIAN_POINT ( 'NONE',  ( -3.039264482721293792, 5.016949511708703291, 0.000000000000000000 ) ) ;
#6115 = ORIENTED_EDGE ( 'NONE', *, *, #6684, .T. ) ;
#6116 = CARTESIAN_POINT ( 'NONE',  ( 3.429523072411345908, 4.745407228990885962, 0.000000000000000000 ) ) ;
#6117 = EDGE_CURVE ( 'NONE', #10212, #10691, #9816, .T. ) ;
#6118 = VERTEX_POINT ( 'NONE', #3822 ) ;
#6119 = FACE_OUTER_BOUND ( 'NONE', #593, .T. ) ;
#6120 = ORIENTED_EDGE ( 'NONE', *, *, #2472, .F. ) ;
#6121 = CARTESIAN_POINT ( 'NONE',  ( 6.022505511281142532, 0.9146046076783822532, 0.4669859836141805887 ) ) ;
#6122 = FACE_OUTER_BOUND ( 'NONE', #2124, .T. ) ;
#6123 = EDGE_CURVE ( 'NONE', #3891, #4570, #7372, .T. ) ;
#6124 = DIRECTION ( 'NONE',  ( 0.9749279121818257288, 0.2225209339563050670, 0.000000000000000000 ) ) ;
#6125 = EDGE_CURVE ( 'NONE', #5986, #5442, #8437, .T. ) ;
#6126 = CARTESIAN_POINT ( 'NONE',  ( 0.4561072009510480085, -6.104956726839293246, -0.2083800311308728337 ) ) ;
#6127 = ADVANCED_FACE ( 'NONE', ( #5699 ), #8384, .T. ) ;
#6128 = CARTESIAN_POINT ( 'NONE',  ( 4.822140887588034275, -3.343848065856592999, -1.000000000000001554 ) ) ;
#6129 = ORIENTED_EDGE ( 'NONE', *, *, #965, .T. ) ;
#6130 = CARTESIAN_POINT ( 'NONE',  ( -1.709328942962086151, 5.599885073634353283, -0.4999999999999998890 ) ) ;
#6131 = CLOSED_SHELL ( 'NONE', ( #3815, #6672, #7130, #9278, #6850, #2601, #3648, #6185, #3174, #6650, #1017, #1161, #1967, #6606, #150, #5789, #7965, #2179, #6934, #1892, #10235, #7978, #11355, #8347, #2691, #7557, #2854, #304 ) ) ;
#6132 = DIRECTION ( 'NONE',  ( 1.790913520579326978E-16, 2.245734522990332355E-16, -1.000000000000000000 ) ) ;
#6133 = DIRECTION ( 'NONE',  ( 2.759071806679814764E-16, 0.000000000000000000, 1.000000000000000000 ) ) ;
#6134 = DIRECTION ( 'NONE',  ( 1.000000000000000000, 6.605826996519682993E-15, -7.970314984685939954E-17 ) ) ;
#6135 = ORIENTED_EDGE ( 'NONE', *, *, #5569, .T. ) ;
#6136 = CARTESIAN_POINT ( 'NONE',  ( 4.577589497530961893, -3.650505809508453048, 0.000000000000000000 ) ) ;
#6137 = DIRECTION ( 'NONE',  ( 1.790913520579321555E-16, -2.245734522990357007E-16, 1.000000000000000000 ) ) ;
#6138 = CARTESIAN_POINT ( 'NONE',  ( 1.884140137117972680, -3.912457308866267969, -1.516411056810168482E-15 ) ) ;
#6139 = EDGE_CURVE ( 'NONE', #7878, #2512, #4809, .T. ) ;
#6140 = LINE ( 'NONE', #1677, #3240 ) ;
#6141 = EDGE_LOOP ( 'NONE', ( #1377, #9342, #3611 ) ) ;
#6142 = VECTOR ( 'NONE', #3917, 1000.000000000000000 ) ;
#6143 = DIRECTION ( 'NONE',  ( -1.436201133715656092E-16, 6.916380135000592297E-17, -1.000000000000000000 ) ) ;
#6144 = ORIENTED_EDGE ( 'NONE', *, *, #3694, .F. ) ;
#6145 = DIRECTION ( 'NONE',  ( 0.000000000000000000, -1.000000000000000000, 0.000000000000000000 ) ) ;
#6146 = EDGE_CURVE ( 'NONE', #3688, #5709, #8439, .T. ) ;
#6147 = CARTESIAN_POINT ( 'NONE',  ( 1.709328942962086373, 5.599885073634353283, 0.5000000000000008882 ) ) ;
#6148 = EDGE_LOOP ( 'NONE', ( #5240, #2398, #1685, #11591, #10080, #2981, #5639, #9639 ) ) ;
#6149 = CIRCLE ( 'NONE', #3721, 5.854956726839295023 ) ;
#6150 = ORIENTED_EDGE ( 'NONE', *, *, #8230, .F. ) ;
#6151 = DIRECTION ( 'NONE',  ( -0.9009688679024159264, -0.4338837391175647817, 0.000000000000000000 ) ) ;
#6152 = CARTESIAN_POINT ( 'NONE',  ( 7.181005668578199110E-17, 3.458190067500194460E-17, -0.5000000000000000000 ) ) ;
#6153 = DIRECTION ( 'NONE',  ( -0.6234898018587320401, 0.7818314824680309139, 1.481414429610370493E-16 ) ) ;
#6154 = DIRECTION ( 'NONE',  ( 1.000000000000000000, 0.000000000000000000, 0.000000000000000000 ) ) ;
#6155 = ORIENTED_EDGE ( 'NONE', *, *, #8924, .T. ) ;
#6156 = CARTESIAN_POINT ( 'NONE',  ( -0.5549598885185729191, -5.828596554514316352, 2.037447206410815917E-16 ) ) ;
#6157 = ORIENTED_EDGE ( 'NONE', *, *, #7907, .F. ) ;
#6158 = EDGE_CURVE ( 'NONE', #10744, #607, #7660, .T. ) ;
#6159 = CARTESIAN_POINT ( 'NONE',  ( 1.884140137117972902, -3.912457308866268857, 1.571836107868754828 ) ) ;
#6160 = EDGE_LOOP ( 'NONE', ( #562, #11272, #6061, #1335 ) ) ;
#6161 = FACE_OUTER_BOUND ( 'NONE', #4124, .T. ) ;
#6162 = ORIENTED_EDGE ( 'NONE', *, *, #5335, .F. ) ;
#6163 = DIRECTION ( 'NONE',  ( 0.000000000000000000, 0.000000000000000000, 1.000000000000000000 ) ) ;
#6164 = ORIENTED_EDGE ( 'NONE', *, *, #7713, .F. ) ;
#6165 = CARTESIAN_POINT ( 'NONE',  ( -5.998096800045687793, 0.9152334486688583626, -0.08749532262521451942 ) ) ;
#6166 = DIRECTION ( 'NONE',  ( -1.790913520579326978E-16, -2.245734522990332355E-16, 1.000000000000000000 ) ) ;
#6167 = CARTESIAN_POINT ( 'NONE',  ( -3.088483592491719332, 4.974111716886760348, 0.4999999999999998890 ) ) ;
#6168 = VERTEX_POINT ( 'NONE', #2518 ) ;
#6169 = CARTESIAN_POINT ( 'NONE',  ( 3.028934849370199078, 5.010595967690014696, -0.1680762712353554011 ) ) ;
#6170 = EDGE_LOOP ( 'NONE', ( #3446, #2533, #7276, #10197 ) ) ;
#6171 = ORIENTED_EDGE ( 'NONE', *, *, #10822, .T. ) ;
#6172 = AXIS2_PLACEMENT_3D ( 'NONE', #5989, #3940, #4872 ) ;
#6173 = DIRECTION ( 'NONE',  ( 0.6234898018587263779, 0.7818314824680355768, 6.391696352470597550E-17 ) ) ;
#6174 = ORIENTED_EDGE ( 'NONE', *, *, #4549, .F. ) ;
#6175 = EDGE_CURVE ( 'NONE', #1912, #3024, #4334, .T. ) ;
#6176 = CYLINDRICAL_SURFACE ( 'NONE', #11433, 6.968749999999999112 ) ;
#6177 = DIRECTION ( 'NONE',  ( 0.9749279121818227312, -0.2225209339563181954, -2.245734522990356021E-16 ) ) ;
#6178 = CARTESIAN_POINT ( 'NONE',  ( -3.312417284811250084, 4.827878416493561531, 0.5000000000000007772 ) ) ;
#6179 = CARTESIAN_POINT ( 'NONE',  ( -2.060536269002450904, 5.506209728874306819, 0.5000000000000001110 ) ) ;
#6180 = AXIS2_PLACEMENT_3D ( 'NONE', #310, #10176, #4838 ) ;
#6181 = DIRECTION ( 'NONE',  ( -0.7818314824680308028, -0.6234898018587322621, 0.000000000000000000 ) ) ;
#6182 = ORIENTED_EDGE ( 'NONE', *, *, #8130, .T. ) ;
#6183 = EDGE_CURVE ( 'NONE', #6040, #5941, #9051, .T. ) ;
#6184 = DIRECTION ( 'NONE',  ( 0.000000000000000000, -2.122418608454495059E-16, 1.000000000000000000 ) ) ;
#6185 = ADVANCED_FACE ( 'NONE', ( #10308 ), #6967, .F. ) ;
#6186 = DIRECTION ( 'NONE',  ( 0.2225209339563180289, 0.9749279121818227312, 1.864202790801842933E-16 ) ) ;
#6187 = CIRCLE ( 'NONE', #7863, 1.981214554537471306 ) ;
#6188 = EDGE_CURVE ( 'NONE', #4629, #9299, #9438, .T. ) ;
#6189 = AXIS2_PLACEMENT_3D ( 'NONE', #8886, #5545, #4607 ) ;
#6190 = DIRECTION ( 'NONE',  ( 0.9009688679024158153, -0.4338837391175651703, -6.214009302672810188E-17 ) ) ;
#6191 = DIRECTION ( 'NONE',  ( 0.000000000000000000, 1.000000000000000000, 1.836970198721029934E-16 ) ) ;
#6192 = ORIENTED_EDGE ( 'NONE', *, *, #2948, .T. ) ;
#6193 = DIRECTION ( 'NONE',  ( 0.000000000000000000, -2.389426275450147340E-16, 1.000000000000000000 ) ) ;
#6194 = FACE_BOUND ( 'NONE', #8346, .T. ) ;
#6195 = CARTESIAN_POINT ( 'NONE',  ( 8.954567602896607774E-17, 1.122867261495178503E-16, -0.5000000000000000000 ) ) ;
#6196 = ORIENTED_EDGE ( 'NONE', *, *, #2156, .F. ) ;
#6197 = CARTESIAN_POINT ( 'NONE',  ( -0.4561072009509675174, -6.104956726839298575, -0.2500000000000001110 ) ) ;
#6198 = EDGE_LOOP ( 'NONE', ( #4455, #4361, #2417, #1053 ) ) ;
#6199 = CIRCLE ( 'NONE', #2079, 3.531249999999995559 ) ;
#6200 = AXIS2_PLACEMENT_3D ( 'NONE', #11343, #7509, #9562 ) ;
#6201 = DIRECTION ( 'NONE',  ( -1.184433339904205948E-16, -4.737733359616823793E-16, 1.000000000000000000 ) ) ;
#6202 = AXIS2_PLACEMENT_3D ( 'NONE', #8995, #947, #3004 ) ;
#6203 = EDGE_CURVE ( 'NONE', #6237, #9378, #8882, .T. ) ;
#6204 = CARTESIAN_POINT ( 'NONE',  ( -6.024226878513132100, 1.892449462591753173, -1.000000000000001110 ) ) ;
#6205 = ORIENTED_EDGE ( 'NONE', *, *, #10067, .F. ) ;
#6206 = ORIENTED_EDGE ( 'NONE', *, *, #4056, .F. ) ;
#6207 = CIRCLE ( 'NONE', #2090, 4.618222060490380088 ) ;
#6208 = VECTOR ( 'NONE', #8060, 1000.000000000000114 ) ;
#6209 = CARTESIAN_POINT ( 'NONE',  ( -5.839845736122977193, 0.4203808409609057772, -0.5000000000000009992 ) ) ;
#6210 = DIRECTION ( 'NONE',  ( 0.9009688679024157043, -0.4338837391175651703, -7.407072148051852464E-17 ) ) ;
#6211 = CARTESIAN_POINT ( 'NONE',  ( 0.000000000000000000, -6.241953123358066370E-31, 2.500000000000003553 ) ) ;
#6212 = CARTESIAN_POINT ( 'NONE',  ( 3.846156353572151240E-16, 3.140624999999996003, 2.500000000000000444 ) ) ;
#6213 = ORIENTED_EDGE ( 'NONE', *, *, #2102, .T. ) ;
#6214 = CARTESIAN_POINT ( 'NONE',  ( -5.118371538954584743, -1.168234903270601421, 0.000000000000000000 ) ) ;
#6215 = EDGE_CURVE ( 'NONE', #8785, #4693, #4583, .T. ) ;
#6216 = AXIS2_PLACEMENT_3D ( 'NONE', #9103, #1048, #1102 ) ;
#6217 = ORIENTED_EDGE ( 'NONE', *, *, #3496, .T. ) ;
#6218 = AXIS2_PLACEMENT_3D ( 'NONE', #4304, #8944, #9876 ) ;
#6219 = DIRECTION ( 'NONE',  ( -0.000000000000000000, -0.000000000000000000, -1.000000000000000000 ) ) ;
#6220 = LINE ( 'NONE', #7317, #8309 ) ;
#6221 = VECTOR ( 'NONE', #715, 1000.000000000000000 ) ;
#6222 = EDGE_LOOP ( 'NONE', ( #10156, #8166, #6628 ) ) ;
#6223 = AXIS2_PLACEMENT_3D ( 'NONE', #10196, #10244, #6678 ) ;
#6224 = FACE_OUTER_BOUND ( 'NONE', #8580, .T. ) ;
#6225 = ORIENTED_EDGE ( 'NONE', *, *, #9490, .T. ) ;
#6226 = CARTESIAN_POINT ( 'NONE',  ( 0.000000000000000000, 2.687500000000000888, -2.172334957055048754 ) ) ;
#6227 = ORIENTED_EDGE ( 'NONE', *, *, #8621, .F. ) ;
#6228 = DIRECTION ( 'NONE',  ( -0.7818314824680272501, -0.6234898018587369251, 0.000000000000000000 ) ) ;
#6229 = DIRECTION ( 'NONE',  ( -1.000000000000000000, -6.938893903907229955E-15, 7.970314984685926395E-17 ) ) ;
#6230 = VECTOR ( 'NONE', #5538, 1000.000000000000000 ) ;
#6231 = AXIS2_PLACEMENT_3D ( 'NONE', #11325, #5096, #2444 ) ;
#6232 = DIRECTION ( 'NONE',  ( -1.436201133715656092E-16, 6.916380135000592297E-17, -1.000000000000000000 ) ) ;
#6233 = ORIENTED_EDGE ( 'NONE', *, *, #5492, .F. ) ;
#6234 = DIRECTION ( 'NONE',  ( -1.436201133715656092E-16, 6.916380135000592297E-17, -1.000000000000000000 ) ) ;
#6235 = ADVANCED_FACE ( 'NONE', ( #8607 ), #5974, .T. ) ;
#6236 = AXIS2_PLACEMENT_3D ( 'NONE', #724, #4445, #9656 ) ;
#6237 = VERTEX_POINT ( 'NONE', #11328 ) ;
#6238 = VECTOR ( 'NONE', #4475, 1000.000000000000000 ) ;
#6239 = ORIENTED_EDGE ( 'NONE', *, *, #796, .T. ) ;
#6240 = AXIS2_PLACEMENT_3D ( 'NONE', #7501, #458, #1759 ) ;
#6241 = VECTOR ( 'NONE', #11236, 999.9999999999998863 ) ;
#6242 = CARTESIAN_POINT ( 'NONE',  ( 0.3922299760606355323, -5.854956726839291470, -1.000000000000002220 ) ) ;
#6243 = ORIENTED_EDGE ( 'NONE', *, *, #8452, .F. ) ;
#6244 = CARTESIAN_POINT ( 'NONE',  ( 0.8373453883323168645, -5.795012603270868645, 0.3377898998919789952 ) ) ;
#6245 = CIRCLE ( 'NONE', #3439, 0.2041022026635758713 ) ;
#6246 = FACE_OUTER_BOUND ( 'NONE', #3966, .T. ) ;
#6247 = DIRECTION ( 'NONE',  ( 0.6234898018587380353, -0.7818314824680262509, -2.233232632184251937E-16 ) ) ;
#6248 = CARTESIAN_POINT ( 'NONE',  ( 5.578239297790213769, 1.872073459281161645, 0.4999999999999993339 ) ) ;
#6249 = EDGE_CURVE ( 'NONE', #10227, #4242, #10760, .T. ) ;
#6250 = AXIS2_PLACEMENT_3D ( 'NONE', #7960, #1744, #8778 ) ;
#6251 = CIRCLE ( 'NONE', #6444, 4.618222060490380088 ) ;
#6252 = DIRECTION ( 'NONE',  ( 3.342377459625948935E-16, -1.000000000000000000, 0.000000000000000000 ) ) ;
#6253 = VERTEX_POINT ( 'NONE', #1399 ) ;
#6254 = EDGE_CURVE ( 'NONE', #5658, #6384, #6073, .T. ) ;
#6255 = VECTOR ( 'NONE', #2257, 1000.000000000000000 ) ;
#6256 = FACE_OUTER_BOUND ( 'NONE', #11582, .T. ) ;
#6257 = CARTESIAN_POINT ( 'NONE',  ( 1.255463724981668472, -6.229709931871239448, -9.629649721936179265E-32 ) ) ;
#6258 = AXIS2_PLACEMENT_3D ( 'NONE', #9044, #5642, #9273 ) ;
#6259 = AXIS2_PLACEMENT_3D ( 'NONE', #10545, #4984, #1448 ) ;
#6260 = DIRECTION ( 'NONE',  ( 0.7818314824680310249, 0.6234898018587320401, -6.916380135000592297E-17 ) ) ;
#6261 = CARTESIAN_POINT ( 'NONE',  ( -4.375126996066896368, 1.478593510159793345, 0.000000000000000000 ) ) ;
#6262 = ORIENTED_EDGE ( 'NONE', *, *, #2828, .F. ) ;
#6263 = CARTESIAN_POINT ( 'NONE',  ( 3.013546128941988922, 5.247471375368402136, 0.4791684957233324771 ) ) ;
#6264 = CARTESIAN_POINT ( 'NONE',  ( 2.277889630367151419, -4.730086556487714589, -1.833312158492431403E-15 ) ) ;
#6266 = AXIS2_PLACEMENT_3D ( 'NONE', #7816, #9698, #1553 ) ;
#6265 = CARTESIAN_POINT ( 'NONE',  ( 4.959432851631814465, -3.391834227488351061, 0.4884072837075394968 ) ) ;
#6267 = EDGE_CURVE ( 'NONE', #259, #546, #4660, .T. ) ;
#6268 = LINE ( 'NONE', #9837, #8854 ) ;
#6269 = ADVANCED_FACE ( 'NONE', ( #11250 ), #5217, .T. ) ;
#6270 = EDGE_LOOP ( 'NONE', ( #7443, #7007 ) ) ;
#6271 = CARTESIAN_POINT ( 'NONE',  ( -0.4484599904915962942, -6.075027395718191059, -0.1313876030881694079 ) ) ;
#6272 = EDGE_LOOP ( 'NONE', ( #898, #1640, #284, #10249 ) ) ;
#6273 = EDGE_CURVE ( 'NONE', #5946, #6345, #1856, .T. ) ;
#6274 = VECTOR ( 'NONE', #9135, 1000.000000000000000 ) ;
#6275 = CYLINDRICAL_SURFACE ( 'NONE', #9225, 5.854956726839295023 ) ;
#6276 = DIRECTION ( 'NONE',  ( -1.790913520579326978E-16, -2.245734522990332355E-16, 1.000000000000000000 ) ) ;
#6277 = ORIENTED_EDGE ( 'NONE', *, *, #3264, .T. ) ;
#6278 = FACE_OUTER_BOUND ( 'NONE', #2126, .T. ) ;
#6279 = CARTESIAN_POINT ( 'NONE',  ( 0.000000000000000000, -6.968749999999999112, 2.312499999999997335 ) ) ;
#6280 = EDGE_CURVE ( 'NONE', #10204, #1974, #9073, .T. ) ;
#6281 = CARTESIAN_POINT ( 'NONE',  ( -2.277889630367217144, -4.730086556487682614, -1.833312158492425881E-15 ) ) ;
#6282 = EDGE_CURVE ( 'NONE', #3097, #11085, #9408, .T. ) ;
#6283 = CARTESIAN_POINT ( 'NONE',  ( -0.8107164786652649724, -5.798556463843506315, 1.027403880348036144E-17 ) ) ;
#6284 = VERTEX_POINT ( 'NONE', #2445 ) ;
#6285 = CARTESIAN_POINT ( 'NONE',  ( 0.000000000000000000, 5.250000000000000000, 0.000000000000000000 ) ) ;
#6286 = EDGE_CURVE ( 'NONE', #6480, #4837, #7901, .T. ) ;
#6287 = VERTEX_POINT ( 'NONE', #802 ) ;
#6288 = CARTESIAN_POINT ( 'NONE',  ( 5.839845736122982522, 0.4203808409608264518, 0.4999999999999992784 ) ) ;
#6289 = CARTESIAN_POINT ( 'NONE',  ( -5.527994894309633978, -3.661641740954672208, -0.2500000000000019429 ) ) ;
#6290 = VERTEX_POINT ( 'NONE', #8192 ) ;
#6291 = DIRECTION ( 'NONE',  ( -0.000000000000000000, -0.000000000000000000, -1.000000000000000000 ) ) ;
#6292 = ORIENTED_EDGE ( 'NONE', *, *, #3971, .T. ) ;
#6293 = DIRECTION ( 'NONE',  ( 0.4338837391175526248, -0.9009688679024218105, -3.492023159033202461E-16 ) ) ;
#6294 = VERTEX_POINT ( 'NONE', #3512 ) ;
#6295 = CARTESIAN_POINT ( 'NONE',  ( 3.395103212617425203, 2.707504464571544478, -3.003438073624007870E-16 ) ) ;
#6296 = DIRECTION ( 'NONE',  ( -0.7818314824680316910, -0.6234898018587311519, 0.000000000000000000 ) ) ;
#6297 = DIRECTION ( 'NONE',  ( 0.000000000000000000, -1.000000000000000000, -1.697435915793827252E-16 ) ) ;
#6298 = ORIENTED_EDGE ( 'NONE', *, *, #9623, .T. ) ;
#6299 = DIRECTION ( 'NONE',  ( 0.000000000000000000, 0.000000000000000000, 1.000000000000000000 ) ) ;
#6300 = EDGE_CURVE ( 'NONE', #728, #6009, #4206, .T. ) ;
#6301 = ORIENTED_EDGE ( 'NONE', *, *, #3414, .T. ) ;
#6302 = ORIENTED_EDGE ( 'NONE', *, *, #6747, .F. ) ;
#6303 = ADVANCED_FACE ( 'NONE', ( #3458 ), #5273, .F. ) ;
#6304 = CARTESIAN_POINT ( 'NONE',  ( 0.4679647384833097168, -4.594451436628344432, 0.000000000000000000 ) ) ;
#6305 = ORIENTED_EDGE ( 'NONE', *, *, #1092, .F. ) ;
#6306 = DIRECTION ( 'NONE',  ( 1.790913520579321555E-16, -2.245734522990357007E-16, 1.000000000000000000 ) ) ;
#6307 = DIRECTION ( 'NONE',  ( 0.000000000000000000, 1.836970198721029688E-16, -1.000000000000000000 ) ) ;
#6308 = CYLINDRICAL_SURFACE ( 'NONE', #4333, 5.854956726839295023 ) ;
#6309 = CARTESIAN_POINT ( 'NONE',  ( 3.300315535752635476, -3.230463181104189285, 0.000000000000000000 ) ) ;
#6310 = CARTESIAN_POINT ( 'NONE',  ( -5.118371538954584743, -1.168234903270601421, -1.179010624569924560E-15 ) ) ;
#6311 = EDGE_LOOP ( 'NONE', ( #6102, #1978, #9093, #6776 ) ) ;
#6312 = DIRECTION ( 'NONE',  ( 0.000000000000000000, -1.000000000000000000, -1.836970198721029688E-16 ) ) ;
#6313 = ADVANCED_FACE ( 'NONE', ( #7081 ), #10725, .F. ) ;
#6314 = DIRECTION ( 'NONE',  ( -0.7818314824680221431, 0.6234898018587431423, -6.916380135000388919E-17 ) ) ;
#6315 = CARTESIAN_POINT ( 'NONE',  ( 6.309435231926579846, 2.038964159748405169, -0.2500000000000011102 ) ) ;
#6316 = DIRECTION ( 'NONE',  ( 1.436201133715639822E-16, 6.916380135000388919E-17, -1.000000000000000000 ) ) ;
#6317 = ORIENTED_EDGE ( 'NONE', *, *, #6203, .T. ) ;
#6318 = CARTESIAN_POINT ( 'NONE',  ( -5.551712366371218899, 1.860417219210361184, 0.3369669046199020301 ) ) ;
#6319 = DIRECTION ( 'NONE',  ( -1.790913520579321801E-16, 2.245734522990357007E-16, -1.000000000000000000 ) ) ;
#6320 = ORIENTED_EDGE ( 'NONE', *, *, #6117, .T. ) ;
#6321 = DIRECTION ( 'NONE',  ( 0.000000000000000000, 0.000000000000000000, 1.000000000000000000 ) ) ;
#6322 = EDGE_LOOP ( 'NONE', ( #8609, #10599, #6544, #8780 ) ) ;
#6323 = CARTESIAN_POINT ( 'NONE',  ( 3.883858019900346736, -2.498724050641801586, 0.4999999999999987232 ) ) ;
#6324 = DIRECTION ( 'NONE',  ( -0.6234898018587434754, -0.7818314824680218100, -2.872402267431296407E-16 ) ) ;
#6325 = ORIENTED_EDGE ( 'NONE', *, *, #6249, .T. ) ;
#6326 = EDGE_CURVE ( 'NONE', #4917, #3048, #7012, .T. ) ;
#6327 = FACE_OUTER_BOUND ( 'NONE', #9455, .T. ) ;
#6328 = CARTESIAN_POINT ( 'NONE',  ( 5.850399315317974747, 1.803152313773490389, -0.2500000000000000555 ) ) ;
#6329 = DIRECTION ( 'NONE',  ( 0.000000000000000000, 0.000000000000000000, 1.000000000000000000 ) ) ;
#6330 = SPHERICAL_SURFACE ( 'NONE', #7576, 1.815000000000000169 ) ;
#6331 = EDGE_LOOP ( 'NONE', ( #4280, #6970, #6217, #4833 ) ) ;
#6332 = DIRECTION ( 'NONE',  ( 0.000000000000000000, -1.000000000000000000, -1.380874408737758741E-16 ) ) ;
#6333 = ORIENTED_EDGE ( 'NONE', *, *, #6908, .F. ) ;
#6334 = CARTESIAN_POINT ( 'NONE',  ( 0.5319512073773760008, -6.401791813822353738, 0.3666893729391466072 ) ) ;
#6335 = CIRCLE ( 'NONE', #11584, 1.815000000000000169 ) ;
#6336 = CARTESIAN_POINT ( 'NONE',  ( -2.277889630367217144, -4.730086556487682614, 0.000000000000000000 ) ) ;
#6337 = ADVANCED_FACE ( 'NONE', ( #10835 ), #2626, .F. ) ;
#6338 = EDGE_CURVE ( 'NONE', #1046, #2408, #4952, .T. ) ;
#6339 = EDGE_LOOP ( 'NONE', ( #8901, #6370, #1715, #9952 ) ) ;
#6340 = CARTESIAN_POINT ( 'NONE',  ( 0.000000000000000000, 8.673617379884035472E-16, -1.089635132033648291E-15 ) ) ;
#6341 = ORIENTED_EDGE ( 'NONE', *, *, #3311, .T. ) ;
#6342 = CARTESIAN_POINT ( 'NONE',  ( -4.583390897398778030, 0.5661297392312393262, 0.000000000000000000 ) ) ;
#6343 = EDGE_CURVE ( 'NONE', #9453, #5519, #4317, .T. ) ;
#6344 =( BOUNDED_CURVE ( )  B_SPLINE_CURVE ( 3, ( #2070, #8052, #5652, #4610 ),
 .UNSPECIFIED., .F., .F. ) 
 B_SPLINE_CURVE_WITH_KNOTS ( ( 4, 4 ),
 ( 1.868606583865388027, 3.141592653589793116 ),
 .UNSPECIFIED. ) 
 CURVE ( )  GEOMETRIC_REPRESENTATION_ITEM ( )  RATIONAL_B_SPLINE_CURVE ( ( 1.000000000000000000, 0.8694567765201490772, 0.8694567765201490772, 1.000000000000000000 ) ) 
 REPRESENTATION_ITEM ( '' )  );
#6345 = VERTEX_POINT ( 'NONE', #6147 ) ;
#6346 = DIRECTION ( 'NONE',  ( -0.9009688679024159264, 0.4338837391175649483, 7.970314984686160588E-17 ) ) ;
#6347 = DIRECTION ( 'NONE',  ( 0.000000000000000000, 0.000000000000000000, 1.000000000000000000 ) ) ;
#6348 = DIRECTION ( 'NONE',  ( -1.436201133715639822E-16, -6.916380135000388919E-17, 1.000000000000000000 ) ) ;
#6349 = ORIENTED_EDGE ( 'NONE', *, *, #2800, .T. ) ;
#6350 = CARTESIAN_POINT ( 'NONE',  ( 0.000000000000000000, -7.750000000000002665, -2.500000000000003997 ) ) ;
#6351 = ORIENTED_EDGE ( 'NONE', *, *, #10130, .F. ) ;
#6352 = VERTEX_POINT ( 'NONE', #1755 ) ;
#6353 = DIRECTION ( 'NONE',  ( -1.436201133715639822E-16, -6.916380135000388919E-17, 1.000000000000000000 ) ) ;
#6354 = ADVANCED_FACE ( 'NONE', ( #5342 ), #1031, .T. ) ;
#6355 = VERTEX_POINT ( 'NONE', #9843 ) ;
#6356 = DIRECTION ( 'NONE',  ( -1.000000000000000000, 0.000000000000000000, -0.000000000000000000 ) ) ;
#6357 = DIRECTION ( 'NONE',  ( -1.000000000000000000, 0.000000000000000000, 0.000000000000000000 ) ) ;
#6358 = DIRECTION ( 'NONE',  ( -0.2225209339563050948, 0.9749279121818258398, 2.069205142716396713E-16 ) ) ;
#6359 = EDGE_CURVE ( 'NONE', #8984, #1219, #9443, .T. ) ;
#6360 = VERTEX_POINT ( 'NONE', #1924 ) ;
#6361 = DIRECTION ( 'NONE',  ( 0.9749279121818227312, -0.2225209339563178623, -2.245734522990356021E-16 ) ) ;
#6362 = CARTESIAN_POINT ( 'NONE',  ( -0.4402923426777697324, -5.992492832976424211, 0.4883515143830475802 ) ) ;
#6363 = CARTESIAN_POINT ( 'NONE',  ( -4.104615282957117195, 3.273321459758401719, 0.4999999999999996669 ) ) ;
#6364 = DIRECTION ( 'NONE',  ( 0.2225209339563182231, 0.9749279121818227312, 1.790913520579321801E-16 ) ) ;
#6365 = VERTEX_POINT ( 'NONE', #5447 ) ;
#6366 = DIRECTION ( 'NONE',  ( -0.4338837391175664471, -0.9009688679024150382, 0.000000000000000000 ) ) ;
#6367 = AXIS2_PLACEMENT_3D ( 'NONE', #5466, #10240, #5533 ) ;
#6368 = LINE ( 'NONE', #4446, #8206 ) ;
#6369 = DIRECTION ( 'NONE',  ( 1.436201133715656092E-16, -6.916380135000592297E-17, 1.000000000000000000 ) ) ;
#6370 = ORIENTED_EDGE ( 'NONE', *, *, #4950, .T. ) ;
#6371 = CARTESIAN_POINT ( 'NONE',  ( 5.118371538954569644, -1.168234903270670699, -1.179010624569937576E-15 ) ) ;
#6372 = EDGE_CURVE ( 'NONE', #6843, #1684, #10374, .T. ) ;
#6373 = ORIENTED_EDGE ( 'NONE', *, *, #7377, .T. ) ;
#6374 = DIRECTION ( 'NONE',  ( 6.605826996519687726E-15, -1.000000000000000000, 0.000000000000000000 ) ) ;
#6375 = AXIS2_PLACEMENT_3D ( 'NONE', #8943, #10633, #1721 ) ;
#6376 = AXIS2_PLACEMENT_3D ( 'NONE', #2545, #4369, #5371 ) ;
#6377 = CARTESIAN_POINT ( 'NONE',  ( -6.003118619259592670, -1.370172650835948858, 1.571836107868755050 ) ) ;
#6378 = ORIENTED_EDGE ( 'NONE', *, *, #7006, .T. ) ;
#6379 = PLANE ( 'NONE',  #2203 ) ;
#6380 = DIRECTION ( 'NONE',  ( -0.8894955886004741741, 0.4569437578743098527, 0.000000000000000000 ) ) ;
#6381 = DIRECTION ( 'NONE',  ( 0.000000000000000000, 0.000000000000000000, 1.000000000000000000 ) ) ;
#6382 = AXIS2_PLACEMENT_3D ( 'NONE', #8620, #11340, #10445 ) ;
#6383 = AXIS2_PLACEMENT_3D ( 'NONE', #7694, #2313, #7587 ) ;
#6384 = VERTEX_POINT ( 'NONE', #4504 ) ;
#6385 = PLANE ( 'NONE',  #238 ) ;
#6386 = AXIS2_PLACEMENT_3D ( 'NONE', #906, #9079, #6437 ) ;
#6387 = EDGE_LOOP ( 'NONE', ( #4661, #8942, #3927, #3241, #9554, #1005 ) ) ;
#6388 = AXIS2_PLACEMENT_3D ( 'NONE', #6401, #6468, #3660 ) ;
#6389 = DIRECTION ( 'NONE',  ( -0.7976297721376376382, -0.6031473672326361779, 7.397707829284419829E-18 ) ) ;
#6390 = ADVANCED_FACE ( 'NONE', ( #8078 ), #41, .T. ) ;
#6391 = DIRECTION ( 'NONE',  ( 1.790913520579321555E-16, -2.245734522990357007E-16, 1.000000000000000000 ) ) ;
#6392 = CIRCLE ( 'NONE', #9014, 5.854956726839295023 ) ;
#6393 = EDGE_LOOP ( 'NONE', ( #6994, #9723, #9504, #10490 ) ) ;
#6394 = CIRCLE ( 'NONE', #5838, 1.744770758581195569 ) ;
#6395 = CARTESIAN_POINT ( 'NONE',  ( -5.118371538954584743, -1.168234903270601421, -1.179010624569924560E-15 ) ) ;
#6396 = ORIENTED_EDGE ( 'NONE', *, *, #887, .T. ) ;
#6397 = DIRECTION ( 'NONE',  ( 1.000000000000000000, -1.687322793721323627E-14, 0.000000000000000000 ) ) ;
#6398 = ORIENTED_EDGE ( 'NONE', *, *, #8076, .F. ) ;
#6400 = VECTOR ( 'NONE', #4408, 1000.000000000000227 ) ;
#6399 = PLANE ( 'NONE',  #409 ) ;
#6401 = CARTESIAN_POINT ( 'NONE',  ( -6.003118619259592670, -1.370172650835948414, -1.382811032531297162E-15 ) ) ;
#6402 = CARTESIAN_POINT ( 'NONE',  ( 0.000000000000000000, 0.000000000000000000, 0.000000000000000000 ) ) ;
#6403 = ORIENTED_EDGE ( 'NONE', *, *, #2429, .F. ) ;
#6404 = FACE_OUTER_BOUND ( 'NONE', #10985, .T. ) ;
#6405 = EDGE_CURVE ( 'NONE', #684, #4444, #5326, .T. ) ;
#6406 = PRODUCT ( '6153K113_Corrosion-Resistant 440C Stainless Steel Ball Bearing', '6153K113_Corrosion-Resistant 440C Stainless Steel Ball Bearing', '', ( #3043 ) ) ;
#6407 = ORIENTED_EDGE ( 'NONE', *, *, #8682, .T. ) ;
#6408 = EDGE_CURVE ( 'NONE', #4759, #8766, #4574, .T. ) ;
#6409 = CIRCLE ( 'NONE', #1326, 1.744770758581195569 ) ;
#6410 = CIRCLE ( 'NONE', #5290, 2.554917478527519936 ) ;
#6411 = ORIENTED_EDGE ( 'NONE', *, *, #3264, .F. ) ;
#6412 = ADVANCED_FACE ( 'NONE', ( #9951 ), #5517, .T. ) ;
#6413 = AXIS2_PLACEMENT_3D ( 'NONE', #9769, #7076, #7133 ) ;
#6414 = LINE ( 'NONE', #4651, #2442 ) ;
#6415 = ORIENTED_EDGE ( 'NONE', *, *, #2557, .F. ) ;
#6416 = AXIS2_PLACEMENT_3D ( 'NONE', #7050, #3588, #4294 ) ;
#6417 = CIRCLE ( 'NONE', #1349, 7.750000000000003553 ) ;
#6418 = CARTESIAN_POINT ( 'NONE',  ( 2.339742150879215998, 6.204188460871739252, -0.2500000000000000000 ) ) ;
#6419 = VECTOR ( 'NONE', #4563, 1000.000000000000114 ) ;
#6420 = CARTESIAN_POINT ( 'NONE',  ( 4.104615282957162492, 3.273321459758343543, -3.631099570875311634E-16 ) ) ;
#6421 = MANIFOLD_SOLID_BREP ( 'Split1[2]', #3138 ) ;
#6422 = AXIS2_PLACEMENT_3D ( 'NONE', #588, #4016, #6654 ) ;
#6423 = FACE_OUTER_BOUND ( 'NONE', #2808, .T. ) ;
#6424 = EDGE_CURVE ( 'NONE', #3974, #1945, #8424, .T. ) ;
#6425 = ORIENTED_EDGE ( 'NONE', *, *, #11117, .F. ) ;
#6426 = CIRCLE ( 'NONE', #5869, 1.571836107868756383 ) ;
#6427 = AXIS2_PLACEMENT_3D ( 'NONE', #161, #9365, #2050 ) ;
#6428 = DIRECTION ( 'NONE',  ( 1.436201133715639822E-16, 6.916380135000388919E-17, -1.000000000000000000 ) ) ;
#6429 = AXIS2_PLACEMENT_3D ( 'NONE', #1026, #6369, #7245 ) ;
#6430 = CARTESIAN_POINT ( 'NONE',  ( 5.850399315317974747, 1.803152313773490389, -0.2500000000000000555 ) ) ;
#6431 = ORIENTED_EDGE ( 'NONE', *, *, #8662, .F. ) ;
#6432 = CARTESIAN_POINT ( 'NONE',  ( -4.233624458649579481, -0.9662971557052548732, -9.752102166085519590E-16 ) ) ;
#6433 = CARTESIAN_POINT ( 'NONE',  ( 6.352885058008793884, 0.1622542441004593827, 0.000000000000000000 ) ) ;
#6434 = ORIENTED_EDGE ( 'NONE', *, *, #1085, .F. ) ;
#6435 = CYLINDRICAL_SURFACE ( 'NONE', #2110, 4.618222060490380088 ) ;
#6436 = VECTOR ( 'NONE', #11038, 1000.000000000000000 ) ;
#6437 = DIRECTION ( 'NONE',  ( 0.000000000000000000, 0.000000000000000000, 1.000000000000000000 ) ) ;
#6438 = ORIENTED_EDGE ( 'NONE', *, *, #9545, .T. ) ;
#6439 = CARTESIAN_POINT ( 'NONE',  ( -4.233624458649579481, -0.9662971557052548732, -9.752102166085519590E-16 ) ) ;
#6440 = AXIS2_PLACEMENT_3D ( 'NONE', #3297, #4344, #8688 ) ;
#6441 = ORIENTED_EDGE ( 'NONE', *, *, #7818, .F. ) ;
#6442 = AXIS2_PLACEMENT_3D ( 'NONE', #10145, #2061, #5712 ) ;
#6443 = CARTESIAN_POINT ( 'NONE',  ( 4.493163257561806567, 1.330580719839159043, 0.4999999999999994449 ) ) ;
#6444 = AXIS2_PLACEMENT_3D ( 'NONE', #5833, #8582, #528 ) ;
#6445 = CARTESIAN_POINT ( 'NONE',  ( 4.714988052979748545, 1.219878944467673643, -1.000000000000000666 ) ) ;
#6446 = EDGE_CURVE ( 'NONE', #6981, #1999, #375, .T. ) ;
#6447 = AXIS2_PLACEMENT_3D ( 'NONE', #8908, #10832, #5788 ) ;
#6448 = ORIENTED_EDGE ( 'NONE', *, *, #6064, .T. ) ;
#6449 = DIRECTION ( 'NONE',  ( 0.000000000000000000, 1.000000000000000000, 1.626303258728256651E-16 ) ) ;
#6450 = CARTESIAN_POINT ( 'NONE',  ( 3.834103569847410853, 5.068049409356953028, 0.000000000000000000 ) ) ;
#6451 = DIRECTION ( 'NONE',  ( -1.000000000000000000, 0.000000000000000000, 0.000000000000000000 ) ) ;
#6452 = CIRCLE ( 'NONE', #821, 3.140624999999996003 ) ;
#6453 = AXIS2_PLACEMENT_3D ( 'NONE', #6377, #8911, #6276 ) ;
#6454 = DIRECTION ( 'NONE',  ( 0.000000000000000000, 0.000000000000000000, 1.000000000000000000 ) ) ;
#6455 = ORIENTED_EDGE ( 'NONE', *, *, #4451, .F. ) ;
#6456 = DIRECTION ( 'NONE',  ( 0.7818314824680310249, 0.6234898018587320401, -6.916380135000592297E-17 ) ) ;
#6457 = ORIENTED_EDGE ( 'NONE', *, *, #11125, .T. ) ;
#6458 = CARTESIAN_POINT ( 'NONE',  ( 0.000000000000000000, 0.000000000000000000, 0.000000000000000000 ) ) ;
#6459 = CARTESIAN_POINT ( 'NONE',  ( -1.884140137118027081, -3.912457308866240879, -1.516411056810163749E-15 ) ) ;
#6460 = LOCAL_TIME ( 16, 18, 16.00000000000000000, #10245 ) ;
#6461 = VERTEX_POINT ( 'NONE', #6445 ) ;
#6462 = ADVANCED_FACE ( 'NONE', ( #7541 ), #10893, .T. ) ;
#6463 = FACE_OUTER_BOUND ( 'NONE', #6107, .T. ) ;
#6464 = ORIENTED_EDGE ( 'NONE', *, *, #1910, .F. ) ;
#6465 = CARTESIAN_POINT ( 'NONE',  ( 0.000000000000000000, 5.250000000000000000, 0.5000000000000000000 ) ) ;
#6466 = ORIENTED_EDGE ( 'NONE', *, *, #4286, .F. ) ;
#6467 = DIRECTION ( 'NONE',  ( 0.9009688679024185909, 0.4338837391175591751, -0.000000000000000000 ) ) ;
#6468 = DIRECTION ( 'NONE',  ( -0.9749279121818257288, -0.2225209339563050392, -2.245734522990332355E-16 ) ) ;
#6469 = EDGE_CURVE ( 'NONE', #3974, #10661, #5716, .T. ) ;
#6470 = DIRECTION ( 'NONE',  ( 0.000000000000000000, -2.389426275450147340E-16, 1.000000000000000000 ) ) ;
#6471 = VERTEX_POINT ( 'NONE', #9188 ) ;
#6472 = PLANE ( 'NONE',  #4364 ) ;
#6473 = EDGE_LOOP ( 'NONE', ( #11339, #11526, #10301, #5030 ) ) ;
#6474 = FACE_OUTER_BOUND ( 'NONE', #392, .T. ) ;
#6475 = ORIENTED_EDGE ( 'NONE', *, *, #3923, .F. ) ;
#6476 = PLANE ( 'NONE',  #207 ) ;
#6477 = CARTESIAN_POINT ( 'NONE',  ( -5.589651465188762103, 1.822073486975133827, 0.4999999999999994449 ) ) ;
#6478 = ADVANCED_FACE ( 'NONE', ( #5681 ), #1986, .F. ) ;
#6479 = FACE_OUTER_BOUND ( 'NONE', #6550, .T. ) ;
#6480 = VERTEX_POINT ( 'NONE', #10959 ) ;
#6481 = DIRECTION ( 'NONE',  ( -1.000000000000000000, 9.942414884276494329E-16, 0.000000000000000000 ) ) ;
#6482 = ORIENTED_EDGE ( 'NONE', *, *, #7481, .F. ) ;
#6483 = CARTESIAN_POINT ( 'NONE',  ( 0.000000000000000000, 0.000000000000000000, 0.000000000000000000 ) ) ;
#6484 = CARTESIAN_POINT ( 'NONE',  ( 3.395103212617426092, 2.707504464571544922, 0.5000000000000000000 ) ) ;
#6485 = EDGE_CURVE ( 'NONE', #11579, #11205, #11332, .T. ) ;
#6486 = VERTEX_POINT ( 'NONE', #272 ) ;
#6487 = EDGE_CURVE ( 'NONE', #10413, #2761, #6832, .T. ) ;
#6488 = LINE ( 'NONE', #7416, #5254 ) ;
#6489 = DIRECTION ( 'NONE',  ( 1.000000000000000000, 0.000000000000000000, -0.000000000000000000 ) ) ;
#6490 = ORIENTED_EDGE ( 'NONE', *, *, #3335, .T. ) ;
#6491 = DIRECTION ( 'NONE',  ( 2.368866679808411896E-16, 0.000000000000000000, 1.000000000000000000 ) ) ;
#6492 = EDGE_CURVE ( 'NONE', #4129, #2728, #7427, .T. ) ;
#6493 = DIRECTION ( 'NONE',  ( 0.000000000000000000, -1.836970198721029688E-16, 1.000000000000000000 ) ) ;
#6494 = ORIENTED_EDGE ( 'NONE', *, *, #8809, .F. ) ;
#6495 = DIRECTION ( 'NONE',  ( -0.9749279121818256177, -0.2225209339563054556, -2.245734522990333834E-16 ) ) ;
#6496 = EDGE_LOOP ( 'NONE', ( #1632, #5925, #5836, #10804, #3874, #3790, #8519, #1259, #10855, #5060, #7399, #2314, #3113, #11094 ) ) ;
#6497 = LINE ( 'NONE', #4798, #7352 ) ;
#6498 = CARTESIAN_POINT ( 'NONE',  ( -5.148848552145754098, -2.787449884792063237, 0.4999999999999986122 ) ) ;
#6499 = EDGE_CURVE ( 'NONE', #7851, #4840, #3059, .T. ) ;
#6500 = ORIENTED_EDGE ( 'NONE', *, *, #870, .T. ) ;
#6501 = CARTESIAN_POINT ( 'NONE',  ( -4.729790980946550150, 0.5327148755112891543, 0.4999999999999992784 ) ) ;
#6502 = DIRECTION ( 'NONE',  ( -7.438494264988550399E-15, 1.000000000000000000, 3.492023159033197530E-16 ) ) ;
#6503 = CYLINDRICAL_SURFACE ( 'NONE', #3230, 4.618222060490380088 ) ;
#6504 = CARTESIAN_POINT ( 'NONE',  ( 0.4561072009510477865, -6.104956726839291470, -0.2500000000000001110 ) ) ;
#6505 = VERTEX_POINT ( 'NONE', #2974 ) ;
#6506 = FACE_OUTER_BOUND ( 'NONE', #3117, .T. ) ;
#6507 = ORIENTED_EDGE ( 'NONE', *, *, #6282, .T. ) ;
#6508 = EDGE_CURVE ( 'NONE', #3259, #1269, #1081, .T. ) ;
#6509 = CARTESIAN_POINT ( 'NONE',  ( 2.415079429167933611, 3.936415418983353565, 0.000000000000000000 ) ) ;
#6510 = DIRECTION ( 'NONE',  ( -7.970314984686170449E-17, -3.492023159033191614E-16, 1.000000000000000000 ) ) ;
#6511 = EDGE_LOOP ( 'NONE', ( #10630, #9158, #9897, #9439 ) ) ;
#6512 = B_SPLINE_CURVE_WITH_KNOTS ( 'NONE', 3,
 ( #6585, #10990, #6529, #6265, #5655, #2186 ),
 .UNSPECIFIED., .F., .F.,
 ( 4, 2, 4 ),
 ( 0.000000000000000000, 0.0001264732032663980915, 0.0002529464065327961830 ),
 .UNSPECIFIED. ) ;
#6513 = DIRECTION ( 'NONE',  ( 0.6234898018587431423, 0.7818314824680221431, 0.000000000000000000 ) ) ;
#6514 = ORIENTED_EDGE ( 'NONE', *, *, #4605, .T. ) ;
#6515 = CARTESIAN_POINT ( 'NONE',  ( 4.455307573728783055, -4.118858309379046290, -0.08748657323257127971 ) ) ;
#6516 = EDGE_LOOP ( 'NONE', ( #6092, #2759, #2258, #5094 ) ) ;
#6517 = CARTESIAN_POINT ( 'NONE',  ( 0.000000000000000000, 5.250000000000000000, 0.000000000000000000 ) ) ;
#6518 = DIRECTION ( 'NONE',  ( -0.4338837391175584535, 0.9009688679024190350, 0.000000000000000000 ) ) ;
#6519 = CARTESIAN_POINT ( 'NONE',  ( 2.006838826326700076, 5.500477617566294164, 0.3372078223964915522 ) ) ;
#6520 = ORIENTED_EDGE ( 'NONE', *, *, #3753, .T. ) ;
#6521 = LINE ( 'NONE', #1106, #11490 ) ;
#6522 = ORIENTED_EDGE ( 'NONE', *, *, #3800, .T. ) ;
#6523 = AXIS2_PLACEMENT_3D ( 'NONE', #10662, #10730, #4457 ) ;
#6524 = ADVANCED_FACE ( 'NONE', ( #10117 ), #5741, .F. ) ;
#6525 = DIRECTION ( 'NONE',  ( -1.000000000000000000, 0.000000000000000000, 0.000000000000000000 ) ) ;
#6526 = ORIENTED_EDGE ( 'NONE', *, *, #8878, .F. ) ;
#6527 = DIRECTION ( 'NONE',  ( -0.7818314824680308028, -0.6234898018587322621, 6.916380135000587367E-17 ) ) ;
#6528 = SPHERICAL_SURFACE ( 'NONE', #465, 1.815000000000000169 ) ;
#6529 = CARTESIAN_POINT ( 'NONE',  ( 4.916195918896774764, -3.319430861743928318, 0.4987889447408301868 ) ) ;
#6530 = FACE_OUTER_BOUND ( 'NONE', #8962, .T. ) ;
#6531 = EDGE_LOOP ( 'NONE', ( #5051, #7061, #451 ) ) ;
#6532 = CARTESIAN_POINT ( 'NONE',  ( 0.000000000000000000, 5.250000000000000000, 0.000000000000000000 ) ) ;
#6533 = EDGE_CURVE ( 'NONE', #3020, #9493, #10616, .T. ) ;
#6534 = FACE_OUTER_BOUND ( 'NONE', #2003, .T. ) ;
#6535 = ORIENTED_EDGE ( 'NONE', *, *, #659, .T. ) ;
#6536 = DIRECTION ( 'NONE',  ( -0.4338837391175651703, -0.9009688679024157043, -3.492023159033191614E-16 ) ) ;
#6537 = LINE ( 'NONE', #2026, #9381 ) ;
#6538 = ORIENTED_EDGE ( 'NONE', *, *, #1847, .T. ) ;
#6539 = SPHERICAL_SURFACE ( 'NONE', #7524, 1.815000000000000169 ) ;
#6540 = DIRECTION ( 'NONE',  ( 1.000000000000000000, 0.000000000000000000, 0.000000000000000000 ) ) ;
#6541 = ORIENTED_EDGE ( 'NONE', *, *, #8878, .T. ) ;
#6542 = DIRECTION ( 'NONE',  ( -1.000000000000000000, 0.000000000000000000, 0.000000000000000000 ) ) ;
#6543 = EDGE_CURVE ( 'NONE', #4629, #3024, #11062, .T. ) ;
#6544 = ORIENTED_EDGE ( 'NONE', *, *, #414, .T. ) ;
#6545 = EDGE_CURVE ( 'NONE', #3817, #3906, #2716, .T. ) ;
#6546 = CARTESIAN_POINT ( 'NONE',  ( -3.300315535752680329, -3.230463181104143988, 0.4999999999999986122 ) ) ;
#6547 = EDGE_CURVE ( 'NONE', #1912, #7016, #1772, .T. ) ;
#6548 = CARTESIAN_POINT ( 'NONE',  ( 5.029257905441474108, -3.437097488048992844, 0.4669859836141810328 ) ) ;
#6549 = AXIS2_PLACEMENT_3D ( 'NONE', #4942, #11271, #1464 ) ;
#6550 = EDGE_LOOP ( 'NONE', ( #10722, #4251, #85 ) ) ;
#6551 = DIRECTION ( 'NONE',  ( -7.970314984685944884E-17, 3.492023159033203447E-16, -1.000000000000000000 ) ) ;
#6552 = FACE_OUTER_BOUND ( 'NONE', #11115, .T. ) ;
#6553 = PLANE ( 'NONE',  #8474 ) ;
#6554 = DIRECTION ( 'NONE',  ( 0.2225209339563050392, -0.9749279121818257288, -1.878129129841590735E-16 ) ) ;
#6555 = ORIENTED_EDGE ( 'NONE', *, *, #5391, .T. ) ;
#6556 = DIRECTION ( 'NONE',  ( 1.790913520579326978E-16, -2.245734522990332355E-16, 1.000000000000000000 ) ) ;
#6557 = ORIENTED_EDGE ( 'NONE', *, *, #8427, .F. ) ;
#6558 = ADVANCED_FACE ( 'NONE', ( #7822 ), #11237, .F. ) ;
#6559 = DIRECTION ( 'NONE',  ( -0.9749279121818242855, 0.2225209339563115618, 0.000000000000000000 ) ) ;
#6560 = CARTESIAN_POINT ( 'NONE',  ( 4.799931324454289161, -4.574604580850396118, -0.2500000000000023870 ) ) ;
#6561 = VERTEX_POINT ( 'NONE', #10420 ) ;
#6562 = ORIENTED_EDGE ( 'NONE', *, *, #11075, .T. ) ;
#6563 = FACE_OUTER_BOUND ( 'NONE', #2347, .T. ) ;
#6564 = AXIS2_PLACEMENT_3D ( 'NONE', #7812, #6887, #10282 ) ;
#6565 = CARTESIAN_POINT ( 'NONE',  ( 0.000000000000000000, 8.840419081344957312E-16, -2.312500000000001776 ) ) ;
#6566 = CIRCLE ( 'NONE', #1306, 5.854956726839295023 ) ;
#6568 = EDGE_CURVE ( 'NONE', #9448, #6, #10381, .T. ) ;
#6567 = ORIENTED_EDGE ( 'NONE', *, *, #4774, .F. ) ;
#6569 = DIRECTION ( 'NONE',  ( 1.184433339904205948E-16, -4.737733359616823793E-16, 1.000000000000000000 ) ) ;
#6570 = FACE_BOUND ( 'NONE', #11445, .T. ) ;
#6571 = DIRECTION ( 'NONE',  ( 1.000000000000000000, 0.000000000000000000, 0.000000000000000000 ) ) ;
#6572 = VERTEX_POINT ( 'NONE', #670 ) ;
#6573 = DIRECTION ( 'NONE',  ( 0.2225209339563252453, -0.9749279121818211769, -9.938820221107125218E-17 ) ) ;
#6574 = ORIENTED_EDGE ( 'NONE', *, *, #5184, .F. ) ;
#6575 = CIRCLE ( 'NONE', #5826, 1.571836107868756383 ) ;
#6576 = VECTOR ( 'NONE', #8696, 1000.000000000000114 ) ;
#6577 = AXIS2_PLACEMENT_3D ( 'NONE', #470, #8458, #3129 ) ;
#6578 = CARTESIAN_POINT ( 'NONE',  ( -5.770174909184008882, 1.766482738362906701, -0.05558580119861881996 ) ) ;
#6579 = VERTEX_POINT ( 'NONE', #9420 ) ;
#6580 = EDGE_CURVE ( 'NONE', #2363, #4379, #10325, .T. ) ;
#6581 = CARTESIAN_POINT ( 'NONE',  ( 0.8896469117636505164, -5.786972148330256971, -0.5000000000000021094 ) ) ;
#6582 = CARTESIAN_POINT ( 'NONE',  ( 4.814127353296902001, 3.839138454945143053, -4.258761068126614905E-16 ) ) ;
#6583 = AXIS2_PLACEMENT_3D ( 'NONE', #2248, #3364, #7590 ) ;
#6584 = AXIS2_PLACEMENT_3D ( 'NONE', #4836, #7356, #2023 ) ;
#6585 = CARTESIAN_POINT ( 'NONE',  ( 4.909645099977418603, -3.234121254141893775, 0.4999999999999983902 ) ) ;
#6586 = DIRECTION ( 'NONE',  ( -0.9009688679024218105, -0.4338837391175526248, -7.970314984685939954E-17 ) ) ;
#6587 = CIRCLE ( 'NONE', #3597, 1.830752539561562919 ) ;
#6588 = DIRECTION ( 'NONE',  ( 0.000000000000000000, -4.737733359616825765E-16, 1.000000000000000000 ) ) ;
#6589 = AXIS2_PLACEMENT_3D ( 'NONE', #3231, #10384, #5933 ) ;
#6590 = ORIENTED_EDGE ( 'NONE', *, *, #452, .F. ) ;
#6591 = DIRECTION ( 'NONE',  ( -7.970314984685941186E-17, 3.492023159033203447E-16, -1.000000000000000000 ) ) ;
#6592 = CIRCLE ( 'NONE', #3602, 7.375803125000000016 ) ;
#6593 = VECTOR ( 'NONE', #6252, 1000.000000000000000 ) ;
#6594 = AXIS2_PLACEMENT_3D ( 'NONE', #5012, #4132, #1481 ) ;
#6595 = CARTESIAN_POINT ( 'NONE',  ( 5.822922039428655161, 1.789036932132564983, -0.1313876030881700741 ) ) ;
#6596 = AXIS2_PLACEMENT_3D ( 'NONE', #905, #5385, #674 ) ;
#6597 = ORIENTED_EDGE ( 'NONE', *, *, #11629, .T. ) ;
#6598 = CARTESIAN_POINT ( 'NONE',  ( 3.088483592491718444, 4.974111716886760348, -0.5000000000000000000 ) ) ;
#6599 = EDGE_CURVE ( 'NONE', #6724, #3020, #5916, .T. ) ;
#6600 = CIRCLE ( 'NONE', #1152, 1.744770758581195569 ) ;
#6601 = CARTESIAN_POINT ( 'NONE',  ( -3.395103212617387012, 2.707504464571592440, -3.003438073623919616E-16 ) ) ;
#6602 = VERTEX_POINT ( 'NONE', #6013 ) ;
#6603 = LINE ( 'NONE', #7530, #8299 ) ;
#6604 = CARTESIAN_POINT ( 'NONE',  ( -1.436201133715639822E-16, 6.916380135000388919E-17, -1.000000000000000000 ) ) ;
#6605 = AXIS2_PLACEMENT_3D ( 'NONE', #6517, #8163, #2887 ) ;
#6606 = ADVANCED_FACE ( 'NONE', ( #10361 ), #9529, .T. ) ;
#6607 = AXIS2_PLACEMENT_3D ( 'NONE', #10613, #5355, #9726 ) ;
#6608 = EDGE_LOOP ( 'NONE', ( #10033, #6884, #7817, #10888 ) ) ;
#6609 = DIRECTION ( 'NONE',  ( -0.6234898018587320401, 0.7818314824680309139, 1.481414429610370493E-16 ) ) ;
#6610 = ORIENTED_EDGE ( 'NONE', *, *, #1973, .T. ) ;
#6611 = TOROIDAL_SURFACE ( 'NONE', #9403, 7.396615624999999028, 0.02081249999999999767 ) ;
#6612 = CARTESIAN_POINT ( 'NONE',  ( 5.118371538954569644, -1.168234903270670699, 0.000000000000000000 ) ) ;
#6613 = DIRECTION ( 'NONE',  ( 7.970314984686170449E-17, 3.492023159033191614E-16, -1.000000000000000000 ) ) ;
#6614 = AXIS2_PLACEMENT_3D ( 'NONE', #2978, #4747, #981 ) ;
#6615 = AXIS2_PLACEMENT_3D ( 'NONE', #2259, #11363, #6721 ) ;
#6616 = ADVANCED_FACE ( 'NONE', ( #3205 ), #3596, .F. ) ;
#6617 = ORIENTED_EDGE ( 'NONE', *, *, #370, .F. ) ;
#6618 = EDGE_CURVE ( 'NONE', #6168, #7247, #11463, .T. ) ;
#6619 = PLANE ( 'NONE',  #2581 ) ;
#6621 = VECTOR ( 'NONE', #2458, 1000.000000000000114 ) ;
#6620 = CARTESIAN_POINT ( 'NONE',  ( 3.985157492343085224E-17, 1.746011579516595807E-16, -0.5000000000000000000 ) ) ;
#6622 = DIRECTION ( 'NONE',  ( 0.9749279121818227312, -0.2225209339563182231, -2.245734522990357007E-16 ) ) ;
#6623 = EDGE_CURVE ( 'NONE', #7082, #45, #2271, .T. ) ;
#6624 = PERSON_AND_ORGANIZATION_ROLE ( 'creator' ) ;
#6625 = ORIENTED_EDGE ( 'NONE', *, *, #8941, .T. ) ;
#6626 = CARTESIAN_POINT ( 'NONE',  ( 5.653352180510354152, -2.902599545772518663, -9.629649721936179265E-32 ) ) ;
#6627 = CIRCLE ( 'NONE', #7002, 1.815000000000000169 ) ;
#6628 = ORIENTED_EDGE ( 'NONE', *, *, #9691, .T. ) ;
#6629 = VECTOR ( 'NONE', #5553, 1000.000000000000114 ) ;
#6630 = DIRECTION ( 'NONE',  ( -0.000000000000000000, -1.836970198721029688E-16, 1.000000000000000000 ) ) ;
#6631 = AXIS2_PLACEMENT_3D ( 'NONE', #6680, #4806, #10302 ) ;
#6632 = DIRECTION ( 'NONE',  ( 0.2225209339563205546, 0.9749279121818220650, 1.641723512482401095E-16 ) ) ;
#6633 = ORIENTED_EDGE ( 'NONE', *, *, #3474, .F. ) ;
#6634 = ADVANCED_FACE ( 'NONE', ( #6949 ), #9477, .F. ) ;
#6635 = ORIENTED_EDGE ( 'NONE', *, *, #5036, .F. ) ;
#6636 = FACE_OUTER_BOUND ( 'NONE', #11023, .T. ) ;
#6637 = AXIS2_PLACEMENT_3D ( 'NONE', #7667, #5813, #10440 ) ;
#6638 = ADVANCED_FACE ( 'NONE', ( #5150 ), #6896, .F. ) ;
#6639 = DIRECTION ( 'NONE',  ( 0.000000000000000000, 1.000000000000000000, 1.626303258728256651E-16 ) ) ;
#6640 = EDGE_LOOP ( 'NONE', ( #3784, #7739, #1068, #9266 ) ) ;
#6641 = CARTESIAN_POINT ( 'NONE',  ( -5.463455700273280868, 2.105703763022803710, -0.3372648878341940604 ) ) ;
#6642 = CARTESIAN_POINT ( 'NONE',  ( -2.415079429167877656, 3.936415418983388204, 0.4999999999999998890 ) ) ;
#6643 = DIRECTION ( 'NONE',  ( -0.9749279121818257288, -0.2225209339563050392, -2.245734522990332355E-16 ) ) ;
#6644 = ORIENTED_EDGE ( 'NONE', *, *, #7930, .T. ) ;
#6645 = CYLINDRICAL_SURFACE ( 'NONE', #4940, 0.2041022026635771758 ) ;
#6646 = VERTEX_POINT ( 'NONE', #1616 ) ;
#6647 = CARTESIAN_POINT ( 'NONE',  ( -4.714988052979766309, 1.219878944467608139, -0.5000000000000006661 ) ) ;
#6648 = EDGE_LOOP ( 'NONE', ( #9660, #3951, #2265, #5730 ) ) ;
#6649 = CARTESIAN_POINT ( 'NONE',  ( -4.104615282957117195, 3.273321459758401719, -3.631099570875204645E-16 ) ) ;
#6650 = ADVANCED_FACE ( 'NONE', ( #6081 ), #7320, .T. ) ;
#6651 = DIRECTION ( 'NONE',  ( 0.000000000000000000, 0.000000000000000000, 1.000000000000000000 ) ) ;
#6652 = DIRECTION ( 'NONE',  ( 0.6434186129743197924, 0.7655145253215006607, 0.000000000000000000 ) ) ;
#6653 = ORIENTED_EDGE ( 'NONE', *, *, #6792, .T. ) ;
#6654 = DIRECTION ( 'NONE',  ( 0.000000000000000000, -1.000000000000000000, -1.626303258728256898E-16 ) ) ;
#6655 =( BOUNDED_CURVE ( )  B_SPLINE_CURVE ( 3, ( #10715, #7457, #7348, #352 ),
 .UNSPECIFIED., .F., .F. ) 
 B_SPLINE_CURVE_WITH_KNOTS ( ( 4, 4 ),
 ( 3.141592653589787343, 4.712388980384689674 ),
 .UNSPECIFIED. ) 
 CURVE ( )  GEOMETRIC_REPRESENTATION_ITEM ( )  RATIONAL_B_SPLINE_CURVE ( ( 1.000000000000000000, 0.8047378541243636052, 0.8047378541243636052, 1.000000000000000000 ) ) 
 REPRESENTATION_ITEM ( '' )  );
#6656 = LINE ( 'NONE', #7518, #3976 ) ;
#6657 = ORIENTED_EDGE ( 'NONE', *, *, #8702, .F. ) ;
#6658 = EDGE_CURVE ( 'NONE', #1484, #4671, #2091, .T. ) ;
#6659 = CYLINDRICAL_SURFACE ( 'NONE', #11122, 4.618222060490380088 ) ;
#6660 = DIRECTION ( 'NONE',  ( 1.000000000000000000, 0.000000000000000000, 0.000000000000000000 ) ) ;
#6661 = EDGE_CURVE ( 'NONE', #10966, #10435, #9382, .T. ) ;
#6662 = EDGE_LOOP ( 'NONE', ( #6341, #11064 ) ) ;
#6663 = CARTESIAN_POINT ( 'NONE',  ( -1.884140137118027081, -3.912457308866240879, 0.4999999999999985012 ) ) ;
#6664 = PLANE ( 'NONE',  #4714 ) ;
#6665 = ORIENTED_EDGE ( 'NONE', *, *, #1726, .F. ) ;
#6666 = CARTESIAN_POINT ( 'NONE',  ( -0.5319512073772910687, -6.401791813822361732, 0.3666893729391467183 ) ) ;
#6667 = DIRECTION ( 'NONE',  ( 0.000000000000000000, -1.000000000000000000, -1.866966969661137892E-16 ) ) ;
#6668 = VERTEX_POINT ( 'NONE', #10466 ) ;
#6669 = CARTESIAN_POINT ( 'NONE',  ( -1.255463724981754847, -6.229709931871222572, 3.611118645726067224E-32 ) ) ;
#6670 = VERTEX_POINT ( 'NONE', #1387 ) ;
#6671 = MANIFOLD_SOLID_BREP ( 'Fillet2', #2952 ) ;
#6672 = ADVANCED_FACE ( 'NONE', ( #4968 ), #4086, .F. ) ;
#6673 = CARTESIAN_POINT ( 'NONE',  ( -5.809132809630781047, 0.7325517703695032523, 0.3372078223965019883 ) ) ;
#6674 = DIRECTION ( 'NONE',  ( -0.4338837391175528468, 0.9009688679024215885, 0.000000000000000000 ) ) ;
#6675 = VERTEX_POINT ( 'NONE', #4142 ) ;
#6676 = CARTESIAN_POINT ( 'NONE',  ( 2.060536269002453569, 5.506209728874305931, 0.000000000000000000 ) ) ;
#6677 = CARTESIAN_POINT ( 'NONE',  ( 0.000000000000000000, -6.241953123358066370E-31, 2.500000000000003553 ) ) ;
#6678 = DIRECTION ( 'NONE',  ( -0.9749279121818223981, 0.2225209339563192779, 1.554096509490297284E-16 ) ) ;
#6679 = ORIENTED_EDGE ( 'NONE', *, *, #119, .T. ) ;
#6680 = CARTESIAN_POINT ( 'NONE',  ( -8.954567602896607774E-17, 1.122867261495178503E-16, -0.5000000000000000000 ) ) ;
#6681 = ORIENTED_EDGE ( 'NONE', *, *, #11499, .F. ) ;
#6682 = CARTESIAN_POINT ( 'NONE',  ( -0.5325758359744141579, -5.854956726839299463, 0.000000000000000000 ) ) ;
#6683 = CARTESIAN_POINT ( 'NONE',  ( 4.799931324454290049, -4.574604580850397895, 0.09181046656276470319 ) ) ;
#6684 = EDGE_CURVE ( 'NONE', #1400, #3236, #9948, .T. ) ;
#6685 = EDGE_LOOP ( 'NONE', ( #817, #9099, #3033, #1444, #3510, #5602 ) ) ;
#6686 = MANIFOLD_SOLID_BREP ( 'Revolve3', #1633 ) ;
#6687 = EDGE_LOOP ( 'NONE', ( #3825, #8928, #4978, #474 ) ) ;
#6688 = DIRECTION ( 'NONE',  ( 0.2225209339563051225, -0.9749279121818257288, -1.864202790801842933E-16 ) ) ;
#6689 = ORIENTED_EDGE ( 'NONE', *, *, #730, .F. ) ;
#6690 = CARTESIAN_POINT ( 'NONE',  ( 0.000000000000000000, 0.000000000000000000, 0.5000000000000000000 ) ) ;
#6691 = DIRECTION ( 'NONE',  ( 0.2225209339563050392, -0.9749279121818257288, -3.227114654294983317E-16 ) ) ;
#6692 = DIRECTION ( 'NONE',  ( 6.649773324577762369E-15, -1.000000000000000000, 0.000000000000000000 ) ) ;
#6693 = ORIENTED_EDGE ( 'NONE', *, *, #1192, .F. ) ;
#6694 = DIRECTION ( 'NONE',  ( 0.000000000000000000, -1.000000000000000000, -1.380874408737758741E-16 ) ) ;
#6695 = VERTEX_POINT ( 'NONE', #4313 ) ;
#6696 = EDGE_CURVE ( 'NONE', #9182, #4273, #10937, .T. ) ;
#6697 = ADVANCED_FACE ( 'NONE', ( #10823 ), #3441, .F. ) ;
#6698 = EDGE_CURVE ( 'NONE', #8368, #6807, #6394, .T. ) ;
#6699 = DIRECTION ( 'NONE',  ( 0.4338837391175528468, -0.9009688679024215885, -3.492023159033201968E-16 ) ) ;
#6700 = ORIENTED_EDGE ( 'NONE', *, *, #3915, .T. ) ;
#6701 = DIRECTION ( 'NONE',  ( 0.000000000000000000, -2.069303855009861073E-16, 1.000000000000000000 ) ) ;
#6702 = DIRECTION ( 'NONE',  ( 1.000000000000000000, 0.000000000000000000, 0.000000000000000000 ) ) ;
#6703 = CARTESIAN_POINT ( 'NONE',  ( 0.4561072009510477865, -6.104956726839291470, -0.2500000000000001110 ) ) ;
#6704 = FACE_OUTER_BOUND ( 'NONE', #1829, .T. ) ;
#6705 = CARTESIAN_POINT ( 'NONE',  ( 0.000000000000000000, 5.250000000000000000, 0.000000000000000000 ) ) ;
#6706 = VERTEX_POINT ( 'NONE', #10707 ) ;
#6707 = DIRECTION ( 'NONE',  ( -0.4338837391175526248, 0.9009688679024218105, 3.492023159033203447E-16 ) ) ;
#6708 = CIRCLE ( 'NONE', #1653, 1.571836107868756383 ) ;
#6709 = DIRECTION ( 'NONE',  ( -0.4338837391175651703, -0.9009688679024157043, -3.492023159033191614E-16 ) ) ;
#6710 = ORIENTED_EDGE ( 'NONE', *, *, #10658, .T. ) ;
#6711 = DIRECTION ( 'NONE',  ( -0.7818314824680221431, 0.6234898018587431423, -6.916380135000388919E-17 ) ) ;
#6712 = CARTESIAN_POINT ( 'NONE',  ( -3.018126939698718481, 5.250236786503040598, -0.07875549265454843961 ) ) ;
#6713 = VERTEX_POINT ( 'NONE', #3619 ) ;
#6714 = DIRECTION ( 'NONE',  ( 1.000000000000000000, 0.000000000000000000, 0.000000000000000000 ) ) ;
#6715 =( BOUNDED_CURVE ( )  B_SPLINE_CURVE ( 3, ( #4672, #10720, #5443, #8960 ),
 .UNSPECIFIED., .F., .F. ) 
 B_SPLINE_CURVE_WITH_KNOTS ( ( 4, 4 ),
 ( 3.141592653589785122, 4.712388980384689674 ),
 .UNSPECIFIED. ) 
 CURVE ( )  GEOMETRIC_REPRESENTATION_ITEM ( )  RATIONAL_B_SPLINE_CURVE ( ( 1.000000000000000000, 0.8047378541243631611, 0.8047378541243631611, 1.000000000000000000 ) ) 
 REPRESENTATION_ITEM ( '' )  );
#6716 = CARTESIAN_POINT ( 'NONE',  ( -2.671639123616407652, -5.547715804109125237, -2.150213260174687816E-15 ) ) ;
#6717 = EDGE_CURVE ( 'NONE', #151, #2371, #6409, .T. ) ;
#6718 = ORIENTED_EDGE ( 'NONE', *, *, #5807, .T. ) ;
#6719 = DIRECTION ( 'NONE',  ( 0.000000000000000000, 1.000000000000000000, 1.734723475976807094E-16 ) ) ;
#6720 = ORIENTED_EDGE ( 'NONE', *, *, #2365, .T. ) ;
#6721 = DIRECTION ( 'NONE',  ( -2.734164093176035940E-15, 1.000000000000000000, 3.728405581603685373E-16 ) ) ;
#6722 = DIRECTION ( 'NONE',  ( -1.000000000000000000, 0.000000000000000000, -1.641723512482401342E-16 ) ) ;
#6723 = DIRECTION ( 'NONE',  ( 1.000000000000000000, -4.440892098500626162E-15, 0.000000000000000000 ) ) ;
#6724 = VERTEX_POINT ( 'NONE', #9702 ) ;
#6725 = DIRECTION ( 'NONE',  ( 0.9009688679024218105, 0.4338837391175526248, 7.970314984685939954E-17 ) ) ;
#6726 = EDGE_CURVE ( 'NONE', #8256, #3133, #2678, .T. ) ;
#6727 = CARTESIAN_POINT ( 'NONE',  ( 0.000000000000000000, 6.157500000000000639, 1.830752539561562253 ) ) ;
#6728 = CARTESIAN_POINT ( 'NONE',  ( 0.000000000000000000, 0.000000000000000000, 2.500000000000000000 ) ) ;
#6729 = DIRECTION ( 'NONE',  ( 0.000000000000000000, 0.000000000000000000, 1.000000000000000000 ) ) ;
#6730 = ORIENTED_EDGE ( 'NONE', *, *, #256, .T. ) ;
#6731 = DIRECTION ( 'NONE',  ( -1.790913520579321555E-16, -2.245734522990357007E-16, 1.000000000000000000 ) ) ;
#6732 = VERTEX_POINT ( 'NONE', #6257 ) ;
#6733 = ADVANCED_FACE ( 'NONE', ( #4490 ), #6022, .F. ) ;
#6734 = CARTESIAN_POINT ( 'NONE',  ( -2.238477577586309497, 4.325324856417221753, -0.5000000000000000000 ) ) ;
#6735 = DIRECTION ( 'NONE',  ( 7.970314984685941186E-17, -3.492023159033203447E-16, 1.000000000000000000 ) ) ;
#6736 = ORIENTED_EDGE ( 'NONE', *, *, #3115, .T. ) ;
#6737 = EDGE_LOOP ( 'NONE', ( #6932, #3712, #9463 ) ) ;
#6738 = DIRECTION ( 'NONE',  ( 7.970314984686167984E-17, 3.492023159033190628E-16, -1.000000000000000000 ) ) ;
#6739 = ORIENTED_EDGE ( 'NONE', *, *, #11366, .T. ) ;
#6740 = DIRECTION ( 'NONE',  ( 0.000000000000000000, 0.000000000000000000, 1.000000000000000000 ) ) ;
#6741 = DIRECTION ( 'NONE',  ( -0.6234898018587320401, 0.7818314824680310249, 1.641723512482401095E-16 ) ) ;
#6742 = CONICAL_SURFACE ( 'NONE', #10863, 7.750000000000003553, 0.7853981633974380649 ) ;
#6743 = DIRECTION ( 'NONE',  ( -0.000000000000000000, -1.836970198721029688E-16, 1.000000000000000000 ) ) ;
#6744 = ORIENTED_EDGE ( 'NONE', *, *, #7836, .F. ) ;
#6745 = DIRECTION ( 'NONE',  ( 1.000000000000000000, 0.000000000000000000, 0.000000000000000000 ) ) ;
#6746 = ORIENTED_EDGE ( 'NONE', *, *, #10854, .T. ) ;
#6747 = EDGE_CURVE ( 'NONE', #2027, #5119, #5654, .T. ) ;
#6748 = DIRECTION ( 'NONE',  ( 0.7818314824680310249, 0.6234898018587320401, -6.916380135000592297E-17 ) ) ;
#6749 = AXIS2_PLACEMENT_3D ( 'NONE', #2316, #3137, #4075 ) ;
#6750 = AXIS2_PLACEMENT_3D ( 'NONE', #7005, #4, #10578 ) ;
#6751 = CARTESIAN_POINT ( 'NONE',  ( -5.084639066406628771, 2.044410505346603735, -8.146045171147813117E-16 ) ) ;
#6752 = ORIENTED_EDGE ( 'NONE', *, *, #10972, .T. ) ;
#6753 = CARTESIAN_POINT ( 'NONE',  ( 0.4679647384833096613, -4.594451436628344432, 0.4999999999999983902 ) ) ;
#6754 = ADVANCED_FACE ( 'NONE', ( #1796 ), #5381, .T. ) ;
#6755 = CYLINDRICAL_SURFACE ( 'NONE', #8077, 0.2499999999999998335 ) ;
#6756 = EDGE_CURVE ( 'NONE', #3150, #1625, #6770, .T. ) ;
#6757 = FACE_OUTER_BOUND ( 'NONE', #9380, .T. ) ;
#6758 = EDGE_LOOP ( 'NONE', ( #5739, #7969, #2566, #2796, #2415, #10484, #11040 ) ) ;
#6759 = CYLINDRICAL_SURFACE ( 'NONE', #1352, 0.2041022026635771758 ) ;
#6760 = VECTOR ( 'NONE', #3758, 1000.000000000000000 ) ;
#6761 = EDGE_CURVE ( 'NONE', #7196, #11615, #2739, .T. ) ;
#6762 = AXIS2_PLACEMENT_3D ( 'NONE', #11214, #11097, #10327 ) ;
#6763 = CARTESIAN_POINT ( 'NONE',  ( -4.104615282957117195, 3.273321459758401719, 0.000000000000000000 ) ) ;
#6764 = ORIENTED_EDGE ( 'NONE', *, *, #7730, .T. ) ;
#6765 = AXIS2_PLACEMENT_3D ( 'NONE', #10451, #11395, #5994 ) ;
#6766 = DIRECTION ( 'NONE',  ( 0.000000000000000000, 0.000000000000000000, 1.000000000000000000 ) ) ;
#6767 = CYLINDRICAL_SURFACE ( 'NONE', #9364, 2.500000000000000000 ) ;
#6768 = EDGE_LOOP ( 'NONE', ( #2910, #10482, #2308, #8542, #4479, #2367 ) ) ;
#6769 = AXIS2_PLACEMENT_3D ( 'NONE', #8475, #9520, #9404 ) ;
#6770 = CIRCLE ( 'NONE', #3779, 2.043333333333333446 ) ;
#6771 = CARTESIAN_POINT ( 'NONE',  ( 1.030938487845573404, -5.763478472887654469, -0.5000000000000021094 ) ) ;
#6772 = LINE ( 'NONE', #4029, #794 ) ;
#6773 = CARTESIAN_POINT ( 'NONE',  ( 0.000000000000000000, 3.583607782362977743E-17, 2.304917478527522157 ) ) ;
#6774 = VECTOR ( 'NONE', #2455, 1000.000000000000000 ) ;
#6775 = EDGE_CURVE ( 'NONE', #3554, #4768, #200, .T. ) ;
#6776 = ORIENTED_EDGE ( 'NONE', *, *, #1795, .F. ) ;
#6777 = LINE ( 'NONE', #9646, #10943 ) ;
#6778 = ORIENTED_EDGE ( 'NONE', *, *, #6846, .F. ) ;
#6779 = VECTOR ( 'NONE', #10218, 1000.000000000000000 ) ;
#6780 = VECTOR ( 'NONE', #9287, 1000.000000000000000 ) ;
#6781 = CIRCLE ( 'NONE', #589, 0.2041022026635771480 ) ;
#6782 = DIRECTION ( 'NONE',  ( 0.7818314824680310249, 0.6234898018587320401, -6.916380135000592297E-17 ) ) ;
#6783 = AXIS2_PLACEMENT_3D ( 'NONE', #1392, #9659, #8729 ) ;
#6784 = CARTESIAN_POINT ( 'NONE',  ( 0.000000000000000000, 0.000000000000000000, 2.500000000000000000 ) ) ;
#6785 = CARTESIAN_POINT ( 'NONE',  ( 0.4484599904916783397, -6.075027395718184842, 0.4669859836141802001 ) ) ;
#6786 =( BOUNDED_CURVE ( )  B_SPLINE_CURVE ( 3, ( #11481, #3624, #3447, #193 ),
 .UNSPECIFIED., .F., .F. ) 
 B_SPLINE_CURVE_WITH_KNOTS ( ( 4, 4 ),
 ( 4.712388980384689674, 6.283185307179585344 ),
 .UNSPECIFIED. ) 
 CURVE ( )  GEOMETRIC_REPRESENTATION_ITEM ( )  RATIONAL_B_SPLINE_CURVE ( ( 1.000000000000000000, 0.8047378541243649375, 0.8047378541243649375, 1.000000000000000000 ) ) 
 REPRESENTATION_ITEM ( '' )  );
#6787 = ORIENTED_EDGE ( 'NONE', *, *, #3101, .T. ) ;
#6788 = VECTOR ( 'NONE', #339, 1000.000000000000114 ) ;
#6789 = AXIS2_PLACEMENT_3D ( 'NONE', #3051, #6630, #11020 ) ;
#6790 = CARTESIAN_POINT ( 'NONE',  ( 7.181005668578199110E-17, 3.458190067500194460E-17, -0.5000000000000000000 ) ) ;
#6791 = CARTESIAN_POINT ( 'NONE',  ( 0.8617142317324888445, -5.412080684249792384, -1.958592447332599470E-15 ) ) ;
#6792 = EDGE_CURVE ( 'NONE', #7213, #2030, #5479, .T. ) ;
#6793 = AXIS2_PLACEMENT_3D ( 'NONE', #1620, #5156, #11598 ) ;
#6794 = SPHERICAL_SURFACE ( 'NONE', #4728, 2.043333333333333002 ) ;
#6795 = COORDINATED_UNIVERSAL_TIME_OFFSET ( 6, 0, .BEHIND. ) ;
#6796 = ORIENTED_EDGE ( 'NONE', *, *, #388, .F. ) ;
#6797 = AXIS2_PLACEMENT_3D ( 'NONE', #2305, #11167, #5899 ) ;
#6798 = VERTEX_POINT ( 'NONE', #4557 ) ;
#6799 = VECTOR ( 'NONE', #7972, 1000.000000000000000 ) ;
#6800 = DIRECTION ( 'NONE',  ( -0.9749279121818257288, -0.2225209339563050392, -2.245734522990332355E-16 ) ) ;
#6801 = AXIS2_PLACEMENT_3D ( 'NONE', #2696, #2749, #9842 ) ;
#6802 = EDGE_CURVE ( 'NONE', #4379, #4764, #901, .T. ) ;
#6803 = CARTESIAN_POINT ( 'NONE',  ( -6.022505511281155854, 0.9146046076782985423, 0.4669859836141810328 ) ) ;
#6804 = ORIENTED_EDGE ( 'NONE', *, *, #2544, .F. ) ;
#6805 = AXIS2_PLACEMENT_3D ( 'NONE', #5815, #10388, #11159 ) ;
#6806 = VERTEX_POINT ( 'NONE', #21 ) ;
#6807 = VERTEX_POINT ( 'NONE', #9883 ) ;
#6808 = DIRECTION ( 'NONE',  ( 0.000000000000000000, 0.000000000000000000, 1.000000000000000000 ) ) ;
#6809 = DIRECTION ( 'NONE',  ( 0.000000000000000000, 1.000000000000000000, 1.836970198721029688E-16 ) ) ;
#6810 = AXIS2_PLACEMENT_3D ( 'NONE', #7581, #11396, #4947 ) ;
#6811 = AXIS2_PLACEMENT_3D ( 'NONE', #2191, #11171, #3134 ) ;
#6812 = FACE_OUTER_BOUND ( 'NONE', #1881, .T. ) ;
#6813 = ORIENTED_EDGE ( 'NONE', *, *, #11300, .T. ) ;
#6814 = DIRECTION ( 'NONE',  ( 0.9749279121818242855, -0.2225209339563116728, 0.000000000000000000 ) ) ;
#6815 = ORIENTED_EDGE ( 'NONE', *, *, #9636, .F. ) ;
#6816 = TOROIDAL_SURFACE ( 'NONE', #434, 7.396615624999999028, 0.02081249999999999767 ) ;
#6817 = DIRECTION ( 'NONE',  ( -0.2225209339563117839, -0.9749279121818241745, -2.587945019047908278E-16 ) ) ;
#6818 = EDGE_CURVE ( 'NONE', #1718, #5339, #7514, .T. ) ;
#6819 = CIRCLE ( 'NONE', #3827, 1.830752539561562253 ) ;
#6820 = ORIENTED_EDGE ( 'NONE', *, *, #10546, .F. ) ;
#6821 = AXIS2_PLACEMENT_3D ( 'NONE', #7438, #10026, #11021 ) ;
#6822 = DIRECTION ( 'NONE',  ( 0.6234898018587320401, -0.7818314824680310249, -2.115543345683028543E-17 ) ) ;
#6823 = ORIENTED_EDGE ( 'NONE', *, *, #10605, .T. ) ;
#6824 = EDGE_CURVE ( 'NONE', #4242, #10753, #4715, .T. ) ;
#6825 = CIRCLE ( 'NONE', #8320, 7.375803125000000016 ) ;
#6826 = CARTESIAN_POINT ( 'NONE',  ( 3.268642638410927947, 4.857912291182196363, -0.3372648878341442114 ) ) ;
#6827 = DIRECTION ( 'NONE',  ( 0.000000000000000000, -1.000000000000000000, -1.763933479423781890E-16 ) ) ;
#6828 = CARTESIAN_POINT ( 'NONE',  ( 0.000000000000000000, 5.250000000000000000, 0.000000000000000000 ) ) ;
#6829 = VERTEX_POINT ( 'NONE', #5499 ) ;
#6830 = CARTESIAN_POINT ( 'NONE',  ( 3.039264482721342642, 5.016949511708645559, 0.000000000000000000 ) ) ;
#6831 = CIRCLE ( 'NONE', #3653, 2.043333333333333446 ) ;
#6832 = CIRCLE ( 'NONE', #4775, 1.815000000000000169 ) ;
#6833 = DIRECTION ( 'NONE',  ( 1.000000000000000000, -3.608111634372641674E-15, 0.000000000000000000 ) ) ;
#6834 = ORIENTED_EDGE ( 'NONE', *, *, #5926, .T. ) ;
#6835 = CARTESIAN_POINT ( 'NONE',  ( 0.000000000000000000, 9.184850993605149917E-16, -2.500000000000000888 ) ) ;
#6836 = CARTESIAN_POINT ( 'NONE',  ( -4.008646984277546288, -4.267794246079833265, 0.3377898998919793838 ) ) ;
#6837 = EDGE_LOOP ( 'NONE', ( #5776, #1293, #6953, #1699 ) ) ;
#6838 = EDGE_CURVE ( 'NONE', #10735, #11435, #9291, .T. ) ;
#6839 = FACE_OUTER_BOUND ( 'NONE', #11397, .T. ) ;
#6840 = DIRECTION ( 'NONE',  ( -0.000000000000000000, -1.836970198721029688E-16, 1.000000000000000000 ) ) ;
#6841 = DIRECTION ( 'NONE',  ( 0.000000000000000000, 0.000000000000000000, 1.000000000000000000 ) ) ;
#6842 = CYLINDRICAL_SURFACE ( 'NONE', #211, 2.500000000000000000 ) ;
#6843 = VERTEX_POINT ( 'NONE', #10875 ) ;
#6844 = DIRECTION ( 'NONE',  ( 0.000000000000000000, -1.000000000000000000, -1.697435915793827252E-16 ) ) ;
#6845 = ORIENTED_EDGE ( 'NONE', *, *, #6761, .F. ) ;
#6846 = EDGE_CURVE ( 'NONE', #3534, #9489, #2909, .T. ) ;
#6847 = CARTESIAN_POINT ( 'NONE',  ( 0.000000000000000000, 7.175664838753999029E-17, 2.109375000000001332 ) ) ;
#6848 = EDGE_CURVE ( 'NONE', #10335, #1400, #647, .T. ) ;
#6849 = DIRECTION ( 'NONE',  ( 0.000000000000000000, -1.000000000000000000, -1.763933479423781890E-16 ) ) ;
#6850 = ADVANCED_FACE ( 'NONE', ( #6534 ), #9020, .F. ) ;
#6851 = CARTESIAN_POINT ( 'NONE',  ( 5.998091934461454500, 0.9152335740204915471, -0.08748657323257399976 ) ) ;
#6852 = DIRECTION ( 'NONE',  ( 0.7818314824680220321, -0.6234898018587432533, 0.000000000000000000 ) ) ;
#6853 = ORIENTED_EDGE ( 'NONE', *, *, #436, .F. ) ;
#6854 = CARTESIAN_POINT ( 'NONE',  ( 5.826670010035948977, 0.7836273912850858503, 0.4999999999999991673 ) ) ;
#6855 = DIRECTION ( 'NONE',  ( -0.9009688679024189240, 0.4338837391175584535, -0.000000000000000000 ) ) ;
#6856 = FACE_OUTER_BOUND ( 'NONE', #6837, .T. ) ;
#6857 =( LENGTH_UNIT ( ) NAMED_UNIT ( * ) SI_UNIT ( .MILLI., .METRE. ) );
#6858 = VERTEX_POINT ( 'NONE', #10945 ) ;
#6859 = CARTESIAN_POINT ( 'NONE',  ( -2.277889630367217144, -4.730086556487682614, -1.833312158492425881E-15 ) ) ;
#6860 = ORIENTED_EDGE ( 'NONE', *, *, #6969, .T. ) ;
#6861 = CARTESIAN_POINT ( 'NONE',  ( -5.595737854313475701, -3.155024401952278179, -1.203706215242022408E-31 ) ) ;
#6862 = EDGE_CURVE ( 'NONE', #1461, #1835, #1908, .T. ) ;
#6863 = CARTESIAN_POINT ( 'NONE',  ( -3.985157492343085224E-17, -1.746011579516595807E-16, 0.5000000000000000000 ) ) ;
#6864 = ORIENTED_EDGE ( 'NONE', *, *, #3115, .F. ) ;
#6865 = ORIENTED_EDGE ( 'NONE', *, *, #9548, .T. ) ;
#6866 = FACE_OUTER_BOUND ( 'NONE', #5049, .T. ) ;
#6867 = PLANE ( 'NONE',  #605 ) ;
#6868 = CARTESIAN_POINT ( 'NONE',  ( -2.277889630367217144, -4.730086556487682614, -1.833312158492425881E-15 ) ) ;
#6869 = CARTESIAN_POINT ( 'NONE',  ( -4.375126996066896368, 1.478593510159793123, 0.4999999999999995559 ) ) ;
#6870 = ORIENTED_EDGE ( 'NONE', *, *, #3183, .F. ) ;
#6871 = PLANE ( 'NONE',  #10927 ) ;
#6872 = EDGE_CURVE ( 'NONE', #3863, #1162, #5203, .T. ) ;
#6873 = EDGE_LOOP ( 'NONE', ( #10844, #3169, #5935 ) ) ;
#6874 = CARTESIAN_POINT ( 'NONE',  ( -4.470037444215024358, -4.138337766436408494, 0.4669859836141797560 ) ) ;
#6875 = ORIENTED_EDGE ( 'NONE', *, *, #9501, .F. ) ;
#6876 = CARTESIAN_POINT ( 'NONE',  ( 4.210968453991995375, -4.067955623239389418, 2.514201024167215639E-16 ) ) ;
#6877 = VERTEX_POINT ( 'NONE', #3087 ) ;
#6878 = CARTESIAN_POINT ( 'NONE',  ( 3.312417284811480567, 4.827878416493403435, -0.5000000000000000000 ) ) ;
#6879 = CARTESIAN_POINT ( 'NONE',  ( -4.455310509367081728, -4.118862191601446732, -0.08749532262521420023 ) ) ;
#6880 = DIRECTION ( 'NONE',  ( -1.436201133715656092E-16, 6.916380135000592297E-17, -1.000000000000000000 ) ) ;
#6881 = ORIENTED_EDGE ( 'NONE', *, *, #7691, .T. ) ;
#6882 = CARTESIAN_POINT ( 'NONE',  ( 0.000000000000000000, 8.673617379884035472E-16, -2.479187500000001432 ) ) ;
#6883 = ADVANCED_FACE ( 'NONE', ( #1972 ), #7523, .F. ) ;
#6884 = ORIENTED_EDGE ( 'NONE', *, *, #5196, .F. ) ;
#6885 = CARTESIAN_POINT ( 'NONE',  ( -4.028020539655614130, -4.249184487083843109, 0.1700533594733289744 ) ) ;
#6886 = VERTEX_POINT ( 'NONE', #8231 ) ;
#6887 = DIRECTION ( 'NONE',  ( 1.790913520579321555E-16, 2.245734522990357007E-16, -1.000000000000000000 ) ) ;
#6888 = SPHERICAL_SURFACE ( 'NONE', #5087, 2.043333333333333002 ) ;
#6889 = CARTESIAN_POINT ( 'NONE',  ( 2.235829058544723136, 5.687970232272502535, -0.1680249406405555368 ) ) ;
#6890 = PLANE ( 'NONE',  #4725 ) ;
#6891 = CARTESIAN_POINT ( 'NONE',  ( 5.472773158957018325, 2.080690323849354595, 1.027403961127392839E-17 ) ) ;
#6892 = ORIENTED_EDGE ( 'NONE', *, *, #1540, .F. ) ;
#6893 = EDGE_CURVE ( 'NONE', #2040, #118, #1067, .T. ) ;
#6894 = AXIS2_PLACEMENT_3D ( 'NONE', #5743, #1265, #2923 ) ;
#6895 = SPHERICAL_SURFACE ( 'NONE', #1172, 2.043333333333333002 ) ;
#6896 = CYLINDRICAL_SURFACE ( 'NONE', #7697, 0.2041022026635771758 ) ;
#6897 = CYLINDRICAL_SURFACE ( 'NONE', #8425, 5.854956726839295023 ) ;
#6898 = CARTESIAN_POINT ( 'NONE',  ( -5.038967452947480830, -2.981497154333282662, 0.1700533594733304454 ) ) ;
#6899 = VERTEX_POINT ( 'NONE', #185 ) ;
#6900 = LINE ( 'NONE', #11241, #5597 ) ;
#6901 = CARTESIAN_POINT ( 'NONE',  ( 5.809124216010816966, 0.7326245428523463499, -0.3369498210078141764 ) ) ;
#6902 = EDGE_CURVE ( 'NONE', #848, #2960, #10514, .T. ) ;
#6903 = CARTESIAN_POINT ( 'NONE',  ( -1.986007203333995941, 4.446908180657974441, -0.5000000000000000000 ) ) ;
#6904 = ADVANCED_FACE ( 'NONE', ( #2144 ), #5729, .F. ) ;
#6905 = ORIENTED_EDGE ( 'NONE', *, *, #8313, .F. ) ;
#6906 = DIRECTION ( 'NONE',  ( 1.790913520579326978E-16, 2.245734522990332355E-16, -1.000000000000000000 ) ) ;
#6907 = VERTEX_POINT ( 'NONE', #10053 ) ;
#6908 = EDGE_CURVE ( 'NONE', #3838, #5339, #20, .T. ) ;
#6909 = CARTESIAN_POINT ( 'NONE',  ( -5.118371538954584743, -1.168234903270601643, 0.4999999999999991673 ) ) ;
#6910 = CARTESIAN_POINT ( 'NONE',  ( 0.4610885652326912609, -5.927649765220648348, -0.005919792233968119294 ) ) ;
#6911 = ORIENTED_EDGE ( 'NONE', *, *, #10768, .T. ) ;
#6912 = ORIENTED_EDGE ( 'NONE', *, *, #10813, .F. ) ;
#6913 = CARTESIAN_POINT ( 'NONE',  ( 2.203216231833381222, 5.589843635773035224, 0.4884072837075409401 ) ) ;
#6914 = CARTESIAN_POINT ( 'NONE',  ( 4.008772874936018304, -4.267678123246201771, -0.3372648878341757417 ) ) ;
#6915 = DIRECTION ( 'NONE',  ( -7.970314984685941186E-17, 3.492023159033203447E-16, -1.000000000000000000 ) ) ;
#6916 = DIRECTION ( 'NONE',  ( 0.9749279121818227312, -0.2225209339563182231, -2.245734522990357007E-16 ) ) ;
#6917 = ORIENTED_EDGE ( 'NONE', *, *, #10223, .F. ) ;
#6918 = CYLINDRICAL_SURFACE ( 'NONE', #7179, 0.7500000000000001110 ) ;
#6919 = ORIENTED_EDGE ( 'NONE', *, *, #6717, .F. ) ;
#6920 = CARTESIAN_POINT ( 'NONE',  ( 3.395103212617425203, 2.707504464571544478, -3.003438073624007870E-16 ) ) ;
#6921 = ORIENTED_EDGE ( 'NONE', *, *, #11164, .F. ) ;
#6922 = ADVANCED_FACE ( 'NONE', ( #5664 ), #3728, .F. ) ;
#6923 = CARTESIAN_POINT ( 'NONE',  ( 4.104615282957162492, 3.273321459758343543, -3.631099570875311634E-16 ) ) ;
#6924 = ORIENTED_EDGE ( 'NONE', *, *, #7070, .T. ) ;
#6925 = DIRECTION ( 'NONE',  ( 0.9749279121818227312, -0.2225209339563182231, -2.245734522990357007E-16 ) ) ;
#6926 = AXIS2_PLACEMENT_3D ( 'NONE', #9098, #10029, #7322 ) ;
#6927 = EDGE_LOOP ( 'NONE', ( #815, #1465, #4258, #198, #6301, #4998, #5576, #5303, #10150, #8839, #3992, #5281, #6135, #7706 ) ) ;
#6928 = CARTESIAN_POINT ( 'NONE',  ( -5.960346984051426489, 0.9115972908787517426, -0.05089816004206264982 ) ) ;
#6929 = LINE ( 'NONE', #10503, #10884 ) ;
#6930 = ORIENTED_EDGE ( 'NONE', *, *, #2121, .T. ) ;
#6931 = CARTESIAN_POINT ( 'NONE',  ( 3.088483592491718444, 4.974111716886760348, -0.5000000000000000000 ) ) ;
#6932 = ORIENTED_EDGE ( 'NONE', *, *, #2387, .T. ) ;
#6933 = AXIS2_PLACEMENT_3D ( 'NONE', #3905, #10006, #7526 ) ;
#6934 = ADVANCED_FACE ( 'NONE', ( #358 ), #1521, .T. ) ;
#6935 = CYLINDRICAL_SURFACE ( 'NONE', #744, 0.7499999999999998890 ) ;
#6936 = ORIENTED_EDGE ( 'NONE', *, *, #8370, .T. ) ;
#6937 = LINE ( 'NONE', #2489, #4871 ) ;
#6938 = CARTESIAN_POINT ( 'NONE',  ( 9.032753688172296871E-16, 7.375803125000000016, 2.500000000000001332 ) ) ;
#6939 = DIRECTION ( 'NONE',  ( 1.436201133715656092E-16, -6.916380135000592297E-17, 1.000000000000000000 ) ) ;
#6940 = AXIS2_PLACEMENT_3D ( 'NONE', #2989, #8337, #3826 ) ;
#6941 = VECTOR ( 'NONE', #11402, 1000.000000000000000 ) ;
#6942 = DIRECTION ( 'NONE',  ( -1.184433339904205948E-16, -4.737733359616823793E-16, 1.000000000000000000 ) ) ;
#6943 = CIRCLE ( 'NONE', #3012, 2.043333333333333002 ) ;
#6944 = CIRCLE ( 'NONE', #2459, 5.854956726839295023 ) ;
#6945 = EDGE_LOOP ( 'NONE', ( #2216, #9332, #8285, #10565 ) ) ;
#6946 = LINE ( 'NONE', #11538, #11494 ) ;
#6947 = VECTOR ( 'NONE', #7956, 1000.000000000000000 ) ;
#6948 = EDGE_CURVE ( 'NONE', #7933, #1401, #3954, .T. ) ;
#6949 = FACE_OUTER_BOUND ( 'NONE', #1524, .T. ) ;
#6950 = LINE ( 'NONE', #1388, #8614 ) ;
#6951 = VECTOR ( 'NONE', #7224, 1000.000000000000000 ) ;
#6952 = CARTESIAN_POINT ( 'NONE',  ( -5.118371538954584743, -1.168234903270601421, -0.5000000000000008882 ) ) ;
#6953 = ORIENTED_EDGE ( 'NONE', *, *, #7611, .F. ) ;
#6954 = DIRECTION ( 'NONE',  ( 0.000000000000000000, -1.000000000000000000, -1.626303258728256651E-16 ) ) ;
#6955 = EDGE_CURVE ( 'NONE', #6806, #915, #1477, .T. ) ;
#6956 = PLANE ( 'NONE',  #8767 ) ;
#6957 = CARTESIAN_POINT ( 'NONE',  ( -5.472773158957428663, 2.080690323848458867, 0.1700533594733316667 ) ) ;
#6958 = FACE_OUTER_BOUND ( 'NONE', #698, .T. ) ;
#6959 = AXIS2_PLACEMENT_3D ( 'NONE', #7233, #9822, #7180 ) ;
#6960 = AXIS2_PLACEMENT_3D ( 'NONE', #4663, #4786, #1122 ) ;
#6961 = ORIENTED_EDGE ( 'NONE', *, *, #10941, .F. ) ;
#6962 = DIRECTION ( 'NONE',  ( -0.6234898018587263779, -0.7818314824680353547, 0.000000000000000000 ) ) ;
#6963 = VECTOR ( 'NONE', #10519, 1000.000000000000000 ) ;
#6964 = ORIENTED_EDGE ( 'NONE', *, *, #10390, .T. ) ;
#6965 = VECTOR ( 'NONE', #8968, 1000.000000000000227 ) ;
#6966 = PLANE ( 'NONE',  #4359 ) ;
#6967 = CYLINDRICAL_SURFACE ( 'NONE', #8695, 7.375803125000000016 ) ;
#6968 = CIRCLE ( 'NONE', #5495, 1.571836107868756383 ) ;
#6969 = EDGE_CURVE ( 'NONE', #2737, #8266, #3312, .T. ) ;
#6970 = ORIENTED_EDGE ( 'NONE', *, *, #1367, .T. ) ;
#6971 = CIRCLE ( 'NONE', #3787, 0.9075000000000038591 ) ;
#6972 = ORIENTED_EDGE ( 'NONE', *, *, #8770, .T. ) ;
#6973 = EDGE_CURVE ( 'NONE', #259, #7849, #7759, .T. ) ;
#6974 = CARTESIAN_POINT ( 'NONE',  ( 2.142249292286840578, 5.531579478645486603, 0.4987889447408316856 ) ) ;
#6976 = VECTOR ( 'NONE', #8779, 1000.000000000000000 ) ;
#6975 = CARTESIAN_POINT ( 'NONE',  ( 3.985157492342970593E-17, -1.746011579516601723E-16, 0.5000000000000000000 ) ) ;
#6977 = DIRECTION ( 'NONE',  ( -1.000000000000000000, 0.000000000000000000, -1.641723512482401342E-16 ) ) ;
#6978 = ORIENTED_EDGE ( 'NONE', *, *, #2783, .T. ) ;
#6979 = CARTESIAN_POINT ( 'NONE',  ( 5.833575934969712051, 0.4999100760174111091, -0.1706127626411383102 ) ) ;
#6980 = AXIS2_PLACEMENT_3D ( 'NONE', #6975, #2702, #10731 ) ;
#6981 = VERTEX_POINT ( 'NONE', #4250 ) ;
#6982 = AXIS2_PLACEMENT_3D ( 'NONE', #5529, #1696, #5287 ) ;
#6983 = DIRECTION ( 'NONE',  ( -0.000000000000000000, -1.836970198721029688E-16, 1.000000000000000000 ) ) ;
#6984 = CIRCLE ( 'NONE', #6048, 1.981214554537471528 ) ;
#6985 = EDGE_CURVE ( 'NONE', #1938, #10971, #10688, .T. ) ;
#6986 = ADVANCED_FACE ( 'NONE', ( #8471 ), #6767, .F. ) ;
#6987 = ORIENTED_EDGE ( 'NONE', *, *, #6623, .T. ) ;
#6988 = CARTESIAN_POINT ( 'NONE',  ( 2.339742150879215998, 6.204188460871739252, -1.000000000000000000 ) ) ;
#6989 = EDGE_LOOP ( 'NONE', ( #10749, #268, #10016, #4138 ) ) ;
#6990 = DIRECTION ( 'NONE',  ( -0.9749279121818260618, -0.2225209339563037070, 0.000000000000000000 ) ) ;
#6991 = CIRCLE ( 'NONE', #8479, 5.854956726839295023 ) ;
#6992 = EDGE_CURVE ( 'NONE', #1938, #6706, #8245, .T. ) ;
#6993 = AXIS2_PLACEMENT_3D ( 'NONE', #5323, #7953, #8769 ) ;
#6994 = ORIENTED_EDGE ( 'NONE', *, *, #5488, .F. ) ;
#6995 = DIRECTION ( 'NONE',  ( 0.000000000000000000, -2.368866679808411896E-16, 1.000000000000000000 ) ) ;
#6996 = DIRECTION ( 'NONE',  ( 0.000000000000000000, 1.000000000000000000, 1.836970198721029688E-16 ) ) ;
#6997 = CYLINDRICAL_SURFACE ( 'NONE', #11130, 5.854956726839295023 ) ;
#6998 = ORIENTED_EDGE ( 'NONE', *, *, #2134, .F. ) ;
#6999 = CARTESIAN_POINT ( 'NONE',  ( 5.595737854313433957, -3.155024401952353674, -4.814824860968089633E-32 ) ) ;
#7000 = AXIS2_PLACEMENT_3D ( 'NONE', #5575, #4634, #159 ) ;
#7001 = ORIENTED_EDGE ( 'NONE', *, *, #2236, .T. ) ;
#7002 = AXIS2_PLACEMENT_3D ( 'NONE', #6828, #10397, #2362 ) ;
#7003 = VECTOR ( 'NONE', #7693, 1000.000000000000000 ) ;
#7004 = AXIS2_PLACEMENT_3D ( 'NONE', #11422, #3382, #6962 ) ;
#7005 = CARTESIAN_POINT ( 'NONE',  ( 7.181005668578280462E-17, -3.458190067500296149E-17, 0.5000000000000000000 ) ) ;
#7006 = EDGE_CURVE ( 'NONE', #1484, #8597, #428, .T. ) ;
#7007 = ORIENTED_EDGE ( 'NONE', *, *, #504, .T. ) ;
#7008 = LINE ( 'NONE', #8888, #9927 ) ;
#7009 = CARTESIAN_POINT ( 'NONE',  ( 0.5044852121027769698, -6.294296555059468723, -1.000000000000001554 ) ) ;
#7010 = DIRECTION ( 'NONE',  ( -0.4338837391175651703, -0.9009688679024157043, -3.492023159033191614E-16 ) ) ;
#7011 = AXIS2_PLACEMENT_3D ( 'NONE', #3711, #2995, #6470 ) ;
#7012 = CIRCLE ( 'NONE', #10005, 1.815000000000000169 ) ;
#7013 = CARTESIAN_POINT ( 'NONE',  ( -4.814127353296846934, 3.839138454945211443, 0.000000000000000000 ) ) ;
#7014 = CARTESIAN_POINT ( 'NONE',  ( 2.277889630367151419, -4.730086556487715477, 1.814999999999998392 ) ) ;
#7015 = ADVANCED_FACE ( 'NONE', ( #3135 ), #10226, .T. ) ;
#7016 = VERTEX_POINT ( 'NONE', #7810 ) ;
#7017 = CIRCLE ( 'NONE', #4773, 1.981214554537471306 ) ;
#7018 = DIRECTION ( 'NONE',  ( -0.9009688679024218105, -0.4338837391175526248, 0.000000000000000000 ) ) ;
#7019 = DIRECTION ( 'NONE',  ( -0.4338837391175526248, 0.9009688679024218105, 3.492023159033203447E-16 ) ) ;
#7020 = CARTESIAN_POINT ( 'NONE',  ( -2.277889630367217144, -4.730086556487682614, 0.000000000000000000 ) ) ;
#7021 = LINE ( 'NONE', #7241, #6947 ) ;
#7022 = VERTEX_POINT ( 'NONE', #8583 ) ;
#7023 = CARTESIAN_POINT ( 'NONE',  ( -4.104615282957117195, 3.273321459758401719, -3.631099570875204645E-16 ) ) ;
#7024 = CARTESIAN_POINT ( 'NONE',  ( 4.915966192381707067, -3.180556440812360108, -0.3369498210078570311 ) ) ;
#7025 = CARTESIAN_POINT ( 'NONE',  ( 3.061616997868383634E-16, 2.500000000000000888, -2.172334957055048754 ) ) ;
#7026 = DIRECTION ( 'NONE',  ( 0.2225209339563037070, -0.9749279121818260618, -3.227114654294984796E-16 ) ) ;
#7027 = EDGE_LOOP ( 'NONE', ( #10068, #3768, #7412, #696, #498, #1411 ) ) ;
#7028 = CARTESIAN_POINT ( 'NONE',  ( -5.628713494842545906, 1.785248238942693577, -2.232307617948322671E-17 ) ) ;
#7029 = EDGE_CURVE ( 'NONE', #4444, #10474, #11072, .T. ) ;
#7030 = VERTEX_POINT ( 'NONE', #2419 ) ;
#7031 = DIRECTION ( 'NONE',  ( -0.7818314824680222541, 0.6234898018587430313, 0.000000000000000000 ) ) ;
#7032 = DIRECTION ( 'NONE',  ( -1.000000000000000000, 0.000000000000000000, 0.000000000000000000 ) ) ;
#7033 = EDGE_LOOP ( 'NONE', ( #8002, #11438, #454, #3592, #3598, #9039, #2880 ) ) ;
#7034 = ORIENTED_EDGE ( 'NONE', *, *, #1063, .F. ) ;
#7035 = ORIENTED_EDGE ( 'NONE', *, *, #3393, .T. ) ;
#7036 = CARTESIAN_POINT ( 'NONE',  ( -6.003118619259592670, -1.370172650835948858, 0.000000000000000000 ) ) ;
#7037 = DIRECTION ( 'NONE',  ( -7.970314984686170449E-17, -3.492023159033191614E-16, 1.000000000000000000 ) ) ;
#7038 = CARTESIAN_POINT ( 'NONE',  ( 4.577589497530961893, -3.650505809508453048, -0.2500000000000000000 ) ) ;
#7039 = EDGE_LOOP ( 'NONE', ( #4336, #6625, #2427, #5814 ) ) ;
#7040 = CARTESIAN_POINT ( 'NONE',  ( -0.2973973986913751033, -4.676592338269685456, -0.5000000000000015543 ) ) ;
#7041 = ORIENTED_EDGE ( 'NONE', *, *, #5774, .T. ) ;
#7042 = DIRECTION ( 'NONE',  ( -0.6031473672326262969, -0.7976297721376449656, -3.266069086541839788E-16 ) ) ;
#7043 = EDGE_CURVE ( 'NONE', #8169, #7476, #7864, .T. ) ;
#7044 = DIRECTION ( 'NONE',  ( 0.000000000000000000, -2.122418608454495059E-16, 1.000000000000000000 ) ) ;
#7045 = EDGE_LOOP ( 'NONE', ( #2238, #4223, #2955, #10815, #7415, #11191, #5609, #3536 ) ) ;
#7046 = CARTESIAN_POINT ( 'NONE',  ( -2.415079429167877656, 3.936415418983388204, 0.000000000000000000 ) ) ;
#7047 = EDGE_LOOP ( 'NONE', ( #2214, #6881, #3916, #9472 ) ) ;
#7048 = CARTESIAN_POINT ( 'NONE',  ( 5.118371538954569644, -1.168234903270670699, 0.4999999999999991673 ) ) ;
#7049 = ORIENTED_EDGE ( 'NONE', *, *, #7318, .F. ) ;
#7050 = CARTESIAN_POINT ( 'NONE',  ( 4.768605100205350666, -2.700661798207160125, -1.460512878341631180E-15 ) ) ;
#7051 = CARTESIAN_POINT ( 'NONE',  ( -2.231807111763033369, 5.667990052715531135, -0.1313876030881676871 ) ) ;
#7052 = CARTESIAN_POINT ( 'NONE',  ( -3.039264482721293792, 5.016949511708703291, 0.1690706089109063892 ) ) ;
#7053 = EDGE_LOOP ( 'NONE', ( #3350, #9756, #9784, #5910 ) ) ;
#7054 = CARTESIAN_POINT ( 'NONE',  ( 7.181005668578280462E-17, -3.458190067500296149E-17, 0.5000000000000000000 ) ) ;
#7055 = EDGE_CURVE ( 'NONE', #1044, #4837, #10870, .T. ) ;
#7056 = ORIENTED_EDGE ( 'NONE', *, *, #2962, .T. ) ;
#7057 = EDGE_CURVE ( 'NONE', #4114, #3834, #5069, .T. ) ;
#7058 = ORIENTED_EDGE ( 'NONE', *, *, #2628, .F. ) ;
#7059 = EDGE_CURVE ( 'NONE', #1684, #4279, #4134, .T. ) ;
#7060 = CARTESIAN_POINT ( 'NONE',  ( -2.415079429167877656, 3.936415418983388204, -7.459652734876320205E-17 ) ) ;
#7061 = ORIENTED_EDGE ( 'NONE', *, *, #7861, .T. ) ;
#7062 = CARTESIAN_POINT ( 'NONE',  ( -8.954567602896607774E-17, 1.122867261495178503E-16, -0.5000000000000000000 ) ) ;
#7063 = CARTESIAN_POINT ( 'NONE',  ( 3.883858019900347180, -2.498724050641802030, 1.571836107868755050 ) ) ;
#7064 = LINE ( 'NONE', #6309, #1522 ) ;
#7065 = SPHERICAL_SURFACE ( 'NONE', #2281, 1.815000000000000169 ) ;
#7066 = ORIENTED_EDGE ( 'NONE', *, *, #1667, .T. ) ;
#7067 = CARTESIAN_POINT ( 'NONE',  ( -1.785469052044889482, 5.576075549824572875, -0.1700533594734415233 ) ) ;
#7068 = CARTESIAN_POINT ( 'NONE',  ( 4.583390897398785135, 0.5661297392311771537, 0.4999999999999993339 ) ) ;
#7069 = CYLINDRICAL_SURFACE ( 'NONE', #10294, 6.968749999999999112 ) ;
#7070 = EDGE_CURVE ( 'NONE', #6035, #8219, #5255, .T. ) ;
#7071 = DIRECTION ( 'NONE',  ( -1.000000000000000000, 0.000000000000000000, 0.000000000000000000 ) ) ;
#7072 = ORIENTED_EDGE ( 'NONE', *, *, #7232, .F. ) ;
#7073 = PLANE ( 'NONE',  #6596 ) ;
#7074 = CARTESIAN_POINT ( 'NONE',  ( 0.000000000000000000, 4.342500000000001137, 1.830752539561563141 ) ) ;
#7075 = LINE ( 'NONE', #1496, #9988 ) ;
#7076 = DIRECTION ( 'NONE',  ( -0.000000000000000000, -1.836970198721029688E-16, 1.000000000000000000 ) ) ;
#7077 = ORIENTED_EDGE ( 'NONE', *, *, #11059, .T. ) ;
#7078 = CARTESIAN_POINT ( 'NONE',  ( -6.022505511281155854, 0.9146046076782986534, -0.1313876030881694079 ) ) ;
#7079 = ORIENTED_EDGE ( 'NONE', *, *, #9821, .T. ) ;
#7080 = FACE_OUTER_BOUND ( 'NONE', #6608, .T. ) ;
#7081 = FACE_OUTER_BOUND ( 'NONE', #7985, .T. ) ;
#7082 = VERTEX_POINT ( 'NONE', #1543 ) ;
#7083 = VECTOR ( 'NONE', #5920, 1000.000000000000114 ) ;
#7084 = EDGE_CURVE ( 'NONE', #657, #2720, #10280, .T. ) ;
#7085 = ORIENTED_EDGE ( 'NONE', *, *, #7029, .T. ) ;
#7086 = CARTESIAN_POINT ( 'NONE',  ( -5.620881357013694846, 1.685246390785955173, -0.5000000000000007772 ) ) ;
#7087 = DIRECTION ( 'NONE',  ( 0.000000000000000000, -1.000000000000000000, -1.836970198721029688E-16 ) ) ;
#7088 = LINE ( 'NONE', #7147, #11286 ) ;
#7089 = DIRECTION ( 'NONE',  ( 0.7818314824680222541, -0.6234898018587432533, 0.000000000000000000 ) ) ;
#7090 = VERTEX_POINT ( 'NONE', #4022 ) ;
#7091 = CARTESIAN_POINT ( 'NONE',  ( 0.000000000000000000, 3.444319122601956857E-17, 2.312499999999998668 ) ) ;
#7092 = ORIENTED_EDGE ( 'NONE', *, *, #11101, .T. ) ;
#7093 = CARTESIAN_POINT ( 'NONE',  ( -4.104615282957117195, 3.273321459758401719, 0.5000000000000000000 ) ) ;
#7094 = DIRECTION ( 'NONE',  ( -0.2225209339563182231, -0.9749279121818227312, -5.662667214319685942E-17 ) ) ;
#7095 = VERTEX_POINT ( 'NONE', #9399 ) ;
#7096 = EDGE_CURVE ( 'NONE', #6486, #6798, #556, .T. ) ;
#7097 = CARTESIAN_POINT ( 'NONE',  ( 2.277889630367151419, -4.730086556487714589, 0.4999999999999981681 ) ) ;
#7098 = ORIENTED_EDGE ( 'NONE', *, *, #10972, .F. ) ;
#7099 = CARTESIAN_POINT ( 'NONE',  ( -4.233624458649579481, -0.9662971557052552063, 1.571836107868755494 ) ) ;
#7100 = ORIENTED_EDGE ( 'NONE', *, *, #1380, .F. ) ;
#7101 = DIRECTION ( 'NONE',  ( 0.9009688679024187019, -0.4338837391175592861, 0.000000000000000000 ) ) ;
#7102 = DIRECTION ( 'NONE',  ( -7.970314984685941186E-17, 3.492023159033203447E-16, -1.000000000000000000 ) ) ;
#7103 = ADVANCED_FACE ( 'NONE', ( #9466 ), #4301, .F. ) ;
#7104 = CYLINDRICAL_SURFACE ( 'NONE', #9624, 5.854956726839295023 ) ;
#7105 = EDGE_LOOP ( 'NONE', ( #11109, #9369, #172, #1878, #723, #5211 ) ) ;
#7106 = PLANE ( 'NONE',  #982 ) ;
#7107 = ORIENTED_EDGE ( 'NONE', *, *, #11033, .F. ) ;
#7108 = VERTEX_POINT ( 'NONE', #5189 ) ;
#7109 = TOROIDAL_SURFACE ( 'NONE', #8606, 5.249999999999999112, 1.814999999999999947 ) ;
#7110 = CYLINDRICAL_SURFACE ( 'NONE', #4512, 0.2041022026635771758 ) ;
#7111 = EDGE_CURVE ( 'NONE', #5619, #4426, #374, .T. ) ;
#7112 = ORIENTED_EDGE ( 'NONE', *, *, #11424, .F. ) ;
#7113 = EDGE_CURVE ( 'NONE', #2720, #9143, #8624, .T. ) ;
#7114 = CARTESIAN_POINT ( 'NONE',  ( 3.429523072411345908, 4.745407228990885962, 0.000000000000000000 ) ) ;
#7115 = DIRECTION ( 'NONE',  ( 1.790913520579326978E-16, 2.245734522990332355E-16, -1.000000000000000000 ) ) ;
#7116 = CARTESIAN_POINT ( 'NONE',  ( -5.805951662544247327, 0.7559388635071010443, -0.1680762712353560118 ) ) ;
#7117 = EDGE_CURVE ( 'NONE', #9510, #8564, #710, .T. ) ;
#7118 = CARTESIAN_POINT ( 'NONE',  ( -4.194667101060325365, -4.085024358248366738, 0.3372078223965018218 ) ) ;
#7119 = CIRCLE ( 'NONE', #11426, 3.434999999999999609 ) ;
#7120 = LINE ( 'NONE', #2670, #6593 ) ;
#7121 = EDGE_LOOP ( 'NONE', ( #833, #6277 ) ) ;
#7122 = LINE ( 'NONE', #7187, #1179 ) ;
#7123 = CARTESIAN_POINT ( 'NONE',  ( -0.4697174657804681353, -5.913699415663534076, 0.4987512509457340815 ) ) ;
#7124 = AXIS2_PLACEMENT_3D ( 'NONE', #1656, #5311, #3489 ) ;
#7125 = LINE ( 'NONE', #8899, #3187 ) ;
#7126 = LINE ( 'NONE', #10647, #382 ) ;
#7127 = CIRCLE ( 'NONE', #7875, 0.9074999999999991962 ) ;
#7128 = ORIENTED_EDGE ( 'NONE', *, *, #7952, .T. ) ;
#7129 = CARTESIAN_POINT ( 'NONE',  ( 0.1401104873024961728, -4.868222060490378311, -1.000000000000001776 ) ) ;
#7130 = ADVANCED_FACE ( 'NONE', ( #3600 ), #5817, .T. ) ;
#7131 = PLANE ( 'NONE',  #3151 ) ;
#7132 = CARTESIAN_POINT ( 'NONE',  ( 6.352885058008793884, 0.1622542441004593827, 0.000000000000000000 ) ) ;
#7133 = DIRECTION ( 'NONE',  ( 0.000000000000000000, -1.000000000000000000, -1.836970198721029688E-16 ) ) ;
#7134 = ORIENTED_EDGE ( 'NONE', *, *, #4438, .T. ) ;
#7135 = CARTESIAN_POINT ( 'NONE',  ( -5.057425556495206642, -3.449779290889329886, -0.2500000000000000555 ) ) ;
#7136 = VERTEX_POINT ( 'NONE', #768 ) ;
#7137 = CIRCLE ( 'NONE', #2260, 6.968749999999999112 ) ;
#7138 = AXIS2_PLACEMENT_3D ( 'NONE', #5940, #1526, #10268 ) ;
#7139 = CARTESIAN_POINT ( 'NONE',  ( 0.5549598885182890351, -5.828596554514346550, -1.069247217469519083E-13 ) ) ;
#7140 = AXIS2_PLACEMENT_3D ( 'NONE', #5721, #3247, #6827 ) ;
#7141 = CARTESIAN_POINT ( 'NONE',  ( -6.309435231926608267, 2.038964159748317684, -0.6893398282201796956 ) ) ;
#7142 = ADVANCED_FACE ( 'NONE', ( #891 ), #8116, .F. ) ;
#7143 = VERTEX_POINT ( 'NONE', #8811 ) ;
#7144 = CIRCLE ( 'NONE', #6021, 3.531249999999997780 ) ;
#7145 = DIRECTION ( 'NONE',  ( 0.6234898018587431423, 0.7818314824680221431, -0.000000000000000000 ) ) ;
#7146 = CYLINDRICAL_SURFACE ( 'NONE', #6980, 4.618222060490380088 ) ;
#7147 = CARTESIAN_POINT ( 'NONE',  ( 4.799931324454290049, -4.574604580850397006, -1.000000000000001998 ) ) ;
#7148 = CARTESIAN_POINT ( 'NONE',  ( 4.583390897398785135, 0.5661297392311771537, -0.5000000000000006661 ) ) ;
#7149 = VERTEX_POINT ( 'NONE', #7996 ) ;
#7150 = AXIS2_PLACEMENT_3D ( 'NONE', #3342, #7037, #10607 ) ;
#7151 = VERTEX_POINT ( 'NONE', #7060 ) ;
#7152 = ADVANCED_FACE ( 'NONE', ( #3426 ), #9818, .F. ) ;
#7153 = AXIS2_PLACEMENT_3D ( 'NONE', #6070, #6840, #7764 ) ;
#7154 = FACE_OUTER_BOUND ( 'NONE', #10568, .T. ) ;
#7155 = CIRCLE ( 'NONE', #1532, 2.043333333333333002 ) ;
#7156 = DIRECTION ( 'NONE',  ( 1.436201133715639822E-16, -6.916380135000388919E-17, 1.000000000000000000 ) ) ;
#7157 = ORIENTED_EDGE ( 'NONE', *, *, #1030, .F. ) ;
#7158 = AXIS2_PLACEMENT_3D ( 'NONE', #1267, #10122, #9259 ) ;
#7159 = CARTESIAN_POINT ( 'NONE',  ( 4.814127353296902001, 3.839138454945143053, -4.258761068126614905E-16 ) ) ;
#7160 = ORIENTED_EDGE ( 'NONE', *, *, #5645, .T. ) ;
#7161 = PLANE ( 'NONE',  #2827 ) ;
#7162 = ORIENTED_EDGE ( 'NONE', *, *, #5020, .F. ) ;
#7163 = CARTESIAN_POINT ( 'NONE',  ( 2.671639123616330380, -5.547715804109162541, -1.830752539561564474 ) ) ;
#7164 = CARTESIAN_POINT ( 'NONE',  ( 0.000000000000000000, 9.184850993605157805E-16, -2.500000000000005329 ) ) ;
#7165 = CIRCLE ( 'NONE', #6427, 5.854956726839295023 ) ;
#7166 = FACE_OUTER_BOUND ( 'NONE', #5543, .T. ) ;
#7167 = ORIENTED_EDGE ( 'NONE', *, *, #5547, .T. ) ;
#7168 = CARTESIAN_POINT ( 'NONE',  ( -2.237903063308955609, 5.698273448560723153, -0.2500000000000000000 ) ) ;
#7169 = CIRCLE ( 'NONE', #6793, 4.618222060490380088 ) ;
#7170 = ORIENTED_EDGE ( 'NONE', *, *, #6893, .F. ) ;
#7171 = ADVANCED_FACE ( 'NONE', ( #6119 ), #2729, .F. ) ;
#7172 = CIRCLE ( 'NONE', #6429, 1.744770758581195791 ) ;
#7173 = ORIENTED_EDGE ( 'NONE', *, *, #1745, .T. ) ;
#7174 = AXIS2_PLACEMENT_3D ( 'NONE', #8430, #2211, #548 ) ;
#7175 = AXIS2_PLACEMENT_3D ( 'NONE', #10657, #2624, #6201 ) ;
#7176 = DIRECTION ( 'NONE',  ( -0.6234898018587320401, 0.7818314824680310249, 1.436201133715656092E-16 ) ) ;
#7177 = ORIENTED_EDGE ( 'NONE', *, *, #23, .T. ) ;
#7178 = CARTESIAN_POINT ( 'NONE',  ( 4.104615282957162492, 3.273321459758343543, -3.631099570875311634E-16 ) ) ;
#7179 = AXIS2_PLACEMENT_3D ( 'NONE', #2578, #5985, #8744 ) ;
#7180 = DIRECTION ( 'NONE',  ( 1.000000000000000000, 0.000000000000000000, -0.000000000000000000 ) ) ;
#7181 = CARTESIAN_POINT ( 'NONE',  ( 3.985157492342970593E-17, -1.746011579516601723E-16, 0.5000000000000000000 ) ) ;
#7182 = DIRECTION ( 'NONE',  ( -0.2225209339563252176, 0.9749279121818211769, 9.938820221107359411E-17 ) ) ;
#7183 = AXIS2_PLACEMENT_3D ( 'NONE', #761, #4360, #1779 ) ;
#7184 = AXIS2_PLACEMENT_3D ( 'NONE', #6532, #10821, #8300 ) ;
#7185 = ORIENTED_EDGE ( 'NONE', *, *, #5344, .T. ) ;
#7186 = AXIS2_PLACEMENT_3D ( 'NONE', #6091, #552, #798 ) ;
#7187 = CARTESIAN_POINT ( 'NONE',  ( 5.848381429644155638, 0.2774039050808433937, 0.4999999999999991673 ) ) ;
#7188 = EDGE_CURVE ( 'NONE', #1188, #1569, #11581, .T. ) ;
#7189 = CARTESIAN_POINT ( 'NONE',  ( 3.883858019900346736, -2.498724050641801586, 0.000000000000000000 ) ) ;
#7190 = CIRCLE ( 'NONE', #4582, 1.981214554537471306 ) ;
#7191 = CARTESIAN_POINT ( 'NONE',  ( 3.718771810570242753, -3.144829597896433793, -0.5000000000000013323 ) ) ;
#7192 = DIRECTION ( 'NONE',  ( 0.000000000000000000, 1.836970198721029688E-16, -1.000000000000000000 ) ) ;
#7193 = EDGE_LOOP ( 'NONE', ( #9440, #5650 ) ) ;
#7194 = CARTESIAN_POINT ( 'NONE',  ( 5.118371538954569644, -1.168234903270670699, -1.179010624569937576E-15 ) ) ;
#7195 = DIRECTION ( 'NONE',  ( -0.7818314824680221431, 0.6234898018587431423, -6.916380135000388919E-17 ) ) ;
#7196 = VERTEX_POINT ( 'NONE', #6242 ) ;
#7197 = DIRECTION ( 'NONE',  ( -0.2225209339563182231, -0.9749279121818227312, -5.662667214319685942E-17 ) ) ;
#7198 = ADVANCED_FACE ( 'NONE', ( #9746 ), #7110, .F. ) ;
#7199 = VECTOR ( 'NONE', #4342, 1000.000000000000000 ) ;
#7200 = ORIENTED_EDGE ( 'NONE', *, *, #8837, .T. ) ;
#7201 = ADVANCED_FACE ( 'NONE', ( #5242 ), #6935, .T. ) ;
#7202 = AXIS2_PLACEMENT_3D ( 'NONE', #2331, #2430, #11411 ) ;
#7203 = CARTESIAN_POINT ( 'NONE',  ( -3.039264482721293792, 5.016949511708703291, 0.000000000000000000 ) ) ;
#7204 = EDGE_CURVE ( 'NONE', #11320, #1729, #8992, .T. ) ;
#7205 = DIRECTION ( 'NONE',  ( -0.000000000000000000, -0.000000000000000000, -1.000000000000000000 ) ) ;
#7206 = ORIENTED_EDGE ( 'NONE', *, *, #6254, .T. ) ;
#7207 = CARTESIAN_POINT ( 'NONE',  ( -2.238477577586309497, 4.325324856417221753, -1.000000000000000000 ) ) ;
#7208 = CARTESIAN_POINT ( 'NONE',  ( 8.954567602896607774E-17, -1.122867261495178503E-16, 0.5000000000000000000 ) ) ;
#7209 = DIRECTION ( 'NONE',  ( -0.9009688679024157043, 0.4338837391175651703, 2.073466413476134464E-16 ) ) ;
#7210 = CARTESIAN_POINT ( 'NONE',  ( -3.834103569847338466, 5.068049409357006319, 2.407412430484044816E-32 ) ) ;
#7211 = EDGE_LOOP ( 'NONE', ( #7839, #8411, #6164, #8937 ) ) ;
#7212 = CARTESIAN_POINT ( 'NONE',  ( -8.954567602896607774E-17, 1.122867261495178503E-16, -0.5000000000000000000 ) ) ;
#7213 = VERTEX_POINT ( 'NONE', #1837 ) ;
#7214 = EDGE_CURVE ( 'NONE', #6486, #1219, #4697, .T. ) ;
#7215 = DIRECTION ( 'NONE',  ( 0.6031473672326360669, -0.7976297721376375272, 0.000000000000000000 ) ) ;
#7216 = DIRECTION ( 'NONE',  ( 0.9749279121818227312, -0.2225209339563181954, 0.000000000000000000 ) ) ;
#7217 = ORIENTED_EDGE ( 'NONE', *, *, #9623, .F. ) ;
#7218 = CARTESIAN_POINT ( 'NONE',  ( -2.277889630367217144, -4.730086556487682614, -1.833312158492425881E-15 ) ) ;
#7219 = ORIENTED_EDGE ( 'NONE', *, *, #2544, .T. ) ;
#7220 = CARTESIAN_POINT ( 'NONE',  ( 4.346940133448076615, -4.056375511256423039, -0.005989781583923475990 ) ) ;
#7222 = EDGE_CURVE ( 'NONE', #2089, #1999, #3197, .T. ) ;
#7221 = VERTEX_POINT ( 'NONE', #835 ) ;
#7223 = PLANE ( 'NONE',  #1155 ) ;
#7224 = DIRECTION ( 'NONE',  ( -0.6234898018587267110, -0.7818314824680352437, -6.391696352470581527E-17 ) ) ;
#7225 = DIRECTION ( 'NONE',  ( -0.4338837391175652258, -0.9009688679024155933, -3.492023159033192107E-16 ) ) ;
#7226 = ORIENTED_EDGE ( 'NONE', *, *, #5507, .F. ) ;
#7227 = CARTESIAN_POINT ( 'NONE',  ( 5.029257905441473220, -3.437097488048992844, -0.1313876030881657442 ) ) ;
#7228 = EDGE_LOOP ( 'NONE', ( #4350, #5556, #1263, #8510 ) ) ;
#7229 = ORIENTED_EDGE ( 'NONE', *, *, #6623, .F. ) ;
#7230 = CARTESIAN_POINT ( 'NONE',  ( -4.814127353296846934, 3.839138454945211443, -1.571836107868756827 ) ) ;
#7231 = EDGE_LOOP ( 'NONE', ( #3477, #3202, #1702, #5474, #3955, #4699 ) ) ;
#7232 = EDGE_CURVE ( 'NONE', #6695, #5410, #8810, .T. ) ;
#7233 = CARTESIAN_POINT ( 'NONE',  ( 0.000000000000000000, 0.000000000000000000, 0.000000000000000000 ) ) ;
#7234 = DIRECTION ( 'NONE',  ( 1.000000000000000000, 0.000000000000000000, 0.000000000000000000 ) ) ;
#7235 = FACE_OUTER_BOUND ( 'NONE', #6270, .T. ) ;
#7236 = CARTESIAN_POINT ( 'NONE',  ( 5.079122790470003146, -2.912564154227151203, 0.4999999999999993339 ) ) ;
#7237 = ORIENTED_EDGE ( 'NONE', *, *, #6030, .F. ) ;
#7238 = CARTESIAN_POINT ( 'NONE',  ( 1.785469052044889482, 5.576075549824572875, -0.1706127626410379183 ) ) ;
#7239 = CARTESIAN_POINT ( 'NONE',  ( 5.589651465188737234, 1.822073486975209544, 0.000000000000000000 ) ) ;
#7240 = CARTESIAN_POINT ( 'NONE',  ( -2.277889630367217144, -4.730086556487682614, 0.4999999999999981681 ) ) ;
#7241 = CARTESIAN_POINT ( 'NONE',  ( 2.415079429167933611, 3.936415418983353565, 0.5000000000000000000 ) ) ;
#7242 = ORIENTED_EDGE ( 'NONE', *, *, #6661, .F. ) ;
#7243 = LINE ( 'NONE', #10827, #5126 ) ;
#7244 = CARTESIAN_POINT ( 'NONE',  ( -5.567464084207100150, 1.846687485750842628, 0.000000000000000000 ) ) ;
#7245 = DIRECTION ( 'NONE',  ( -1.000000000000000000, -1.739922604748386508E-15, 1.242801860534561791E-16 ) ) ;
#7246 = EDGE_CURVE ( 'NONE', #7933, #3210, #6566, .T. ) ;
#7247 = VERTEX_POINT ( 'NONE', #7230 ) ;
#7248 = CARTESIAN_POINT ( 'NONE',  ( -0.4561072009509666292, -6.104956726839297687, -0.2083800311308726394 ) ) ;
#7249 = ORIENTED_EDGE ( 'NONE', *, *, #1987, .F. ) ;
#7250 = CARTESIAN_POINT ( 'NONE',  ( -4.104615282957117195, 3.273321459758401719, -3.631099570875204645E-16 ) ) ;
#7251 = DIRECTION ( 'NONE',  ( -0.000000000000000000, -1.836970198721029688E-16, 1.000000000000000000 ) ) ;
#7252 = EDGE_CURVE ( 'NONE', #4034, #10739, #1117, .T. ) ;
#7253 = ORIENTED_EDGE ( 'NONE', *, *, #2971, .F. ) ;
#7254 = EDGE_CURVE ( 'NONE', #10685, #5719, #3761, .T. ) ;
#7255 = AXIS2_PLACEMENT_3D ( 'NONE', #9088, #10838, #6449 ) ;
#7256 = DIRECTION ( 'NONE',  ( -1.000000000000000000, 0.000000000000000000, 0.000000000000000000 ) ) ;
#7257 = DIRECTION ( 'NONE',  ( 0.2225209339563182231, 0.9749279121818228422, 1.851768037012963116E-16 ) ) ;
#7258 = CARTESIAN_POINT ( 'NONE',  ( 4.583390897398785135, 0.5661297392311771537, 0.000000000000000000 ) ) ;
#7259 = EDGE_CURVE ( 'NONE', #5986, #7957, #9187, .T. ) ;
#7260 = CYLINDRICAL_SURFACE ( 'NONE', #2714, 5.854956726839295023 ) ;
#7261 = VERTEX_POINT ( 'NONE', #5483 ) ;
#7262 = DIRECTION ( 'NONE',  ( 0.9009688679024216995, 0.4338837391175526248, 7.042984236905964948E-17 ) ) ;
#7263 = EDGE_LOOP ( 'NONE', ( #7808, #8087, #8451, #8311, #3903, #932, #5875, #4050 ) ) ;
#7264 = CARTESIAN_POINT ( 'NONE',  ( -3.395103212617387012, 2.707504464571592440, -3.003438073623919616E-16 ) ) ;
#7265 = AXIS2_PLACEMENT_3D ( 'NONE', #5040, #8611, #8852 ) ;
#7266 = CARTESIAN_POINT ( 'NONE',  ( -5.029257905441427923, -3.437097488049060789, 0.4669859836141802001 ) ) ;
#7267 = ORIENTED_EDGE ( 'NONE', *, *, #2797, .T. ) ;
#7268 = DIRECTION ( 'NONE',  ( -0.000000000000000000, -0.000000000000000000, -1.000000000000000000 ) ) ;
#7269 = EDGE_LOOP ( 'NONE', ( #8235, #1897, #8750, #6233 ) ) ;
#7270 = CARTESIAN_POINT ( 'NONE',  ( 4.245533895084506071, -4.066890364875010100, 0.000000000000000000 ) ) ;
#7271 = ORIENTED_EDGE ( 'NONE', *, *, #6087, .F. ) ;
#7272 = CARTESIAN_POINT ( 'NONE',  ( -2.339742150879213778, 6.204188460871741917, 0.09181046656276732609 ) ) ;
#7273 = ADVANCED_FACE ( 'NONE', ( #6474 ), #9055, .F. ) ;
#7274 = CARTESIAN_POINT ( 'NONE',  ( 0.000000000000000000, 8.725608443924895083E-16, -2.250000000000002220 ) ) ;
#7275 = CARTESIAN_POINT ( 'NONE',  ( 5.814555160701784686, 0.6866342230889329601, -0.5000000000000007772 ) ) ;
#7276 = ORIENTED_EDGE ( 'NONE', *, *, #6286, .T. ) ;
#7277 = CARTESIAN_POINT ( 'NONE',  ( -3.883858019900379599, -2.498724050641747851, 0.4999999999999988343 ) ) ;
#7278 = ORIENTED_EDGE ( 'NONE', *, *, #2180, .F. ) ;
#7279 = EDGE_LOOP ( 'NONE', ( #4735, #8306 ) ) ;
#7280 = ADVANCED_FACE ( 'NONE', ( #3719 ), #10864, .T. ) ;
#7281 = DIRECTION ( 'NONE',  ( 7.970314984685941186E-17, -3.492023159033203447E-16, 1.000000000000000000 ) ) ;
#7282 = ORIENTED_EDGE ( 'NONE', *, *, #7892, .T. ) ;
#7283 = CARTESIAN_POINT ( 'NONE',  ( -5.833575934969728038, 0.4999100760164554846, 1.027403880348036144E-17 ) ) ;
#7284 = CARTESIAN_POINT ( 'NONE',  ( -3.001673434797385465, 5.075574838233038122, 0.4999999999999998890 ) ) ;
#7285 = CARTESIAN_POINT ( 'NONE',  ( -3.059779840274896578, 5.302478452986589375, -0.2500000000000000000 ) ) ;
#7286 = ORIENTED_EDGE ( 'NONE', *, *, #10206, .F. ) ;
#7287 = EDGE_CURVE ( 'NONE', #8079, #11452, #11060, .T. ) ;
#7288 = CARTESIAN_POINT ( 'NONE',  ( 4.375126996066917684, 1.478593510159734059, 0.4999999999999994449 ) ) ;
#7289 = ORIENTED_EDGE ( 'NONE', *, *, #5603, .T. ) ;
#7290 = CARTESIAN_POINT ( 'NONE',  ( 0.000000000000000000, 3.521102590960382430E-16, 0.5832010266623207650 ) ) ;
#7291 = DIRECTION ( 'NONE',  ( -1.790913520579326978E-16, -2.245734522990332355E-16, 1.000000000000000000 ) ) ;
#7292 = EDGE_LOOP ( 'NONE', ( #1095, #9833, #10787, #2169 ) ) ;
#7293 = CARTESIAN_POINT ( 'NONE',  ( -1.785469052044889482, 5.576075549824572875, -1.670995310236613891E-17 ) ) ;
#7294 = AXIS2_PLACEMENT_3D ( 'NONE', #786, #4386, #7955 ) ;
#7295 = CARTESIAN_POINT ( 'NONE',  ( -2.031718491611766542, 5.708267257411070439, -1.885160653978395162 ) ) ;
#7296 = EDGE_LOOP ( 'NONE', ( #10615, #7253, #4910, #3675 ) ) ;
#7297 = PLANE ( 'NONE',  #3077 ) ;
#7298 = EDGE_LOOP ( 'NONE', ( #8907, #5456, #4726, #5388 ) ) ;
#7299 = EDGE_CURVE ( 'NONE', #11269, #279, #6414, .T. ) ;
#7300 = CARTESIAN_POINT ( 'NONE',  ( 2.277889630367151419, -4.730086556487714589, -1.833312158492431403E-15 ) ) ;
#7301 = AXIS2_PLACEMENT_3D ( 'NONE', #11295, #6711, #4201 ) ;
#7302 = VECTOR ( 'NONE', #10511, 1000.000000000000114 ) ;
#7303 = CARTESIAN_POINT ( 'NONE',  ( -3.718771810570201453, -3.144829597896483087, -0.5000000000000013323 ) ) ;
#7304 = EDGE_CURVE ( 'NONE', #7903, #3755, #9934, .T. ) ;
#7305 = ORIENTED_EDGE ( 'NONE', *, *, #1623, .F. ) ;
#7306 = FACE_OUTER_BOUND ( 'NONE', #3143, .T. ) ;
#7307 = CARTESIAN_POINT ( 'NONE',  ( 2.532483180689871105, 4.030041786577060137, -0.5000000000000000000 ) ) ;
#7308 = DIRECTION ( 'NONE',  ( 1.000000000000000000, 0.000000000000000000, 0.000000000000000000 ) ) ;
#7309 = AXIS2_PLACEMENT_3D ( 'NONE', #8211, #2002, #10975 ) ;
#7310 = CARTESIAN_POINT ( 'NONE',  ( 3.300315535752635476, -3.230463181104189285, 0.4999999999999987232 ) ) ;
#7311 = AXIS2_PLACEMENT_3D ( 'NONE', #876, #9627, #9859 ) ;
#7312 = ORIENTED_EDGE ( 'NONE', *, *, #4390, .F. ) ;
#7313 = DIRECTION ( 'NONE',  ( 0.4338837391175525138, -0.9009688679024220326, 0.000000000000000000 ) ) ;
#7314 = VERTEX_POINT ( 'NONE', #8221 ) ;
#7315 = AXIS2_PLACEMENT_3D ( 'NONE', #11276, #7512, #10219 ) ;
#7316 = DIRECTION ( 'NONE',  ( -0.6234898018587320401, 0.7818314824680310249, 0.000000000000000000 ) ) ;
#7317 = CARTESIAN_POINT ( 'NONE',  ( -1.986007203333995941, 4.446908180657974441, -0.5000000000000000000 ) ) ;
#7318 = EDGE_CURVE ( 'NONE', #10800, #6360, #9814, .T. ) ;
#7319 = ORIENTED_EDGE ( 'NONE', *, *, #5844, .F. ) ;
#7320 = CONICAL_SURFACE ( 'NONE', #957, 7.750000000000003553, 0.7853981633974380649 ) ;
#7321 = ADVANCED_FACE ( 'NONE', ( #1111 ), #1237, .T. ) ;
#7322 = DIRECTION ( 'NONE',  ( -2.368866679808411896E-16, 0.000000000000000000, 1.000000000000000000 ) ) ;
#7323 = EDGE_LOOP ( 'NONE', ( #8868, #2183, #10683, #2623, #322, #4355, #11379 ) ) ;
#7324 = CARTESIAN_POINT ( 'NONE',  ( -6.003118619259592670, -1.370172650835948858, 0.000000000000000000 ) ) ;
#7325 = ORIENTED_EDGE ( 'NONE', *, *, #5407, .F. ) ;
#7327 = CIRCLE ( 'NONE', #3972, 1.744770758581195791 ) ;
#7326 = DIRECTION ( 'NONE',  ( 0.000000000000000000, 0.000000000000000000, 1.000000000000000000 ) ) ;
#7328 = DIRECTION ( 'NONE',  ( -0.9749279121818257288, -0.2225209339563054001, -2.245734522990333341E-16 ) ) ;
#7329 = CARTESIAN_POINT ( 'NONE',  ( -5.595737854313475701, -3.155024401952278179, -1.203706215242022408E-31 ) ) ;
#7330 = ORIENTED_EDGE ( 'NONE', *, *, #2693, .F. ) ;
#7331 = DIRECTION ( 'NONE',  ( -1.000000000000000000, 0.000000000000000000, 0.000000000000000000 ) ) ;
#7332 = AXIS2_PLACEMENT_3D ( 'NONE', #1466, #9388, #5895 ) ;
#7333 = ORIENTED_EDGE ( 'NONE', *, *, #4757, .F. ) ;
#7334 = AXIS2_PLACEMENT_3D ( 'NONE', #8464, #416, #1969 ) ;
#7335 = AXIS2_PLACEMENT_3D ( 'NONE', #3846, #131, #2014 ) ;
#7336 = VECTOR ( 'NONE', #83, 1000.000000000000114 ) ;
#7337 = ADVANCED_FACE ( 'NONE', ( #5717 ), #245, .T. ) ;
#7338 = EDGE_CURVE ( 'NONE', #1406, #10656, #5827, .T. ) ;
#7339 = CIRCLE ( 'NONE', #3046, 1.815000000000000169 ) ;
#7340 = EDGE_CURVE ( 'NONE', #2528, #2048, #1180, .T. ) ;
#7341 = CARTESIAN_POINT ( 'NONE',  ( -5.822922039428680030, 1.789036932132483271, -0.1313876030881692136 ) ) ;
#7342 = EDGE_LOOP ( 'NONE', ( #7800, #8919, #3127, #10476 ) ) ;
#7343 = AXIS2_PLACEMENT_3D ( 'NONE', #11202, #1403, #8560 ) ;
#7344 = VECTOR ( 'NONE', #8673, 1000.000000000000000 ) ;
#7345 = DIRECTION ( 'NONE',  ( 1.000000000000000000, 0.000000000000000000, 0.000000000000000000 ) ) ;
#7346 = AXIS2_PLACEMENT_3D ( 'NONE', #228, #3828, #7392 ) ;
#7347 = CARTESIAN_POINT ( 'NONE',  ( 0.000000000000000000, 0.000000000000000000, 0.5000000000000000000 ) ) ;
#7348 = CARTESIAN_POINT ( 'NONE',  ( -4.959967455615376331, -3.405901140802001681, -0.5000000000000016653 ) ) ;
#7349 = CARTESIAN_POINT ( 'NONE',  ( 4.814127353296902001, 3.839138454945143941, 1.830752539561561809 ) ) ;
#7350 = VERTEX_POINT ( 'NONE', #8350 ) ;
#7351 = CIRCLE ( 'NONE', #2493, 5.854956726839295023 ) ;
#7352 = VECTOR ( 'NONE', #1080, 1000.000000000000114 ) ;
#7353 = EDGE_CURVE ( 'NONE', #1945, #2046, #8817, .T. ) ;
#7354 = CARTESIAN_POINT ( 'NONE',  ( 5.029257905441473220, -3.437097488048992400, -1.979745477316906310 ) ) ;
#7355 = CIRCLE ( 'NONE', #10548, 2.043333333333333446 ) ;
#7356 = DIRECTION ( 'NONE',  ( 0.6234898018587429203, 0.7818314824680223651, 1.436201133715639576E-16 ) ) ;
#7357 = ORIENTED_EDGE ( 'NONE', *, *, #3800, .F. ) ;
#7358 = CARTESIAN_POINT ( 'NONE',  ( -3.985157492342970593E-17, 1.746011579516601723E-16, -0.5000000000000000000 ) ) ;
#7359 = DIRECTION ( 'NONE',  ( 1.000000000000000000, 0.000000000000000000, 0.000000000000000000 ) ) ;
#7360 = ORIENTED_EDGE ( 'NONE', *, *, #5265, .F. ) ;
#7361 = CARTESIAN_POINT ( 'NONE',  ( -4.375126996066896368, 1.478593510159793567, -0.5000000000000004441 ) ) ;
#7362 = AXIS2_PLACEMENT_3D ( 'NONE', #8523, #10272, #4246 ) ;
#7363 = AXIS2_PLACEMENT_3D ( 'NONE', #10799, #3652, #10909 ) ;
#7364 = DIRECTION ( 'NONE',  ( 0.9009688679024158153, -0.4338837391175651703, -6.214009302672810188E-17 ) ) ;
#7365 = ADVANCED_FACE ( 'NONE', ( #3890 ), #3001, .T. ) ;
#7366 = VERTEX_POINT ( 'NONE', #6647 ) ;
#7367 = LINE ( 'NONE', #1205, #3256 ) ;
#7368 = CIRCLE ( 'NONE', #10185, 1.815000000000000169 ) ;
#7369 = VERTEX_POINT ( 'NONE', #5892 ) ;
#7370 = AXIS2_PLACEMENT_3D ( 'NONE', #3065, #6643, #8215 ) ;
#7371 = DIRECTION ( 'NONE',  ( 0.000000000000000000, -1.000000000000000000, -1.577021341797101012E-16 ) ) ;
#7372 = CIRCLE ( 'NONE', #8318, 1.981214554537471306 ) ;
#7373 = DIRECTION ( 'NONE',  ( -0.2225209339563182231, -0.9749279121818227312, -2.329518370037001258E-16 ) ) ;
#7374 = AXIS2_PLACEMENT_3D ( 'NONE', #3144, #3964, #6719 ) ;
#7375 = ORIENTED_EDGE ( 'NONE', *, *, #4886, .F. ) ;
#7376 = PLANE ( 'NONE',  #2778 ) ;
#7377 = EDGE_CURVE ( 'NONE', #8623, #9346, #9385, .T. ) ;
#7378 = CARTESIAN_POINT ( 'NONE',  ( 0.000000000000000000, 2.749999999999993783, -2.500000000000003997 ) ) ;
#7379 = DIRECTION ( 'NONE',  ( -0.2225209339563050392, 0.9749279121818257288, 3.015560319726679692E-16 ) ) ;
#7380 = AXIS2_PLACEMENT_3D ( 'NONE', #7967, #6324, #10659 ) ;
#7381 = DIRECTION ( 'NONE',  ( 1.000000000000000000, 0.000000000000000000, 0.000000000000000000 ) ) ;
#7382 = ORIENTED_EDGE ( 'NONE', *, *, #3566, .T. ) ;
#7383 = CARTESIAN_POINT ( 'NONE',  ( 5.527994894309681051, -3.661641740954598045, -0.2500000000000023870 ) ) ;
#7384 = EDGE_LOOP ( 'NONE', ( #3216, #3528, #7898 ) ) ;
#7385 = EDGE_CURVE ( 'NONE', #10873, #5757, #5618, .T. ) ;
#7386 = DIRECTION ( 'NONE',  ( 0.2225209339563118116, 0.9749279121818242855, 2.587945019047908278E-16 ) ) ;
#7387 = DIRECTION ( 'NONE',  ( 0.2225209339563050392, -0.9749279121818257288, -1.790913520579326978E-16 ) ) ;
#7388 = ORIENTED_EDGE ( 'NONE', *, *, #8768, .F. ) ;
#7389 = SPHERICAL_SURFACE ( 'NONE', #188, 2.043333333333333002 ) ;
#7390 = ORIENTED_EDGE ( 'NONE', *, *, #4857, .T. ) ;
#7391 = PLANE ( 'NONE',  #7309 ) ;
#7392 = DIRECTION ( 'NONE',  ( 0.000000000000000000, 0.000000000000000000, 1.000000000000000000 ) ) ;
#7393 = ORIENTED_EDGE ( 'NONE', *, *, #707, .F. ) ;
#7394 = DIRECTION ( 'NONE',  ( -0.6234898018587431423, -0.7818314824680221431, -2.872402267431296407E-16 ) ) ;
#7395 = DIRECTION ( 'NONE',  ( -0.2225209339563054001, 0.9749279121818257288, 1.790913520579326732E-16 ) ) ;
#7396 = CARTESIAN_POINT ( 'NONE',  ( -4.482330168068105358, -4.154594228884170626, -0.1680249406405552870 ) ) ;
#7397 = ORIENTED_EDGE ( 'NONE', *, *, #6761, .T. ) ;
#7398 = CARTESIAN_POINT ( 'NONE',  ( 3.024190729766950803, 5.260135908819990824, -0.08748657323257415241 ) ) ;
#7399 = ORIENTED_EDGE ( 'NONE', *, *, #4559, .F. ) ;
#7400 = ADVANCED_FACE ( 'NONE', ( #5120 ), #4061, .T. ) ;
#7401 =( BOUNDED_CURVE ( )  B_SPLINE_CURVE ( 3, ( #1479, #6069, #8640, #10458 ),
 .UNSPECIFIED., .F., .F. ) 
 B_SPLINE_CURVE_WITH_KNOTS ( ( 4, 4 ),
 ( 0.000000000000000000, 1.272986069724405533 ),
 .UNSPECIFIED. ) 
 CURVE ( )  GEOMETRIC_REPRESENTATION_ITEM ( )  RATIONAL_B_SPLINE_CURVE ( ( 1.000000000000000000, 0.8694567765201488552, 0.8694567765201488552, 1.000000000000000000 ) ) 
 REPRESENTATION_ITEM ( '' )  );
#7402 = DIRECTION ( 'NONE',  ( -0.000000000000000000, -0.000000000000000000, -1.000000000000000000 ) ) ;
#7403 = ORIENTED_EDGE ( 'NONE', *, *, #4857, .F. ) ;
#7404 = FACE_OUTER_BOUND ( 'NONE', #8697, .T. ) ;
#7405 = EDGE_CURVE ( 'NONE', #4606, #2089, #10697, .T. ) ;
#7406 = CARTESIAN_POINT ( 'NONE',  ( -2.992045089753466058, 5.111620185030345986, 0.4991265762601331812 ) ) ;
#7407 = EDGE_CURVE ( 'NONE', #3024, #10966, #4707, .T. ) ;
#7408 = LINE ( 'NONE', #2951, #6436 ) ;
#7409 = PRODUCT_RELATED_PRODUCT_CATEGORY ( 'detail', '', ( #6406 ) ) ;
#7410 = ADVANCED_FACE ( 'NONE', ( #1285 ), #3175, .F. ) ;
#7411 = CARTESIAN_POINT ( 'NONE',  ( 0.000000000000000000, -3.531249999999996447, -2.109375000000003553 ) ) ;
#7412 = ORIENTED_EDGE ( 'NONE', *, *, #4478, .F. ) ;
#7413 = CARTESIAN_POINT ( 'NONE',  ( 6.309435231926579846, 2.038964159748405169, -1.701502775549894375 ) ) ;
#7414 = CARTESIAN_POINT ( 'NONE',  ( 3.124591499507673564, 4.502232414170153518, -3.631099570875311634E-16 ) ) ;
#7415 = ORIENTED_EDGE ( 'NONE', *, *, #870, .F. ) ;
#7416 = CARTESIAN_POINT ( 'NONE',  ( 5.848381429644155638, 0.2774039050808433937, 0.4999999999999991673 ) ) ;
#7417 = ORIENTED_EDGE ( 'NONE', *, *, #9941, .F. ) ;
#7418 = CARTESIAN_POINT ( 'NONE',  ( 8.534257381558117470E-16, 6.968750000000000000, -2.312499999999999556 ) ) ;
#7419 = CARTESIAN_POINT ( 'NONE',  ( 1.830752539561562253, 6.157500000000000639, 0.000000000000000000 ) ) ;
#7420 = ADVANCED_FACE ( 'NONE', ( #3125 ), #5053, .F. ) ;
#7421 = ORIENTED_EDGE ( 'NONE', *, *, #152, .T. ) ;
#7422 = DIRECTION ( 'NONE',  ( -1.790913520579321555E-16, 2.245734522990357007E-16, -1.000000000000000000 ) ) ;
#7423 = B_SPLINE_CURVE_WITH_KNOTS ( 'NONE', 3,
 ( #4427, #1710, #3420, #4298 ),
 .UNSPECIFIED., .F., .F.,
 ( 4, 4 ),
 ( 0.0005065015518760944326, 0.001011135659924387951 ),
 .UNSPECIFIED. ) ;
#7424 = ORIENTED_EDGE ( 'NONE', *, *, #10025, .F. ) ;
#7425 = FACE_OUTER_BOUND ( 'NONE', #5168, .T. ) ;
#7426 = EDGE_CURVE ( 'NONE', #6084, #2535, #5269, .T. ) ;
#7427 = LINE ( 'NONE', #204, #6274 ) ;
#7428 = EDGE_LOOP ( 'NONE', ( #3823, #4594, #5670, #9318 ) ) ;
#7429 = DIRECTION ( 'NONE',  ( -0.000000000000000000, -1.836970198721029688E-16, 1.000000000000000000 ) ) ;
#7430 = CARTESIAN_POINT ( 'NONE',  ( -4.104615282957117195, 3.273321459758401719, 0.000000000000000000 ) ) ;
#7431 = DIRECTION ( 'NONE',  ( -1.790913520579326978E-16, 2.245734522990332355E-16, -1.000000000000000000 ) ) ;
#7432 = DIRECTION ( 'NONE',  ( -0.4338837391175517921, 0.9009688679024220326, 2.800385145533142492E-16 ) ) ;
#7433 = ORIENTED_EDGE ( 'NONE', *, *, #9907, .F. ) ;
#7434 = DIRECTION ( 'NONE',  ( 1.000000000000000000, 0.000000000000000000, 0.000000000000000000 ) ) ;
#7435 = VERTEX_POINT ( 'NONE', #3074 ) ;
#7436 = CARTESIAN_POINT ( 'NONE',  ( 0.000000000000000000, 8.000000000000000000, 2.249999999999999556 ) ) ;
#7437 = ADVANCED_FACE ( 'NONE', ( #1412 ), #8570, .F. ) ;
#7438 = CARTESIAN_POINT ( 'NONE',  ( 6.003118619259574018, -1.370172650836029682, -1.382811032531312544E-15 ) ) ;
#7439 = ORIENTED_EDGE ( 'NONE', *, *, #9906, .F. ) ;
#7440 = EDGE_LOOP ( 'NONE', ( #3479, #4928, #4612, #8694, #6820, #6500, #10441, #5929 ) ) ;
#7441 = DIRECTION ( 'NONE',  ( 1.000000000000000000, -5.306046521136236734E-15, 0.000000000000000000 ) ) ;
#7442 = DIRECTION ( 'NONE',  ( 0.000000000000000000, 0.000000000000000000, 1.000000000000000000 ) ) ;
#7443 = ORIENTED_EDGE ( 'NONE', *, *, #8532, .F. ) ;
#7444 = LINE ( 'NONE', #5710, #6230 ) ;
#7445 = DIRECTION ( 'NONE',  ( -0.1973384126673411454, 0.9803354277419203955, 0.000000000000000000 ) ) ;
#7446 = SPHERICAL_SURFACE ( 'NONE', #7011, 1.815000000000000169 ) ;
#7447 = VERTEX_POINT ( 'NONE', #519 ) ;
#7448 = CARTESIAN_POINT ( 'NONE',  ( 0.6244413753511294241, -5.821562611697165046, -0.5000000000000021094 ) ) ;
#7449 = EDGE_LOOP ( 'NONE', ( #369, #4062, #4082, #3357 ) ) ;
#7450 = AXIS2_PLACEMENT_3D ( 'NONE', #10424, #9657, #8598 ) ;
#7451 = EDGE_CURVE ( 'NONE', #505, #5939, #10100, .T. ) ;
#7452 = CARTESIAN_POINT ( 'NONE',  ( 8.954567602896607774E-17, -1.122867261495178503E-16, 0.5000000000000000000 ) ) ;
#7453 = ORIENTED_EDGE ( 'NONE', *, *, #9844, .T. ) ;
#7454 = EDGE_CURVE ( 'NONE', #10685, #8448, #3556, .T. ) ;
#7455 = DIRECTION ( 'NONE',  ( 1.000000000000000000, 0.000000000000000000, -0.000000000000000000 ) ) ;
#7456 = DIRECTION ( 'NONE',  ( -0.000000000000000000, 1.000000000000000000, -0.000000000000000000 ) ) ;
#7457 = CARTESIAN_POINT ( 'NONE',  ( -5.057425556495207530, -3.449779290889330330, -0.3964466094067271573 ) ) ;
#7458 = ORIENTED_EDGE ( 'NONE', *, *, #917, .F. ) ;
#7459 = DIRECTION ( 'NONE',  ( 0.000000000000000000, -1.000000000000000000, -1.380874408737758741E-16 ) ) ;
#7460 =( BOUNDED_CURVE ( )  B_SPLINE_CURVE ( 3, ( #9302, #8372, #10958, #5616 ),
 .UNSPECIFIED., .F., .F. ) 
 B_SPLINE_CURVE_WITH_KNOTS ( ( 4, 4 ),
 ( 3.141592653589793116, 4.712388980384690562 ),
 .UNSPECIFIED. ) 
 CURVE ( )  GEOMETRIC_REPRESENTATION_ITEM ( )  RATIONAL_B_SPLINE_CURVE ( ( 1.000000000000000000, 0.8047378541243648264, 0.8047378541243648264, 1.000000000000000000 ) ) 
 REPRESENTATION_ITEM ( '' )  );
#7461 = CARTESIAN_POINT ( 'NONE',  ( 0.000000000000000000, 0.000000000000000000, 0.000000000000000000 ) ) ;
#7462 = ORIENTED_EDGE ( 'NONE', *, *, #9236, .F. ) ;
#7463 = ADVANCED_FACE ( 'NONE', ( #4115 ), #407, .F. ) ;
#7464 = PLANE ( 'NONE',  #7939 ) ;
#7465 = EDGE_CURVE ( 'NONE', #7090, #2774, #2643, .T. ) ;
#7466 = CARTESIAN_POINT ( 'NONE',  ( 3.246329667988720580, 4.872562155570489217, 9.069285784213822274E-18 ) ) ;
#7467 = ORIENTED_EDGE ( 'NONE', *, *, #1131, .F. ) ;
#7468 = EDGE_CURVE ( 'NONE', #2411, #6237, #4141, .T. ) ;
#7469 = PLANE ( 'NONE',  #2072 ) ;
#7470 = CARTESIAN_POINT ( 'NONE',  ( 8.954567602896634891E-17, 1.122867261495166177E-16, -0.5000000000000000000 ) ) ;
#7471 = ORIENTED_EDGE ( 'NONE', *, *, #7222, .F. ) ;
#7472 = CARTESIAN_POINT ( 'NONE',  ( 4.087814522250992511, -4.865721676347086522, -9.629649721936179265E-32 ) ) ;
#7473 = DIRECTION ( 'NONE',  ( 0.000000000000000000, -1.000000000000000000, -1.836970198721029688E-16 ) ) ;
#7474 = EDGE_LOOP ( 'NONE', ( #11215, #6213, #8232, #4121, #10091, #5368 ) ) ;
#7475 = CARTESIAN_POINT ( 'NONE',  ( 8.954567602896634891E-17, 1.122867261495166177E-16, -0.5000000000000000000 ) ) ;
#7476 = VERTEX_POINT ( 'NONE', #5050 ) ;
#7477 = EDGE_CURVE ( 'NONE', #7366, #6294, #8518, .T. ) ;
#7478 = DIRECTION ( 'NONE',  ( 0.000000000000000000, 0.000000000000000000, 1.000000000000000000 ) ) ;
#7479 = EDGE_CURVE ( 'NONE', #11105, #3002, #2953, .T. ) ;
#7480 = DIRECTION ( 'NONE',  ( 1.000000000000000000, 0.000000000000000000, 0.000000000000000000 ) ) ;
#7481 = EDGE_CURVE ( 'NONE', #6668, #1413, #3583, .T. ) ;
#7482 = AXIS2_PLACEMENT_3D ( 'NONE', #2206, #1316, #4692 ) ;
#7483 = EDGE_LOOP ( 'NONE', ( #2730, #10203, #6192, #4993 ) ) ;
#7484 = LINE ( 'NONE', #10962, #1264 ) ;
#7485 = DIRECTION ( 'NONE',  ( 1.436201133715639822E-16, 6.916380135000388919E-17, -1.000000000000000000 ) ) ;
#7486 = DIRECTION ( 'NONE',  ( 1.436201133715639576E-16, -6.916380135000388919E-17, 1.000000000000000000 ) ) ;
#7487 = ORIENTED_EDGE ( 'NONE', *, *, #3496, .F. ) ;
#7488 = CARTESIAN_POINT ( 'NONE',  ( 4.583390897398786024, 0.5661297392311772647, -9.194552428505007849E-16 ) ) ;
#7489 = VERTEX_POINT ( 'NONE', #10497 ) ;
#7490 = CIRCLE ( 'NONE', #8435, 5.854956726839295023 ) ;
#7491 = CARTESIAN_POINT ( 'NONE',  ( -0.4611292369173143335, -5.927683412511369987, -0.005989781583923259149 ) ) ;
#7492 = EDGE_CURVE ( 'NONE', #7805, #4499, #11254, .T. ) ;
#7493 = CARTESIAN_POINT ( 'NONE',  ( 2.277889630367151419, -4.730086556487714589, -1.833312158492431403E-15 ) ) ;
#7494 = ORIENTED_EDGE ( 'NONE', *, *, #5648, .T. ) ;
#7495 = ORIENTED_EDGE ( 'NONE', *, *, #2797, .F. ) ;
#7496 = CARTESIAN_POINT ( 'NONE',  ( -2.893757514501245520, 5.104951525190888795, -0.5000000000000000000 ) ) ;
#7497 = AXIS2_PLACEMENT_3D ( 'NONE', #7852, #10569, #10676 ) ;
#7498 = DIRECTION ( 'NONE',  ( 0.6031473672326258528, 0.7976297721376452987, 3.266069086541840774E-16 ) ) ;
#7499 = AXIS2_PLACEMENT_3D ( 'NONE', #943, #4540, #2662 ) ;
#7500 = ORIENTED_EDGE ( 'NONE', *, *, #11499, .T. ) ;
#7501 = CARTESIAN_POINT ( 'NONE',  ( 0.000000000000000000, 4.342500000000001137, 0.000000000000000000 ) ) ;
#7502 = DIRECTION ( 'NONE',  ( 0.6234898018587429203, 0.7818314824680223651, 1.436201133715639576E-16 ) ) ;
#7503 = DIRECTION ( 'NONE',  ( 0.2225209339563182231, 0.9749279121818227312, 1.878129129841590735E-16 ) ) ;
#7504 = ORIENTED_EDGE ( 'NONE', *, *, #748, .T. ) ;
#7505 = DIRECTION ( 'NONE',  ( 1.000000000000000000, 0.000000000000000000, 0.000000000000000000 ) ) ;
#7506 = EDGE_CURVE ( 'NONE', #11337, #4429, #5078, .T. ) ;
#7507 = ORIENTED_EDGE ( 'NONE', *, *, #5147, .T. ) ;
#7508 = CIRCLE ( 'NONE', #10696, 2.043333333333333002 ) ;
#7509 = DIRECTION ( 'NONE',  ( 0.9009688679024157043, -0.4338837391175651703, -7.970314984686170449E-17 ) ) ;
#7510 = EDGE_LOOP ( 'NONE', ( #6972, #1250, #9765, #5990 ) ) ;
#7511 = CARTESIAN_POINT ( 'NONE',  ( -6.569278111570849177, 0.9005181194462897887, -0.2500000000000012212 ) ) ;
#7512 = DIRECTION ( 'NONE',  ( -0.000000000000000000, -1.836970198721029688E-16, 1.000000000000000000 ) ) ;
#7513 = CIRCLE ( 'NONE', #8638, 1.815000000000000169 ) ;
#7514 = CIRCLE ( 'NONE', #3405, 4.618222060490380088 ) ;
#7515 = CARTESIAN_POINT ( 'NONE',  ( 8.954567602896634891E-17, 1.122867261495166177E-16, -0.5000000000000000000 ) ) ;
#7516 = DIRECTION ( 'NONE',  ( -0.000000000000000000, -1.836970198721029688E-16, 1.000000000000000000 ) ) ;
#7517 = EDGE_CURVE ( 'NONE', #540, #1474, #4676, .T. ) ;
#7518 = CARTESIAN_POINT ( 'NONE',  ( -3.429523072411277962, 4.745407228990935700, 0.4999999999999997780 ) ) ;
#7519 = VERTEX_POINT ( 'NONE', #3409 ) ;
#7520 = DIRECTION ( 'NONE',  ( -0.000000000000000000, 1.000000000000000000, -0.000000000000000000 ) ) ;
#7521 = AXIS2_PLACEMENT_3D ( 'NONE', #1964, #9282, #5651 ) ;
#7522 = VECTOR ( 'NONE', #11469, 1000.000000000000000 ) ;
#7523 = SPHERICAL_SURFACE ( 'NONE', #1138, 1.815000000000000169 ) ;
#7524 = AXIS2_PLACEMENT_3D ( 'NONE', #10107, #9243, #8366 ) ;
#7525 = ORIENTED_EDGE ( 'NONE', *, *, #7705, .F. ) ;
#7526 = DIRECTION ( 'NONE',  ( 0.000000000000000000, -1.000000000000000000, -1.678764654171102765E-16 ) ) ;
#7527 = VECTOR ( 'NONE', #7431, 1000.000000000000000 ) ;
#7528 = DIRECTION ( 'NONE',  ( -2.759071806679814764E-16, 0.000000000000000000, 1.000000000000000000 ) ) ;
#7529 = VERTEX_POINT ( 'NONE', #1773 ) ;
#7530 = CARTESIAN_POINT ( 'NONE',  ( -4.233624458649580369, -0.9662971557052552063, 0.4999999999999993339 ) ) ;
#7531 =( BOUNDED_CURVE ( )  B_SPLINE_CURVE ( 3, ( #3767, #9868, #2892, #3713 ),
 .UNSPECIFIED., .F., .F. ) 
 B_SPLINE_CURVE_WITH_KNOTS ( ( 4, 4 ),
 ( 5.788846648639239589, 6.283185307179586232 ),
 .UNSPECIFIED. ) 
 CURVE ( )  GEOMETRIC_REPRESENTATION_ITEM ( )  RATIONAL_B_SPLINE_CURVE ( ( 1.000000000000000000, 0.9797392387487866561, 0.9797392387487866561, 1.000000000000000000 ) ) 
 REPRESENTATION_ITEM ( '' )  );
#7532 = DIRECTION ( 'NONE',  ( 1.000000000000000000, 0.000000000000000000, 0.000000000000000000 ) ) ;
#7533 = AXIS2_PLACEMENT_3D ( 'NONE', #6295, #8932, #1594 ) ;
#7534 = CIRCLE ( 'NONE', #9782, 2.043333333333333002 ) ;
#7535 = ORIENTED_EDGE ( 'NONE', *, *, #2293, .F. ) ;
#7536 = LINE ( 'NONE', #2201, #3836 ) ;
#7537 = AXIS2_PLACEMENT_3D ( 'NONE', #1913, #5503, #3093 ) ;
#7538 = ORIENTED_EDGE ( 'NONE', *, *, #1430, .F. ) ;
#7539 = ADVANCED_FACE ( 'NONE', ( #10567 ), #10745, .T. ) ;
#7540 = FACE_OUTER_BOUND ( 'NONE', #6141, .T. ) ;
#7541 = FACE_OUTER_BOUND ( 'NONE', #8540, .T. ) ;
#7542 = CIRCLE ( 'NONE', #10355, 4.618222060490380088 ) ;
#7543 = AXIS2_PLACEMENT_3D ( 'NONE', #8317, #11009, #6374 ) ;
#7544 = ORIENTED_EDGE ( 'NONE', *, *, #5019, .F. ) ;
#7545 = FACE_OUTER_BOUND ( 'NONE', #6511, .T. ) ;
#7547 = AXIS2_PLACEMENT_3D ( 'NONE', #7916, #691, #3400 ) ;
#7546 = DIRECTION ( 'NONE',  ( 0.2225209339563182231, 0.9749279121818228422, 1.851768037012963116E-16 ) ) ;
#7548 = EDGE_CURVE ( 'NONE', #5541, #7151, #8749, .T. ) ;
#7549 = DIRECTION ( 'NONE',  ( -0.000000000000000000, -1.836970198721029688E-16, 1.000000000000000000 ) ) ;
#7550 = EDGE_CURVE ( 'NONE', #6009, #944, #1674, .T. ) ;
#7551 = PERSON_AND_ORGANIZATION ( #3279, #1198 ) ;
#7552 = ORIENTED_EDGE ( 'NONE', *, *, #6326, .T. ) ;
#7553 = CARTESIAN_POINT ( 'NONE',  ( -7.181005668578199110E-17, -3.458190067500194460E-17, 0.5000000000000000000 ) ) ;
#7554 = APPROVAL ( #11069, 'UNSPECIFIED' ) ;
#7555 = CIRCLE ( 'NONE', #1752, 1.815000000000000169 ) ;
#7556 = VERTEX_POINT ( 'NONE', #11444 ) ;
#7557 = ADVANCED_FACE ( 'NONE', ( #6161 ), #1825, .F. ) ;
#7558 = TOROIDAL_SURFACE ( 'NONE', #8502, 5.249999999999999112, 1.814999999999999947 ) ;
#7559 = AXIS2_PLACEMENT_3D ( 'NONE', #11298, #3263, #6841 ) ;
#7560 = LINE ( 'NONE', #11145, #9410 ) ;
#7561 = CIRCLE ( 'NONE', #11128, 4.618222060490380088 ) ;
#7562 = DIRECTION ( 'NONE',  ( 1.000000000000000000, 0.000000000000000000, 0.000000000000000000 ) ) ;
#7563 = ORIENTED_EDGE ( 'NONE', *, *, #6862, .T. ) ;
#7564 = VERTEX_POINT ( 'NONE', #4290 ) ;
#7565 = VECTOR ( 'NONE', #9104, 1000.000000000000114 ) ;
#7566 = DIRECTION ( 'NONE',  ( -1.000000000000000000, 0.000000000000000000, 0.000000000000000000 ) ) ;
#7567 = AXIS2_PLACEMENT_3D ( 'NONE', #560, #3388, #8735 ) ;
#7568 = VERTEX_POINT ( 'NONE', #7799 ) ;
#7569 = LINE ( 'NONE', #3166, #5485 ) ;
#7570 = DIRECTION ( 'NONE',  ( 0.000000000000000000, 1.000000000000000000, 1.836970198721029688E-16 ) ) ;
#7571 = CARTESIAN_POINT ( 'NONE',  ( 0.000000000000000000, 6.157500000000000639, 1.571836107868756383 ) ) ;
#7572 = ORIENTED_EDGE ( 'NONE', *, *, #11510, .T. ) ;
#7573 = CARTESIAN_POINT ( 'NONE',  ( -0.6462092322439437764, -6.024500704568900744, -1.474250475543824157 ) ) ;
#7574 = EDGE_CURVE ( 'NONE', #9874, #3463, #3349, .T. ) ;
#7575 = ORIENTED_EDGE ( 'NONE', *, *, #8690, .T. ) ;
#7576 = AXIS2_PLACEMENT_3D ( 'NONE', #9091, #5454, #1088 ) ;
#7577 = EDGE_CURVE ( 'NONE', #10291, #3755, #3177, .T. ) ;
#7578 = VERTEX_POINT ( 'NONE', #8032 ) ;
#7579 = DIRECTION ( 'NONE',  ( 1.000000000000000000, 6.938893903907229955E-15, -7.970314984685927628E-17 ) ) ;
#7580 = CARTESIAN_POINT ( 'NONE',  ( 4.104615282957162492, 3.273321459758343543, -3.631099570875311634E-16 ) ) ;
#7581 = CARTESIAN_POINT ( 'NONE',  ( 0.000000000000000000, 5.250000000000000000, 0.000000000000000000 ) ) ;
#7582 = LINE ( 'NONE', #1291, #48 ) ;
#7583 = CARTESIAN_POINT ( 'NONE',  ( 0.000000000000000000, 0.000000000000000000, 0.000000000000000000 ) ) ;
#7584 = EDGE_LOOP ( 'NONE', ( #3540, #1278, #10288, #979, #9774, #6936 ) ) ;
#7585 = FACE_OUTER_BOUND ( 'NONE', #7263, .T. ) ;
#7586 = EDGE_CURVE ( 'NONE', #8079, #5847, #9724, .T. ) ;
#7587 = DIRECTION ( 'NONE',  ( 0.000000000000000000, -2.069303855009861073E-16, 1.000000000000000000 ) ) ;
#7588 = ORIENTED_EDGE ( 'NONE', *, *, #10290, .T. ) ;
#7589 = DIRECTION ( 'NONE',  ( -1.790913520579321555E-16, 2.245734522990357007E-16, -1.000000000000000000 ) ) ;
#7590 = DIRECTION ( 'NONE',  ( 0.000000000000000000, -4.778852550900294681E-16, 1.000000000000000000 ) ) ;
#7591 = ORIENTED_EDGE ( 'NONE', *, *, #2466, .T. ) ;
#7592 = DIRECTION ( 'NONE',  ( -0.000000000000000000, -0.000000000000000000, -1.000000000000000000 ) ) ;
#7593 = CARTESIAN_POINT ( 'NONE',  ( 0.000000000000000000, 0.000000000000000000, 0.000000000000000000 ) ) ;
#7594 = ORIENTED_EDGE ( 'NONE', *, *, #2329, .T. ) ;
#7595 = CARTESIAN_POINT ( 'NONE',  ( 5.118371538954569644, -1.168234903270670921, 0.4999999999999988343 ) ) ;
#7596 = ORIENTED_EDGE ( 'NONE', *, *, #5420, .T. ) ;
#7597 = LINE ( 'NONE', #9590, #606 ) ;
#7598 = DIRECTION ( 'NONE',  ( 0.000000000000000000, -1.000000000000000000, -1.678764654171102765E-16 ) ) ;
#7599 = EDGE_LOOP ( 'NONE', ( #5626, #9148, #4300, #2516, #10842, #8804 ) ) ;
#7600 = EDGE_CURVE ( 'NONE', #4965, #133, #3527, .T. ) ;
#7601 = PLANE ( 'NONE',  #2022 ) ;
#7602 = CARTESIAN_POINT ( 'NONE',  ( -7.181005668578199110E-17, -3.458190067500194460E-17, 0.5000000000000000000 ) ) ;
#7603 = DIRECTION ( 'NONE',  ( -1.436201133715656092E-16, -6.916380135000594763E-17, 1.000000000000000000 ) ) ;
#7604 = PERSON_AND_ORGANIZATION ( #3279, #1198 ) ;
#7605 = VERTEX_POINT ( 'NONE', #824 ) ;
#7606 = SPHERICAL_SURFACE ( 'NONE', #1177, 1.815000000000000169 ) ;
#7607 = ORIENTED_EDGE ( 'NONE', *, *, #8485, .T. ) ;
#7608 = CARTESIAN_POINT ( 'NONE',  ( -4.210968453992044225, -4.067955623239339680, -0.1680762712353561505 ) ) ;
#7609 = DIRECTION ( 'NONE',  ( 0.000000000000000000, 0.000000000000000000, 1.000000000000000000 ) ) ;
#7610 = EDGE_CURVE ( 'NONE', #2840, #1238, #2618, .T. ) ;
#7611 = EDGE_CURVE ( 'NONE', #10654, #2165, #2469, .T. ) ;
#7612 = ORIENTED_EDGE ( 'NONE', *, *, #377, .F. ) ;
#7613 = VERTEX_POINT ( 'NONE', #2584 ) ;
#7614 = EDGE_CURVE ( 'NONE', #6981, #1269, #5293, .T. ) ;
#7615 = CARTESIAN_POINT ( 'NONE',  ( 5.118371538954569644, -1.168234903270670699, -1.179010624569937576E-15 ) ) ;
#7616 = ORIENTED_EDGE ( 'NONE', *, *, #5117, .T. ) ;
#7617 = DIRECTION ( 'NONE',  ( -1.000000000000000000, 0.000000000000000000, 0.000000000000000000 ) ) ;
#7618 = DIRECTION ( 'NONE',  ( -0.000000000000000000, -1.836970198721029688E-16, 1.000000000000000000 ) ) ;
#7619 = DIRECTION ( 'NONE',  ( -0.9009688679024188129, -0.4338837391175587865, -1.594062996937187744E-16 ) ) ;
#7620 = ORIENTED_EDGE ( 'NONE', *, *, #11475, .T. ) ;
#7621 = DIRECTION ( 'NONE',  ( 0.9749279121818211769, 0.2225209339563252176, 0.000000000000000000 ) ) ;
#7622 = ORIENTED_EDGE ( 'NONE', *, *, #1442, .F. ) ;
#7623 = DIRECTION ( 'NONE',  ( 0.4338837391175526248, -0.9009688679024218105, -3.492023159033202461E-16 ) ) ;
#7624 = EDGE_LOOP ( 'NONE', ( #2748, #5424, #8550, #10579 ) ) ;
#7625 = EDGE_CURVE ( 'NONE', #9799, #4542, #10314, .T. ) ;
#7626 = CARTESIAN_POINT ( 'NONE',  ( 2.277889630367151419, -4.730086556487714589, -1.833312158492431403E-15 ) ) ;
#7627 = CARTESIAN_POINT ( 'NONE',  ( 0.000000000000000000, 6.157500000000000639, 0.000000000000000000 ) ) ;
#7628 = CARTESIAN_POINT ( 'NONE',  ( -6.053386115997634320, 0.9138090314648864565, -0.2500000000000000555 ) ) ;
#7629 = AXIS2_PLACEMENT_3D ( 'NONE', #2572, #7429, #3037 ) ;
#7630 = CARTESIAN_POINT ( 'NONE',  ( -0.4679647384833750534, -4.594451436628337326, 0.4999999999999985012 ) ) ;
#7631 = DIRECTION ( 'NONE',  ( -0.000000000000000000, -1.836970198721029688E-16, 1.000000000000000000 ) ) ;
#7632 = ORIENTED_EDGE ( 'NONE', *, *, #6485, .F. ) ;
#7633 = CARTESIAN_POINT ( 'NONE',  ( -5.029257905441427923, -3.437097488049060345, -0.1313876030881674650 ) ) ;
#7634 = AXIS2_PLACEMENT_3D ( 'NONE', #5331, #10777, #851 ) ;
#7635 = DIRECTION ( 'NONE',  ( -1.000000000000000000, 0.000000000000000000, 0.000000000000000000 ) ) ;
#7636 = EDGE_LOOP ( 'NONE', ( #11181, #6466 ) ) ;
#7637 = CARTESIAN_POINT ( 'NONE',  ( -5.057425556495206642, -3.449779290889329886, -0.2500000000000000555 ) ) ;
#7638 = ORIENTED_EDGE ( 'NONE', *, *, #8333, .F. ) ;
#7639 = CARTESIAN_POINT ( 'NONE',  ( -1.571836107868675780, 5.640022120804223604, 0.000000000000000000 ) ) ;
#7640 = SPHERICAL_SURFACE ( 'NONE', #4902, 2.043333333333333002 ) ;
#7641 = ORIENTED_EDGE ( 'NONE', *, *, #1847, .F. ) ;
#7642 = DIRECTION ( 'NONE',  ( 0.000000000000000000, -4.244837216908990117E-16, 1.000000000000000000 ) ) ;
#7643 = ADVANCED_FACE ( 'NONE', ( #6224 ), #7389, .T. ) ;
#7644 = ORIENTED_EDGE ( 'NONE', *, *, #8249, .T. ) ;
#7645 = LINE ( 'NONE', #541, #6241 ) ;
#7646 = DIRECTION ( 'NONE',  ( -0.000000000000000000, -1.836970198721029688E-16, 1.000000000000000000 ) ) ;
#7647 = CARTESIAN_POINT ( 'NONE',  ( -5.118371538954584743, -1.168234903270601421, -1.179010624569924560E-15 ) ) ;
#7648 = ORIENTED_EDGE ( 'NONE', *, *, #156, .T. ) ;
#7649 = DIRECTION ( 'NONE',  ( -1.790913520579321555E-16, 2.245734522990357007E-16, -1.000000000000000000 ) ) ;
#7650 = CARTESIAN_POINT ( 'NONE',  ( 0.000000000000000000, -7.396615624999998140, -2.479187500000002764 ) ) ;
#7651 = DIRECTION ( 'NONE',  ( -7.970314984686170449E-17, -3.492023159033191614E-16, 1.000000000000000000 ) ) ;
#7652 = ORIENTED_EDGE ( 'NONE', *, *, #939, .F. ) ;
#7653 = CARTESIAN_POINT ( 'NONE',  ( 3.291238272708512037E-16, -2.687499999999999556, -2.172334957055049642 ) ) ;
#7654 = ADVANCED_FACE ( 'NONE', ( #6463 ), #7109, .F. ) ;
#7655 = ORIENTED_EDGE ( 'NONE', *, *, #5241, .T. ) ;
#7656 = DIRECTION ( 'NONE',  ( 1.000000000000000000, 0.000000000000000000, 0.000000000000000000 ) ) ;
#7657 = VECTOR ( 'NONE', #6108, 1000.000000000000000 ) ;
#7658 = ADVANCED_FACE ( 'NONE', ( #4522 ), #5582, .F. ) ;
#7659 =( BOUNDED_CURVE ( )  B_SPLINE_CURVE ( 3, ( #3316, #6071, #6889, #2605 ),
 .UNSPECIFIED., .F., .F. ) 
 B_SPLINE_CURVE_WITH_KNOTS ( ( 4, 4 ),
 ( 3.141592653589793116, 3.635931312130130877 ),
 .UNSPECIFIED. ) 
 CURVE ( )  GEOMETRIC_REPRESENTATION_ITEM ( )  RATIONAL_B_SPLINE_CURVE ( ( 1.000000000000000000, 0.9797392387487875443, 0.9797392387487875443, 1.000000000000000000 ) ) 
 REPRESENTATION_ITEM ( '' )  );
#7660 = LINE ( 'NONE', #6028, #1573 ) ;
#7661 = EDGE_LOOP ( 'NONE', ( #4633, #7079, #1664, #4578 ) ) ;
#7662 = EDGE_LOOP ( 'NONE', ( #6182, #5430, #2692, #11388 ) ) ;
#7663 = EDGE_LOOP ( 'NONE', ( #10849, #5232, #9601, #8481 ) ) ;
#7664 = DIRECTION ( 'NONE',  ( 1.000000000000000000, 0.000000000000000000, 0.000000000000000000 ) ) ;
#7665 = LINE ( 'NONE', #7911, #6774 ) ;
#7666 = VECTOR ( 'NONE', #9478, 1000.000000000000114 ) ;
#7667 = CARTESIAN_POINT ( 'NONE',  ( -1.571836107868680221, 5.250000000000024869, -2.257472800136160515E-16 ) ) ;
#7668 = ORIENTED_EDGE ( 'NONE', *, *, #7907, .T. ) ;
#7669 = CARTESIAN_POINT ( 'NONE',  ( -2.277889630367217144, -4.730086556487682614, 0.000000000000000000 ) ) ;
#7670 = EDGE_LOOP ( 'NONE', ( #7034, #921, #1286, #1995 ) ) ;
#7671 = CARTESIAN_POINT ( 'NONE',  ( -0.5615098671204268310, -5.838802759773462192, 0.1691178122529082561 ) ) ;
#7672 = EDGE_CURVE ( 'NONE', #2539, #7108, #7119, .T. ) ;
#7673 = EDGE_CURVE ( 'NONE', #3095, #9360, #10677, .T. ) ;
#7674 = VECTOR ( 'NONE', #5141, 1000.000000000000000 ) ;
#7675 = ORIENTED_EDGE ( 'NONE', *, *, #3260, .F. ) ;
#7676 = VECTOR ( 'NONE', #422, 1000.000000000000000 ) ;
#7677 = DIRECTION ( 'NONE',  ( -0.000000000000000000, 1.000000000000000000, -0.000000000000000000 ) ) ;
#7678 = ORIENTED_EDGE ( 'NONE', *, *, #463, .T. ) ;
#7679 = CARTESIAN_POINT ( 'NONE',  ( 4.974559833390518548, -3.407418415024203728, -0.05089816004206054734 ) ) ;
#7680 = DIRECTION ( 'NONE',  ( 0.000000000000000000, 0.000000000000000000, 1.000000000000000000 ) ) ;
#7681 = CARTESIAN_POINT ( 'NONE',  ( -4.104615282957117195, 3.273321459758401719, -3.631099570875204645E-16 ) ) ;
#7682 = EDGE_LOOP ( 'NONE', ( #7357, #182, #3100, #4849 ) ) ;
#7683 = CARTESIAN_POINT ( 'NONE',  ( 0.000000000000000000, -6.241953123358066370E-31, 2.500000000000003553 ) ) ;
#7684 = EDGE_CURVE ( 'NONE', #2947, #600, #9419, .T. ) ;
#7685 = AXIS2_PLACEMENT_3D ( 'NONE', #7801, #10619, #8034 ) ;
#7686 = ADVANCED_FACE ( 'NONE', ( #164 ), #1043, .T. ) ;
#7687 = AXIS2_PLACEMENT_3D ( 'NONE', #7452, #8398, #7747 ) ;
#7688 = DIRECTION ( 'NONE',  ( 0.000000000000000000, 0.000000000000000000, 1.000000000000000000 ) ) ;
#7689 = CC_DESIGN_PERSON_AND_ORGANIZATION_ASSIGNMENT ( #7604, #6624, ( #11212 ) ) ;
#7690 = ORIENTED_EDGE ( 'NONE', *, *, #2628, .T. ) ;
#7691 = EDGE_CURVE ( 'NONE', #11030, #2942, #1682, .T. ) ;
#7692 = CIRCLE ( 'NONE', #3771, 3.531249999999997780 ) ;
#7693 = DIRECTION ( 'NONE',  ( -1.436201133715656092E-16, 6.916380135000592297E-17, -1.000000000000000000 ) ) ;
#7694 = CARTESIAN_POINT ( 'NONE',  ( -4.233624458649579481, -0.9662971557052548732, -9.752102166085519590E-16 ) ) ;
#7695 = ORIENTED_EDGE ( 'NONE', *, *, #4329, .T. ) ;
#7696 = AXIS2_PLACEMENT_3D ( 'NONE', #847, #6364, #2558 ) ;
#7697 = AXIS2_PLACEMENT_3D ( 'NONE', #11184, #8655, #5021 ) ;
#7698 = CARTESIAN_POINT ( 'NONE',  ( -5.029257905441427923, -3.437097488049060345, -0.1313876030881674650 ) ) ;
#7699 = SPHERICAL_SURFACE ( 'NONE', #8264, 1.815000000000000169 ) ;
#7700 = CARTESIAN_POINT ( 'NONE',  ( 5.817359484284730264, 0.7518242008703087675, 0.1691178122529085059 ) ) ;
#7701 = DIRECTION ( 'NONE',  ( 0.9009688679024189240, -0.4338837391175584535, 0.000000000000000000 ) ) ;
#7702 = AXIS2_PLACEMENT_3D ( 'NONE', #8037, #11628, #2723 ) ;
#7703 = ORIENTED_EDGE ( 'NONE', *, *, #10768, .F. ) ;
#7704 = SPHERICAL_SURFACE ( 'NONE', #10377, 2.043333333333333002 ) ;
#7705 = EDGE_CURVE ( 'NONE', #5038, #8984, #3824, .T. ) ;
#7706 = ORIENTED_EDGE ( 'NONE', *, *, #6405, .T. ) ;
#7707 = TOROIDAL_SURFACE ( 'NONE', #7153, 5.249999999999999112, 1.814999999999999947 ) ;
#7708 = AXIS2_PLACEMENT_3D ( 'NONE', #9998, #11108, #2074 ) ;
#7709 = PLANE ( 'NONE',  #2684 ) ;
#7710 = TOROIDAL_SURFACE ( 'NONE', #4919, 2.687500000000000000, 0.1875000000000000000 ) ;
#7711 = CARTESIAN_POINT ( 'NONE',  ( 5.822922039428655161, 1.789036932132564983, -0.1313876030881700741 ) ) ;
#7712 = FACE_OUTER_BOUND ( 'NONE', #10093, .T. ) ;
#7713 = EDGE_CURVE ( 'NONE', #11537, #3162, #2881, .T. ) ;
#7714 = CARTESIAN_POINT ( 'NONE',  ( -4.104615282957117195, 3.273321459758401719, -3.631099570875204645E-16 ) ) ;
#7715 = ORIENTED_EDGE ( 'NONE', *, *, #11213, .F. ) ;
#7716 = AXIS2_PLACEMENT_3D ( 'NONE', #5470, #2992, #8340 ) ;
#7717 = DIRECTION ( 'NONE',  ( -1.790913520579326978E-16, 2.245734522990332355E-16, -1.000000000000000000 ) ) ;
#7718 = LINE ( 'NONE', #10195, #2683 ) ;
#7719 = VECTOR ( 'NONE', #3555, 1000.000000000000114 ) ;
#7720 = CARTESIAN_POINT ( 'NONE',  ( -2.671639123616407652, -5.547715804109126125, 1.571836107868754384 ) ) ;
#7721 = SECURITY_CLASSIFICATION_LEVEL ( 'unclassified' ) ;
#7722 = ORIENTED_EDGE ( 'NONE', *, *, #2326, .T. ) ;
#7723 = CARTESIAN_POINT ( 'NONE',  ( -5.683299312805210057, 1.766482738360345195, -0.007139504726269511187 ) ) ;
#7724 = AXIS2_PLACEMENT_3D ( 'NONE', #10809, #1956, #5542 ) ;
#7725 = EDGE_LOOP ( 'NONE', ( #6917, #11313, #8658, #6912 ) ) ;
#7726 = CARTESIAN_POINT ( 'NONE',  ( 2.031718491611768762, 5.708267257411067774, 0.5000000000000000000 ) ) ;
#7727 = CIRCLE ( 'NONE', #791, 2.749999999999992895 ) ;
#7728 = CARTESIAN_POINT ( 'NONE',  ( 0.4484599904916782842, -6.075027395718184842, -0.1313876030881700741 ) ) ;
#7729 = ORIENTED_EDGE ( 'NONE', *, *, #4487, .F. ) ;
#7730 = EDGE_CURVE ( 'NONE', #4103, #3891, #9909, .T. ) ;
#7731 = AXIS2_PLACEMENT_3D ( 'NONE', #6214, #10610, #3468 ) ;
#7732 = ORIENTED_EDGE ( 'NONE', *, *, #6469, .T. ) ;
#7733 = CYLINDRICAL_SURFACE ( 'NONE', #506, 4.618222060490380088 ) ;
#7734 = DIRECTION ( 'NONE',  ( -0.2225209339563109512, -0.9749279121818243965, -2.587945019047929479E-16 ) ) ;
#7735 = DIRECTION ( 'NONE',  ( -0.9009688679024157043, 0.4338837391175651703, 7.970314984686170449E-17 ) ) ;
#7736 = AXIS2_PLACEMENT_3D ( 'NONE', #8575, #1469, #4189 ) ;
#7737 = AXIS2_PLACEMENT_3D ( 'NONE', #1905, #2957, #6361 ) ;
#7738 = CARTESIAN_POINT ( 'NONE',  ( -5.627514878365445838, 1.786378219884703134, 0.4999999999999994449 ) ) ;
#7739 = ORIENTED_EDGE ( 'NONE', *, *, #5624, .F. ) ;
#7740 = CARTESIAN_POINT ( 'NONE',  ( 2.540370517012539242, 5.275133733798049285, -0.2500000000000000000 ) ) ;
#7741 = ORIENTED_EDGE ( 'NONE', *, *, #9560, .F. ) ;
#7742 = AXIS2_PLACEMENT_3D ( 'NONE', #2088, #9248, #3860 ) ;
#7743 = CARTESIAN_POINT ( 'NONE',  ( -2.028931684390599344, 5.492172110671390328, -2.277550753890856009E-16 ) ) ;
#7744 = AXIS2_PLACEMENT_3D ( 'NONE', #11336, #5109, #4106 ) ;
#7745 = ORIENTED_EDGE ( 'NONE', *, *, #2049, .T. ) ;
#7746 = AXIS2_PLACEMENT_3D ( 'NONE', #4159, #11427, #1630 ) ;
#7747 = DIRECTION ( 'NONE',  ( 0.2225209339563182231, 0.9749279121818228422, 1.851768037012963116E-16 ) ) ;
#7748 = ORIENTED_EDGE ( 'NONE', *, *, #2514, .F. ) ;
#7749 = CIRCLE ( 'NONE', #1767, 5.854956726839295023 ) ;
#7750 = DIRECTION ( 'NONE',  ( -1.436201133715656092E-16, 6.916380135000592297E-17, -1.000000000000000000 ) ) ;
#7751 = CARTESIAN_POINT ( 'NONE',  ( 5.794151136746393149, 2.610227500533333522, -4.814824860968089633E-32 ) ) ;
#7752 = EDGE_CURVE ( 'NONE', #11597, #5593, #9149, .T. ) ;
#7753 = DIRECTION ( 'NONE',  ( -2.759071806679814764E-16, 0.000000000000000000, 1.000000000000000000 ) ) ;
#7754 = ORIENTED_EDGE ( 'NONE', *, *, #1887, .F. ) ;
#7755 = CYLINDRICAL_SURFACE ( 'NONE', #4556, 4.618222060490380088 ) ;
#7756 = VECTOR ( 'NONE', #6674, 1000.000000000000114 ) ;
#7757 = VERTEX_POINT ( 'NONE', #1944 ) ;
#7758 = CARTESIAN_POINT ( 'NONE',  ( 5.389570639310328204, 2.287585320167267788, 0.4999999999999993339 ) ) ;
#7759 = LINE ( 'NONE', #4199, #6941 ) ;
#7760 = EDGE_CURVE ( 'NONE', #7221, #6886, #2065, .T. ) ;
#7761 = ORIENTED_EDGE ( 'NONE', *, *, #6818, .F. ) ;
#7762 = EDGE_CURVE ( 'NONE', #8493, #739, #1294, .T. ) ;
#7763 = FACE_OUTER_BOUND ( 'NONE', #4893, .T. ) ;
#7764 = DIRECTION ( 'NONE',  ( 0.000000000000000000, -1.000000000000000000, -1.836970198721029688E-16 ) ) ;
#7765 = CARTESIAN_POINT ( 'NONE',  ( -5.118371538954584743, -1.168234903270601421, -1.179010624569924560E-15 ) ) ;
#7766 = EDGE_CURVE ( 'NONE', #1401, #1284, #8237, .T. ) ;
#7767 = CARTESIAN_POINT ( 'NONE',  ( -5.468137977703785069, 0.3641919916658922229, -8.975083707982305627E-16 ) ) ;
#7768 = CARTESIAN_POINT ( 'NONE',  ( 5.443915612728972064, 2.155064053490393317, 0.5000000000000002220 ) ) ;
#7769 = ORIENTED_EDGE ( 'NONE', *, *, #10251, .T. ) ;
#7770 = CARTESIAN_POINT ( 'NONE',  ( 0.000000000000000000, 8.840419081344957312E-16, -2.312500000000000888 ) ) ;
#7771 = B_SPLINE_CURVE_WITH_KNOTS ( 'NONE', 3,
 ( #9848, #6914, #9957, #2868 ),
 .UNSPECIFIED., .F., .F.,
 ( 4, 4 ),
 ( 2.074124156395001091E-07, 0.0005065015518760944326 ),
 .UNSPECIFIED. ) ;
#7772 = CARTESIAN_POINT ( 'NONE',  ( 2.277889630367151419, -4.730086556487714589, -1.833312158492431403E-15 ) ) ;
#7773 = CARTESIAN_POINT ( 'NONE',  ( 5.844674774928621197, 0.8305950475154830759, -2.286988957586610299E-17 ) ) ;
#7774 = DIRECTION ( 'NONE',  ( 1.000000000000000000, 0.000000000000000000, 0.000000000000000000 ) ) ;
#7775 = ADVANCED_FACE ( 'NONE', ( #10295 ), #8492, .T. ) ;
#7776 = VERTEX_POINT ( 'NONE', #3149 ) ;
#7777 = LINE ( 'NONE', #11314, #705 ) ;
#7778 = DIRECTION ( 'NONE',  ( -0.4338837391175648373, -0.9009688679024158153, -3.492023159033190628E-16 ) ) ;
#7779 = DIRECTION ( 'NONE',  ( 0.9009688679024184799, 0.4338837391175595637, 0.000000000000000000 ) ) ;
#7780 = ORIENTED_EDGE ( 'NONE', *, *, #10887, .T. ) ;
#7781 = CARTESIAN_POINT ( 'NONE',  ( -4.104615282957117195, 3.273321459758401719, -0.5000000000000000000 ) ) ;
#7782 = ORIENTED_EDGE ( 'NONE', *, *, #8884, .T. ) ;
#7783 = EDGE_CURVE ( 'NONE', #10204, #3095, #5629, .T. ) ;
#7784 = DIRECTION ( 'NONE',  ( 1.436201133715639822E-16, 6.916380135000388919E-17, -1.000000000000000000 ) ) ;
#7785 = CARTESIAN_POINT ( 'NONE',  ( -6.359655806757317009, 0.9059186134146374192, 0.3666893729391489387 ) ) ;
#7786 = EDGE_LOOP ( 'NONE', ( #1372, #10932, #10852, #9256, #7173, #4516 ) ) ;
#7787 = ORIENTED_EDGE ( 'NONE', *, *, #9078, .F. ) ;
#7788 = CARTESIAN_POINT ( 'NONE',  ( -8.954567602896634891E-17, -1.122867261495166177E-16, 0.5000000000000000000 ) ) ;
#7789 = LINE ( 'NONE', #1687, #6799 ) ;
#7790 = DIRECTION ( 'NONE',  ( -0.4338837391175651703, -0.9009688679024158153, -3.492023159033191614E-16 ) ) ;
#7791 = CARTESIAN_POINT ( 'NONE',  ( -2.277889630367217144, -4.730086556487681726, -1.815000000000001945 ) ) ;
#7792 = B_SPLINE_CURVE_WITH_KNOTS ( 'NONE', 3,
 ( #10094, #4655, #3722, #7283 ),
 .UNSPECIFIED., .F., .F.,
 ( 4, 4 ),
 ( 2.074124155955034179E-07, 0.0005065015518760495467 ),
 .UNSPECIFIED. ) ;
#7793 = ORIENTED_EDGE ( 'NONE', *, *, #11326, .F. ) ;
#7794 = CARTESIAN_POINT ( 'NONE',  ( 5.836034119284479793, 0.4733310522292406008, -0.3372648878341830136 ) ) ;
#7795 = VERTEX_POINT ( 'NONE', #5022 ) ;
#7796 = ADVANCED_FACE ( 'NONE', ( #5151 ), #4087, .T. ) ;
#7797 = CARTESIAN_POINT ( 'NONE',  ( -0.5784004544901018008, -5.826501123547407346, 0.3369669046199013085 ) ) ;
#7798 = EDGE_LOOP ( 'NONE', ( #1204, #5781, #5586, #3069, #1824, #6813, #9321 ) ) ;
#7799 = CARTESIAN_POINT ( 'NONE',  ( -5.118371538954584743, -1.168234903270601199, -1.815000000000001279 ) ) ;
#7800 = ORIENTED_EDGE ( 'NONE', *, *, #332, .F. ) ;
#7801 = CARTESIAN_POINT ( 'NONE',  ( 1.571836107868757049, 4.342500000000001137, 0.5000000000000000000 ) ) ;
#7802 = CARTESIAN_POINT ( 'NONE',  ( 4.909645099977416827, -3.234121254141895996, 0.000000000000000000 ) ) ;
#7803 = DIRECTION ( 'NONE',  ( 0.7818314824680315800, 0.6234898018587311519, 0.000000000000000000 ) ) ;
#7804 = CARTESIAN_POINT ( 'NONE',  ( -1.760103417344814458, 5.584386491523318341, 0.3372648878341286682 ) ) ;
#7805 = VERTEX_POINT ( 'NONE', #8773 ) ;
#7806 = FACE_OUTER_BOUND ( 'NONE', #9150, .T. ) ;
#7807 = EDGE_CURVE ( 'NONE', #8256, #133, #6950, .T. ) ;
#7808 = ORIENTED_EDGE ( 'NONE', *, *, #5265, .T. ) ;
#7809 = EDGE_CURVE ( 'NONE', #3361, #635, #9922, .T. ) ;
#7810 = CARTESIAN_POINT ( 'NONE',  ( -0.4679647384833751644, -4.594451436628337326, -0.5000000000000015543 ) ) ;
#7811 = ORIENTED_EDGE ( 'NONE', *, *, #4368, .F. ) ;
#7812 = CARTESIAN_POINT ( 'NONE',  ( -5.729658811953161290, 1.970584941025375736, 0.4999999999999994449 ) ) ;
#7813 = CARTESIAN_POINT ( 'NONE',  ( 0.000000000000000000, 3.444319122601956857E-17, 2.312499999999998668 ) ) ;
#7814 = DIRECTION ( 'NONE',  ( 0.9749279121818227312, -0.2225209339563182231, -2.245734522990357007E-16 ) ) ;
#7815 = LINE ( 'NONE', #4256, #10721 ) ;
#7816 = CARTESIAN_POINT ( 'NONE',  ( 1.571836107868756827, 5.250000000000000888, 0.000000000000000000 ) ) ;
#7817 = ORIENTED_EDGE ( 'NONE', *, *, #5552, .F. ) ;
#7818 = EDGE_CURVE ( 'NONE', #11602, #7605, #5917, .T. ) ;
#7819 = AXIS2_PLACEMENT_3D ( 'NONE', #1621, #3211, #4268 ) ;
#7820 = DIRECTION ( 'NONE',  ( 7.970314984685941186E-17, 3.492023159033203447E-16, -1.000000000000000000 ) ) ;
#7821 = EDGE_CURVE ( 'NONE', #8842, #8143, #1324, .T. ) ;
#7822 = FACE_OUTER_BOUND ( 'NONE', #6516, .T. ) ;
#7823 = CARTESIAN_POINT ( 'NONE',  ( 4.104615282957162492, 3.273321459758343543, -0.5000000000000000000 ) ) ;
#7824 = CARTESIAN_POINT ( 'NONE',  ( -7.181005668578199110E-17, -3.458190067500194460E-17, 0.5000000000000000000 ) ) ;
#7825 = ORIENTED_EDGE ( 'NONE', *, *, #7980, .F. ) ;
#7826 = CARTESIAN_POINT ( 'NONE',  ( 4.162148097593584062, -4.117892845480419339, 0.4999999999999983902 ) ) ;
#7827 = DIRECTION ( 'NONE',  ( -1.436201133715639822E-16, -6.916380135000388919E-17, 1.000000000000000000 ) ) ;
#7828 = CARTESIAN_POINT ( 'NONE',  ( -5.472773158956988127, 2.080690323849431422, 1.027403880348036144E-17 ) ) ;
#7829 = DIRECTION ( 'NONE',  ( 0.000000000000000000, 0.000000000000000000, 1.000000000000000000 ) ) ;
#7830 = EDGE_LOOP ( 'NONE', ( #7242, #1591, #8626, #1509, #4410, #9312, #345 ) ) ;
#7831 = DIRECTION ( 'NONE',  ( 0.4338837391175652813, 0.9009688679024157043, 0.000000000000000000 ) ) ;
#7832 = EDGE_CURVE ( 'NONE', #11119, #3375, #5438, .T. ) ;
#7833 = ORIENTED_EDGE ( 'NONE', *, *, #796, .F. ) ;
#7834 = EDGE_CURVE ( 'NONE', #6352, #8169, #2425, .T. ) ;
#7835 = LINE ( 'NONE', #1574, #7344 ) ;
#7836 = EDGE_CURVE ( 'NONE', #3375, #2012, #8041, .T. ) ;
#7837 = DIRECTION ( 'NONE',  ( -0.000000000000000000, -1.836970198721029688E-16, 1.000000000000000000 ) ) ;
#7838 = ORIENTED_EDGE ( 'NONE', *, *, #10810, .F. ) ;
#7839 = ORIENTED_EDGE ( 'NONE', *, *, #6908, .T. ) ;
#7840 = CARTESIAN_POINT ( 'NONE',  ( -8.954567602896634891E-17, -1.122867261495166177E-16, 0.5000000000000000000 ) ) ;
#7841 = DIRECTION ( 'NONE',  ( -0.6234898018587430313, -0.7818314824680221431, -1.408596847381192990E-16 ) ) ;
#7842 = LINE ( 'NONE', #11432, #8646 ) ;
#7843 = CARTESIAN_POINT ( 'NONE',  ( -5.558971277141360190, 1.838030634423176712, -0.1680762712352709964 ) ) ;
#7844 = ORIENTED_EDGE ( 'NONE', *, *, #9094, .T. ) ;
#7845 = DIRECTION ( 'NONE',  ( -7.970314984685941186E-17, -3.492023159033203940E-16, 1.000000000000000000 ) ) ;
#7846 = ORIENTED_EDGE ( 'NONE', *, *, #591, .T. ) ;
#7847 = ADVANCED_FACE ( 'NONE', ( #7712 ), #3325, .F. ) ;
#7848 = CARTESIAN_POINT ( 'NONE',  ( 3.883858019900346736, -2.498724050641801586, 0.4999999999999987232 ) ) ;
#7849 = VERTEX_POINT ( 'NONE', #6785 ) ;
#7850 = DIRECTION ( 'NONE',  ( -7.970314984685941186E-17, 3.492023159033203447E-16, -1.000000000000000000 ) ) ;
#7851 = VERTEX_POINT ( 'NONE', #5855 ) ;
#7852 = CARTESIAN_POINT ( 'NONE',  ( -3.985157492342970593E-17, 1.746011579516601723E-16, -0.5000000000000000000 ) ) ;
#7853 = AXIS2_PLACEMENT_3D ( 'NONE', #2934, #7268, #6723 ) ;
#7855 = EDGE_CURVE ( 'NONE', #206, #11570, #3862, .T. ) ;
#7854 = ORIENTED_EDGE ( 'NONE', *, *, #9017, .T. ) ;
#7856 = CARTESIAN_POINT ( 'NONE',  ( 1.790913520579321555E-16, 2.245734522990357007E-16, -1.000000000000000000 ) ) ;
#7857 = LINE ( 'NONE', #5944, #2085 ) ;
#7858 = FACE_OUTER_BOUND ( 'NONE', #2176, .T. ) ;
#7859 = ORIENTED_EDGE ( 'NONE', *, *, #3309, .F. ) ;
#7860 = DIRECTION ( 'NONE',  ( -0.000000000000000000, 0.000000000000000000, -1.000000000000000000 ) ) ;
#7861 = EDGE_CURVE ( 'NONE', #1089, #7933, #3275, .T. ) ;
#7862 = ORIENTED_EDGE ( 'NONE', *, *, #8700, .T. ) ;
#7863 = AXIS2_PLACEMENT_3D ( 'NONE', #4025, #1425, #8711 ) ;
#7864 = CIRCLE ( 'NONE', #10116, 5.854956726839295023 ) ;
#7865 = B_SPLINE_CURVE_WITH_KNOTS ( 'NONE', 3,
 ( #11090, #5589, #6519, #8342 ),
 .UNSPECIFIED., .F., .F.,
 ( 4, 4 ),
 ( 1.989238956369294204E-07, 0.0005046842700227461686 ),
 .UNSPECIFIED. ) ;
#7866 = CARTESIAN_POINT ( 'NONE',  ( 0.000000000000000000, 5.250000000000000000, 0.000000000000000000 ) ) ;
#7867 = EDGE_LOOP ( 'NONE', ( #9532, #9737, #4618, #1984, #3830, #8155 ) ) ;
#7868 = CARTESIAN_POINT ( 'NONE',  ( -5.814555160701785574, 0.6866342230889324050, 0.4999999999999991673 ) ) ;
#7869 = ADVANCED_FACE ( 'NONE', ( #2382 ), #6897, .T. ) ;
#7870 = CARTESIAN_POINT ( 'NONE',  ( 0.5838616507318713511, -6.604956726839289693, -0.2500000000000026090 ) ) ;
#7871 = CARTESIAN_POINT ( 'NONE',  ( 1.571836107868756827, 5.250000000000000888, 0.000000000000000000 ) ) ;
#7872 = VECTOR ( 'NONE', #10915, 1000.000000000000000 ) ;
#7873 = AXIS2_PLACEMENT_3D ( 'NONE', #2182, #580, #6699 ) ;
#7874 = DIRECTION ( 'NONE',  ( 0.4338837391175526248, -0.9009688679024218105, -3.492023159033202461E-16 ) ) ;
#7875 = AXIS2_PLACEMENT_3D ( 'NONE', #4391, #4620, #8185 ) ;
#7876 = CARTESIAN_POINT ( 'NONE',  ( 5.148848552145716795, -2.787449884792134736, 0.4999999999999985012 ) ) ;
#7877 = CIRCLE ( 'NONE', #7315, 3.140624999999996003 ) ;
#7878 = VERTEX_POINT ( 'NONE', #2432 ) ;
#7879 = CARTESIAN_POINT ( 'NONE',  ( 0.000000000000000000, 5.250000000000000000, 0.000000000000000000 ) ) ;
#7880 = AXIS2_PLACEMENT_3D ( 'NONE', #7714, #3276, #6852 ) ;
#7881 = AXIS2_PLACEMENT_3D ( 'NONE', #3274, #613, #8489 ) ;
#7882 = CARTESIAN_POINT ( 'NONE',  ( -0.4484599904915962387, -6.075027395718191059, 0.4669859836141802001 ) ) ;
#7883 = DIRECTION ( 'NONE',  ( 1.000000000000000000, 0.000000000000000000, 1.436201133715639822E-16 ) ) ;
#7884 = AXIS2_PLACEMENT_3D ( 'NONE', #3518, #6329, #1868 ) ;
#7885 = LINE ( 'NONE', #618, #8632 ) ;
#7886 = ORIENTED_EDGE ( 'NONE', *, *, #4275, .F. ) ;
#7887 = CARTESIAN_POINT ( 'NONE',  ( -1.884140137118027081, -3.912457308866239991, -1.830752539561564030 ) ) ;
#7888 = CARTESIAN_POINT ( 'NONE',  ( 1.571836107868757049, 4.342500000000001137, 0.000000000000000000 ) ) ;
#7889 = CARTESIAN_POINT ( 'NONE',  ( 4.814127353296902001, 3.839138454945143053, -4.258761068126614905E-16 ) ) ;
#7890 = CARTESIAN_POINT ( 'NONE',  ( 4.104615282957162492, 3.273321459758343543, 0.000000000000000000 ) ) ;
#7891 = AXIS2_PLACEMENT_3D ( 'NONE', #1529, #1415, #6701 ) ;
#7892 = EDGE_CURVE ( 'NONE', #2406, #520, #6014, .T. ) ;
#7893 = AXIS2_PLACEMENT_3D ( 'NONE', #8819, #8998, #11589 ) ;
#7894 = B_SPLINE_CURVE_WITH_KNOTS ( 'NONE', 3,
 ( #6114, #7052, #2591, #6167 ),
 .UNSPECIFIED., .F., .F.,
 ( 4, 4 ),
 ( 1.989238956369458581E-07, 0.0005046842700227570106 ),
 .UNSPECIFIED. ) ;
#7895 = ORIENTED_EDGE ( 'NONE', *, *, #360, .F. ) ;
#7896 = LINE ( 'NONE', #11489, #1004 ) ;
#7897 = CIRCLE ( 'NONE', #2846, 1.830752539561562253 ) ;
#7898 = ORIENTED_EDGE ( 'NONE', *, *, #3986, .T. ) ;
#7899 = AXIS2_PLACEMENT_3D ( 'NONE', #7890, #7829, #5028 ) ;
#7900 = SPHERICAL_SURFACE ( 'NONE', #5871, 1.815000000000000169 ) ;
#7901 = LINE ( 'NONE', #9779, #9253 ) ;
#7902 = AXIS2_PLACEMENT_3D ( 'NONE', #120, #9976, #1950 ) ;
#7903 = VERTEX_POINT ( 'NONE', #8721 ) ;
#7904 = CIRCLE ( 'NONE', #208, 1.830752539561562253 ) ;
#7905 = ADVANCED_FACE ( 'NONE', ( #11412 ), #9652, .T. ) ;
#7906 = ORIENTED_EDGE ( 'NONE', *, *, #6543, .F. ) ;
#7907 = EDGE_CURVE ( 'NONE', #5339, #2840, #9353, .T. ) ;
#7908 = EDGE_LOOP ( 'NONE', ( #7494, #4494, #7575, #9810, #2392, #4592 ) ) ;
#7910 = AXIS2_PLACEMENT_3D ( 'NONE', #1419, #5003, #7934 ) ;
#7909 = CARTESIAN_POINT ( 'NONE',  ( -3.985157492343085224E-17, -1.746011579516595807E-16, 0.5000000000000000000 ) ) ;
#7911 = CARTESIAN_POINT ( 'NONE',  ( -1.571836107868694210, 4.342500000000022453, 0.000000000000000000 ) ) ;
#7912 = EDGE_CURVE ( 'NONE', #4266, #6670, #9552, .T. ) ;
#7913 = CARTESIAN_POINT ( 'NONE',  ( 5.118371538954569644, -1.168234903270670699, 0.000000000000000000 ) ) ;
#7914 = ORIENTED_EDGE ( 'NONE', *, *, #2542, .F. ) ;
#7915 =( BOUNDED_CURVE ( )  B_SPLINE_CURVE ( 3, ( #8585, #601, #479, #9578 ),
 .UNSPECIFIED., .F., .F. ) 
 B_SPLINE_CURVE_WITH_KNOTS ( ( 4, 4 ),
 ( 3.141592653589786455, 4.712388980384689674 ),
 .UNSPECIFIED. ) 
 CURVE ( )  GEOMETRIC_REPRESENTATION_ITEM ( )  RATIONAL_B_SPLINE_CURVE ( ( 1.000000000000000000, 0.8047378541243634942, 0.8047378541243634942, 1.000000000000000000 ) ) 
 REPRESENTATION_ITEM ( '' )  );
#7916 = CARTESIAN_POINT ( 'NONE',  ( -1.884140137118027081, -3.912457308866240879, -1.516411056810163749E-15 ) ) ;
#7917 = CIRCLE ( 'NONE', #9409, 0.2041022026635771758 ) ;
#7918 = ORIENTED_EDGE ( 'NONE', *, *, #6580, .F. ) ;
#7919 = AXIS2_PLACEMENT_3D ( 'NONE', #2517, #9541, #1332 ) ;
#7920 = CARTESIAN_POINT ( 'NONE',  ( -3.863289285114959171, -4.399490217363446476, 0.000000000000000000 ) ) ;
#7921 = VECTOR ( 'NONE', #3170, 1000.000000000000000 ) ;
#7922 = ORIENTED_EDGE ( 'NONE', *, *, #8220, .T. ) ;
#7923 = CARTESIAN_POINT ( 'NONE',  ( -4.104615282957117195, 3.273321459758401719, 0.000000000000000000 ) ) ;
#7924 = ORIENTED_EDGE ( 'NONE', *, *, #1975, .T. ) ;
#7925 = CARTESIAN_POINT ( 'NONE',  ( -0.6244413753512103593, -5.821562611697155276, -0.5000000000000019984 ) ) ;
#7926 = AXIS2_PLACEMENT_3D ( 'NONE', #2015, #1187, #5722 ) ;
#7927 = VECTOR ( 'NONE', #1849, 1000.000000000000000 ) ;
#7928 = EDGE_LOOP ( 'NONE', ( #3646, #5469, #8189 ) ) ;
#7929 = LINE ( 'NONE', #5362, #8286 ) ;
#7930 = EDGE_CURVE ( 'NONE', #9378, #6237, #1872, .T. ) ;
#7931 = CARTESIAN_POINT ( 'NONE',  ( -5.148848552145754098, -2.787449884792063237, -0.5000000000000014433 ) ) ;
#7932 = PLANE ( 'NONE',  #5889 ) ;
#7933 = VERTEX_POINT ( 'NONE', #8005 ) ;
#7934 = DIRECTION ( 'NONE',  ( -0.6234898018587320401, 0.7818314824680310249, 1.408596847381192990E-16 ) ) ;
#7935 = AXIS2_PLACEMENT_3D ( 'NONE', #3234, #4992, #5884 ) ;
#7936 = ORIENTED_EDGE ( 'NONE', *, *, #5035, .T. ) ;
#7937 = ORIENTED_EDGE ( 'NONE', *, *, #9647, .F. ) ;
#7938 = CIRCLE ( 'NONE', #10563, 7.750000000000003553 ) ;
#7939 = AXIS2_PLACEMENT_3D ( 'NONE', #1120, #4721, #9931 ) ;
#7940 = EDGE_CURVE ( 'NONE', #8390, #2806, #7125, .T. ) ;
#7941 = AXIS2_PLACEMENT_3D ( 'NONE', #5091, #6143, #8603 ) ;
#7942 = DIRECTION ( 'NONE',  ( -0.4338837391175589531, 0.9009688679024187019, 0.000000000000000000 ) ) ;
#7943 = EDGE_LOOP ( 'NONE', ( #3455, #10957, #6875, #3668 ) ) ;
#7944 = DIRECTION ( 'NONE',  ( 0.000000000000000000, -1.000000000000000000, -1.866966969661137892E-16 ) ) ;
#7945 = CARTESIAN_POINT ( 'NONE',  ( -2.992045089753862630, 5.147507901534308594, -0.01348139819834180513 ) ) ;
#7946 = FACE_OUTER_BOUND ( 'NONE', #10556, .T. ) ;
#7947 = CIRCLE ( 'NONE', #636, 7.313365625000000314 ) ;
#7948 = AXIS2_PLACEMENT_3D ( 'NONE', #9204, #4858, #2932 ) ;
#7949 = PLANE ( 'NONE',  #3226 ) ;
#7950 = DIRECTION ( 'NONE',  ( 0.000000000000000000, -4.778852550900294681E-16, 1.000000000000000000 ) ) ;
#7951 = ORIENTED_EDGE ( 'NONE', *, *, #7577, .T. ) ;
#7952 = EDGE_CURVE ( 'NONE', #385, #10474, #11041, .T. ) ;
#7953 = DIRECTION ( 'NONE',  ( -1.000000000000000000, 1.543210004228967591E-14, -1.436201133715629222E-16 ) ) ;
#7954 = DIRECTION ( 'NONE',  ( -0.000000000000000000, -0.000000000000000000, -1.000000000000000000 ) ) ;
#7955 = DIRECTION ( 'NONE',  ( 1.000000000000000000, 0.000000000000000000, 0.000000000000000000 ) ) ;
#7956 = DIRECTION ( 'NONE',  ( -0.000000000000000000, -0.000000000000000000, -1.000000000000000000 ) ) ;
#7957 = VERTEX_POINT ( 'NONE', #2679 ) ;
#7958 = CARTESIAN_POINT ( 'NONE',  ( -3.883858019900379599, -2.498724050641747851, 0.4999999999999988343 ) ) ;
#7959 = FACE_OUTER_BOUND ( 'NONE', #8351, .T. ) ;
#7960 = CARTESIAN_POINT ( 'NONE',  ( 4.714988052979748545, 1.219878944467673643, -0.5000000000000006661 ) ) ;
#7961 = DIRECTION ( 'NONE',  ( -0.2225209339563182231, -0.9749279121818226201, -2.069205142716390304E-16 ) ) ;
#7962 = ORIENTED_EDGE ( 'NONE', *, *, #9689, .T. ) ;
#7963 = SPHERICAL_SURFACE ( 'NONE', #3821, 1.815000000000000169 ) ;
#7964 = VERTEX_POINT ( 'NONE', #5434 ) ;
#7965 = ADVANCED_FACE ( 'NONE', ( #11540 ), #6742, .T. ) ;
#7966 = CYLINDRICAL_SURFACE ( 'NONE', #233, 0.2499999999999998890 ) ;
#7967 = CARTESIAN_POINT ( 'NONE',  ( -4.375126996066896368, 1.478593510159793123, 0.4999999999999995559 ) ) ;
#7968 = EDGE_CURVE ( 'NONE', #5369, #5275, #1851, .T. ) ;
#7969 = ORIENTED_EDGE ( 'NONE', *, *, #9196, .T. ) ;
#7970 = ORIENTED_EDGE ( 'NONE', *, *, #2800, .F. ) ;
#7971 = FACE_OUTER_BOUND ( 'NONE', #7298, .T. ) ;
#7972 = DIRECTION ( 'NONE',  ( -1.790913520579321555E-16, 2.245734522990357007E-16, -1.000000000000000000 ) ) ;
#7973 = LINE ( 'NONE', #4632, #5853 ) ;
#7974 = CARTESIAN_POINT ( 'NONE',  ( -1.963279114448571283, 5.515981634480915829, 0.5000000000000001110 ) ) ;
#7975 = ORIENTED_EDGE ( 'NONE', *, *, #7930, .F. ) ;
#7976 = CARTESIAN_POINT ( 'NONE',  ( -4.799931324454228765, -4.574604580850460955, -0.2500000000000021649 ) ) ;
#7977 = ORIENTED_EDGE ( 'NONE', *, *, #5440, .T. ) ;
#7978 = ADVANCED_FACE ( 'NONE', ( #3679 ), #7069, .F. ) ;
#7979 = DIRECTION ( 'NONE',  ( -1.790913520579326978E-16, -2.245734522990332355E-16, 1.000000000000000000 ) ) ;
#7980 = EDGE_CURVE ( 'NONE', #8597, #8875, #9732, .T. ) ;
#7981 = DIRECTION ( 'NONE',  ( 1.000000000000000000, 5.518288381981687498E-15, 0.000000000000000000 ) ) ;
#7982 = EDGE_CURVE ( 'NONE', #9360, #6, #5991, .T. ) ;
#7983 = ORIENTED_EDGE ( 'NONE', *, *, #4625, .T. ) ;
#7984 = CARTESIAN_POINT ( 'NONE',  ( 0.000000000000000000, 8.467284509729752602E-16, -2.109375000000003109 ) ) ;
#7985 = EDGE_LOOP ( 'NONE', ( #10081, #8212, #5258, #9274 ) ) ;
#7986 = CARTESIAN_POINT ( 'NONE',  ( 8.954567602896607774E-17, -1.122867261495178503E-16, 0.5000000000000000000 ) ) ;
#7987 = EDGE_LOOP ( 'NONE', ( #1348, #7319, #6764, #10054, #8718, #745 ) ) ;
#7988 = DIRECTION ( 'NONE',  ( -1.790913520579321308E-16, -2.245734522990357007E-16, 1.000000000000000000 ) ) ;
#7989 = CARTESIAN_POINT ( 'NONE',  ( -3.246329667989488410, 4.872562155569898579, 1.027403961127392839E-17 ) ) ;
#7990 = DIRECTION ( 'NONE',  ( -1.000000000000000000, -6.938893903907229955E-15, 0.000000000000000000 ) ) ;
#7991 = ORIENTED_EDGE ( 'NONE', *, *, #1667, .F. ) ;
#7992 = CARTESIAN_POINT ( 'NONE',  ( -5.822922039428680030, 1.789036932132483271, 0.4669859836141812548 ) ) ;
#7993 = ORIENTED_EDGE ( 'NONE', *, *, #1586, .T. ) ;
#7994 = ORIENTED_EDGE ( 'NONE', *, *, #4110, .T. ) ;
#7995 = EDGE_CURVE ( 'NONE', #9027, #7849, #1308, .T. ) ;
#7996 = CARTESIAN_POINT ( 'NONE',  ( -1.030938487845655782, -5.763478472887639370, 0.000000000000000000 ) ) ;
#7997 = ORIENTED_EDGE ( 'NONE', *, *, #5379, .F. ) ;
#7998 = DIRECTION ( 'NONE',  ( 0.000000000000000000, 1.000000000000000000, 3.283447024964802684E-16 ) ) ;
#7999 = DIRECTION ( 'NONE',  ( 1.000000000000000000, -3.501990703949916292E-15, 0.000000000000000000 ) ) ;
#8000 = DIRECTION ( 'NONE',  ( 1.790913520579321555E-16, -2.245734522990357007E-16, 1.000000000000000000 ) ) ;
#8001 = CARTESIAN_POINT ( 'NONE',  ( -4.162148097593528107, -4.117892845480475295, 0.4999999999999982792 ) ) ;
#8002 = ORIENTED_EDGE ( 'NONE', *, *, #6326, .F. ) ;
#8003 = EDGE_CURVE ( 'NONE', #4764, #10291, #1491, .T. ) ;
#8004 = CARTESIAN_POINT ( 'NONE',  ( -0.1401104873024310304, -4.868222060490380088, -0.5000000000000017764 ) ) ;
#8005 = CARTESIAN_POINT ( 'NONE',  ( -1.571836107868675780, 5.640022120804223604, 0.5000000000000002220 ) ) ;
#8006 = CARTESIAN_POINT ( 'NONE',  ( 2.238477577586310829, 4.325324856417220865, -0.5000000000000000000 ) ) ;
#8007 = ORIENTED_EDGE ( 'NONE', *, *, #7117, .F. ) ;
#8008 = FACE_OUTER_BOUND ( 'NONE', #3270, .T. ) ;
#8009 = DIRECTION ( 'NONE',  ( 0.9749279121818225091, -0.2225209339563192223, -1.554096509490297531E-16 ) ) ;
#8010 = ADVANCED_FACE ( 'NONE', ( #11594 ), #3552, .T. ) ;
#8011 = DIRECTION ( 'NONE',  ( 1.790913520579326978E-16, 2.245734522990332355E-16, -1.000000000000000000 ) ) ;
#8012 = CARTESIAN_POINT ( 'NONE',  ( 5.118371538954569644, -1.168234903270670699, -1.179010624569937576E-15 ) ) ;
#8013 = ORIENTED_EDGE ( 'NONE', *, *, #1144, .F. ) ;
#8014 = AXIS2_PLACEMENT_3D ( 'NONE', #1212, #4039, #10242 ) ;
#8015 = CARTESIAN_POINT ( 'NONE',  ( 7.181005668578280462E-17, -3.458190067500296149E-17, 0.5000000000000000000 ) ) ;
#8016 = VERTEX_POINT ( 'NONE', #3621 ) ;
#8017 = DIRECTION ( 'NONE',  ( -1.436201133715639822E-16, -6.916380135000388919E-17, 1.000000000000000000 ) ) ;
#8018 = VERTEX_POINT ( 'NONE', #9703 ) ;
#8019 = ORIENTED_EDGE ( 'NONE', *, *, #373, .T. ) ;
#8020 = CARTESIAN_POINT ( 'NONE',  ( -5.527994894309634866, -3.661641740954671764, -0.6893398282201808058 ) ) ;
#8021 = EDGE_CURVE ( 'NONE', #9510, #10820, #1022, .T. ) ;
#8022 = DIRECTION ( 'NONE',  ( -0.6234898018587375912, 0.7818314824680265840, 2.233232632184254402E-16 ) ) ;
#8023 = DIRECTION ( 'NONE',  ( -0.000000000000000000, -1.836970198721029688E-16, 1.000000000000000000 ) ) ;
#8024 = CARTESIAN_POINT ( 'NONE',  ( -8.954567602896634891E-17, -1.122867261495166177E-16, 0.5000000000000000000 ) ) ;
#8025 = EDGE_LOOP ( 'NONE', ( #10058, #10627, #9870, #8147 ) ) ;
#8026 = FACE_OUTER_BOUND ( 'NONE', #10037, .T. ) ;
#8027 = ORIENTED_EDGE ( 'NONE', *, *, #9485, .T. ) ;
#8028 = EDGE_CURVE ( 'NONE', #5275, #6602, #1852, .T. ) ;
#8029 = CARTESIAN_POINT ( 'NONE',  ( 5.836046416229945244, 0.4731602255464835149, 0.3377898998919796059 ) ) ;
#8030 = CARTESIAN_POINT ( 'NONE',  ( 5.536652604613574447, 1.904204875791059903, -0.5000000000000006661 ) ) ;
#8031 = ORIENTED_EDGE ( 'NONE', *, *, #6508, .T. ) ;
#8032 = CARTESIAN_POINT ( 'NONE',  ( -2.339742150879213334, 6.204188460871741029, -0.2499999999999997780 ) ) ;
#8033 = ORIENTED_EDGE ( 'NONE', *, *, #3311, .F. ) ;
#8034 = DIRECTION ( 'NONE',  ( -3.342377459625948935E-16, 1.000000000000000000, 0.000000000000000000 ) ) ;
#8035 = ORIENTED_EDGE ( 'NONE', *, *, #4793, .F. ) ;
#8036 = CARTESIAN_POINT ( 'NONE',  ( 5.057425556495251939, -3.449779290889261940, -0.2500000000000000555 ) ) ;
#8037 = CARTESIAN_POINT ( 'NONE',  ( 4.814127353296902001, 3.839138454945143053, -4.258761068126614905E-16 ) ) ;
#8038 = CARTESIAN_POINT ( 'NONE',  ( -8.954567602896634891E-17, -1.122867261495166177E-16, 0.5000000000000000000 ) ) ;
#8039 = ORIENTED_EDGE ( 'NONE', *, *, #2344, .T. ) ;
#8040 = DIRECTION ( 'NONE',  ( 0.6234898018587320401, -0.7818314824680310249, -1.436201133715656092E-16 ) ) ;
#8041 = B_SPLINE_CURVE_WITH_KNOTS ( 'NONE', 3,
 ( #4216, #671, #1436, #5963 ),
 .UNSPECIFIED., .F., .F.,
 ( 4, 4 ),
 ( 1.989238956369920479E-07, 0.0005046842700227641663 ),
 .UNSPECIFIED. ) ;
#8042 = ORIENTED_EDGE ( 'NONE', *, *, #1540, .T. ) ;
#8043 = EDGE_CURVE ( 'NONE', #8152, #1010, #8293, .T. ) ;
#8044 = ORIENTED_EDGE ( 'NONE', *, *, #3866, .T. ) ;
#8045 = AXIS2_PLACEMENT_3D ( 'NONE', #175, #10931, #8284 ) ;
#8046 =( BOUNDED_CURVE ( )  B_SPLINE_CURVE ( 3, ( #8522, #4065, #3893, #1185 ),
 .UNSPECIFIED., .F., .F. ) 
 B_SPLINE_CURVE_WITH_KNOTS ( ( 4, 4 ),
 ( 4.712388980384689674, 6.283185307179586232 ),
 .UNSPECIFIED. ) 
 CURVE ( )  GEOMETRIC_REPRESENTATION_ITEM ( )  RATIONAL_B_SPLINE_CURVE ( ( 1.000000000000000000, 0.8047378541243649375, 0.8047378541243649375, 1.000000000000000000 ) ) 
 REPRESENTATION_ITEM ( '' )  );
#8047 = DIRECTION ( 'NONE',  ( 0.000000000000000000, 0.000000000000000000, 1.000000000000000000 ) ) ;
#8048 = ORIENTED_EDGE ( 'NONE', *, *, #6123, .F. ) ;
#8049 = CARTESIAN_POINT ( 'NONE',  ( -4.902992115855973942, -3.200185398537851000, -0.1680762712352708299 ) ) ;
#8050 = CARTESIAN_POINT ( 'NONE',  ( 5.606667337272519980, 1.747522080284408919, -0.2500000000000006661 ) ) ;
#8051 = EDGE_CURVE ( 'NONE', #635, #8448, #9179, .T. ) ;
#8052 = CARTESIAN_POINT ( 'NONE',  ( -4.673456231366202474, -4.407348110605466829, 0.3666893729391478285 ) ) ;
#8053 = EDGE_CURVE ( 'NONE', #7564, #10570, #8363, .T. ) ;
#8054 = CARTESIAN_POINT ( 'NONE',  ( -2.238477577586309497, 4.325324856417221753, -0.5000000000000000000 ) ) ;
#8055 = VECTOR ( 'NONE', #10421, 1000.000000000000000 ) ;
#8056 = EDGE_CURVE ( 'NONE', #10691, #11233, #1186, .T. ) ;
#8057 = CARTESIAN_POINT ( 'NONE',  ( -2.277889630367217144, -4.730086556487682614, -1.833312158492425881E-15 ) ) ;
#8058 = ORIENTED_EDGE ( 'NONE', *, *, #2010, .T. ) ;
#8059 = CARTESIAN_POINT ( 'NONE',  ( -1.986007203333995941, 4.446908180657974441, -0.5000000000000000000 ) ) ;
#8060 = DIRECTION ( 'NONE',  ( -0.9749279121818227312, 0.2225209339563178623, 0.000000000000000000 ) ) ;
#8061 = VECTOR ( 'NONE', #3491, 1000.000000000000000 ) ;
#8062 = DIRECTION ( 'NONE',  ( 0.9749279121818227312, -0.2225209339563182231, -2.245734522990357007E-16 ) ) ;
#8063 = DIRECTION ( 'NONE',  ( 8.659560562354874926E-17, -0.7071067811865425767, -0.7071067811865525687 ) ) ;
#8064 = AXIS2_PLACEMENT_3D ( 'NONE', #7593, #9126, #431 ) ;
#8065 = ORIENTED_EDGE ( 'NONE', *, *, #401, .F. ) ;
#8066 = DIRECTION ( 'NONE',  ( 1.000000000000000000, 7.438494264988550399E-15, -7.970314984685912837E-17 ) ) ;
#8067 = DIRECTION ( 'NONE',  ( 0.000000000000000000, 0.000000000000000000, 1.000000000000000000 ) ) ;
#8068 = ADVANCED_FACE ( 'NONE', ( #2848 ), #9340, .T. ) ;
#8069 = DIRECTION ( 'NONE',  ( -0.4338837391175664471, -0.9009688679024150382, 0.000000000000000000 ) ) ;
#8070 = EDGE_LOOP ( 'NONE', ( #318, #163, #8111, #10456, #9610, #1182, #2304 ) ) ;
#8071 = CARTESIAN_POINT ( 'NONE',  ( 7.181005668578280462E-17, 3.458190067500296149E-17, -0.5000000000000000000 ) ) ;
#8072 = ORIENTED_EDGE ( 'NONE', *, *, #1079, .F. ) ;
#8073 = AXIS2_PLACEMENT_3D ( 'NONE', #3351, #6925, #1703 ) ;
#8074 = B_SPLINE_CURVE_WITH_KNOTS ( 'NONE', 3,
 ( #4178, #7797, #7671, #5176 ),
 .UNSPECIFIED., .F., .F.,
 ( 4, 4 ),
 ( 2.062467659351545775E-07, 0.0005045763673072092403 ),
 .UNSPECIFIED. ) ;
#8075 = DIRECTION ( 'NONE',  ( 0.000000000000000000, 0.000000000000000000, 1.000000000000000000 ) ) ;
#8076 = EDGE_CURVE ( 'NONE', #6118, #9050, #8991, .T. ) ;
#8077 = AXIS2_PLACEMENT_3D ( 'NONE', #8401, #10396, #4780 ) ;
#8078 = FACE_OUTER_BOUND ( 'NONE', #5484, .T. ) ;
#8079 = VERTEX_POINT ( 'NONE', #4727 ) ;
#8080 = VECTOR ( 'NONE', #6134, 1000.000000000000000 ) ;
#8081 = AXIS2_PLACEMENT_3D ( 'NONE', #2262, #489, #1435 ) ;
#8082 = DIRECTION ( 'NONE',  ( 0.000000000000000000, -1.000000000000000000, -1.842184222276257569E-16 ) ) ;
#8083 = CARTESIAN_POINT ( 'NONE',  ( -1.884140137118027303, -3.912457308866241767, 1.571836107868754828 ) ) ;
#8084 = AXIS2_PLACEMENT_3D ( 'NONE', #8996, #950, #4485 ) ;
#8085 = LINE ( 'NONE', #865, #9221 ) ;
#8086 = LINE ( 'NONE', #6212, #7199 ) ;
#8087 = ORIENTED_EDGE ( 'NONE', *, *, #843, .T. ) ;
#8088 = DIRECTION ( 'NONE',  ( 0.000000000000000000, 0.000000000000000000, 1.000000000000000000 ) ) ;
#8089 = AXIS2_PLACEMENT_3D ( 'NONE', #8561, #4105, #6518 ) ;
#8090 = EDGE_LOOP ( 'NONE', ( #1766, #7572, #2866, #9628 ) ) ;
#8091 = CIRCLE ( 'NONE', #33, 1.830752539561562919 ) ;
#8092 = DIRECTION ( 'NONE',  ( -0.000000000000000000, 1.000000000000000000, -0.000000000000000000 ) ) ;
#8093 = AXIS2_PLACEMENT_3D ( 'NONE', #4782, #5601, #4832 ) ;
#8094 = VECTOR ( 'NONE', #4841, 1000.000000000000000 ) ;
#8095 = EDGE_CURVE ( 'NONE', #9556, #708, #365, .T. ) ;
#8096 = DIRECTION ( 'NONE',  ( -7.970314984685941186E-17, 3.492023159033203447E-16, -1.000000000000000000 ) ) ;
#8097 = AXIS2_PLACEMENT_3D ( 'NONE', #10776, #10952, #9077 ) ;
#8098 = ORIENTED_EDGE ( 'NONE', *, *, #1487, .T. ) ;
#8099 = CIRCLE ( 'NONE', #9591, 1.830752539561562919 ) ;
#8100 = DIRECTION ( 'NONE',  ( -0.2225209339563050392, 0.9749279121818257288, 2.329518370037008160E-16 ) ) ;
#8101 = ORIENTED_EDGE ( 'NONE', *, *, #1092, .T. ) ;
#8102 = DIRECTION ( 'NONE',  ( -1.000000000000000000, 0.000000000000000000, 0.000000000000000000 ) ) ;
#8103 = VERTEX_POINT ( 'NONE', #4665 ) ;
#8104 = FACE_OUTER_BOUND ( 'NONE', #8820, .T. ) ;
#8105 = FACE_OUTER_BOUND ( 'NONE', #9668, .T. ) ;
#8106 = AXIS2_PLACEMENT_3D ( 'NONE', #10034, #1101, #2119 ) ;
#8107 = CIRCLE ( 'NONE', #2865, 7.396615624999999028 ) ;
#8108 = LINE ( 'NONE', #2770, #437 ) ;
#8109 = ORIENTED_EDGE ( 'NONE', *, *, #1467, .T. ) ;
#8110 = CARTESIAN_POINT ( 'NONE',  ( -4.906110774731157420, -3.276743285394148941, 0.4999999999999986122 ) ) ;
#8111 = ORIENTED_EDGE ( 'NONE', *, *, #8436, .F. ) ;
#8112 = CIRCLE ( 'NONE', #9049, 0.1875000000000001665 ) ;
#8113 = ORIENTED_EDGE ( 'NONE', *, *, #8635, .T. ) ;
#8114 = VECTOR ( 'NONE', #5348, 1000.000000000000114 ) ;
#8115 = CONICAL_SURFACE ( 'NONE', #2494, 2.749999999999993783, 0.7853981633974291832 ) ;
#8116 = PLANE ( 'NONE',  #3 ) ;
#8117 = ORIENTED_EDGE ( 'NONE', *, *, #7222, .T. ) ;
#8118 = B_SPLINE_CURVE_WITH_KNOTS ( 'NONE', 3,
 ( #4108, #4937, #8515, #8344, #514, #1407 ),
 .UNSPECIFIED., .F., .F.,
 ( 4, 2, 4 ),
 ( 0.000000000000000000, 0.0001264732032663989317, 0.0002529464065327978635 ),
 .UNSPECIFIED. ) ;
#8119 = EDGE_CURVE ( 'NONE', #754, #4070, #1880, .T. ) ;
#8120 = DIRECTION ( 'NONE',  ( 0.000000000000000000, 0.000000000000000000, 1.000000000000000000 ) ) ;
#8121 = DIRECTION ( 'NONE',  ( 1.000000000000000000, -6.261134894940760435E-15, 0.000000000000000000 ) ) ;
#8122 = LINE ( 'NONE', #8054, #7336 ) ;
#8123 = CIRCLE ( 'NONE', #8490, 0.2041022026635763154 ) ;
#8124 = VECTOR ( 'NONE', #4955, 1000.000000000000000 ) ;
#8125 = CARTESIAN_POINT ( 'NONE',  ( 5.038967452947925807, -2.981497154332400257, 1.027403961127392839E-17 ) ) ;
#8126 = ORIENTED_EDGE ( 'NONE', *, *, #87, .F. ) ;
#8127 = CIRCLE ( 'NONE', #2312, 1.815000000000000169 ) ;
#8128 = EDGE_CURVE ( 'NONE', #5563, #7314, #9174, .T. ) ;
#8129 = LINE ( 'NONE', #7288, #9804 ) ;
#8130 = EDGE_CURVE ( 'NONE', #10253, #4759, #4314, .T. ) ;
#8131 = DIRECTION ( 'NONE',  ( -0.000000000000000000, -0.000000000000000000, -1.000000000000000000 ) ) ;
#8132 = CIRCLE ( 'NONE', #1571, 2.043333333333333002 ) ;
#8133 = ADVANCED_FACE ( 'NONE', ( #262 ), #7469, .T. ) ;
#8134 = CARTESIAN_POINT ( 'NONE',  ( 5.620881357013671753, 1.685246390786032666, -1.000000000000000888 ) ) ;
#8135 = CARTESIAN_POINT ( 'NONE',  ( -2.339742150879213334, 6.204188460871741029, -1.000000000000000000 ) ) ;
#8136 = EDGE_LOOP ( 'NONE', ( #4474, #5384, #2342, #4010 ) ) ;
#8137 = DIRECTION ( 'NONE',  ( 1.000000000000000000, 0.000000000000000000, 0.000000000000000000 ) ) ;
#8138 = CARTESIAN_POINT ( 'NONE',  ( 2.277889630367151419, -4.730086556487714589, 0.000000000000000000 ) ) ;
#8139 = DIRECTION ( 'NONE',  ( -0.7818314824680221431, 0.6234898018587430313, -6.916380135000386454E-17 ) ) ;
#8140 = ORIENTED_EDGE ( 'NONE', *, *, #6098, .F. ) ;
#8141 = CARTESIAN_POINT ( 'NONE',  ( -5.148848552145754098, -2.787449884792063237, 0.000000000000000000 ) ) ;
#8142 = CIRCLE ( 'NONE', #9083, 5.854956726839295023 ) ;
#8143 = VERTEX_POINT ( 'NONE', #8413 ) ;
#8144 = DIRECTION ( 'NONE',  ( -0.9749279121818227312, 0.2225209339563178623, 2.245734522990356021E-16 ) ) ;
#8145 = EDGE_CURVE ( 'NONE', #5534, #6253, #361, .T. ) ;
#8146 = CARTESIAN_POINT ( 'NONE',  ( 4.324534009489087384E-16, 3.531249999999996891, 2.500000000000000444 ) ) ;
#8147 = ORIENTED_EDGE ( 'NONE', *, *, #2487, .T. ) ;
#8148 = DIRECTION ( 'NONE',  ( 1.790913520579321555E-16, 2.245734522990357007E-16, -1.000000000000000000 ) ) ;
#8149 = CARTESIAN_POINT ( 'NONE',  ( 6.569278111570836742, 0.9005181194463802719, -1.000000000000000888 ) ) ;
#8150 = DIRECTION ( 'NONE',  ( 0.6031473672326368440, -0.7976297721376369720, -2.871449490733157407E-16 ) ) ;
#8151 = DIRECTION ( 'NONE',  ( 1.224646799147352961E-16, 0.000000000000000000, -1.000000000000000000 ) ) ;
#8152 = VERTEX_POINT ( 'NONE', #2963 ) ;
#8153 = CARTESIAN_POINT ( 'NONE',  ( -4.940813756373768406, -3.141476993070049240, -0.5000000000000015543 ) ) ;
#8154 = EDGE_CURVE ( 'NONE', #754, #5719, #9240, .T. ) ;
#8155 = ORIENTED_EDGE ( 'NONE', *, *, #6000, .F. ) ;
#8156 = CARTESIAN_POINT ( 'NONE',  ( 3.020204765022626248, 5.044057738721794415, 0.5000000000000000000 ) ) ;
#8157 = CARTESIAN_POINT ( 'NONE',  ( 2.242025237604955614E-16, 6.157500000000000639, -1.830752539561562253 ) ) ;
#8158 = VERTEX_POINT ( 'NONE', #2194 ) ;
#8159 = CARTESIAN_POINT ( 'NONE',  ( 2.893757514501248185, 5.104951525190887018, -1.000000000000000000 ) ) ;
#8160 = ORIENTED_EDGE ( 'NONE', *, *, #8990, .F. ) ;
#8161 = CARTESIAN_POINT ( 'NONE',  ( 9.058241649679547290E-16, 7.396615624999999916, -2.479187500000000099 ) ) ;
#8162 = VERTEX_POINT ( 'NONE', #8233 ) ;
#8163 = DIRECTION ( 'NONE',  ( 1.000000000000000000, 0.000000000000000000, -0.000000000000000000 ) ) ;
#8164 = DIRECTION ( 'NONE',  ( 1.000000000000000000, 0.000000000000000000, 1.436201133715639822E-16 ) ) ;
#8165 = FACE_OUTER_BOUND ( 'NONE', #9860, .T. ) ;
#8166 = ORIENTED_EDGE ( 'NONE', *, *, #7287, .T. ) ;
#8167 = CARTESIAN_POINT ( 'NONE',  ( 2.994709760019412137, 5.087418285426180908, -1.048203272227196300E-16 ) ) ;
#8168 = EDGE_CURVE ( 'NONE', #9605, #9299, #7490, .T. ) ;
#8169 = VERTEX_POINT ( 'NONE', #6598 ) ;
#8170 = EDGE_LOOP ( 'NONE', ( #2894, #7793, #8993, #3140 ) ) ;
#8171 = CARTESIAN_POINT ( 'NONE',  ( -1.884140137118027081, -3.912457308866240879, -1.516411056810163749E-15 ) ) ;
#8172 = ORIENTED_EDGE ( 'NONE', *, *, #9181, .F. ) ;
#8173 = DIRECTION ( 'NONE',  ( 1.184433339904205948E-16, -4.737733359616823793E-16, 1.000000000000000000 ) ) ;
#8174 = CARTESIAN_POINT ( 'NONE',  ( -5.755329864180174226, 1.754314081387887470, -0.5000000000000012212 ) ) ;
#8175 = ADVANCED_FACE ( 'NONE', ( #1300 ), #5731, .T. ) ;
#8176 = CARTESIAN_POINT ( 'NONE',  ( -5.841050815633685112, 1.798349885710827323, -0.1680249406405551205 ) ) ;
#8177 = ORIENTED_EDGE ( 'NONE', *, *, #8768, .T. ) ;
#8178 = EDGE_CURVE ( 'NONE', #11082, #4535, #424, .T. ) ;
#8179 = LINE ( 'NONE', #2020, #2698 ) ;
#8180 = DIRECTION ( 'NONE',  ( -0.2225209339563037347, 0.9749279121818261729, 3.227114654294985289E-16 ) ) ;
#8181 = CARTESIAN_POINT ( 'NONE',  ( -2.671639123616407652, -5.547715804109125237, -2.150213260174687816E-15 ) ) ;
#8182 = LINE ( 'NONE', #6261, #19 ) ;
#8183 = EDGE_LOOP ( 'NONE', ( #4247, #6111, #10974 ) ) ;
#8184 = LINE ( 'NONE', #7361, #2674 ) ;
#8185 = DIRECTION ( 'NONE',  ( 0.7818314824680308028, 0.6234898018587322621, -6.916380135000586135E-17 ) ) ;
#8186 = B_SPLINE_CURVE_WITH_KNOTS ( 'NONE', 3,
 ( #5330, #6263, #4267, #9766, #849, #4389 ),
 .UNSPECIFIED., .F., .F.,
 ( 4, 2, 4 ),
 ( 0.000000000000000000, 0.0001264852995145794177, 0.0002529705990291588355 ),
 .UNSPECIFIED. ) ;
#8187 = EDGE_LOOP ( 'NONE', ( #7278, #3654, #3575, #1129 ) ) ;
#8188 = DIRECTION ( 'NONE',  ( 1.790913520579327471E-16, -2.245734522990332848E-16, 1.000000000000000000 ) ) ;
#8189 = ORIENTED_EDGE ( 'NONE', *, *, #5241, .F. ) ;
#8190 = EDGE_CURVE ( 'NONE', #607, #9525, #6488, .T. ) ;
#8191 = CARTESIAN_POINT ( 'NONE',  ( -5.729658811953161290, 1.970584941025375736, 0.000000000000000000 ) ) ;
#8192 = CARTESIAN_POINT ( 'NONE',  ( -4.902992115855973942, -3.200185398537851000, 4.271347234060515553E-16 ) ) ;
#8193 = ORIENTED_EDGE ( 'NONE', *, *, #3393, .F. ) ;
#8194 = AXIS2_PLACEMENT_3D ( 'NONE', #8250, #8148, #3515 ) ;
#8195 = DIRECTION ( 'NONE',  ( 0.000000000000000000, 0.000000000000000000, 1.000000000000000000 ) ) ;
#8196 = FACE_BOUND ( 'NONE', #4060, .T. ) ;
#8197 = ADVANCED_FACE ( 'NONE', ( #6839 ), #5193, .F. ) ;
#8198 = CARTESIAN_POINT ( 'NONE',  ( 2.031718491611768762, 5.708267257411067774, 0.000000000000000000 ) ) ;
#8199 = EDGE_CURVE ( 'NONE', #2519, #5436, #7915, .T. ) ;
#8200 = CARTESIAN_POINT ( 'NONE',  ( -1.030938487845655782, -5.763478472887639370, 0.4999999999999980571 ) ) ;
#8201 = VERTEX_POINT ( 'NONE', #11174 ) ;
#8202 = DIRECTION ( 'NONE',  ( 0.000000000000000000, -1.000000000000000000, -1.836970198721029688E-16 ) ) ;
#8203 = ORIENTED_EDGE ( 'NONE', *, *, #8249, .F. ) ;
#8204 = EDGE_CURVE ( 'NONE', #2539, #2564, #10687, .T. ) ;
#8205 = CARTESIAN_POINT ( 'NONE',  ( -5.833575934969728038, 0.4999100760164554846, 1.027403880348036144E-17 ) ) ;
#8206 = VECTOR ( 'NONE', #8009, 1000.000000000000000 ) ;
#8207 = DIRECTION ( 'NONE',  ( 0.2225209339563205546, 0.9749279121818220650, 1.641723512482401095E-16 ) ) ;
#8208 = ORIENTED_EDGE ( 'NONE', *, *, #591, .F. ) ;
#8209 = CARTESIAN_POINT ( 'NONE',  ( -7.181005668578280462E-17, 3.458190067500296149E-17, -0.5000000000000000000 ) ) ;
#8210 = EDGE_LOOP ( 'NONE', ( #3486, #6520, #10492, #1686 ) ) ;
#8211 = CARTESIAN_POINT ( 'NONE',  ( 3.985157492343085224E-17, 1.746011579516595807E-16, -0.5000000000000000000 ) ) ;
#8212 = ORIENTED_EDGE ( 'NONE', *, *, #10201, .T. ) ;
#8213 = DIRECTION ( 'NONE',  ( 1.379535903339907382E-16, -5.518143613359629527E-16, 1.000000000000000000 ) ) ;
#8214 = CARTESIAN_POINT ( 'NONE',  ( -2.671639123616407652, -5.547715804109125237, 0.000000000000000000 ) ) ;
#8215 = DIRECTION ( 'NONE',  ( 0.000000000000000000, -2.759071806679814764E-16, 1.000000000000000000 ) ) ;
#8216 = ORIENTED_EDGE ( 'NONE', *, *, #10148, .T. ) ;
#8217 = CARTESIAN_POINT ( 'NONE',  ( -2.237903063308956053, 5.698273448560722265, -0.2083800311308719733 ) ) ;
#8218 = EDGE_CURVE ( 'NONE', #1974, #1783, #10304, .T. ) ;
#8219 = VERTEX_POINT ( 'NONE', #1370 ) ;
#8220 = EDGE_CURVE ( 'NONE', #600, #6287, #7401, .T. ) ;
#8221 = CARTESIAN_POINT ( 'NONE',  ( 2.186983519523829855, 5.445315942405213328, -0.5000000000000000000 ) ) ;
#8222 = ORIENTED_EDGE ( 'NONE', *, *, #9527, .T. ) ;
#8223 = DIRECTION ( 'NONE',  ( 1.000000000000000000, 0.000000000000000000, 0.000000000000000000 ) ) ;
#8224 = CARTESIAN_POINT ( 'NONE',  ( -4.822140887587990754, -3.343848065856658280, -1.000000000000001554 ) ) ;
#8225 = DIRECTION ( 'NONE',  ( 1.790913520579326978E-16, 2.245734522990332355E-16, -1.000000000000000000 ) ) ;
#8226 = DIRECTION ( 'NONE',  ( 1.000000000000000000, 0.000000000000000000, 0.000000000000000000 ) ) ;
#8227 = ORIENTED_EDGE ( 'NONE', *, *, #6087, .T. ) ;
#8228 = VECTOR ( 'NONE', #2532, 1000.000000000000000 ) ;
#8229 = DIRECTION ( 'NONE',  ( -1.000000000000000000, 1.739922604748386508E-15, 0.000000000000000000 ) ) ;
#8230 = EDGE_CURVE ( 'NONE', #3513, #8704, #6187, .T. ) ;
#8231 = CARTESIAN_POINT ( 'NONE',  ( 4.028020539654735721, -4.249184487084583850, 1.027403961127392839E-17 ) ) ;
#8232 = ORIENTED_EDGE ( 'NONE', *, *, #4049, .F. ) ;
#8233 = CARTESIAN_POINT ( 'NONE',  ( 2.277889630367151419, -4.730086556487713700, -1.815000000000001945 ) ) ;
#8234 = CARTESIAN_POINT ( 'NONE',  ( 0.4679647384833096613, -4.594451436628344432, 0.4999999999999983902 ) ) ;
#8235 = ORIENTED_EDGE ( 'NONE', *, *, #8345, .F. ) ;
#8236 = CARTESIAN_POINT ( 'NONE',  ( -3.985157492343085224E-17, -1.746011579516595807E-16, 0.5000000000000000000 ) ) ;
#8237 = CIRCLE ( 'NONE', #7482, 5.854956726839295023 ) ;
#8238 = EDGE_CURVE ( 'NONE', #5563, #3463, #10407, .T. ) ;
#8239 = CARTESIAN_POINT ( 'NONE',  ( -2.277889630367217144, -4.730086556487682614, -0.5000000000000018874 ) ) ;
#8240 = ORIENTED_EDGE ( 'NONE', *, *, #2405, .T. ) ;
#8241 = CARTESIAN_POINT ( 'NONE',  ( 5.118371538954569644, -1.168234903270670699, 0.000000000000000000 ) ) ;
#8242 = ORIENTED_EDGE ( 'NONE', *, *, #7506, .T. ) ;
#8243 = DIRECTION ( 'NONE',  ( -0.000000000000000000, -1.836970198721029688E-16, 1.000000000000000000 ) ) ;
#8244 = AXIS2_PLACEMENT_3D ( 'NONE', #9692, #9748, #5244 ) ;
#8245 = CIRCLE ( 'NONE', #3948, 2.043333333333333446 ) ;
#8246 = DIRECTION ( 'NONE',  ( -1.000000000000000000, 0.000000000000000000, 0.000000000000000000 ) ) ;
#8247 = ORIENTED_EDGE ( 'NONE', *, *, #7995, .F. ) ;
#8248 = B_SPLINE_CURVE_WITH_KNOTS ( 'NONE', 3,
 ( #763, #6169, #1599, #6931 ),
 .UNSPECIFIED., .F., .F.,
 ( 4, 4 ),
 ( 0.0005048269569637058637, 0.001006091645346890483 ),
 .UNSPECIFIED. ) ;
#8249 = EDGE_CURVE ( 'NONE', #8980, #11401, #742, .T. ) ;
#8250 = CARTESIAN_POINT ( 'NONE',  ( -6.017248975733403782, 0.7105701057768817330, 0.4999999999999991673 ) ) ;
#8251 = CARTESIAN_POINT ( 'NONE',  ( 0.1401104873024962005, -4.868222060490378311, -0.5000000000000017764 ) ) ;
#8252 = CARTESIAN_POINT ( 'NONE',  ( 3.300315535752635476, -3.230463181104189285, 0.4999999999999987232 ) ) ;
#8253 = VECTOR ( 'NONE', #4354, 1000.000000000000114 ) ;
#8254 = CARTESIAN_POINT ( 'NONE',  ( -4.583390897398778030, 0.5661297392312393262, -6.937079628368576655E-16 ) ) ;
#8255 = AXIS2_PLACEMENT_3D ( 'NONE', #9454, #2410, #4997 ) ;
#8256 = VERTEX_POINT ( 'NONE', #5839 ) ;
#8257 = CARTESIAN_POINT ( 'NONE',  ( 0.000000000000000000, 8.673617379884035472E-16, -2.312500000000001776 ) ) ;
#8258 = AXIS2_PLACEMENT_3D ( 'NONE', #8138, #10009, #5439 ) ;
#8259 = ORIENTED_EDGE ( 'NONE', *, *, #6955, .T. ) ;
#8260 = VECTOR ( 'NONE', #3355, 1000.000000000000000 ) ;
#8261 = CARTESIAN_POINT ( 'NONE',  ( -5.833575934969702281, 0.4999100760175226865, 0.1700533594733290299 ) ) ;
#8262 = CARTESIAN_POINT ( 'NONE',  ( -8.954567602896607774E-17, 1.122867261495178503E-16, -0.5000000000000000000 ) ) ;
#8263 = ADVANCED_FACE ( 'NONE', ( #2421 ), #5907, .F. ) ;
#8264 = AXIS2_PLACEMENT_3D ( 'NONE', #2317, #6004, #9579 ) ;
#8265 = ADVANCED_FACE ( 'NONE', ( #2247 ), #8531, .F. ) ;
#8266 = VERTEX_POINT ( 'NONE', #4130 ) ;
#8267 = DIRECTION ( 'NONE',  ( -0.9009688679024157043, 0.4338837391175651703, 1.841765843617871870E-16 ) ) ;
#8268 = ORIENTED_EDGE ( 'NONE', *, *, #4505, .T. ) ;
#8269 = DIRECTION ( 'NONE',  ( -0.7818314824680221431, 0.6234898018587431423, -6.916380135000388919E-17 ) ) ;
#8270 = EDGE_CURVE ( 'NONE', #4319, #3963, #4194, .T. ) ;
#8271 = DIRECTION ( 'NONE',  ( 0.2225209339563182231, 0.9749279121818227312, 1.790913520579321555E-16 ) ) ;
#8272 = EDGE_LOOP ( 'NONE', ( #8861, #531, #10061, #9674, #3303, #2933 ) ) ;
#8274 = VECTOR ( 'NONE', #7618, 1000.000000000000000 ) ;
#8273 = DIRECTION ( 'NONE',  ( -1.790913520579321555E-16, 2.245734522990357007E-16, -1.000000000000000000 ) ) ;
#8275 = CARTESIAN_POINT ( 'NONE',  ( 2.415079429167933611, 3.936415418983353565, 0.5000000000000000000 ) ) ;
#8276 = LINE ( 'NONE', #10211, #4941 ) ;
#8277 = EDGE_LOOP ( 'NONE', ( #8710, #7206, #10021, #165 ) ) ;
#8278 = CARTESIAN_POINT ( 'NONE',  ( 3.003369196426040943, 5.227911871693263990, -0.05060613220745550922 ) ) ;
#8279 = AXIS2_PLACEMENT_3D ( 'NONE', #8521, #11274, #8699 ) ;
#8280 = VERTEX_POINT ( 'NONE', #9519 ) ;
#8281 = CIRCLE ( 'NONE', #2477, 1.830752539561562253 ) ;
#8282 = AXIS2_PLACEMENT_3D ( 'NONE', #10584, #10639, #9826 ) ;
#8283 = VECTOR ( 'NONE', #11487, 1000.000000000000000 ) ;
#8284 = DIRECTION ( 'NONE',  ( 0.2225209339563182231, 0.9749279121818228422, 1.851768037012963116E-16 ) ) ;
#8285 = ORIENTED_EDGE ( 'NONE', *, *, #5190, .T. ) ;
#8286 = VECTOR ( 'NONE', #6112, 1000.000000000000000 ) ;
#8287 = AXIS2_PLACEMENT_3D ( 'NONE', #10434, #3386, #5973 ) ;
#8288 = CARTESIAN_POINT ( 'NONE',  ( 0.000000000000000000, 0.000000000000000000, -0.5000000000000000000 ) ) ;
#8289 = CIRCLE ( 'NONE', #9783, 3.434999999999999609 ) ;
#8290 = LINE ( 'NONE', #1013, #10027 ) ;
#8291 = CARTESIAN_POINT ( 'NONE',  ( -1.830752539561562253, 6.157500000000000639, 0.000000000000000000 ) ) ;
#8292 = CIRCLE ( 'NONE', #1932, 1.981214554537471306 ) ;
#8293 =( BOUNDED_CURVE ( )  B_SPLINE_CURVE ( 3, ( #5256, #1069, #2025, #5607 ),
 .UNSPECIFIED., .F., .F. ) 
 B_SPLINE_CURVE_WITH_KNOTS ( ( 4, 4 ),
 ( 3.141592653589793116, 4.712388980384689674 ),
 .UNSPECIFIED. ) 
 CURVE ( )  GEOMETRIC_REPRESENTATION_ITEM ( )  RATIONAL_B_SPLINE_CURVE ( ( 1.000000000000000000, 0.8047378541243649375, 0.8047378541243649375, 1.000000000000000000 ) ) 
 REPRESENTATION_ITEM ( '' )  );
#8294 = CARTESIAN_POINT ( 'NONE',  ( 5.118371538954569644, -1.168234903270670699, 0.000000000000000000 ) ) ;
#8295 = ADVANCED_FACE ( 'NONE', ( #7763 ), #11356, .T. ) ;
#8296 = ORIENTED_EDGE ( 'NONE', *, *, #6188, .T. ) ;
#8297 = CIRCLE ( 'NONE', #3244, 5.854956726839295023 ) ;
#8298 = AXIS2_PLACEMENT_3D ( 'NONE', #4674, #3803, #319 ) ;
#8299 = VECTOR ( 'NONE', #1303, 1000.000000000000000 ) ;
#8300 = DIRECTION ( 'NONE',  ( 1.000000000000000000, 0.000000000000000000, 0.000000000000000000 ) ) ;
#8301 = VECTOR ( 'NONE', #5714, 999.9999999999998863 ) ;
#8302 = CARTESIAN_POINT ( 'NONE',  ( 0.000000000000000000, 8.673617379884035472E-16, -2.479187500000001432 ) ) ;
#8303 = VERTEX_POINT ( 'NONE', #4959 ) ;
#8304 = DIRECTION ( 'NONE',  ( -0.000000000000000000, -1.836970198721029688E-16, 1.000000000000000000 ) ) ;
#8305 = DIRECTION ( 'NONE',  ( 0.000000000000000000, 0.000000000000000000, 1.000000000000000000 ) ) ;
#8306 = ORIENTED_EDGE ( 'NONE', *, *, #10872, .T. ) ;
#8307 = DIRECTION ( 'NONE',  ( -0.9749279121818257288, -0.2225209339563050392, -2.245734522990332355E-16 ) ) ;
#8308 = VECTOR ( 'NONE', #793, 1000.000000000000114 ) ;
#8309 = VECTOR ( 'NONE', #5289, 1000.000000000000000 ) ;
#8310 = CARTESIAN_POINT ( 'NONE',  ( 6.017248975733395788, 0.7105701057769659990, 0.4999999999999991673 ) ) ;
#8311 = ORIENTED_EDGE ( 'NONE', *, *, #10737, .F. ) ;
#8312 = CARTESIAN_POINT ( 'NONE',  ( -5.468137977703785069, 0.3641919916658922229, -8.975083707982305627E-16 ) ) ;
#8313 = EDGE_CURVE ( 'NONE', #2048, #11615, #3193, .T. ) ;
#8314 = AXIS2_PLACEMENT_3D ( 'NONE', #911, #4500, #6321 ) ;
#8315 = ORIENTED_EDGE ( 'NONE', *, *, #5554, .F. ) ;
#8316 = CIRCLE ( 'NONE', #7370, 1.571836107868756383 ) ;
#8317 = CARTESIAN_POINT ( 'NONE',  ( 3.865690542214781077E-14, -5.854956726839293246, -0.2500000000000020539 ) ) ;
#8318 = AXIS2_PLACEMENT_3D ( 'NONE', #11077, #6510, #10079 ) ;
#8319 = DIRECTION ( 'NONE',  ( 0.9009688679024218105, 0.4338837391175526248, 7.407072148051852464E-17 ) ) ;
#8320 = AXIS2_PLACEMENT_3D ( 'NONE', #1613, #10585, #4081 ) ;
#8321 = ORIENTED_EDGE ( 'NONE', *, *, #9707, .T. ) ;
#8322 = CARTESIAN_POINT ( 'NONE',  ( 5.527994894309681051, -3.661641740954597601, -1.979745477316906310 ) ) ;
#8323 = DIRECTION ( 'NONE',  ( 1.000000000000000000, 0.000000000000000000, -0.000000000000000000 ) ) ;
#8324 = FACE_OUTER_BOUND ( 'NONE', #8807, .T. ) ;
#8325 = SECURITY_CLASSIFICATION ( '', '', #7721 ) ;
#8326 = AXIS2_PLACEMENT_3D ( 'NONE', #11133, #8373, #2093 ) ;
#8327 = CARTESIAN_POINT ( 'NONE',  ( 3.429523072411345908, 4.745407228990885962, 0.5000000000000000000 ) ) ;
#8328 = ORIENTED_EDGE ( 'NONE', *, *, #2542, .T. ) ;
#8329 = DIRECTION ( 'NONE',  ( 1.436201133715639822E-16, 6.916380135000388919E-17, -1.000000000000000000 ) ) ;
#8330 = EDGE_CURVE ( 'NONE', #2600, #10712, #6937, .T. ) ;
#8331 = ORIENTED_EDGE ( 'NONE', *, *, #8747, .F. ) ;
#8332 = CARTESIAN_POINT ( 'NONE',  ( 3.395103212617426092, 2.707504464571544922, -0.5000000000000000000 ) ) ;
#8333 = EDGE_CURVE ( 'NONE', #487, #2012, #2251, .T. ) ;
#8334 = CARTESIAN_POINT ( 'NONE',  ( 9.797174393178825657E-16, 8.000000000000000000, 2.249999999999999556 ) ) ;
#8335 = ORIENTED_EDGE ( 'NONE', *, *, #4905, .T. ) ;
#8336 = ORIENTED_EDGE ( 'NONE', *, *, #9485, .F. ) ;
#8337 = DIRECTION ( 'NONE',  ( -0.000000000000000000, -1.836970198721029688E-16, 1.000000000000000000 ) ) ;
#8338 = DIRECTION ( 'NONE',  ( -0.000000000000000000, -0.000000000000000000, -1.000000000000000000 ) ) ;
#8339 = ORIENTED_EDGE ( 'NONE', *, *, #11364, .F. ) ;
#8340 = DIRECTION ( 'NONE',  ( -1.000000000000000000, 0.000000000000000000, 0.000000000000000000 ) ) ;
#8341 = DIRECTION ( 'NONE',  ( 0.000000000000000000, 1.836970198721029688E-16, -1.000000000000000000 ) ) ;
#8342 = CARTESIAN_POINT ( 'NONE',  ( 1.963279114448572171, 5.515981634480914941, 0.5000000000000000000 ) ) ;
#8343 = ORIENTED_EDGE ( 'NONE', *, *, #22, .T. ) ;
#8344 = CARTESIAN_POINT ( 'NONE',  ( -4.410371491910821895, -4.080335395521636599, 0.4884072837075390527 ) ) ;
#8345 = EDGE_CURVE ( 'NONE', #3024, #10739, #1502, .T. ) ;
#8346 = EDGE_LOOP ( 'NONE', ( #7325, #7754 ) ) ;
#8347 = ADVANCED_FACE ( 'NONE', ( #11464 ), #6176, .F. ) ;
#8348 = B_SPLINE_CURVE_WITH_KNOTS ( 'NONE', 3,
 ( #5428, #2735, #7118, #8001 ),
 .UNSPECIFIED., .F., .F.,
 ( 4, 4 ),
 ( 1.989238956369752661E-07, 0.0005046842700227628653 ),
 .UNSPECIFIED. ) ;
#8349 = EDGE_CURVE ( 'NONE', #8396, #10632, #1689, .T. ) ;
#8350 = CARTESIAN_POINT ( 'NONE',  ( -3.020204765022623139, 5.044057738721797080, 0.000000000000000000 ) ) ;
#8351 = EDGE_LOOP ( 'NONE', ( #7563, #4687, #1739, #11287, #9494, #1709 ) ) ;
#8352 = CARTESIAN_POINT ( 'NONE',  ( -0.1401104873024310582, -4.868222060490380088, -1.000000000000001776 ) ) ;
#8353 = DIRECTION ( 'NONE',  ( 1.436201133715639822E-16, 6.916380135000388919E-17, -1.000000000000000000 ) ) ;
#8354 = CARTESIAN_POINT ( 'NONE',  ( -5.729658811962702103, 1.766482738355882764, -0.03299194353885481074 ) ) ;
#8355 = CARTESIAN_POINT ( 'NONE',  ( 0.000000000000000000, 8.582940074552626705E-16, -2.172334957055049198 ) ) ;
#8356 = EDGE_CURVE ( 'NONE', #6290, #3666, #9166, .T. ) ;
#8357 = EDGE_CURVE ( 'NONE', #6798, #3666, #9743, .T. ) ;
#8358 = DIRECTION ( 'NONE',  ( 0.000000000000000000, 0.000000000000000000, 1.000000000000000000 ) ) ;
#8359 = EDGE_CURVE ( 'NONE', #6602, #2671, #7008, .T. ) ;
#8360 = EDGE_LOOP ( 'NONE', ( #8954, #11613, #1836, #7975 ) ) ;
#8361 = CARTESIAN_POINT ( 'NONE',  ( 1.785469052044889482, 5.576075549824572875, -8.297247099245110806E-17 ) ) ;
#8362 = EDGE_LOOP ( 'NONE', ( #426, #4987, #6475, #1819, #1614, #3407 ) ) ;
#8363 = LINE ( 'NONE', #10878, #4688 ) ;
#8364 = CARTESIAN_POINT ( 'NONE',  ( 6.569278111570836742, 0.9005181194463801608, -0.2500000000000011102 ) ) ;
#8365 = VERTEX_POINT ( 'NONE', #11583 ) ;
#8366 = DIRECTION ( 'NONE',  ( 0.000000000000000000, -2.389426275450147340E-16, 1.000000000000000000 ) ) ;
#8367 = PLANE ( 'NONE',  #3950 ) ;
#8368 = VERTEX_POINT ( 'NONE', #893 ) ;
#8369 = CARTESIAN_POINT ( 'NONE',  ( -1.571836107868757049, 4.342500000000001137, 0.4999999999999997780 ) ) ;
#8370 = EDGE_CURVE ( 'NONE', #4426, #728, #4303, .T. ) ;
#8371 = ORIENTED_EDGE ( 'NONE', *, *, #10348, .F. ) ;
#8372 = CARTESIAN_POINT ( 'NONE',  ( 3.059779840274898799, 5.302478452986588486, -0.3964466094067262136 ) ) ;
#8373 = DIRECTION ( 'NONE',  ( 0.000000000000000000, 0.000000000000000000, 1.000000000000000000 ) ) ;
#8374 = EDGE_CURVE ( 'NONE', #4845, #4114, #1840, .T. ) ;
#8375 = ORIENTED_EDGE ( 'NONE', *, *, #11420, .T. ) ;
#8376 = FACE_BOUND ( 'NONE', #481, .T. ) ;
#8377 = DIRECTION ( 'NONE',  ( 0.000000000000000000, 1.836970198721029688E-16, -1.000000000000000000 ) ) ;
#8378 = CARTESIAN_POINT ( 'NONE',  ( 1.884140137117972680, -3.912457308866267969, -1.516411056810168482E-15 ) ) ;
#8379 = CARTESIAN_POINT ( 'NONE',  ( -5.869586545470588668, 0.8576463980603995507, 0.4987889447408306309 ) ) ;
#8380 = ORIENTED_EDGE ( 'NONE', *, *, #3184, .F. ) ;
#8381 = FACE_OUTER_BOUND ( 'NONE', #11626, .T. ) ;
#8382 = ORIENTED_EDGE ( 'NONE', *, *, #11326, .T. ) ;
#8383 = DIRECTION ( 'NONE',  ( 0.000000000000000000, 0.7071067811865427988, -0.7071067811865522357 ) ) ;
#8384 = SPHERICAL_SURFACE ( 'NONE', #1008, 2.043333333333333002 ) ;
#8385 = VERTEX_POINT ( 'NONE', #7868 ) ;
#8386 = EDGE_CURVE ( 'NONE', #11129, #8079, #4308, .T. ) ;
#8387 = ORIENTED_EDGE ( 'NONE', *, *, #8706, .F. ) ;
#8388 = DIRECTION ( 'NONE',  ( 0.9996682996984986858, 0.02575442831655199924, 1.848157082814943962E-16 ) ) ;
#8389 = CARTESIAN_POINT ( 'NONE',  ( 0.000000000000000000, 0.000000000000000000, 0.5000000000000000000 ) ) ;
#8390 = VERTEX_POINT ( 'NONE', #4483 ) ;
#8391 = CARTESIAN_POINT ( 'NONE',  ( 0.000000000000000000, 8.840419081344957312E-16, -2.312500000000000888 ) ) ;
#8392 = CARTESIAN_POINT ( 'NONE',  ( 1.571836107868756605, 5.640022120804201400, 0.000000000000000000 ) ) ;
#8393 = DIRECTION ( 'NONE',  ( -0.000000000000000000, -1.836970198721029688E-16, 1.000000000000000000 ) ) ;
#8394 = ORIENTED_EDGE ( 'NONE', *, *, #9844, .F. ) ;
#8395 = FACE_OUTER_BOUND ( 'NONE', #788, .T. ) ;
#8396 = VERTEX_POINT ( 'NONE', #3605 ) ;
#8397 = AXIS2_PLACEMENT_3D ( 'NONE', #9847, #5449, #8082 ) ;
#8398 = DIRECTION ( 'NONE',  ( -1.790913520579321555E-16, 2.245734522990357007E-16, -1.000000000000000000 ) ) ;
#8399 = VERTEX_POINT ( 'NONE', #7114 ) ;
#8400 = LINE ( 'NONE', #3892, #10895 ) ;
#8401 = CARTESIAN_POINT ( 'NONE',  ( 4.861967685878243017, -3.293906840424580373, -0.2500000000000016098 ) ) ;
#8402 = EDGE_CURVE ( 'NONE', #4419, #10632, #3429, .T. ) ;
#8403 = DIRECTION ( 'NONE',  ( -0.000000000000000000, -0.000000000000000000, -1.000000000000000000 ) ) ;
#8404 = EDGE_LOOP ( 'NONE', ( #646, #6535, #1247, #1338, #9568, #9301 ) ) ;
#8405 = DIRECTION ( 'NONE',  ( -1.790913520579321555E-16, -2.245734522990357007E-16, 1.000000000000000000 ) ) ;
#8406 = DIRECTION ( 'NONE',  ( 1.790913520579326978E-16, 2.245734522990332355E-16, -1.000000000000000000 ) ) ;
#8407 = ORIENTED_EDGE ( 'NONE', *, *, #10724, .T. ) ;
#8408 = CARTESIAN_POINT ( 'NONE',  ( 0.000000000000000000, -7.375803124999999127, -2.374937500000001922 ) ) ;
#8409 = CARTESIAN_POINT ( 'NONE',  ( 3.312417284811319362, 4.827878416493514457, 0.5000000000000000000 ) ) ;
#8410 = EDGE_CURVE ( 'NONE', #10744, #6253, #11248, .T. ) ;
#8411 = ORIENTED_EDGE ( 'NONE', *, *, #4908, .T. ) ;
#8412 = EDGE_CURVE ( 'NONE', #1657, #5291, #5068, .T. ) ;
#8413 = CARTESIAN_POINT ( 'NONE',  ( 6.022505511281142532, 0.9146046076783822532, -0.1313876030881689916 ) ) ;
#8414 = CARTESIAN_POINT ( 'NONE',  ( -5.839845736122977193, 0.4203808409609055552, 0.4999999999999998890 ) ) ;
#8415 = ORIENTED_EDGE ( 'NONE', *, *, #4623, .T. ) ;
#8416 = CARTESIAN_POINT ( 'NONE',  ( -5.389570639310297118, 2.287585320167340619, 0.4999999999999995559 ) ) ;
#8417 = EDGE_CURVE ( 'NONE', #3002, #7095, #2817, .T. ) ;
#8418 = LINE ( 'NONE', #1203, #5830 ) ;
#8419 = VERTEX_POINT ( 'NONE', #6121 ) ;
#8420 = DIRECTION ( 'NONE',  ( 0.000000000000000000, -2.389426275450147340E-16, 1.000000000000000000 ) ) ;
#8421 = ORIENTED_EDGE ( 'NONE', *, *, #965, .F. ) ;
#8422 = UNCERTAINTY_MEASURE_WITH_UNIT (LENGTH_MEASURE( 1.000000000000000082E-05 ), #6857, 'distance_accuracy_value', 'NONE');
#8423 = CARTESIAN_POINT ( 'NONE',  ( 0.000000000000000000, -6.241953123358066370E-31, 2.500000000000003553 ) ) ;
#8424 = LINE ( 'NONE', #6498, #2147 ) ;
#8425 = AXIS2_PLACEMENT_3D ( 'NONE', #616, #2503, #10467 ) ;
#8426 =( BOUNDED_CURVE ( )  B_SPLINE_CURVE ( 3, ( #2950, #5489, #8174, #9994 ),
 .UNSPECIFIED., .F., .F. ) 
 B_SPLINE_CURVE_WITH_KNOTS ( ( 4, 4 ),
 ( 3.141592653589791340, 4.712388980384693227 ),
 .UNSPECIFIED. ) 
 CURVE ( )  GEOMETRIC_REPRESENTATION_ITEM ( )  RATIONAL_B_SPLINE_CURVE ( ( 1.000000000000000000, 0.8047378541243637162, 0.8047378541243637162, 1.000000000000000000 ) ) 
 REPRESENTATION_ITEM ( '' )  );
#8427 = EDGE_CURVE ( 'NONE', #1554, #9386, #1410, .T. ) ;
#8428 = ORIENTED_EDGE ( 'NONE', *, *, #5645, .F. ) ;
#8429 = CARTESIAN_POINT ( 'NONE',  ( 1.571836107868757049, 4.342500000000001137, 0.000000000000000000 ) ) ;
#8430 = CARTESIAN_POINT ( 'NONE',  ( 0.000000000000000000, 5.250000000000000000, 0.000000000000000000 ) ) ;
#8431 = CARTESIAN_POINT ( 'NONE',  ( 5.795440118211013569, 0.9204544874742648375, -1.000000000000000666 ) ) ;
#8432 = ORIENTED_EDGE ( 'NONE', *, *, #9653, .F. ) ;
#8433 = DIRECTION ( 'NONE',  ( 1.000000000000000000, 1.224646799147353207E-16, 2.249639673992786412E-32 ) ) ;
#8434 = ORIENTED_EDGE ( 'NONE', *, *, #1565, .F. ) ;
#8435 = AXIS2_PLACEMENT_3D ( 'NONE', #7358, #10949, #3018 ) ;
#8436 = EDGE_CURVE ( 'NONE', #2737, #10712, #3009, .T. ) ;
#8437 = B_SPLINE_CURVE_WITH_KNOTS ( 'NONE', 3,
 ( #283, #2986, #10133, #2109 ),
 .UNSPECIFIED., .F., .F.,
 ( 4, 4 ),
 ( 1.989238956377220579E-07, 0.0005046842700227604801 ),
 .UNSPECIFIED. ) ;
#8438 = DIRECTION ( 'NONE',  ( -0.7818314824680266950, -0.6234898018587373691, 0.000000000000000000 ) ) ;
#8439 = LINE ( 'NONE', #389, #10189 ) ;
#8440 = ORIENTED_EDGE ( 'NONE', *, *, #2418, .T. ) ;
#8441 = VERTEX_POINT ( 'NONE', #7743 ) ;
#8442 = CIRCLE ( 'NONE', #4879, 5.854956726839295023 ) ;
#8443 = CARTESIAN_POINT ( 'NONE',  ( 4.214864141736295977, -4.079440067664964253, 0.000000000000000000 ) ) ;
#8444 = ORIENTED_EDGE ( 'NONE', *, *, #205, .T. ) ;
#8445 = CARTESIAN_POINT ( 'NONE',  ( 0.000000000000000000, -8.000000000000000000, 2.249999999999996891 ) ) ;
#8446 = LINE ( 'NONE', #9272, #203 ) ;
#8447 = DIRECTION ( 'NONE',  ( 0.000000000000000000, -1.000000000000000000, -1.836970198721029688E-16 ) ) ;
#8448 = VERTEX_POINT ( 'NONE', #5987 ) ;
#8449 = CARTESIAN_POINT ( 'NONE',  ( -5.809654137952178665, 0.8581787979758086493, -0.2500000000000008882 ) ) ;
#8450 = VECTOR ( 'NONE', #2005, 1000.000000000000000 ) ;
#8451 = ORIENTED_EDGE ( 'NONE', *, *, #2617, .F. ) ;
#8452 = EDGE_CURVE ( 'NONE', #7136, #3361, #8074, .T. ) ;
#8453 = VECTOR ( 'NONE', #3855, 1000.000000000000000 ) ;
#8454 = VECTOR ( 'NONE', #511, 1000.000000000000114 ) ;
#8455 = DIRECTION ( 'NONE',  ( 0.6234898018587435864, 0.7818314824680219211, 2.872402267431296900E-16 ) ) ;
#8456 = ORIENTED_EDGE ( 'NONE', *, *, #2230, .T. ) ;
#8457 = LINE ( 'NONE', #522, #2843 ) ;
#8458 = DIRECTION ( 'NONE',  ( 0.9749279121818227312, -0.2225209339563182231, -2.245734522990357007E-16 ) ) ;
#8459 = AXIS2_PLACEMENT_3D ( 'NONE', #9694, #945, #2733 ) ;
#8460 = AXIS2_PLACEMENT_3D ( 'NONE', #8720, #1557, #2381 ) ;
#8461 = CARTESIAN_POINT ( 'NONE',  ( -4.104615282957117195, 3.273321459758401719, -3.631099570875204645E-16 ) ) ;
#8462 = DIRECTION ( 'NONE',  ( 0.000000000000000000, -1.000000000000000000, 0.000000000000000000 ) ) ;
#8463 = AXIS2_PLACEMENT_3D ( 'NONE', #7767, #2321, #11359 ) ;
#8464 = CARTESIAN_POINT ( 'NONE',  ( -4.375126996066896368, 1.478593510159793123, 0.4999999999999995559 ) ) ;
#8465 = AXIS2_PLACEMENT_3D ( 'NONE', #6281, #7209, #10899 ) ;
#8466 = ORIENTED_EDGE ( 'NONE', *, *, #11242, .F. ) ;
#8467 = FACE_OUTER_BOUND ( 'NONE', #3192, .T. ) ;
#8468 = AXIS2_PLACEMENT_3D ( 'NONE', #4104, #3931, #6740 ) ;
#8469 = EDGE_CURVE ( 'NONE', #3755, #4758, #2431, .T. ) ;
#8470 = AXIS2_PLACEMENT_3D ( 'NONE', #305, #4019, #10940 ) ;
#8471 = FACE_OUTER_BOUND ( 'NONE', #7292, .T. ) ;
#8472 = ORIENTED_EDGE ( 'NONE', *, *, #4908, .F. ) ;
#8473 = DIRECTION ( 'NONE',  ( -0.000000000000000000, 1.000000000000000000, 0.000000000000000000 ) ) ;
#8474 = AXIS2_PLACEMENT_3D ( 'NONE', #3918, #7603, #5745 ) ;
#8475 = CARTESIAN_POINT ( 'NONE',  ( 2.277889630367151419, -4.730086556487714589, -1.833312158492431403E-15 ) ) ;
#8476 = VERTEX_POINT ( 'NONE', #517 ) ;
#8477 = CARTESIAN_POINT ( 'NONE',  ( 5.822922039428655161, 1.789036932132564983, -0.1313876030881700741 ) ) ;
#8478 = PLANE ( 'NONE',  #8064 ) ;
#8479 = AXIS2_PLACEMENT_3D ( 'NONE', #9786, #809, #11557 ) ;
#8480 = CIRCLE ( 'NONE', #4923, 6.968749999999998224 ) ;
#8481 = ORIENTED_EDGE ( 'NONE', *, *, #8556, .F. ) ;
#8482 = CARTESIAN_POINT ( 'NONE',  ( -4.104615282957117195, 3.273321459758401719, 1.814999999999999725 ) ) ;
#8483 = ADVANCED_FACE ( 'NONE', ( #3300 ), #10324, .T. ) ;
#8484 = ORIENTED_EDGE ( 'NONE', *, *, #8532, .T. ) ;
#8485 = EDGE_CURVE ( 'NONE', #3879, #684, #4510, .T. ) ;
#8486 = CONICAL_SURFACE ( 'NONE', #3618, 2.749999999999993783, 0.7853981633974291832 ) ;
#8487 = CARTESIAN_POINT ( 'NONE',  ( 0.000000000000000000, -7.375803124999998239, -2.479187500000002320 ) ) ;
#8488 = EDGE_CURVE ( 'NONE', #4759, #7108, #11058, .T. ) ;
#8489 = DIRECTION ( 'NONE',  ( -0.7818314824680222541, 0.6234898018587430313, 0.000000000000000000 ) ) ;
#8490 = AXIS2_PLACEMENT_3D ( 'NONE', #8833, #3378, #2436 ) ;
#8491 = CIRCLE ( 'NONE', #3435, 2.043333333333333002 ) ;
#8492 = PLANE ( 'NONE',  #543 ) ;
#8493 = VERTEX_POINT ( 'NONE', #9622 ) ;
#8494 = CARTESIAN_POINT ( 'NONE',  ( -3.985157492342970593E-17, 1.746011579516601723E-16, -0.5000000000000000000 ) ) ;
#8496 = AXIS2_PLACEMENT_3D ( 'NONE', #4514, #6456, #8088 ) ;
#8495 = LINE ( 'NONE', #11315, #987 ) ;
#8497 = FACE_OUTER_BOUND ( 'NONE', #6331, .T. ) ;
#8498 = PERSON_AND_ORGANIZATION ( #3279, #1198 ) ;
#8499 = ORIENTED_EDGE ( 'NONE', *, *, #5007, .F. ) ;
#8500 = SPHERICAL_SURFACE ( 'NONE', #11306, 2.043333333333333002 ) ;
#8501 = ORIENTED_EDGE ( 'NONE', *, *, #9930, .T. ) ;
#8502 = AXIS2_PLACEMENT_3D ( 'NONE', #9650, #3616, #6312 ) ;
#8503 = ADVANCED_FACE ( 'NONE', ( #694 ), #11439, .T. ) ;
#8504 = AXIS2_PLACEMENT_3D ( 'NONE', #9311, #6556, #4044 ) ;
#8505 = FACE_OUTER_BOUND ( 'NONE', #8616, .T. ) ;
#8506 = EDGE_LOOP ( 'NONE', ( #4428, #1027, #10574, #7388, #7467, #348 ) ) ;
#8507 = VERTEX_POINT ( 'NONE', #6874 ) ;
#8508 = DIRECTION ( 'NONE',  ( 1.790913520579326978E-16, 2.245734522990332355E-16, -1.000000000000000000 ) ) ;
#8509 = AXIS2_PLACEMENT_3D ( 'NONE', #1041, #4637, #9031 ) ;
#8510 = ORIENTED_EDGE ( 'NONE', *, *, #3380, .F. ) ;
#8511 = CARTESIAN_POINT ( 'NONE',  ( -2.277889630367217144, -4.730086556487682614, -1.833312158492425881E-15 ) ) ;
#8512 = CARTESIAN_POINT ( 'NONE',  ( 0.000000000000000000, -6.968749999999999112, 2.499999999999998668 ) ) ;
#8513 = CARTESIAN_POINT ( 'NONE',  ( 1.030938487845573404, -5.763478472887654469, 0.000000000000000000 ) ) ;
#8514 = ORIENTED_EDGE ( 'NONE', *, *, #4205, .F. ) ;
#8515 = CARTESIAN_POINT ( 'NONE',  ( -4.330162307057067395, -4.054293767528147185, 0.4987889447408299648 ) ) ;
#8516 = ORIENTED_EDGE ( 'NONE', *, *, #4976, .T. ) ;
#8517 = AXIS2_PLACEMENT_3D ( 'NONE', #5625, #9023, #6554 ) ;
#8518 = LINE ( 'NONE', #467, #2080 ) ;
#8519 = ORIENTED_EDGE ( 'NONE', *, *, #6215, .F. ) ;
#8520 = ADVANCED_FACE ( 'NONE', ( #1641 ), #11266, .F. ) ;
#8521 = CARTESIAN_POINT ( 'NONE',  ( 0.000000000000000000, 0.000000000000000000, 0.5000000000000000000 ) ) ;
#8522 = CARTESIAN_POINT ( 'NONE',  ( 4.822140887588036051, -3.343848065856593443, -0.5000000000000016653 ) ) ;
#8523 = CARTESIAN_POINT ( 'NONE',  ( 0.000000000000000000, 4.592425496802613046E-17, 2.249999999999998224 ) ) ;
#8524 = EDGE_LOOP ( 'NONE', ( #769, #9211 ) ) ;
#8525 = CARTESIAN_POINT ( 'NONE',  ( -0.5044852121026935921, -6.294296555059474940, -1.000000000000001998 ) ) ;
#8526 = DIRECTION ( 'NONE',  ( -1.000000000000000000, 0.000000000000000000, 0.000000000000000000 ) ) ;
#8527 = ORIENTED_EDGE ( 'NONE', *, *, #11256, .T. ) ;
#8528 = CARTESIAN_POINT ( 'NONE',  ( -4.375126996066896368, 1.478593510159793123, 0.4999999999999995559 ) ) ;
#8529 = CARTESIAN_POINT ( 'NONE',  ( -4.233624458649579481, -0.9662971557052548732, -9.752102166085519590E-16 ) ) ;
#8530 = ORIENTED_EDGE ( 'NONE', *, *, #8359, .T. ) ;
#8531 = PLANE ( 'NONE',  #3372 ) ;
#8532 = EDGE_CURVE ( 'NONE', #8162, #4249, #941, .T. ) ;
#8534 = EDGE_CURVE ( 'NONE', #5570, #5343, #3384, .T. ) ;
#8533 = PLANE ( 'NONE',  #8836 ) ;
#8535 = ORIENTED_EDGE ( 'NONE', *, *, #1233, .F. ) ;
#8536 = CARTESIAN_POINT ( 'NONE',  ( 8.534257381558117470E-16, 6.968749999999999112, 2.500000000000001332 ) ) ;
#8537 = AXIS2_PLACEMENT_3D ( 'NONE', #9695, #7814, #8815 ) ;
#8538 = CARTESIAN_POINT ( 'NONE',  ( 9.045497668925920108E-16, 7.375803125000000016, -2.479187499999999655 ) ) ;
#8539 = EDGE_CURVE ( 'NONE', #1783, #10013, #575, .T. ) ;
#8540 = EDGE_LOOP ( 'NONE', ( #10925, #4860, #128, #2645, #3485, #2976 ) ) ;
#8541 = DIRECTION ( 'NONE',  ( 0.000000000000000000, 0.000000000000000000, 1.000000000000000000 ) ) ;
#8542 = ORIENTED_EDGE ( 'NONE', *, *, #1380, .T. ) ;
#8543 = CARTESIAN_POINT ( 'NONE',  ( 3.985157492343085224E-17, 1.746011579516595807E-16, -0.5000000000000000000 ) ) ;
#8544 = CARTESIAN_POINT ( 'NONE',  ( 2.231807111763035145, 5.667990052715531135, -1.885160653978395162 ) ) ;
#8545 = CARTESIAN_POINT ( 'NONE',  ( -3.039904091628593097, 5.278831057677258798, 0.4669859836141827536 ) ) ;
#8546 = ORIENTED_EDGE ( 'NONE', *, *, #5726, .T. ) ;
#8547 = DIRECTION ( 'NONE',  ( -0.6234898018587320401, 0.7818314824680309139, 1.481414429610370493E-16 ) ) ;
#8548 = CARTESIAN_POINT ( 'NONE',  ( -2.415079429167877656, 3.936415418983388204, 0.4999999999999998890 ) ) ;
#8549 = EDGE_CURVE ( 'NONE', #11032, #3879, #187, .T. ) ;
#8550 = ORIENTED_EDGE ( 'NONE', *, *, #3201, .T. ) ;
#8551 = DIRECTION ( 'NONE',  ( -0.9009688679024218105, -0.4338837391175526248, 0.000000000000000000 ) ) ;
#8552 = ORIENTED_EDGE ( 'NONE', *, *, #11512, .T. ) ;
#8553 = CARTESIAN_POINT ( 'NONE',  ( 0.000000000000000000, 5.250000000000000000, 0.000000000000000000 ) ) ;
#8554 = CARTESIAN_POINT ( 'NONE',  ( 0.4679647384833097168, -4.594451436628345320, 1.571836107868754606 ) ) ;
#8555 = EDGE_LOOP ( 'NONE', ( #7729, #9549, #711, #95, #4412, #10914, #6924 ) ) ;
#8556 = EDGE_CURVE ( 'NONE', #4759, #10253, #6199, .T. ) ;
#8557 = ORIENTED_EDGE ( 'NONE', *, *, #9956, .F. ) ;
#8558 = ADVANCED_FACE ( 'NONE', ( #10493 ), #1588, .T. ) ;
#8559 = ORIENTED_EDGE ( 'NONE', *, *, #7084, .T. ) ;
#8560 = DIRECTION ( 'NONE',  ( 0.000000000000000000, 1.000000000000000000, 2.188964683309868291E-16 ) ) ;
#8561 = CARTESIAN_POINT ( 'NONE',  ( -2.540370517012538798, 5.275133733798050173, -0.2500000000000000000 ) ) ;
#8562 = EDGE_CURVE ( 'NONE', #5519, #3097, #9115, .T. ) ;
#8563 = CARTESIAN_POINT ( 'NONE',  ( -5.589651465188762103, 1.822073486975133827, 0.4999999999999994449 ) ) ;
#8564 = VERTEX_POINT ( 'NONE', #2586 ) ;
#8565 = FACE_OUTER_BOUND ( 'NONE', #7296, .T. ) ;
#8566 = ORIENTED_EDGE ( 'NONE', *, *, #7451, .F. ) ;
#8567 = CARTESIAN_POINT ( 'NONE',  ( -6.309435231926608267, 2.038964159748317240, 0.09181046656276548035 ) ) ;
#8568 = CLOSED_SHELL ( 'NONE', ( #9416, #4051 ) ) ;
#8569 = ORIENTED_EDGE ( 'NONE', *, *, #1397, .T. ) ;
#8570 = PLANE ( 'NONE',  #7873 ) ;
#8571 = EDGE_LOOP ( 'NONE', ( #461, #7854, #3632, #7403 ) ) ;
#8572 = CARTESIAN_POINT ( 'NONE',  ( 2.671639123616330380, -5.547715804109162541, 0.000000000000000000 ) ) ;
#8573 = ADVANCED_FACE ( 'NONE', ( #755 ), #699, .T. ) ;
#8574 = CARTESIAN_POINT ( 'NONE',  ( -3.429523072411277962, 4.745407228990935700, 0.4999999999999997780 ) ) ;
#8575 = CARTESIAN_POINT ( 'NONE',  ( -6.017248975733403782, 0.7105701057768822881, -1.701502775549881719 ) ) ;
#8576 = ORIENTED_EDGE ( 'NONE', *, *, #3727, .F. ) ;
#8577 = AXIS2_PLACEMENT_3D ( 'NONE', #1439, #6018, #5026 ) ;
#8578 = FACE_OUTER_BOUND ( 'NONE', #8025, .T. ) ;
#8579 = CARTESIAN_POINT ( 'NONE',  ( 4.470037444215078537, -4.138337766436347209, -0.1313876030881655221 ) ) ;
#8580 = EDGE_LOOP ( 'NONE', ( #1826, #10942, #9690, #9092, #3930, #1105 ) ) ;
#8581 = EDGE_CURVE ( 'NONE', #2765, #10735, #2441, .T. ) ;
#8582 = DIRECTION ( 'NONE',  ( 7.970314984686170449E-17, 3.492023159033191614E-16, -1.000000000000000000 ) ) ;
#8583 = CARTESIAN_POINT ( 'NONE',  ( 5.620881357013672641, 1.685246390786033110, -0.5000000000000006661 ) ) ;
#8584 = ORIENTED_EDGE ( 'NONE', *, *, #5402, .T. ) ;
#8585 = CARTESIAN_POINT ( 'NONE',  ( 4.488669179800687026, -4.162977229057006845, -0.2500000000000000555 ) ) ;
#8586 = FACE_OUTER_BOUND ( 'NONE', #6531, .T. ) ;
#8587 = CARTESIAN_POINT ( 'NONE',  ( 5.817359484334620134, 0.7518242008520343855, 0.000000000000000000 ) ) ;
#8588 = DIRECTION ( 'NONE',  ( 0.7818314824680272501, 0.6234898018587369251, 0.000000000000000000 ) ) ;
#8589 = VERTEX_POINT ( 'NONE', #9731 ) ;
#8590 = DIRECTION ( 'NONE',  ( -0.000000000000000000, -1.836970198721029688E-16, 1.000000000000000000 ) ) ;
#8591 = ORIENTED_EDGE ( 'NONE', *, *, #340, .T. ) ;
#8592 = ADVANCED_FACE ( 'NONE', ( #4420 ), #7161, .F. ) ;
#8593 = DIRECTION ( 'NONE',  ( -0.2225209339563050948, 0.9749279121818258398, 2.069205142716396713E-16 ) ) ;
#8594 =( BOUNDED_CURVE ( )  B_SPLINE_CURVE ( 3, ( #10270, #10395, #11394, #411 ),
 .UNSPECIFIED., .F., .F. ) 
 B_SPLINE_CURVE_WITH_KNOTS ( ( 4, 4 ),
 ( 1.868606583865387361, 3.141592653589793116 ),
 .UNSPECIFIED. ) 
 CURVE ( )  GEOMETRIC_REPRESENTATION_ITEM ( )  RATIONAL_B_SPLINE_CURVE ( ( 1.000000000000000000, 0.8694567765201488552, 0.8694567765201488552, 1.000000000000000000 ) ) 
 REPRESENTATION_ITEM ( '' )  );
#8595 = DIRECTION ( 'NONE',  ( -0.000000000000000000, -1.836970198721029688E-16, 1.000000000000000000 ) ) ;
#8596 = DIRECTION ( 'NONE',  ( 0.6234898018587431423, 0.7818314824680221431, -0.000000000000000000 ) ) ;
#8597 = VERTEX_POINT ( 'NONE', #3529 ) ;
#8598 = DIRECTION ( 'NONE',  ( 1.224646799147355919E-16, 1.000000000000000000, 0.000000000000000000 ) ) ;
#8599 = DIRECTION ( 'NONE',  ( -0.9009688679024158153, 0.4338837391175651703, 0.000000000000000000 ) ) ;
#8600 = DIRECTION ( 'NONE',  ( 0.9009688679024185909, 0.4338837391175591751, 1.594062996937211164E-16 ) ) ;
#8601 = CALENDAR_DATE ( 2026, 18, 1 ) ;
#8602 = EDGE_LOOP ( 'NONE', ( #9678, #7552, #10208, #2284, #8335, #11542, #9815 ) ) ;
#8603 = DIRECTION ( 'NONE',  ( -1.000000000000000000, 0.000000000000000000, 1.641723512482401342E-16 ) ) ;
#8604 = VERTEX_POINT ( 'NONE', #11569 ) ;
#8605 = DIRECTION ( 'NONE',  ( 7.970314984686170449E-17, 3.492023159033191614E-16, -1.000000000000000000 ) ) ;
#8606 = AXIS2_PLACEMENT_3D ( 'NONE', #928, #5793, #10850 ) ;
#8607 = FACE_OUTER_BOUND ( 'NONE', #7662, .T. ) ;
#8608 = ADVANCED_FACE ( 'NONE', ( #8751 ), #5295, .T. ) ;
#8609 = ORIENTED_EDGE ( 'NONE', *, *, #2038, .F. ) ;
#8610 = ORIENTED_EDGE ( 'NONE', *, *, #11377, .T. ) ;
#8611 = DIRECTION ( 'NONE',  ( -0.6234898018587373691, 0.7818314824680268060, 2.233232632184254895E-16 ) ) ;
#8612 = DIRECTION ( 'NONE',  ( -0.6234898018587372581, 0.7818314824680268060, 2.233232632184255388E-16 ) ) ;
#8613 = DIRECTION ( 'NONE',  ( -0.7818314824680221431, 0.6234898018587432533, -6.916380135000393850E-17 ) ) ;
#8614 = VECTOR ( 'NONE', #5080, 999.9999999999998863 ) ;
#8615 = FACE_OUTER_BOUND ( 'NONE', #704, .T. ) ;
#8616 = EDGE_LOOP ( 'NONE', ( #292, #9502, #4101, #2559, #2886, #10347, #316 ) ) ;
#8617 = CARTESIAN_POINT ( 'NONE',  ( 5.946541385354548126, 0.9165616694721738789, -0.5000000000000006661 ) ) ;
#8618 = ORIENTED_EDGE ( 'NONE', *, *, #3714, .T. ) ;
#8619 = EDGE_CURVE ( 'NONE', #2296, #9346, #563, .T. ) ;
#8620 = CARTESIAN_POINT ( 'NONE',  ( 2.277889630367151419, -4.730086556487714589, -1.833312158492431403E-15 ) ) ;
#8621 = EDGE_CURVE ( 'NONE', #2960, #2165, #8698, .T. ) ;
#8622 = EDGE_CURVE ( 'NONE', #8704, #3412, #4140, .T. ) ;
#8623 = VERTEX_POINT ( 'NONE', #2471 ) ;
#8624 = CIRCLE ( 'NONE', #9003, 2.043333333333333002 ) ;
#8625 = DIRECTION ( 'NONE',  ( 1.790913520579321555E-16, 2.245734522990357007E-16, -1.000000000000000000 ) ) ;
#8626 = ORIENTED_EDGE ( 'NONE', *, *, #10594, .T. ) ;
#8627 = LINE ( 'NONE', #6753, #10331 ) ;
#8628 = CARTESIAN_POINT ( 'NONE',  ( -3.672671815153218056, 5.270478426982723619, 0.000000000000000000 ) ) ;
#8629 = FACE_OUTER_BOUND ( 'NONE', #6311, .T. ) ;
#8630 = ORIENTED_EDGE ( 'NONE', *, *, #9129, .T. ) ;
#8631 = DIRECTION ( 'NONE',  ( 1.000000000000000000, 0.000000000000000000, -0.000000000000000000 ) ) ;
#8632 = VECTOR ( 'NONE', #5704, 1000.000000000000114 ) ;
#8633 = EDGE_LOOP ( 'NONE', ( #5046, #6096, #6860 ) ) ;
#8634 = AXIS2_PLACEMENT_3D ( 'NONE', #3481, #9632, #6996 ) ;
#8635 = EDGE_CURVE ( 'NONE', #7564, #3181, #6053, .T. ) ;
#8636 = DIRECTION ( 'NONE',  ( 1.436201133715639822E-16, 6.916380135000388919E-17, -1.000000000000000000 ) ) ;
#8637 = ORIENTED_EDGE ( 'NONE', *, *, #3579, .T. ) ;
#8638 = AXIS2_PLACEMENT_3D ( 'NONE', #9341, #11118, #7359 ) ;
#8639 = AXIS2_PLACEMENT_3D ( 'NONE', #542, #5962, #10528 ) ;
#8640 = CARTESIAN_POINT ( 'NONE',  ( 3.256904846323506852, 5.537010144161522263, 0.3666893729391499379 ) ) ;
#8641 = CARTESIAN_POINT ( 'NONE',  ( 0.000000000000000000, 0.000000000000000000, 0.000000000000000000 ) ) ;
#8642 = CIRCLE ( 'NONE', #8652, 1.571836107868756383 ) ;
#8643 = LINE ( 'NONE', #8416, #3036 ) ;
#8644 = CARTESIAN_POINT ( 'NONE',  ( 2.671639123616330824, -5.547715804109162541, -2.150213260174694521E-15 ) ) ;
#8645 = EDGE_CURVE ( 'NONE', #2046, #10661, #1635, .T. ) ;
#8646 = VECTOR ( 'NONE', #3396, 1000.000000000000000 ) ;
#8647 = EDGE_LOOP ( 'NONE', ( #9540, #573, #5633, #8895 ) ) ;
#8648 = CARTESIAN_POINT ( 'NONE',  ( 5.472773158957458861, 2.080690323848381595, 0.1700533594733291409 ) ) ;
#8649 = ORIENTED_EDGE ( 'NONE', *, *, #9306, .F. ) ;
#8650 = AXIS2_PLACEMENT_3D ( 'NONE', #10351, #1480, #4076 ) ;
#8651 = AXIS2_PLACEMENT_3D ( 'NONE', #8294, #9232, #3011 ) ;
#8652 = AXIS2_PLACEMENT_3D ( 'NONE', #8644, #7874, #8764 ) ;
#8653 = DIRECTION ( 'NONE',  ( 7.970314984686167984E-17, 3.492023159033190628E-16, -1.000000000000000000 ) ) ;
#8654 = AXIS2_PLACEMENT_3D ( 'NONE', #2925, #7549, #9308 ) ;
#8655 = DIRECTION ( 'NONE',  ( -1.790913520579321555E-16, -2.245734522990357007E-16, 1.000000000000000000 ) ) ;
#8656 = DIRECTION ( 'NONE',  ( 1.790913520579326978E-16, 2.245734522990332355E-16, -1.000000000000000000 ) ) ;
#8657 = CARTESIAN_POINT ( 'NONE',  ( -3.365469702397346108, -3.365757202217630084, 0.4999999999999986122 ) ) ;
#8658 = ORIENTED_EDGE ( 'NONE', *, *, #6492, .F. ) ;
#8659 = AXIS2_PLACEMENT_3D ( 'NONE', #5587, #8273, #1228 ) ;
#8660 = CIRCLE ( 'NONE', #8287, 4.618222060490380088 ) ;
#8661 = PLANE ( 'NONE',  #4089 ) ;
#8662 = EDGE_CURVE ( 'NONE', #6675, #10744, #9933, .T. ) ;
#8663 = CARTESIAN_POINT ( 'NONE',  ( 4.028020539654735721, -4.249184487084583850, 1.027403961127392839E-17 ) ) ;
#8664 = CIRCLE ( 'NONE', #4363, 1.830752539561562919 ) ;
#8665 = CARTESIAN_POINT ( 'NONE',  ( -2.238477577586309497, 4.325324856417221753, -0.5000000000000000000 ) ) ;
#8666 = COORDINATED_UNIVERSAL_TIME_OFFSET ( 6, 0, .BEHIND. ) ;
#8667 = VERTEX_POINT ( 'NONE', #878 ) ;
#8668 = DIRECTION ( 'NONE',  ( 0.000000000000000000, 1.000000000000000000, 2.188964683309868784E-16 ) ) ;
#8669 = CIRCLE ( 'NONE', #2677, 1.814999999999999725 ) ;
#8670 = ORIENTED_EDGE ( 'NONE', *, *, #1523, .F. ) ;
#8671 =( BOUNDED_CURVE ( )  B_SPLINE_CURVE ( 3, ( #2580, #6334, #1939, #5462 ),
 .UNSPECIFIED., .F., .F. ) 
 B_SPLINE_CURVE_WITH_KNOTS ( ( 4, 4 ),
 ( 1.868606583865390025, 3.141592653589793116 ),
 .UNSPECIFIED. ) 
 CURVE ( )  GEOMETRIC_REPRESENTATION_ITEM ( )  RATIONAL_B_SPLINE_CURVE ( ( 1.000000000000000000, 0.8694567765201492993, 0.8694567765201492993, 1.000000000000000000 ) ) 
 REPRESENTATION_ITEM ( '' )  );
#8672 = CIRCLE ( 'NONE', #10542, 1.571836107868756383 ) ;
#8673 = DIRECTION ( 'NONE',  ( 0.000000000000000000, 0.000000000000000000, 1.000000000000000000 ) ) ;
#8674 = AXIS2_PLACEMENT_3D ( 'NONE', #6546, #10114, #5680 ) ;
#8675 = CARTESIAN_POINT ( 'NONE',  ( 1.709328942962086373, 5.599885073634353283, 0.5000000000000008882 ) ) ;
#8676 = ORIENTED_EDGE ( 'NONE', *, *, #10043, .F. ) ;
#8677 = AXIS2_PLACEMENT_3D ( 'NONE', #5353, #8920, #7313 ) ;
#8678 = VERTEX_POINT ( 'NONE', #9629 ) ;
#8679 = ORIENTED_EDGE ( 'NONE', *, *, #8645, .F. ) ;
#8680 = ADVANCED_FACE ( 'NONE', ( #2534 ), #11446, .F. ) ;
#8681 = CARTESIAN_POINT ( 'NONE',  ( -5.084639066406628771, 2.044410505346603735, -8.146045171147813117E-16 ) ) ;
#8682 = EDGE_CURVE ( 'NONE', #5306, #1211, #8442, .T. ) ;
#8683 = PLANE ( 'NONE',  #10326 ) ;
#8684 = AXIS2_PLACEMENT_3D ( 'NONE', #1440, #5261, #4321 ) ;
#8685 = CIRCLE ( 'NONE', #11310, 2.043333333333333002 ) ;
#8686 = FACE_OUTER_BOUND ( 'NONE', #3872, .T. ) ;
#8687 = ORIENTED_EDGE ( 'NONE', *, *, #7684, .T. ) ;
#8688 = DIRECTION ( 'NONE',  ( 0.4338837391175664471, 0.9009688679024150382, 2.800385145533129673E-16 ) ) ;
#8689 = VERTEX_POINT ( 'NONE', #10747 ) ;
#8690 = EDGE_CURVE ( 'NONE', #10866, #9867, #11517, .T. ) ;
#8691 = AXIS2_PLACEMENT_3D ( 'NONE', #8781, #9602, #1500 ) ;
#8692 = DIRECTION ( 'NONE',  ( 0.9009688679024218105, 0.4338837391175526248, 7.970314984685944884E-17 ) ) ;
#8693 = VECTOR ( 'NONE', #7990, 1000.000000000000000 ) ;
#8694 = ORIENTED_EDGE ( 'NONE', *, *, #466, .T. ) ;
#8695 = AXIS2_PLACEMENT_3D ( 'NONE', #5872, #7837, #2395 ) ;
#8696 = DIRECTION ( 'NONE',  ( 0.7818314824680222541, -0.6234898018587428092, 0.000000000000000000 ) ) ;
#8697 = EDGE_LOOP ( 'NONE', ( #213, #2899, #10996, #8800 ) ) ;
#8698 = LINE ( 'NONE', #8869, #9570 ) ;
#8699 = DIRECTION ( 'NONE',  ( -1.000000000000000000, 0.000000000000000000, 0.000000000000000000 ) ) ;
#8700 = EDGE_CURVE ( 'NONE', #10712, #2571, #6575, .T. ) ;
#8701 = CARTESIAN_POINT ( 'NONE',  ( -4.428931021437088944, -4.091615304299834222, -0.05089816004206205308 ) ) ;
#8702 = EDGE_CURVE ( 'NONE', #6858, #10987, #1647, .T. ) ;
#8703 = DIRECTION ( 'NONE',  ( 0.000000000000000000, 0.000000000000000000, 1.000000000000000000 ) ) ;
#8704 = VERTEX_POINT ( 'NONE', #7925 ) ;
#8705 = CARTESIAN_POINT ( 'NONE',  ( -4.916380430687600445, -3.319891374311890964, 0.4987512509457343035 ) ) ;
#8706 = EDGE_CURVE ( 'NONE', #8984, #9662, #7508, .T. ) ;
#8707 = VECTOR ( 'NONE', #7251, 1000.000000000000000 ) ;
#8708 = ORIENTED_EDGE ( 'NONE', *, *, #2775, .T. ) ;
#8709 = DIRECTION ( 'NONE',  ( -0.000000000000000000, -0.000000000000000000, -1.000000000000000000 ) ) ;
#8710 = ORIENTED_EDGE ( 'NONE', *, *, #239, .F. ) ;
#8711 = DIRECTION ( 'NONE',  ( 0.000000000000000000, 1.000000000000000000, 3.283447024964802684E-16 ) ) ;
#8712 = DIRECTION ( 'NONE',  ( -0.000000000000000000, -1.836970198721029688E-16, 1.000000000000000000 ) ) ;
#8713 = EDGE_CURVE ( 'NONE', #861, #2535, #948, .T. ) ;
#8714 = CARTESIAN_POINT ( 'NONE',  ( -5.809124216010808972, 0.7326245428524127412, -0.3369498210078561984 ) ) ;
#8715 = EDGE_CURVE ( 'NONE', #5802, #7757, #9370, .T. ) ;
#8716 = DIRECTION ( 'NONE',  ( 0.000000000000000000, 0.000000000000000000, 1.000000000000000000 ) ) ;
#8717 = DIRECTION ( 'NONE',  ( 1.000000000000000000, 0.000000000000000000, 0.000000000000000000 ) ) ;
#8718 = ORIENTED_EDGE ( 'NONE', *, *, #2732, .F. ) ;
#8719 = DIRECTION ( 'NONE',  ( 0.000000000000000000, -2.122418608454495059E-16, 1.000000000000000000 ) ) ;
#8720 = CARTESIAN_POINT ( 'NONE',  ( -3.196147292417673036, 5.147507901534455144, 0.4999999999999998890 ) ) ;
#8721 = CARTESIAN_POINT ( 'NONE',  ( 4.375126996066917684, 1.478593510159734059, -5.260910873760321227E-16 ) ) ;
#8722 = CARTESIAN_POINT ( 'NONE',  ( -4.104615282957117195, 3.273321459758401719, -0.5000000000000003331 ) ) ;
#8723 = EDGE_LOOP ( 'NONE', ( #3729, #2488, #6097, #10675 ) ) ;
#8724 = FACE_OUTER_BOUND ( 'NONE', #8786, .T. ) ;
#8725 = CIRCLE ( 'NONE', #9937, 1.815000000000000391 ) ;
#8726 = LINE ( 'NONE', #2336, #7083 ) ;
#8727 = CARTESIAN_POINT ( 'NONE',  ( 0.2973973986913104328, -4.676592338269689897, -0.5000000000000016653 ) ) ;
#8728 = EDGE_CURVE ( 'NONE', #1605, #7805, #4328, .T. ) ;
#8729 = DIRECTION ( 'NONE',  ( 0.9009688679024157043, -0.4338837391175651703, -7.407072148051852464E-17 ) ) ;
#8730 = EDGE_LOOP ( 'NONE', ( #507, #9336, #4652, #11186 ) ) ;
#8731 = DIRECTION ( 'NONE',  ( -0.9009688679024157043, 0.4338837391175651703, 2.073466413476134464E-16 ) ) ;
#8732 = ORIENTED_EDGE ( 'NONE', *, *, #10509, .T. ) ;
#8733 = CYLINDRICAL_SURFACE ( 'NONE', #3613, 5.854956726839295023 ) ;
#8734 = EDGE_CURVE ( 'NONE', #1993, #11562, #3880, .T. ) ;
#8735 = DIRECTION ( 'NONE',  ( -1.224646799147351975E-16, 1.000000000000000000, 0.000000000000000000 ) ) ;
#8736 = ORIENTED_EDGE ( 'NONE', *, *, #634, .F. ) ;
#8737 = ADVANCED_BREP_SHAPE_REPRESENTATION ( '6153K113_Corrosion-Resistant 440C Stainless Steel Ball Bearing', ( #6686, #2596, #10408, #2554, #10581, #2785, #10350, #10283, #6671, #6421, #10538, #9441 ), #6079 ) ;
#8738 = VERTEX_POINT ( 'NONE', #5468 ) ;
#8739 = ORIENTED_EDGE ( 'NONE', *, *, #5912, .F. ) ;
#8740 = CARTESIAN_POINT ( 'NONE',  ( -0.8107164786642191423, -5.798556463843719477, 0.1700533594733313059 ) ) ;
#8741 = DIRECTION ( 'NONE',  ( -7.970314984686170449E-17, -3.492023159033191614E-16, 1.000000000000000000 ) ) ;
#8742 = CARTESIAN_POINT ( 'NONE',  ( -3.312417284811250084, 4.827878416493561531, -0.5000000000000001110 ) ) ;
#8743 = ORIENTED_EDGE ( 'NONE', *, *, #4322, .F. ) ;
#8744 = DIRECTION ( 'NONE',  ( 0.9749279121818211769, 0.2225209339563252176, 0.000000000000000000 ) ) ;
#8745 = VERTEX_POINT ( 'NONE', #227 ) ;
#8746 = DIRECTION ( 'NONE',  ( 0.000000000000000000, -4.737733359616825765E-16, 1.000000000000000000 ) ) ;
#8747 = EDGE_CURVE ( 'NONE', #4649, #4402, #7137, .T. ) ;
#8748 = ORIENTED_EDGE ( 'NONE', *, *, #1785, .T. ) ;
#8749 = LINE ( 'NONE', #7046, #6576 ) ;
#8750 = ORIENTED_EDGE ( 'NONE', *, *, #6547, .T. ) ;
#8751 = FACE_OUTER_BOUND ( 'NONE', #5551, .T. ) ;
#8752 = ORIENTED_EDGE ( 'NONE', *, *, #9528, .F. ) ;
#8753 = FACE_BOUND ( 'NONE', #831, .T. ) ;
#8754 = CARTESIAN_POINT ( 'NONE',  ( 2.339742150879215998, 6.204188460871739252, -0.2500000000000000000 ) ) ;
#8755 = EDGE_LOOP ( 'NONE', ( #2067, #9414, #6574, #1100, #1023, #7648, #5906, #11147 ) ) ;
#8756 = DIRECTION ( 'NONE',  ( -0.000000000000000000, -0.000000000000000000, -1.000000000000000000 ) ) ;
#8757 = EDGE_LOOP ( 'NONE', ( #10023, #11149, #8958, #4855 ) ) ;
#8758 = DIRECTION ( 'NONE',  ( 1.000000000000000000, 0.000000000000000000, 0.000000000000000000 ) ) ;
#8759 = VERTEX_POINT ( 'NONE', #166 ) ;
#8760 = EDGE_CURVE ( 'NONE', #6843, #2965, #8816, .T. ) ;
#8761 = DIRECTION ( 'NONE',  ( 0.000000000000000000, 0.000000000000000000, 1.000000000000000000 ) ) ;
#8762 = DIRECTION ( 'NONE',  ( -0.9009688679024151492, 0.4338837391175665026, 2.233232632184277082E-16 ) ) ;
#8763 = DIRECTION ( 'NONE',  ( 0.6234898018587373691, -0.7818314824680266950, -2.233232632184231229E-16 ) ) ;
#8764 = DIRECTION ( 'NONE',  ( 0.000000000000000000, -5.518143613359629527E-16, 1.000000000000000000 ) ) ;
#8765 = CARTESIAN_POINT ( 'NONE',  ( -0.5325758359744167114, -5.854956726839297687, 0.4999999999999979461 ) ) ;
#8766 = VERTEX_POINT ( 'NONE', #1827 ) ;
#8767 = AXIS2_PLACEMENT_3D ( 'NONE', #10534, #5084, #9481 ) ;
#8768 = EDGE_CURVE ( 'NONE', #1958, #10257, #2195, .T. ) ;
#8769 = DIRECTION ( 'NONE',  ( -1.553127079042369511E-14, -1.000000000000000000, 0.000000000000000000 ) ) ;
#8770 = EDGE_CURVE ( 'NONE', #3538, #1729, #1098, .T. ) ;
#8771 = DIRECTION ( 'NONE',  ( 0.2225209339563051225, -0.9749279121818257288, -1.864202790801842933E-16 ) ) ;
#8772 = EDGE_CURVE ( 'NONE', #518, #3259, #4519, .T. ) ;
#8773 = CARTESIAN_POINT ( 'NONE',  ( 3.672671815153292663, 5.270478426982672104, 0.000000000000000000 ) ) ;
#8774 = DIRECTION ( 'NONE',  ( -0.9749279121818257288, -0.2225209339563050392, -2.245734522990332355E-16 ) ) ;
#8775 = ORIENTED_EDGE ( 'NONE', *, *, #834, .F. ) ;
#8776 = CARTESIAN_POINT ( 'NONE',  ( -6.003118619259591782, -1.370172650835947969, -1.830752539561563363 ) ) ;
#8777 = PLANE ( 'NONE',  #7819 ) ;
#8778 = DIRECTION ( 'NONE',  ( 0.2225209339563260780, -0.9749279121818209548, 0.000000000000000000 ) ) ;
#8779 = DIRECTION ( 'NONE',  ( -1.790913520579321555E-16, 2.245734522990357007E-16, -1.000000000000000000 ) ) ;
#8780 = ORIENTED_EDGE ( 'NONE', *, *, #9647, .T. ) ;
#8781 = CARTESIAN_POINT ( 'NONE',  ( 4.104615282957162492, 3.273321459758343543, 0.000000000000000000 ) ) ;
#8782 = ORIENTED_EDGE ( 'NONE', *, *, #9821, .F. ) ;
#8783 = DIRECTION ( 'NONE',  ( -0.000000000000000000, -1.836970198721029688E-16, 1.000000000000000000 ) ) ;
#8784 = ORIENTED_EDGE ( 'NONE', *, *, #7232, .T. ) ;
#8785 = VERTEX_POINT ( 'NONE', #4596 ) ;
#8786 = EDGE_LOOP ( 'NONE', ( #2207, #10602, #626, #6351, #8227, #2170, #4466, #10881 ) ) ;
#8787 = LINE ( 'NONE', #7036, #3424 ) ;
#8788 = DIRECTION ( 'NONE',  ( 0.000000000000000000, -1.000000000000000000, -1.577021341797101505E-16 ) ) ;
#8789 = LINE ( 'NONE', #3398, #9637 ) ;
#8790 = ORIENTED_EDGE ( 'NONE', *, *, #9215, .F. ) ;
#8791 = CARTESIAN_POINT ( 'NONE',  ( 8.954567602896607774E-17, -1.122867261495178503E-16, 0.5000000000000000000 ) ) ;
#8792 = EDGE_CURVE ( 'NONE', #3725, #9595, #1698, .T. ) ;
#8793 = ORIENTED_EDGE ( 'NONE', *, *, #2293, .T. ) ;
#8794 = DIRECTION ( 'NONE',  ( 1.790913520579321555E-16, -2.245734522990357007E-16, 1.000000000000000000 ) ) ;
#8795 = ORIENTED_EDGE ( 'NONE', *, *, #7043, .T. ) ;
#8796 = DIRECTION ( 'NONE',  ( 7.970314984686170449E-17, 3.492023159033191614E-16, -1.000000000000000000 ) ) ;
#8797 = ORIENTED_EDGE ( 'NONE', *, *, #11140, .F. ) ;
#8798 = DIRECTION ( 'NONE',  ( 0.2225209339563182231, 0.9749279121818227312, 1.790913520579321555E-16 ) ) ;
#8799 = AXIS2_PLACEMENT_3D ( 'NONE', #2333, #8656, #11311 ) ;
#8800 = ORIENTED_EDGE ( 'NONE', *, *, #10525, .F. ) ;
#8801 = CARTESIAN_POINT ( 'NONE',  ( 5.057425556495252827, -3.449779290889262828, -0.2083800311308710018 ) ) ;
#8802 = CARTESIAN_POINT ( 'NONE',  ( -8.954567602896634891E-17, -1.122867261495166177E-16, 0.5000000000000000000 ) ) ;
#8803 = DIRECTION ( 'NONE',  ( -0.7818314824680310249, -0.6234898018587320401, 6.916380135000592297E-17 ) ) ;
#8804 = ORIENTED_EDGE ( 'NONE', *, *, #11150, .F. ) ;
#8805 = FACE_OUTER_BOUND ( 'NONE', #1748, .T. ) ;
#8806 = EDGE_CURVE ( 'NONE', #3522, #8256, #3500, .T. ) ;
#8807 = EDGE_LOOP ( 'NONE', ( #2229, #359, #4807, #6710 ) ) ;
#8808 = AXIS2_PLACEMENT_3D ( 'NONE', #11389, #2462, #8746 ) ;
#8809 = EDGE_CURVE ( 'NONE', #4985, #5972, #1946, .T. ) ;
#8810 = CIRCLE ( 'NONE', #6189, 2.043333333333333890 ) ;
#8811 = CARTESIAN_POINT ( 'NONE',  ( -2.415079429167877656, 3.936415418983388204, 0.4999999999999998890 ) ) ;
#8812 = ORIENTED_EDGE ( 'NONE', *, *, #6533, .T. ) ;
#8813 = CARTESIAN_POINT ( 'NONE',  ( 0.8107164786651840371, -5.798556463843516973, 1.027403920737714492E-17 ) ) ;
#8814 = CARTESIAN_POINT ( 'NONE',  ( 9.032753688172294899E-16, 7.375803124999999127, 2.479187499999999655 ) ) ;
#8815 = DIRECTION ( 'NONE',  ( 0.000000000000000000, -2.759071806679814764E-16, 1.000000000000000000 ) ) ;
#8816 = CIRCLE ( 'NONE', #6940, 7.375803125000000016 ) ;
#8817 = CIRCLE ( 'NONE', #13, 5.854956726839295023 ) ;
#8818 = CARTESIAN_POINT ( 'NONE',  ( -2.231807111763033369, 5.667990052715531135, 0.4669859836141827536 ) ) ;
#8819 = CARTESIAN_POINT ( 'NONE',  ( 0.000000000000000000, 3.444319122601958706E-17, 2.312499999999998668 ) ) ;
#8820 = EDGE_LOOP ( 'NONE', ( #8466, #1776, #10678, #10138, #9045, #875 ) ) ;
#8821 = ADVANCED_FACE ( 'NONE', ( #5411 ), #5535, .T. ) ;
#8822 = DIRECTION ( 'NONE',  ( 0.9009688679024188129, -0.4338837391175589531, 0.000000000000000000 ) ) ;
#8823 = AXIS2_PLACEMENT_3D ( 'NONE', #3501, #5435, #7071 ) ;
#8824 = AXIS2_PLACEMENT_3D ( 'NONE', #785, #7019, #958 ) ;
#8825 = DIRECTION ( 'NONE',  ( -0.2475558347235270185, 0.9688736288568998711, 3.580638948049165059E-16 ) ) ;
#8826 = CIRCLE ( 'NONE', #2464, 1.744770758581195569 ) ;
#8827 = DIRECTION ( 'NONE',  ( -0.000000000000000000, -1.836970198721029688E-16, 1.000000000000000000 ) ) ;
#8828 = CIRCLE ( 'NONE', #5482, 1.981214554537471306 ) ;
#8829 = CARTESIAN_POINT ( 'NONE',  ( 0.000000000000000000, 7.175664838754000261E-17, 2.109375000000000888 ) ) ;
#8830 = ORIENTED_EDGE ( 'NONE', *, *, #7117, .T. ) ;
#8831 = CARTESIAN_POINT ( 'NONE',  ( 2.238477577586310829, 4.325324856417220865, -0.5000000000000000000 ) ) ;
#8832 = CARTESIAN_POINT ( 'NONE',  ( -3.300315535752680329, -3.230463181104143988, 0.000000000000000000 ) ) ;
#8833 = CARTESIAN_POINT ( 'NONE',  ( -4.307239450811682246, -4.261441472619323712, 0.000000000000000000 ) ) ;
#8834 = ADVANCED_FACE ( 'NONE', ( #4641 ), #7391, .T. ) ;
#8835 = LINE ( 'NONE', #795, #11476 ) ;
#8836 = AXIS2_PLACEMENT_3D ( 'NONE', #2422, #4131, #3262 ) ;
#8837 = EDGE_CURVE ( 'NONE', #10522, #2720, #11440, .T. ) ;
#8838 = AXIS2_PLACEMENT_3D ( 'NONE', #4137, #1485, #6844 ) ;
#8839 = ORIENTED_EDGE ( 'NONE', *, *, #7204, .F. ) ;
#8840 = DIRECTION ( 'NONE',  ( 0.000000000000000000, 0.000000000000000000, 1.000000000000000000 ) ) ;
#8841 = VECTOR ( 'NONE', #7182, 999.9999999999998863 ) ;
#8842 = VERTEX_POINT ( 'NONE', #9151 ) ;
#8843 = EDGE_CURVE ( 'NONE', #2165, #3158, #1313, .T. ) ;
#8844 = AXIS2_PLACEMENT_3D ( 'NONE', #4915, #3810, #3154 ) ;
#8845 = FACE_OUTER_BOUND ( 'NONE', #10904, .T. ) ;
#8846 = CARTESIAN_POINT ( 'NONE',  ( 0.000000000000000000, 0.000000000000000000, 0.000000000000000000 ) ) ;
#8847 = AXIS2_PLACEMENT_3D ( 'NONE', #1512, #2224, #11087 ) ;
#8848 = VERTEX_POINT ( 'NONE', #11368 ) ;
#8849 = AXIS2_PLACEMENT_3D ( 'NONE', #7726, #5163, #4274 ) ;
#8850 = CONICAL_SURFACE ( 'NONE', #10345, 8.000000000000000000, 0.7853981633974415066 ) ;
#8851 = ORIENTED_EDGE ( 'NONE', *, *, #4368, .T. ) ;
#8852 = DIRECTION ( 'NONE',  ( -0.7818314824680266950, -0.6234898018587373691, 0.000000000000000000 ) ) ;
#8854 = VECTOR ( 'NONE', #4498, 1000.000000000000114 ) ;
#8853 = CARTESIAN_POINT ( 'NONE',  ( 5.660433570959042981, 1.774005453101871854, 0.4987889447408309085 ) ) ;
#8855 = CARTESIAN_POINT ( 'NONE',  ( -3.059779840274897911, 5.302478452986590263, -0.3964466094067264912 ) ) ;
#8856 = DIRECTION ( 'NONE',  ( 7.970314984685941186E-17, -3.492023159033203447E-16, 1.000000000000000000 ) ) ;
#8857 = VERTEX_POINT ( 'NONE', #5023 ) ;
#8858 = CARTESIAN_POINT ( 'NONE',  ( -2.060536269002450904, 5.506209728874306819, 0.5000000000000001110 ) ) ;
#8859 = ADVANCED_FACE ( 'NONE', ( #3326 ), #2334, .T. ) ;
#8860 = VECTOR ( 'NONE', #6855, 1000.000000000000227 ) ;
#8861 = ORIENTED_EDGE ( 'NONE', *, *, #7454, .F. ) ;
#8862 = VECTOR ( 'NONE', #1923, 1000.000000000000000 ) ;
#8863 = DIRECTION ( 'NONE',  ( 1.000000000000000000, -3.608111634372641674E-15, 0.000000000000000000 ) ) ;
#8864 = CIRCLE ( 'NONE', #6060, 1.571836107868756383 ) ;
#8865 = DIRECTION ( 'NONE',  ( -0.4338837391175651703, -0.9009688679024157043, -3.492023159033191614E-16 ) ) ;
#8866 = VERTEX_POINT ( 'NONE', #9654 ) ;
#8867 = CARTESIAN_POINT ( 'NONE',  ( 3.883858019900346736, -2.498724050641801586, 0.4999999999999987232 ) ) ;
#8868 = ORIENTED_EDGE ( 'NONE', *, *, #7385, .F. ) ;
#8869 = CARTESIAN_POINT ( 'NONE',  ( -3.883858019900379599, -2.498724050641747851, 0.000000000000000000 ) ) ;
#8870 = AXIS2_PLACEMENT_3D ( 'NONE', #4198, #3473, #7044 ) ;
#8871 = ORIENTED_EDGE ( 'NONE', *, *, #10124, .F. ) ;
#8872 = CYLINDRICAL_SURFACE ( 'NONE', #3796, 0.2500000000000000555 ) ;
#8873 = DIRECTION ( 'NONE',  ( 0.000000000000000000, 0.000000000000000000, 1.000000000000000000 ) ) ;
#8874 = DIRECTION ( 'NONE',  ( 0.2225209339563050392, -0.9749279121818257288, -1.851768037012963116E-16 ) ) ;
#8875 = VERTEX_POINT ( 'NONE', #8657 ) ;
#8876 = CARTESIAN_POINT ( 'NONE',  ( -4.777343085963002167, 0.9466836947464708496, -1.000000000000000666 ) ) ;
#8877 = CIRCLE ( 'NONE', #11316, 1.815000000000000391 ) ;
#8878 = EDGE_CURVE ( 'NONE', #8848, #9680, #750, .T. ) ;
#8879 = VERTEX_POINT ( 'NONE', #2504 ) ;
#8880 = ORIENTED_EDGE ( 'NONE', *, *, #7299, .T. ) ;
#8881 = TOROIDAL_SURFACE ( 'NONE', #251, 5.249999999999999112, 1.815000000000000169 ) ;
#8882 = CIRCLE ( 'NONE', #7746, 7.375803124999999127 ) ;
#8883 =( BOUNDED_CURVE ( )  B_SPLINE_CURVE ( 3, ( #7383, #1038, #9790, #9853 ),
 .UNSPECIFIED., .F., .F. ) 
 B_SPLINE_CURVE_WITH_KNOTS ( ( 4, 4 ),
 ( 3.141592653589793560, 4.712388980384689674 ),
 .UNSPECIFIED. ) 
 CURVE ( )  GEOMETRIC_REPRESENTATION_ITEM ( )  RATIONAL_B_SPLINE_CURVE ( ( 1.000000000000000000, 0.8047378541243650485, 0.8047378541243650485, 1.000000000000000000 ) ) 
 REPRESENTATION_ITEM ( '' )  );
#8884 = EDGE_CURVE ( 'NONE', #8280, #3181, #4812, .T. ) ;
#8885 = AXIS2_PLACEMENT_3D ( 'NONE', #7475, #11053, #3025 ) ;
#8886 = CARTESIAN_POINT ( 'NONE',  ( 4.104615282957162492, 3.273321459758343543, -3.631099570875311634E-16 ) ) ;
#8887 = ORIENTED_EDGE ( 'NONE', *, *, #8792, .T. ) ;
#8888 = CARTESIAN_POINT ( 'NONE',  ( 5.838082177434470665, 0.7336274189791360811, -1.000000000000000888 ) ) ;
#8889 = DIRECTION ( 'NONE',  ( 0.2225209339563255506, -0.9749279121818211769, 0.000000000000000000 ) ) ;
#8890 = LINE ( 'NONE', #7063, #6065 ) ;
#8891 = AXIS2_PLACEMENT_3D ( 'NONE', #2871, #3811, #7381 ) ;
#8892 = AXIS2_PLACEMENT_3D ( 'NONE', #10786, #9016, #976 ) ;
#8893 = CARTESIAN_POINT ( 'NONE',  ( 6.053386115997621886, 0.9138090314649699453, -0.2500000000000000555 ) ) ;
#8894 = CARTESIAN_POINT ( 'NONE',  ( 5.118371538954569644, -1.168234903270670699, -1.179010624569937576E-15 ) ) ;
#8895 = ORIENTED_EDGE ( 'NONE', *, *, #5147, .F. ) ;
#8896 = DIRECTION ( 'NONE',  ( -0.4105358816266450050, 0.9118444439141104585, 2.856971886675816874E-16 ) ) ;
#8897 = ADVANCED_FACE ( 'NONE', ( #1561 ), #4318, .T. ) ;
#8898 = CARTESIAN_POINT ( 'NONE',  ( -4.814127353296846934, 3.839138454945211443, -4.258761068126489673E-16 ) ) ;
#8899 = CARTESIAN_POINT ( 'NONE',  ( 3.059779840274899243, 5.302478452986587598, -0.2500000000000000000 ) ) ;
#8900 = DIRECTION ( 'NONE',  ( 0.000000000000000000, -1.000000000000000000, -1.758970146542670193E-16 ) ) ;
#8901 = ORIENTED_EDGE ( 'NONE', *, *, #5554, .T. ) ;
#8902 = FACE_OUTER_BOUND ( 'NONE', #2280, .T. ) ;
#8903 = EDGE_CURVE ( 'NONE', #4293, #9013, #7885, .T. ) ;
#8904 = LINE ( 'NONE', #8832, #5219 ) ;
#8905 = CARTESIAN_POINT ( 'NONE',  ( -1.884140137118027303, -3.912457308866241767, 1.830752539561561143 ) ) ;
#8906 = CARTESIAN_POINT ( 'NONE',  ( -2.277889630367217144, -4.730086556487682614, -1.833312158492425881E-15 ) ) ;
#8907 = ORIENTED_EDGE ( 'NONE', *, *, #7614, .T. ) ;
#8908 = CARTESIAN_POINT ( 'NONE',  ( 5.118371538954569644, -1.168234903270670699, -1.179010624569937576E-15 ) ) ;
#8909 = VERTEX_POINT ( 'NONE', #5082 ) ;
#8910 = CARTESIAN_POINT ( 'NONE',  ( -4.814127353296846934, 3.839138454945211443, -4.258761068126489673E-16 ) ) ;
#8911 = DIRECTION ( 'NONE',  ( -0.9749279121818257288, -0.2225209339563050392, -2.245734522990332355E-16 ) ) ;
#8912 = ORIENTED_EDGE ( 'NONE', *, *, #8333, .T. ) ;
#8913 = VERTEX_POINT ( 'NONE', #336 ) ;
#8914 = EDGE_CURVE ( 'NONE', #6829, #7519, #11, .T. ) ;
#8915 = DIRECTION ( 'NONE',  ( 0.9996682996984990188, -0.02575442831653868003, 0.000000000000000000 ) ) ;
#8916 = DIRECTION ( 'NONE',  ( 1.000000000000000000, 0.000000000000000000, 0.000000000000000000 ) ) ;
#8917 = FACE_OUTER_BOUND ( 'NONE', #644, .T. ) ;
#8918 = CYLINDRICAL_SURFACE ( 'NONE', #10759, 0.2499999999999998335 ) ;
#8919 = ORIENTED_EDGE ( 'NONE', *, *, #1052, .T. ) ;
#8920 = DIRECTION ( 'NONE',  ( -0.9009688679024218105, -0.4338837391175526248, 4.276153006787588420E-17 ) ) ;
#8921 = ORIENTED_EDGE ( 'NONE', *, *, #1751, .T. ) ;
#8922 = CARTESIAN_POINT ( 'NONE',  ( 0.8371761083033608664, -5.795038627148488608, -0.3372648878341751866 ) ) ;
#8923 = DIRECTION ( 'NONE',  ( -0.000000000000000000, -0.000000000000000000, -1.000000000000000000 ) ) ;
#8924 = EDGE_CURVE ( 'NONE', #3158, #11566, #241, .T. ) ;
#8925 = EDGE_CURVE ( 'NONE', #11604, #4096, #2450, .T. ) ;
#8926 = VERTEX_POINT ( 'NONE', #5918 ) ;
#8927 = CARTESIAN_POINT ( 'NONE',  ( 4.162148097593528995, -4.117892845480476183, -0.5000000000000016653 ) ) ;
#8928 = ORIENTED_EDGE ( 'NONE', *, *, #2094, .T. ) ;
#8929 = DIRECTION ( 'NONE',  ( 1.436201133715656092E-16, -6.916380135000592297E-17, 1.000000000000000000 ) ) ;
#8930 = EDGE_CURVE ( 'NONE', #7435, #9263, #574, .T. ) ;
#8931 = ORIENTED_EDGE ( 'NONE', *, *, #508, .T. ) ;
#8932 = DIRECTION ( 'NONE',  ( 0.7818314824680310249, 0.6234898018587320401, -6.916380135000592297E-17 ) ) ;
#8933 = PLANE ( 'NONE',  #11270 ) ;
#8934 = CARTESIAN_POINT ( 'NONE',  ( 4.062692353950581458E-14, -5.854956726839295023, 0.000000000000000000 ) ) ;
#8935 = VERTEX_POINT ( 'NONE', #3057 ) ;
#8936 = DIRECTION ( 'NONE',  ( 0.7818314824680221431, -0.6234898018587431423, 6.916380135000388919E-17 ) ) ;
#8937 = ORIENTED_EDGE ( 'NONE', *, *, #3986, .F. ) ;
#8938 = VERTEX_POINT ( 'NONE', #7496 ) ;
#8939 = B_SPLINE_CURVE_WITH_KNOTS ( 'NONE', 3,
 ( #11425, #7608, #2798, #858 ),
 .UNSPECIFIED., .F., .F.,
 ( 4, 4 ),
 ( 0.0005048269569637041290, 0.001006091645346890266 ),
 .UNSPECIFIED. ) ;
#8940 = DIRECTION ( 'NONE',  ( -0.000000000000000000, -0.000000000000000000, -1.000000000000000000 ) ) ;
#8941 = EDGE_CURVE ( 'NONE', #5119, #11030, #11083, .T. ) ;
#8942 = ORIENTED_EDGE ( 'NONE', *, *, #1612, .T. ) ;
#8943 = CARTESIAN_POINT ( 'NONE',  ( 0.000000000000000000, 0.000000000000000000, 0.000000000000000000 ) ) ;
#8944 = DIRECTION ( 'NONE',  ( 1.436201133715639822E-16, 6.916380135000388919E-17, -1.000000000000000000 ) ) ;
#8945 = CARTESIAN_POINT ( 'NONE',  ( 4.104615282957162492, 3.273321459758343543, 0.4999999999999996669 ) ) ;
#8946 = CARTESIAN_POINT ( 'NONE',  ( -2.223723045786646590, 5.627830125564327268, 0.4791684957233326436 ) ) ;
#8947 = CARTESIAN_POINT ( 'NONE',  ( -3.001548832603216699, 5.075786755008852680, -1.326164295258008820E-17 ) ) ;
#8948 = ADVANCED_FACE ( 'NONE', ( #6636 ), #1493, .T. ) ;
#8949 = ORIENTED_EDGE ( 'NONE', *, *, #693, .F. ) ;
#8950 = DIRECTION ( 'NONE',  ( -0.9118444439141104585, -0.4105358816266450050, 0.000000000000000000 ) ) ;
#8951 = DIRECTION ( 'NONE',  ( 0.000000000000000000, -1.000000000000000000, -1.836970198721029688E-16 ) ) ;
#8952 = DIRECTION ( 'NONE',  ( 7.970314984686170449E-17, 3.492023159033191614E-16, -1.000000000000000000 ) ) ;
#8953 = LINE ( 'NONE', #8135, #1518 ) ;
#8954 = ORIENTED_EDGE ( 'NONE', *, *, #10612, .F. ) ;
#8955 = LINE ( 'NONE', #6136, #7719 ) ;
#8956 = CARTESIAN_POINT ( 'NONE',  ( 5.038967452947925807, -2.981497154332400257, 1.027403961127392839E-17 ) ) ;
#8957 = CARTESIAN_POINT ( 'NONE',  ( 3.470882875544635926, -3.148322279462846041, -0.5000000000000013323 ) ) ;
#8958 = ORIENTED_EDGE ( 'NONE', *, *, #2217, .F. ) ;
#8959 = AXIS2_PLACEMENT_3D ( 'NONE', #1866, #1033, #10298 ) ;
#8960 = CARTESIAN_POINT ( 'NONE',  ( -0.3922299760605590380, -5.854956726839297687, -0.5000000000000021094 ) ) ;
#8961 = EDGE_CURVE ( 'NONE', #2046, #4429, #9947, .T. ) ;
#8962 = EDGE_LOOP ( 'NONE', ( #3243, #4225, #904, #1817 ) ) ;
#8963 = DIRECTION ( 'NONE',  ( 0.000000000000000000, -0.000000000000000000, -1.000000000000000000 ) ) ;
#8964 = DIRECTION ( 'NONE',  ( 1.224646799147355919E-16, 1.000000000000000000, 0.000000000000000000 ) ) ;
#8965 = ORIENTED_EDGE ( 'NONE', *, *, #8330, .T. ) ;
#8966 = CARTESIAN_POINT ( 'NONE',  ( 5.536652604613574447, 1.904204875791059903, -0.5000000000000006661 ) ) ;
#8967 = CARTESIAN_POINT ( 'NONE',  ( -1.963279114448515328, 5.515981634480934481, -0.4999999999999998890 ) ) ;
#8968 = DIRECTION ( 'NONE',  ( 0.9749279121818223981, -0.2225209339563192779, 0.000000000000000000 ) ) ;
#8969 = CARTESIAN_POINT ( 'NONE',  ( 2.339742150879215998, 6.204188460871739252, -0.2500000000000000000 ) ) ;
#8970 = ORIENTED_EDGE ( 'NONE', *, *, #4148, .F. ) ;
#8971 = DIRECTION ( 'NONE',  ( -1.790913520579321801E-16, 2.245734522990357007E-16, -1.000000000000000000 ) ) ;
#8972 = EDGE_LOOP ( 'NONE', ( #587, #673, #8259, #11228, #3715, #7157 ) ) ;
#8973 = DIRECTION ( 'NONE',  ( 1.000000000000000000, 1.804055817186320837E-15, 0.000000000000000000 ) ) ;
#8974 = EDGE_CURVE ( 'NONE', #5941, #8280, #4255, .T. ) ;
#8975 = LINE ( 'NONE', #11565, #3255 ) ;
#8976 = ORIENTED_EDGE ( 'NONE', *, *, #3260, .T. ) ;
#8977 = DIRECTION ( 'NONE',  ( 0.000000000000000000, -2.122418608454495059E-16, 1.000000000000000000 ) ) ;
#8978 = ORIENTED_EDGE ( 'NONE', *, *, #3904, .T. ) ;
#8979 = DIRECTION ( 'NONE',  ( 1.000000000000000000, -1.224646799147353207E-16, -2.249639673992786412E-32 ) ) ;
#8980 = VERTEX_POINT ( 'NONE', #9594 ) ;
#8981 = CARTESIAN_POINT ( 'NONE',  ( 3.391824491822200471, 5.697532308577987870, -1.000000000000000000 ) ) ;
#8982 = DIRECTION ( 'NONE',  ( 0.000000000000000000, -1.000000000000000000, -1.678764654171102765E-16 ) ) ;
#8983 = DIRECTION ( 'NONE',  ( 1.000000000000000000, 0.000000000000000000, 0.000000000000000000 ) ) ;
#8984 = VERTEX_POINT ( 'NONE', #10529 ) ;
#8985 = CARTESIAN_POINT ( 'NONE',  ( 4.104615282957162492, 3.273321459758343543, -3.631099570875311634E-16 ) ) ;
#8986 = ADVANCED_FACE ( 'NONE', ( #6563 ), #1671, .F. ) ;
#8987 = ORIENTED_EDGE ( 'NONE', *, *, #730, .T. ) ;
#8988 = EDGE_CURVE ( 'NONE', #3428, #2987, #5257, .T. ) ;
#8989 = ORIENTED_EDGE ( 'NONE', *, *, #101, .T. ) ;
#8990 = EDGE_CURVE ( 'NONE', #11491, #6505, #7126, .T. ) ;
#8991 = CIRCLE ( 'NONE', #3196, 1.830752539561562919 ) ;
#8992 = LINE ( 'NONE', #6304, #7302 ) ;
#8993 = ORIENTED_EDGE ( 'NONE', *, *, #6139, .T. ) ;
#8994 = CYLINDRICAL_SURFACE ( 'NONE', #9218, 0.2499999999999997502 ) ;
#8995 = CARTESIAN_POINT ( 'NONE',  ( 0.000000000000000000, 0.000000000000000000, 0.000000000000000000 ) ) ;
#8996 = CARTESIAN_POINT ( 'NONE',  ( 5.084639066406655417, 2.044410505346533569, -5.888572371011624498E-16 ) ) ;
#8997 = AXIS2_PLACEMENT_3D ( 'NONE', #4891, #8473, #4788 ) ;
#8998 = DIRECTION ( 'NONE',  ( -0.000000000000000000, -1.836970198721029688E-16, 1.000000000000000000 ) ) ;
#8999 = ORIENTED_EDGE ( 'NONE', *, *, #3472, .F. ) ;
#9000 = PLANE ( 'NONE',  #7737 ) ;
#9001 = CARTESIAN_POINT ( 'NONE',  ( -5.118371538954584743, -1.168234903270601421, -0.5000000000000012212 ) ) ;
#9002 = VECTOR ( 'NONE', #1592, 1000.000000000000000 ) ;
#9003 = AXIS2_PLACEMENT_3D ( 'NONE', #9873, #8940, #11528 ) ;
#9004 = DIRECTION ( 'NONE',  ( -1.790913520579326978E-16, 2.245734522990332355E-16, -1.000000000000000000 ) ) ;
#9005 = EDGE_CURVE ( 'NONE', #3084, #9199, #7021, .T. ) ;
#9006 = FACE_OUTER_BOUND ( 'NONE', #10961, .T. ) ;
#9007 = ORIENTED_EDGE ( 'NONE', *, *, #10822, .F. ) ;
#9008 = DIRECTION ( 'NONE',  ( 0.9749279121818227312, -0.2225209339563182231, -2.245734522990357007E-16 ) ) ;
#9009 = CARTESIAN_POINT ( 'NONE',  ( 5.558971277141451672, 1.838030634422904486, -1.069247217469519083E-13 ) ) ;
#9010 = DIRECTION ( 'NONE',  ( 0.000000000000000000, -2.122418608454495059E-16, 1.000000000000000000 ) ) ;
#9011 = ORIENTED_EDGE ( 'NONE', *, *, #2387, .F. ) ;
#9012 = CYLINDRICAL_SURFACE ( 'NONE', #10756, 0.2041022026635758713 ) ;
#9013 = VERTEX_POINT ( 'NONE', #4493 ) ;
#9014 = AXIS2_PLACEMENT_3D ( 'NONE', #5608, #8305, #263 ) ;
#9015 = DIRECTION ( 'NONE',  ( -0.6234898018587431423, -0.7818314824680221431, -1.481414429610370493E-16 ) ) ;
#9016 = DIRECTION ( 'NONE',  ( -0.000000000000000000, -0.000000000000000000, -1.000000000000000000 ) ) ;
#9017 = EDGE_CURVE ( 'NONE', #9556, #10110, #903, .T. ) ;
#9018 = EDGE_LOOP ( 'NONE', ( #9910, #7780, #1516, #8736, #3066, #7035 ) ) ;
#9019 = AXIS2_PLACEMENT_3D ( 'NONE', #2740, #6316, #3445 ) ;
#9020 = TOROIDAL_SURFACE ( 'NONE', #6960, 5.249999999999999112, 1.815000000000000169 ) ;
#9021 = CARTESIAN_POINT ( 'NONE',  ( -5.527994894309633978, -3.661641740954672208, -0.2500000000000019429 ) ) ;
#9022 = DIRECTION ( 'NONE',  ( -0.6234898018587268220, -0.7818314824680352437, -6.391696352470579061E-17 ) ) ;
#9023 = DIRECTION ( 'NONE',  ( 1.790913520579326978E-16, 2.245734522990332355E-16, -1.000000000000000000 ) ) ;
#9024 = ORIENTED_EDGE ( 'NONE', *, *, #2985, .F. ) ;
#9025 = DIRECTION ( 'NONE',  ( -0.000000000000000000, -1.836970198721029688E-16, 1.000000000000000000 ) ) ;
#9026 = AXIS2_PLACEMENT_3D ( 'NONE', #6868, #7735, #11335 ) ;
#9027 = VERTEX_POINT ( 'NONE', #9885 ) ;
#9028 = VECTOR ( 'NONE', #5820, 1000.000000000000000 ) ;
#9029 = PLANE ( 'NONE',  #6607 ) ;
#9030 = CIRCLE ( 'NONE', #5288, 1.830752539561562919 ) ;
#9031 = DIRECTION ( 'NONE',  ( 0.000000000000000000, -4.737733359616825765E-16, 1.000000000000000000 ) ) ;
#9032 = AXIS2_PLACEMENT_3D ( 'NONE', #3058, #1167, #8271 ) ;
#9033 = ORIENTED_EDGE ( 'NONE', *, *, #1218, .T. ) ;
#9034 = EDGE_CURVE ( 'NONE', #11055, #8766, #7144, .T. ) ;
#9035 = AXIS2_PLACEMENT_3D ( 'NONE', #4852, #7486, #9194 ) ;
#9036 = CARTESIAN_POINT ( 'NONE',  ( 3.429523072411345908, 4.745407228990885962, 0.5000000000000000000 ) ) ;
#9037 = VERTEX_POINT ( 'NONE', #1853 ) ;
#9038 = CARTESIAN_POINT ( 'NONE',  ( 0.000000000000000000, 0.000000000000000000, 0.000000000000000000 ) ) ;
#9039 = ORIENTED_EDGE ( 'NONE', *, *, #11387, .F. ) ;
#9040 = CARTESIAN_POINT ( 'NONE',  ( 2.415079429167933611, 3.936415418983353565, 0.5000000000000000000 ) ) ;
#9041 = VECTOR ( 'NONE', #5182, 1000.000000000000000 ) ;
#9042 = EDGE_CURVE ( 'NONE', #7568, #2376, #3213, .T. ) ;
#9043 = AXIS2_PLACEMENT_3D ( 'NONE', #7264, #3651, #10845 ) ;
#9044 = CARTESIAN_POINT ( 'NONE',  ( 2.671639123616330824, -5.547715804109162541, -2.150213260174694521E-15 ) ) ;
#9045 = ORIENTED_EDGE ( 'NONE', *, *, #1299, .F. ) ;
#9046 = DIRECTION ( 'NONE',  ( 0.9749279121818260618, 0.2225209339563037070, 1.554096509490269427E-16 ) ) ;
#9047 = VECTOR ( 'NONE', #5955, 999.9999999999998863 ) ;
#9048 = EDGE_LOOP ( 'NONE', ( #6171, #10498, #8514, #5808 ) ) ;
#9049 = AXIS2_PLACEMENT_3D ( 'NONE', #4532, #7331, #9106 ) ;
#9050 = VERTEX_POINT ( 'NONE', #5383 ) ;
#9051 =( BOUNDED_CURVE ( )  B_SPLINE_CURVE ( 3, ( #6803, #7785, #4276, #5928 ),
 .UNSPECIFIED., .F., .F. ) 
 B_SPLINE_CURVE_WITH_KNOTS ( ( 4, 4 ),
 ( 1.868606583865388249, 3.141592653589793116 ),
 .UNSPECIFIED. ) 
 CURVE ( )  GEOMETRIC_REPRESENTATION_ITEM ( )  RATIONAL_B_SPLINE_CURVE ( ( 1.000000000000000000, 0.8694567765201490772, 0.8694567765201490772, 1.000000000000000000 ) ) 
 REPRESENTATION_ITEM ( '' )  );
#9052 = APPLICATION_CONTEXT ( 'configuration controlled 3d designs of mechanical parts and assemblies' ) ;
#9053 = AXIS2_PLACEMENT_3D ( 'NONE', #6152, #864, #7841 ) ;
#9054 = CIRCLE ( 'NONE', #989, 1.571836107868756383 ) ;
#9055 = PLANE ( 'NONE',  #3010 ) ;
#9056 = ORIENTED_EDGE ( 'NONE', *, *, #3760, .F. ) ;
#9057 = EDGE_CURVE ( 'NONE', #5946, #2221, #3956, .T. ) ;
#9058 = AXIS2_PLACEMENT_3D ( 'NONE', #10843, #2807, #52 ) ;
#9059 = CARTESIAN_POINT ( 'NONE',  ( 4.307239450811739090, -4.261441472619266868, 0.000000000000000000 ) ) ;
#9060 = CARTESIAN_POINT ( 'NONE',  ( -3.088483592491648277, 4.974111716886804757, -0.5000000000000001110 ) ) ;
#9061 = ADVANCED_FACE ( 'NONE', ( #10711 ), #2788, .F. ) ;
#9062 = AXIS2_PLACEMENT_3D ( 'NONE', #3306, #2652, #11630 ) ;
#9063 = VECTOR ( 'NONE', #4381, 1000.000000000000000 ) ;
#9064 = SPHERICAL_SURFACE ( 'NONE', #10333, 2.043333333333333002 ) ;
#9065 = AXIS2_PLACEMENT_3D ( 'NONE', #4254, #11358, #10695 ) ;
#9066 = ORIENTED_EDGE ( 'NONE', *, *, #10097, .T. ) ;
#9067 = AXIS2_PLACEMENT_3D ( 'NONE', #7553, #8329, #3156 ) ;
#9068 = CARTESIAN_POINT ( 'NONE',  ( -5.833575934969728038, 0.4999100760164554846, 1.027403880348036144E-17 ) ) ;
#9069 = DIRECTION ( 'NONE',  ( -0.000000000000000000, -0.000000000000000000, -1.000000000000000000 ) ) ;
#9070 = ADVANCED_FACE ( 'NONE', ( #10774 ), #199, .T. ) ;
#9071 = CIRCLE ( 'NONE', #6258, 1.830752539561562253 ) ;
#9072 = ADVANCED_FACE ( 'NONE', ( #9006 ), #1738, .T. ) ;
#9073 = CIRCLE ( 'NONE', #4763, 1.981214554537470862 ) ;
#9074 = CARTESIAN_POINT ( 'NONE',  ( 0.4484599904916783397, -6.075027395718184842, 0.4669859836141802001 ) ) ;
#9075 = DIRECTION ( 'NONE',  ( 0.9749279121818257288, 0.2225209339563049560, 0.000000000000000000 ) ) ;
#9076 = ORIENTED_EDGE ( 'NONE', *, *, #5993, .T. ) ;
#9077 = DIRECTION ( 'NONE',  ( 0.9009688679024157043, -0.4338837391175651703, -7.407072148051852464E-17 ) ) ;
#9078 = EDGE_CURVE ( 'NONE', #1269, #10712, #6207, .T. ) ;
#9079 = DIRECTION ( 'NONE',  ( -1.000000000000000000, 0.000000000000000000, -0.000000000000000000 ) ) ;
#9080 = CARTESIAN_POINT ( 'NONE',  ( -1.571836107868694210, 4.342500000000022453, -2.168404344971008868E-16 ) ) ;
#9081 = EDGE_LOOP ( 'NONE', ( #2583, #1424 ) ) ;
#9082 = DIRECTION ( 'NONE',  ( 0.6234898018587320401, 0.7818314824680310249, 1.436201133715656092E-16 ) ) ;
#9083 = AXIS2_PLACEMENT_3D ( 'NONE', #9671, #1638, #6154 ) ;
#9084 = EDGE_LOOP ( 'NONE', ( #7393, #11252, #3561 ) ) ;
#9085 = DIRECTION ( 'NONE',  ( -1.000000000000000000, 0.000000000000000000, 0.000000000000000000 ) ) ;
#9086 = EDGE_CURVE ( 'NONE', #2411, #9667, #3027, .T. ) ;
#9087 = ORIENTED_EDGE ( 'NONE', *, *, #6818, .T. ) ;
#9088 = CARTESIAN_POINT ( 'NONE',  ( 0.000000000000000000, 4.592425496802613046E-17, 2.249999999999998224 ) ) ;
#9089 = DIRECTION ( 'NONE',  ( -1.436201133715639822E-16, -6.916380135000388919E-17, 1.000000000000000000 ) ) ;
#9090 = CARTESIAN_POINT ( 'NONE',  ( -0.1401104873024310304, -4.868222060490380088, -0.5000000000000017764 ) ) ;
#9091 = CARTESIAN_POINT ( 'NONE',  ( -5.118371538954584743, -1.168234903270601421, -1.179010624569924560E-15 ) ) ;
#9092 = ORIENTED_EDGE ( 'NONE', *, *, #6756, .T. ) ;
#9093 = ORIENTED_EDGE ( 'NONE', *, *, #2021, .T. ) ;
#9094 = EDGE_CURVE ( 'NONE', #2089, #6668, #4889, .T. ) ;
#9095 = LINE ( 'NONE', #9855, #5674 ) ;
#9096 = CARTESIAN_POINT ( 'NONE',  ( 0.000000000000000000, 0.000000000000000000, 0.000000000000000000 ) ) ;
#9097 = ORIENTED_EDGE ( 'NONE', *, *, #11117, .T. ) ;
#9098 = CARTESIAN_POINT ( 'NONE',  ( -3.395103212617387012, 2.707504464571592440, -3.003438073623919616E-16 ) ) ;
#9099 = ORIENTED_EDGE ( 'NONE', *, *, #6696, .T. ) ;
#9100 = CARTESIAN_POINT ( 'NONE',  ( -4.814127353296846934, 3.839138454945211443, 1.571836107868755938 ) ) ;
#9101 = VERTEX_POINT ( 'NONE', #4443 ) ;
#9102 = SPHERICAL_SURFACE ( 'NONE', #6605, 1.815000000000000169 ) ;
#9103 = CARTESIAN_POINT ( 'NONE',  ( -8.954567602896607774E-17, 1.122867261495178503E-16, -0.5000000000000000000 ) ) ;
#9104 = DIRECTION ( 'NONE',  ( -0.6434186129743184601, 0.7655145253215017709, -3.946195958086669738E-17 ) ) ;
#9105 = ORIENTED_EDGE ( 'NONE', *, *, #11209, .F. ) ;
#9106 = DIRECTION ( 'NONE',  ( 0.000000000000000000, 0.000000000000000000, 1.000000000000000000 ) ) ;
#9107 = VERTEX_POINT ( 'NONE', #9936 ) ;
#9108 = EDGE_CURVE ( 'NONE', #4624, #1188, #3680, .T. ) ;
#9109 = EDGE_LOOP ( 'NONE', ( #10423, #1470, #3452 ) ) ;
#9110 = DIRECTION ( 'NONE',  ( -0.000000000000000000, -0.000000000000000000, -1.000000000000000000 ) ) ;
#9111 = ORIENTED_EDGE ( 'NONE', *, *, #8539, .F. ) ;
#9112 = CARTESIAN_POINT ( 'NONE',  ( -2.277889630367217144, -4.730086556487682614, -1.833312158492425881E-15 ) ) ;
#9113 = CARTESIAN_POINT ( 'NONE',  ( -2.992045089741908193, 5.147507901537842656, 0.4956145445222103207 ) ) ;
#9114 = DIRECTION ( 'NONE',  ( -0.6234898018587431423, -0.7818314824680221431, -1.436201133715639822E-16 ) ) ;
#9115 =( BOUNDED_CURVE ( )  B_SPLINE_CURVE ( 3, ( #5888, #8567, #9452, #5360 ),
 .UNSPECIFIED., .F., .F. ) 
 B_SPLINE_CURVE_WITH_KNOTS ( ( 4, 4 ),
 ( 0.000000000000000000, 1.272986069724404201 ),
 .UNSPECIFIED. ) 
 CURVE ( )  GEOMETRIC_REPRESENTATION_ITEM ( )  RATIONAL_B_SPLINE_CURVE ( ( 1.000000000000000000, 0.8694567765201491882, 0.8694567765201491882, 1.000000000000000000 ) ) 
 REPRESENTATION_ITEM ( '' )  );
#9116 = CARTESIAN_POINT ( 'NONE',  ( 3.395103212617425203, 2.707504464571544478, 0.4999999999999996669 ) ) ;
#9117 = ORIENTED_EDGE ( 'NONE', *, *, #7548, .T. ) ;
#9118 = CARTESIAN_POINT ( 'NONE',  ( 4.777343085962988845, 0.9466836947465373520, -0.5000000000000006661 ) ) ;
#9119 = EDGE_CURVE ( 'NONE', #11082, #6579, #8182, .T. ) ;
#9120 = CARTESIAN_POINT ( 'NONE',  ( 3.061616997868383141E-16, 2.500000000000000000, 2.500000000000000444 ) ) ;
#9121 = ORIENTED_EDGE ( 'NONE', *, *, #719, .T. ) ;
#9122 = DIRECTION ( 'NONE',  ( -0.9009688679024158153, 0.4338837391175651703, 7.970314984686171682E-17 ) ) ;
#9123 = DIRECTION ( 'NONE',  ( -0.9009688679024216995, -0.4338837391175529024, -7.970314984685952280E-17 ) ) ;
#9124 = ORIENTED_EDGE ( 'NONE', *, *, #22, .F. ) ;
#9125 = PLANE ( 'NONE',  #37 ) ;
#9126 = DIRECTION ( 'NONE',  ( 0.000000000000000000, 0.000000000000000000, 1.000000000000000000 ) ) ;
#9127 = EDGE_LOOP ( 'NONE', ( #7462, #5057, #10003, #11373, #8421, #6635 ) ) ;
#9128 = SPHERICAL_SURFACE ( 'NONE', #11508, 1.815000000000000169 ) ;
#9129 = EDGE_CURVE ( 'NONE', #9918, #3133, #8953, .T. ) ;
#9130 = ORIENTED_EDGE ( 'NONE', *, *, #8713, .T. ) ;
#9131 = EDGE_CURVE ( 'NONE', #4107, #206, #2083, .T. ) ;
#9132 = APPROVAL ( #4093, 'UNSPECIFIED' ) ;
#9133 = CARTESIAN_POINT ( 'NONE',  ( 0.000000000000000000, 9.184850993605157805E-16, -2.500000000000005329 ) ) ;
#9134 = ADVANCED_FACE ( 'NONE', ( #3792 ), #4729, .F. ) ;
#9135 = DIRECTION ( 'NONE',  ( 0.6234898018587375912, -0.7818314824680265840, -2.233232632184254402E-16 ) ) ;
#9136 = ORIENTED_EDGE ( 'NONE', *, *, #9366, .F. ) ;
#9137 = CIRCLE ( 'NONE', #9693, 0.2041022026635771758 ) ;
#9138 = CARTESIAN_POINT ( 'NONE',  ( 5.822922039428655161, 1.789036932132564983, 0.4669859836141805887 ) ) ;
#9139 = DIRECTION ( 'NONE',  ( 0.000000000000000000, 0.000000000000000000, 1.000000000000000000 ) ) ;
#9140 = FACE_OUTER_BOUND ( 'NONE', #8555, .T. ) ;
#9141 = CARTESIAN_POINT ( 'NONE',  ( -5.826670010035958747, 0.7836273912850064693, 0.4999999999999991673 ) ) ;
#9142 = EDGE_LOOP ( 'NONE', ( #4562, #9586, #7748, #3926, #11006, #766, #6349, #8732 ) ) ;
#9143 = VERTEX_POINT ( 'NONE', #5669 ) ;
#9144 = EDGE_CURVE ( 'NONE', #7151, #6168, #3392, .T. ) ;
#9145 = CARTESIAN_POINT ( 'NONE',  ( -0.4484599904915962942, -6.075027395718191059, -0.1313876030881694079 ) ) ;
#9146 = CIRCLE ( 'NONE', #4653, 5.854956726839295023 ) ;
#9147 = CARTESIAN_POINT ( 'NONE',  ( -4.492530747588840079, 1.572219877753507244, -0.5000000000000004441 ) ) ;
#9148 = ORIENTED_EDGE ( 'NONE', *, *, #2617, .T. ) ;
#9149 = LINE ( 'NONE', #1877, #5248 ) ;
#9150 = EDGE_LOOP ( 'NONE', ( #3757, #9938, #312 ) ) ;
#9151 = CARTESIAN_POINT ( 'NONE',  ( 5.826670010035949865, 0.7836273912850884038, 0.000000000000000000 ) ) ;
#9152 = DIRECTION ( 'NONE',  ( 0.000000000000000000, 1.000000000000000000, 2.188964683309868291E-16 ) ) ;
#9154 = EDGE_CURVE ( 'NONE', #7489, #6886, #7513, .T. ) ;
#9153 = ORIENTED_EDGE ( 'NONE', *, *, #11590, .T. ) ;
#9155 = CARTESIAN_POINT ( 'NONE',  ( -2.540370517012538798, 5.275133733798050173, 0.000000000000000000 ) ) ;
#9156 = DIRECTION ( 'NONE',  ( -0.000000000000000000, -1.836970198721029688E-16, 1.000000000000000000 ) ) ;
#9157 = CARTESIAN_POINT ( 'NONE',  ( -0.8896469117637311186, -5.786972148330245425, 0.4999999999999980571 ) ) ;
#9158 = ORIENTED_EDGE ( 'NONE', *, *, #5215, .F. ) ;
#9159 = DIRECTION ( 'NONE',  ( -1.790913520579326978E-16, -2.245734522990332355E-16, 1.000000000000000000 ) ) ;
#9160 = ORIENTED_EDGE ( 'NONE', *, *, #2570, .F. ) ;
#9161 = DIRECTION ( 'NONE',  ( 0.9009688679024218105, 0.4338837391175526248, 7.407072148051852464E-17 ) ) ;
#9162 = ORIENTED_EDGE ( 'NONE', *, *, #8925, .F. ) ;
#9163 = ADVANCED_FACE ( 'NONE', ( #5732 ), #10229, .T. ) ;
#9164 = DIRECTION ( 'NONE',  ( 1.000000000000000000, 0.000000000000000000, 0.000000000000000000 ) ) ;
#9165 = DIRECTION ( 'NONE',  ( 0.9009688679024218105, 0.4338837391175526248, 7.407072148051852464E-17 ) ) ;
#9166 = B_SPLINE_CURVE_WITH_KNOTS ( 'NONE', 3,
 ( #5313, #8049, #1787, #4433 ),
 .UNSPECIFIED., .F., .F.,
 ( 4, 4 ),
 ( 0.0005048269569637940093, 0.001006091645347109709 ),
 .UNSPECIFIED. ) ;
#9167 = LINE ( 'NONE', #3005, #2874 ) ;
#9168 = CARTESIAN_POINT ( 'NONE',  ( 1.571836107868756605, 5.640022120804201400, -0.5000000000000000000 ) ) ;
#9169 = EDGE_LOOP ( 'NONE', ( #10373, #6522, #9467, #1050 ) ) ;
#9170 = AXIS2_PLACEMENT_3D ( 'NONE', #6923, #1645, #10617 ) ;
#9171 = DIRECTION ( 'NONE',  ( -1.790913520579321555E-16, -2.245734522990357007E-16, 1.000000000000000000 ) ) ;
#9172 = CARTESIAN_POINT ( 'NONE',  ( -1.571836107868675780, 5.640022120804223604, 0.5000000000000002220 ) ) ;
#9173 = ORIENTED_EDGE ( 'NONE', *, *, #9919, .F. ) ;
#9174 = LINE ( 'NONE', #5558, #3572 ) ;
#9175 = EDGE_CURVE ( 'NONE', #6471, #7903, #4789, .T. ) ;
#9176 = DIRECTION ( 'NONE',  ( -0.7818314824680308028, -0.6234898018587322621, 0.000000000000000000 ) ) ;
#9177 = ORIENTED_EDGE ( 'NONE', *, *, #11086, .T. ) ;
#9178 = CARTESIAN_POINT ( 'NONE',  ( -4.577589497530912155, -3.650505809508515664, 0.000000000000000000 ) ) ;
#9179 = CIRCLE ( 'NONE', #924, 1.830752539561562253 ) ;
#9180 = CARTESIAN_POINT ( 'NONE',  ( 3.985157492343085224E-17, 1.746011579516595807E-16, -0.5000000000000000000 ) ) ;
#9181 = EDGE_CURVE ( 'NONE', #3345, #10770, #6537, .T. ) ;
#9182 = VERTEX_POINT ( 'NONE', #3732 ) ;
#9183 = FACE_OUTER_BOUND ( 'NONE', #6873, .T. ) ;
#9184 = ORIENTED_EDGE ( 'NONE', *, *, #4938, .F. ) ;
#9185 = CARTESIAN_POINT ( 'NONE',  ( 2.237903063308958718, 5.698273448560721377, -0.2500000000000000000 ) ) ;
#9186 = AXIS2_PLACEMENT_3D ( 'NONE', #532, #3261, #8761 ) ;
#9187 = CIRCLE ( 'NONE', #1503, 0.2041022026635763154 ) ;
#9188 = CARTESIAN_POINT ( 'NONE',  ( 5.389570639310328204, 2.287585320167267788, 0.000000000000000000 ) ) ;
#9189 = ADVANCED_FACE ( 'NONE', ( #3091 ), #6664, .F. ) ;
#9190 = VERTEX_POINT ( 'NONE', #6433 ) ;
#9191 = EDGE_CURVE ( 'NONE', #4685, #5824, #11454, .T. ) ;
#9192 = CARTESIAN_POINT ( 'NONE',  ( 2.231807111763035145, 5.667990052715531135, -0.1313876030881694079 ) ) ;
#9193 = CYLINDRICAL_SURFACE ( 'NONE', #790, 5.854956726839295023 ) ;
#9194 = DIRECTION ( 'NONE',  ( 1.000000000000000000, 0.000000000000000000, 0.000000000000000000 ) ) ;
#9195 = VECTOR ( 'NONE', #8388, 1000.000000000000114 ) ;
#9196 = EDGE_CURVE ( 'NONE', #4823, #827, #3594, .T. ) ;
#9197 = PLANE ( 'NONE',  #2146 ) ;
#9198 = AXIS2_PLACEMENT_3D ( 'NONE', #347, #7677, #2231 ) ;
#9199 = VERTEX_POINT ( 'NONE', #10950 ) ;
#9200 = DIRECTION ( 'NONE',  ( -1.543210004228967591E-14, -1.000000000000000000, -6.916380135000609554E-17 ) ) ;
#9201 = EDGE_LOOP ( 'NONE', ( #9121, #6129, #8912, #11091, #972, #1988, #4327, #8978 ) ) ;
#9202 = AXIS2_PLACEMENT_3D ( 'NONE', #934, #4528, #5472 ) ;
#9203 = CARTESIAN_POINT ( 'NONE',  ( 4.233624458649566158, -0.9662971557053123828, 1.571836107868755716 ) ) ;
#9204 = CARTESIAN_POINT ( 'NONE',  ( 8.954567602896634891E-17, 1.122867261495166177E-16, -0.5000000000000000000 ) ) ;
#9205 = AXIS2_PLACEMENT_3D ( 'NONE', #3622, #2614, #11541 ) ;
#9206 = ORIENTED_EDGE ( 'NONE', *, *, #9057, .T. ) ;
#9207 = AXIS2_PLACEMENT_3D ( 'NONE', #4383, #7954, #5324 ) ;
#9208 = EDGE_LOOP ( 'NONE', ( #2197, #779 ) ) ;
#9209 = DIRECTION ( 'NONE',  ( 0.000000000000000000, 0.000000000000000000, 1.000000000000000000 ) ) ;
#9210 = LINE ( 'NONE', #4929, #405 ) ;
#9211 = ORIENTED_EDGE ( 'NONE', *, *, #7055, .T. ) ;
#9213 = AXIS2_PLACEMENT_3D ( 'NONE', #1229, #3167, #4932 ) ;
#9212 = DIRECTION ( 'NONE',  ( -0.000000000000000000, -0.000000000000000000, -1.000000000000000000 ) ) ;
#9214 = DIRECTION ( 'NONE',  ( -0.2225209339563182231, -0.9749279121818227312, 0.000000000000000000 ) ) ;
#9215 = EDGE_CURVE ( 'NONE', #7016, #3513, #4892, .T. ) ;
#9216 = CARTESIAN_POINT ( 'NONE',  ( 4.768605100205350666, -2.700661798207160125, -1.460512878341631180E-15 ) ) ;
#9217 = EDGE_LOOP ( 'NONE', ( #9964, #2062, #11496 ) ) ;
#9218 = AXIS2_PLACEMENT_3D ( 'NONE', #8050, #11465, #10764 ) ;
#9219 = EDGE_LOOP ( 'NONE', ( #10946, #7695, #8208, #1672, #3708, #417 ) ) ;
#9220 = CIRCLE ( 'NONE', #3604, 0.2041022026635769815 ) ;
#9221 = VECTOR ( 'NONE', #107, 1000.000000000000000 ) ;
#9222 = DIRECTION ( 'NONE',  ( 0.000000000000000000, 0.000000000000000000, 1.000000000000000000 ) ) ;
#9223 = ORIENTED_EDGE ( 'NONE', *, *, #4202, .T. ) ;
#9224 = VECTOR ( 'NONE', #67, 1000.000000000000114 ) ;
#9225 = AXIS2_PLACEMENT_3D ( 'NONE', #11605, #4572, #9894 ) ;
#9226 = DIRECTION ( 'NONE',  ( 0.000000000000000000, -0.000000000000000000, 1.000000000000000000 ) ) ;
#9227 = EDGE_CURVE ( 'NONE', #3755, #11491, #5559, .T. ) ;
#9228 = VECTOR ( 'NONE', #11151, 1000.000000000000114 ) ;
#9229 = CARTESIAN_POINT ( 'NONE',  ( -5.118371538954584743, -1.168234903270601421, 0.000000000000000000 ) ) ;
#9230 = FACE_OUTER_BOUND ( 'NONE', #11247, .T. ) ;
#9231 = CIRCLE ( 'NONE', #224, 5.854956726839295023 ) ;
#9232 = DIRECTION ( 'NONE',  ( 0.000000000000000000, 0.000000000000000000, 1.000000000000000000 ) ) ;
#9233 = VERTEX_POINT ( 'NONE', #1977 ) ;
#9234 = AXIS2_PLACEMENT_3D ( 'NONE', #11243, #3281, #7546 ) ;
#9235 = AXIS2_PLACEMENT_3D ( 'NONE', #9757, #8896, #8950 ) ;
#9236 = EDGE_CURVE ( 'NONE', #5369, #8419, #9928, .T. ) ;
#9237 = LINE ( 'NONE', #134, #1559 ) ;
#9238 = CARTESIAN_POINT ( 'NONE',  ( 5.850399315317975635, 1.803152313773490611, -0.2083800311308726672 ) ) ;
#9239 = ORIENTED_EDGE ( 'NONE', *, *, #11213, .T. ) ;
#9240 = LINE ( 'NONE', #6663, #1304 ) ;
#9241 = CARTESIAN_POINT ( 'NONE',  ( -7.181005668578199110E-17, -3.458190067500194460E-17, 0.5000000000000000000 ) ) ;
#9242 = ORIENTED_EDGE ( 'NONE', *, *, #10594, .F. ) ;
#9243 = DIRECTION ( 'NONE',  ( -0.2225209339563050392, 0.9749279121818257288, 2.329518370037008160E-16 ) ) ;
#9244 = CIRCLE ( 'NONE', #9062, 1.981214554537471528 ) ;
#9245 = CIRCLE ( 'NONE', #6063, 1.830752539561562919 ) ;
#9246 = CARTESIAN_POINT ( 'NONE',  ( -1.022188080638154473, -6.342049561373074518, -1.805559322863033612E-31 ) ) ;
#9247 = VERTEX_POINT ( 'NONE', #8414 ) ;
#9248 = DIRECTION ( 'NONE',  ( 0.000000000000000000, 0.000000000000000000, 1.000000000000000000 ) ) ;
#9249 = VECTOR ( 'NONE', #10782, 1000.000000000000114 ) ;
#9250 = ORIENTED_EDGE ( 'NONE', *, *, #4743, .F. ) ;
#9251 = ADVANCED_FACE ( 'NONE', ( #362 ), #3958, .F. ) ;
#9252 = LINE ( 'NONE', #11183, #10170 ) ;
#9253 = VECTOR ( 'NONE', #859, 1000.000000000000000 ) ;
#9254 = DIRECTION ( 'NONE',  ( 0.9009688679024157043, -0.4338837391175651703, -7.970314984686170449E-17 ) ) ;
#9255 = AXIS2_PLACEMENT_3D ( 'NONE', #2969, #368, #6542 ) ;
#9256 = ORIENTED_EDGE ( 'NONE', *, *, #8356, .F. ) ;
#9257 = CARTESIAN_POINT ( 'NONE',  ( 0.000000000000000000, -2.499999999999999112, -2.172334957055049642 ) ) ;
#9258 = CARTESIAN_POINT ( 'NONE',  ( 0.6244413753512102483, -5.821562611697154388, 0.4999999999999979461 ) ) ;
#9259 = DIRECTION ( 'NONE',  ( 1.000000000000000000, 0.000000000000000000, -0.000000000000000000 ) ) ;
#9260 = AXIS2_PLACEMENT_3D ( 'NONE', #4907, #149, #3740 ) ;
#9261 = DIRECTION ( 'NONE',  ( 0.6234898018587320401, -0.7818314824680310249, 0.000000000000000000 ) ) ;
#9262 = VERTEX_POINT ( 'NONE', #2912 ) ;
#9263 = VERTEX_POINT ( 'NONE', #10057 ) ;
#9264 = CARTESIAN_POINT ( 'NONE',  ( -0.4907921940452234510, -5.882961361415562251, -7.337422905590374222E-17 ) ) ;
#9265 = EDGE_CURVE ( 'NONE', #11129, #11320, #6392, .T. ) ;
#9266 = ORIENTED_EDGE ( 'NONE', *, *, #9227, .F. ) ;
#9267 = VERTEX_POINT ( 'NONE', #3315 ) ;
#9268 = CARTESIAN_POINT ( 'NONE',  ( -4.104615282957117195, 3.273321459758401719, -3.631099570875204645E-16 ) ) ;
#9269 = DIRECTION ( 'NONE',  ( 1.000000000000000000, 0.000000000000000000, -0.000000000000000000 ) ) ;
#9270 = ORIENTED_EDGE ( 'NONE', *, *, #2086, .F. ) ;
#9271 = CARTESIAN_POINT ( 'NONE',  ( 1.884140137117972680, -3.912457308866267969, -1.516411056810168482E-15 ) ) ;
#9272 = CARTESIAN_POINT ( 'NONE',  ( 1.986007203333997273, 4.446908180657973553, -1.000000000000000000 ) ) ;
#9273 = DIRECTION ( 'NONE',  ( 0.000000000000000000, -4.737733359616825765E-16, 1.000000000000000000 ) ) ;
#9274 = ORIENTED_EDGE ( 'NONE', *, *, #1487, .F. ) ;
#9275 = FACE_OUTER_BOUND ( 'NONE', #5819, .T. ) ;
#9276 = ORIENTED_EDGE ( 'NONE', *, *, #8635, .F. ) ;
#9277 = EDGE_CURVE ( 'NONE', #2571, #6899, #5276, .T. ) ;
#9278 = ADVANCED_FACE ( 'NONE', ( #11357 ), #5954, .F. ) ;
#9279 = ADVANCED_FACE ( 'NONE', ( #11227 ), #6888, .T. ) ;
#9280 = CARTESIAN_POINT ( 'NONE',  ( 3.985157492343085224E-17, 1.746011579516595807E-16, -0.5000000000000000000 ) ) ;
#9281 = VERTEX_POINT ( 'NONE', #10284 ) ;
#9282 = DIRECTION ( 'NONE',  ( -7.970314984685944884E-17, 3.492023159033203447E-16, -1.000000000000000000 ) ) ;
#9283 = DIRECTION ( 'NONE',  ( 0.7818314824680310249, 0.6234898018587320401, -6.916380135000592297E-17 ) ) ;
#9284 = PLANE ( 'NONE',  #4933 ) ;
#9285 = EDGE_LOOP ( 'NONE', ( #3155, #7286, #335, #2546, #7160, #3298, #4730 ) ) ;
#9286 = CARTESIAN_POINT ( 'NONE',  ( 0.000000000000000000, 0.000000000000000000, -1.000000000000000000 ) ) ;
#9287 = DIRECTION ( 'NONE',  ( 0.6234898018587320401, -0.7818314824680310249, -1.436201133715656092E-16 ) ) ;
#9288 = EDGE_LOOP ( 'NONE', ( #1750, #10983, #8887, #2053, #4738, #3665 ) ) ;
#9289 = ADVANCED_FACE ( 'NONE', ( #10516 ), #3194, .T. ) ;
#9290 = CARTESIAN_POINT ( 'NONE',  ( 4.814127353296902001, 3.839138454945143497, -1.571836107868756605 ) ) ;
#9291 = LINE ( 'NONE', #9120, #2463 ) ;
#9292 = VERTEX_POINT ( 'NONE', #5011 ) ;
#9293 = DIRECTION ( 'NONE',  ( 0.9009688679024157043, -0.4338837391175651148, -7.042984236905964948E-17 ) ) ;
#9294 = DIRECTION ( 'NONE',  ( 0.2225209339563182231, 0.9749279121818227312, 1.790913520579321801E-16 ) ) ;
#9295 = ORIENTED_EDGE ( 'NONE', *, *, #3225, .T. ) ;
#9296 = DIRECTION ( 'NONE',  ( 1.000000000000000000, 0.000000000000000000, 0.000000000000000000 ) ) ;
#9297 = CARTESIAN_POINT ( 'NONE',  ( -3.969751236990498811, -4.303672082021713585, -0.5000000000000018874 ) ) ;
#9298 = ADVANCED_FACE ( 'NONE', ( #5066 ), #7699, .F. ) ;
#9299 = VERTEX_POINT ( 'NONE', #6771 ) ;
#9300 = SPHERICAL_SURFACE ( 'NONE', #2710, 1.815000000000000169 ) ;
#9301 = ORIENTED_EDGE ( 'NONE', *, *, #2326, .F. ) ;
#9302 = CARTESIAN_POINT ( 'NONE',  ( 3.059779840274899243, 5.302478452986587598, -0.2500000000000000000 ) ) ;
#9303 = CARTESIAN_POINT ( 'NONE',  ( 3.883858019900346736, -2.498724050641801586, 0.000000000000000000 ) ) ;
#9304 = ORIENTED_EDGE ( 'NONE', *, *, #10941, .T. ) ;
#9305 = DIRECTION ( 'NONE',  ( -0.4338837391175589531, 0.9009688679024187019, 0.000000000000000000 ) ) ;
#9306 = EDGE_CURVE ( 'NONE', #5619, #4926, #9758, .T. ) ;
#9307 = CARTESIAN_POINT ( 'NONE',  ( 0.000000000000000000, 3.583607782362977743E-17, 2.304917478527522157 ) ) ;
#9308 = DIRECTION ( 'NONE',  ( 0.000000000000000000, -1.000000000000000000, -1.763933479423782137E-16 ) ) ;
#9309 = APPROVAL_ROLE ( '' ) ;
#9310 = ORIENTED_EDGE ( 'NONE', *, *, #3820, .T. ) ;
#9311 = CARTESIAN_POINT ( 'NONE',  ( -8.954567602896634891E-17, 1.122867261495166177E-16, -0.5000000000000000000 ) ) ;
#9312 = ORIENTED_EDGE ( 'NONE', *, *, #11164, .T. ) ;
#9313 = CARTESIAN_POINT ( 'NONE',  ( 0.8107164786641704035, -5.798556463843725695, -0.1706127626411399756 ) ) ;
#9314 = CARTESIAN_POINT ( 'NONE',  ( -1.571836107868694210, 4.342500000000022453, -0.4999999999999998890 ) ) ;
#9315 = ORIENTED_EDGE ( 'NONE', *, *, #2732, .T. ) ;
#9316 = EDGE_LOOP ( 'NONE', ( #4814, #3698, #6815, #1433 ) ) ;
#9317 = DIRECTION ( 'NONE',  ( 0.000000000000000000, -1.000000000000000000, -1.836970198721029441E-16 ) ) ;
#9318 = ORIENTED_EDGE ( 'NONE', *, *, #5982, .F. ) ;
#9319 = DIRECTION ( 'NONE',  ( 0.9009688679024155933, -0.4338837391175652258, -7.970314984686172914E-17 ) ) ;
#9320 = CARTESIAN_POINT ( 'NONE',  ( 4.324534009489086398E-16, 3.531249999999996003, 2.500000000000000444 ) ) ;
#9321 = ORIENTED_EDGE ( 'NONE', *, *, #4311, .F. ) ;
#9322 = DIRECTION ( 'NONE',  ( 0.2225209339563118116, 0.9749279121818242855, 2.587945019047930958E-16 ) ) ;
#9323 = ORIENTED_EDGE ( 'NONE', *, *, #7548, .F. ) ;
#9324 = ADVANCED_FACE ( 'NONE', ( #4960 ), #2490, .F. ) ;
#9325 = CIRCLE ( 'NONE', #5594, 0.2041022026635770092 ) ;
#9326 = DIRECTION ( 'NONE',  ( 1.379535903339907382E-16, -5.518143613359629527E-16, 1.000000000000000000 ) ) ;
#9327 = ORIENTED_EDGE ( 'NONE', *, *, #2277, .F. ) ;
#9328 = CARTESIAN_POINT ( 'NONE',  ( -3.429523072411277962, 4.745407228990935700, -0.5000000000000002220 ) ) ;
#9329 = ADVANCED_FACE ( 'NONE', ( #8586 ), #1607, .F. ) ;
#9330 = CARTESIAN_POINT ( 'NONE',  ( -2.027458664084938800, 5.504209513076241400, 0.1691178122529123917 ) ) ;
#9331 = EDGE_CURVE ( 'NONE', #861, #7757, #9469, .T. ) ;
#9332 = ORIENTED_EDGE ( 'NONE', *, *, #9745, .T. ) ;
#9333 = CARTESIAN_POINT ( 'NONE',  ( 6.248743919641616351, 0.9087760334679914065, -1.000000000000000666 ) ) ;
#9334 = ADVANCED_FACE ( 'NONE', ( #533 ), #8533, .F. ) ;
#9335 = PLANE ( 'NONE',  #10524 ) ;
#9336 = ORIENTED_EDGE ( 'NONE', *, *, #10865, .F. ) ;
#9337 = FACE_OUTER_BOUND ( 'NONE', #6339, .T. ) ;
#9338 = DIRECTION ( 'NONE',  ( 0.000000000000000000, -1.000000000000000000, -1.380874408737758741E-16 ) ) ;
#9339 = ORIENTED_EDGE ( 'NONE', *, *, #3837, .F. ) ;
#9340 = PLANE ( 'NONE',  #6180 ) ;
#9341 = CARTESIAN_POINT ( 'NONE',  ( 2.277889630367151419, -4.730086556487714589, 0.000000000000000000 ) ) ;
#9342 = ORIENTED_EDGE ( 'NONE', *, *, #10960, .T. ) ;
#9343 = LINE ( 'NONE', #2250, #1358 ) ;
#9344 = CARTESIAN_POINT ( 'NONE',  ( 1.571836107868756383, 6.157500000000000639, 0.000000000000000000 ) ) ;
#9345 = ADVANCED_FACE ( 'NONE', ( #480 ), #7707, .F. ) ;
#9346 = VERTEX_POINT ( 'NONE', #1548 ) ;
#9347 = DIRECTION ( 'NONE',  ( -0.2225209339563054278, 0.9749279121818258398, 1.790913520579326732E-16 ) ) ;
#9348 = ORIENTED_EDGE ( 'NONE', *, *, #3885, .F. ) ;
#9349 = DESIGN_CONTEXT ( 'detailed design', #9052, 'design' ) ;
#9350 = CARTESIAN_POINT ( 'NONE',  ( 4.333038107473885070, -3.957163553160312208, -0.5000000000000016653 ) ) ;
#9351 = EDGE_CURVE ( 'NONE', #10311, #9904, #10149, .T. ) ;
#9352 = DIRECTION ( 'NONE',  ( -0.2225209339563182231, -0.9749279121818227312, -1.790913520579321555E-16 ) ) ;
#9353 = CIRCLE ( 'NONE', #3933, 1.571836107868756383 ) ;
#9354 = DIRECTION ( 'NONE',  ( -0.000000000000000000, -0.000000000000000000, -1.000000000000000000 ) ) ;
#9355 = EDGE_LOOP ( 'NONE', ( #8790, #4291, #11548, #10648, #5948, #6150 ) ) ;
#9356 = FACE_OUTER_BOUND ( 'NONE', #9355, .T. ) ;
#9357 = DIRECTION ( 'NONE',  ( 0.000000000000000000, -5.518143613359629527E-16, 1.000000000000000000 ) ) ;
#9358 = DIRECTION ( 'NONE',  ( -0.6234898018587320401, 0.7818314824680310249, 1.408596847381192990E-16 ) ) ;
#9359 = CALENDAR_DATE ( 2026, 18, 1 ) ;
#9360 = VERTEX_POINT ( 'NONE', #663 ) ;
#9361 = CARTESIAN_POINT ( 'NONE',  ( 1.761151572440916135, 4.342500000000001137, 0.5000000000000000000 ) ) ;
#9362 = ORIENTED_EDGE ( 'NONE', *, *, #1596, .T. ) ;
#9363 = AXIS2_PLACEMENT_3D ( 'NONE', #9557, #9503, #4238 ) ;
#9364 = AXIS2_PLACEMENT_3D ( 'NONE', #1368, #3191, #5063 ) ;
#9365 = DIRECTION ( 'NONE',  ( 0.000000000000000000, 0.000000000000000000, 1.000000000000000000 ) ) ;
#9366 = EDGE_CURVE ( 'NONE', #2520, #4107, #3609, .T. ) ;
#9367 = DIRECTION ( 'NONE',  ( 1.790913520579321555E-16, -2.245734522990357007E-16, 1.000000000000000000 ) ) ;
#9368 = ORIENTED_EDGE ( 'NONE', *, *, #609, .T. ) ;
#9369 = ORIENTED_EDGE ( 'NONE', *, *, #11437, .T. ) ;
#9370 = CIRCLE ( 'NONE', #5647, 7.375803125000000016 ) ;
#9371 = CARTESIAN_POINT ( 'NONE',  ( 0.000000000000000000, 4.592425496802613046E-17, 2.249999999999998224 ) ) ;
#9372 = AXIS2_PLACEMENT_3D ( 'NONE', #9729, #11621, #4467 ) ;
#9373 = ORIENTED_EDGE ( 'NONE', *, *, #5228, .T. ) ;
#9374 = CARTESIAN_POINT ( 'NONE',  ( 0.000000000000000000, 4.342500000000001137, -0.4999999999999997780 ) ) ;
#9375 = CIRCLE ( 'NONE', #3206, 1.571836107868756383 ) ;
#9376 = CARTESIAN_POINT ( 'NONE',  ( 5.052714406709934991, -2.958616847562873797, -0.3372648878341747980 ) ) ;
#9377 = SPHERICAL_SURFACE ( 'NONE', #7744, 2.043333333333333002 ) ;
#9378 = VERTEX_POINT ( 'NONE', #8814 ) ;
#9379 = DIRECTION ( 'NONE',  ( 0.000000000000000000, -1.000000000000000000, 0.000000000000000000 ) ) ;
#9380 = EDGE_LOOP ( 'NONE', ( #3088, #6597, #1274, #11173, #3798, #9975 ) ) ;
#9381 = VECTOR ( 'NONE', #10105, 1000.000000000000000 ) ;
#9382 = CIRCLE ( 'NONE', #9577, 1.815000000000000391 ) ;
#9383 = ADVANCED_FACE ( 'NONE', ( #10582 ), #11532, .F. ) ;
#9384 = CIRCLE ( 'NONE', #5668, 1.744770758581195791 ) ;
#9385 = LINE ( 'NONE', #3242, #1700 ) ;
#9386 = VERTEX_POINT ( 'NONE', #838 ) ;
#9387 = ADVANCED_FACE ( 'NONE', ( #6122 ), #8994, .F. ) ;
#9388 = DIRECTION ( 'NONE',  ( -0.7818314824680221431, 0.6234898018587431423, -6.916380135000388919E-17 ) ) ;
#9389 = CARTESIAN_POINT ( 'NONE',  ( -2.231807111763033369, 5.667990052715531135, 0.4669859836141827536 ) ) ;
#9390 = AXIS2_PLACEMENT_3D ( 'NONE', #9473, #9584, #3268 ) ;
#9391 = CARTESIAN_POINT ( 'NONE',  ( 2.276467454002263135, 5.889853171610676341, -1.000000000000000222 ) ) ;
#9392 = PLANE ( 'NONE',  #10732 ) ;
#9393 = CARTESIAN_POINT ( 'NONE',  ( 2.893757514501248185, 5.104951525190887018, -0.5000000000000000000 ) ) ;
#9394 = AXIS2_PLACEMENT_3D ( 'NONE', #10019, #1991, #5572 ) ;
#9395 = ORIENTED_EDGE ( 'NONE', *, *, #9930, .F. ) ;
#9396 = CARTESIAN_POINT ( 'NONE',  ( -5.006989134504452821, -3.427071513146500159, -0.08748657323257356955 ) ) ;
#9397 = AXIS2_PLACEMENT_3D ( 'NONE', #2820, #3659, #8213 ) ;
#9398 = CIRCLE ( 'NONE', #7919, 5.854956726839295023 ) ;
#9399 = CARTESIAN_POINT ( 'NONE',  ( 4.940813756373727550, -3.141476993070116297, -0.5000000000000016653 ) ) ;
#9400 = ORIENTED_EDGE ( 'NONE', *, *, #8488, .F. ) ;
#9401 = ADVANCED_FACE ( 'NONE', ( #3492 ), #1788, .F. ) ;
#9402 = DIRECTION ( 'NONE',  ( -7.970314984685944884E-17, 3.492023159033203447E-16, -1.000000000000000000 ) ) ;
#9403 = AXIS2_PLACEMENT_3D ( 'NONE', #6882, #5997, #9738 ) ;
#9404 = DIRECTION ( 'NONE',  ( -0.4338837391175525693, 0.9009688679024218105, 0.000000000000000000 ) ) ;
#9405 = EDGE_LOOP ( 'NONE', ( #1508, #10233, #10112 ) ) ;
#9406 = CARTESIAN_POINT ( 'NONE',  ( 5.814555160701776693, 0.6866342230890140064, 0.4999999999999992784 ) ) ;
#9407 = DIRECTION ( 'NONE',  ( 0.000000000000000000, -1.000000000000000000, -1.734723475976807094E-16 ) ) ;
#9408 = B_SPLINE_CURVE_WITH_KNOTS ( 'NONE', 3,
 ( #5097, #632, #1575, #736 ),
 .UNSPECIFIED., .F., .F.,
 ( 4, 4 ),
 ( 0.000000000000000000, 9.907528806474456633E-05 ),
 .UNSPECIFIED. ) ;
#9409 = AXIS2_PLACEMENT_3D ( 'NONE', #1213, #380, #326 ) ;
#9410 = VECTOR ( 'NONE', #10250, 1000.000000000000000 ) ;
#9411 = VERTEX_POINT ( 'NONE', #4546 ) ;
#9412 = PLANE ( 'NONE',  #9427 ) ;
#9413 = VECTOR ( 'NONE', #9521, 1000.000000000000000 ) ;
#9414 = ORIENTED_EDGE ( 'NONE', *, *, #9215, .T. ) ;
#9415 = TOROIDAL_SURFACE ( 'NONE', #10360, 7.375803125000000016, 0.06243749999999977790 ) ;
#9416 = ADVANCED_FACE ( 'NONE', ( #4484 ), #2779, .T. ) ;
#9417 = SPHERICAL_SURFACE ( 'NONE', #4934, 2.043333333333333002 ) ;
#9418 = EDGE_CURVE ( 'NONE', #8476, #1112, #4160, .T. ) ;
#9419 =( BOUNDED_CURVE ( )  B_SPLINE_CURVE ( 3, ( #8159, #2814, #10973, #4909 ),
 .UNSPECIFIED., .F., .F. ) 
 B_SPLINE_CURVE_WITH_KNOTS ( ( 4, 4 ),
 ( 4.712388980384690562, 6.283185307179586232 ),
 .UNSPECIFIED. ) 
 CURVE ( )  GEOMETRIC_REPRESENTATION_ITEM ( )  RATIONAL_B_SPLINE_CURVE ( ( 1.000000000000000000, 0.8047378541243652705, 0.8047378541243652705, 1.000000000000000000 ) ) 
 REPRESENTATION_ITEM ( '' )  );
#9420 = CARTESIAN_POINT ( 'NONE',  ( -5.389570639310297118, 2.287585320167340619, 0.000000000000000000 ) ) ;
#9421 = CIRCLE ( 'NONE', #614, 1.830752539561562919 ) ;
#9422 = EDGE_CURVE ( 'NONE', #2965, #4279, #11462, .T. ) ;
#9423 = DIRECTION ( 'NONE',  ( -2.368866679808411896E-16, 0.000000000000000000, 1.000000000000000000 ) ) ;
#9424 = ORIENTED_EDGE ( 'NONE', *, *, #10989, .F. ) ;
#9425 = CYLINDRICAL_SURFACE ( 'NONE', #8014, 5.854956726839295023 ) ;
#9427 = AXIS2_PLACEMENT_3D ( 'NONE', #3799, #1378, #3911 ) ;
#9426 = CARTESIAN_POINT ( 'NONE',  ( -2.671639123616407652, -5.547715804109125237, -2.150213260174687816E-15 ) ) ;
#9428 = FACE_OUTER_BOUND ( 'NONE', #5612, .T. ) ;
#9429 = DIRECTION ( 'NONE',  ( 1.000000000000000000, 0.000000000000000000, 0.000000000000000000 ) ) ;
#9430 = ORIENTED_EDGE ( 'NONE', *, *, #5370, .T. ) ;
#9431 = DIRECTION ( 'NONE',  ( -1.000000000000000000, 1.543210004228967591E-14, -1.436201133715629222E-16 ) ) ;
#9432 = AXIS2_PLACEMENT_3D ( 'NONE', #9553, #4001, #10385 ) ;
#9433 = EDGE_LOOP ( 'NONE', ( #6434, #11126, #3121, #8007 ) ) ;
#9434 = CIRCLE ( 'NONE', #7363, 1.815000000000000169 ) ;
#9435 = DIRECTION ( 'NONE',  ( -1.000000000000000000, 0.000000000000000000, 0.000000000000000000 ) ) ;
#9436 = AXIS2_PLACEMENT_3D ( 'NONE', #3737, #4450, #2689 ) ;
#9437 = EDGE_CURVE ( 'NONE', #1970, #9634, #11277, .T. ) ;
#9438 = LINE ( 'NONE', #502, #2320 ) ;
#9439 = ORIENTED_EDGE ( 'NONE', *, *, #8806, .F. ) ;
#9440 = ORIENTED_EDGE ( 'NONE', *, *, #9034, .T. ) ;
#9441 = AXIS2_PLACEMENT_3D ( 'NONE', #5922, #6729, #9429 ) ;
#9442 = CARTESIAN_POINT ( 'NONE',  ( -2.671639123616407652, -5.547715804109124349, -1.830752539561564252 ) ) ;
#9443 = CIRCLE ( 'NONE', #2330, 1.830752539561562253 ) ;
#9444 = EDGE_LOOP ( 'NONE', ( #10135, #1340 ) ) ;
#9445 = CARTESIAN_POINT ( 'NONE',  ( -5.472773158957417117, 2.080690323848490397, -0.1706127626411500786 ) ) ;
#9446 = DIRECTION ( 'NONE',  ( 1.436201133715656092E-16, -6.916380135000592297E-17, 1.000000000000000000 ) ) ;
#9447 = CARTESIAN_POINT ( 'NONE',  ( -4.915055493357633587, -3.201427883957365328, 0.000000000000000000 ) ) ;
#9448 = VERTEX_POINT ( 'NONE', #9926 ) ;
#9449 = FACE_OUTER_BOUND ( 'NONE', #2615, .T. ) ;
#9450 = ADVANCED_FACE ( 'NONE', ( #10635 ), #2666, .T. ) ;
#9451 = ORIENTED_EDGE ( 'NONE', *, *, #1262, .T. ) ;
#9452 = CARTESIAN_POINT ( 'NONE',  ( -6.122915247787733328, 1.943146773396606131, 0.3666893729391487722 ) ) ;
#9453 = VERTEX_POINT ( 'NONE', #10694 ) ;
#9454 = CARTESIAN_POINT ( 'NONE',  ( 4.233624458649566158, -0.9662971557053121607, -9.752102166085628058E-16 ) ) ;
#9455 = EDGE_LOOP ( 'NONE', ( #9177, #10127, #8033, #10457 ) ) ;
#9456 = DIRECTION ( 'NONE',  ( 0.6234898018587380353, -0.7818314824680262509, -2.233232632184251937E-16 ) ) ;
#9457 = DIRECTION ( 'NONE',  ( 0.2225209339563182231, 0.9749279121818227312, 3.547123868636652160E-17 ) ) ;
#9458 = PLANE ( 'NONE',  #10929 ) ;
#9459 = ORIENTED_EDGE ( 'NONE', *, *, #1751, .F. ) ;
#9460 = CARTESIAN_POINT ( 'NONE',  ( -5.822922039428680030, 1.789036932132483715, -1.701502775549881719 ) ) ;
#9461 = EDGE_CURVE ( 'NONE', #7757, #5802, #6592, .T. ) ;
#9462 = DIRECTION ( 'NONE',  ( 0.000000000000000000, -2.368866679808412882E-16, 1.000000000000000000 ) ) ;
#9463 = ORIENTED_EDGE ( 'NONE', *, *, #3938, .T. ) ;
#9464 = EDGE_CURVE ( 'NONE', #11344, #5939, #11585, .T. ) ;
#9465 = FACE_OUTER_BOUND ( 'NONE', #1056, .T. ) ;
#9466 = FACE_OUTER_BOUND ( 'NONE', #9201, .T. ) ;
#9467 = ORIENTED_EDGE ( 'NONE', *, *, #10459, .T. ) ;
#9468 = DIRECTION ( 'NONE',  ( 0.000000000000000000, 0.000000000000000000, -1.000000000000000000 ) ) ;
#9469 = LINE ( 'NONE', #6938, #5286 ) ;
#9470 = CARTESIAN_POINT ( 'NONE',  ( -5.955582891440475812, 2.407798482907698823, 0.000000000000000000 ) ) ;
#9471 = CARTESIAN_POINT ( 'NONE',  ( -3.300315535752680329, -3.230463181104143988, 0.4999999999999986122 ) ) ;
#9472 = ORIENTED_EDGE ( 'NONE', *, *, #10560, .F. ) ;
#9473 = CARTESIAN_POINT ( 'NONE',  ( 0.000000000000000000, 5.250000000000000000, 0.000000000000000000 ) ) ;
#9474 = ORIENTED_EDGE ( 'NONE', *, *, #5622, .F. ) ;
#9475 = EDGE_CURVE ( 'NONE', #288, #10735, #1531, .T. ) ;
#9476 = DIRECTION ( 'NONE',  ( 2.759071806679814764E-16, 0.000000000000000000, 1.000000000000000000 ) ) ;
#9477 = PLANE ( 'NONE',  #8081 ) ;
#9478 = DIRECTION ( 'NONE',  ( 0.2225209339563114785, 0.9749279121818242855, 2.587945019047930465E-16 ) ) ;
#9479 = CARTESIAN_POINT ( 'NONE',  ( -8.954567602896634891E-17, -1.122867261495166177E-16, 0.5000000000000000000 ) ) ;
#9480 = ORIENTED_EDGE ( 'NONE', *, *, #5268, .T. ) ;
#9481 = DIRECTION ( 'NONE',  ( 1.000000000000000000, 0.000000000000000000, -0.000000000000000000 ) ) ;
#9482 = DIRECTION ( 'NONE',  ( 0.4338837391175527358, -0.9009688679024216995, -3.492023159033203447E-16 ) ) ;
#9483 = ADVANCED_FACE ( 'NONE', ( #6246 ), #5374, .T. ) ;
#9484 = FACE_OUTER_BOUND ( 'NONE', #10505, .T. ) ;
#9485 = EDGE_CURVE ( 'NONE', #2987, #7196, #10238, .T. ) ;
#9486 = DATE_TIME_ROLE ( 'creation_date' ) ;
#9487 = ORIENTED_EDGE ( 'NONE', *, *, #8204, .T. ) ;
#9488 = CARTESIAN_POINT ( 'NONE',  ( -4.333038107473832667, -3.957163553160369496, -0.5000000000000016653 ) ) ;
#9489 = VERTEX_POINT ( 'NONE', #5426 ) ;
#9490 = EDGE_CURVE ( 'NONE', #2789, #10042, #5245, .T. ) ;
#9491 = CARTESIAN_POINT ( 'NONE',  ( -7.181005668578199110E-17, -3.458190067500194460E-17, 0.5000000000000000000 ) ) ;
#9492 = CARTESIAN_POINT ( 'NONE',  ( 1.785469052044889482, 5.576075549824572875, 0.1700533594734355836 ) ) ;
#9493 = VERTEX_POINT ( 'NONE', #6418 ) ;
#9494 = ORIENTED_EDGE ( 'NONE', *, *, #6249, .F. ) ;
#9495 = VERTEX_POINT ( 'NONE', #4779 ) ;
#9496 = CARTESIAN_POINT ( 'NONE',  ( 0.000000000000000000, 0.000000000000000000, 0.000000000000000000 ) ) ;
#9497 = CARTESIAN_POINT ( 'NONE',  ( 0.000000000000000000, -7.396615624999999028, 2.499999999999996891 ) ) ;
#9498 = CYLINDRICAL_SURFACE ( 'NONE', #10004, 0.7499999999999997780 ) ;
#9499 = ORIENTED_EDGE ( 'NONE', *, *, #8988, .F. ) ;
#9500 = CARTESIAN_POINT ( 'NONE',  ( 6.410499384205714080, 0.4146791002802941994, -4.814824860968089633E-32 ) ) ;
#9501 = EDGE_CURVE ( 'NONE', #66, #8938, #5548, .T. ) ;
#9502 = ORIENTED_EDGE ( 'NONE', *, *, #6661, .T. ) ;
#9503 = DIRECTION ( 'NONE',  ( -1.436201133715656092E-16, 6.916380135000592297E-17, -1.000000000000000000 ) ) ;
#9504 = ORIENTED_EDGE ( 'NONE', *, *, #4924, .T. ) ;
#9505 = EDGE_CURVE ( 'NONE', #1729, #1112, #10717, .T. ) ;
#9506 = CARTESIAN_POINT ( 'NONE',  ( 4.104615282957162492, 3.273321459758343543, -3.631099570875311634E-16 ) ) ;
#9507 = EDGE_LOOP ( 'NONE', ( #8546, #11429, #5361, #11361, #9160, #3877, #619, #10673 ) ) ;
#9508 = PLANE ( 'NONE',  #8634 ) ;
#9509 = DIRECTION ( 'NONE',  ( 0.7818314824680221431, -0.6234898018587431423, 0.000000000000000000 ) ) ;
#9510 = VERTEX_POINT ( 'NONE', #4825 ) ;
#9511 = CIRCLE ( 'NONE', #8194, 0.2041022026635758713 ) ;
#9512 = CARTESIAN_POINT ( 'NONE',  ( 3.049144896133672678, 4.998537569213191034, 0.3369669046202831142 ) ) ;
#9513 = DIRECTION ( 'NONE',  ( -0.000000000000000000, -0.000000000000000000, -1.000000000000000000 ) ) ;
#9514 = ORIENTED_EDGE ( 'NONE', *, *, #4275, .T. ) ;
#9515 = LINE ( 'NONE', #7758, #7003 ) ;
#9516 = EDGE_CURVE ( 'NONE', #151, #5634, #7792, .T. ) ;
#9517 = DIRECTION ( 'NONE',  ( 0.000000000000000000, -5.518143613359629527E-16, 1.000000000000000000 ) ) ;
#9518 = ORIENTED_EDGE ( 'NONE', *, *, #6405, .F. ) ;
#9519 = CARTESIAN_POINT ( 'NONE',  ( -5.795440118211026004, 0.9204544874741854565, -1.000000000000000666 ) ) ;
#9520 = DIRECTION ( 'NONE',  ( 0.9009688679024218105, 0.4338837391175526248, 7.970314984685944884E-17 ) ) ;
#9521 = DIRECTION ( 'NONE',  ( -0.2225209339563050392, 0.9749279121818257288, 0.000000000000000000 ) ) ;
#9522 = DIRECTION ( 'NONE',  ( -0.9749279121818257288, -0.2225209339563050392, -2.245734522990332355E-16 ) ) ;
#9523 = ORIENTED_EDGE ( 'NONE', *, *, #1414, .T. ) ;
#9524 = CARTESIAN_POINT ( 'NONE',  ( 0.000000000000000000, 9.184850993605153861E-16, -2.500000000000002665 ) ) ;
#9525 = VERTEX_POINT ( 'NONE', #130 ) ;
#9526 = DIRECTION ( 'NONE',  ( -0.2225209339563050392, 0.9749279121818257288, 1.790913520579326978E-16 ) ) ;
#9527 = EDGE_CURVE ( 'NONE', #2007, #8913, #8400, .T. ) ;
#9528 = EDGE_CURVE ( 'NONE', #9037, #7030, #5661, .T. ) ;
#9529 = CYLINDRICAL_SURFACE ( 'NONE', #9760, 8.000000000000000000 ) ;
#9530 = DIRECTION ( 'NONE',  ( 1.000000000000000000, -8.489674433817979248E-16, 0.000000000000000000 ) ) ;
#9531 = DIRECTION ( 'NONE',  ( 1.790913520579326978E-16, 2.245734522990332355E-16, -1.000000000000000000 ) ) ;
#9532 = ORIENTED_EDGE ( 'NONE', *, *, #9533, .F. ) ;
#9533 = EDGE_CURVE ( 'NONE', #1176, #1134, #10523, .T. ) ;
#9534 = CARTESIAN_POINT ( 'NONE',  ( -7.181005668578280462E-17, 3.458190067500296149E-17, -0.5000000000000000000 ) ) ;
#9535 = CARTESIAN_POINT ( 'NONE',  ( -2.532483180689815594, 4.030041786577098328, 0.4999999999999998890 ) ) ;
#9536 = CARTESIAN_POINT ( 'NONE',  ( 0.000000000000000000, 2.554917478527521268, -2.304917478527523933 ) ) ;
#9537 = DATE_AND_TIME ( #4977, #9824 ) ;
#9538 = VERTEX_POINT ( 'NONE', #11102 ) ;
#9539 = B_SPLINE_CURVE_WITH_KNOTS ( 'NONE', 3,
 ( #5055, #3305, #9682, #829 ),
 .UNSPECIFIED., .F., .F.,
 ( 4, 4 ),
 ( 0.0005048269569635773857, 0.001006091645346890483 ),
 .UNSPECIFIED. ) ;
#9540 = ORIENTED_EDGE ( 'NONE', *, *, #447, .F. ) ;
#9541 = DIRECTION ( 'NONE',  ( -1.436201133715639822E-16, -6.916380135000388919E-17, 1.000000000000000000 ) ) ;
#9542 = VECTOR ( 'NONE', #9004, 1000.000000000000000 ) ;
#9543 = DIRECTION ( 'NONE',  ( -7.970314984685941186E-17, 3.492023159033203447E-16, -1.000000000000000000 ) ) ;
#9544 = EDGE_CURVE ( 'NONE', #6646, #3112, #584, .T. ) ;
#9545 = EDGE_CURVE ( 'NONE', #1958, #1046, #1719, .T. ) ;
#9546 = VERTEX_POINT ( 'NONE', #8352 ) ;
#9547 = VERTEX_POINT ( 'NONE', #10934 ) ;
#9548 = EDGE_CURVE ( 'NONE', #762, #4936, #177, .T. ) ;
#9549 = ORIENTED_EDGE ( 'NONE', *, *, #5942, .F. ) ;
#9550 = DIRECTION ( 'NONE',  ( 0.000000000000000000, 0.000000000000000000, 1.000000000000000000 ) ) ;
#9551 = DIRECTION ( 'NONE',  ( 0.6234898018587429203, 0.7818314824680223651, 1.436201133715639576E-16 ) ) ;
#9552 = CIRCLE ( 'NONE', #7294, 5.854956726839295023 ) ;
#9553 = CARTESIAN_POINT ( 'NONE',  ( -8.954567602896634891E-17, -1.122867261495166177E-16, 0.5000000000000000000 ) ) ;
#9554 = ORIENTED_EDGE ( 'NONE', *, *, #11284, .F. ) ;
#9555 = DIRECTION ( 'NONE',  ( 0.000000000000000000, -1.000000000000000000, -1.866966969661137892E-16 ) ) ;
#9556 = VERTEX_POINT ( 'NONE', #350 ) ;
#9557 = CARTESIAN_POINT ( 'NONE',  ( -7.181005668578280462E-17, 3.458190067500296149E-17, -0.5000000000000000000 ) ) ;
#9558 = ADVANCED_FACE ( 'NONE', ( #1113 ), #298, .F. ) ;
#9559 = AXIS2_PLACEMENT_3D ( 'NONE', #4288, #2529, #645 ) ;
#9560 = EDGE_CURVE ( 'NONE', #5519, #5941, #3942, .T. ) ;
#9561 = ORIENTED_EDGE ( 'NONE', *, *, #7405, .F. ) ;
#9562 = DIRECTION ( 'NONE',  ( 0.4338837391175652813, 0.9009688679024157043, 0.000000000000000000 ) ) ;
#9563 = CIRCLE ( 'NONE', #4515, 6.968749999999999112 ) ;
#9564 = EDGE_LOOP ( 'NONE', ( #3656, #2272, #7333, #8247, #10833, #5606 ) ) ;
#9565 = ADVANCED_FACE ( 'NONE', ( #5487 ), #2900, .F. ) ;
#9566 = CARTESIAN_POINT ( 'NONE',  ( 1.884140137117972680, -3.912457308866267969, -1.516411056810168482E-15 ) ) ;
#9567 = CARTESIAN_POINT ( 'NONE',  ( 5.472773158957446427, 2.080690323848413126, -0.1706127626411395315 ) ) ;
#9568 = ORIENTED_EDGE ( 'NONE', *, *, #2998, .F. ) ;
#9569 = CARTESIAN_POINT ( 'NONE',  ( -4.991903745421760519, -3.420279681987457021, 0.4791684957233302011 ) ) ;
#9570 = VECTOR ( 'NONE', #6990, 1000.000000000000114 ) ;
#9571 = ORIENTED_EDGE ( 'NONE', *, *, #1596, .F. ) ;
#9572 = CIRCLE ( 'NONE', #2264, 1.571836107868756383 ) ;
#9573 = CARTESIAN_POINT ( 'NONE',  ( 0.6244413753512102483, -5.821562611697154388, 0.4999999999999979461 ) ) ;
#9574 = ADVANCED_FACE ( 'NONE', ( #7404 ), #6476, .T. ) ;
#9575 = ORIENTED_EDGE ( 'NONE', *, *, #9775, .T. ) ;
#9576 = AXIS2_PLACEMENT_3D ( 'NONE', #8641, #1371, #4253 ) ;
#9577 = AXIS2_PLACEMENT_3D ( 'NONE', #7772, #3324, #5854 ) ;
#9578 = CARTESIAN_POINT ( 'NONE',  ( 4.333038107473885070, -3.957163553160312208, -0.5000000000000016653 ) ) ;
#9579 = DIRECTION ( 'NONE',  ( 0.000000000000000000, 0.000000000000000000, 1.000000000000000000 ) ) ;
#9580 = AXIS2_PLACEMENT_3D ( 'NONE', #8389, #5637, #7566 ) ;
#9581 = CARTESIAN_POINT ( 'NONE',  ( -5.589651465188763879, 1.822073486975131829, 0.000000000000000000 ) ) ;
#9582 = DIRECTION ( 'NONE',  ( -0.4338837391175651703, -0.9009688679024157043, -3.492023159033191614E-16 ) ) ;
#9583 = AXIS2_PLACEMENT_3D ( 'NONE', #7164, #9156, #9977 ) ;
#9584 = DIRECTION ( 'NONE',  ( 1.000000000000000000, 0.000000000000000000, 1.224646799147353207E-16 ) ) ;
#9585 = EDGE_CURVE ( 'NONE', #8866, #11032, #8091, .T. ) ;
#9586 = ORIENTED_EDGE ( 'NONE', *, *, #5938, .T. ) ;
#9587 = AXIS2_PLACEMENT_3D ( 'NONE', #4185, #469, #1357 ) ;
#9588 = AXIS2_PLACEMENT_3D ( 'NONE', #8057, #15, #7950 ) ;
#9589 = CIRCLE ( 'NONE', #4547, 5.854956726839295023 ) ;
#9590 = CARTESIAN_POINT ( 'NONE',  ( -0.5838616507317895277, -5.854956726839297687, -1.000000000000001998 ) ) ;
#9591 = AXIS2_PLACEMENT_3D ( 'NONE', #8378, #4041, #2212 ) ;
#9592 = CARTESIAN_POINT ( 'NONE',  ( 0.000000000000000000, 0.000000000000000000, 2.500000000000000000 ) ) ;
#9593 = CARTESIAN_POINT ( 'NONE',  ( 1.539372233278466329E-16, 4.342500000000001137, 0.5000000000000002220 ) ) ;
#9594 = CARTESIAN_POINT ( 'NONE',  ( -4.814127353296846934, 3.839138454945211443, 1.571836107868755938 ) ) ;
#9595 = VERTEX_POINT ( 'NONE', #248 ) ;
#9596 = CIRCLE ( 'NONE', #217, 6.968749999999999112 ) ;
#9597 = AXIS2_PLACEMENT_3D ( 'NONE', #3220, #6800, #4983 ) ;
#9598 = DIRECTION ( 'NONE',  ( 0.000000000000000000, -2.368866679808411896E-16, 1.000000000000000000 ) ) ;
#9599 = LINE ( 'NONE', #9768, #2309 ) ;
#9600 = CARTESIAN_POINT ( 'NONE',  ( -3.883858019900379599, -2.498724050641747851, 0.4999999999999988343 ) ) ;
#9601 = ORIENTED_EDGE ( 'NONE', *, *, #508, .F. ) ;
#9602 = DIRECTION ( 'NONE',  ( 0.000000000000000000, 0.000000000000000000, 1.000000000000000000 ) ) ;
#9603 = ADVANCED_FACE ( 'NONE', ( #3003 ), #5769, .T. ) ;
#9604 = AXIS2_PLACEMENT_3D ( 'NONE', #11453, #11350, #11399 ) ;
#9605 = VERTEX_POINT ( 'NONE', #6581 ) ;
#9606 = CARTESIAN_POINT ( 'NONE',  ( 5.841978699308550738, 0.8235620007831594425, 0.4999999999999991673 ) ) ;
#9607 = AXIS2_PLACEMENT_3D ( 'NONE', #8191, #10065, #10890 ) ;
#9608 = CARTESIAN_POINT ( 'NONE',  ( 0.5325758359744910964, -5.854956726839291470, 0.000000000000000000 ) ) ;
#9609 = ORIENTED_EDGE ( 'NONE', *, *, #6359, .F. ) ;
#9610 = ORIENTED_EDGE ( 'NONE', *, *, #3086, .F. ) ;
#9611 = CARTESIAN_POINT ( 'NONE',  ( 2.223722781596709552, 5.627828813119742257, 0.4791688938532065456 ) ) ;
#9612 = CARTESIAN_POINT ( 'NONE',  ( 5.743998588358632418, 1.762666688157584094, 0.4884072837075403850 ) ) ;
#9613 = FACE_OUTER_BOUND ( 'NONE', #4229, .T. ) ;
#9614 = CIRCLE ( 'NONE', #10553, 0.9074999999999994182 ) ;
#9615 = VECTOR ( 'NONE', #2143, 1000.000000000000000 ) ;
#9616 = CARTESIAN_POINT ( 'NONE',  ( 1.571836107868756605, 4.342500000000001137, -0.4999999999999997780 ) ) ;
#9617 = ORIENTED_EDGE ( 'NONE', *, *, #6469, .F. ) ;
#9618 = DIRECTION ( 'NONE',  ( 0.000000000000000000, -5.518143613359629527E-16, 1.000000000000000000 ) ) ;
#9619 = CIRCLE ( 'NONE', #7559, 1.571836107868756383 ) ;
#9620 = ORIENTED_EDGE ( 'NONE', *, *, #4239, .T. ) ;
#9621 = VECTOR ( 'NONE', #1806, 1000.000000000000114 ) ;
#9622 = CARTESIAN_POINT ( 'NONE',  ( 5.848381429644155638, 0.2774039050808435047, -0.5000000000000008882 ) ) ;
#9623 = EDGE_CURVE ( 'NONE', #6732, #4790, #3128, .T. ) ;
#9624 = AXIS2_PLACEMENT_3D ( 'NONE', #10623, #10682, #2538 ) ;
#9625 = VERTEX_POINT ( 'NONE', #4013 ) ;
#9626 = VECTOR ( 'NONE', #1273, 1000.000000000000000 ) ;
#9627 = DIRECTION ( 'NONE',  ( -0.000000000000000000, -1.836970198721029688E-16, 1.000000000000000000 ) ) ;
#9628 = ORIENTED_EDGE ( 'NONE', *, *, #6286, .F. ) ;
#9629 = CARTESIAN_POINT ( 'NONE',  ( 3.969751236990439747, -4.303672082021770429, -0.5000000000000016653 ) ) ;
#9630 = VERTEX_POINT ( 'NONE', #9328 ) ;
#9631 = DIRECTION ( 'NONE',  ( 0.8894955886004743961, -0.4569437578743095196, 5.668353039969681061E-17 ) ) ;
#9632 = DIRECTION ( 'NONE',  ( 0.000000000000000000, 1.836970198721029688E-16, -1.000000000000000000 ) ) ;
#9633 = CARTESIAN_POINT ( 'NONE',  ( -6.053386115997634320, 0.9138090314648864565, -0.3964466094067271018 ) ) ;
#9634 = VERTEX_POINT ( 'NONE', #2233 ) ;
#9635 = FACE_OUTER_BOUND ( 'NONE', #7440, .T. ) ;
#9636 = EDGE_CURVE ( 'NONE', #8266, #7221, #4244, .T. ) ;
#9637 = VECTOR ( 'NONE', #4511, 1000.000000000000000 ) ;
#9638 = EDGE_CURVE ( 'NONE', #2960, #4917, #5850, .T. ) ;
#9639 = ORIENTED_EDGE ( 'NONE', *, *, #10113, .T. ) ;
#9640 = EDGE_CURVE ( 'NONE', #9730, #2040, #3034, .T. ) ;
#9641 = DIRECTION ( 'NONE',  ( 0.000000000000000000, -2.368866679808411896E-16, 1.000000000000000000 ) ) ;
#9642 = ORIENTED_EDGE ( 'NONE', *, *, #1996, .F. ) ;
#9643 = CARTESIAN_POINT ( 'NONE',  ( 5.729658811953131980, 1.970584941025454562, 0.4999999999999993339 ) ) ;
#9644 = DIRECTION ( 'NONE',  ( 0.000000000000000000, -1.000000000000000000, -1.866966969661137892E-16 ) ) ;
#9645 = LINE ( 'NONE', #5956, #3406 ) ;
#9646 = CARTESIAN_POINT ( 'NONE',  ( -3.039904091628592653, 5.278831057677258798, -1.885160653978395162 ) ) ;
#9647 = EDGE_CURVE ( 'NONE', #8103, #7795, #4597, .T. ) ;
#9648 = B_SPLINE_CURVE_WITH_KNOTS ( 'NONE', 3,
 ( #110, #4686, #10022, #10902 ),
 .UNSPECIFIED., .F., .F.,
 ( 4, 4 ),
 ( 2.062467659351932234E-07, 0.0005045763673072094571 ),
 .UNSPECIFIED. ) ;
#9649 = ORIENTED_EDGE ( 'NONE', *, *, #7684, .F. ) ;
#9650 = CARTESIAN_POINT ( 'NONE',  ( 0.000000000000000000, 8.673617379884035472E-16, -8.673617379884035472E-16 ) ) ;
#9651 = DIRECTION ( 'NONE',  ( 0.000000000000000000, -1.000000000000000000, -1.626303258728256651E-16 ) ) ;
#9652 = SPHERICAL_SURFACE ( 'NONE', #2809, 1.815000000000000169 ) ;
#9653 = EDGE_CURVE ( 'NONE', #2048, #9489, #8457, .T. ) ;
#9654 = CARTESIAN_POINT ( 'NONE',  ( 3.470882875544635482, -3.148322279462846041, 0.4999999999999987232 ) ) ;
#9655 = ORIENTED_EDGE ( 'NONE', *, *, #7465, .T. ) ;
#9656 = DIRECTION ( 'NONE',  ( 1.000000000000000000, 0.000000000000000000, -0.000000000000000000 ) ) ;
#9657 = DIRECTION ( 'NONE',  ( 1.000000000000000000, -1.224646799147353207E-16, -2.249639673992786412E-32 ) ) ;
#9658 = CARTESIAN_POINT ( 'NONE',  ( 5.606667337272519980, 1.747522080284408919, -0.5000000000000006661 ) ) ;
#9659 = DIRECTION ( 'NONE',  ( -7.970314984686170449E-17, -3.492023159033191614E-16, 1.000000000000000000 ) ) ;
#9660 = ORIENTED_EDGE ( 'NONE', *, *, #7713, .T. ) ;
#9661 = CARTESIAN_POINT ( 'NONE',  ( -6.309435231926608267, 2.038964159748318128, -1.000000000000000666 ) ) ;
#9662 = VERTEX_POINT ( 'NONE', #5992 ) ;
#9663 = LINE ( 'NONE', #4502, #5114 ) ;
#9664 = DIRECTION ( 'NONE',  ( 1.790913520579326978E-16, 2.245734522990332355E-16, -1.000000000000000000 ) ) ;
#9665 = ORIENTED_EDGE ( 'NONE', *, *, #8204, .F. ) ;
#9666 = EDGE_CURVE ( 'NONE', #6829, #8201, #3967, .T. ) ;
#9667 = VERTEX_POINT ( 'NONE', #5054 ) ;
#9668 = EDGE_LOOP ( 'NONE', ( #7715, #6865, #3747, #7833 ) ) ;
#9669 = CARTESIAN_POINT ( 'NONE',  ( -0.8107164786652649724, -5.798556463843506315, 1.027403880348036144E-17 ) ) ;
#9670 = LINE ( 'NONE', #2524, #1140 ) ;
#9671 = CARTESIAN_POINT ( 'NONE',  ( 0.000000000000000000, 0.000000000000000000, 0.000000000000000000 ) ) ;
#9672 = EDGE_LOOP ( 'NONE', ( #10359, #1234, #6155, #9011 ) ) ;
#9673 = DIRECTION ( 'NONE',  ( 0.4338837391175593972, 0.9009688679024184799, 0.000000000000000000 ) ) ;
#9674 = ORIENTED_EDGE ( 'NONE', *, *, #899, .F. ) ;
#9675 = DIRECTION ( 'NONE',  ( 1.224646799147353207E-16, 1.000000000000000000, 0.000000000000000000 ) ) ;
#9676 = ORIENTED_EDGE ( 'NONE', *, *, #7672, .F. ) ;
#9677 = DIRECTION ( 'NONE',  ( 1.000000000000000000, -3.608111634372641674E-15, 0.000000000000000000 ) ) ;
#9678 = ORIENTED_EDGE ( 'NONE', *, *, #11075, .F. ) ;
#9679 = DIRECTION ( 'NONE',  ( 1.379535903339907382E-16, -5.518143613359629527E-16, 1.000000000000000000 ) ) ;
#9680 = VERTEX_POINT ( 'NONE', #11163 ) ;
#9681 = DIRECTION ( 'NONE',  ( -1.379535903339907382E-16, -5.518143613359629527E-16, 1.000000000000000000 ) ) ;
#9682 = CARTESIAN_POINT ( 'NONE',  ( 2.006907861991192199, 5.500453046005468138, -0.3369498210078140099 ) ) ;
#9683 = EDGE_CURVE ( 'NONE', #3291, #7957, #5567, .T. ) ;
#9684 = DIRECTION ( 'NONE',  ( -0.000000000000000000, -0.000000000000000000, -1.000000000000000000 ) ) ;
#9685 = EDGE_LOOP ( 'NONE', ( #9620, #3296, #1142, #3348 ) ) ;
#9686 = CARTESIAN_POINT ( 'NONE',  ( -4.245533895084451004, -4.066890364875067831, 0.000000000000000000 ) ) ;
#9687 = EDGE_LOOP ( 'NONE', ( #1862, #4365, #7185, #8501 ) ) ;
#9688 = DIRECTION ( 'NONE',  ( 0.000000000000000000, 0.000000000000000000, 1.000000000000000000 ) ) ;
#9689 = EDGE_CURVE ( 'NONE', #11570, #3522, #8594, .T. ) ;
#9690 = ORIENTED_EDGE ( 'NONE', *, *, #4625, .F. ) ;
#9691 = EDGE_CURVE ( 'NONE', #11452, #5847, #8627, .T. ) ;
#9692 = CARTESIAN_POINT ( 'NONE',  ( -4.104615282957117195, 3.273321459758401719, 0.4999999999999996669 ) ) ;
#9693 = AXIS2_PLACEMENT_3D ( 'NONE', #916, #2802, #153 ) ;
#9694 = CARTESIAN_POINT ( 'NONE',  ( 3.300315535752635476, -3.230463181104189285, 0.4999999999999987232 ) ) ;
#9695 = CARTESIAN_POINT ( 'NONE',  ( 6.003118619259574018, -1.370172650836029682, -1.382811032531312544E-15 ) ) ;
#9696 = ADVANCED_FACE ( 'NONE', ( #10450 ), #4875, .T. ) ;
#9697 = SPHERICAL_SURFACE ( 'NONE', #3029, 1.815000000000000169 ) ;
#9698 = DIRECTION ( 'NONE',  ( 1.000000000000000000, 3.342377459625948935E-16, -0.000000000000000000 ) ) ;
#9699 = ORIENTED_EDGE ( 'NONE', *, *, #2429, .T. ) ;
#9700 = AXIS2_PLACEMENT_3D ( 'NONE', #6790, #7827, #5965 ) ;
#9701 = CARTESIAN_POINT ( 'NONE',  ( -0.4484599904915964053, -6.075027395718190171, -1.474250475543824157 ) ) ;
#9702 = CARTESIAN_POINT ( 'NONE',  ( 2.231807111763035145, 5.667990052715531135, -0.1313876030881694079 ) ) ;
#9703 = CARTESIAN_POINT ( 'NONE',  ( -4.814127353296846934, 3.839138454945211443, -1.830752539561562475 ) ) ;
#9704 = CARTESIAN_POINT ( 'NONE',  ( 9.797174393178825657E-16, -8.000000000000000000, 2.249999999999996891 ) ) ;
#9705 = EDGE_LOOP ( 'NONE', ( #2470, #5537, #9981, #1418, #9395, #9852, #2282, #5352 ) ) ;
#9706 = CARTESIAN_POINT ( 'NONE',  ( -3.985157492343085224E-17, -1.746011579516595807E-16, 0.5000000000000000000 ) ) ;
#9707 = EDGE_CURVE ( 'NONE', #9805, #3700, #4543, .T. ) ;
#9708 = CARTESIAN_POINT ( 'NONE',  ( 0.000000000000000000, 0.000000000000000000, -0.5000000000000000000 ) ) ;
#9709 = DIRECTION ( 'NONE',  ( 0.4338837391175526248, -0.9009688679024218105, -3.492023159033202461E-16 ) ) ;
#9710 = ORIENTED_EDGE ( 'NONE', *, *, #6543, .T. ) ;
#9711 = DIRECTION ( 'NONE',  ( -1.790913520579326978E-16, -2.245734522990332355E-16, 1.000000000000000000 ) ) ;
#9712 = ORIENTED_EDGE ( 'NONE', *, *, #7385, .T. ) ;
#9713 = DIRECTION ( 'NONE',  ( 0.9009688679024218105, 0.4338837391175526248, 7.407072148051852464E-17 ) ) ;
#9714 = CARTESIAN_POINT ( 'NONE',  ( -6.003118619259592670, -1.370172650835948414, -1.382811032531297162E-15 ) ) ;
#9715 = ORIENTED_EDGE ( 'NONE', *, *, #3760, .T. ) ;
#9716 = ORIENTED_EDGE ( 'NONE', *, *, #1658, .F. ) ;
#9717 = CARTESIAN_POINT ( 'NONE',  ( 1.571836107868757049, 4.342500000000001137, 0.5000000000000000000 ) ) ;
#9718 = CARTESIAN_POINT ( 'NONE',  ( 3.066411687484031479, 5.021805657651174037, -1.000000000000000000 ) ) ;
#9719 = DIRECTION ( 'NONE',  ( -1.000000000000000000, 0.000000000000000000, 0.000000000000000000 ) ) ;
#9720 = FACE_OUTER_BOUND ( 'NONE', #10281, .T. ) ;
#9721 = ORIENTED_EDGE ( 'NONE', *, *, #11550, .F. ) ;
#9722 = CARTESIAN_POINT ( 'NONE',  ( 6.053386115997620998, 0.9138090314649700563, -0.3964466094067266577 ) ) ;
#9723 = ORIENTED_EDGE ( 'NONE', *, *, #4227, .T. ) ;
#9724 = CIRCLE ( 'NONE', #3770, 1.744770758581195569 ) ;
#9725 = ADVANCED_FACE ( 'NONE', ( #1287 ), #582, .F. ) ;
#9726 = DIRECTION ( 'NONE',  ( 1.436201133715656092E-16, -6.916380135000592297E-17, 1.000000000000000000 ) ) ;
#9727 = DIRECTION ( 'NONE',  ( 0.000000000000000000, -1.000000000000000000, 0.000000000000000000 ) ) ;
#9728 = EDGE_LOOP ( 'NONE', ( #5032, #7439, #11160, #6823 ) ) ;
#9729 = CARTESIAN_POINT ( 'NONE',  ( 0.000000000000000000, 6.157500000000000639, 0.000000000000000000 ) ) ;
#9730 = VERTEX_POINT ( 'NONE', #3178 ) ;
#9731 = CARTESIAN_POINT ( 'NONE',  ( 0.000000000000000000, 4.342500000000001137, 1.571836107868756383 ) ) ;
#9732 = CIRCLE ( 'NONE', #11238, 1.744770758581195569 ) ;
#9733 = ORIENTED_EDGE ( 'NONE', *, *, #907, .F. ) ;
#9734 = CARTESIAN_POINT ( 'NONE',  ( 4.324534009489088370E-16, 3.531249999999998668, -2.109375000000002665 ) ) ;
#9735 = CARTESIAN_POINT ( 'NONE',  ( 4.814127353296902001, 3.839138454945143053, 0.000000000000000000 ) ) ;
#9736 = CARTESIAN_POINT ( 'NONE',  ( -2.277889630367217144, -4.730086556487682614, -1.833312158492425881E-15 ) ) ;
#9737 = ORIENTED_EDGE ( 'NONE', *, *, #5184, .T. ) ;
#9738 = DIRECTION ( 'NONE',  ( 0.000000000000000000, -1.000000000000000000, -1.836970198721029688E-16 ) ) ;
#9739 = ORIENTED_EDGE ( 'NONE', *, *, #4478, .T. ) ;
#9740 = EDGE_CURVE ( 'NONE', #655, #1327, #10329, .T. ) ;
#9741 = ADVANCED_FACE ( 'NONE', ( #8104 ), #8872, .F. ) ;
#9742 = VERTEX_POINT ( 'NONE', #7163 ) ;
#9743 = CIRCLE ( 'NONE', #4695, 1.981214554537471306 ) ;
#9744 = AXIS2_PLACEMENT_3D ( 'NONE', #4430, #2598, #9641 ) ;
#9745 = EDGE_CURVE ( 'NONE', #11323, #2512, #9807, .T. ) ;
#9746 = FACE_OUTER_BOUND ( 'NONE', #9789, .T. ) ;
#9747 = ORIENTED_EDGE ( 'NONE', *, *, #10928, .F. ) ;
#9748 = DIRECTION ( 'NONE',  ( 1.436201133715639822E-16, 6.916380135000388919E-17, -1.000000000000000000 ) ) ;
#9749 = CARTESIAN_POINT ( 'NONE',  ( -4.375126996066896368, 1.478593510159793123, 0.4999999999999995559 ) ) ;
#9750 = FACE_OUTER_BOUND ( 'NONE', #11305, .T. ) ;
#9751 = AXIS2_PLACEMENT_3D ( 'NONE', #9268, #8596, #1225 ) ;
#9752 = AXIS2_PLACEMENT_3D ( 'NONE', #5766, #6822, #10216 ) ;
#9753 = CARTESIAN_POINT ( 'NONE',  ( 0.4535054166674356568, -6.094773972782286720, -0.1680249406405559254 ) ) ;
#9754 = CIRCLE ( 'NONE', #557, 5.854956726839295023 ) ;
#9755 = AXIS2_PLACEMENT_3D ( 'NONE', #81, #1058, #7234 ) ;
#9756 = ORIENTED_EDGE ( 'NONE', *, *, #6838, .T. ) ;
#9757 = CARTESIAN_POINT ( 'NONE',  ( -5.029257905441428811, -3.437097488049059457, -1.979745477316909197 ) ) ;
#9758 = CIRCLE ( 'NONE', #9576, 5.854956726839295023 ) ;
#9759 = ADVANCED_FACE ( 'NONE', ( #10750 ), #4423, .F. ) ;
#9760 = AXIS2_PLACEMENT_3D ( 'NONE', #9592, #7646, #9651 ) ;
#9761 = CARTESIAN_POINT ( 'NONE',  ( 5.118371538954569644, -1.168234903270670699, 0.000000000000000000 ) ) ;
#9762 = DIRECTION ( 'NONE',  ( -0.6234898018587430313, -0.7818314824680221431, -1.436201133715639822E-16 ) ) ;
#9763 = VECTOR ( 'NONE', #6691, 1000.000000000000000 ) ;
#9764 = CARTESIAN_POINT ( 'NONE',  ( -7.970314984686170449E-17, 3.492023159033191614E-16, -1.000000000000000000 ) ) ;
#9765 = ORIENTED_EDGE ( 'NONE', *, *, #5904, .F. ) ;
#9766 = CARTESIAN_POINT ( 'NONE',  ( 2.989058827863674050, 5.124256297263896087, 0.4987512509457360799 ) ) ;
#9767 = CARTESIAN_POINT ( 'NONE',  ( -3.395103212617387012, 2.707504464571592440, -3.003438073623919616E-16 ) ) ;
#9768 = CARTESIAN_POINT ( 'NONE',  ( 5.708160737612343105, 1.302850439130150750, 0.000000000000000000 ) ) ;
#9769 = CARTESIAN_POINT ( 'NONE',  ( 0.000000000000000000, 0.000000000000000000, 2.479187499999998323 ) ) ;
#9770 = VECTOR ( 'NONE', #3776, 1000.000000000000114 ) ;
#9771 = AXIS2_PLACEMENT_3D ( 'NONE', #7461, #1292, #8226 ) ;
#9772 = ORIENTED_EDGE ( 'NONE', *, *, #5252, .F. ) ;
#9773 = EDGE_CURVE ( 'NONE', #1569, #2947, #701, .T. ) ;
#9774 = ORIENTED_EDGE ( 'NONE', *, *, #11345, .F. ) ;
#9775 = EDGE_CURVE ( 'NONE', #104, #10570, #3413, .T. ) ;
#9776 = CIRCLE ( 'NONE', #9394, 1.571836107868756383 ) ;
#9777 = CYLINDRICAL_SURFACE ( 'NONE', #9989, 5.854956726839295023 ) ;
#9778 = EDGE_CURVE ( 'NONE', #4020, #4284, #2045, .T. ) ;
#9779 = CARTESIAN_POINT ( 'NONE',  ( 0.000000000000000000, -3.140624999999996003, 2.499999999999999556 ) ) ;
#9780 = VECTOR ( 'NONE', #7734, 1000.000000000000000 ) ;
#9781 = ORIENTED_EDGE ( 'NONE', *, *, #9196, .F. ) ;
#9782 = AXIS2_PLACEMENT_3D ( 'NONE', #3524, #11617, #8973 ) ;
#9783 = AXIS2_PLACEMENT_3D ( 'NONE', #393, #5756, #9317 ) ;
#9784 = ORIENTED_EDGE ( 'NONE', *, *, #4252, .T. ) ;
#9785 = DIRECTION ( 'NONE',  ( -0.02575442831653868350, -0.9996682996984991298, -6.544200578160207173E-17 ) ) ;
#9787 = CIRCLE ( 'NONE', #9604, 2.043333333333333446 ) ;
#9786 = CARTESIAN_POINT ( 'NONE',  ( 0.000000000000000000, 0.000000000000000000, 0.5000000000000000000 ) ) ;
#9788 = FACE_OUTER_BOUND ( 'NONE', #1037, .T. ) ;
#9789 = EDGE_LOOP ( 'NONE', ( #7936, #3267, #10668, #1054, #8126, #4271 ) ) ;
#9790 = CARTESIAN_POINT ( 'NONE',  ( 5.235620591670183011, -3.530007290692615651, -1.000000000000001554 ) ) ;
#9791 = AXIS2_PLACEMENT_3D ( 'NONE', #7378, #154, #3744 ) ;
#9792 = ORIENTED_EDGE ( 'NONE', *, *, #9042, .F. ) ;
#9793 = AXIS2_PLACEMENT_3D ( 'NONE', #2567, #6145, #8963 ) ;
#9794 = EDGE_CURVE ( 'NONE', #1431, #1269, #11471, .T. ) ;
#9795 = B_SPLINE_CURVE_WITH_KNOTS ( 'NONE', 3,
 ( #10626, #9569, #1536, #8705, #8110, #3593 ),
 .UNSPECIFIED., .F., .F.,
 ( 4, 2, 4 ),
 ( 0.000000000000000000, 0.0001264852995145782793, 0.0002529705990291565587 ),
 .UNSPECIFIED. ) ;
#9796 = CARTESIAN_POINT ( 'NONE',  ( 4.729790980946556367, 0.5327148755112254275, -0.5000000000000008882 ) ) ;
#9797 = CIRCLE ( 'NONE', #8496, 1.571836107868756383 ) ;
#9798 = CARTESIAN_POINT ( 'NONE',  ( -0.4679647384833750534, -4.594451436628337326, 0.4999999999999985012 ) ) ;
#9799 = VERTEX_POINT ( 'NONE', #9734 ) ;
#9800 =( BOUNDED_CURVE ( )  B_SPLINE_CURVE ( 3, ( #733, #4332, #202, #9185 ),
 .UNSPECIFIED., .F., .F. ) 
 B_SPLINE_CURVE_WITH_KNOTS ( ( 4, 4 ),
 ( 4.712388980384689674, 6.283185307179586232 ),
 .UNSPECIFIED. ) 
 CURVE ( )  GEOMETRIC_REPRESENTATION_ITEM ( )  RATIONAL_B_SPLINE_CURVE ( ( 1.000000000000000000, 0.8047378541243649375, 0.8047378541243649375, 1.000000000000000000 ) ) 
 REPRESENTATION_ITEM ( '' )  );
#9801 = ORIENTED_EDGE ( 'NONE', *, *, #11182, .F. ) ;
#9802 = DIRECTION ( 'NONE',  ( 1.790913520579326978E-16, 2.245734522990332355E-16, -1.000000000000000000 ) ) ;
#9803 = CIRCLE ( 'NONE', #7926, 1.744770758581195569 ) ;
#9804 = VECTOR ( 'NONE', #1195, 1000.000000000000000 ) ;
#9806 = ADVANCED_FACE ( 'NONE', ( #1830 ), #2536, .T. ) ;
#9805 = VERTEX_POINT ( 'NONE', #10571 ) ;
#9807 = LINE ( 'NONE', #828, #4173 ) ;
#9808 = DIRECTION ( 'NONE',  ( -1.000000000000000000, 0.000000000000000000, -1.242801860534562038E-16 ) ) ;
#9809 = CARTESIAN_POINT ( 'NONE',  ( -2.415079429167877656, 3.936415418983388204, -7.459652734876320205E-17 ) ) ;
#9810 = ORIENTED_EDGE ( 'NONE', *, *, #5092, .F. ) ;
#9811 = PLANE ( 'NONE',  #3055 ) ;
#9812 = CIRCLE ( 'NONE', #4756, 1.814999999999999725 ) ;
#9813 = ORIENTED_EDGE ( 'NONE', *, *, #2590, .F. ) ;
#9814 = B_SPLINE_CURVE_WITH_KNOTS ( 'NONE', 3,
 ( #4709, #6578, #11034, #7341 ),
 .UNSPECIFIED., .F., .F.,
 ( 4, 4 ),
 ( 0.0001590021523838003412, 0.0002979628137909396692 ),
 .UNSPECIFIED. ) ;
#9815 = ORIENTED_EDGE ( 'NONE', *, *, #4113, .T. ) ;
#9816 = CIRCLE ( 'NONE', #4018, 5.854956726839295023 ) ;
#9817 = AXIS2_PLACEMENT_3D ( 'NONE', #4964, #8541, #8717 ) ;
#9818 = CYLINDRICAL_SURFACE ( 'NONE', #6376, 0.2041022026635758713 ) ;
#9819 = EDGE_LOOP ( 'NONE', ( #5583, #4719, #8989, #5448, #5390, #7177, #5528, #2448 ) ) ;
#9820 = DIRECTION ( 'NONE',  ( -0.6234898018587319291, 0.7818314824680311359, 1.436201133715656092E-16 ) ) ;
#9821 = EDGE_CURVE ( 'NONE', #6670, #3639, #7929, .T. ) ;
#9822 = DIRECTION ( 'NONE',  ( 0.000000000000000000, 0.000000000000000000, 1.000000000000000000 ) ) ;
#9823 = DIRECTION ( 'NONE',  ( 1.436201133715639822E-16, 6.916380135000388919E-17, -1.000000000000000000 ) ) ;
#9824 = LOCAL_TIME ( 16, 18, 16.00000000000000000, #2270 ) ;
#9825 = AXIS2_PLACEMENT_3D ( 'NONE', #3032, #7373, #1141 ) ;
#9826 = DIRECTION ( 'NONE',  ( 1.000000000000000000, 0.000000000000000000, 0.000000000000000000 ) ) ;
#9827 = FACE_OUTER_BOUND ( 'NONE', #10781, .T. ) ;
#9828 = ORIENTED_EDGE ( 'NONE', *, *, #9086, .F. ) ;
#9829 = FACE_OUTER_BOUND ( 'NONE', #11351, .T. ) ;
#9830 = DIRECTION ( 'NONE',  ( -1.790913520579321555E-16, 2.245734522990357007E-16, -1.000000000000000000 ) ) ;
#9831 = DIRECTION ( 'NONE',  ( -0.2225209339563252176, 0.9749279121818211769, 9.938820221107125218E-17 ) ) ;
#9832 = DIRECTION ( 'NONE',  ( -0.7818314824680218100, 0.6234898018587434754, 0.000000000000000000 ) ) ;
#9833 = ORIENTED_EDGE ( 'NONE', *, *, #4186, .T. ) ;
#9834 = DIRECTION ( 'NONE',  ( 1.000000000000000000, 0.000000000000000000, 0.000000000000000000 ) ) ;
#9835 = DIRECTION ( 'NONE',  ( 0.2225209339563182231, 0.9749279121818227312, 1.790913520579321555E-16 ) ) ;
#9836 = DIRECTION ( 'NONE',  ( -0.9009688679024218105, -0.4338837391175526248, 0.000000000000000000 ) ) ;
#9837 = CARTESIAN_POINT ( 'NONE',  ( -3.883858019900379599, -2.498724050641747851, 0.000000000000000000 ) ) ;
#9838 = ADVANCED_FACE ( 'NONE', ( #5298 ), #10501, .T. ) ;
#9839 = EDGE_LOOP ( 'NONE', ( #11392, #10236, #649, #4818 ) ) ;
#9840 = FACE_OUTER_BOUND ( 'NONE', #1168, .T. ) ;
#9841 = ORIENTED_EDGE ( 'NONE', *, *, #2496, .T. ) ;
#9842 = DIRECTION ( 'NONE',  ( -0.6234898018587431423, -0.7818314824680221431, -1.481414429610370493E-16 ) ) ;
#9843 = CARTESIAN_POINT ( 'NONE',  ( 6.003118619259574018, -1.370172650836029460, -1.571836107868757937 ) ) ;
#9844 = EDGE_CURVE ( 'NONE', #5795, #6505, #4733, .T. ) ;
#9845 = EDGE_LOOP ( 'NONE', ( #6693, #8670, #1319, #7360 ) ) ;
#9846 = EDGE_CURVE ( 'NONE', #1112, #10413, #1347, .T. ) ;
#9847 = CARTESIAN_POINT ( 'NONE',  ( 0.000000000000000000, 5.663748402644768473E-16, -0.5832010266623218753 ) ) ;
#9848 = CARTESIAN_POINT ( 'NONE',  ( 3.969751236990439747, -4.303672082021770429, -0.5000000000000016653 ) ) ;
#9849 = DIRECTION ( 'NONE',  ( -0.000000000000000000, -1.836970198721029688E-16, 1.000000000000000000 ) ) ;
#9850 = EDGE_CURVE ( 'NONE', #118, #5570, #11289, .T. ) ;
#9851 = DIRECTION ( 'NONE',  ( -0.6234898018587431423, -0.7818314824680221431, -1.436201133715639822E-16 ) ) ;
#9852 = ORIENTED_EDGE ( 'NONE', *, *, #10032, .T. ) ;
#9853 = CARTESIAN_POINT ( 'NONE',  ( 4.822140887588034275, -3.343848065856592999, -1.000000000000001554 ) ) ;
#9854 = ORIENTED_EDGE ( 'NONE', *, *, #4591, .T. ) ;
#9855 = CARTESIAN_POINT ( 'NONE',  ( -4.488669179800631959, -4.162977229057066353, -0.5000000000000017764 ) ) ;
#9856 = CARTESIAN_POINT ( 'NONE',  ( -4.814127353296846934, 3.839138454945211443, 0.000000000000000000 ) ) ;
#9857 = EDGE_LOOP ( 'NONE', ( #5220, #7962, #2707, #4820, #9869, #4811, #6720, #10549 ) ) ;
#9858 = CIRCLE ( 'NONE', #7335, 2.043333333333333002 ) ;
#9859 = DIRECTION ( 'NONE',  ( 0.000000000000000000, -1.000000000000000000, -1.763933479423781890E-16 ) ) ;
#9860 = EDGE_LOOP ( 'NONE', ( #7330, #5800, #6239, #6919, #11048, #5037, #11255 ) ) ;
#9861 = CARTESIAN_POINT ( 'NONE',  ( 4.470037444215078537, -4.138337766436347209, -0.1313876030881655221 ) ) ;
#9862 = ORIENTED_EDGE ( 'NONE', *, *, #1629, .F. ) ;
#9863 = CARTESIAN_POINT ( 'NONE',  ( -5.794151136746356734, 2.610227500533415679, -2.407412430484044816E-32 ) ) ;
#9864 = EDGE_CURVE ( 'NONE', #104, #7366, #5235, .T. ) ;
#9865 = CARTESIAN_POINT ( 'NONE',  ( 4.213557712603262395, -4.106987229456350974, -1.000000000000001776 ) ) ;
#9866 = CARTESIAN_POINT ( 'NONE',  ( 4.777343085962988845, 0.9466836947465373520, -0.5000000000000006661 ) ) ;
#9867 = VERTEX_POINT ( 'NONE', #9863 ) ;
#9868 = CARTESIAN_POINT ( 'NONE',  ( 3.053017582229598403, 5.294432980485069606, -0.1680249406405539547 ) ) ;
#9869 = ORIENTED_EDGE ( 'NONE', *, *, #7600, .F. ) ;
#9870 = ORIENTED_EDGE ( 'NONE', *, *, #3423, .T. ) ;
#9871 =( BOUNDED_CURVE ( )  B_SPLINE_CURVE ( 3, ( #6560, #6683, #10970, #2219 ),
 .UNSPECIFIED., .F., .F. ) 
 B_SPLINE_CURVE_WITH_KNOTS ( ( 4, 4 ),
 ( -8.881784197001252323E-16, 1.272986069724407088 ),
 .UNSPECIFIED. ) 
 CURVE ( )  GEOMETRIC_REPRESENTATION_ITEM ( )  RATIONAL_B_SPLINE_CURVE ( ( 1.000000000000000000, 0.8694567765201484111, 0.8694567765201484111, 1.000000000000000000 ) ) 
 REPRESENTATION_ITEM ( '' )  );
#9872 = EDGE_CURVE ( 'NONE', #2718, #3291, #10306, .T. ) ;
#9873 = CARTESIAN_POINT ( 'NONE',  ( 0.000000000000000000, 5.250000000000000000, 0.000000000000000000 ) ) ;
#9874 = VERTEX_POINT ( 'NONE', #4471 ) ;
#9875 = DIRECTION ( 'NONE',  ( 0.2225209339563182231, 0.9749279121818228422, 1.851768037012963116E-16 ) ) ;
#9876 = DIRECTION ( 'NONE',  ( -0.6234898018587431423, -0.7818314824680221431, -1.436201133715639822E-16 ) ) ;
#9877 = DIRECTION ( 'NONE',  ( -1.000000000000000000, 0.000000000000000000, 0.000000000000000000 ) ) ;
#9878 = DIRECTION ( 'NONE',  ( 0.6234898018587431423, 0.7818314824680221431, 0.000000000000000000 ) ) ;
#9879 = DIRECTION ( 'NONE',  ( 0.000000000000000000, -2.122418608454495059E-16, 1.000000000000000000 ) ) ;
#9880 = ORIENTED_EDGE ( 'NONE', *, *, #10050, .F. ) ;
#9881 = ADVANCED_FACE ( 'NONE', ( #4356 ), #9102, .F. ) ;
#9882 = CARTESIAN_POINT ( 'NONE',  ( 4.583390897398785135, 0.5661297392311771537, 0.4999999999999993339 ) ) ;
#9883 = CARTESIAN_POINT ( 'NONE',  ( 4.030258103448117524, -2.532138914361753645, -0.5000000000000013323 ) ) ;
#9884 = DIRECTION ( 'NONE',  ( -0.000000000000000000, -1.836970198721029688E-16, 1.000000000000000000 ) ) ;
#9885 = CARTESIAN_POINT ( 'NONE',  ( 0.5325758359744934278, -5.854956726839289693, 0.4999999999999979461 ) ) ;
#9886 = EDGE_LOOP ( 'NONE', ( #6689, #11498, #8216, #8113 ) ) ;
#9887 = LINE ( 'NONE', #9178, #3039 ) ;
#9888 = CARTESIAN_POINT ( 'NONE',  ( -4.492530747588840079, 1.572219877753507689, 0.4999999999999995559 ) ) ;
#9889 = ORIENTED_EDGE ( 'NONE', *, *, #3545, .F. ) ;
#9890 = AXIS2_PLACEMENT_3D ( 'NONE', #8494, #6551, #5686 ) ;
#9891 = FACE_OUTER_BOUND ( 'NONE', #9839, .T. ) ;
#9892 = ORIENTED_EDGE ( 'NONE', *, *, #6300, .F. ) ;
#9893 = ADVANCED_FACE ( 'NONE', ( #4700 ), #9913, .F. ) ;
#9894 = DIRECTION ( 'NONE',  ( 0.9009688679024218105, 0.4338837391175526248, 7.407072148051852464E-17 ) ) ;
#9895 = DIRECTION ( 'NONE',  ( 0.9749279121818257288, 0.2225209339563050948, 0.000000000000000000 ) ) ;
#9896 = ADVANCED_FACE ( 'NONE', ( #10085 ), #6399, .T. ) ;
#9897 = ORIENTED_EDGE ( 'NONE', *, *, #6726, .F. ) ;
#9898 = CARTESIAN_POINT ( 'NONE',  ( 0.000000000000000000, 5.250000000000000000, 0.000000000000000000 ) ) ;
#9899 = FACE_OUTER_BOUND ( 'NONE', #1302, .T. ) ;
#9900 = LINE ( 'NONE', #10733, #4896 ) ;
#9901 = FACE_OUTER_BOUND ( 'NONE', #11555, .T. ) ;
#9902 = ORIENTED_EDGE ( 'NONE', *, *, #10310, .T. ) ;
#9903 = DIRECTION ( 'NONE',  ( -0.000000000000000000, -1.836970198721029688E-16, 1.000000000000000000 ) ) ;
#9904 = VERTEX_POINT ( 'NONE', #10142 ) ;
#9905 = DIRECTION ( 'NONE',  ( -1.988482976855298866E-15, 1.000000000000000000, 2.485603721069123582E-16 ) ) ;
#9906 = EDGE_CURVE ( 'NONE', #1039, #1311, #9596, .T. ) ;
#9907 = EDGE_CURVE ( 'NONE', #11032, #385, #1541, .T. ) ;
#9908 = ORIENTED_EDGE ( 'NONE', *, *, #10638, .T. ) ;
#9909 = LINE ( 'NONE', #2000, #11625 ) ;
#9910 = ORIENTED_EDGE ( 'NONE', *, *, #1812, .T. ) ;
#9911 = DIRECTION ( 'NONE',  ( 1.224646799147325104E-16, 1.000000000000000000, 0.000000000000000000 ) ) ;
#9912 = ORIENTED_EDGE ( 'NONE', *, *, #5433, .F. ) ;
#9913 = CYLINDRICAL_SURFACE ( 'NONE', #8659, 4.618222060490380088 ) ;
#9914 = CARTESIAN_POINT ( 'NONE',  ( 7.181005668578194180E-17, 5.250000000000000000, -0.4999999999999996669 ) ) ;
#9915 = CARTESIAN_POINT ( 'NONE',  ( 0.000000000000000000, 8.826490215368854731E-16, -2.304917478527524377 ) ) ;
#9916 = ORIENTED_EDGE ( 'NONE', *, *, #1823, .T. ) ;
#9917 = CARTESIAN_POINT ( 'NONE',  ( -5.118371538954584743, -1.168234903270601421, -0.5000000000000012212 ) ) ;
#9918 = VERTEX_POINT ( 'NONE', #3883 ) ;
#9919 = EDGE_CURVE ( 'NONE', #7350, #10227, #5640, .T. ) ;
#9920 = ORIENTED_EDGE ( 'NONE', *, *, #5765, .F. ) ;
#9921 = EDGE_CURVE ( 'NONE', #6031, #10110, #3235, .T. ) ;
#9922 = CIRCLE ( 'NONE', #10108, 2.043333333333333002 ) ;
#9923 = EDGE_CURVE ( 'NONE', #5847, #1729, #5112, .T. ) ;
#9924 = DIRECTION ( 'NONE',  ( -1.379535903339907382E-16, -5.518143613359629527E-16, 1.000000000000000000 ) ) ;
#9925 = ORIENTED_EDGE ( 'NONE', *, *, #2757, .T. ) ;
#9926 = CARTESIAN_POINT ( 'NONE',  ( -3.020204765022622695, 5.044057738721797080, 0.4999999999999998890 ) ) ;
#9927 = VECTOR ( 'NONE', #837, 1000.000000000000000 ) ;
#9928 =( BOUNDED_CURVE ( )  B_SPLINE_CURVE ( 3, ( #8364, #1070, #3019, #1252 ),
 .UNSPECIFIED., .F., .F. ) 
 B_SPLINE_CURVE_WITH_KNOTS ( ( 4, 4 ),
 ( 0.000000000000000000, 1.272986069724404867 ),
 .UNSPECIFIED. ) 
 CURVE ( )  GEOMETRIC_REPRESENTATION_ITEM ( )  RATIONAL_B_SPLINE_CURVE ( ( 1.000000000000000000, 0.8694567765201490772, 0.8694567765201490772, 1.000000000000000000 ) ) 
 REPRESENTATION_ITEM ( '' )  );
#9929 = ORIENTED_EDGE ( 'NONE', *, *, #8238, .F. ) ;
#9930 = EDGE_CURVE ( 'NONE', #1389, #6461, #7444, .T. ) ;
#9931 = DIRECTION ( 'NONE',  ( 0.9009688679024218105, 0.4338837391175526248, 7.970314984685939954E-17 ) ) ;
#9932 = CARTESIAN_POINT ( 'NONE',  ( -0.4383187429073364672, -6.035337006844615715, 0.4791684957233302011 ) ) ;
#9933 = CIRCLE ( 'NONE', #5453, 1.744770758581195791 ) ;
#9934 = CIRCLE ( 'NONE', #4880, 4.618222060490380088 ) ;
#9935 = DIRECTION ( 'NONE',  ( -0.6234898018587446966, -0.7818314824680209218, -1.641723512482400849E-16 ) ) ;
#9936 = CARTESIAN_POINT ( 'NONE',  ( -3.718771810570201453, -3.144829597896483087, -0.5000000000000013323 ) ) ;
#9937 = AXIS2_PLACEMENT_3D ( 'NONE', #6264, #1802, #5386 ) ;
#9938 = ORIENTED_EDGE ( 'NONE', *, *, #414, .F. ) ;
#9939 = PLANE ( 'NONE',  #11473 ) ;
#9940 = CARTESIAN_POINT ( 'NONE',  ( 5.589651465188735457, 1.822073486975211098, 0.4999999999999993339 ) ) ;
#9941 = EDGE_CURVE ( 'NONE', #8441, #944, #596, .T. ) ;
#9942 = CIRCLE ( 'NONE', #4884, 7.999999999999998224 ) ;
#9943 = DIRECTION ( 'NONE',  ( 0.000000000000000000, 1.000000000000000000, 1.836970198721029934E-16 ) ) ;
#9944 = ORIENTED_EDGE ( 'NONE', *, *, #10488, .T. ) ;
#9945 = DIRECTION ( 'NONE',  ( -1.436201133715656092E-16, -6.916380135000592297E-17, 1.000000000000000000 ) ) ;
#9946 = EDGE_LOOP ( 'NONE', ( #10448, #9699 ) ) ;
#9947 = CIRCLE ( 'NONE', #4534, 1.744770758581195569 ) ;
#9948 = B_SPLINE_CURVE_WITH_KNOTS ( 'NONE', 3,
 ( #7711, #11308, #11539, #3498, #3678, #7239 ),
 .UNSPECIFIED., .F., .F.,
 ( 4, 2, 4 ),
 ( 8.131516293641283255E-20, 0.0001488170499983737765, 0.0002976340999967474988 ),
 .UNSPECIFIED. ) ;
#9949 = LINE ( 'NONE', #2157, #3064 ) ;
#9950 = AXIS2_PLACEMENT_3D ( 'NONE', #10792, #9022, #3642 ) ;
#9951 = FACE_OUTER_BOUND ( 'NONE', #5366, .T. ) ;
#9952 = ORIENTED_EDGE ( 'NONE', *, *, #23, .F. ) ;
#9953 = VECTOR ( 'NONE', #10044, 999.9999999999998863 ) ;
#9954 = AXIS2_PLACEMENT_3D ( 'NONE', #8302, #258, #10994 ) ;
#9955 = CARTESIAN_POINT ( 'NONE',  ( 6.309435231926579846, 2.038964159748405169, -0.2500000000000011102 ) ) ;
#9956 = EDGE_CURVE ( 'NONE', #7151, #8016, #2856, .T. ) ;
#9957 = CARTESIAN_POINT ( 'NONE',  ( 4.028020539655530641, -4.249184487083922157, -0.1706127626411405029 ) ) ;
#9958 = AXIS2_PLACEMENT_3D ( 'NONE', #11230, #5909, #8588 ) ;
#9959 = CARTESIAN_POINT ( 'NONE',  ( -2.671639123616407652, -5.547715804109125237, 0.000000000000000000 ) ) ;
#9960 = CARTESIAN_POINT ( 'NONE',  ( 0.4296483880746830852, -6.001403336246017517, -0.5000000000000023315 ) ) ;
#9961 = ORIENTED_EDGE ( 'NONE', *, *, #4870, .T. ) ;
#9962 = SPHERICAL_SURFACE ( 'NONE', #4006, 2.043333333333333002 ) ;
#9963 = AXIS2_PLACEMENT_3D ( 'NONE', #8906, #3628, #1746 ) ;
#9964 = ORIENTED_EDGE ( 'NONE', *, *, #8961, .F. ) ;
#9965 = AXIS2_PLACEMENT_3D ( 'NONE', #4166, #3229, #395 ) ;
#9966 = CARTESIAN_POINT ( 'NONE',  ( 4.324534009489086891E-16, 3.531249999999996003, 0.5832010266623214312 ) ) ;
#9967 = AXIS2_PLACEMENT_3D ( 'NONE', #5550, #5656, #6481 ) ;
#9968 = CARTESIAN_POINT ( 'NONE',  ( -4.375126996066895479, 1.478593510159796676, -7.518383673896520693E-16 ) ) ;
#9969 = CIRCLE ( 'NONE', #1159, 7.313365625000000314 ) ;
#9970 = EDGE_LOOP ( 'NONE', ( #7622, #5465, #91, #5110, #246, #1713, #4077, #5996 ) ) ;
#9971 = AXIS2_PLACEMENT_3D ( 'NONE', #2804, #6381, #6451 ) ;
#9972 = CARTESIAN_POINT ( 'NONE',  ( -6.003118619259592670, -1.370172650835948858, 0.000000000000000000 ) ) ;
#9973 = ORIENTED_EDGE ( 'NONE', *, *, #7577, .F. ) ;
#9974 = CARTESIAN_POINT ( 'NONE',  ( -3.391824491822198251, 5.697532308577989646, -0.6893398282201788074 ) ) ;
#9975 = ORIENTED_EDGE ( 'NONE', *, *, #5393, .T. ) ;
#9976 = DIRECTION ( 'NONE',  ( -0.000000000000000000, -1.836970198721029688E-16, 1.000000000000000000 ) ) ;
#9977 = DIRECTION ( 'NONE',  ( 0.000000000000000000, -1.000000000000000000, -1.380874408737758741E-16 ) ) ;
#9978 = CIRCLE ( 'NONE', #3063, 1.981214554537471306 ) ;
#9979 = AXIS2_PLACEMENT_3D ( 'NONE', #4226, #558, #3288 ) ;
#9980 = CARTESIAN_POINT ( 'NONE',  ( 2.277889630367151419, -4.730086556487714589, 0.000000000000000000 ) ) ;
#9981 = ORIENTED_EDGE ( 'NONE', *, *, #8028, .T. ) ;
#9982 = CARTESIAN_POINT ( 'NONE',  ( 2.987388529867699649, 5.140581735924185658, -0.005989781583923403999 ) ) ;
#9983 = AXIS2_PLACEMENT_3D ( 'NONE', #10231, #11229, #5785 ) ;
#9984 = ORIENTED_EDGE ( 'NONE', *, *, #732, .F. ) ;
#9985 = EDGE_CURVE ( 'NONE', #7578, #1835, #11144, .T. ) ;
#9986 = AXIS2_PLACEMENT_3D ( 'NONE', #8985, #8040, #5475 ) ;
#9987 = ORIENTED_EDGE ( 'NONE', *, *, #10375, .F. ) ;
#9988 = VECTOR ( 'NONE', #11545, 1000.000000000000000 ) ;
#9989 = AXIS2_PLACEMENT_3D ( 'NONE', #5270, #40, #9713 ) ;
#9990 = DIRECTION ( 'NONE',  ( 0.9749279121818256177, 0.2225209339563054001, 2.245734522990332848E-16 ) ) ;
#9991 = ORIENTED_EDGE ( 'NONE', *, *, #1350, .T. ) ;
#9992 = DIRECTION ( 'NONE',  ( 0.000000000000000000, 0.000000000000000000, -1.000000000000000000 ) ) ;
#9993 = EDGE_CURVE ( 'NONE', #4535, #6002, #1882, .T. ) ;
#9994 = CARTESIAN_POINT ( 'NONE',  ( -5.620881357013694846, 1.685246390785955173, -0.5000000000000007772 ) ) ;
#9995 = EDGE_CURVE ( 'NONE', #10966, #1298, #10532, .T. ) ;
#9996 = VECTOR ( 'NONE', #3886, 1000.000000000000114 ) ;
#9997 = ADVANCED_FACE ( 'NONE', ( #2004 ), #7223, .F. ) ;
#9998 = CARTESIAN_POINT ( 'NONE',  ( 4.814127353296902001, 3.839138454945143053, 1.571836107868755938 ) ) ;
#9999 = ORIENTED_EDGE ( 'NONE', *, *, #8772, .T. ) ;
#10000 = AXIS2_PLACEMENT_3D ( 'NONE', #4272, #3217, #4155 ) ;
#10001 = FACE_OUTER_BOUND ( 'NONE', #6222, .T. ) ;
#10002 = DIRECTION ( 'NONE',  ( 0.000000000000000000, -4.778852550900294681E-16, 1.000000000000000000 ) ) ;
#10003 = ORIENTED_EDGE ( 'NONE', *, *, #143, .F. ) ;
#10004 = AXIS2_PLACEMENT_3D ( 'NONE', #11259, #4990, #6692 ) ;
#10005 = AXIS2_PLACEMENT_3D ( 'NONE', #3690, #11553, #9895 ) ;
#10006 = DIRECTION ( 'NONE',  ( -0.000000000000000000, -1.836970198721029688E-16, 1.000000000000000000 ) ) ;
#10007 = DIRECTION ( 'NONE',  ( -0.7818314824680221431, 0.6234898018587431423, -6.916380135000388919E-17 ) ) ;
#10008 = ORIENTED_EDGE ( 'NONE', *, *, #11576, .T. ) ;
#10009 = DIRECTION ( 'NONE',  ( -0.000000000000000000, -0.000000000000000000, -1.000000000000000000 ) ) ;
#10010 = EDGE_LOOP ( 'NONE', ( #4568, #869, #5755, #8444, #6804, #10199 ) ) ;
#10011 = FACE_OUTER_BOUND ( 'NONE', #5977, .T. ) ;
#10012 = VECTOR ( 'NONE', #2980, 1000.000000000000000 ) ;
#10013 = VERTEX_POINT ( 'NONE', #10978 ) ;
#10014 = CARTESIAN_POINT ( 'NONE',  ( -2.339742150879212890, 6.204188460871741029, -0.6893398282201785854 ) ) ;
#10015 = EDGE_CURVE ( 'NONE', #11390, #9199, #10905, .T. ) ;
#10016 = ORIENTED_EDGE ( 'NONE', *, *, #1694, .T. ) ;
#10017 = CARTESIAN_POINT ( 'NONE',  ( -4.822140887587990754, -3.343848065856658280, -1.000000000000001554 ) ) ;
#10018 = FACE_OUTER_BOUND ( 'NONE', #11408, .T. ) ;
#10019 = CARTESIAN_POINT ( 'NONE',  ( 6.003118619259574018, -1.370172650836029682, -1.382811032531312544E-15 ) ) ;
#10020 = CARTESIAN_POINT ( 'NONE',  ( 0.000000000000000000, 8.840419081344957312E-16, -2.312500000000001776 ) ) ;
#10021 = ORIENTED_EDGE ( 'NONE', *, *, #10444, .F. ) ;
#10022 = CARTESIAN_POINT ( 'NONE',  ( 4.214864141719477431, -4.079440067614565457, 0.1691178122529082839 ) ) ;
#10023 = ORIENTED_EDGE ( 'NONE', *, *, #7, .F. ) ;
#10024 = FACE_OUTER_BOUND ( 'NONE', #11260, .T. ) ;
#10025 = EDGE_CURVE ( 'NONE', #10660, #8016, #6968, .T. ) ;
#10026 = DIRECTION ( 'NONE',  ( 0.9749279121818227312, -0.2225209339563182231, -2.245734522990357007E-16 ) ) ;
#10027 = VECTOR ( 'NONE', #1965, 1000.000000000000114 ) ;
#10028 = ORIENTED_EDGE ( 'NONE', *, *, #6343, .F. ) ;
#10029 = DIRECTION ( 'NONE',  ( -0.7818314824680221431, 0.6234898018587431423, -6.916380135000388919E-17 ) ) ;
#10030 = ORIENTED_EDGE ( 'NONE', *, *, #2180, .T. ) ;
#10031 = DIRECTION ( 'NONE',  ( -0.000000000000000000, -1.836970198721029688E-16, 1.000000000000000000 ) ) ;
#10032 = EDGE_CURVE ( 'NONE', #1389, #7022, #4863, .T. ) ;
#10033 = ORIENTED_EDGE ( 'NONE', *, *, #7940, .F. ) ;
#10034 = CARTESIAN_POINT ( 'NONE',  ( 0.8617142317324888445, -5.412080684249792384, -1.958592447332599470E-15 ) ) ;
#10035 = CARTESIAN_POINT ( 'NONE',  ( -0.4561072009509675174, -6.104956726839298575, -0.2500000000000021094 ) ) ;
#10036 = DIRECTION ( 'NONE',  ( 1.000000000000000000, 0.000000000000000000, 0.000000000000000000 ) ) ;
#10037 = EDGE_LOOP ( 'NONE', ( #10183, #8591, #2916, #10729, #10541, #5816 ) ) ;
#10038 = CARTESIAN_POINT ( 'NONE',  ( 1.571836107868757049, 4.342500000000001137, 0.5000000000000000000 ) ) ;
#10039 = ORIENTED_EDGE ( 'NONE', *, *, #8884, .F. ) ;
#10040 = B_SPLINE_CURVE_WITH_KNOTS ( 'NONE', 3,
 ( #8125, #84, #3673, #7236 ),
 .UNSPECIFIED., .F., .F.,
 ( 4, 4 ),
 ( 0.0005065015518760501972, 0.001011135659924338511 ),
 .UNSPECIFIED. ) ;
#10041 = CARTESIAN_POINT ( 'NONE',  ( 3.985157492342970593E-17, -1.746011579516601723E-16, 0.5000000000000000000 ) ) ;
#10042 = VERTEX_POINT ( 'NONE', #5932 ) ;
#10043 = EDGE_CURVE ( 'NONE', #1010, #1774, #2173, .T. ) ;
#10044 = DIRECTION ( 'NONE',  ( -0.9009688679024185909, -0.4338837391175591751, -1.594062996937211657E-16 ) ) ;
#10045 = CARTESIAN_POINT ( 'NONE',  ( 4.104615282957162492, 3.273321459758343543, -1.815000000000000613 ) ) ;
#10046 = CARTESIAN_POINT ( 'NONE',  ( 3.039904091628594873, 5.278831057677257022, -1.885160653978395162 ) ) ;
#10047 = ORIENTED_EDGE ( 'NONE', *, *, #4757, .T. ) ;
#10048 = DIRECTION ( 'NONE',  ( 1.000000000000000000, 0.000000000000000000, -0.000000000000000000 ) ) ;
#10049 = ORIENTED_EDGE ( 'NONE', *, *, #3849, .T. ) ;
#10050 = EDGE_CURVE ( 'NONE', #11269, #1993, #7569, .T. ) ;
#10051 = DIRECTION ( 'NONE',  ( -0.000000000000000000, -0.000000000000000000, -1.000000000000000000 ) ) ;
#10052 = EDGE_CURVE ( 'NONE', #11129, #1, #402, .T. ) ;
#10053 = CARTESIAN_POINT ( 'NONE',  ( 0.000000000000000000, 2.749999999999993783, -2.500000000000004885 ) ) ;
#10054 = ORIENTED_EDGE ( 'NONE', *, *, #6123, .T. ) ;
#10055 = ADVANCED_FACE ( 'NONE', ( #10383 ), #5878, .T. ) ;
#10056 = CARTESIAN_POINT ( 'NONE',  ( -0.8371761083034424678, -5.795038627148477062, -0.3372648878341758527 ) ) ;
#10057 = CARTESIAN_POINT ( 'NONE',  ( 5.833575934969735144, 0.4999100760163765478, 1.027403920737714492E-17 ) ) ;
#10058 = ORIENTED_EDGE ( 'NONE', *, *, #1385, .F. ) ;
#10059 = CARTESIAN_POINT ( 'NONE',  ( 4.814127353296902001, 3.839138454945143941, 1.571836107868755716 ) ) ;
#10060 = DIRECTION ( 'NONE',  ( 0.000000000000000000, 0.000000000000000000, 1.000000000000000000 ) ) ;
#10061 = ORIENTED_EDGE ( 'NONE', *, *, #11418, .T. ) ;
#10062 = AXIS2_PLACEMENT_3D ( 'NONE', #2835, #1114, #6357 ) ;
#10063 = CARTESIAN_POINT ( 'NONE',  ( -3.395103212617387456, 2.707504464571592440, 1.571836107868756160 ) ) ;
#10064 = ORIENTED_EDGE ( 'NONE', *, *, #773, .T. ) ;
#10065 = DIRECTION ( 'NONE',  ( 0.000000000000000000, 0.000000000000000000, 1.000000000000000000 ) ) ;
#10066 = CARTESIAN_POINT ( 'NONE',  ( 0.000000000000000000, 0.000000000000000000, -0.5000000000000000000 ) ) ;
#10067 = EDGE_CURVE ( 'NONE', #3906, #4664, #5133, .T. ) ;
#10068 = ORIENTED_EDGE ( 'NONE', *, *, #9585, .T. ) ;
#10069 = CIRCLE ( 'NONE', #3900, 4.618222060490380088 ) ;
#10070 = CARTESIAN_POINT ( 'NONE',  ( -3.066411687484029258, 5.021805657651175814, -0.2500000000000000000 ) ) ;
#10071 = CARTESIAN_POINT ( 'NONE',  ( -2.028931684390599344, 5.492172110671390328, -2.277550753890856009E-16 ) ) ;
#10072 = DIRECTION ( 'NONE',  ( -0.9749279121818257288, -0.2225209339563050948, 0.000000000000000000 ) ) ;
#10073 = CARTESIAN_POINT ( 'NONE',  ( -6.053386115997634320, 0.9138090314648864565, -0.2500000000000000555 ) ) ;
#10074 = EDGE_LOOP ( 'NONE', ( #1438, #5763, #8240, #3391 ) ) ;
#10075 = CARTESIAN_POINT ( 'NONE',  ( -2.277889630367217144, -4.730086556487682614, -1.833312158492425881E-15 ) ) ;
#10076 = ORIENTED_EDGE ( 'NONE', *, *, #1409, .T. ) ;
#10077 = DIRECTION ( 'NONE',  ( 0.7818314824680316910, 0.6234898018587311519, -0.000000000000000000 ) ) ;
#10078 = EDGE_CURVE ( 'NONE', #10753, #6713, #3118, .T. ) ;
#10079 = DIRECTION ( 'NONE',  ( 0.9009688679024157043, -0.4338837391175652813, -5.472411708274670728E-17 ) ) ;
#10080 = ORIENTED_EDGE ( 'NONE', *, *, #6446, .F. ) ;
#10081 = ORIENTED_EDGE ( 'NONE', *, *, #9119, .F. ) ;
#10082 = CARTESIAN_POINT ( 'NONE',  ( 0.000000000000000000, 0.000000000000000000, 0.000000000000000000 ) ) ;
#10083 = CARTESIAN_POINT ( 'NONE',  ( -3.246329667989488410, 4.872562155569898579, 1.027403961127392839E-17 ) ) ;
#10084 = ORIENTED_EDGE ( 'NONE', *, *, #1011, .T. ) ;
#10085 = FACE_OUTER_BOUND ( 'NONE', #2944, .T. ) ;
#10086 = CARTESIAN_POINT ( 'NONE',  ( 4.861967685878243017, -3.293906840424580373, -0.5000000000000016653 ) ) ;
#10087 = LINE ( 'NONE', #1104, #1960 ) ;
#10088 = ORIENTED_EDGE ( 'NONE', *, *, #1996, .T. ) ;
#10089 = CARTESIAN_POINT ( 'NONE',  ( 0.000000000000000000, 8.467284509729752602E-16, -2.109375000000003109 ) ) ;
#10090 = ADVANCED_FACE ( 'NONE', ( #10209 ), #11334, .F. ) ;
#10091 = ORIENTED_EDGE ( 'NONE', *, *, #11043, .F. ) ;
#10092 = DIRECTION ( 'NONE',  ( -0.6234898018587320401, 0.7818314824680310249, 1.436201133715656092E-16 ) ) ;
#10093 = EDGE_LOOP ( 'NONE', ( #8072, #8058, #8880 ) ) ;
#10094 = CARTESIAN_POINT ( 'NONE',  ( -5.839845736122977193, 0.4203808409609057772, -0.5000000000000009992 ) ) ;
#10095 = DIRECTION ( 'NONE',  ( 0.6234898018587320401, -0.7818314824680310249, 0.000000000000000000 ) ) ;
#10096 = PLANE ( 'NONE',  #4007 ) ;
#10097 = EDGE_CURVE ( 'NONE', #1474, #7213, #2672, .T. ) ;
#10098 = CARTESIAN_POINT ( 'NONE',  ( -8.954567602896634891E-17, -1.122867261495166177E-16, 0.5000000000000000000 ) ) ;
#10099 = ORIENTED_EDGE ( 'NONE', *, *, #5777, .T. ) ;
#10100 = CIRCLE ( 'NONE', #752, 0.9074999999999942002 ) ;
#10101 = ADVANCED_FACE ( 'NONE', ( #11154 ), #1279, .T. ) ;
#10102 = DIRECTION ( 'NONE',  ( -0.4569437578743213990, 0.8894955886004684009, 1.271472105020061222E-16 ) ) ;
#10103 = ORIENTED_EDGE ( 'NONE', *, *, #1973, .F. ) ;
#10104 = DIRECTION ( 'NONE',  ( -0.9749279121818257288, -0.2225209339563050392, -2.245734522990332355E-16 ) ) ;
#10105 = DIRECTION ( 'NONE',  ( -0.2225209339563182231, -0.9749279121818227312, 0.000000000000000000 ) ) ;
#10106 = ORIENTED_EDGE ( 'NONE', *, *, #2254, .T. ) ;
#10107 = CARTESIAN_POINT ( 'NONE',  ( -5.118371538954584743, -1.168234903270601421, -1.179010624569924560E-15 ) ) ;
#10108 = AXIS2_PLACEMENT_3D ( 'NONE', #7020, #4969, #2263 ) ;
#10109 = CARTESIAN_POINT ( 'NONE',  ( 4.104615282957162492, 3.273321459758343543, -3.631099570875311634E-16 ) ) ;
#10110 = VERTEX_POINT ( 'NONE', #8445 ) ;
#10111 = DIRECTION ( 'NONE',  ( 1.543210004228967591E-14, 1.000000000000000000, 0.000000000000000000 ) ) ;
#10112 = ORIENTED_EDGE ( 'NONE', *, *, #5630, .T. ) ;
#10113 = EDGE_CURVE ( 'NONE', #8866, #1216, #3416, .T. ) ;
#10114 = DIRECTION ( 'NONE',  ( -0.9009688679024159264, 0.4338837391175649483, 7.970314984686160588E-17 ) ) ;
#10115 = AXIS2_PLACEMENT_3D ( 'NONE', #10763, #2665, #11531 ) ;
#10116 = AXIS2_PLACEMENT_3D ( 'NONE', #6001, #4073, #7635 ) ;
#10117 = FACE_OUTER_BOUND ( 'NONE', #9219, .T. ) ;
#10118 = ORIENTED_EDGE ( 'NONE', *, *, #4720, .F. ) ;
#10119 = DIRECTION ( 'NONE',  ( 1.000000000000000000, 0.000000000000000000, 0.000000000000000000 ) ) ;
#10120 = PLANE ( 'NONE',  #1356 ) ;
#10121 = ADVANCED_FACE ( 'NONE', ( #3997 ), #510, .F. ) ;
#10122 = DIRECTION ( 'NONE',  ( 0.000000000000000000, 0.000000000000000000, 1.000000000000000000 ) ) ;
#10123 = VECTOR ( 'NONE', #650, 1000.000000000000000 ) ;
#10124 = EDGE_CURVE ( 'NONE', #8158, #6355, #2290, .T. ) ;
#10125 = CARTESIAN_POINT ( 'NONE',  ( 0.1401104873024961728, -4.868222060490378311, -1.000000000000001776 ) ) ;
#10126 = AXIS2_PLACEMENT_3D ( 'NONE', #7159, #11515, #1590 ) ;
#10127 = ORIENTED_EDGE ( 'NONE', *, *, #11182, .T. ) ;
#10128 = DIRECTION ( 'NONE',  ( -0.6234898018587321511, 0.7818314824680310249, 1.436201133715656339E-16 ) ) ;
#10129 = ORIENTED_EDGE ( 'NONE', *, *, #6338, .T. ) ;
#10130 = EDGE_CURVE ( 'NONE', #11390, #5898, #5811, .T. ) ;
#10131 = CIRCLE ( 'NONE', #6577, 1.571836107868756383 ) ;
#10132 = CARTESIAN_POINT ( 'NONE',  ( 6.022505511281142532, 0.9146046076783822532, -0.1313876030881689916 ) ) ;
#10133 = CARTESIAN_POINT ( 'NONE',  ( 4.916005509762753078, -3.180494603702787693, 0.3372078223964931065 ) ) ;
#10134 = AXIS2_PLACEMENT_3D ( 'NONE', #8234, #9123, #191 ) ;
#10135 = ORIENTED_EDGE ( 'NONE', *, *, #11622, .F. ) ;
#10136 = AXIS2_PLACEMENT_3D ( 'NONE', #3901, #8180, #11044 ) ;
#10137 = CIRCLE ( 'NONE', #8282, 0.2041022026635763154 ) ;
#10138 = ORIENTED_EDGE ( 'NONE', *, *, #5777, .F. ) ;
#10139 = DIRECTION ( 'NONE',  ( 0.000000000000000000, -2.368866679808412882E-16, 1.000000000000000000 ) ) ;
#10140 = CARTESIAN_POINT ( 'NONE',  ( 2.277889630367151419, -4.730086556487714589, -0.5000000000000015543 ) ) ;
#10141 = EDGE_LOOP ( 'NONE', ( #4796, #9721, #6778, #4943 ) ) ;
#10143 = AXIS2_PLACEMENT_3D ( 'NONE', #5042, #9551, #8613 ) ;
#10142 = CARTESIAN_POINT ( 'NONE',  ( 8.534257381558117470E-16, 6.968749999999999112, 2.312500000000000000 ) ) ;
#10144 = CARTESIAN_POINT ( 'NONE',  ( -0.4484599904915962942, -6.075027395718191059, -0.1313876030881694079 ) ) ;
#10145 = CARTESIAN_POINT ( 'NONE',  ( 8.954567602896634891E-17, 1.122867261495166177E-16, -0.5000000000000000000 ) ) ;
#10146 = ORIENTED_EDGE ( 'NONE', *, *, #5350, .F. ) ;
#10147 = CARTESIAN_POINT ( 'NONE',  ( -8.954567602896634891E-17, -1.122867261495166177E-16, 0.5000000000000000000 ) ) ;
#10148 = EDGE_CURVE ( 'NONE', #7366, #7564, #11257, .T. ) ;
#10149 = CIRCLE ( 'NONE', #4347, 6.968749999999999112 ) ;
#10150 = ORIENTED_EDGE ( 'NONE', *, *, #9505, .F. ) ;
#10151 = AXIS2_PLACEMENT_3D ( 'NONE', #2366, #9513, #5059 ) ;
#10152 = CIRCLE ( 'NONE', #5102, 5.854956726839295023 ) ;
#10153 = AXIS2_PLACEMENT_3D ( 'NONE', #5967, #6089, #10368 ) ;
#10154 = ADVANCED_FACE ( 'NONE', ( #3293 ), #6867, .T. ) ;
#10155 = DIRECTION ( 'NONE',  ( -7.970314984686170449E-17, -3.492023159033191614E-16, 1.000000000000000000 ) ) ;
#10156 = ORIENTED_EDGE ( 'NONE', *, *, #7586, .F. ) ;
#10157 = AXIS2_PLACEMENT_3D ( 'NONE', #9271, #4599, #6569 ) ;
#10158 = AXIS2_PLACEMENT_3D ( 'NONE', #8553, #9435, #10376 ) ;
#10159 = DIRECTION ( 'NONE',  ( 0.6234898018587431423, 0.7818314824680221431, -0.000000000000000000 ) ) ;
#10160 = AXIS2_PLACEMENT_3D ( 'NONE', #1277, #8508, #6688 ) ;
#10161 = DIRECTION ( 'NONE',  ( 0.9749279121818228422, -0.2225209339563181954, 0.000000000000000000 ) ) ;
#10162 = B_SPLINE_CURVE_WITH_KNOTS ( 'NONE', 3,
 ( #3394, #3341, #6974, #6913, #9611, #1578 ),
 .UNSPECIFIED., .F., .F.,
 ( 4, 2, 4 ),
 ( 0.000000000000000000, 0.0001264732032663997991, 0.0002529464065327995982 ),
 .UNSPECIFIED. ) ;
#10163 = FACE_OUTER_BOUND ( 'NONE', #273, .T. ) ;
#10164 = ORIENTED_EDGE ( 'NONE', *, *, #8095, .T. ) ;
#10165 = CARTESIAN_POINT ( 'NONE',  ( 6.569278111570836742, 0.9005181194463801608, -0.2500000000000011102 ) ) ;
#10166 = AXIS2_PLACEMENT_3D ( 'NONE', #10779, #2744, #10716 ) ;
#10167 = CARTESIAN_POINT ( 'NONE',  ( 5.118371538954569644, -1.168234903270670255, -1.815000000000001279 ) ) ;
#10168 = EDGE_LOOP ( 'NONE', ( #8160, #2163, #5736, #8793, #11026, #9987 ) ) ;
#10169 = AXIS2_PLACEMENT_3D ( 'NONE', #8681, #6099, #5222 ) ;
#10170 = VECTOR ( 'NONE', #4904, 1000.000000000000114 ) ;
#10171 = DIRECTION ( 'NONE',  ( 0.9009688679024218105, 0.4338837391175526248, 7.407072148051852464E-17 ) ) ;
#10172 = EDGE_CURVE ( 'NONE', #2942, #8589, #11301, .T. ) ;
#10173 = AXIS2_PLACEMENT_3D ( 'NONE', #8449, #2228, #6814 ) ;
#10174 = DIRECTION ( 'NONE',  ( -0.9009688679024216995, -0.4338837391175525693, -2.073466413476074313E-16 ) ) ;
#10175 = ORIENTED_EDGE ( 'NONE', *, *, #6824, .T. ) ;
#10176 = DIRECTION ( 'NONE',  ( 0.4338837391175526248, -0.9009688679024218105, -3.492023159033203447E-16 ) ) ;
#10177 = CARTESIAN_POINT ( 'NONE',  ( 5.118371538954569644, -1.168234903270670699, -1.179010624569937576E-15 ) ) ;
#10178 = ORIENTED_EDGE ( 'NONE', *, *, #11420, .F. ) ;
#10179 = CARTESIAN_POINT ( 'NONE',  ( 5.595737854313433957, -3.155024401952353674, -4.814824860968089633E-32 ) ) ;
#10180 = AXIS2_PLACEMENT_3D ( 'NONE', #11280, #5185, #7753 ) ;
#10181 = AXIS2_PLACEMENT_3D ( 'NONE', #1065, #4662, #8229 ) ;
#10182 = PLANE ( 'NONE',  #11063 ) ;
#10183 = ORIENTED_EDGE ( 'NONE', *, *, #1110, .F. ) ;
#10184 = CARTESIAN_POINT ( 'NONE',  ( -3.300315535752679885, -3.230463181104144432, -0.5000000000000012212 ) ) ;
#10185 = AXIS2_PLACEMENT_3D ( 'NONE', #6859, #2439, #7831 ) ;
#10186 = VERTEX_POINT ( 'NONE', #10663 ) ;
#10187 = CIRCLE ( 'NONE', #2884, 1.815000000000000169 ) ;
#10188 = CARTESIAN_POINT ( 'NONE',  ( 1.571836107868756605, 5.640022120804201400, 0.5000000000000000000 ) ) ;
#10189 = VECTOR ( 'NONE', #2278, 1000.000000000000000 ) ;
#10190 = CARTESIAN_POINT ( 'NONE',  ( 5.336788537138669852, -3.575555708476440220, 0.3666893729391488277 ) ) ;
#10191 = B_SPLINE_CURVE_WITH_KNOTS ( 'NONE', 3,
 ( #6891, #8648, #608, #7768 ),
 .UNSPECIFIED., .F., .F.,
 ( 4, 4 ),
 ( 0.0005065015518760493298, 0.001011135659924338294 ),
 .UNSPECIFIED. ) ;
#10192 = ORIENTED_EDGE ( 'NONE', *, *, #8178, .T. ) ;
#10193 = EDGE_CURVE ( 'NONE', #4379, #3585, #7789, .T. ) ;
#10194 = LINE ( 'NONE', #3102, #10634 ) ;
#10195 = CARTESIAN_POINT ( 'NONE',  ( -2.671639123616407652, -5.547715804109125237, 0.000000000000000000 ) ) ;
#10196 = CARTESIAN_POINT ( 'NONE',  ( 4.583390897398785135, 0.5661297392311771537, 0.4999999999999993339 ) ) ;
#10197 = ORIENTED_EDGE ( 'NONE', *, *, #7055, .F. ) ;
#10198 = CARTESIAN_POINT ( 'NONE',  ( -4.104615282957117195, 3.273321459758401719, -3.631099570875204645E-16 ) ) ;
#10199 = ORIENTED_EDGE ( 'NONE', *, *, #11197, .T. ) ;
#10200 = FACE_OUTER_BOUND ( 'NONE', #3313, .T. ) ;
#10201 = EDGE_CURVE ( 'NONE', #11082, #6078, #232, .T. ) ;
#10202 = ADVANCED_FACE ( 'NONE', ( #1636 ), #11431, .T. ) ;
#10203 = ORIENTED_EDGE ( 'NONE', *, *, #11056, .T. ) ;
#10204 = VERTEX_POINT ( 'NONE', #639 ) ;
#10205 = DIRECTION ( 'NONE',  ( -0.6234898018587431423, -0.7818314824680221431, -1.481414429610370493E-16 ) ) ;
#10206 = EDGE_CURVE ( 'NONE', #334, #10660, #5123, .T. ) ;
#10207 = DIRECTION ( 'NONE',  ( 0.000000000000000000, -1.000000000000000000, -1.778992974910378941E-16 ) ) ;
#10208 = ORIENTED_EDGE ( 'NONE', *, *, #4261, .T. ) ;
#10209 = FACE_OUTER_BOUND ( 'NONE', #551, .T. ) ;
#10210 = DIRECTION ( 'NONE',  ( -7.970314984685941186E-17, 3.492023159033203447E-16, -1.000000000000000000 ) ) ;
#10211 = CARTESIAN_POINT ( 'NONE',  ( -4.583390897398778030, 0.5661297392312393262, 0.000000000000000000 ) ) ;
#10212 = VERTEX_POINT ( 'NONE', #4407 ) ;
#10213 = DIRECTION ( 'NONE',  ( 1.436201133715639576E-16, -6.916380135000388919E-17, 1.000000000000000000 ) ) ;
#10214 = ORIENTED_EDGE ( 'NONE', *, *, #9475, .F. ) ;
#10215 = VECTOR ( 'NONE', #10461, 999.9999999999998863 ) ;
#10216 = DIRECTION ( 'NONE',  ( 0.7818314824680310249, 0.6234898018587321511, 0.000000000000000000 ) ) ;
#10217 = ORIENTED_EDGE ( 'NONE', *, *, #7259, .F. ) ;
#10218 = DIRECTION ( 'NONE',  ( -0.9009688679024218105, -0.4338837391175526248, 0.000000000000000000 ) ) ;
#10219 = DIRECTION ( 'NONE',  ( 0.000000000000000000, -1.000000000000000000, -1.380874408737758741E-16 ) ) ;
#10220 = DIRECTION ( 'NONE',  ( 1.000000000000000000, 0.000000000000000000, 0.000000000000000000 ) ) ;
#10221 = DIRECTION ( 'NONE',  ( 0.9009688679024157043, -0.4338837391175651148, -7.042984236905964948E-17 ) ) ;
#10222 = PLANE ( 'NONE',  #7708 ) ;
#10223 = EDGE_CURVE ( 'NONE', #9547, #3963, #687, .T. ) ;
#10224 = ORIENTED_EDGE ( 'NONE', *, *, #7821, .F. ) ;
#10225 = CARTESIAN_POINT ( 'NONE',  ( -4.921958886561765389, -3.335324801439591980, -0.005989781583923403999 ) ) ;
#10226 = SPHERICAL_SURFACE ( 'NONE', #4315, 2.043333333333333002 ) ;
#10227 = VERTEX_POINT ( 'NONE', #4232 ) ;
#10228 = DIRECTION ( 'NONE',  ( 0.1973384126673427275, 0.9803354277419201734, -0.000000000000000000 ) ) ;
#10229 = PLANE ( 'NONE',  #2461 ) ;
#10230 = ORIENTED_EDGE ( 'NONE', *, *, #9533, .T. ) ;
#10231 = CARTESIAN_POINT ( 'NONE',  ( 4.814127353296902001, 3.839138454945143053, -4.258761068126614905E-16 ) ) ;
#10232 = DIRECTION ( 'NONE',  ( -0.6234898018587320401, 0.7818314824680310249, 1.436201133715656092E-16 ) ) ;
#10233 = ORIENTED_EDGE ( 'NONE', *, *, #4135, .T. ) ;
#10234 = PLANE ( 'NONE',  #8885 ) ;
#10235 = ADVANCED_FACE ( 'NONE', ( #2454 ), #53, .T. ) ;
#10236 = ORIENTED_EDGE ( 'NONE', *, *, #4847, .T. ) ;
#10237 = LINE ( 'NONE', #11307, #5124 ) ;
#10238 =( BOUNDED_CURVE ( )  B_SPLINE_CURVE ( 3, ( #7870, #3431, #7009, #1660 ),
 .UNSPECIFIED., .F., .F. ) 
 B_SPLINE_CURVE_WITH_KNOTS ( ( 4, 4 ),
 ( 3.141592653589793116, 4.712388980384687898 ),
 .UNSPECIFIED. ) 
 CURVE ( )  GEOMETRIC_REPRESENTATION_ITEM ( )  RATIONAL_B_SPLINE_CURVE ( ( 1.000000000000000000, 0.8047378541243654926, 0.8047378541243654926, 1.000000000000000000 ) ) 
 REPRESENTATION_ITEM ( '' )  );
#10239 = CARTESIAN_POINT ( 'NONE',  ( 8.954567602896634891E-17, 1.122867261495166177E-16, -0.5000000000000000000 ) ) ;
#10240 = DIRECTION ( 'NONE',  ( 0.000000000000000000, 0.000000000000000000, 1.000000000000000000 ) ) ;
#10241 = ORIENTED_EDGE ( 'NONE', *, *, #1330, .T. ) ;
#10242 = DIRECTION ( 'NONE',  ( 0.2225209339563182231, 0.9749279121818228422, 1.851768037012963116E-16 ) ) ;
#10243 = DIRECTION ( 'NONE',  ( 0.9009688679024158153, -0.4338837391175651703, -7.970314984686171682E-17 ) ) ;
#10244 = DIRECTION ( 'NONE',  ( 0.2225209339563193056, 0.9749279121818225091, 3.547123868636634287E-17 ) ) ;
#10245 = COORDINATED_UNIVERSAL_TIME_OFFSET ( 6, 0, .BEHIND. ) ;
#10246 = ORIENTED_EDGE ( 'NONE', *, *, #9437, .F. ) ;
#10247 = CARTESIAN_POINT ( 'NONE',  ( 4.321090166594595772, -4.753382046845238129, 1.203706215242022408E-32 ) ) ;
#10248 = EDGE_CURVE ( 'NONE', #487, #1833, #3730, .T. ) ;
#10249 = ORIENTED_EDGE ( 'NONE', *, *, #1823, .F. ) ;
#10250 = DIRECTION ( 'NONE',  ( 1.436201133715639576E-16, -6.916380135000388919E-17, 1.000000000000000000 ) ) ;
#10251 = EDGE_CURVE ( 'NONE', #6345, #5263, #6991, .T. ) ;
#10252 = DIRECTION ( 'NONE',  ( -0.6234898018587320401, 0.7818314824680309139, 1.481414429610370493E-16 ) ) ;
#10253 = VERTEX_POINT ( 'NONE', #1814 ) ;
#10254 = CIRCLE ( 'NONE', #695, 0.2041022026635758713 ) ;
#10255 = ORIENTED_EDGE ( 'NONE', *, *, #7353, .T. ) ;
#10256 = CARTESIAN_POINT ( 'NONE',  ( -4.333038107473832667, -3.957163553160369496, -1.000000000000001776 ) ) ;
#10257 = VERTEX_POINT ( 'NONE', #2573 ) ;
#10258 = CARTESIAN_POINT ( 'NONE',  ( -5.443915612728869924, 2.155064053490654885, -0.5000000000000005551 ) ) ;
#10259 = LINE ( 'NONE', #10086, #8454 ) ;
#10260 = CARTESIAN_POINT ( 'NONE',  ( 0.000000000000000000, 6.157500000000000639, 0.000000000000000000 ) ) ;
#10261 = ORIENTED_EDGE ( 'NONE', *, *, #5835, .T. ) ;
#10262 = PLANE ( 'NONE',  #7935 ) ;
#10263 = B_SPLINE_CURVE_WITH_KNOTS ( 'NONE', 3,
 ( #5149, #438, #6673, #2328 ),
 .UNSPECIFIED., .F., .F.,
 ( 4, 4 ),
 ( 1.989238956369280969E-07, 0.0005046842700227630821 ),
 .UNSPECIFIED. ) ;
#10264 = ORIENTED_EDGE ( 'NONE', *, *, #6000, .T. ) ;
#10265 = B_SPLINE_CURVE_WITH_KNOTS ( 'NONE', 3,
 ( #2287, #5882, #7738, #8563 ),
 .UNSPECIFIED., .F., .F.,
 ( 4, 4 ),
 ( 9.907528806474456633E-05, 0.0002529705990291599739 ),
 .UNSPECIFIED. ) ;
#10266 = VECTOR ( 'NONE', #5260, 1000.000000000000114 ) ;
#10267 = EDGE_CURVE ( 'NONE', #9874, #2947, #3395, .T. ) ;
#10268 = DIRECTION ( 'NONE',  ( 0.000000000000000000, -1.000000000000000000, -1.758970146542670193E-16 ) ) ;
#10269 = ORIENTED_EDGE ( 'NONE', *, *, #3068, .T. ) ;
#10270 = CARTESIAN_POINT ( 'NONE',  ( -3.039904091628593097, 5.278831057677258798, 0.4669859836141827536 ) ) ;
#10271 = FACE_OUTER_BOUND ( 'NONE', #8757, .T. ) ;
#10272 = DIRECTION ( 'NONE',  ( -0.000000000000000000, -1.836970198721029688E-16, 1.000000000000000000 ) ) ;
#10273 = DIRECTION ( 'NONE',  ( 1.436201133715656092E-16, -6.916380135000592297E-17, 1.000000000000000000 ) ) ;
#10274 = EDGE_CURVE ( 'NONE', #11176, #5009, #8787, .T. ) ;
#10275 = EDGE_CURVE ( 'NONE', #11105, #1625, #7351, .T. ) ;
#10276 = DIRECTION ( 'NONE',  ( -0.9009688679024218105, 0.4338837391175526248, 7.970314984685939954E-17 ) ) ;
#10277 = VERTEX_POINT ( 'NONE', #5170 ) ;
#10278 = EDGE_CURVE ( 'NONE', #11507, #11205, #11152, .T. ) ;
#10279 = LINE ( 'NONE', #1295, #8124 ) ;
#10280 = LINE ( 'NONE', #4887, #7676 ) ;
#10281 = EDGE_LOOP ( 'NONE', ( #7838, #9739, #7607, #5581, #629, #9912 ) ) ;
#10282 = DIRECTION ( 'NONE',  ( 0.2225209339563164468, -0.9749279121818231753, 0.000000000000000000 ) ) ;
#10283 = MANIFOLD_SOLID_BREP ( 'Cut-Revolve1', #6131 ) ;
#10284 = CARTESIAN_POINT ( 'NONE',  ( 0.000000000000000000, -7.999999999999996447, -2.250000000000003553 ) ) ;
#10285 = ORIENTED_EDGE ( 'NONE', *, *, #5215, .T. ) ;
#10286 = CARTESIAN_POINT ( 'NONE',  ( 3.124591499507673564, 4.502232414170153518, -3.631099570875311634E-16 ) ) ;
#10287 = DIRECTION ( 'NONE',  ( -0.9009688679024157043, 0.4338837391175651703, 1.841765843617871870E-16 ) ) ;
#10288 = ORIENTED_EDGE ( 'NONE', *, *, #4938, .T. ) ;
#10289 = DIRECTION ( 'NONE',  ( 0.6234898018587431423, 0.7818314824680221431, 1.436201133715639822E-16 ) ) ;
#10290 = EDGE_CURVE ( 'NONE', #5596, #9411, #2864, .T. ) ;
#10291 = VERTEX_POINT ( 'NONE', #740 ) ;
#10292 = CARTESIAN_POINT ( 'NONE',  ( 2.671639123616330824, -5.547715804109162541, -2.150213260174694521E-15 ) ) ;
#10293 = DIRECTION ( 'NONE',  ( 0.000000000000000000, 0.000000000000000000, 1.000000000000000000 ) ) ;
#10294 = AXIS2_PLACEMENT_3D ( 'NONE', #10646, #9884, #5382 ) ;
#10295 = FACE_OUTER_BOUND ( 'NONE', #8755, .T. ) ;
#10296 = ADVANCED_FACE ( 'NONE', ( #3570 ), #7146, .F. ) ;
#10297 = ORIENTED_EDGE ( 'NONE', *, *, #4263, .T. ) ;
#10298 = DIRECTION ( 'NONE',  ( 0.000000000000000000, -1.000000000000000000, -1.380874408737758741E-16 ) ) ;
#10299 = CARTESIAN_POINT ( 'NONE',  ( 1.986007203333997273, 4.446908180657973553, -0.5000000000000000000 ) ) ;
#10300 = CARTESIAN_POINT ( 'NONE',  ( 6.003118619259574018, -1.370172650836029460, -1.830752539561563585 ) ) ;
#10301 = ORIENTED_EDGE ( 'NONE', *, *, #10708, .F. ) ;
#10302 = DIRECTION ( 'NONE',  ( 0.2225209339563182231, 0.9749279121818228422, 1.851768037012963116E-16 ) ) ;
#10303 = ORIENTED_EDGE ( 'NONE', *, *, #8168, .F. ) ;
#10304 = CIRCLE ( 'NONE', #6564, 0.2041022026635771480 ) ;
#10305 = AXIS2_PLACEMENT_3D ( 'NONE', #3772, #2832, #10092 ) ;
#10306 =( BOUNDED_CURVE ( )  B_SPLINE_CURVE ( 3, ( #8036, #8801, #11627, #758 ),
 .UNSPECIFIED., .F., .F. ) 
 B_SPLINE_CURVE_WITH_KNOTS ( ( 4, 4 ),
 ( 3.141592653589793116, 3.635931312130150417 ),
 .UNSPECIFIED. ) 
 CURVE ( )  GEOMETRIC_REPRESENTATION_ITEM ( )  RATIONAL_B_SPLINE_CURVE ( ( 1.000000000000000000, 0.9797392387487857679, 0.9797392387487857679, 1.000000000000000000 ) ) 
 REPRESENTATION_ITEM ( '' )  );
#10307 = LINE ( 'NONE', #1398, #1732 ) ;
#10308 = FACE_OUTER_BOUND ( 'NONE', #7682, .T. ) ;
#10309 = ORIENTED_EDGE ( 'NONE', *, *, #8619, .F. ) ;
#10310 = EDGE_CURVE ( 'NONE', #8678, #10656, #7771, .T. ) ;
#10311 = VERTEX_POINT ( 'NONE', #6279 ) ;
#10312 = AXIS2_PLACEMENT_3D ( 'NONE', #5205, #8774, #10139 ) ;
#10313 = DIRECTION ( 'NONE',  ( 0.9009688679024158153, -0.4338837391175651703, -7.970314984686171682E-17 ) ) ;
#10314 = CIRCLE ( 'NONE', #1483, 3.531249999999997335 ) ;
#10315 = ORIENTED_EDGE ( 'NONE', *, *, #8374, .F. ) ;
#10316 = CARTESIAN_POINT ( 'NONE',  ( 5.850399315317974747, 1.803152313773490389, -0.5000000000000006661 ) ) ;
#10317 = CARTESIAN_POINT ( 'NONE',  ( 3.846156353572150747E-16, 3.140624999999996447, -2.109375000000002665 ) ) ;
#10318 = DIRECTION ( 'NONE',  ( 0.000000000000000000, 0.000000000000000000, 1.000000000000000000 ) ) ;
#10319 = ORIENTED_EDGE ( 'NONE', *, *, #8534, .F. ) ;
#10320 = FACE_OUTER_BOUND ( 'NONE', #6685, .T. ) ;
#10321 = AXIS2_PLACEMENT_3D ( 'NONE', #4827, #5896, #10161 ) ;
#10322 = ORIENTED_EDGE ( 'NONE', *, *, #5630, .F. ) ;
#10323 = AXIS2_PLACEMENT_3D ( 'NONE', #10177, #2850, #311 ) ;
#10324 = PLANE ( 'NONE',  #9363 ) ;
#10325 = CIRCLE ( 'NONE', #8639, 5.854956726839295023 ) ;
#10326 = AXIS2_PLACEMENT_3D ( 'NONE', #5223, #1688, #6809 ) ;
#10327 = DIRECTION ( 'NONE',  ( 0.6031473672326259639, 0.7976297721376450767, 0.000000000000000000 ) ) ;
#10328 = ORIENTED_EDGE ( 'NONE', *, *, #6424, .F. ) ;
#10329 = LINE ( 'NONE', #2300, #1906 ) ;
#10330 = LINE ( 'NONE', #8574, #572 ) ;
#10331 = VECTOR ( 'NONE', #5943, 1000.000000000000114 ) ;
#10332 = ADVANCED_FACE ( 'NONE', ( #10018 ), #10790, .T. ) ;
#10333 = AXIS2_PLACEMENT_3D ( 'NONE', #6310, #6358, #9879 ) ;
#10334 = CARTESIAN_POINT ( 'NONE',  ( -5.955582891440475812, 2.407798482907698823, 0.000000000000000000 ) ) ;
#10335 = VERTEX_POINT ( 'NONE', #6328 ) ;
#10336 = CARTESIAN_POINT ( 'NONE',  ( -0.5838616507317841986, -6.604956726839298575, -0.2500000000000026090 ) ) ;
#10337 = AXIS2_PLACEMENT_3D ( 'NONE', #2990, #4861, #2222 ) ;
#10338 = CARTESIAN_POINT ( 'NONE',  ( 4.482330168068159537, -4.154594228884109341, -0.1680249406405519008 ) ) ;
#10339 = CIRCLE ( 'NONE', #4551, 5.854956726839295023 ) ;
#10340 = VERTEX_POINT ( 'NONE', #7307 ) ;
#10341 = CARTESIAN_POINT ( 'NONE',  ( -4.214864141736369696, -4.079440067664955372, 0.000000000000000000 ) ) ;
#10342 = AXIS2_PLACEMENT_3D ( 'NONE', #8511, #9319, #5980 ) ;
#10343 = CIRCLE ( 'NONE', #9043, 1.571836107868756383 ) ;
#10344 = DIRECTION ( 'NONE',  ( -0.000000000000000000, -1.836970198721029688E-16, 1.000000000000000000 ) ) ;
#10345 = AXIS2_PLACEMENT_3D ( 'NONE', #9371, #2117, #6639 ) ;
#10346 = ADVANCED_FACE ( 'NONE', ( #276 ), #3869, .T. ) ;
#10347 = ORIENTED_EDGE ( 'NONE', *, *, #2434, .T. ) ;
#10348 = EDGE_CURVE ( 'NONE', #2359, #2671, #5451, .T. ) ;
#10349 = CARTESIAN_POINT ( 'NONE',  ( 1.986007203333997273, 4.446908180657973553, -0.5000000000000000000 ) ) ;
#10350 = MANIFOLD_SOLID_BREP ( 'CirPattern2[6]', #5201 ) ;
#10351 = CARTESIAN_POINT ( 'NONE',  ( -7.181005668578199110E-17, -3.458190067500194460E-17, 0.5000000000000000000 ) ) ;
#10352 = CYLINDRICAL_SURFACE ( 'NONE', #6594, 4.618222060490380088 ) ;
#10353 = ADVANCED_FACE ( 'NONE', ( #1990 ), #5571, .T. ) ;
#10354 = CARTESIAN_POINT ( 'NONE',  ( 1.986007203333997273, 4.446908180657973553, -0.5000000000000000000 ) ) ;
#10355 = AXIS2_PLACEMENT_3D ( 'NONE', #7602, #1266, #2267 ) ;
#10356 = VECTOR ( 'NONE', #8144, 1000.000000000000114 ) ;
#10357 = ORIENTED_EDGE ( 'NONE', *, *, #8427, .T. ) ;
#10358 = DIRECTION ( 'NONE',  ( 0.000000000000000000, 1.000000000000000000, 1.734723475976807094E-16 ) ) ;
#10359 = ORIENTED_EDGE ( 'NONE', *, *, #7611, .T. ) ;
#10360 = AXIS2_PLACEMENT_3D ( 'NONE', #8257, #9903, #8202 ) ;
#10361 = FACE_OUTER_BOUND ( 'NONE', #6687, .T. ) ;
#10362 = VECTOR ( 'NONE', #8011, 1000.000000000000000 ) ;
#10363 = DIRECTION ( 'NONE',  ( -0.000000000000000000, -0.000000000000000000, -1.000000000000000000 ) ) ;
#10364 = VERTEX_POINT ( 'NONE', #6450 ) ;
#10365 = DIRECTION ( 'NONE',  ( 0.000000000000000000, 0.000000000000000000, 1.000000000000000000 ) ) ;
#10367 = AXIS2_PLACEMENT_3D ( 'NONE', #729, #9711, #4326 ) ;
#10366 = DIRECTION ( 'NONE',  ( -0.9009688679024216995, -0.4338837391175529024, -7.970314984685951047E-17 ) ) ;
#10368 = DIRECTION ( 'NONE',  ( 0.000000000000000000, -4.244837216908990117E-16, 1.000000000000000000 ) ) ;
#10369 = APPROVAL_DATE_TIME ( #5969, #7554 ) ;
#10370 = ORIENTED_EDGE ( 'NONE', *, *, #2661, .T. ) ;
#10371 = LINE ( 'NONE', #11374, #3638 ) ;
#10372 = VECTOR ( 'NONE', #3661, 1000.000000000000000 ) ;
#10373 = ORIENTED_EDGE ( 'NONE', *, *, #8713, .F. ) ;
#10374 = CIRCLE ( 'NONE', #4398, 0.06243749999999999301 ) ;
#10375 = EDGE_CURVE ( 'NONE', #6505, #11222, #9978, .T. ) ;
#10376 = DIRECTION ( 'NONE',  ( 0.000000000000000000, 1.000000000000000000, 0.000000000000000000 ) ) ;
#10377 = AXIS2_PLACEMENT_3D ( 'NONE', #2426, #538, #7642 ) ;
#10378 = DIRECTION ( 'NONE',  ( 0.9009688679024157043, -0.4338837391175651703, -7.407072148051852464E-17 ) ) ;
#10379 = ORIENTED_EDGE ( 'NONE', *, *, #1975, .F. ) ;
#10380 = ORIENTED_EDGE ( 'NONE', *, *, #5957, .F. ) ;
#10381 = CIRCLE ( 'NONE', #8460, 0.2041022026635757880 ) ;
#10382 = CYLINDRICAL_SURFACE ( 'NONE', #7265, 0.7499999999999996669 ) ;
#10383 = FACE_OUTER_BOUND ( 'NONE', #11428, .T. ) ;
#10384 = DIRECTION ( 'NONE',  ( -1.790913520579326978E-16, -2.245734522990332355E-16, 1.000000000000000000 ) ) ;
#10385 = DIRECTION ( 'NONE',  ( 0.2225209339563050392, -0.9749279121818257288, -1.851768037012963116E-16 ) ) ;
#10386 = EDGE_LOOP ( 'NONE', ( #2637, #4335, #11623, #3812, #4043, #38, #2346, #4608, #7375, #11568, #378, #176 ) ) ;
#10387 =( BOUNDED_CURVE ( )  B_SPLINE_CURVE ( 3, ( #1778, #5364, #881, #4472 ),
 .UNSPECIFIED., .F., .F. ) 
 B_SPLINE_CURVE_WITH_KNOTS ( ( 4, 4 ),
 ( 4.712388980384689674, 6.283185307179586232 ),
 .UNSPECIFIED. ) 
 CURVE ( )  GEOMETRIC_REPRESENTATION_ITEM ( )  RATIONAL_B_SPLINE_CURVE ( ( 1.000000000000000000, 0.8047378541243649375, 0.8047378541243649375, 1.000000000000000000 ) ) 
 REPRESENTATION_ITEM ( '' )  );
#10388 = DIRECTION ( 'NONE',  ( -0.000000000000000000, -0.000000000000000000, -1.000000000000000000 ) ) ;
#10389 = ORIENTED_EDGE ( 'NONE', *, *, #5391, .F. ) ;
#10390 = EDGE_CURVE ( 'NONE', #8396, #4419, #8297, .T. ) ;
#10391 = DIRECTION ( 'NONE',  ( -0.4338837391175525693, 0.9009688679024218105, 0.000000000000000000 ) ) ;
#10392 = ORIENTED_EDGE ( 'NONE', *, *, #3636, .F. ) ;
#10393 = CARTESIAN_POINT ( 'NONE',  ( 1.884140137117972680, -3.912457308866267969, -1.516411056810168482E-15 ) ) ;
#10394 = VERTEX_POINT ( 'NONE', #918 ) ;
#10395 = CARTESIAN_POINT ( 'NONE',  ( -3.256904846323506408, 5.537010144161524927, 0.3666893729391500489 ) ) ;
#10396 = DIRECTION ( 'NONE',  ( 0.6234898018587269330, 0.7818314824680352437, 6.391696352470580294E-17 ) ) ;
#10397 = DIRECTION ( 'NONE',  ( 0.000000000000000000, 0.000000000000000000, 1.000000000000000000 ) ) ;
#10398 = EDGE_LOOP ( 'NONE', ( #5072, #10719, #6541, #7538, #2131, #5418 ) ) ;
#10399 = FACE_OUTER_BOUND ( 'NONE', #6198, .T. ) ;
#10400 = CARTESIAN_POINT ( 'NONE',  ( 0.000000000000000000, -6.968749999999999112, 0.5832010266623350869 ) ) ;
#10401 = EDGE_CURVE ( 'NONE', #2027, #11401, #4564, .T. ) ;
#10402 = EDGE_LOOP ( 'NONE', ( #5090, #4174 ) ) ;
#10403 = PLANE ( 'NONE',  #4573 ) ;
#10404 = EDGE_CURVE ( 'NONE', #6732, #10435, #6426, .T. ) ;
#10405 = DIRECTION ( 'NONE',  ( 0.6234898018587431423, 0.7818314824680221431, -0.000000000000000000 ) ) ;
#10406 = ORIENTED_EDGE ( 'NONE', *, *, #11387, .T. ) ;
#10407 = LINE ( 'NONE', #10349, #180 ) ;
#10408 = MANIFOLD_SOLID_BREP ( 'CirPattern2[2]', #8568 ) ;
#10409 = DIRECTION ( 'NONE',  ( 0.000000000000000000, 0.000000000000000000, 1.000000000000000000 ) ) ;
#10410 = CARTESIAN_POINT ( 'NONE',  ( -4.028020539654795229, -4.249184487084527895, 1.027403880348036144E-17 ) ) ;
#10411 = DIRECTION ( 'NONE',  ( 0.6234898018587320401, -0.7818314824680310249, 0.000000000000000000 ) ) ;
#10412 = B_SPLINE_CURVE_WITH_KNOTS ( 'NONE', 3,
 ( #4548, #1899, #3670, #9060 ),
 .UNSPECIFIED., .F., .F.,
 ( 4, 4 ),
 ( 0.0005048269569637057553, 0.001006091645346890483 ),
 .UNSPECIFIED. ) ;
#10413 = VERTEX_POINT ( 'NONE', #8083 ) ;
#10414 = DIRECTION ( 'NONE',  ( -0.9009688679024151492, 0.4338837391175665026, 2.233232632184277082E-16 ) ) ;
#10415 = ADVANCED_FACE ( 'NONE', ( #8196, #9899 ), #1084, .F. ) ;
#10416 = VERTEX_POINT ( 'NONE', #2042 ) ;
#10417 = ADVANCED_FACE ( 'NONE', ( #6552 ), #10120, .T. ) ;
#10418 = DIRECTION ( 'NONE',  ( 0.000000000000000000, -5.518143613359629527E-16, 1.000000000000000000 ) ) ;
#10419 = EDGE_CURVE ( 'NONE', #7082, #8441, #1472, .T. ) ;
#10420 = CARTESIAN_POINT ( 'NONE',  ( -1.030938487845655782, -5.763478472887639370, 0.000000000000000000 ) ) ;
#10421 = DIRECTION ( 'NONE',  ( 1.532107773982716026E-14, 1.000000000000000000, 6.916380135000607089E-17 ) ) ;
#10422 = DIRECTION ( 'NONE',  ( 0.000000000000000000, 0.000000000000000000, 1.000000000000000000 ) ) ;
#10423 = ORIENTED_EDGE ( 'NONE', *, *, #11300, .F. ) ;
#10424 = CARTESIAN_POINT ( 'NONE',  ( 9.032753688172296871E-16, 7.375803125000000904, -2.312500000000000444 ) ) ;
#10425 = FACE_OUTER_BOUND ( 'NONE', #680, .T. ) ;
#10426 = SPHERICAL_SURFACE ( 'NONE', #5292, 2.043333333333333002 ) ;
#10427 = APPROVAL_ROLE ( '' ) ;
#10428 = EDGE_LOOP ( 'NONE', ( #10968, #5842, #11488, #1534 ) ) ;
#10429 = CARTESIAN_POINT ( 'NONE',  ( -2.277889630367217144, -4.730086556487682614, -1.833312158492425881E-15 ) ) ;
#10430 = EDGE_CURVE ( 'NONE', #3639, #140, #10963, .T. ) ;
#10431 = VERTEX_POINT ( 'NONE', #4580 ) ;
#10432 = ADVANCED_FACE ( 'NONE', ( #5621 ), #9193, .T. ) ;
#10433 = ADVANCED_FACE ( 'NONE', ( #10839 ), #3153, .F. ) ;
#10434 = CARTESIAN_POINT ( 'NONE',  ( 0.000000000000000000, 0.000000000000000000, 0.000000000000000000 ) ) ;
#10435 = VERTEX_POINT ( 'NONE', #5921 ) ;
#10436 = ORIENTED_EDGE ( 'NONE', *, *, #8178, .F. ) ;
#10437 = FACE_OUTER_BOUND ( 'NONE', #3054, .T. ) ;
#10438 = CARTESIAN_POINT ( 'NONE',  ( -4.941621282458614317, -3.194024389560619515, -1.000000000000001554 ) ) ;
#10439 = CARTESIAN_POINT ( 'NONE',  ( 2.277889630367151419, -4.730086556487714589, -0.5000000000000015543 ) ) ;
#10440 = DIRECTION ( 'NONE',  ( -1.553127079042369511E-14, -1.000000000000000000, 0.000000000000000000 ) ) ;
#10441 = ORIENTED_EDGE ( 'NONE', *, *, #7673, .F. ) ;
#10442 = CARTESIAN_POINT ( 'NONE',  ( 3.088483592491720220, 4.974111716886759460, 0.5000000000000000000 ) ) ;
#10443 = ORIENTED_EDGE ( 'NONE', *, *, #7084, .F. ) ;
#10444 = EDGE_CURVE ( 'NONE', #8935, #6384, #10738, .T. ) ;
#10445 = DIRECTION ( 'NONE',  ( 0.4338837391175525693, -0.9009688679024218105, 0.000000000000000000 ) ) ;
#10446 = VERTEX_POINT ( 'NONE', #11137 ) ;
#10447 = CARTESIAN_POINT ( 'NONE',  ( 4.210968453991995375, -4.067955623239389418, -0.1680762712352709964 ) ) ;
#10448 = ORIENTED_EDGE ( 'NONE', *, *, #3820, .F. ) ;
#10449 = ADVANCED_FACE ( 'NONE', ( #3103 ), #4913, .T. ) ;
#10450 = FACE_OUTER_BOUND ( 'NONE', #4995, .T. ) ;
#10451 = CARTESIAN_POINT ( 'NONE',  ( 0.000000000000000000, -7.375803124999999127, -2.312500000000003109 ) ) ;
#10452 = CARTESIAN_POINT ( 'NONE',  ( 5.472773158957018325, 2.080690323849354595, 1.027403961127392839E-17 ) ) ;
#10453 = ORIENTED_EDGE ( 'NONE', *, *, #11512, .F. ) ;
#10454 = AXIS2_PLACEMENT_3D ( 'NONE', #980, #5395, #7256 ) ;
#10455 = CARTESIAN_POINT ( 'NONE',  ( 8.954567602896607774E-17, -1.122867261495178503E-16, 0.5000000000000000000 ) ) ;
#10456 = ORIENTED_EDGE ( 'NONE', *, *, #2901, .F. ) ;
#10457 = ORIENTED_EDGE ( 'NONE', *, *, #7377, .F. ) ;
#10458 = CARTESIAN_POINT ( 'NONE',  ( 3.039904091628594429, 5.278831057677257022, 0.4669859836141823650 ) ) ;
#10459 = EDGE_CURVE ( 'NONE', #5378, #6084, #11482, .T. ) ;
#10460 = DIRECTION ( 'NONE',  ( -0.000000000000000000, -1.836970198721029688E-16, 1.000000000000000000 ) ) ;
#10461 = DIRECTION ( 'NONE',  ( 0.4338837391175649483, 0.9009688679024159264, -0.000000000000000000 ) ) ;
#10462 = FACE_OUTER_BOUND ( 'NONE', #8272, .T. ) ;
#10463 = DIRECTION ( 'NONE',  ( -0.000000000000000000, -1.836970198721029688E-16, 1.000000000000000000 ) ) ;
#10464 = ORIENTED_EDGE ( 'NONE', *, *, #7672, .T. ) ;
#10465 = CARTESIAN_POINT ( 'NONE',  ( -4.233624458649579481, -0.9662971557052549842, 0.4999999999999990563 ) ) ;
#10466 = CARTESIAN_POINT ( 'NONE',  ( 6.003118619259574018, -1.370172650836029904, 1.830752539561560921 ) ) ;
#10467 = DIRECTION ( 'NONE',  ( 0.9009688679024157043, -0.4338837391175651703, -7.407072148051852464E-17 ) ) ;
#10468 = CARTESIAN_POINT ( 'NONE',  ( -2.415079429167877656, 3.936415418983388204, 0.000000000000000000 ) ) ;
#10469 = ORIENTED_EDGE ( 'NONE', *, *, #9638, .T. ) ;
#10470 = DIRECTION ( 'NONE',  ( 0.6234898018587320401, -0.7818314824680310249, 0.000000000000000000 ) ) ;
#10471 = DIRECTION ( 'NONE',  ( -1.790913520579321801E-16, -2.245734522990357007E-16, 1.000000000000000000 ) ) ;
#10472 = DIRECTION ( 'NONE',  ( 0.000000000000000000, 0.000000000000000000, 1.000000000000000000 ) ) ;
#10473 = EDGE_CURVE ( 'NONE', #11079, #1002, #7718, .T. ) ;
#10474 = VERTEX_POINT ( 'NONE', #9258 ) ;
#10475 = FACE_OUTER_BOUND ( 'NONE', #3383, .T. ) ;
#10476 = ORIENTED_EDGE ( 'NONE', *, *, #9461, .F. ) ;
#10477 = FACE_OUTER_BOUND ( 'NONE', #7279, .T. ) ;
#10478 = VECTOR ( 'NONE', #9831, 999.9999999999998863 ) ;
#10479 = CARTESIAN_POINT ( 'NONE',  ( 1.759939609971410190, 5.584436492671689400, 0.3377898998920299545 ) ) ;
#10480 = ORIENTED_EDGE ( 'NONE', *, *, #6893, .T. ) ;
#10481 = EDGE_CURVE ( 'NONE', #7964, #7556, #7917, .T. ) ;
#10482 = ORIENTED_EDGE ( 'NONE', *, *, #5036, .T. ) ;
#10483 = EDGE_CURVE ( 'NONE', #3422, #10394, #4366, .T. ) ;
#10484 = ORIENTED_EDGE ( 'NONE', *, *, #4148, .T. ) ;
#10485 = CARTESIAN_POINT ( 'NONE',  ( 0.000000000000000000, 0.000000000000000000, 0.000000000000000000 ) ) ;
#10486 = DIRECTION ( 'NONE',  ( 0.7818314824680308028, 0.6234898018587322621, -6.916380135000587367E-17 ) ) ;
#10487 = AXIS2_PLACEMENT_3D ( 'NONE', #4111, #749, #1519 ) ;
#10488 = EDGE_CURVE ( 'NONE', #3807, #35, #10919, .T. ) ;
#10489 = CARTESIAN_POINT ( 'NONE',  ( -4.915968795789769530, -3.180552346256043439, 0.3369669046200260976 ) ) ;
#10490 = ORIENTED_EDGE ( 'NONE', *, *, #2240, .F. ) ;
#10491 = CARTESIAN_POINT ( 'NONE',  ( -3.391824491822198251, 5.697532308577989646, -0.2500000000000000000 ) ) ;
#10492 = ORIENTED_EDGE ( 'NONE', *, *, #4186, .F. ) ;
#10493 = FACE_OUTER_BOUND ( 'NONE', #1805, .T. ) ;
#10494 = AXIS2_PLACEMENT_3D ( 'NONE', #5229, #8692, #10391 ) ;
#10495 = ORIENTED_EDGE ( 'NONE', *, *, #6499, .F. ) ;
#10496 = AXIS2_PLACEMENT_3D ( 'NONE', #8529, #477, #5905 ) ;
#10497 = CARTESIAN_POINT ( 'NONE',  ( 4.087814522250992511, -4.865721676347086522, -9.629649721936179265E-32 ) ) ;
#10498 = ORIENTED_EDGE ( 'NONE', *, *, #4451, .T. ) ;
#10499 = DIRECTION ( 'NONE',  ( -0.000000000000000000, -1.836970198721029688E-16, 1.000000000000000000 ) ) ;
#10500 = EDGE_LOOP ( 'NONE', ( #4604, #4404, #6644, #9984 ) ) ;
#10501 = CYLINDRICAL_SURFACE ( 'NONE', #3612, 0.7500000000000001110 ) ;
#10502 = ADVANCED_FACE ( 'NONE', ( #4851 ), #2160, .F. ) ;
#10503 = CARTESIAN_POINT ( 'NONE',  ( 0.000000000000000000, -3.531249999999996891, 2.499999999999999556 ) ) ;
#10504 = CARTESIAN_POINT ( 'NONE',  ( 5.463455700273311066, 2.105703763022724218, -0.3372648878341742429 ) ) ;
#10505 = EDGE_LOOP ( 'NONE', ( #455, #6054, #10537, #6744, #1276, #2819 ) ) ;
#10506 = CARTESIAN_POINT ( 'NONE',  ( -2.186983519523827191, 5.445315942405214216, -1.000000000000000000 ) ) ;
#10507 = AXIS2_PLACEMENT_3D ( 'NONE', #602, #425, #11297 ) ;
#10508 = VERTEX_POINT ( 'NONE', #4973 ) ;
#10509 = EDGE_CURVE ( 'NONE', #655, #1774, #8495, .T. ) ;
#10510 = VECTOR ( 'NONE', #121, 999.9999999999998863 ) ;
#10511 = DIRECTION ( 'NONE',  ( -0.4338837391175528468, 0.9009688679024215885, 0.000000000000000000 ) ) ;
#10512 = ORIENTED_EDGE ( 'NONE', *, *, #3923, .T. ) ;
#10513 = AXIS2_PLACEMENT_3D ( 'NONE', #5720, #10867, #2949 ) ;
#10514 = CIRCLE ( 'NONE', #10136, 0.9075000000000029710 ) ;
#10515 = CARTESIAN_POINT ( 'NONE',  ( -5.057425556495205754, -3.449779290889329442, -0.2083800311308717790 ) ) ;
#10516 = FACE_OUTER_BOUND ( 'NONE', #4325, .T. ) ;
#10517 = VECTOR ( 'NONE', #3366, 1000.000000000000000 ) ;
#10518 = CARTESIAN_POINT ( 'NONE',  ( -7.181005668578199110E-17, -3.458190067500194460E-17, 0.5000000000000000000 ) ) ;
#10519 = DIRECTION ( 'NONE',  ( -0.000000000000000000, -1.836970198721029688E-16, 1.000000000000000000 ) ) ;
#10520 = VECTOR ( 'NONE', #3062, 1000.000000000000000 ) ;
#10521 = CARTESIAN_POINT ( 'NONE',  ( 8.534257381558117470E-16, 6.968749999999999112, 2.500000000000001332 ) ) ;
#10522 = VERTEX_POINT ( 'NONE', #6727 ) ;
#10523 = CIRCLE ( 'NONE', #2096, 2.043333333333333002 ) ;
#10524 = AXIS2_PLACEMENT_3D ( 'NONE', #7583, #8358, #10048 ) ;
#10525 = EDGE_CURVE ( 'NONE', #1188, #5563, #444, .T. ) ;
#10526 = FACE_OUTER_BOUND ( 'NONE', #9142, .T. ) ;
#10527 = CIRCLE ( 'NONE', #9971, 1.981214554537471306 ) ;
#10528 = DIRECTION ( 'NONE',  ( 1.000000000000000000, 0.000000000000000000, 0.000000000000000000 ) ) ;
#10529 = CARTESIAN_POINT ( 'NONE',  ( -6.410499384205708751, 0.4146791002803807413, 2.407412430484044816E-32 ) ) ;
#10530 = ORIENTED_EDGE ( 'NONE', *, *, #1745, .F. ) ;
#10531 = DIRECTION ( 'NONE',  ( 0.9009688679024158153, -0.4338837391175651703, -7.970314984686171682E-17 ) ) ;
#10532 = CIRCLE ( 'NONE', #9397, 1.571836107868756383 ) ;
#10533 = VECTOR ( 'NONE', #331, 1000.000000000000000 ) ;
#10534 = CARTESIAN_POINT ( 'NONE',  ( 0.000000000000000000, 0.000000000000000000, 0.000000000000000000 ) ) ;
#10535 = CARTESIAN_POINT ( 'NONE',  ( -5.463392660518462840, 2.105863007990450786, 0.3377898998919816043 ) ) ;
#10536 = CARTESIAN_POINT ( 'NONE',  ( 4.104615282957162492, 3.273321459758343543, -3.631099570875311634E-16 ) ) ;
#10537 = ORIENTED_EDGE ( 'NONE', *, *, #1517, .T. ) ;
#10538 = MANIFOLD_SOLID_BREP ( 'CirPattern15', #11398 ) ;
#10539 = LINE ( 'NONE', #9661, #1957 ) ;
#10540 = CIRCLE ( 'NONE', #10166, 1.744770758581195791 ) ;
#10541 = ORIENTED_EDGE ( 'NONE', *, *, #1451, .T. ) ;
#10542 = AXIS2_PLACEMENT_3D ( 'NONE', #9426, #1391, #9357 ) ;
#10543 = FACE_OUTER_BOUND ( 'NONE', #6945, .T. ) ;
#10544 = VECTOR ( 'NONE', #10644, 1000.000000000000000 ) ;
#10545 = CARTESIAN_POINT ( 'NONE',  ( 0.000000000000000000, 0.000000000000000000, 0.000000000000000000 ) ) ;
#10546 = EDGE_CURVE ( 'NONE', #7143, #11030, #5744, .T. ) ;
#10547 = EDGE_LOOP ( 'NONE', ( #158, #8949, #4506, #8782 ) ) ;
#10548 = AXIS2_PLACEMENT_3D ( 'NONE', #11092, #2353, #5936 ) ;
#10549 = ORIENTED_EDGE ( 'NONE', *, *, #661, .T. ) ;
#10550 = DIRECTION ( 'NONE',  ( 0.2225209339563050392, -0.9749279121818257288, -1.878129129841590735E-16 ) ) ;
#10551 = CARTESIAN_POINT ( 'NONE',  ( -0.8896469117637311186, -5.786972148330245425, 0.4999999999999980571 ) ) ;
#10552 = FACE_OUTER_BOUND ( 'NONE', #11073, .T. ) ;
#10553 = AXIS2_PLACEMENT_3D ( 'NONE', #2620, #11417, #7778 ) ;
#10554 = AXIS2_PLACEMENT_3D ( 'NONE', #10874, #5604, #3726 ) ;
#10555 = DIRECTION ( 'NONE',  ( -0.000000000000000000, -1.836970198721029688E-16, 1.000000000000000000 ) ) ;
#10556 = EDGE_LOOP ( 'NONE', ( #9961, #2996, #5544, #800 ) ) ;
#10557 = CARTESIAN_POINT ( 'NONE',  ( 5.833575934969735144, 0.4999100760163765478, 1.027403920737714492E-17 ) ) ;
#10558 = ORIENTED_EDGE ( 'NONE', *, *, #1442, .T. ) ;
#10559 = CIRCLE ( 'NONE', #10367, 1.744770758581195791 ) ;
#10560 = EDGE_CURVE ( 'NONE', #7143, #520, #7542, .T. ) ;
#10561 = DIRECTION ( 'NONE',  ( 0.9749279121818227312, -0.2225209339563182231, -2.245734522990357007E-16 ) ) ;
#10562 = EDGE_CURVE ( 'NONE', #4936, #2371, #2100, .T. ) ;
#10563 = AXIS2_PLACEMENT_3D ( 'NONE', #4767, #342, #4601 ) ;
#10564 = EDGE_CURVE ( 'NONE', #8219, #4182, #8672, .T. ) ;
#10565 = ORIENTED_EDGE ( 'NONE', *, *, #5547, .F. ) ;
#10566 = VECTOR ( 'NONE', #6735, 1000.000000000000000 ) ;
#10567 = FACE_OUTER_BOUND ( 'NONE', #5856, .T. ) ;
#10568 = EDGE_LOOP ( 'NONE', ( #2847, #4240, #5477, #8415, #1082, #4136, #3060, #9841 ) ) ;
#10569 = DIRECTION ( 'NONE',  ( 7.970314984685941186E-17, -3.492023159033203447E-16, 1.000000000000000000 ) ) ;
#10570 = VERTEX_POINT ( 'NONE', #1322 ) ;
#10571 = CARTESIAN_POINT ( 'NONE',  ( 5.443915612728972064, 2.155064053490393317, 0.5000000000000002220 ) ) ;
#10572 = DIRECTION ( 'NONE',  ( 1.379535903339907382E-16, -5.518143613359629527E-16, 1.000000000000000000 ) ) ;
#10573 = SPHERICAL_SURFACE ( 'NONE', #5693, 1.815000000000000169 ) ;
#10574 = ORIENTED_EDGE ( 'NONE', *, *, #4623, .F. ) ;
#10575 = PLANE ( 'NONE',  #11296 ) ;
#10576 = ORIENTED_EDGE ( 'NONE', *, *, #8053, .T. ) ;
#10577 = EDGE_CURVE ( 'NONE', #9495, #3361, #3625, .T. ) ;
#10578 = DIRECTION ( 'NONE',  ( -0.6234898018587320401, 0.7818314824680310249, 1.408596847381192990E-16 ) ) ;
#10579 = ORIENTED_EDGE ( 'NONE', *, *, #748, .F. ) ;
#10580 = CARTESIAN_POINT ( 'NONE',  ( 0.000000000000000000, 0.000000000000000000, 2.500000000000000000 ) ) ;
#10581 = MANIFOLD_SOLID_BREP ( 'CirPattern2[4]', #4083 ) ;
#10582 = FACE_OUTER_BOUND ( 'NONE', #1032, .T. ) ;
#10583 = CARTESIAN_POINT ( 'NONE',  ( -3.718771810570201453, -3.144829597896483087, -0.5000000000000013323 ) ) ;
#10584 = CARTESIAN_POINT ( 'NONE',  ( 5.729658811953131980, 1.970584941025454562, 0.000000000000000000 ) ) ;
#10585 = DIRECTION ( 'NONE',  ( -0.000000000000000000, -1.836970198721029688E-16, 1.000000000000000000 ) ) ;
#10586 = ORIENTED_EDGE ( 'NONE', *, *, #10193, .F. ) ;
#10587 = CARTESIAN_POINT ( 'NONE',  ( -2.415079429167878100, 3.936415418983388204, -0.4999999999999998890 ) ) ;
#10588 = CARTESIAN_POINT ( 'NONE',  ( 0.5838616507318712401, -6.604956726839290582, -1.000000000000002442 ) ) ;
#10589 = CARTESIAN_POINT ( 'NONE',  ( -1.884140137118027303, -3.912457308866241767, 1.571836107868754828 ) ) ;
#10590 = CARTESIAN_POINT ( 'NONE',  ( 0.000000000000000000, 6.019109190525245678E-17, 2.172334957055047422 ) ) ;
#10591 = ORIENTED_EDGE ( 'NONE', *, *, #8053, .F. ) ;
#10592 = CARTESIAN_POINT ( 'NONE',  ( 6.429395695523603167E-16, 5.250000000000000000, 9.704761634013689082E-17 ) ) ;
#10593 = CARTESIAN_POINT ( 'NONE',  ( 4.940813756373727550, -3.141476993070116297, -0.5000000000000016653 ) ) ;
#10594 = EDGE_CURVE ( 'NONE', #3024, #9233, #11492, .T. ) ;
#10595 = CARTESIAN_POINT ( 'NONE',  ( -2.238477577586309497, 4.325324856417221753, -1.000000000000000000 ) ) ;
#10596 = CARTESIAN_POINT ( 'NONE',  ( 3.059779840274899243, 5.302478452986587598, -0.2500000000000000000 ) ) ;
#10597 = ORIENTED_EDGE ( 'NONE', *, *, #8119, .T. ) ;
#10598 = DIRECTION ( 'NONE',  ( 1.000000000000000000, 0.000000000000000000, 0.000000000000000000 ) ) ;
#10599 = ORIENTED_EDGE ( 'NONE', *, *, #10636, .T. ) ;
#10600 = PLANE ( 'NONE',  #9793 ) ;
#10601 = DIRECTION ( 'NONE',  ( -0.000000000000000000, 0.000000000000000000, -1.000000000000000000 ) ) ;
#10602 = ORIENTED_EDGE ( 'NONE', *, *, #5807, .F. ) ;
#10603 = ORIENTED_EDGE ( 'NONE', *, *, #4541, .F. ) ;
#10604 = CARTESIAN_POINT ( 'NONE',  ( -3.088483592491719332, 4.974111716886760348, 0.4999999999999998890 ) ) ;
#10605 = EDGE_CURVE ( 'NONE', #10830, #9538, #3816, .T. ) ;
#10606 = DIRECTION ( 'NONE',  ( -0.000000000000000000, -1.836970198721029688E-16, 1.000000000000000000 ) ) ;
#10607 = DIRECTION ( 'NONE',  ( 0.9009688679024157043, -0.4338837391175651703, -7.407072148051852464E-17 ) ) ;
#10608 = CARTESIAN_POINT ( 'NONE',  ( -2.277889630367217144, -4.730086556487682614, 0.4999999999999981681 ) ) ;
#10609 = ORIENTED_EDGE ( 'NONE', *, *, #6273, .T. ) ;
#10610 = DIRECTION ( 'NONE',  ( 0.000000000000000000, 0.000000000000000000, 1.000000000000000000 ) ) ;
#10611 = ORIENTED_EDGE ( 'NONE', *, *, #129, .F. ) ;
#10612 = EDGE_CURVE ( 'NONE', #9667, #9378, #64, .T. ) ;
#10613 = CARTESIAN_POINT ( 'NONE',  ( 4.814127353296902001, 3.839138454945143053, 1.571836107868755938 ) ) ;
#10614 = DIRECTION ( 'NONE',  ( -0.000000000000000000, -1.836970198721029688E-16, 1.000000000000000000 ) ) ;
#10615 = ORIENTED_EDGE ( 'NONE', *, *, #7968, .F. ) ;
#10616 =( BOUNDED_CURVE ( )  B_SPLINE_CURVE ( 3, ( #4675, #2158, #1261, #4848 ),
 .UNSPECIFIED., .F., .F. ) 
 B_SPLINE_CURVE_WITH_KNOTS ( ( 4, 4 ),
 ( 1.868606583865387805, 3.141592653589793116 ),
 .UNSPECIFIED. ) 
 CURVE ( )  GEOMETRIC_REPRESENTATION_ITEM ( )  RATIONAL_B_SPLINE_CURVE ( ( 1.000000000000000000, 0.8694567765201490772, 0.8694567765201490772, 1.000000000000000000 ) ) 
 REPRESENTATION_ITEM ( '' )  );
#10617 = DIRECTION ( 'NONE',  ( -0.7818314824680310249, -0.6234898018587321511, 0.000000000000000000 ) ) ;
#10618 = ORIENTED_EDGE ( 'NONE', *, *, #9560, .T. ) ;
#10619 = DIRECTION ( 'NONE',  ( 1.000000000000000000, 3.342377459625948935E-16, -0.000000000000000000 ) ) ;
#10620 = EDGE_LOOP ( 'NONE', ( #2193, #5312, #10775, #3686 ) ) ;
#10621 = CARTESIAN_POINT ( 'NONE',  ( -5.809654137952178665, 0.8581787979758088714, -0.5000000000000008882 ) ) ;
#10622 = CARTESIAN_POINT ( 'NONE',  ( 3.841731365911375207, -2.683292981260868348, 0.4999999999999987232 ) ) ;
#10623 = CARTESIAN_POINT ( 'NONE',  ( 7.181005668578280462E-17, -3.458190067500296149E-17, 0.5000000000000000000 ) ) ;
#10624 = VECTOR ( 'NONE', #4374, 1000.000000000000000 ) ;
#10625 = EDGE_LOOP ( 'NONE', ( #5727, #3945, #4635, #7049, #79, #9474, #1921 ) ) ;
#10626 = CARTESIAN_POINT ( 'NONE',  ( -5.029257905441427923, -3.437097488049060789, 0.4669859836141802001 ) ) ;
#10627 = ORIENTED_EDGE ( 'NONE', *, *, #10444, .T. ) ;
#10628 = EDGE_CURVE ( 'NONE', #3236, #8842, #9599, .T. ) ;
#10629 = EDGE_CURVE ( 'NONE', #3688, #7022, #4220, .T. ) ;
#10630 = ORIENTED_EDGE ( 'NONE', *, *, #617, .F. ) ;
#10631 = DIRECTION ( 'NONE',  ( -0.6234898018587320401, 0.7818314824680310249, 1.436201133715656092E-16 ) ) ;
#10632 = VERTEX_POINT ( 'NONE', #9535 ) ;
#10633 = DIRECTION ( 'NONE',  ( -0.000000000000000000, -0.000000000000000000, -1.000000000000000000 ) ) ;
#10634 = VECTOR ( 'NONE', #2099, 1000.000000000000114 ) ;
#10635 = FACE_OUTER_BOUND ( 'NONE', #4439, .T. ) ;
#10636 = EDGE_CURVE ( 'NONE', #8399, #8745, #7075, .T. ) ;
#10637 = LINE ( 'NONE', #4305, #10215 ) ;
#10638 = EDGE_CURVE ( 'NONE', #5831, #3171, #8123, .T. ) ;
#10639 = DIRECTION ( 'NONE',  ( 0.000000000000000000, 0.000000000000000000, 1.000000000000000000 ) ) ;
#10640 = ADVANCED_FACE ( 'NONE', ( #10651 ), #6019, .T. ) ;
#10641 = SPHERICAL_SURFACE ( 'NONE', #4723, 1.815000000000000169 ) ;
#10642 = ORIENTED_EDGE ( 'NONE', *, *, #2570, .T. ) ;
#10643 = CIRCLE ( 'NONE', #9700, 5.854956726839295023 ) ;
#10644 = DIRECTION ( 'NONE',  ( -7.970314984685941186E-17, 3.492023159033203447E-16, -1.000000000000000000 ) ) ;
#10645 = CARTESIAN_POINT ( 'NONE',  ( -2.014329346541044341, 5.528461809944927197, -1.000000000000000000 ) ) ;
#10646 = CARTESIAN_POINT ( 'NONE',  ( 0.000000000000000000, 0.000000000000000000, 2.500000000000000000 ) ) ;
#10647 = CARTESIAN_POINT ( 'NONE',  ( 4.233624458649565270, -0.9662971557053119387, -0.5000000000000006661 ) ) ;
#10648 = ORIENTED_EDGE ( 'NONE', *, *, #10989, .T. ) ;
#10649 = CARTESIAN_POINT ( 'NONE',  ( 0.000000000000000000, 0.000000000000000000, 2.500000000000000000 ) ) ;
#10650 = CARTESIAN_POINT ( 'NONE',  ( 4.330652331349500450, -4.054371179536425451, 0.4987512509457343035 ) ) ;
#10651 = FACE_OUTER_BOUND ( 'NONE', #9687, .T. ) ;
#10652 = EDGE_CURVE ( 'NONE', #4693, #10431, #11547, .T. ) ;
#10653 = FACE_OUTER_BOUND ( 'NONE', #5984, .T. ) ;
#10654 = VERTEX_POINT ( 'NONE', #3506 ) ;
#10655 = DIRECTION ( 'NONE',  ( -0.6234898018587320401, 0.7818314824680310249, 1.408596847381192990E-16 ) ) ;
#10656 = VERTEX_POINT ( 'NONE', #8663 ) ;
#10657 = CARTESIAN_POINT ( 'NONE',  ( -1.884140137118027081, -3.912457308866240879, -1.516411056810163749E-15 ) ) ;
#10658 = EDGE_CURVE ( 'NONE', #9918, #133, #1566, .T. ) ;
#10659 = DIRECTION ( 'NONE',  ( 0.7818314824680218100, -0.6234898018587434754, -2.267975102510408590E-30 ) ) ;
#10660 = VERTEX_POINT ( 'NONE', #4269 ) ;
#10661 = VERTEX_POINT ( 'NONE', #5332 ) ;
#10662 = CARTESIAN_POINT ( 'NONE',  ( 0.000000000000000000, 5.663748402644768473E-16, -0.5832010266623218753 ) ) ;
#10663 = CARTESIAN_POINT ( 'NONE',  ( -0.3922299760605587604, -5.854956726839296799, -1.000000000000001998 ) ) ;
#10664 = DIRECTION ( 'NONE',  ( 1.436201133715639822E-16, 6.916380135000388919E-17, -1.000000000000000000 ) ) ;
#10665 = CARTESIAN_POINT ( 'NONE',  ( 1.030938487845573404, -5.763478472887654469, 0.4999999999999979461 ) ) ;
#10666 = VERTEX_POINT ( 'NONE', #8727 ) ;
#10667 = CARTESIAN_POINT ( 'NONE',  ( 2.671639123616330824, -5.547715804109162541, -2.150213260174694521E-15 ) ) ;
#10668 = ORIENTED_EDGE ( 'NONE', *, *, #6775, .F. ) ;
#10669 = VECTOR ( 'NONE', #4418, 1000.000000000000000 ) ;
#10670 = CARTESIAN_POINT ( 'NONE',  ( -5.536652604613546025, 1.904204875791137841, -0.5000000000000005551 ) ) ;
#10671 = EDGE_CURVE ( 'NONE', #8689, #140, #9614, .T. ) ;
#10672 = CARTESIAN_POINT ( 'NONE',  ( 5.558971277141382394, 1.838030634423108989, -0.1680762712353558730 ) ) ;
#10673 = ORIENTED_EDGE ( 'NONE', *, *, #9872, .T. ) ;
#10674 = DIRECTION ( 'NONE',  ( 0.9749279121818227312, -0.2225209339563182231, -2.245734522990357007E-16 ) ) ;
#10675 = ORIENTED_EDGE ( 'NONE', *, *, #2721, .F. ) ;
#10676 = DIRECTION ( 'NONE',  ( 0.9009688679024218105, 0.4338837391175526248, 7.407072148051852464E-17 ) ) ;
#10677 = CIRCLE ( 'NONE', #6926, 1.830752539561562919 ) ;
#10678 = ORIENTED_EDGE ( 'NONE', *, *, #8270, .F. ) ;
#10679 = CARTESIAN_POINT ( 'NONE',  ( -1.884140137118027081, -3.912457308866240879, -1.516411056810163749E-15 ) ) ;
#10680 = CARTESIAN_POINT ( 'NONE',  ( -5.029257905441427923, -3.437097488049060789, 0.4669859836141802001 ) ) ;
#10681 = B_SPLINE_CURVE_WITH_KNOTS ( 'NONE', 3,
 ( #60, #10672, #4590, #8030 ),
 .UNSPECIFIED., .F., .F.,
 ( 4, 4 ),
 ( 0.0005048269569637053216, 0.001006091645346890483 ),
 .UNSPECIFIED. ) ;
#10682 = DIRECTION ( 'NONE',  ( -1.436201133715656092E-16, 6.916380135000592297E-17, -1.000000000000000000 ) ) ;
#10683 = ORIENTED_EDGE ( 'NONE', *, *, #553, .T. ) ;
#10684 = DIRECTION ( 'NONE',  ( 0.7818314824680221431, -0.6234898018587431423, 6.916380135000388919E-17 ) ) ;
#10685 = VERTEX_POINT ( 'NONE', #8905 ) ;
#10686 = ORIENTED_EDGE ( 'NONE', *, *, #10251, .F. ) ;
#10687 = CIRCLE ( 'NONE', #9186, 1.814999999999999947 ) ;
#10688 = CIRCLE ( 'NONE', #5638, 5.854956726839295023 ) ;
#10689 =( BOUNDED_CURVE ( )  B_SPLINE_CURVE ( 3, ( #10132, #10906, #4636, #282 ),
 .UNSPECIFIED., .F., .F. ) 
 B_SPLINE_CURVE_WITH_KNOTS ( ( 4, 4 ),
 ( 5.788846648639244918, 6.283185307179586232 ),
 .UNSPECIFIED. ) 
 CURVE ( )  GEOMETRIC_REPRESENTATION_ITEM ( )  RATIONAL_B_SPLINE_CURVE ( ( 1.000000000000000000, 0.9797392387487873222, 0.9797392387487873222, 1.000000000000000000 ) ) 
 REPRESENTATION_ITEM ( '' )  );
#10690 = DIRECTION ( 'NONE',  ( 0.9009688679024188129, 0.4338837391175587310, 1.594062996937187991E-16 ) ) ;
#10691 = VERTEX_POINT ( 'NONE', #621 ) ;
#10692 = EDGE_CURVE ( 'NONE', #1970, #11222, #625, .T. ) ;
#10693 = DIRECTION ( 'NONE',  ( 0.7818314824680222541, -0.6234898018587428092, 6.916380135000392617E-17 ) ) ;
#10694 = CARTESIAN_POINT ( 'NONE',  ( -5.620881357013693957, 1.685246390785955173, -1.000000000000000666 ) ) ;
#10695 = DIRECTION ( 'NONE',  ( 0.000000000000000000, -1.000000000000000000, 0.000000000000000000 ) ) ;
#10696 = AXIS2_PLACEMENT_3D ( 'NONE', #1879, #3657, #6397 ) ;
#10697 = CIRCLE ( 'NONE', #8255, 1.830752539561562919 ) ;
#10698 = CIRCLE ( 'NONE', #10880, 0.2041022026635758713 ) ;
#10699 = DIRECTION ( 'NONE',  ( -0.6234898018587321511, 0.7818314824680310249, 1.436201133715656339E-16 ) ) ;
#10700 = CIRCLE ( 'NONE', #1902, 0.2041022026635757325 ) ;
#10701 = ORIENTED_EDGE ( 'NONE', *, *, #3965, .T. ) ;
#10702 = ADVANCED_FACE ( 'NONE', ( #1676 ), #3558, .T. ) ;
#10703 = DIRECTION ( 'NONE',  ( -1.000000000000000000, 0.000000000000000000, 0.000000000000000000 ) ) ;
#10704 = AXIS2_PLACEMENT_3D ( 'NONE', #1427, #10460, #2373 ) ;
#10705 = ADVANCED_FACE ( 'NONE', ( #10425 ), #6088, .F. ) ;
#10706 = AXIS2_PLACEMENT_3D ( 'NONE', #7068, #3551, #1736 ) ;
#10707 = CARTESIAN_POINT ( 'NONE',  ( 3.672671815153292663, 5.270478426982672104, 0.000000000000000000 ) ) ;
#10708 = EDGE_CURVE ( 'NONE', #2569, #8785, #2562, .T. ) ;
#10709 = DIRECTION ( 'NONE',  ( 0.4338837391175651703, 0.9009688679024158153, 3.492023159033191614E-16 ) ) ;
#10710 = CIRCLE ( 'NONE', #3401, 2.749999999999992895 ) ;
#10711 = FACE_OUTER_BOUND ( 'NONE', #5733, .T. ) ;
#10712 = VERTEX_POINT ( 'NONE', #726 ) ;
#10713 = DIRECTION ( 'NONE',  ( 7.970314984686167984E-17, 3.492023159033190628E-16, -1.000000000000000000 ) ) ;
#10714 = CARTESIAN_POINT ( 'NONE',  ( -8.954567602896607774E-17, 1.122867261495178503E-16, -0.5000000000000000000 ) ) ;
#10715 = CARTESIAN_POINT ( 'NONE',  ( -5.057425556495206642, -3.449779290889329886, -0.2500000000000000555 ) ) ;
#10716 = DIRECTION ( 'NONE',  ( 3.479845209496773015E-15, 1.000000000000000000, 2.485603721069123582E-16 ) ) ;
#10717 = CIRCLE ( 'NONE', #2279, 4.618222060490380088 ) ;
#10718 = CIRCLE ( 'NONE', #3417, 1.830752539561562253 ) ;
#10719 = ORIENTED_EDGE ( 'NONE', *, *, #889, .T. ) ;
#10720 = CARTESIAN_POINT ( 'NONE',  ( -0.4561072009509670178, -6.104956726839298575, -0.3964466094067271018 ) ) ;
#10721 = VECTOR ( 'NONE', #11467, 1000.000000000000000 ) ;
#10722 = ORIENTED_EDGE ( 'NONE', *, *, #6139, .F. ) ;
#10723 = DIRECTION ( 'NONE',  ( -0.4338837391175584535, -0.9009688679024190350, 0.000000000000000000 ) ) ;
#10724 = EDGE_CURVE ( 'NONE', #1238, #1955, #1558, .T. ) ;
#10725 = PLANE ( 'NONE',  #7380 ) ;
#10726 = VECTOR ( 'NONE', #9631, 1000.000000000000227 ) ;
#10727 = AXIS2_PLACEMENT_3D ( 'NONE', #8910, #3564, #8075 ) ;
#10728 = CIRCLE ( 'NONE', #221, 1.814999999999999725 ) ;
#10729 = ORIENTED_EDGE ( 'NONE', *, *, #11377, .F. ) ;
#10730 = DIRECTION ( 'NONE',  ( -0.000000000000000000, -1.836970198721029688E-16, 1.000000000000000000 ) ) ;
#10732 = AXIS2_PLACEMENT_3D ( 'NONE', #7630, #2239, #353 ) ;
#10731 = DIRECTION ( 'NONE',  ( 0.9009688679024216995, 0.4338837391175526248, 7.042984236905964948E-17 ) ) ;
#10733 = CARTESIAN_POINT ( 'NONE',  ( 9.032753688172296871E-16, 7.375803125000000016, 2.500000000000001332 ) ) ;
#10734 = FACE_OUTER_BOUND ( 'NONE', #803, .T. ) ;
#10735 = VERTEX_POINT ( 'NONE', #7025 ) ;
#10736 = FACE_OUTER_BOUND ( 'NONE', #4146, .T. ) ;
#10737 = EDGE_CURVE ( 'NONE', #10666, #10446, #9421, .T. ) ;
#10738 = CIRCLE ( 'NONE', #1925, 2.554917478527519936 ) ;
#10739 = VERTEX_POINT ( 'NONE', #5549 ) ;
#10740 = AXIS2_PLACEMENT_3D ( 'NONE', #4085, #6782, #9476 ) ;
#10741 = DIRECTION ( 'NONE',  ( 7.970314984685941186E-17, 3.492023159033203447E-16, -1.000000000000000000 ) ) ;
#10742 = AXIS2_PLACEMENT_3D ( 'NONE', #3936, #10213, #7505 ) ;
#10743 = CARTESIAN_POINT ( 'NONE',  ( 5.118371538954569644, -1.168234903270670921, 0.4999999999999988343 ) ) ;
#10744 = VERTEX_POINT ( 'NONE', #302 ) ;
#10745 = PLANE ( 'NONE',  #1103 ) ;
#10746 = ORIENTED_EDGE ( 'NONE', *, *, #3902, .T. ) ;
#10747 = CARTESIAN_POINT ( 'NONE',  ( -3.300315535752680329, -3.230463181104143988, -1.391130767969992329E-15 ) ) ;
#10748 = CIRCLE ( 'NONE', #7184, 1.815000000000000169 ) ;
#10749 = ORIENTED_EDGE ( 'NONE', *, *, #9527, .F. ) ;
#10750 = FACE_OUTER_BOUND ( 'NONE', #2449, .T. ) ;
#10751 = DIRECTION ( 'NONE',  ( -0.000000000000000000, -1.836970198721029688E-16, 1.000000000000000000 ) ) ;
#10752 = CARTESIAN_POINT ( 'NONE',  ( 3.395103212617425648, 2.707504464571544478, 1.571836107868756160 ) ) ;
#10753 = VERTEX_POINT ( 'NONE', #8291 ) ;
#10754 = CARTESIAN_POINT ( 'NONE',  ( 3.846156353572151240E-16, 3.140624999999996003, 2.109375000000001776 ) ) ;
#10755 = ADVANCED_FACE ( 'NONE', ( #9230 ), #9284, .T. ) ;
#10756 = AXIS2_PLACEMENT_3D ( 'NONE', #970, #8188, #10886 ) ;
#10757 = EDGE_LOOP ( 'NONE', ( #11011, #9066, #6653, #3301, #8203, #854 ) ) ;
#10758 = VERTEX_POINT ( 'NONE', #2904 ) ;
#10759 = AXIS2_PLACEMENT_3D ( 'NONE', #7038, #5172, #11612 ) ;
#10760 = CIRCLE ( 'NONE', #11132, 0.2041022026635771758 ) ;
#10761 = CARTESIAN_POINT ( 'NONE',  ( -2.540370517012536578, 5.275133733798051949, -0.2500000000000000000 ) ) ;
#10762 = EDGE_LOOP ( 'NONE', ( #7846, #3290, #6325, #10175, #3935, #2610, #11141, #6206, #3959, #4032, #6302, #940, #9076, #5930 ) ) ;
#10763 = CARTESIAN_POINT ( 'NONE',  ( 5.468137977703790398, 0.3641919916658174494, -1.123255650811875753E-15 ) ) ;
#10764 = DIRECTION ( 'NONE',  ( -0.9749279121818210658, -0.2225209339563260502, 0.000000000000000000 ) ) ;
#10765 = LINE ( 'NONE', #4656, #1317 ) ;
#10766 = VECTOR ( 'NONE', #9352, 1000.000000000000000 ) ;
#10767 = CARTESIAN_POINT ( 'NONE',  ( -2.203355503478452881, 5.590085171586004265, 0.4883515143830498562 ) ) ;
#10768 = EDGE_CURVE ( 'NONE', #8857, #7851, #6512, .T. ) ;
#10769 = CARTESIAN_POINT ( 'NONE',  ( -3.020204765022623139, 5.044057738721797080, 0.000000000000000000 ) ) ;
#10770 = VERTEX_POINT ( 'NONE', #7132 ) ;
#10771 = ADVANCED_FACE ( 'NONE', ( #6479 ), #10096, .T. ) ;
#10772 = DIRECTION ( 'NONE',  ( -1.436201133715656092E-16, 6.916380135000592297E-17, -1.000000000000000000 ) ) ;
#10773 = CARTESIAN_POINT ( 'NONE',  ( 5.118371538954569644, -1.168234903270670477, -0.5000000000000012212 ) ) ;
#10774 = FACE_OUTER_BOUND ( 'NONE', #8277, .T. ) ;
#10775 = ORIENTED_EDGE ( 'NONE', *, *, #8190, .F. ) ;
#10776 = CARTESIAN_POINT ( 'NONE',  ( -3.985157492343085224E-17, -1.746011579516595807E-16, 0.5000000000000000000 ) ) ;
#10777 = DIRECTION ( 'NONE',  ( 0.000000000000000000, 0.000000000000000000, 1.000000000000000000 ) ) ;
#10778 = EDGE_CURVE ( 'NONE', #4129, #10277, #7408, .T. ) ;
#10779 = CARTESIAN_POINT ( 'NONE',  ( 2.277889630367151419, -4.730086556487714589, 0.4999999999999985012 ) ) ;
#10780 = ADVANCED_FACE ( 'NONE', ( #10163 ), #413, .T. ) ;
#10781 = EDGE_LOOP ( 'NONE', ( #9781, #4463, #1678, #6431, #1771, #11369, #9362 ) ) ;
#10782 = DIRECTION ( 'NONE',  ( -0.9749279121818260618, -0.2225209339563038180, -1.554096509490269674E-16 ) ) ;
#10783 = ORIENTED_EDGE ( 'NONE', *, *, #665, .T. ) ;
#10784 = ADVANCED_FACE ( 'NONE', ( #2071 ), #1059, .T. ) ;
#10785 = CARTESIAN_POINT ( 'NONE',  ( 2.129432128529569201, 5.473031231585117062, -0.2500000000000000000 ) ) ;
#10786 = CARTESIAN_POINT ( 'NONE',  ( 2.277889630367151419, -4.730086556487714589, 0.000000000000000000 ) ) ;
#10787 = ORIENTED_EDGE ( 'NONE', *, *, #1507, .T. ) ;
#10788 = AXIS2_PLACEMENT_3D ( 'NONE', #249, #5427, #8121 ) ;
#10789 = CYLINDRICAL_SURFACE ( 'NONE', #10454, 5.854956726839295023 ) ;
#10790 = SPHERICAL_SURFACE ( 'NONE', #3999, 2.043333333333333002 ) ;
#10791 = EDGE_CURVE ( 'NONE', #9605, #9233, #9803, .T. ) ;
#10792 = CARTESIAN_POINT ( 'NONE',  ( 4.941621282458656061, -3.194024389560553345, -0.2500000000000017208 ) ) ;
#10793 = EDGE_CURVE ( 'NONE', #1219, #4985, #3633, .T. ) ;
#10794 = CARTESIAN_POINT ( 'NONE',  ( -6.022505511281155854, 0.9146046076782985423, 0.4669859836141810328 ) ) ;
#10795 = ORIENTED_EDGE ( 'NONE', *, *, #6045, .T. ) ;
#10796 = CARTESIAN_POINT ( 'NONE',  ( 5.148848552145716795, -2.787449884792134736, -0.5000000000000015543 ) ) ;
#10797 = ORIENTED_EDGE ( 'NONE', *, *, #9956, .T. ) ;
#10798 = DIRECTION ( 'NONE',  ( 0.000000000000000000, 0.000000000000000000, 1.000000000000000000 ) ) ;
#10799 = CARTESIAN_POINT ( 'NONE',  ( -4.104615282957117195, 3.273321459758401719, 0.000000000000000000 ) ) ;
#10800 = VERTEX_POINT ( 'NONE', #8354 ) ;
#10801 = DIRECTION ( 'NONE',  ( -0.2225209339563182231, -0.9749279121818226201, -2.069205142716390304E-16 ) ) ;
#10802 = ORIENTED_EDGE ( 'NONE', *, *, #10032, .F. ) ;
#10803 = DIRECTION ( 'NONE',  ( -0.000000000000000000, -1.836970198721029688E-16, 1.000000000000000000 ) ) ;
#10804 = ORIENTED_EDGE ( 'NONE', *, *, #7517, .T. ) ;
#10805 = DIRECTION ( 'NONE',  ( 0.000000000000000000, 0.000000000000000000, 1.000000000000000000 ) ) ;
#10806 = LINE ( 'NONE', #10035, #5832 ) ;
#10807 = LINE ( 'NONE', #9866, #10372 ) ;
#10808 = EDGE_LOOP ( 'NONE', ( #10285, #1619, #1527, #1577, #9223, #2938, #2968, #8630 ) ) ;
#10809 = CARTESIAN_POINT ( 'NONE',  ( 3.395103212617425203, 2.707504464571544478, -3.003438073624007870E-16 ) ) ;
#10810 = EDGE_CURVE ( 'NONE', #2408, #7489, #4657, .T. ) ;
#10811 = ORIENTED_EDGE ( 'NONE', *, *, #3363, .F. ) ;
#10812 = EDGE_LOOP ( 'NONE', ( #4753, #11330, #2642, #10214 ) ) ;
#10813 = EDGE_CURVE ( 'NONE', #3963, #4129, #6655, .T. ) ;
#10814 = DIRECTION ( 'NONE',  ( -1.184433339904205948E-16, -4.737733359616823793E-16, 1.000000000000000000 ) ) ;
#10815 = ORIENTED_EDGE ( 'NONE', *, *, #7982, .F. ) ;
#10816 = CARTESIAN_POINT ( 'NONE',  ( 0.000000000000000000, 8.582940074552626705E-16, -2.172334957055049198 ) ) ;
#10817 = DIRECTION ( 'NONE',  ( -0.000000000000000000, -1.836970198721029688E-16, 1.000000000000000000 ) ) ;
#10818 = DIRECTION ( 'NONE',  ( 0.4338837391175517921, -0.9009688679024220326, 0.000000000000000000 ) ) ;
#10819 = CARTESIAN_POINT ( 'NONE',  ( -4.030258103448148610, -2.532138914361697246, -0.5000000000000012212 ) ) ;
#10820 = VERTEX_POINT ( 'NONE', #2686 ) ;
#10821 = DIRECTION ( 'NONE',  ( 0.000000000000000000, 0.000000000000000000, 1.000000000000000000 ) ) ;
#10822 = EDGE_CURVE ( 'NONE', #5263, #2221, #9167, .T. ) ;
#10823 = FACE_OUTER_BOUND ( 'NONE', #10428, .T. ) ;
#10824 = DIRECTION ( 'NONE',  ( 0.9009688679024187019, -0.4338837391175589531, 0.000000000000000000 ) ) ;
#10825 = DIRECTION ( 'NONE',  ( -0.000000000000000000, -1.836970198721029688E-16, 1.000000000000000000 ) ) ;
#10826 = ORIENTED_EDGE ( 'NONE', *, *, #7113, .T. ) ;
#10827 = CARTESIAN_POINT ( 'NONE',  ( -0.4679647384833751644, -4.594451436628337326, 0.000000000000000000 ) ) ;
#10828 = DIRECTION ( 'NONE',  ( -0.9749279121818257288, -0.2225209339563050392, -2.245734522990332355E-16 ) ) ;
#10829 = FACE_OUTER_BOUND ( 'NONE', #423, .T. ) ;
#10830 = VERTEX_POINT ( 'NONE', #1115 ) ;
#10831 = AXIS2_PLACEMENT_3D ( 'NONE', #620, #11370, #2385 ) ;
#10832 = DIRECTION ( 'NONE',  ( 0.2225209339563181954, 0.9749279121818227312, 1.790913520579321801E-16 ) ) ;
#10833 = ORIENTED_EDGE ( 'NONE', *, *, #1467, .F. ) ;
#10834 = CARTESIAN_POINT ( 'NONE',  ( -4.321090166594661497, -4.753382046845176845, 1.805559322863033612E-31 ) ) ;
#10835 = FACE_OUTER_BOUND ( 'NONE', #2983, .T. ) ;
#10836 = ORIENTED_EDGE ( 'NONE', *, *, #10837, .F. ) ;
#10837 = EDGE_CURVE ( 'NONE', #2860, #11507, #242, .T. ) ;
#10838 = DIRECTION ( 'NONE',  ( 0.000000000000000000, 1.836970198721029688E-16, -1.000000000000000000 ) ) ;
#10839 = FACE_OUTER_BOUND ( 'NONE', #7943, .T. ) ;
#10840 = CARTESIAN_POINT ( 'NONE',  ( 5.389570639310328204, 2.287585320167267788, 0.4999999999999993339 ) ) ;
#10841 = CARTESIAN_POINT ( 'NONE',  ( 0.000000000000000000, 5.250000000000000000, 0.000000000000000000 ) ) ;
#10842 = ORIENTED_EDGE ( 'NONE', *, *, #521, .T. ) ;
#10843 = CARTESIAN_POINT ( 'NONE',  ( -3.985157492343085224E-17, 1.746011579516595807E-16, -0.5000000000000000000 ) ) ;
#10844 = ORIENTED_EDGE ( 'NONE', *, *, #2466, .F. ) ;
#10845 = DIRECTION ( 'NONE',  ( -2.759071806679814764E-16, 0.000000000000000000, 1.000000000000000000 ) ) ;
#10846 = DIRECTION ( 'NONE',  ( 0.6234898018587431423, -0.7818314824680221431, -1.436201133715639822E-16 ) ) ;
#10847 = ADVANCED_FACE ( 'NONE', ( #5770 ), #4877, .T. ) ;
#10848 = ADVANCED_FACE ( 'NONE', ( #1290 ), #9458, .T. ) ;
#10849 = ORIENTED_EDGE ( 'NONE', *, *, #8488, .T. ) ;
#10850 = DIRECTION ( 'NONE',  ( 0.000000000000000000, -1.000000000000000000, -1.836970198721029688E-16 ) ) ;
#10851 = CC_DESIGN_PERSON_AND_ORGANIZATION_ASSIGNMENT ( #7551, #5863, ( #8325 ) ) ;
#10852 = ORIENTED_EDGE ( 'NONE', *, *, #8357, .T. ) ;
#10853 = DIRECTION ( 'NONE',  ( 0.000000000000000000, -1.000000000000000000, -1.866966969661137892E-16 ) ) ;
#10854 = EDGE_CURVE ( 'NONE', #9546, #10186, #1417, .T. ) ;
#10855 = ORIENTED_EDGE ( 'NONE', *, *, #4950, .F. ) ;
#10856 = DIRECTION ( 'NONE',  ( 1.000000000000000000, -4.440892098500626162E-15, 0.000000000000000000 ) ) ;
#10857 = DIRECTION ( 'NONE',  ( -0.000000000000000000, -1.836970198721029688E-16, 1.000000000000000000 ) ) ;
#10858 = LINE ( 'NONE', #1049, #4951 ) ;
#10859 = ORIENTED_EDGE ( 'NONE', *, *, #9017, .F. ) ;
#10860 = CARTESIAN_POINT ( 'NONE',  ( 5.589651465188737234, 1.822073486975209544, 0.000000000000000000 ) ) ;
#10861 = EDGE_LOOP ( 'NONE', ( #1904, #6157, #6333, #5931, #11441, #751, #5614 ) ) ;
#10862 = ORIENTED_EDGE ( 'NONE', *, *, #4259, .F. ) ;
#10863 = AXIS2_PLACEMENT_3D ( 'NONE', #2787, #3499, #5327 ) ;
#10864 = PLANE ( 'NONE',  #10305 ) ;
#10865 = EDGE_CURVE ( 'NONE', #125, #2709, #5806, .T. ) ;
#10866 = VERTEX_POINT ( 'NONE', #10334 ) ;
#10867 = DIRECTION ( 'NONE',  ( -0.000000000000000000, -0.000000000000000000, -1.000000000000000000 ) ) ;
#10868 = DIRECTION ( 'NONE',  ( -7.970314984685941186E-17, 3.492023159033203447E-16, -1.000000000000000000 ) ) ;
#10869 = VECTOR ( 'NONE', #10693, 1000.000000000000114 ) ;
#10870 = CIRCLE ( 'NONE', #1691, 3.140624999999996003 ) ;
#10871 = CARTESIAN_POINT ( 'NONE',  ( 5.148848552145716795, -2.787449884792134736, 0.000000000000000000 ) ) ;
#10872 = EDGE_CURVE ( 'NONE', #6646, #3112, #5880, .T. ) ;
#10873 = VERTEX_POINT ( 'NONE', #11166 ) ;
#10874 = CARTESIAN_POINT ( 'NONE',  ( -4.814127353296846934, 3.839138454945211443, -4.258761068126489673E-16 ) ) ;
#10875 = CARTESIAN_POINT ( 'NONE',  ( 9.032753688172296871E-16, 7.375803125000000016, 2.374937499999999257 ) ) ;
#10876 = ORIENTED_EDGE ( 'NONE', *, *, #10473, .F. ) ;
#10877 = AXIS2_PLACEMENT_3D ( 'NONE', #2766, #4760, #7441 ) ;
#10878 = CARTESIAN_POINT ( 'NONE',  ( -6.053386115997634320, 0.9138090314648865675, -0.5000000000000008882 ) ) ;
#10879 = DIRECTION ( 'NONE',  ( -1.436201133715656092E-16, 6.916380135000592297E-17, -1.000000000000000000 ) ) ;
#10880 = AXIS2_PLACEMENT_3D ( 'NONE', #2152, #10060, #7532 ) ;
#10881 = ORIENTED_EDGE ( 'NONE', *, *, #4112, .T. ) ;
#10882 = FACE_OUTER_BOUND ( 'NONE', #8210, .T. ) ;
#10883 = DIRECTION ( 'NONE',  ( -1.436201133715656092E-16, -6.916380135000592297E-17, 1.000000000000000000 ) ) ;
#10884 = VECTOR ( 'NONE', #5299, 1000.000000000000000 ) ;
#10885 = ORIENTED_EDGE ( 'NONE', *, *, #1579, .T. ) ;
#10886 = DIRECTION ( 'NONE',  ( 0.000000000000000000, -1.000000000000000000, 0.000000000000000000 ) ) ;
#10887 = EDGE_CURVE ( 'NONE', #5410, #6706, #3254, .T. ) ;
#10888 = ORIENTED_EDGE ( 'NONE', *, *, #5268, .F. ) ;
#10889 = VECTOR ( 'NONE', #8063, 999.9999999999998863 ) ;
#10890 = DIRECTION ( 'NONE',  ( 1.000000000000000000, 0.000000000000000000, 0.000000000000000000 ) ) ;
#10891 = ADVANCED_FACE ( 'NONE', ( #8629 ), #3130, .T. ) ;
#10892 = CIRCLE ( 'NONE', #6589, 1.981214554537471084 ) ;
#10893 = PLANE ( 'NONE',  #5340 ) ;
#10894 = ORIENTED_EDGE ( 'NONE', *, *, #2097, .T. ) ;
#10895 = VECTOR ( 'NONE', #1239, 1000.000000000000000 ) ;
#10896 = CIRCLE ( 'NONE', #9967, 1.744770758581195791 ) ;
#10897 = CARTESIAN_POINT ( 'NONE',  ( -4.104615282957117195, 3.273321459758401719, -3.631099570875204645E-16 ) ) ;
#10898 = DIRECTION ( 'NONE',  ( -1.436201133715656092E-16, 6.916380135000592297E-17, -1.000000000000000000 ) ) ;
#10899 = DIRECTION ( 'NONE',  ( 0.000000000000000000, -4.778852550900294681E-16, 1.000000000000000000 ) ) ;
#10900 = DIRECTION ( 'NONE',  ( 0.9009688679024221436, 0.4338837391175518476, -6.391696352470653017E-17 ) ) ;
#10901 = ORIENTED_EDGE ( 'NONE', *, *, #11156, .T. ) ;
#10902 = CARTESIAN_POINT ( 'NONE',  ( 4.214864141736295977, -4.079440067664964253, 0.000000000000000000 ) ) ;
#10903 = TOROIDAL_SURFACE ( 'NONE', #8844, 7.375803125000000016, 0.06243749999999977790 ) ;
#10904 = EDGE_LOOP ( 'NONE', ( #9153, #281, #408, #7632 ) ) ;
#10905 = CIRCLE ( 'NONE', #7716, 4.618222060490380088 ) ;
#10906 = CARTESIAN_POINT ( 'NONE',  ( 6.042879713375822526, 0.9140797076415273503, -0.1680249406405547874 ) ) ;
#10907 = EDGE_CURVE ( 'NONE', #10110, #6031, #996, .T. ) ;
#10908 = CIRCLE ( 'NONE', #6231, 4.618222060490380088 ) ;
#10909 = DIRECTION ( 'NONE',  ( 1.000000000000000000, 0.000000000000000000, 0.000000000000000000 ) ) ;
#10910 = CIRCLE ( 'NONE', #10160, 1.744770758581195569 ) ;
#10911 = EDGE_LOOP ( 'NONE', ( #836, #11201, #10802, #1309 ) ) ;
#10912 = AXIS2_PLACEMENT_3D ( 'NONE', #4704, #2772, #3835 ) ;
#10913 = DIRECTION ( 'NONE',  ( -0.2225209339563050392, 0.9749279121818257288, 0.000000000000000000 ) ) ;
#10914 = ORIENTED_EDGE ( 'NONE', *, *, #3885, .T. ) ;
#10915 = DIRECTION ( 'NONE',  ( -0.2225209339563050392, 0.9749279121818257288, 0.000000000000000000 ) ) ;
#10916 = ORIENTED_EDGE ( 'NONE', *, *, #5007, .T. ) ;
#10917 = DIRECTION ( 'NONE',  ( 0.000000000000000000, -1.000000000000000000, -1.866966969661137892E-16 ) ) ;
#10918 = CARTESIAN_POINT ( 'NONE',  ( 0.1401104873024962005, -4.868222060490378311, -0.5000000000000017764 ) ) ;
#10919 = CIRCLE ( 'NONE', #4183, 2.749999999999993783 ) ;
#10920 = AXIS2_PLACEMENT_3D ( 'NONE', #5341, #8017, #9015 ) ;
#10921 = LINE ( 'NONE', #2889, #1007 ) ;
#10922 = VERTEX_POINT ( 'NONE', #6703 ) ;
#10923 = FACE_OUTER_BOUND ( 'NONE', #2018, .T. ) ;
#10924 = EDGE_CURVE ( 'NONE', #3210, #1284, #11268, .T. ) ;
#10925 = ORIENTED_EDGE ( 'NONE', *, *, #4826, .F. ) ;
#10926 = EDGE_CURVE ( 'NONE', #10570, #11602, #3124, .T. ) ;
#10927 = AXIS2_PLACEMENT_3D ( 'NONE', #8791, #746, #11506 ) ;
#10928 = EDGE_CURVE ( 'NONE', #4074, #8980, #7555, .T. ) ;
#10929 = AXIS2_PLACEMENT_3D ( 'NONE', #1533, #5995, #3180 ) ;
#10930 = VECTOR ( 'NONE', #7018, 1000.000000000000000 ) ;
#10931 = DIRECTION ( 'NONE',  ( -1.790913520579321555E-16, 2.245734522990357007E-16, -1.000000000000000000 ) ) ;
#10932 = ORIENTED_EDGE ( 'NONE', *, *, #7096, .T. ) ;
#10933 = VECTOR ( 'NONE', #8551, 1000.000000000000000 ) ;
#10934 = CARTESIAN_POINT ( 'NONE',  ( -4.488669179800631959, -4.162977229057066353, -0.2500000000000000555 ) ) ;
#10935 = CARTESIAN_POINT ( 'NONE',  ( -2.237903063308955609, 5.698273448560723153, -0.2500000000000000000 ) ) ;
#10936 = DIRECTION ( 'NONE',  ( -0.2475558347235267409, 0.9688736288568999822, 0.000000000000000000 ) ) ;
#10937 = B_SPLINE_CURVE_WITH_KNOTS ( 'NONE', 3,
 ( #7882, #9932, #6362, #7123, #5202, #5432 ),
 .UNSPECIFIED., .F., .F.,
 ( 4, 2, 4 ),
 ( 8.956979928727154773E-19, 0.0001264852995145805562, 0.0002529705990291602449 ),
 .UNSPECIFIED. ) ;
#10938 = CIRCLE ( 'NONE', #2319, 1.571836107868756383 ) ;
#10939 = AXIS2_PLACEMENT_3D ( 'NONE', #3550, #8822, #783 ) ;
#10940 = DIRECTION ( 'NONE',  ( -0.4338837391175652813, -0.9009688679024157043, 0.000000000000000000 ) ) ;
#10941 = EDGE_CURVE ( 'NONE', #9493, #9874, #190, .T. ) ;
#10942 = ORIENTED_EDGE ( 'NONE', *, *, #5978, .T. ) ;
#10943 = VECTOR ( 'NONE', #2323, 1000.000000000000000 ) ;
#10944 = LINE ( 'NONE', #2842, #6629 ) ;
#10945 = CARTESIAN_POINT ( 'NONE',  ( 3.365469702397300367, -3.365757202217677158, -0.5000000000000013323 ) ) ;
#10946 = ORIENTED_EDGE ( 'NONE', *, *, #9131, .F. ) ;
#10947 = APPROVAL_PERSON_ORGANIZATION ( #5799, #7554, #497 ) ;
#10948 = AXIS2_PLACEMENT_3D ( 'NONE', #8262, #5804, #3053 ) ;
#10949 = DIRECTION ( 'NONE',  ( 7.970314984685941186E-17, -3.492023159033203447E-16, 1.000000000000000000 ) ) ;
#10950 = CARTESIAN_POINT ( 'NONE',  ( 2.415079429167933611, 3.936415418983353565, -0.5000000000000000000 ) ) ;
#10951 = ORIENTED_EDGE ( 'NONE', *, *, #8218, .F. ) ;
#10952 = DIRECTION ( 'NONE',  ( 7.970314984686170449E-17, 3.492023159033191614E-16, -1.000000000000000000 ) ) ;
#10953 = DIRECTION ( 'NONE',  ( 0.000000000000000000, -5.518143613359629527E-16, 1.000000000000000000 ) ) ;
#10954 = ORIENTED_EDGE ( 'NONE', *, *, #1144, .T. ) ;
#10955 = DIRECTION ( 'NONE',  ( 0.9009688679024218105, 0.4338837391175526248, -6.391696352470623435E-17 ) ) ;
#10956 = ADVANCED_FACE ( 'NONE', ( #6757 ), #2303, .F. ) ;
#10957 = ORIENTED_EDGE ( 'NONE', *, *, #2365, .F. ) ;
#10958 = CARTESIAN_POINT ( 'NONE',  ( 2.991011141282728492, 5.220660120559717399, -0.5000000000000001110 ) ) ;
#10959 = CARTESIAN_POINT ( 'NONE',  ( 0.000000000000000000, -3.140624999999996003, 2.109375000000000888 ) ) ;
#10960 = EDGE_CURVE ( 'NONE', #125, #10042, #2695, .T. ) ;
#10961 = EDGE_LOOP ( 'NONE', ( #7895, #4195, #11556 ) ) ;
#10962 = CARTESIAN_POINT ( 'NONE',  ( 1.571836107868757049, 4.342500000000001137, -0.5000000000000000000 ) ) ;
#10963 = LINE ( 'NONE', #47, #11110 ) ;
#10964 = CARTESIAN_POINT ( 'NONE',  ( 1.884140137117973124, -3.912457308866268857, 1.571836107868755272 ) ) ;
#10965 = CARTESIAN_POINT ( 'NONE',  ( 0.000000000000000000, -3.531249999999996003, 2.499999999999999556 ) ) ;
#10966 = VERTEX_POINT ( 'NONE', #1597 ) ;
#10967 = FACE_OUTER_BOUND ( 'NONE', #6170, .T. ) ;
#10968 = ORIENTED_EDGE ( 'NONE', *, *, #2465, .F. ) ;
#10969 = DIRECTION ( 'NONE',  ( 0.000000000000000000, -1.000000000000000000, -1.758970146542670193E-16 ) ) ;
#10970 = CARTESIAN_POINT ( 'NONE',  ( 4.673456231366261981, -4.407348110605405545, 0.3666893729391487167 ) ) ;
#10971 = VERTEX_POINT ( 'NONE', #2237 ) ;
#10972 = EDGE_CURVE ( 'NONE', #6168, #11082, #11309, .T. ) ;
#10973 = CARTESIAN_POINT ( 'NONE',  ( 3.391824491822200471, 5.697532308577986981, -0.6893398282201785854 ) ) ;
#10974 = ORIENTED_EDGE ( 'NONE', *, *, #483, .F. ) ;
#10975 = DIRECTION ( 'NONE',  ( 0.9009688679024158153, -0.4338837391175651703, -7.970314984686171682E-17 ) ) ;
#10976 = FACE_OUTER_BOUND ( 'NONE', #6758, .T. ) ;
#10977 = ORIENTED_EDGE ( 'NONE', *, *, #3672, .T. ) ;
#10978 = CARTESIAN_POINT ( 'NONE',  ( -5.826670010035958747, 0.7836273912850064693, 0.4999999999999991673 ) ) ;
#10979 = PLANE ( 'NONE',  #960 ) ;
#10980 = EDGE_CURVE ( 'NONE', #6713, #1284, #6627, .T. ) ;
#10981 = B_SPLINE_CURVE_WITH_KNOTS ( 'NONE', 3,
 ( #11533, #6005, #3493, #6178 ),
 .UNSPECIFIED., .F., .F.,
 ( 4, 4 ),
 ( 0.0005065015518760484624, 0.001011135659924338077 ),
 .UNSPECIFIED. ) ;
#10982 = CARTESIAN_POINT ( 'NONE',  ( -4.470037444215024358, -4.138337766436408494, -0.1313876030881692136 ) ) ;
#10983 = ORIENTED_EDGE ( 'NONE', *, *, #4743, .T. ) ;
#10984 = DIRECTION ( 'NONE',  ( 0.9009688679024152602, 0.4338837391175660030, 0.000000000000000000 ) ) ;
#10985 = EDGE_LOOP ( 'NONE', ( #660, #1227, #1585, #5227 ) ) ;
#10986 = DIRECTION ( 'NONE',  ( -0.4338837391175651703, -0.9009688679024157043, -3.492023159033191614E-16 ) ) ;
#10987 = VERTEX_POINT ( 'NONE', #11348 ) ;
#10988 = CARTESIAN_POINT ( 'NONE',  ( 0.000000000000000000, 0.000000000000000000, 2.500000000000000000 ) ) ;
#10989 = EDGE_CURVE ( 'NONE', #10666, #3412, #9244, .T. ) ;
#10990 = CARTESIAN_POINT ( 'NONE',  ( 4.906111728142731110, -3.276731787772014570, 0.4999999999999985012 ) ) ;
#10991 = DIRECTION ( 'NONE',  ( -0.000000000000000000, -0.000000000000000000, -1.000000000000000000 ) ) ;
#10992 = ORIENTED_EDGE ( 'NONE', *, *, #4643, .F. ) ;
#10993 = DIRECTION ( 'NONE',  ( -1.790913520579321555E-16, -2.245734522990357007E-16, 1.000000000000000000 ) ) ;
#10994 = DIRECTION ( 'NONE',  ( 0.000000000000000000, -1.000000000000000000, -1.836970198721029688E-16 ) ) ;
#10995 = ADVANCED_FACE ( 'NONE', ( #7858 ), #11451, .F. ) ;
#10996 = ORIENTED_EDGE ( 'NONE', *, *, #8128, .F. ) ;
#10997 = ADVANCED_FACE ( 'NONE', ( #3418 ), #6997, .T. ) ;
#10998 = DIRECTION ( 'NONE',  ( -1.436201133715656092E-16, 6.916380135000592297E-17, -1.000000000000000000 ) ) ;
#10999 =( BOUNDED_CURVE ( )  B_SPLINE_CURVE ( 3, ( #2758, #9960, #984, #6504 ),
 .UNSPECIFIED., .F., .F. ) 
 B_SPLINE_CURVE_WITH_KNOTS ( ( 4, 4 ),
 ( 4.712388980384689674, 6.283185307179586232 ),
 .UNSPECIFIED. ) 
 CURVE ( )  GEOMETRIC_REPRESENTATION_ITEM ( )  RATIONAL_B_SPLINE_CURVE ( ( 1.000000000000000000, 0.8047378541243649375, 0.8047378541243649375, 1.000000000000000000 ) ) 
 REPRESENTATION_ITEM ( '' )  );
#11000 = CARTESIAN_POINT ( 'NONE',  ( 4.375126996066917684, 1.478593510159734059, 0.000000000000000000 ) ) ;
#11001 = CC_DESIGN_PERSON_AND_ORGANIZATION_ASSIGNMENT ( #4152, #1325, ( #3840 ) ) ;
#11002 = ORIENTED_EDGE ( 'NONE', *, *, #5726, .F. ) ;
#11003 = CARTESIAN_POINT ( 'NONE',  ( -3.718771810570201453, -3.144829597896483087, -1.000000000000001332 ) ) ;
#11004 = ADVANCED_FACE ( 'NONE', ( #703 ), #10573, .T. ) ;
#11005 = CARTESIAN_POINT ( 'NONE',  ( -4.008772874936078701, -4.267678123246145816, -0.3372648878341749645 ) ) ;
#11006 = ORIENTED_EDGE ( 'NONE', *, *, #10813, .T. ) ;
#11007 = CARTESIAN_POINT ( 'NONE',  ( -4.583390897398778030, 0.5661297392312393262, -6.937079628368576655E-16 ) ) ;
#11008 = ORIENTED_EDGE ( 'NONE', *, *, #1258, .F. ) ;
#11009 = DIRECTION ( 'NONE',  ( -1.000000000000000000, -6.605826996519682993E-15, 7.970314984685710691E-17 ) ) ;
#11010 = ADVANCED_FACE ( 'NONE', ( #3533 ), #7104, .T. ) ;
#11011 = ORIENTED_EDGE ( 'NONE', *, *, #872, .F. ) ;
#11012 = CARTESIAN_POINT ( 'NONE',  ( 2.215043621141875363, 5.608059160482089744, -0.05089816004206242084 ) ) ;
#11013 = DIRECTION ( 'NONE',  ( 1.000000000000000000, 0.000000000000000000, 0.000000000000000000 ) ) ;
#11014 = PLANE ( 'NONE',  #7158 ) ;
#11015 = CARTESIAN_POINT ( 'NONE',  ( -6.017248975733403782, 0.7105701057768818441, 0.000000000000000000 ) ) ;
#11016 = VERTEX_POINT ( 'NONE', #1708 ) ;
#11017 = FACE_OUTER_BOUND ( 'NONE', #10625, .T. ) ;
#11018 = VERTEX_POINT ( 'NONE', #3482 ) ;
#11019 = ADVANCED_FACE ( 'NONE', ( #7166 ), #7932, .T. ) ;
#11020 = DIRECTION ( 'NONE',  ( 0.000000000000000000, -1.000000000000000000, -1.228122814850837804E-16 ) ) ;
#11021 = DIRECTION ( 'NONE',  ( 0.000000000000000000, -2.368866679808412882E-16, 1.000000000000000000 ) ) ;
#11022 = ORIENTED_EDGE ( 'NONE', *, *, #4056, .T. ) ;
#11023 = EDGE_LOOP ( 'NONE', ( #5359, #4553, #3995, #3587 ) ) ;
#11024 = CARTESIAN_POINT ( 'NONE',  ( 4.428524687536173232, -4.091388292513287617, -0.05060613220745458635 ) ) ;
#11025 = DIRECTION ( 'NONE',  ( 1.000000000000000000, -7.216223268745283347E-15, 0.000000000000000000 ) ) ;
#11026 = ORIENTED_EDGE ( 'NONE', *, *, #3028, .F. ) ;
#11027 = DIRECTION ( 'NONE',  ( -0.000000000000000000, -0.000000000000000000, -1.000000000000000000 ) ) ;
#11028 = FACE_OUTER_BOUND ( 'NONE', #11608, .T. ) ;
#11029 = DIRECTION ( 'NONE',  ( -1.790913520579321555E-16, 2.245734522990357007E-16, -1.000000000000000000 ) ) ;
#11030 = VERTEX_POINT ( 'NONE', #9809 ) ;
#11031 = CARTESIAN_POINT ( 'NONE',  ( -4.162148097593528107, -4.117892845480475295, 0.4999999999999982792 ) ) ;
#11032 = VERTEX_POINT ( 'NONE', #11522 ) ;
#11033 = EDGE_CURVE ( 'NONE', #5083, #6, #7894, .T. ) ;
#11034 = CARTESIAN_POINT ( 'NONE',  ( -5.802660189622455000, 1.778628194967003751, -0.09043943195537407220 ) ) ;
#11035 = VERTEX_POINT ( 'NONE', #5365 ) ;
#11036 = CARTESIAN_POINT ( 'NONE',  ( 0.000000000000000000, 0.000000000000000000, 0.000000000000000000 ) ) ;
#11037 = FACE_OUTER_BOUND ( 'NONE', #10074, .T. ) ;
#11038 = DIRECTION ( 'NONE',  ( 0.9118444439141103475, 0.4105358816266452271, 2.160369549757483815E-16 ) ) ;
#11039 = SPHERICAL_SURFACE ( 'NONE', #9963, 2.043333333333333002 ) ;
#11040 = ORIENTED_EDGE ( 'NONE', *, *, #9794, .T. ) ;
#11041 = CIRCLE ( 'NONE', #174, 1.981214554537471528 ) ;
#11042 = CARTESIAN_POINT ( 'NONE',  ( 3.985157492342970593E-17, -1.746011579516601723E-16, 0.5000000000000000000 ) ) ;
#11043 = EDGE_CURVE ( 'NONE', #546, #9495, #3591, .T. ) ;
#11044 = DIRECTION ( 'NONE',  ( 0.9749279121818260618, 0.2225209339563035404, -5.329070518200750605E-15 ) ) ;
#11045 = ORIENTED_EDGE ( 'NONE', *, *, #11590, .F. ) ;
#11046 = DIRECTION ( 'NONE',  ( -1.436201133715656092E-16, 6.916380135000592297E-17, -1.000000000000000000 ) ) ;
#11047 = CARTESIAN_POINT ( 'NONE',  ( 0.000000000000000000, 0.000000000000000000, 0.000000000000000000 ) ) ;
#11048 = ORIENTED_EDGE ( 'NONE', *, *, #9516, .T. ) ;
#11049 = CARTESIAN_POINT ( 'NONE',  ( -0.5838616507317841986, -6.604956726839298575, -0.2500000000000026090 ) ) ;
#11050 = VECTOR ( 'NONE', #6046, 999.9999999999998863 ) ;
#11051 = CARTESIAN_POINT ( 'NONE',  ( 4.814127353296902001, 3.839138454945143053, -4.258761068126614905E-16 ) ) ;
#11052 = ORIENTED_EDGE ( 'NONE', *, *, #609, .F. ) ;
#11053 = DIRECTION ( 'NONE',  ( 1.790913520579326978E-16, 2.245734522990332355E-16, -1.000000000000000000 ) ) ;
#11054 = EDGE_CURVE ( 'NONE', #4114, #11082, #811, .T. ) ;
#11055 = VERTEX_POINT ( 'NONE', #69 ) ;
#11056 = EDGE_CURVE ( 'NONE', #5646, #2765, #6072, .T. ) ;
#11057 = CARTESIAN_POINT ( 'NONE',  ( -2.186983519523827191, 5.445315942405214216, -1.000000000000000000 ) ) ;
#11058 = CIRCLE ( 'NONE', #3939, 1.814999999999999725 ) ;
#11059 = EDGE_CURVE ( 'NONE', #5709, #2359, #10807, .T. ) ;
#11060 = CIRCLE ( 'NONE', #942, 5.854956726839295023 ) ;
#11061 =( BOUNDED_CURVE ( )  B_SPLINE_CURVE ( 3, ( #6271, #3687, #7248, #6197 ),
 .UNSPECIFIED., .F., .F. ) 
 B_SPLINE_CURVE_WITH_KNOTS ( ( 4, 4 ),
 ( 5.788846648639247583, 6.283185307179586232 ),
 .UNSPECIFIED. ) 
 CURVE ( )  GEOMETRIC_REPRESENTATION_ITEM ( )  RATIONAL_B_SPLINE_CURVE ( ( 1.000000000000000000, 0.9797392387487874332, 0.9797392387487874332, 1.000000000000000000 ) ) 
 REPRESENTATION_ITEM ( '' )  );
#11062 = LINE ( 'NONE', #3099, #7756 ) ;
#11063 = AXIS2_PLACEMENT_3D ( 'NONE', #2198, #6493, #7473 ) ;
#11064 = ORIENTED_EDGE ( 'NONE', *, *, #8619, .T. ) ;
#11065 = CARTESIAN_POINT ( 'NONE',  ( 3.846156353572150747E-16, 3.140624999999996447, -2.500000000000004885 ) ) ;
#11066 = DIRECTION ( 'NONE',  ( 0.4338837391175584535, -0.9009688679024190350, 0.000000000000000000 ) ) ;
#11067 = PLANE ( 'NONE',  #6223 ) ;
#11068 = AXIS2_PLACEMENT_3D ( 'NONE', #6465, #2054, #8102 ) ;
#11069 = APPROVAL_STATUS ( 'not_yet_approved' ) ;
#11070 = ORIENTED_EDGE ( 'NONE', *, *, #7980, .T. ) ;
#11071 = DIRECTION ( 'NONE',  ( 0.6234898018587431423, 0.7818314824680221431, -0.000000000000000000 ) ) ;
#11072 = B_SPLINE_CURVE_WITH_KNOTS ( 'NONE', 3,
 ( #11172, #5139, #3360, #9573 ),
 .UNSPECIFIED., .F., .F.,
 ( 4, 4 ),
 ( 1.989238956369439523E-07, 0.0005046842700227626485 ),
 .UNSPECIFIED. ) ;
#11073 = EDGE_LOOP ( 'NONE', ( #254, #4339 ) ) ;
#11074 = AXIS2_PLACEMENT_3D ( 'NONE', #6582, #5821, #7680 ) ;
#11075 = EDGE_CURVE ( 'NONE', #4917, #11562, #5705, .T. ) ;
#11076 = DIRECTION ( 'NONE',  ( -0.4338837391175651703, -0.9009688679024157043, -3.492023159033191614E-16 ) ) ;
#11077 = CARTESIAN_POINT ( 'NONE',  ( -2.277889630367217144, -4.730086556487682614, -0.5000000000000018874 ) ) ;
#11078 = AXIS2_PLACEMENT_3D ( 'NONE', #3928, #672, #2383 ) ;
#11079 = VERTEX_POINT ( 'NONE', #4296 ) ;
#11080 = VECTOR ( 'NONE', #3371, 1000.000000000000000 ) ;
#11081 = AXIS2_PLACEMENT_3D ( 'NONE', #11299, #9582, #6942 ) ;
#11082 = VERTEX_POINT ( 'NONE', #830 ) ;
#11083 = LINE ( 'NONE', #10468, #5464 ) ;
#11084 = DIRECTION ( 'NONE',  ( -1.790913520579321555E-16, 2.245734522990357007E-16, -1.000000000000000000 ) ) ;
#11086 = EDGE_CURVE ( 'NONE', #8623, #216, #3081, .T. ) ;
#11085 = VERTEX_POINT ( 'NONE', #1651 ) ;
#11088 = VECTOR ( 'NONE', #9214, 1000.000000000000000 ) ;
#11087 = DIRECTION ( 'NONE',  ( 0.000000000000000000, -2.759071806679814764E-16, 1.000000000000000000 ) ) ;
#11089 = DIRECTION ( 'NONE',  ( -0.7818314824680222541, 0.6234898018587428092, -6.916380135000392617E-17 ) ) ;
#11090 = CARTESIAN_POINT ( 'NONE',  ( 2.027458664078223727, 5.504209513128945908, 0.000000000000000000 ) ) ;
#11091 = ORIENTED_EDGE ( 'NONE', *, *, #1517, .F. ) ;
#11092 = CARTESIAN_POINT ( 'NONE',  ( 4.104615282957162492, 3.273321459758343543, 0.000000000000000000 ) ) ;
#11093 = AXIS2_PLACEMENT_3D ( 'NONE', #7626, #3304, #5125 ) ;
#11094 = ORIENTED_EDGE ( 'NONE', *, *, #1711, .T. ) ;
#11095 = AXIS2_PLACEMENT_3D ( 'NONE', #5403, #6389, #7215 ) ;
#11096 = VECTOR ( 'NONE', #3330, 1000.000000000000000 ) ;
#11097 = DIRECTION ( 'NONE',  ( 0.7976297721376451877, -0.6031473672326260749, -1.470468522176204280E-16 ) ) ;
#11098 = ORIENTED_EDGE ( 'NONE', *, *, #1520, .T. ) ;
#11099 = CIRCLE ( 'NONE', #4367, 1.815000000000000613 ) ;
#11100 = B_SPLINE_CURVE_WITH_KNOTS ( 'NONE', 3,
 ( #8742, #11559, #2633, #50 ),
 .UNSPECIFIED., .F., .F.,
 ( 4, 4 ),
 ( 2.074124155955064354E-07, 0.0005065015518760484624 ),
 .UNSPECIFIED. ) ;
#11101 = EDGE_CURVE ( 'NONE', #5596, #7151, #8108, .T. ) ;
#11102 = CARTESIAN_POINT ( 'NONE',  ( 8.534257381558115498E-16, 6.968749999999999112, -0.5832010266623383066 ) ) ;
#11103 = DIRECTION ( 'NONE',  ( 0.000000000000000000, 0.000000000000000000, 1.000000000000000000 ) ) ;
#11104 = DIRECTION ( 'NONE',  ( 1.436201133715639822E-16, 6.916380135000388919E-17, -1.000000000000000000 ) ) ;
#11105 = VERTEX_POINT ( 'NONE', #1884 ) ;
#11106 = CARTESIAN_POINT ( 'NONE',  ( -3.883858019900381375, -2.498724050641744743, -1.482459750393876158E-15 ) ) ;
#11107 = CIRCLE ( 'NONE', #5498, 0.2041022026635773146 ) ;
#11108 = DIRECTION ( 'NONE',  ( 0.7818314824680310249, 0.6234898018587320401, -6.916380135000592297E-17 ) ) ;
#11109 = ORIENTED_EDGE ( 'NONE', *, *, #8220, .F. ) ;
#11110 = VECTOR ( 'NONE', #3641, 1000.000000000000227 ) ;
#11111 = AXIS2_PLACEMENT_3D ( 'NONE', #8543, #8653, #669 ) ;
#11112 = DIRECTION ( 'NONE',  ( 0.000000000000000000, 0.000000000000000000, 1.000000000000000000 ) ) ;
#11113 = CIRCLE ( 'NONE', #7547, 1.571836107868756383 ) ;
#11114 = CARTESIAN_POINT ( 'NONE',  ( -2.231807111763032925, 5.667990052715531135, -1.885160653978395162 ) ) ;
#11115 = EDGE_LOOP ( 'NONE', ( #11560, #1074, #9024, #5148, #3941, #4899, #2232, #6700 ) ) ;
#11116 = DIRECTION ( 'NONE',  ( 7.970314984686170449E-17, 3.492023159033191614E-16, -1.000000000000000000 ) ) ;
#11117 = EDGE_CURVE ( 'NONE', #1298, #11016, #5473, .T. ) ;
#11118 = DIRECTION ( 'NONE',  ( 0.000000000000000000, 0.000000000000000000, 1.000000000000000000 ) ) ;
#11119 = VERTEX_POINT ( 'NONE', #3765 ) ;
#11120 = DIRECTION ( 'NONE',  ( 1.790913520579326978E-16, 2.245734522990332355E-16, -1.000000000000000000 ) ) ;
#11121 = AXIS2_PLACEMENT_3D ( 'NONE', #7889, #3449, #11600 ) ;
#11122 = AXIS2_PLACEMENT_3D ( 'NONE', #2369, #3190, #5903 ) ;
#11123 = CARTESIAN_POINT ( 'NONE',  ( -3.893486730503289639, -2.925744017902478067, -1.000000000000001332 ) ) ;
#11124 = VECTOR ( 'NONE', #8763, 1000.000000000000000 ) ;
#11125 = EDGE_CURVE ( 'NONE', #2359, #6461, #10921, .T. ) ;
#11126 = ORIENTED_EDGE ( 'NONE', *, *, #2217, .T. ) ;
#11127 = FACE_OUTER_BOUND ( 'NONE', #7384, .T. ) ;
#11128 = AXIS2_PLACEMENT_3D ( 'NONE', #8015, #3509, #10655 ) ;
#11129 = VERTEX_POINT ( 'NONE', #5540 ) ;
#11130 = AXIS2_PLACEMENT_3D ( 'NONE', #8038, #882, #8874 ) ;
#11131 = CARTESIAN_POINT ( 'NONE',  ( -2.339742150879213334, 6.204188460871741029, -0.2499999999999997780 ) ) ;
#11132 = AXIS2_PLACEMENT_3D ( 'NONE', #3221, #1506, #2345 ) ;
#11133 = CARTESIAN_POINT ( 'NONE',  ( 0.000000000000000000, 0.000000000000000000, 0.000000000000000000 ) ) ;
#11134 = ORIENTED_EDGE ( 'NONE', *, *, #949, .T. ) ;
#11135 = ADVANCED_FACE ( 'NONE', ( #8165 ), #7446, .F. ) ;
#11136 = CARTESIAN_POINT ( 'NONE',  ( 2.226988737176270661, 5.644053388547159322, -0.08749532262521433901 ) ) ;
#11137 = CARTESIAN_POINT ( 'NONE',  ( 1.884140137117972680, -3.912457308866267081, -1.830752539561564918 ) ) ;
#11138 = CARTESIAN_POINT ( 'NONE',  ( 7.181005668578280462E-17, -3.458190067500296149E-17, 0.5000000000000000000 ) ) ;
#11139 = CC_DESIGN_APPROVAL ( #7554, ( #11212 ) ) ;
#11140 = EDGE_CURVE ( 'NONE', #4965, #8938, #2006, .T. ) ;
#11141 = ORIENTED_EDGE ( 'NONE', *, *, #7766, .F. ) ;
#11142 = FACE_OUTER_BOUND ( 'NONE', #885, .T. ) ;
#11143 = ORIENTED_EDGE ( 'NONE', *, *, #7318, .T. ) ;
#11144 =( BOUNDED_CURVE ( )  B_SPLINE_CURVE ( 3, ( #3709, #7272, #1047, #4644 ),
 .UNSPECIFIED., .F., .F. ) 
 B_SPLINE_CURVE_WITH_KNOTS ( ( 4, 4 ),
 ( 1.761107062791750711E-16, 1.272986069724407532 ),
 .UNSPECIFIED. ) 
 CURVE ( )  GEOMETRIC_REPRESENTATION_ITEM ( )  RATIONAL_B_SPLINE_CURVE ( ( 1.000000000000000000, 0.8694567765201486331, 0.8694567765201486331, 1.000000000000000000 ) ) 
 REPRESENTATION_ITEM ( '' )  );
#11145 = CARTESIAN_POINT ( 'NONE',  ( 5.822922039428655161, 1.789036932132565205, -1.701502775549894375 ) ) ;
#11146 = CYLINDRICAL_SURFACE ( 'NONE', #3265, 5.854956726839295023 ) ;
#11147 = ORIENTED_EDGE ( 'NONE', *, *, #7252, .T. ) ;
#11148 = EDGE_CURVE ( 'NONE', #6981, #2600, #5144, .T. ) ;
#11149 = ORIENTED_EDGE ( 'NONE', *, *, #1889, .F. ) ;
#11150 = EDGE_CURVE ( 'NONE', #9742, #3766, #9071, .T. ) ;
#11151 = DIRECTION ( 'NONE',  ( -0.6031473672326362889, 0.7976297721376374161, 2.871449490733157407E-16 ) ) ;
#11152 = B_SPLINE_CURVE_WITH_KNOTS ( 'NONE', 3,
 ( #9669, #8740, #4281, #10551 ),
 .UNSPECIFIED., .F., .F.,
 ( 4, 4 ),
 ( 0.0005065015518760938905, 0.001011135659924387083 ),
 .UNSPECIFIED. ) ;
#11153 = EDGE_LOOP ( 'NONE', ( #1164, #11500, #11303, #2970, #6292, #5883, #432, #6746 ) ) ;
#11154 = FACE_OUTER_BOUND ( 'NONE', #6648, .T. ) ;
#11155 = CARTESIAN_POINT ( 'NONE',  ( 0.000000000000000000, -7.313365624999999426, -2.312500000000003109 ) ) ;
#11156 = EDGE_CURVE ( 'NONE', #4764, #6807, #4017, .T. ) ;
#11157 = FACE_OUTER_BOUND ( 'NONE', #5005, .T. ) ;
#11158 = ORIENTED_EDGE ( 'NONE', *, *, #1475, .T. ) ;
#11159 = DIRECTION ( 'NONE',  ( 1.000000000000000000, 0.000000000000000000, 0.000000000000000000 ) ) ;
#11160 = ORIENTED_EDGE ( 'NONE', *, *, #2240, .T. ) ;
#11161 = DIRECTION ( 'NONE',  ( 0.6234898018587320401, -0.7818314824680310249, 0.000000000000000000 ) ) ;
#11162 = VERTEX_POINT ( 'NONE', #1173 ) ;
#11163 = CARTESIAN_POINT ( 'NONE',  ( -6.410499384205708751, 0.4146791002803807413, 2.407412430484044816E-32 ) ) ;
#11164 = EDGE_CURVE ( 'NONE', #11194, #6732, #10187, .T. ) ;
#11165 = LINE ( 'NONE', #2361, #4708 ) ;
#11166 = CARTESIAN_POINT ( 'NONE',  ( 3.395103212617424759, 2.707504464571544478, -1.571836107868756827 ) ) ;
#11167 = DIRECTION ( 'NONE',  ( 0.000000000000000000, 0.000000000000000000, 1.000000000000000000 ) ) ;
#11168 = FACE_OUTER_BOUND ( 'NONE', #4102, .T. ) ;
#11169 = ORIENTED_EDGE ( 'NONE', *, *, #201, .T. ) ;
#11170 = EDGE_CURVE ( 'NONE', #4845, #4535, #3454, .T. ) ;
#11171 = DIRECTION ( 'NONE',  ( 0.000000000000000000, -1.836970198721029688E-16, 1.000000000000000000 ) ) ;
#11172 = CARTESIAN_POINT ( 'NONE',  ( 0.5615098671492914084, -5.838802759818086940, 0.000000000000000000 ) ) ;
#11173 = ORIENTED_EDGE ( 'NONE', *, *, #9778, .T. ) ;
#11174 = CARTESIAN_POINT ( 'NONE',  ( -3.395103212617386568, 2.707504464571592440, -1.830752539561562919 ) ) ;
#11175 = CARTESIAN_POINT ( 'NONE',  ( -3.039904091628593097, 5.278831057677258798, -0.1313876030881698520 ) ) ;
#11176 = VERTEX_POINT ( 'NONE', #7329 ) ;
#11177 = LINE ( 'NONE', #427, #9413 ) ;
#11178 = DIRECTION ( 'NONE',  ( -7.970314984686170449E-17, -3.492023159033191614E-16, 1.000000000000000000 ) ) ;
#11179 = ORIENTED_EDGE ( 'NONE', *, *, #6846, .T. ) ;
#11180 = FACE_OUTER_BOUND ( 'NONE', #7033, .T. ) ;
#11181 = ORIENTED_EDGE ( 'NONE', *, *, #2121, .F. ) ;
#11182 = EDGE_CURVE ( 'NONE', #216, #2296, #10858, .T. ) ;
#11183 = CARTESIAN_POINT ( 'NONE',  ( 4.941621282458656950, -3.194024389560554233, 0.4999999999999983902 ) ) ;
#11184 = CARTESIAN_POINT ( 'NONE',  ( -5.729658811953161290, 1.970584941025376180, -1.701502775549881497 ) ) ;
#11185 = DIRECTION ( 'NONE',  ( 7.970314984686170449E-17, 3.492023159033191614E-16, -1.000000000000000000 ) ) ;
#11186 = ORIENTED_EDGE ( 'NONE', *, *, #805, .F. ) ;
#11187 = CARTESIAN_POINT ( 'NONE',  ( -3.985157492342970593E-17, 1.746011579516601723E-16, -0.5000000000000000000 ) ) ;
#11188 = DIRECTION ( 'NONE',  ( -0.000000000000000000, -1.836970198721029688E-16, 1.000000000000000000 ) ) ;
#11189 = PLANE ( 'NONE',  #592 ) ;
#11190 = APPROVAL_DATE_TIME ( #2213, #2036 ) ;
#11191 = ORIENTED_EDGE ( 'NONE', *, *, #10560, .T. ) ;
#11192 = CLOSED_SHELL ( 'NONE', ( #11529, #7796 ) ) ;
#11193 = DIRECTION ( 'NONE',  ( -0.9749279121818241745, 0.2225209339563120892, 0.000000000000000000 ) ) ;
#11194 = VERTEX_POINT ( 'NONE', #2822 ) ;
#11195 = SPHERICAL_SURFACE ( 'NONE', #10158, 1.815000000000000169 ) ;
#11196 = DIRECTION ( 'NONE',  ( 0.000000000000000000, -4.778852550900294681E-16, 1.000000000000000000 ) ) ;
#11197 = EDGE_CURVE ( 'NONE', #9143, #9595, #7865, .T. ) ;
#11198 = ORIENTED_EDGE ( 'NONE', *, *, #1245, .F. ) ;
#11199 = EDGE_LOOP ( 'NONE', ( #8743, #6407, #9920, #4456 ) ) ;
#11200 = FACE_OUTER_BOUND ( 'NONE', #3738, .T. ) ;
#11201 = ORIENTED_EDGE ( 'NONE', *, *, #10629, .T. ) ;
#11202 = CARTESIAN_POINT ( 'NONE',  ( 2.277889630367151419, -4.730086556487714589, 0.4999999999999985012 ) ) ;
#11203 = CARTESIAN_POINT ( 'NONE',  ( 4.104615282957162492, 3.273321459758343543, -0.5000000000000003331 ) ) ;
#11204 = PLANE ( 'NONE',  #76 ) ;
#11205 = VERTEX_POINT ( 'NONE', #9157 ) ;
#11206 = DIRECTION ( 'NONE',  ( -1.790913520579326978E-16, -2.245734522990332355E-16, 1.000000000000000000 ) ) ;
#11207 = ORIENTED_EDGE ( 'NONE', *, *, #3287, .F. ) ;
#11208 = CIRCLE ( 'NONE', #2208, 5.854956726839295023 ) ;
#11209 = EDGE_CURVE ( 'NONE', #708, #9556, #7938, .T. ) ;
#11210 = DIRECTION ( 'NONE',  ( 0.000000000000000000, -1.000000000000000000, -1.842184222276257569E-16 ) ) ;
#11211 = EDGE_CURVE ( 'NONE', #5009, #3048, #8316, .T. ) ;
#11212 = PRODUCT_DEFINITION ( 'UNKNOWN', '', #3840, #9349 ) ;
#11213 = EDGE_CURVE ( 'NONE', #762, #4114, #8276, .T. ) ;
#11214 = CARTESIAN_POINT ( 'NONE',  ( -4.799931324454228765, -4.574604580850460067, -1.979745477316909641 ) ) ;
#11215 = ORIENTED_EDGE ( 'NONE', *, *, #949, .F. ) ;
#11216 = DIRECTION ( 'NONE',  ( -6.938893903907222067E-15, 1.000000000000000000, 0.000000000000000000 ) ) ;
#11217 = DIRECTION ( 'NONE',  ( 0.000000000000000000, 0.000000000000000000, 1.000000000000000000 ) ) ;
#11218 = CARTESIAN_POINT ( 'NONE',  ( 2.339742150879215998, 6.204188460871740141, -0.6893398282201788074 ) ) ;
#11219 = ORIENTED_EDGE ( 'NONE', *, *, #9906, .T. ) ;
#11220 = CARTESIAN_POINT ( 'NONE',  ( 2.231807111763035145, 5.667990052715531135, 0.4669859836141823650 ) ) ;
#11221 = CARTESIAN_POINT ( 'NONE',  ( 4.488669179800687914, -4.162977229057007733, -0.2083800311308706965 ) ) ;
#11222 = VERTEX_POINT ( 'NONE', #7275 ) ;
#11223 = PLANE ( 'NONE',  #6811 ) ;
#11224 = DIRECTION ( 'NONE',  ( 0.000000000000000000, 0.000000000000000000, 1.000000000000000000 ) ) ;
#11225 = ORIENTED_EDGE ( 'NONE', *, *, #9993, .F. ) ;
#11226 = CARTESIAN_POINT ( 'NONE',  ( -3.985157492342970593E-17, 1.746011579516601723E-16, -0.5000000000000000000 ) ) ;
#11227 = FACE_OUTER_BOUND ( 'NONE', #8404, .T. ) ;
#11228 = ORIENTED_EDGE ( 'NONE', *, *, #6049, .T. ) ;
#11229 = DIRECTION ( 'NONE',  ( 0.7818314824680310249, 0.6234898018587320401, -6.916380135000592297E-17 ) ) ;
#11230 = CARTESIAN_POINT ( 'NONE',  ( -4.293211309183624813, -4.007104778592382566, -0.2500000000000017208 ) ) ;
#11231 = EDGE_CURVE ( 'NONE', #8441, #3568, #628, .T. ) ;
#11232 = AXIS2_PLACEMENT_3D ( 'NONE', #5649, #9222, #4822 ) ;
#11233 = VERTEX_POINT ( 'NONE', #4646 ) ;
#11234 = CARTESIAN_POINT ( 'NONE',  ( -2.237903063308956497, 5.698273448560723153, -0.3964466094067261581 ) ) ;
#11235 = ORIENTED_EDGE ( 'NONE', *, *, #11256, .F. ) ;
#11236 = DIRECTION ( 'NONE',  ( -0.9009688679024185909, 0.4338837391175592861, 0.000000000000000000 ) ) ;
#11237 = PLANE ( 'NONE',  #7202 ) ;
#11238 = AXIS2_PLACEMENT_3D ( 'NONE', #7240, #2556, #6190 ) ;
#11239 = DIRECTION ( 'NONE',  ( 0.2225209339563050670, -0.9749279121818257288, -1.790913520579326732E-16 ) ) ;
#11240 = ORIENTED_EDGE ( 'NONE', *, *, #4776, .T. ) ;
#11241 = CARTESIAN_POINT ( 'NONE',  ( 4.814127353296902001, 3.839138454945143053, 0.000000000000000000 ) ) ;
#11242 = EDGE_CURVE ( 'NONE', #9547, #6572, #5457, .T. ) ;
#11243 = CARTESIAN_POINT ( 'NONE',  ( 8.954567602896607774E-17, -1.122867261495178503E-16, 0.5000000000000000000 ) ) ;
#11244 = FACE_OUTER_BOUND ( 'NONE', #5173, .T. ) ;
#11245 = PERSON_AND_ORGANIZATION ( #3279, #1198 ) ;
#11246 = EDGE_LOOP ( 'NONE', ( #5113, #4647, #10901, #3186, #2526, #2440, #11505 ) ) ;
#11247 = EDGE_LOOP ( 'NONE', ( #1006, #10047, #8027, #7397, #6905, #1478, #832, #11134 ) ) ;
#11248 = CIRCLE ( 'NONE', #10115, 0.9075000000000008615 ) ;
#11249 = FACE_OUTER_BOUND ( 'NONE', #2078, .T. ) ;
#11250 = FACE_OUTER_BOUND ( 'NONE', #264, .T. ) ;
#11251 = ORIENTED_EDGE ( 'NONE', *, *, #9773, .F. ) ;
#11252 = ORIENTED_EDGE ( 'NONE', *, *, #709, .T. ) ;
#11253 = AXIS2_PLACEMENT_3D ( 'NONE', #6920, #6748, #3404 ) ;
#11254 = CIRCLE ( 'NONE', #10126, 1.830752539561562253 ) ;
#11255 = ORIENTED_EDGE ( 'NONE', *, *, #530, .T. ) ;
#11256 = EDGE_CURVE ( 'NONE', #4845, #9267, #10087, .T. ) ;
#11257 = LINE ( 'NONE', #5041, #9780 ) ;
#11258 = CARTESIAN_POINT ( 'NONE',  ( 4.321090166594595772, -4.753382046845238129, 1.203706215242022408E-32 ) ) ;
#11259 = CARTESIAN_POINT ( 'NONE',  ( 0.5838616507318663551, -5.854956726839289693, -0.2500000000000023870 ) ) ;
#11260 = EDGE_LOOP ( 'NONE', ( #7219, #10357, #5691, #4002, #4209, #731, #5805, #8472, #7761, #6455, #11456, #3859, #8559, #10826 ) ) ;
#11261 = DIRECTION ( 'NONE',  ( 7.970314984686170449E-17, -3.492023159033191121E-16, 1.000000000000000000 ) ) ;
#11262 = AXIS2_PLACEMENT_3D ( 'NONE', #2135, #9283, #1359 ) ;
#11263 = ORIENTED_EDGE ( 'NONE', *, *, #2557, .T. ) ;
#11264 = ADVANCED_FACE ( 'NONE', ( #11157 ), #9377, .T. ) ;
#11265 = AXIS2_PLACEMENT_3D ( 'NONE', #10590, #7192, #6191 ) ;
#11266 = PLANE ( 'NONE',  #3769 ) ;
#11267 = VECTOR ( 'NONE', #3852, 1000.000000000000000 ) ;
#11268 = B_SPLINE_CURVE_WITH_KNOTS ( 'NONE', 3,
 ( #523, #7804, #1360, #2414 ),
 .UNSPECIFIED., .F., .F.,
 ( 4, 4 ),
 ( 2.074124158607657084E-07, 0.0005065015518764689161 ),
 .UNSPECIFIED. ) ;
#11269 = VERTEX_POINT ( 'NONE', #4057 ) ;
#11270 = AXIS2_PLACEMENT_3D ( 'NONE', #8275, #2769, #6296 ) ;
#11271 = DIRECTION ( 'NONE',  ( -1.000000000000000000, 0.000000000000000000, -0.000000000000000000 ) ) ;
#11272 = ORIENTED_EDGE ( 'NONE', *, *, #6658, .T. ) ;
#11273 =( BOUNDED_CURVE ( )  B_SPLINE_CURVE ( 3, ( #9488, #2565, #11321, #1445 ),
 .UNSPECIFIED., .F., .F. ) 
 B_SPLINE_CURVE_WITH_KNOTS ( ( 4, 4 ),
 ( 4.712388980384689674, 6.283185307179586232 ),
 .UNSPECIFIED. ) 
 CURVE ( )  GEOMETRIC_REPRESENTATION_ITEM ( )  RATIONAL_B_SPLINE_CURVE ( ( 1.000000000000000000, 0.8047378541243649375, 0.8047378541243649375, 1.000000000000000000 ) ) 
 REPRESENTATION_ITEM ( '' )  );
#11274 = DIRECTION ( 'NONE',  ( -0.000000000000000000, -0.000000000000000000, -1.000000000000000000 ) ) ;
#11275 = ADVANCED_FACE ( 'NONE', ( #6812 ), #11204, .T. ) ;
#11276 = CARTESIAN_POINT ( 'NONE',  ( 0.000000000000000000, 7.175664838753999029E-17, 2.109375000000001332 ) ) ;
#11277 = CIRCLE ( 'NONE', #3786, 2.043333333333333446 ) ;
#11278 = EDGE_CURVE ( 'NONE', #11602, #4020, #11442, .T. ) ;
#11279 = AXIS2_PLACEMENT_3D ( 'NONE', #3781, #5725, #1246 ) ;
#11280 = CARTESIAN_POINT ( 'NONE',  ( -3.395103212617387012, 2.707504464571592440, -3.003438073623919616E-16 ) ) ;
#11281 = ORIENTED_EDGE ( 'NONE', *, *, #4026, .T. ) ;
#11282 = CARTESIAN_POINT ( 'NONE',  ( 0.5838616507318713511, -6.604956726839289693, -0.2500000000000026090 ) ) ;
#11283 = CIRCLE ( 'NONE', #9580, 5.854956726839295023 ) ;
#11284 = EDGE_CURVE ( 'NONE', #10416, #7556, #4403, .T. ) ;
#11285 = DIRECTION ( 'NONE',  ( 7.970314984685941186E-17, 3.492023159033203447E-16, -1.000000000000000000 ) ) ;
#11286 = VECTOR ( 'NONE', #8150, 1000.000000000000114 ) ;
#11287 = ORIENTED_EDGE ( 'NONE', *, *, #1910, .T. ) ;
#11288 = FACE_OUTER_BOUND ( 'NONE', #2833, .T. ) ;
#11289 = CIRCLE ( 'NONE', #7533, 1.830752539561562919 ) ;
#11290 = AXIS2_PLACEMENT_3D ( 'NONE', #1093, #11076, #2877 ) ;
#11291 = DIRECTION ( 'NONE',  ( 0.4338837391175517921, -0.9009688679024220326, -2.800385145533141998E-16 ) ) ;
#11292 = VECTOR ( 'NONE', #11543, 1000.000000000000000 ) ;
#11293 = ORIENTED_EDGE ( 'NONE', *, *, #8402, .T. ) ;
#11294 = B_SPLINE_CURVE_WITH_KNOTS ( 'NONE', 3,
 ( #964, #4566, #1025, #10650, #3683, #3504 ),
 .UNSPECIFIED., .F., .F.,
 ( 4, 2, 4 ),
 ( 1.269026107149310602E-18, 0.0001264852995145782522, 0.0002529705990291552034 ),
 .UNSPECIFIED. ) ;
#11295 = CARTESIAN_POINT ( 'NONE',  ( -4.814127353296846934, 3.839138454945211443, -4.258761068126489673E-16 ) ) ;
#11296 = AXIS2_PLACEMENT_3D ( 'NONE', #7054, #6234, #3535 ) ;
#11297 = DIRECTION ( 'NONE',  ( 0.000000000000000000, -1.000000000000000000, -1.866966969661137892E-16 ) ) ;
#11298 = CARTESIAN_POINT ( 'NONE',  ( -4.814127353296846934, 3.839138454945211443, -4.258761068126489673E-16 ) ) ;
#11299 = CARTESIAN_POINT ( 'NONE',  ( -1.884140137118027081, -3.912457308866240879, -1.516411056810163749E-15 ) ) ;
#11300 = EDGE_CURVE ( 'NONE', #10691, #4538, #5325, .T. ) ;
#11301 = CIRCLE ( 'NONE', #6240, 1.571836107868756383 ) ;
#11302 = AXIS2_PLACEMENT_3D ( 'NONE', #6847, #5791, #3322 ) ;
#11303 = ORIENTED_EDGE ( 'NONE', *, *, #5579, .F. ) ;
#11304 = CARTESIAN_POINT ( 'NONE',  ( 0.000000000000000000, 6.019109190525244446E-17, 2.172334957055047422 ) ) ;
#11305 = EDGE_LOOP ( 'NONE', ( #9124, #5243, #192, #3223, #6144, #7085 ) ) ;
#11306 = AXIS2_PLACEMENT_3D ( 'NONE', #10198, #11071, #2164 ) ;
#11307 = CARTESIAN_POINT ( 'NONE',  ( 3.395103212617425203, 2.707504464571544478, -0.5000000000000001110 ) ) ;
#11308 = CARTESIAN_POINT ( 'NONE',  ( 5.801203394380174849, 1.777879823079325128, -0.08749532262521485249 ) ) ;
#11309 = CIRCLE ( 'NONE', #10180, 1.571836107868756383 ) ;
#11310 = AXIS2_PLACEMENT_3D ( 'NONE', #6336, #8923, #7981 ) ;
#11311 = DIRECTION ( 'NONE',  ( 0.2225209339563050392, -0.9749279121818257288, -1.790913520579326978E-16 ) ) ;
#11312 = DIRECTION ( 'NONE',  ( -0.6234898018587446966, -0.7818314824680209218, -1.641723512482400849E-16 ) ) ;
#11313 = ORIENTED_EDGE ( 'NONE', *, *, #3902, .F. ) ;
#11314 = CARTESIAN_POINT ( 'NONE',  ( -3.300315535752680329, -3.230463181104143988, 0.4999999999999986122 ) ) ;
#11316 = AXIS2_PLACEMENT_3D ( 'NONE', #6371, #7197, #2859 ) ;
#11315 = CARTESIAN_POINT ( 'NONE',  ( -5.527994894309633978, -3.661641740954672208, -1.000000000000001776 ) ) ;
#11317 = ADVANCED_FACE ( 'NONE', ( #1344 ), #2351, .T. ) ;
#11318 = CARTESIAN_POINT ( 'NONE',  ( 5.057425556495251939, -3.449779290889261940, -0.2500000000000000555 ) ) ;
#11319 = CALENDAR_DATE ( 2026, 18, 1 ) ;
#11320 = VERTEX_POINT ( 'NONE', #8513 ) ;
#11321 = CARTESIAN_POINT ( 'NONE',  ( -4.488669179800631959, -4.162977229057066353, -0.3964466094067281010 ) ) ;
#11322 = AXIS2_PLACEMENT_3D ( 'NONE', #4473, #935, #4530 ) ;
#11323 = VERTEX_POINT ( 'NONE', #5934 ) ;
#11324 = AXIS2_PLACEMENT_3D ( 'NONE', #3567, #2568, #2799 ) ;
#11325 = CARTESIAN_POINT ( 'NONE',  ( 0.000000000000000000, 0.000000000000000000, 0.000000000000000000 ) ) ;
#11326 = EDGE_CURVE ( 'NONE', #7878, #8016, #4384, .T. ) ;
#11327 = AXIS2_PLACEMENT_3D ( 'NONE', #11304, #6008, #10358 ) ;
#11328 = CARTESIAN_POINT ( 'NONE',  ( 0.000000000000000000, -7.375803124999999127, 2.479187499999996991 ) ) ;
#11329 = VERTEX_POINT ( 'NONE', #641 ) ;
#11330 = ORIENTED_EDGE ( 'NONE', *, *, #4299, .F. ) ;
#11331 = AXIS2_PLACEMENT_3D ( 'NONE', #10841, #1149, #8151 ) ;
#11332 = CIRCLE ( 'NONE', #261, 5.854956726839295023 ) ;
#11333 = ORIENTED_EDGE ( 'NONE', *, *, #6985, .F. ) ;
#11334 = PLANE ( 'NONE',  #5300 ) ;
#11335 = DIRECTION ( 'NONE',  ( -0.4338837391175652813, -0.9009688679024157043, 0.000000000000000000 ) ) ;
#11336 = CARTESIAN_POINT ( 'NONE',  ( 5.118371538954569644, -1.168234903270670699, -1.179010624569937576E-15 ) ) ;
#11337 = VERTEX_POINT ( 'NONE', #4866 ) ;
#11338 = CARTESIAN_POINT ( 'NONE',  ( 5.795440118211014457, 0.9204544874742647265, -0.5000000000000007772 ) ) ;
#11339 = ORIENTED_EDGE ( 'NONE', *, *, #7451, .T. ) ;
#11340 = DIRECTION ( 'NONE',  ( -0.9009688679024218105, -0.4338837391175526248, -7.970314984685944884E-17 ) ) ;
#11341 = ADVANCED_FACE ( 'NONE', ( #8686 ), #9498, .T. ) ;
#11342 = VERTEX_POINT ( 'NONE', #7791 ) ;
#11343 = CARTESIAN_POINT ( 'NONE',  ( -2.277889630367217144, -4.730086556487682614, -1.833312158492425881E-15 ) ) ;
#11344 = VERTEX_POINT ( 'NONE', #6869 ) ;
#11345 = EDGE_CURVE ( 'NONE', #4426, #7090, #10938, .T. ) ;
#11346 = CARTESIAN_POINT ( 'NONE',  ( 0.4561072009510460101, -5.854956726839291470, -0.2500000000000020539 ) ) ;
#11347 = CARTESIAN_POINT ( 'NONE',  ( 4.245533895084506071, -4.066890364875010100, 0.000000000000000000 ) ) ;
#11348 = CARTESIAN_POINT ( 'NONE',  ( 3.863289285114899219, -4.399490217363499767, -0.5000000000000016653 ) ) ;
#11349 = ORIENTED_EDGE ( 'NONE', *, *, #12, .T. ) ;
#11350 = DIRECTION ( 'NONE',  ( -0.000000000000000000, -0.000000000000000000, -1.000000000000000000 ) ) ;
#11351 = EDGE_LOOP ( 'NONE', ( #9514, #8031, #226, #4991 ) ) ;
#11352 = DIRECTION ( 'NONE',  ( 1.000000000000000000, 0.000000000000000000, -0.000000000000000000 ) ) ;
#11353 = CARTESIAN_POINT ( 'NONE',  ( -4.104615282957117195, 3.273321459758401719, -3.631099570875204645E-16 ) ) ;
#11354 = ORIENTED_EDGE ( 'NONE', *, *, #5035, .F. ) ;
#11355 = ADVANCED_FACE ( 'NONE', ( #8615 ), #8881, .F. ) ;
#11356 = PLANE ( 'NONE',  #5999 ) ;
#11357 = FACE_OUTER_BOUND ( 'NONE', #6393, .T. ) ;
#11358 = DIRECTION ( 'NONE',  ( 7.970314984686170449E-17, -3.492023159033191121E-16, 1.000000000000000000 ) ) ;
#11359 = DIRECTION ( 'NONE',  ( -0.9749279121818256177, -0.2225209339563054556, -2.245734522990333834E-16 ) ) ;
#11360 = CARTESIAN_POINT ( 'NONE',  ( -3.883858019900379599, -2.498724050641747851, -0.5000000000000012212 ) ) ;
#11361 = ORIENTED_EDGE ( 'NONE', *, *, #8903, .T. ) ;
#11362 = EDGE_CURVE ( 'NONE', #2681, #9634, #6819, .T. ) ;
#11363 = DIRECTION ( 'NONE',  ( 7.970314984685941186E-17, -3.492023159033203447E-16, 1.000000000000000000 ) ) ;
#11364 = EDGE_CURVE ( 'NONE', #3508, #9448, #2226, .T. ) ;
#11365 = DIRECTION ( 'NONE',  ( 0.000000000000000000, 1.000000000000000000, 1.734723475976807341E-16 ) ) ;
#11366 = EDGE_CURVE ( 'NONE', #11085, #1783, #10265, .T. ) ;
#11367 = CARTESIAN_POINT ( 'NONE',  ( 4.104615282957162492, 3.273321459758343543, 0.000000000000000000 ) ) ;
#11368 = CARTESIAN_POINT ( 'NONE',  ( -6.003118619259592670, -1.370172650835948636, 1.830752539561560699 ) ) ;
#11369 = ORIENTED_EDGE ( 'NONE', *, *, #4084, .F. ) ;
#11370 = DIRECTION ( 'NONE',  ( -0.7818314824680221431, 0.6234898018587431423, -6.916380135000388919E-17 ) ) ;
#11371 = CARTESIAN_POINT ( 'NONE',  ( 5.805951662544254432, 0.7559388635070346529, 1.766966590428566257E-16 ) ) ;
#11372 = CARTESIAN_POINT ( 'NONE',  ( 3.365469702397300367, -3.365757202217678046, 0.4999999999999987232 ) ) ;
#11373 = ORIENTED_EDGE ( 'NONE', *, *, #10248, .F. ) ;
#11374 = CARTESIAN_POINT ( 'NONE',  ( -3.395103212617387012, 2.707504464571592440, 0.5000000000000000000 ) ) ;
#11375 = VERTEX_POINT ( 'NONE', #3168 ) ;
#11376 = DIRECTION ( 'NONE',  ( -0.6234898018587431423, -0.7818314824680221431, -1.481414429610370493E-16 ) ) ;
#11377 = EDGE_CURVE ( 'NONE', #10758, #4685, #323, .T. ) ;
#11378 = DIRECTION ( 'NONE',  ( 0.000000000000000000, -1.000000000000000000, -1.228122814850838050E-16 ) ) ;
#11379 = ORIENTED_EDGE ( 'NONE', *, *, #2168, .T. ) ;
#11380 = ORIENTED_EDGE ( 'NONE', *, *, #10404, .F. ) ;
#11381 = DIRECTION ( 'NONE',  ( 1.790913520579326978E-16, 2.245734522990332355E-16, -1.000000000000000000 ) ) ;
#11382 = CARTESIAN_POINT ( 'NONE',  ( 5.620762700560424818, 1.792743752465445928, 0.4999999999999994449 ) ) ;
#11383 = DIRECTION ( 'NONE',  ( 0.6234898018587322621, -0.7818314824680308028, -1.436201133715656092E-16 ) ) ;
#11384 = DIRECTION ( 'NONE',  ( -0.000000000000000000, 1.000000000000000000, -0.000000000000000000 ) ) ;
#11385 = EDGE_LOOP ( 'NONE', ( #2249, #2390, #7458, #10322 ) ) ;
#11386 = LINE ( 'NONE', #7976, #1555 ) ;
#11387 = EDGE_CURVE ( 'NONE', #5009, #3158, #1189, .T. ) ;
#11388 = ORIENTED_EDGE ( 'NONE', *, *, #2021, .F. ) ;
#11389 = CARTESIAN_POINT ( 'NONE',  ( 2.671639123616330824, -5.547715804109162541, -2.150213260174694521E-15 ) ) ;
#11390 = VERTEX_POINT ( 'NONE', #9616 ) ;
#11391 = CARTESIAN_POINT ( 'NONE',  ( -2.238477577586309497, 4.325324856417221753, -0.5000000000000000000 ) ) ;
#11392 = ORIENTED_EDGE ( 'NONE', *, *, #8190, .T. ) ;
#11393 = DIRECTION ( 'NONE',  ( -1.000000000000000000, -2.609883907122579564E-15, 1.242801860534561791E-16 ) ) ;
#11394 = CARTESIAN_POINT ( 'NONE',  ( -3.391824491822198695, 5.697532308577990534, 0.09181046656276667384 ) ) ;
#11395 = DIRECTION ( 'NONE',  ( -1.000000000000000000, 0.000000000000000000, -0.000000000000000000 ) ) ;
#11396 = DIRECTION ( 'NONE',  ( -1.000000000000000000, 1.224646799147353207E-16, 0.000000000000000000 ) ) ;
#11397 = EDGE_LOOP ( 'NONE', ( #4810, #3887, #1174, #3218 ) ) ;
#11398 = CLOSED_SHELL ( 'NONE', ( #5663, #8197, #9565, #1318, #4415, #5314, #1107, #9279, #11620, #2812, #9603, #2841, #5478, #10847, #3615, #3277, #6303, #10090, #653, #476, #1221, #4801, #1060, #11275, #10705, #1453, #9298, #1608, #3742, #6922, #5822, #4165, #10997, #7847, #6558, #1235, #3773, #11595, #1166, #5346, #10296, #6883, #2210, #5701, #9251, #29, #4421, #8558, #7365, #8592, #5615, #7171, #2711, #10101, #2116, #4739, #4175, #4772, #11010, #3111, #2354, #1297, #6337, #7103, #11264, #357, #2599, #7142, #4005, #1021, #4193, #6754, #9401, #3547, #3157, #11518, #9558, #812, #8010, #3438, #7273, #5074, #3321, #1087, #4382, #7539, #2753, #8265, #1236, #6354, #9334, #7015, #3126, #4476, #11409, #8897, #8503, #9189, #4577, #5131, #8680, #74, #6634, #5837, #8948, #9329, #9061, #10784, #7198, #7152, #3676, #2975, #757, #9574, #9838, #3543, #5167, #5600, #2181, #559, #6524, #299, #10417, #6638, #10956, #8133, #5490, #3042, #3523, #7400, #10154, #3319, #1551, #10755, #4670, #5773, #4011, #240, #169, #2575, #3346, #5749, #2606, #9759, #4588, #8986, #10121, #681, #2768, #3968, #2658, #10702, #6412, #3299, #10353, #3559, #3908, #3718, #10640, #5901, #222, #7201, #3390, #4890, #5, #4821, #11341, #5285, #2447, #2530, #3353, #3470, #10433, #2199, #3323, #3701, #735, #9741, #9725, #8263, #1822, #11400, #9387, #9383 ) ) ;
#11399 = DIRECTION ( 'NONE',  ( 1.000000000000000000, 3.501990703949916292E-15, 0.000000000000000000 ) ) ;
#11400 = ADVANCED_FACE ( 'NONE', ( #4409 ), #8918, .F. ) ;
#11401 = VERTEX_POINT ( 'NONE', #7210 ) ;
#11402 = DIRECTION ( 'NONE',  ( 7.970314984686170449E-17, -3.492023159033191121E-16, 1.000000000000000000 ) ) ;
#11403 = ORIENTED_EDGE ( 'NONE', *, *, #5624, .T. ) ;
#11404 = CARTESIAN_POINT ( 'NONE',  ( -5.047842172827740725, -3.445464604443469803, -0.1680249406405537327 ) ) ;
#11405 = CARTESIAN_POINT ( 'NONE',  ( -5.814555160701777581, 0.6866342230890113418, -0.5000000000000008882 ) ) ;
#11406 = DIRECTION ( 'NONE',  ( -0.4338837391175585090, -0.9009688679024190350, 0.000000000000000000 ) ) ;
#11407 = CARTESIAN_POINT ( 'NONE',  ( -2.027458664078223727, 5.504209513128946796, 0.000000000000000000 ) ) ;
#11408 = EDGE_LOOP ( 'NONE', ( #10862, #6718, #7229, #5467, #5761, #98 ) ) ;
#11409 = ADVANCED_FACE ( 'NONE', ( #10734 ), #6101, .F. ) ;
#11410 = CARTESIAN_POINT ( 'NONE',  ( -1.785469052044889482, 5.576075549824572875, -1.670995310236613891E-17 ) ) ;
#11411 = DIRECTION ( 'NONE',  ( -0.9749279121818257288, -0.2225209339563054001, -2.245734522990333341E-16 ) ) ;
#11412 = FACE_OUTER_BOUND ( 'NONE', #1224, .T. ) ;
#11413 = DIRECTION ( 'NONE',  ( 0.000000000000000000, 1.000000000000000000, 3.728405581603685866E-16 ) ) ;
#11414 = VERTEX_POINT ( 'NONE', #743 ) ;
#11415 = PLANE ( 'NONE',  #6236 ) ;
#11416 = DIRECTION ( 'NONE',  ( 1.436201133715656092E-16, -6.916380135000592297E-17, 1.000000000000000000 ) ) ;
#11417 = DIRECTION ( 'NONE',  ( -0.9009688679024160374, 0.4338837391175650038, 7.970314984686160588E-17 ) ) ;
#11418 = EDGE_CURVE ( 'NONE', #5719, #3419, #7190, .T. ) ;
#11419 = CARTESIAN_POINT ( 'NONE',  ( -2.237903063308955609, 5.698273448560723153, -0.2499999999999999445 ) ) ;
#11420 = EDGE_CURVE ( 'NONE', #3095, #7213, #8132, .T. ) ;
#11421 = ORIENTED_EDGE ( 'NONE', *, *, #11424, .T. ) ;
#11422 = CARTESIAN_POINT ( 'NONE',  ( 3.893486730503328719, -2.925744017902425664, -0.5000000000000013323 ) ) ;
#11423 = VERTEX_POINT ( 'NONE', #7974 ) ;
#11424 = EDGE_CURVE ( 'NONE', #1413, #5986, #6831, .T. ) ;
#11425 = CARTESIAN_POINT ( 'NONE',  ( -4.210968453992196103, -4.067955623239186025, -1.069247216952531200E-13 ) ) ;
#11426 = AXIS2_PLACEMENT_3D ( 'NONE', #6340, #225, #3655 ) ;
#11427 = DIRECTION ( 'NONE',  ( -0.000000000000000000, -1.836970198721029688E-16, 1.000000000000000000 ) ) ;
#11428 = EDGE_LOOP ( 'NONE', ( #6403, #9310 ) ) ;
#11429 = ORIENTED_EDGE ( 'NONE', *, *, #6499, .T. ) ;
#11430 = DIRECTION ( 'NONE',  ( 0.2225209339563050392, -0.9749279121818257288, -1.851768037012963116E-16 ) ) ;
#11431 = CYLINDRICAL_SURFACE ( 'NONE', #1552, 5.854956726839295023 ) ;
#11432 = CARTESIAN_POINT ( 'NONE',  ( 0.000000000000000000, -7.375803125000000016, 2.499999999999998668 ) ) ;
#11433 = AXIS2_PLACEMENT_3D ( 'NONE', #10580, #4371, #7944 ) ;
#11434 = CARTESIAN_POINT ( 'NONE',  ( -4.104615282957117195, 3.273321459758401719, -3.631099570875204645E-16 ) ) ;
#11435 = VERTEX_POINT ( 'NONE', #11504 ) ;
#11436 = CARTESIAN_POINT ( 'NONE',  ( 6.053386115997621886, 0.9138090314649699453, -0.2500000000000000555 ) ) ;
#11437 = EDGE_CURVE ( 'NONE', #600, #9493, #1763, .T. ) ;
#11438 = ORIENTED_EDGE ( 'NONE', *, *, #9638, .F. ) ;
#11439 = PLANE ( 'NONE',  #10487 ) ;
#11440 = CIRCLE ( 'NONE', #372, 1.830752539561562253 ) ;
#11441 = ORIENTED_EDGE ( 'NONE', *, *, #6872, .F. ) ;
#11442 =( BOUNDED_CURVE ( )  B_SPLINE_CURVE ( 3, ( #1281, #4935, #398, #1458 ),
 .UNSPECIFIED., .F., .F. ) 
 B_SPLINE_CURVE_WITH_KNOTS ( ( 4, 4 ),
 ( 3.141592653589792672, 3.635931312130131765 ),
 .UNSPECIFIED. ) 
 CURVE ( )  GEOMETRIC_REPRESENTATION_ITEM ( )  RATIONAL_B_SPLINE_CURVE ( ( 1.000000000000000000, 0.9797392387487873222, 0.9797392387487873222, 1.000000000000000000 ) ) 
 REPRESENTATION_ITEM ( '' )  );
#11443 = EDGE_CURVE ( 'NONE', #985, #1108, #11100, .T. ) ;
#11444 = CARTESIAN_POINT ( 'NONE',  ( -4.915055493357633587, -3.201427883957365328, 0.000000000000000000 ) ) ;
#11445 = EDGE_LOOP ( 'NONE', ( #11219, #6034 ) ) ;
#11446 = PLANE ( 'NONE',  #7685 ) ;
#11447 = ORIENTED_EDGE ( 'NONE', *, *, #8914, .T. ) ;
#11449 = CIRCLE ( 'NONE', #6388, 1.571836107868756383 ) ;
#11448 = DIRECTION ( 'NONE',  ( 0.000000000000000000, -1.000000000000000000, -1.380874408737758741E-16 ) ) ;
#11450 = CARTESIAN_POINT ( 'NONE',  ( -4.346939185317476806, -4.056322734110314521, -0.005919792233968104549 ) ) ;
#11451 = CYLINDRICAL_SURFACE ( 'NONE', #7183, 4.618222060490380088 ) ;
#11452 = VERTEX_POINT ( 'NONE', #10665 ) ;
#11453 = CARTESIAN_POINT ( 'NONE',  ( 5.118371538954569644, -1.168234903270670699, 0.000000000000000000 ) ) ;
#11454 = CIRCLE ( 'NONE', #1137, 5.854956726839295023 ) ;
#11455 = AXIS2_PLACEMENT_3D ( 'NONE', #3148, #10293, #4215 ) ;
#11456 = ORIENTED_EDGE ( 'NONE', *, *, #9057, .F. ) ;
#11457 = CIRCLE ( 'NONE', #3783, 1.981214554537471528 ) ;
#11458 = B_SPLINE_CURVE_WITH_KNOTS ( 'NONE', 3,
 ( #3724, #4486, #8947, #10769 ),
 .UNSPECIFIED., .F., .F.,
 ( 4, 4 ),
 ( 0.0001888849135185388390, 0.0002976340999967479325 ),
 .UNSPECIFIED. ) ;
#11459 = EDGE_CURVE ( 'NONE', #9634, #9190, #8789, .T. ) ;
#11460 = CARTESIAN_POINT ( 'NONE',  ( 3.893486730503328719, -2.925744017902425664, -0.5000000000000013323 ) ) ;
#11461 = ORIENTED_EDGE ( 'NONE', *, *, #8747, .T. ) ;
#11462 = CIRCLE ( 'NONE', #5099, 0.06243749999999956279 ) ;
#11463 = CIRCLE ( 'NONE', #7881, 1.815000000000000613 ) ;
#11464 = FACE_OUTER_BOUND ( 'NONE', #9728, .T. ) ;
#11465 = DIRECTION ( 'NONE',  ( -0.2225209339563255506, 0.9749279121818211769, 9.938820221107128916E-17 ) ) ;
#11466 = DIRECTION ( 'NONE',  ( -2.389426275450148820E-16, 1.000000000000000000, 0.000000000000000000 ) ) ;
#11467 = DIRECTION ( 'NONE',  ( -0.2225209339563109512, -0.9749279121818243965, -2.587945019047929479E-16 ) ) ;
#11468 = TOROIDAL_SURFACE ( 'NONE', #6413, 7.396615624999999028, 0.02081249999999999767 ) ;
#11469 = DIRECTION ( 'NONE',  ( -1.790913520579321555E-16, 2.245734522990357007E-16, -1.000000000000000000 ) ) ;
#11470 = EDGE_LOOP ( 'NONE', ( #10992, #4961, #4488, #10008, #9117, #10797, #7594, #2403, #11577, #9184, #7417, #5742 ) ) ;
#11471 = CIRCLE ( 'NONE', #6416, 0.9074999999999988631 ) ;
#11472 = CIRCLE ( 'NONE', #8838, 2.554917478527520380 ) ;
#11473 = AXIS2_PLACEMENT_3D ( 'NONE', #3907, #8307, #2852 ) ;
#11474 = DIRECTION ( 'NONE',  ( -0.9009688679024187019, 0.4338837391175589531, 0.000000000000000000 ) ) ;
#11475 = EDGE_CURVE ( 'NONE', #11423, #2406, #7017, .T. ) ;
#11476 = VECTOR ( 'NONE', #4394, 999.9999999999998863 ) ;
#11477 = DIRECTION ( 'NONE',  ( 1.000000000000000000, 0.000000000000000000, 0.000000000000000000 ) ) ;
#11478 = CARTESIAN_POINT ( 'NONE',  ( -3.009725936426004278, 5.242926258393898920, 0.4809341686673181404 ) ) ;
#11479 = DIRECTION ( 'NONE',  ( -7.970314984686170449E-17, -3.492023159033191614E-16, 1.000000000000000000 ) ) ;
#11480 = ORIENTED_EDGE ( 'NONE', *, *, #6684, .F. ) ;
#11481 = CARTESIAN_POINT ( 'NONE',  ( 4.333038107473884182, -3.957163553160310432, -1.000000000000001776 ) ) ;
#11482 = CIRCLE ( 'NONE', #2297, 0.02081249999999999767 ) ;
#11483 = EDGE_CURVE ( 'NONE', #4837, #1044, #6452, .T. ) ;
#11484 = CIRCLE ( 'NONE', #9597, 1.571836107868756383 ) ;
#11485 = DIRECTION ( 'NONE',  ( -0.4338837391175651703, -0.9009688679024157043, -3.492023159033191614E-16 ) ) ;
#11486 = CARTESIAN_POINT ( 'NONE',  ( -5.389570639310297118, 2.287585320167340619, 0.4999999999999995559 ) ) ;
#11487 = DIRECTION ( 'NONE',  ( 7.970314984685941186E-17, 3.492023159033203447E-16, -1.000000000000000000 ) ) ;
#11488 = ORIENTED_EDGE ( 'NONE', *, *, #483, .T. ) ;
#11489 = CARTESIAN_POINT ( 'NONE',  ( -4.470037444215024358, -4.138337766436407605, -1.979745477316909197 ) ) ;
#11490 = VECTOR ( 'NONE', #1886, 1000.000000000000227 ) ;
#11491 = VERTEX_POINT ( 'NONE', #7148 ) ;
#11492 = CIRCLE ( 'NONE', #3071, 0.9074999999999993072 ) ;
#11493 = DIRECTION ( 'NONE',  ( 0.000000000000000000, 0.000000000000000000, 1.000000000000000000 ) ) ;
#11494 = VECTOR ( 'NONE', #11474, 999.9999999999998863 ) ;
#11495 = DIRECTION ( 'NONE',  ( 0.9749279121818225091, -0.2225209339563192223, -1.554096509490297531E-16 ) ) ;
#11496 = ORIENTED_EDGE ( 'NONE', *, *, #4324, .F. ) ;
#11497 = CIRCLE ( 'NONE', #4748, 4.618222060490380088 ) ;
#11498 = ORIENTED_EDGE ( 'NONE', *, *, #7477, .F. ) ;
#11499 = EDGE_CURVE ( 'NONE', #4790, #9742, #1383, .T. ) ;
#11500 = ORIENTED_EDGE ( 'NONE', *, *, #1382, .T. ) ;
#11501 = DIRECTION ( 'NONE',  ( -0.000000000000000000, 1.000000000000000000, -0.000000000000000000 ) ) ;
#11502 = CARTESIAN_POINT ( 'NONE',  ( -2.671639123616407652, -5.547715804109126125, 1.571836107868754162 ) ) ;
#11503 = AXIS2_PLACEMENT_3D ( 'NONE', #9216, #234, #1230 ) ;
#11504 = CARTESIAN_POINT ( 'NONE',  ( 3.061616997868383141E-16, 2.500000000000000000, 2.172334957055047866 ) ) ;
#11505 = ORIENTED_EDGE ( 'NONE', *, *, #10124, .T. ) ;
#11506 = DIRECTION ( 'NONE',  ( 0.2225209339563182231, 0.9749279121818227312, 1.790913520579321555E-16 ) ) ;
#11507 = VERTEX_POINT ( 'NONE', #6283 ) ;
#11508 = AXIS2_PLACEMENT_3D ( 'NONE', #36, #96, #11603 ) ;
#11509 = FACE_OUTER_BOUND ( 'NONE', #10861, .T. ) ;
#11510 = EDGE_CURVE ( 'NONE', #3233, #1044, #8086, .T. ) ;
#11511 = VECTOR ( 'NONE', #3466, 999.9999999999998863 ) ;
#11512 = EDGE_CURVE ( 'NONE', #11016, #10656, #8142, .T. ) ;
#11513 = ORIENTED_EDGE ( 'NONE', *, *, #1968, .F. ) ;
#11514 = AXIS2_PLACEMENT_3D ( 'NONE', #6863, #3337, #10378 ) ;
#11515 = DIRECTION ( 'NONE',  ( 0.7818314824680310249, 0.6234898018587320401, -6.916380135000592297E-17 ) ) ;
#11516 = ORIENTED_EDGE ( 'NONE', *, *, #3287, .T. ) ;
#11517 = LINE ( 'NONE', #6110, #9002 ) ;
#11518 = ADVANCED_FACE ( 'NONE', ( #9720 ), #1690, .T. ) ;
#11519 = ORIENTED_EDGE ( 'NONE', *, *, #1828, .F. ) ;
#11520 = CARTESIAN_POINT ( 'NONE',  ( -6.022505511281155854, 0.9146046076782986534, -0.1313876030881694079 ) ) ;
#11521 = CARTESIAN_POINT ( 'NONE',  ( -2.156462356783428458, 5.540734690984441713, -0.005989781583923347620 ) ) ;
#11522 = CARTESIAN_POINT ( 'NONE',  ( 1.884140137117973124, -3.912457308866268857, 1.830752539561561809 ) ) ;
#11523 = ORIENTED_EDGE ( 'NONE', *, *, #9418, .F. ) ;
#11524 = CARTESIAN_POINT ( 'NONE',  ( -3.395103212617387456, 2.707504464571592440, 1.830752539561562253 ) ) ;
#11525 = APPROVAL_PERSON_ORGANIZATION ( #8498, #9132, #10427 ) ;
#11526 = ORIENTED_EDGE ( 'NONE', *, *, #5239, .T. ) ;
#11527 = ORIENTED_EDGE ( 'NONE', *, *, #3188, .T. ) ;
#11528 = DIRECTION ( 'NONE',  ( 1.000000000000000000, -6.367255825363485817E-15, 0.000000000000000000 ) ) ;
#11529 = ADVANCED_FACE ( 'NONE', ( #1582 ), #6330, .T. ) ;
#11530 = ORIENTED_EDGE ( 'NONE', *, *, #11054, .F. ) ;
#11531 = DIRECTION ( 'NONE',  ( -0.9749279121818226201, 0.2225209339563193611, 3.552713678800501718E-15 ) ) ;
#11532 = CYLINDRICAL_SURFACE ( 'NONE', #1334, 0.2499999999999997502 ) ;
#11533 = CARTESIAN_POINT ( 'NONE',  ( -3.246329667989488410, 4.872562155569898579, 1.027403961127392839E-17 ) ) ;
#11534 = CARTESIAN_POINT ( 'NONE',  ( -2.102876138298789943, 5.512248310742393187, 0.5000000000000002220 ) ) ;
#11535 = CARTESIAN_POINT ( 'NONE',  ( 4.375126996066917684, 1.478593510159734059, 0.000000000000000000 ) ) ;
#11536 = ADVANCED_FACE ( 'NONE', ( #4684 ), #4584, .F. ) ;
#11537 = VERTEX_POINT ( 'NONE', #8327 ) ;
#11538 = CARTESIAN_POINT ( 'NONE',  ( 2.129432128529569201, 5.473031231585117062, -0.5000000000000000000 ) ) ;
#11539 = CARTESIAN_POINT ( 'NONE',  ( 5.765614315662304534, 1.764776856732399368, -0.05089816004206269839 ) ) ;
#11540 = FACE_OUTER_BOUND ( 'NONE', #6989, .T. ) ;
#11541 = DIRECTION ( 'NONE',  ( 1.000000000000000000, 0.000000000000000000, 0.000000000000000000 ) ) ;
#11542 = ORIENTED_EDGE ( 'NONE', *, *, #1079, .T. ) ;
#11543 = DIRECTION ( 'NONE',  ( 7.970314984686170449E-17, 3.492023159033191614E-16, -1.000000000000000000 ) ) ;
#11544 = DIRECTION ( 'NONE',  ( -0.000000000000000000, -0.000000000000000000, -1.000000000000000000 ) ) ;
#11545 = DIRECTION ( 'NONE',  ( -0.000000000000000000, -0.000000000000000000, -1.000000000000000000 ) ) ;
#11546 = FACE_OUTER_BOUND ( 'NONE', #3898, .T. ) ;
#11547 = B_SPLINE_CURVE_WITH_KNOTS ( 'NONE', 3,
 ( #7828, #6957, #10535, #5158 ),
 .UNSPECIFIED., .F., .F.,
 ( 4, 4 ),
 ( 0.0005065015518760905295, 0.001011135659924385349 ),
 .UNSPECIFIED. ) ;
#11548 = ORIENTED_EDGE ( 'NONE', *, *, #3040, .T. ) ;
#11549 = CARTESIAN_POINT ( 'NONE',  ( 2.415079429167933611, 3.936415418983353565, 0.5000000000000000000 ) ) ;
#11550 = EDGE_CURVE ( 'NONE', #9489, #10922, #10999, .T. ) ;
#11551 = ORIENTED_EDGE ( 'NONE', *, *, #11622, .T. ) ;
#11552 = DIRECTION ( 'NONE',  ( -0.9009688679024188129, 0.4338837391175589531, 0.000000000000000000 ) ) ;
#11553 = DIRECTION ( 'NONE',  ( 0.2225209339563050392, -0.9749279121818257288, -1.790913520579326978E-16 ) ) ;
#11554 = EDGE_LOOP ( 'NONE', ( #485, #8375, #2688, #2629, #11198, #6023 ) ) ;
#11555 = EDGE_LOOP ( 'NONE', ( #6425, #11240, #5354, #7495 ) ) ;
#11556 = ORIENTED_EDGE ( 'NONE', *, *, #3459, .F. ) ;
#11557 = DIRECTION ( 'NONE',  ( -1.000000000000000000, 0.000000000000000000, 0.000000000000000000 ) ) ;
#11558 = CARTESIAN_POINT ( 'NONE',  ( 4.488669179800687026, -4.162977229057006845, -0.2500000000000000555 ) ) ;
#11559 = CARTESIAN_POINT ( 'NONE',  ( -3.268642638410870216, 4.857912291182235442, -0.3372648878341737988 ) ) ;
#11560 = ORIENTED_EDGE ( 'NONE', *, *, #6343, .T. ) ;
#11561 = CARTESIAN_POINT ( 'NONE',  ( -0.5783956300387911309, -5.826501641035117807, -0.3369498210078150091 ) ) ;
#11562 = VERTEX_POINT ( 'NONE', #8254 ) ;
#11563 = DIRECTION ( 'NONE',  ( -0.9009688679024220326, 0.4338837391175522362, 0.000000000000000000 ) ) ;
#11564 = EDGE_CURVE ( 'NONE', #10660, #7090, #1966, .T. ) ;
#11565 = CARTESIAN_POINT ( 'NONE',  ( 1.030938487845573404, -5.763478472887654469, 0.4999999999999979461 ) ) ;
#11566 = VERTEX_POINT ( 'NONE', #212 ) ;
#11567 = DIRECTION ( 'NONE',  ( -0.000000000000000000, -1.836970198721029688E-16, 1.000000000000000000 ) ) ;
#11568 = ORIENTED_EDGE ( 'NONE', *, *, #6992, .F. ) ;
#11569 = CARTESIAN_POINT ( 'NONE',  ( 4.375126996066917684, 1.478593510159734059, 0.4999999999999994449 ) ) ;
#11570 = VERTEX_POINT ( 'NONE', #108 ) ;
#11571 = DIRECTION ( 'NONE',  ( -0.2225209339563182231, 0.9749279121818227312, 1.790913520579321555E-16 ) ) ;
#11572 = CARTESIAN_POINT ( 'NONE',  ( -4.470037444215024358, -4.138337766436408494, -0.1313876030881692136 ) ) ;
#11573 = DIRECTION ( 'NONE',  ( 0.000000000000000000, -2.069303855009861073E-16, 1.000000000000000000 ) ) ;
#11574 = ORIENTED_EDGE ( 'NONE', *, *, #5685, .F. ) ;
#11575 = DIRECTION ( 'NONE',  ( -1.000000000000000000, 0.000000000000000000, 0.000000000000000000 ) ) ;
#11576 = EDGE_CURVE ( 'NONE', #1108, #5541, #1014, .T. ) ;
#11577 = ORIENTED_EDGE ( 'NONE', *, *, #97, .F. ) ;
#11578 = EDGE_CURVE ( 'NONE', #8738, #4284, #82, .T. ) ;
#11579 = VERTEX_POINT ( 'NONE', #8200 ) ;
#11580 = EDGE_CURVE ( 'NONE', #4542, #2564, #278, .T. ) ;
#11581 = LINE ( 'NONE', #1604, #2073 ) ;
#11582 = EDGE_LOOP ( 'NONE', ( #8931, #10464, #9400, #888 ) ) ;
#11583 = CARTESIAN_POINT ( 'NONE',  ( 4.799931324454289161, -4.574604580850396118, -0.2500000000000023870 ) ) ;
#11584 = AXIS2_PLACEMENT_3D ( 'NONE', #2630, #3743, #8195 ) ;
#11585 = LINE ( 'NONE', #9749, #4722 ) ;
#11586 = CARTESIAN_POINT ( 'NONE',  ( -4.213557712603209993, -4.106987229456407817, 0.4999999999999982792 ) ) ;
#11587 = CARTESIAN_POINT ( 'NONE',  ( 0.4561072009510477865, -6.104956726839291470, -0.2500000000000001110 ) ) ;
#11588 =( BOUNDED_CURVE ( )  B_SPLINE_CURVE ( 3, ( #4122, #9333, #4191, #10165 ),
 .UNSPECIFIED., .F., .F. ) 
 B_SPLINE_CURVE_WITH_KNOTS ( ( 4, 4 ),
 ( 4.712388980384690562, 6.283185307179586232 ),
 .UNSPECIFIED. ) 
 CURVE ( )  GEOMETRIC_REPRESENTATION_ITEM ( )  RATIONAL_B_SPLINE_CURVE ( ( 1.000000000000000000, 0.8047378541243652705, 0.8047378541243652705, 1.000000000000000000 ) ) 
 REPRESENTATION_ITEM ( '' )  );
#11589 = DIRECTION ( 'NONE',  ( 0.000000000000000000, -1.000000000000000000, -1.778992974910378941E-16 ) ) ;
#11590 = EDGE_CURVE ( 'NONE', #11579, #6561, #2926, .T. ) ;
#11591 = ORIENTED_EDGE ( 'NONE', *, *, #5915, .F. ) ;
#11592 = LINE ( 'NONE', #4555, #2876 ) ;
#11593 = DIRECTION ( 'NONE',  ( -0.000000000000000000, -1.836970198721029688E-16, 1.000000000000000000 ) ) ;
#11594 = FACE_OUTER_BOUND ( 'NONE', #9970, .T. ) ;
#11595 = ADVANCED_FACE ( 'NONE', ( #3697 ), #7260, .T. ) ;
#11596 = DIRECTION ( 'NONE',  ( -0.9009688679024158153, -0.4338837391175651703, -7.970314984686171682E-17 ) ) ;
#11597 = VERTEX_POINT ( 'NONE', #5525 ) ;
#11598 = DIRECTION ( 'NONE',  ( 1.000000000000000000, 0.000000000000000000, 0.000000000000000000 ) ) ;
#11599 = FACE_OUTER_BOUND ( 'NONE', #8972, .T. ) ;
#11600 = DIRECTION ( 'NONE',  ( 0.000000000000000000, 0.000000000000000000, 1.000000000000000000 ) ) ;
#11601 = DIRECTION ( 'NONE',  ( 0.000000000000000000, 1.836970198721029688E-16, -1.000000000000000000 ) ) ;
#11602 = VERTEX_POINT ( 'NONE', #10073 ) ;
#11603 = DIRECTION ( 'NONE',  ( 0.4338837391175525693, -0.9009688679024218105, -3.492023159033202461E-16 ) ) ;
#11604 = VERTEX_POINT ( 'NONE', #2044 ) ;
#11605 = CARTESIAN_POINT ( 'NONE',  ( 3.985157492342970593E-17, -1.746011579516601723E-16, 0.5000000000000000000 ) ) ;
#11606 = CARTESIAN_POINT ( 'NONE',  ( 0.000000000000000000, 6.157500000000000639, 0.000000000000000000 ) ) ;
#11607 = ADVANCED_FACE ( 'NONE', ( #9901 ), #9197, .F. ) ;
#11608 = EDGE_LOOP ( 'NONE', ( #1634, #9925, #4678, #11513, #9173, #5923, #9136 ) ) ;
#11609 = CARTESIAN_POINT ( 'NONE',  ( -3.365469702397346108, -3.365757202217630084, -0.5000000000000014433 ) ) ;
#11610 = CARTESIAN_POINT ( 'NONE',  ( 5.589651465188735457, 1.822073486975211098, 0.4999999999999993339 ) ) ;
#11611 = CARTESIAN_POINT ( 'NONE',  ( 9.058241649679545318E-16, 7.396615624999999916, -2.499999999999999556 ) ) ;
#11612 = DIRECTION ( 'NONE',  ( 0.7818314824680350217, -0.6234898018587270441, 0.000000000000000000 ) ) ;
#11613 = ORIENTED_EDGE ( 'NONE', *, *, #4874, .T. ) ;
#11614 = CARTESIAN_POINT ( 'NONE',  ( -2.532483180689815594, 4.030041786577098328, -0.5000000000000001110 ) ) ;
#11615 = VERTEX_POINT ( 'NONE', #10125 ) ;
#11616 = AXIS2_PLACEMENT_3D ( 'NONE', #9506, #11161, #3302 ) ;
#11617 = DIRECTION ( 'NONE',  ( -0.000000000000000000, -0.000000000000000000, -1.000000000000000000 ) ) ;
#11618 = CARTESIAN_POINT ( 'NONE',  ( 0.000000000000000000, 0.000000000000000000, 0.000000000000000000 ) ) ;
#11619 = ORIENTED_EDGE ( 'NONE', *, *, #3754, .T. ) ;
#11620 = ADVANCED_FACE ( 'NONE', ( #2103 ), #157, .F. ) ;
#11621 = DIRECTION ( 'NONE',  ( -0.000000000000000000, 1.000000000000000000, -0.000000000000000000 ) ) ;
#11622 = EDGE_CURVE ( 'NONE', #2227, #11329, #7947, .T. ) ;
#11623 = ORIENTED_EDGE ( 'NONE', *, *, #9306, .T. ) ;
#11624 = CARTESIAN_POINT ( 'NONE',  ( 0.000000000000000000, 0.000000000000000000, 0.000000000000000000 ) ) ;
#11625 = VECTOR ( 'NONE', #4639, 999.9999999999998863 ) ;
#11626 = EDGE_LOOP ( 'NONE', ( #1589, #5218, #1253, #3793 ) ) ;
#11627 = CARTESIAN_POINT ( 'NONE',  ( 5.047842172827787799, -3.445464604443402745, -0.1680249406405524282 ) ) ;
#11628 = DIRECTION ( 'NONE',  ( 0.7818314824680310249, 0.6234898018587320401, -6.916380135000592297E-17 ) ) ;
#11629 = EDGE_CURVE ( 'NONE', #10013, #6040, #1587, .T. ) ;
#11630 = DIRECTION ( 'NONE',  ( 0.9009688679024218105, 0.4338837391175525138, 5.472411708274670112E-17 ) ) ;
#11631 = ORIENTED_EDGE ( 'NONE', *, *, #1629, .T. ) ;
#11632 = CARTESIAN_POINT ( 'NONE',  ( -2.231807111763033369, 5.667990052715531135, -0.1313876030881676871 ) ) ;
#11633 = ORIENTED_EDGE ( 'NONE', *, *, #447, .T. ) ;
ENDSEC;
END-ISO-10303-21;
