ISO-10303-21;
HEADER;
FILE_DESCRIPTION(('FreeCAD Model'),'2;1');
FILE_NAME('Open CASCADE Shape Model','2026-03-05T20:23:03',(''),(''),
  'Open CASCADE STEP processor 7.8','FreeCAD','Unknown');
FILE_SCHEMA(('AUTOMOTIVE_DESIGN { 1 0 10303 214 1 1 1 1 }'));
ENDSEC;
DATA;
#1 = APPLICATION_PROTOCOL_DEFINITION('international standard',
  'automotive_design',2000,#2);
#2 = APPLICATION_CONTEXT(
  'core data for automotive mechanical design processes');
#3 = SHAPE_DEFINITION_REPRESENTATION(#4,#10);
#4 = PRODUCT_DEFINITION_SHAPE('','',#5);
#5 = PRODUCT_DEFINITION('design','',#6,#9);
#6 = PRODUCT_DEFINITION_FORMATION('','',#7);
#7 = PRODUCT('difference002','difference002','',(#8));
#8 = PRODUCT_CONTEXT('',#2,'mechanical');
#9 = PRODUCT_DEFINITION_CONTEXT('part definition',#2,'design');
#10 = ADVANCED_BREP_SHAPE_REPRESENTATION('',(#11,#15),#10086);
#11 = AXIS2_PLACEMENT_3D('',#12,#13,#14);
#12 = CARTESIAN_POINT('',(0.,0.,0.));
#13 = DIRECTION('',(0.,0.,1.));
#14 = DIRECTION('',(1.,0.,-0.));
#15 = MANIFOLD_SOLID_BREP('',#16);
#16 = CLOSED_SHELL('',(#17,#2294,#2325,#2349,#2373,#2397,#2421,#2445,
    #2469,#2493,#2517,#2541,#2565,#2605,#2804,#2856,#2906,#2946,#2970,
    #3003,#3057,#3075,#3099,#3123,#3147,#3171,#3195,#3219,#3243,#3267,
    #3291,#3315,#3339,#3363,#3387,#3411,#3435,#3459,#3483,#3507,#3531,
    #3555,#3579,#3603,#3627,#3651,#3675,#3699,#3723,#3747,#3771,#3795,
    #3819,#3843,#3867,#3891,#3915,#3939,#3963,#3987,#4011,#4035,#4059,
    #4083,#4107,#4131,#4155,#4179,#4203,#4227,#4251,#4275,#4299,#4323,
    #4347,#4371,#4395,#4412,#4443,#4467,#4491,#4515,#4539,#4563,#4587,
    #4611,#4635,#4659,#4683,#4707,#4731,#4755,#4779,#4803,#4827,#4851,
    #4875,#4899,#4923,#4947,#4971,#4995,#5019,#5043,#5067,#5091,#5115,
    #5139,#5163,#5187,#5211,#5235,#5259,#5283,#5307,#5331,#5355,#5379,
    #5403,#5427,#5451,#5475,#5499,#5523,#5547,#5571,#5595,#5619,#5643,
    #5667,#5691,#5715,#5739,#5763,#5787,#5811,#5835,#5859,#5883,#5907,
    #5931,#5955,#5979,#6003,#6027,#6051,#6075,#6099,#6123,#6147,#6171,
    #6195,#6219,#6243,#6267,#6291,#6315,#6339,#6363,#6387,#6411,#6435,
    #6459,#6483,#6507,#6531,#6555,#6579,#6603,#6627,#6651,#6675,#6699,
    #6723,#6747,#6771,#6795,#6819,#6843,#6860,#6891,#6915,#6939,#6963,
    #6987,#7011,#7035,#7059,#7083,#7107,#7131,#7155,#7179,#7203,#7227,
    #7251,#7275,#7299,#7323,#7347,#7371,#7395,#7419,#7443,#7467,#7491,
    #7515,#7539,#7563,#7587,#7611,#7635,#7659,#7683,#7707,#7731,#7755,
    #7779,#7803,#7827,#7851,#7875,#7899,#7923,#7947,#7971,#7995,#8019,
    #8043,#8067,#8091,#8115,#8139,#8163,#8187,#8211,#8235,#8259,#8283,
    #8307,#8331,#8355,#8379,#8403,#8427,#8451,#8475,#8499,#8523,#8547,
    #8571,#8595,#8619,#8643,#8667,#8691,#8715,#8739,#8763,#8787,#8811,
    #8835,#8859,#8883,#8907,#8931,#8955,#8979,#9003,#9027,#9051,#9075,
    #9099,#9123,#9147,#9171,#9195,#9219,#9243,#9267,#9291,#9308,#9642,
    #9653,#9664,#9684,#9708,#9732,#9749,#9779,#9791,#9818,#9849,#9873,
    #9897,#9921,#9945,#9962,#9987,#10012,#10024,#10049,#10069));
#17 = ADVANCED_FACE('',(#18,#653,#1471),#2289,.T.);
#18 = FACE_BOUND('',#19,.T.);
#19 = EDGE_LOOP('',(#20,#30,#38,#46,#54,#62,#70,#78,#86,#94,#102,#110,
    #118,#126,#134,#142,#150,#158,#166,#174,#182,#190,#198,#206,#214,
    #222,#230,#238,#246,#254,#262,#270,#278,#286,#294,#302,#310,#318,
    #326,#334,#342,#350,#358,#366,#374,#382,#390,#398,#406,#414,#422,
    #430,#438,#446,#454,#462,#470,#478,#486,#494,#502,#510,#518,#526,
    #534,#542,#550,#558,#567,#575,#583,#591,#599,#607,#615,#623,#631,
    #639,#647));
#20 = ORIENTED_EDGE('',*,*,#21,.F.);
#21 = EDGE_CURVE('',#22,#24,#26,.T.);
#22 = VERTEX_POINT('',#23);
#23 = CARTESIAN_POINT('',(-24.67148208618,6.826326847076,6.));
#24 = VERTEX_POINT('',#25);
#25 = CARTESIAN_POINT('',(-24.32603263855,7.025772571564,6.));
#26 = LINE('',#27,#28);
#27 = CARTESIAN_POINT('',(-24.67148208618,6.826326847076,6.));
#28 = VECTOR('',#29,1.);
#29 = DIRECTION('',(0.866024977269,0.500000738746,0.));
#30 = ORIENTED_EDGE('',*,*,#31,.F.);
#31 = EDGE_CURVE('',#32,#22,#34,.T.);
#32 = VERTEX_POINT('',#33);
#33 = CARTESIAN_POINT('',(-25.00656127929,6.609910011292,6.));
#34 = LINE('',#35,#36);
#35 = CARTESIAN_POINT('',(-25.00656127929,6.609910011292,6.));
#36 = VECTOR('',#37,1.);
#37 = DIRECTION('',(0.840026211579,0.542545817292,0.));
#38 = ORIENTED_EDGE('',*,*,#39,.T.);
#39 = EDGE_CURVE('',#32,#40,#42,.T.);
#40 = VERTEX_POINT('',#41);
#41 = CARTESIAN_POINT('',(-25.33043479919,6.377059936523,6.));
#42 = LINE('',#43,#44);
#43 = CARTESIAN_POINT('',(-25.00656127929,6.609910011292,6.));
#44 = VECTOR('',#45,1.);
#45 = DIRECTION('',(-0.811936970354,-0.583745112332,0.));
#46 = ORIENTED_EDGE('',*,*,#47,.T.);
#47 = EDGE_CURVE('',#40,#48,#50,.T.);
#48 = VERTEX_POINT('',#49);
#49 = CARTESIAN_POINT('',(-25.64230155944,6.128355503082,6.));
#50 = LINE('',#51,#52);
#51 = CARTESIAN_POINT('',(-25.33043479919,6.377059936523,6.));
#52 = VECTOR('',#53,1.);
#53 = DIRECTION('',(-0.78183271519,-0.623488256071,0.));
#54 = ORIENTED_EDGE('',*,*,#55,.F.);
#55 = EDGE_CURVE('',#56,#48,#58,.T.);
#56 = VERTEX_POINT('',#57);
#57 = CARTESIAN_POINT('',(-25.94138145446,5.864415168762,6.));
#58 = LINE('',#59,#60);
#59 = CARTESIAN_POINT('',(-25.94138145446,5.864415168762,6.));
#60 = VECTOR('',#61,1.);
#61 = DIRECTION('',(0.749780256555,0.661686910011,0.));
#62 = ORIENTED_EDGE('',*,*,#63,.F.);
#63 = EDGE_CURVE('',#64,#56,#66,.T.);
#64 = VERTEX_POINT('',#65);
#65 = CARTESIAN_POINT('',(-26.22693443298,5.585894584656,6.));
#66 = LINE('',#67,#68);
#67 = CARTESIAN_POINT('',(-26.22693443298,5.585894584656,6.));
#68 = VECTOR('',#69,1.);
#69 = DIRECTION('',(0.71586676194,0.698236907611,0.));
#70 = ORIENTED_EDGE('',*,*,#71,.T.);
#71 = EDGE_CURVE('',#64,#72,#74,.T.);
#72 = VERTEX_POINT('',#73);
#73 = CARTESIAN_POINT('',(-26.49824905395,5.293486595154,6.));
#74 = LINE('',#75,#76);
#75 = CARTESIAN_POINT('',(-26.22693443298,5.585894584656,6.));
#76 = VECTOR('',#77,1.);
#77 = DIRECTION('',(-0.68017227465,-0.733052301543,0.));
#78 = ORIENTED_EDGE('',*,*,#79,.T.);
#79 = EDGE_CURVE('',#72,#80,#82,.T.);
#80 = VERTEX_POINT('',#81);
#81 = CARTESIAN_POINT('',(-26.75465202331,4.987918376923,6.));
#82 = LINE('',#83,#84);
#83 = CARTESIAN_POINT('',(-26.49824905395,5.293486595154,6.));
#84 = VECTOR('',#85,1.);
#85 = DIRECTION('',(-0.642788772095,-0.766043467741,0.));
#86 = ORIENTED_EDGE('',*,*,#87,.F.);
#87 = EDGE_CURVE('',#88,#80,#90,.T.);
#88 = VERTEX_POINT('',#89);
#89 = CARTESIAN_POINT('',(-26.99550437927,4.669949531555,6.));
#90 = LINE('',#91,#92);
#91 = CARTESIAN_POINT('',(-26.99550437927,4.669949531555,6.));
#92 = VECTOR('',#93,1.);
#93 = DIRECTION('',(0.603804912308,0.797132126986,0.));
#94 = ORIENTED_EDGE('',*,*,#95,.F.);
#95 = EDGE_CURVE('',#96,#88,#98,.T.);
#96 = VERTEX_POINT('',#97);
#97 = CARTESIAN_POINT('',(-27.22020721435,4.340370178223,6.));
#98 = LINE('',#99,#100);
#99 = CARTESIAN_POINT('',(-27.22020721435,4.340370178223,6.));
#100 = VECTOR('',#101,1.);
#101 = DIRECTION('',(0.563319094037,0.826239431577,0.));
#102 = ORIENTED_EDGE('',*,*,#103,.T.);
#103 = EDGE_CURVE('',#96,#104,#106,.T.);
#104 = VERTEX_POINT('',#105);
#105 = CARTESIAN_POINT('',(-27.42820358276,4.,6.));
#106 = LINE('',#107,#108);
#107 = CARTESIAN_POINT('',(-27.22020721435,4.340370178223,6.));
#108 = VECTOR('',#109,1.);
#109 = DIRECTION('',(-0.521436083577,-0.853290343754,0.));
#110 = ORIENTED_EDGE('',*,*,#111,.F.);
#111 = EDGE_CURVE('',#112,#104,#114,.T.);
#112 = VERTEX_POINT('',#113);
#113 = CARTESIAN_POINT('',(-27.61897468566,3.649685144424,6.));
#114 = LINE('',#115,#116);
#115 = CARTESIAN_POINT('',(-27.61897468566,3.649685144424,6.));
#116 = VECTOR('',#117,1.);
#117 = DIRECTION('',(0.478253592666,0.87822178355,0.));
#118 = ORIENTED_EDGE('',*,*,#119,.F.);
#119 = EDGE_CURVE('',#120,#112,#122,.T.);
#120 = VERTEX_POINT('',#121);
#121 = CARTESIAN_POINT('',(-27.79204750061,3.290296792984,6.));
#122 = LINE('',#123,#124);
#123 = CARTESIAN_POINT('',(-27.79204750061,3.290296792984,6.));
#124 = VECTOR('',#125,1.);
#125 = DIRECTION('',(0.433884770035,0.900968371438,0.));
#126 = ORIENTED_EDGE('',*,*,#127,.F.);
#127 = EDGE_CURVE('',#128,#120,#130,.T.);
#128 = VERTEX_POINT('',#129);
#129 = CARTESIAN_POINT('',(-27.94698905944,2.922728300095,6.));
#130 = LINE('',#131,#132);
#131 = CARTESIAN_POINT('',(-27.94698905944,2.922728300095,6.));
#132 = VECTOR('',#133,1.);
#133 = DIRECTION('',(0.388431488318,0.921477606284,0.));
#134 = ORIENTED_EDGE('',*,*,#135,.T.);
#135 = EDGE_CURVE('',#128,#136,#138,.T.);
#136 = VERTEX_POINT('',#137);
#137 = CARTESIAN_POINT('',(-28.08341789245,2.547893285751,6.));
#138 = LINE('',#139,#140);
#139 = CARTESIAN_POINT('',(-27.94698905944,2.922728300095,6.));
#140 = VECTOR('',#141,1.);
#141 = DIRECTION('',(-0.342020243,-0.939692584508,0.));
#142 = ORIENTED_EDGE('',*,*,#143,.F.);
#143 = EDGE_CURVE('',#144,#136,#146,.T.);
#144 = VERTEX_POINT('',#145);
#145 = CARTESIAN_POINT('',(-28.20099449157,2.16672372818,6.));
#146 = LINE('',#147,#148);
#147 = CARTESIAN_POINT('',(-28.20099449157,2.16672372818,6.));
#148 = VECTOR('',#149,1.);
#149 = DIRECTION('',(0.294758291753,0.955571844208,0.));
#150 = ORIENTED_EDGE('',*,*,#151,.T.);
#151 = EDGE_CURVE('',#144,#152,#154,.T.);
#152 = VERTEX_POINT('',#153);
#153 = CARTESIAN_POINT('',(-28.29942321777,1.780167460442,6.));
#154 = LINE('',#155,#156);
#155 = CARTESIAN_POINT('',(-28.20099449157,2.16672372818,6.));
#156 = VECTOR('',#157,1.);
#157 = DIRECTION('',(-0.246755998779,-0.969077642435,0.));
#158 = ORIENTED_EDGE('',*,*,#159,.F.);
#159 = EDGE_CURVE('',#160,#152,#162,.T.);
#160 = VERTEX_POINT('',#161);
#161 = CARTESIAN_POINT('',(-28.37846183776,1.389185428619,6.));
#162 = LINE('',#163,#164);
#163 = CARTESIAN_POINT('',(-28.37846183776,1.389185428619,6.));
#164 = VECTOR('',#165,1.);
#165 = DIRECTION('',(0.198145895339,0.980172537954,0.));
#166 = ORIENTED_EDGE('',*,*,#167,.F.);
#167 = EDGE_CURVE('',#168,#160,#170,.T.);
#168 = VERTEX_POINT('',#169);
#169 = CARTESIAN_POINT('',(-28.43791389465,0.99474966526,6.));
#170 = LINE('',#171,#172);
#171 = CARTESIAN_POINT('',(-28.43791389465,0.99474966526,6.));
#172 = VECTOR('',#173,1.);
#173 = DIRECTION('',(0.149043323443,0.988830666867,0.));
#174 = ORIENTED_EDGE('',*,*,#175,.F.);
#175 = EDGE_CURVE('',#176,#168,#178,.T.);
#176 = VERTEX_POINT('',#177);
#177 = CARTESIAN_POINT('',(-28.47763061523,0.597840726376,6.));
#178 = LINE('',#179,#180);
#179 = CARTESIAN_POINT('',(-28.47763061523,0.597840726376,6.));
#180 = VECTOR('',#181,1.);
#181 = DIRECTION('',(9.956782398413E-02,0.995030777628,0.));
#182 = ORIENTED_EDGE('',*,*,#183,.F.);
#183 = EDGE_CURVE('',#184,#176,#186,.T.);
#184 = VERTEX_POINT('',#185);
#185 = CARTESIAN_POINT('',(-28.49751281738,0.199445530772,6.));
#186 = LINE('',#187,#188);
#187 = CARTESIAN_POINT('',(-28.49751281738,0.199445530772,6.));
#188 = VECTOR('',#189,1.);
#189 = DIRECTION('',(4.984369640066E-02,0.998757030478,0.));
#190 = ORIENTED_EDGE('',*,*,#191,.F.);
#191 = EDGE_CURVE('',#192,#184,#194,.T.);
#192 = VERTEX_POINT('',#193);
#193 = CARTESIAN_POINT('',(-28.5,0.,6.));
#194 = LINE('',#195,#196);
#195 = CARTESIAN_POINT('',(-28.5,0.,6.));
#196 = VECTOR('',#197,1.);
#197 = DIRECTION('',(1.246951604021E-02,0.999922252563,0.));
#198 = ORIENTED_EDGE('',*,*,#199,.F.);
#199 = EDGE_CURVE('',#200,#192,#202,.T.);
#200 = VERTEX_POINT('',#201);
#201 = CARTESIAN_POINT('',(-28.5,-33.,6.));
#202 = LINE('',#203,#204);
#203 = CARTESIAN_POINT('',(-28.5,-33.,6.));
#204 = VECTOR('',#205,1.);
#205 = DIRECTION('',(0.,1.,0.));
#206 = ORIENTED_EDGE('',*,*,#207,.F.);
#207 = EDGE_CURVE('',#208,#200,#210,.T.);
#208 = VERTEX_POINT('',#209);
#209 = CARTESIAN_POINT('',(28.5,-33.,6.));
#210 = LINE('',#211,#212);
#211 = CARTESIAN_POINT('',(28.5,-33.,6.));
#212 = VECTOR('',#213,1.);
#213 = DIRECTION('',(-1.,0.,0.));
#214 = ORIENTED_EDGE('',*,*,#215,.F.);
#215 = EDGE_CURVE('',#216,#208,#218,.T.);
#216 = VERTEX_POINT('',#217);
#217 = CARTESIAN_POINT('',(28.5,0.,6.));
#218 = LINE('',#219,#220);
#219 = CARTESIAN_POINT('',(28.5,0.,6.));
#220 = VECTOR('',#221,1.);
#221 = DIRECTION('',(0.,-1.,0.));
#222 = ORIENTED_EDGE('',*,*,#223,.F.);
#223 = EDGE_CURVE('',#224,#216,#226,.T.);
#224 = VERTEX_POINT('',#225);
#225 = CARTESIAN_POINT('',(28.490364074707,0.392541408539,6.));
#226 = LINE('',#227,#228);
#227 = CARTESIAN_POINT('',(28.490364074707,0.392541408539,6.));
#228 = VECTOR('',#229,1.);
#229 = DIRECTION('',(2.45401457757E-02,-0.999698845276,0.));
#230 = ORIENTED_EDGE('',*,*,#231,.F.);
#231 = EDGE_CURVE('',#232,#224,#234,.T.);
#232 = VERTEX_POINT('',#233);
#233 = CARTESIAN_POINT('',(28.461477279663,0.784137129784,6.));
#234 = LINE('',#235,#236);
#235 = CARTESIAN_POINT('',(28.461477279663,0.784137129784,6.));
#236 = VECTOR('',#237,1.);
#237 = DIRECTION('',(7.356699340896E-02,-0.997290277442,0.));
#238 = ORIENTED_EDGE('',*,*,#239,.T.);
#239 = EDGE_CURVE('',#232,#240,#242,.T.);
#240 = VERTEX_POINT('',#241);
#241 = CARTESIAN_POINT('',(28.413412094116,1.173843741417,6.));
#242 = LINE('',#243,#244);
#243 = CARTESIAN_POINT('',(28.461477279663,0.784137129784,6.));
#244 = VECTOR('',#245,1.);
#245 = DIRECTION('',(-0.122409319207,0.992479701843,0.));
#246 = ORIENTED_EDGE('',*,*,#247,.T.);
#247 = EDGE_CURVE('',#240,#248,#250,.T.);
#248 = VERTEX_POINT('',#249);
#249 = CARTESIAN_POINT('',(28.346282958984,1.560722589493,6.));
#250 = LINE('',#251,#252);
#251 = CARTESIAN_POINT('',(28.413412094116,1.173843741417,6.));
#252 = VECTOR('',#253,1.);
#253 = DIRECTION('',(-0.170960125792,0.985277948291,0.));
#254 = ORIENTED_EDGE('',*,*,#255,.F.);
#255 = EDGE_CURVE('',#256,#248,#258,.T.);
#256 = VERTEX_POINT('',#257);
#257 = CARTESIAN_POINT('',(28.260250091553,1.943841457367,6.));
#258 = LINE('',#259,#260);
#259 = CARTESIAN_POINT('',(28.260250091553,1.943841457367,6.));
#260 = VECTOR('',#261,1.);
#261 = DIRECTION('',(0.219102812889,-0.975701776868,0.));
#262 = ORIENTED_EDGE('',*,*,#263,.F.);
#263 = EDGE_CURVE('',#264,#256,#266,.T.);
#264 = VERTEX_POINT('',#265);
#265 = CARTESIAN_POINT('',(28.155523300171,2.32227730751,6.));
#266 = LINE('',#267,#268);
#267 = CARTESIAN_POINT('',(28.155523300171,2.32227730751,6.));
#268 = VECTOR('',#269,1.);
#269 = DIRECTION('',(0.266711544622,-0.963776401436,0.));
#270 = ORIENTED_EDGE('',*,*,#271,.F.);
#271 = EDGE_CURVE('',#272,#264,#274,.T.);
#272 = VERTEX_POINT('',#273);
#273 = CARTESIAN_POINT('',(28.03235244751,2.695118904114,6.));
#274 = LINE('',#275,#276);
#275 = CARTESIAN_POINT('',(28.03235244751,2.695118904114,6.));
#276 = VECTOR('',#277,1.);
#277 = DIRECTION('',(0.313683178532,-0.949527705497,0.));
#278 = ORIENTED_EDGE('',*,*,#279,.T.);
#279 = EDGE_CURVE('',#272,#280,#282,.T.);
#280 = VERTEX_POINT('',#281);
#281 = CARTESIAN_POINT('',(27.891036987305,3.061467409134,6.));
#282 = LINE('',#283,#284);
#283 = CARTESIAN_POINT('',(28.03235244751,2.695118904114,6.));
#284 = VECTOR('',#285,1.);
#285 = DIRECTION('',(-0.359893368845,0.932993442132,0.));
#286 = ORIENTED_EDGE('',*,*,#287,.T.);
#287 = EDGE_CURVE('',#280,#288,#290,.T.);
#288 = VERTEX_POINT('',#289);
#289 = CARTESIAN_POINT('',(27.731914520264,3.420440673828,6.));
#290 = LINE('',#291,#292);
#291 = CARTESIAN_POINT('',(27.891036987305,3.061467409134,6.));
#292 = VECTOR('',#293,1.);
#293 = DIRECTION('',(-0.405242511291,0.914209224982,0.));
#294 = ORIENTED_EDGE('',*,*,#295,.T.);
#295 = EDGE_CURVE('',#288,#296,#298,.T.);
#296 = VERTEX_POINT('',#297);
#297 = CARTESIAN_POINT('',(27.555370330811,3.77117395401,6.));
#298 = LINE('',#299,#300);
#299 = CARTESIAN_POINT('',(27.731914520264,3.420440673828,6.));
#300 = VECTOR('',#301,1.);
#301 = DIRECTION('',(-0.449611110813,0.893224411351,0.));
#302 = ORIENTED_EDGE('',*,*,#303,.F.);
#303 = EDGE_CURVE('',#304,#296,#306,.T.);
#304 = VERTEX_POINT('',#305);
#305 = CARTESIAN_POINT('',(27.36182975769,4.112822055817,6.));
#306 = LINE('',#307,#308);
#307 = CARTESIAN_POINT('',(27.36182975769,4.112822055817,6.));
#308 = VECTOR('',#309,1.);
#309 = DIRECTION('',(0.492896869711,-0.870087740305,0.));
#310 = ORIENTED_EDGE('',*,*,#311,.F.);
#311 = EDGE_CURVE('',#312,#304,#314,.T.);
#312 = VERTEX_POINT('',#313);
#313 = CARTESIAN_POINT('',(27.151756286621,4.444561958313,6.));
#314 = LINE('',#315,#316);
#315 = CARTESIAN_POINT('',(27.151756286621,4.444561958313,6.));
#316 = VECTOR('',#317,1.);
#317 = DIRECTION('',(0.535000336813,-0.844851844769,0.));
#318 = ORIENTED_EDGE('',*,*,#319,.F.);
#319 = EDGE_CURVE('',#320,#312,#322,.T.);
#320 = VERTEX_POINT('',#321);
#321 = CARTESIAN_POINT('',(26.925661087036,4.765594482422,6.));
#322 = LINE('',#323,#324);
#323 = CARTESIAN_POINT('',(26.925661087036,4.765594482422,6.));
#324 = VECTOR('',#325,1.);
#325 = DIRECTION('',(0.575805785281,-0.817586507739,0.));
#326 = ORIENTED_EDGE('',*,*,#327,.F.);
#327 = EDGE_CURVE('',#328,#320,#330,.T.);
#328 = VERTEX_POINT('',#329);
#329 = CARTESIAN_POINT('',(26.684083938599,5.075146198273,6.));
#330 = LINE('',#331,#332);
#331 = CARTESIAN_POINT('',(26.684083938599,5.075146198273,6.));
#332 = VECTOR('',#333,1.);
#333 = DIRECTION('',(0.615232569252,-0.788345663863,0.));
#334 = ORIENTED_EDGE('',*,*,#335,.F.);
#335 = EDGE_CURVE('',#336,#328,#338,.T.);
#336 = VERTEX_POINT('',#337);
#337 = CARTESIAN_POINT('',(26.42760848999,5.372471809387,6.));
#338 = LINE('',#339,#340);
#339 = CARTESIAN_POINT('',(26.42760848999,5.372471809387,6.));
#340 = VECTOR('',#341,1.);
#341 = DIRECTION('',(0.653173737548,-0.757208074824,0.));
#342 = ORIENTED_EDGE('',*,*,#343,.F.);
#343 = EDGE_CURVE('',#344,#336,#346,.T.);
#344 = VERTEX_POINT('',#345);
#345 = CARTESIAN_POINT('',(26.156854629517,5.656854152679,6.));
#346 = LINE('',#347,#348);
#347 = CARTESIAN_POINT('',(26.156854629517,5.656854152679,6.));
#348 = VECTOR('',#349,1.);
#349 = DIRECTION('',(0.68953969211,-0.724247894719,0.));
#350 = ORIENTED_EDGE('',*,*,#351,.F.);
#351 = EDGE_CURVE('',#352,#344,#354,.T.);
#352 = VERTEX_POINT('',#353);
#353 = CARTESIAN_POINT('',(25.872470855713,5.927608966827,6.));
#354 = LINE('',#355,#356);
#355 = CARTESIAN_POINT('',(25.872470855713,5.927608966827,6.));
#356 = VECTOR('',#357,1.);
#357 = DIRECTION('',(0.724248413985,-0.689539146706,0.));
#358 = ORIENTED_EDGE('',*,*,#359,.F.);
#359 = EDGE_CURVE('',#360,#352,#362,.T.);
#360 = VERTEX_POINT('',#361);
#361 = CARTESIAN_POINT('',(25.575145721436,6.184083461761,6.));
#362 = LINE('',#363,#364);
#363 = CARTESIAN_POINT('',(25.575145721436,6.184083461761,6.));
#364 = VECTOR('',#365,1.);
#365 = DIRECTION('',(0.757208757961,-0.653172945603,0.));
#366 = ORIENTED_EDGE('',*,*,#367,.T.);
#367 = EDGE_CURVE('',#360,#368,#370,.T.);
#368 = VERTEX_POINT('',#369);
#369 = CARTESIAN_POINT('',(25.265594482422,6.425660133362,6.));
#370 = LINE('',#371,#372);
#371 = CARTESIAN_POINT('',(25.575145721436,6.184083461761,6.));
#372 = VECTOR('',#373,1.);
#373 = DIRECTION('',(-0.7883457932,0.615232403522,0.));
#374 = ORIENTED_EDGE('',*,*,#375,.T.);
#375 = EDGE_CURVE('',#368,#376,#378,.T.);
#376 = VERTEX_POINT('',#377);
#377 = CARTESIAN_POINT('',(24.944561004639,6.651756763458,6.));
#378 = LINE('',#379,#380);
#379 = CARTESIAN_POINT('',(25.265594482422,6.425660133362,6.));
#380 = VECTOR('',#381,1.);
#381 = DIRECTION('',(-0.817585597918,0.575807077134,0.));
#382 = ORIENTED_EDGE('',*,*,#383,.F.);
#383 = EDGE_CURVE('',#384,#376,#386,.T.);
#384 = VERTEX_POINT('',#385);
#385 = CARTESIAN_POINT('',(24.612821578979,6.861828804016,6.));
#386 = LINE('',#387,#388);
#387 = CARTESIAN_POINT('',(24.612821578979,6.861828804016,6.));
#388 = VECTOR('',#389,1.);
#389 = DIRECTION('',(0.844853143864,-0.534998285328,0.));
#390 = ORIENTED_EDGE('',*,*,#391,.T.);
#391 = EDGE_CURVE('',#384,#392,#394,.T.);
#392 = VERTEX_POINT('',#393);
#393 = CARTESIAN_POINT('',(24.271173477173,7.055370330811,6.));
#394 = LINE('',#395,#396);
#395 = CARTESIAN_POINT('',(24.612821578979,6.861828804016,6.));
#396 = VECTOR('',#397,1.);
#397 = DIRECTION('',(-0.870086698699,0.492898708405,0.));
#398 = ORIENTED_EDGE('',*,*,#399,.T.);
#399 = EDGE_CURVE('',#392,#400,#402,.T.);
#400 = VERTEX_POINT('',#401);
#401 = CARTESIAN_POINT('',(23.920440673828,7.231914520264,6.));
#402 = LINE('',#403,#404);
#403 = CARTESIAN_POINT('',(24.271173477173,7.055370330811,6.));
#404 = VECTOR('',#405,1.);
#405 = DIRECTION('',(-0.893224165864,0.449611598512,0.));
#406 = ORIENTED_EDGE('',*,*,#407,.F.);
#407 = EDGE_CURVE('',#408,#400,#410,.T.);
#408 = VERTEX_POINT('',#409);
#409 = CARTESIAN_POINT('',(23.56146812439,7.39103603363,6.));
#410 = LINE('',#411,#412);
#411 = CARTESIAN_POINT('',(23.56146812439,7.39103603363,6.));
#412 = VECTOR('',#413,1.);
#413 = DIRECTION('',(0.914209825639,-0.405241156233,0.));
#414 = ORIENTED_EDGE('',*,*,#415,.F.);
#415 = EDGE_CURVE('',#416,#408,#418,.T.);
#416 = VERTEX_POINT('',#417);
#417 = CARTESIAN_POINT('',(23.195117950439,7.53235244751,6.));
#418 = LINE('',#419,#420);
#419 = CARTESIAN_POINT('',(23.195117950439,7.53235244751,6.));
#420 = VECTOR('',#421,1.);
#421 = DIRECTION('',(0.932993177125,-0.359894055853,0.));
#422 = ORIENTED_EDGE('',*,*,#423,.F.);
#423 = EDGE_CURVE('',#424,#416,#426,.T.);
#424 = VERTEX_POINT('',#425);
#425 = CARTESIAN_POINT('',(22.822277069092,7.655522823334,6.));
#426 = LINE('',#427,#428);
#427 = CARTESIAN_POINT('',(22.822277069092,7.655522823334,6.));
#428 = VECTOR('',#429,1.);
#429 = DIRECTION('',(0.949527887963,-0.3136826262,0.));
#430 = ORIENTED_EDGE('',*,*,#431,.F.);
#431 = EDGE_CURVE('',#432,#424,#434,.T.);
#432 = VERTEX_POINT('',#433);
#433 = CARTESIAN_POINT('',(22.443841934204,7.760250091553,6.));
#434 = LINE('',#435,#436);
#435 = CARTESIAN_POINT('',(22.443841934204,7.760250091553,6.));
#436 = VECTOR('',#437,1.);
#437 = DIRECTION('',(0.963775959701,-0.266713140852,0.));
#438 = ORIENTED_EDGE('',*,*,#439,.T.);
#439 = EDGE_CURVE('',#432,#440,#442,.T.);
#440 = VERTEX_POINT('',#441);
#441 = CARTESIAN_POINT('',(22.060722351074,7.84628200531,6.));
#442 = LINE('',#443,#444);
#443 = CARTESIAN_POINT('',(22.443841934204,7.760250091553,6.));
#444 = VECTOR('',#445,1.);
#445 = DIRECTION('',(-0.975702383527,0.219100111319,0.));
#446 = ORIENTED_EDGE('',*,*,#447,.F.);
#447 = EDGE_CURVE('',#448,#440,#450,.T.);
#448 = VERTEX_POINT('',#449);
#449 = CARTESIAN_POINT('',(21.673843383789,7.913412094116,6.));
#450 = LINE('',#451,#452);
#451 = CARTESIAN_POINT('',(21.673843383789,7.913412094116,6.));
#452 = VECTOR('',#453,1.);
#453 = DIRECTION('',(0.985277548055,-0.170962432421,0.));
#454 = ORIENTED_EDGE('',*,*,#455,.F.);
#455 = EDGE_CURVE('',#456,#448,#458,.T.);
#456 = VERTEX_POINT('',#457);
#457 = CARTESIAN_POINT('',(21.28413772583,7.9614777565,6.));
#458 = LINE('',#459,#460);
#459 = CARTESIAN_POINT('',(21.28413772583,7.9614777565,6.));
#460 = VECTOR('',#461,1.);
#461 = DIRECTION('',(0.992479517916,-0.122410810459,0.));
#462 = ORIENTED_EDGE('',*,*,#463,.T.);
#463 = EDGE_CURVE('',#456,#464,#466,.T.);
#464 = VERTEX_POINT('',#465);
#465 = CARTESIAN_POINT('',(20.892541885376,7.99036359787,6.));
#466 = LINE('',#467,#468);
#467 = CARTESIAN_POINT('',(21.28413772583,7.9614777565,6.));
#468 = VECTOR('',#469,1.);
#469 = DIRECTION('',(-0.997290457274,7.356455552456E-02,0.));
#470 = ORIENTED_EDGE('',*,*,#471,.F.);
#471 = EDGE_CURVE('',#472,#464,#474,.T.);
#472 = VERTEX_POINT('',#473);
#473 = CARTESIAN_POINT('',(20.5,8.,6.));
#474 = LINE('',#475,#476);
#475 = CARTESIAN_POINT('',(20.5,8.,6.));
#476 = VECTOR('',#477,1.);
#477 = DIRECTION('',(0.999698816214,-2.454132962862E-02,0.));
#478 = ORIENTED_EDGE('',*,*,#479,.F.);
#479 = EDGE_CURVE('',#480,#472,#482,.T.);
#480 = VERTEX_POINT('',#481);
#481 = CARTESIAN_POINT('',(13.062257748299,8.,6.));
#482 = LINE('',#483,#484);
#483 = CARTESIAN_POINT('',(-20.5,8.,6.));
#484 = VECTOR('',#485,1.);
#485 = DIRECTION('',(1.,0.,0.));
#486 = ORIENTED_EDGE('',*,*,#487,.F.);
#487 = EDGE_CURVE('',#488,#480,#490,.T.);
#488 = VERTEX_POINT('',#489);
#489 = CARTESIAN_POINT('',(13.062257748299,6.5,6.));
#490 = LINE('',#491,#492);
#491 = CARTESIAN_POINT('',(13.062257748299,10.5,6.));
#492 = VECTOR('',#493,1.);
#493 = DIRECTION('',(0.,1.,2.22044604925E-16));
#494 = ORIENTED_EDGE('',*,*,#495,.F.);
#495 = EDGE_CURVE('',#496,#488,#498,.T.);
#496 = VERTEX_POINT('',#497);
#497 = CARTESIAN_POINT('',(9.472135954999,6.5,6.));
#498 = LINE('',#499,#500);
#499 = CARTESIAN_POINT('',(2.500002003483,6.5,6.));
#500 = VECTOR('',#501,1.);
#501 = DIRECTION('',(1.,0.,0.));
#502 = ORIENTED_EDGE('',*,*,#503,.F.);
#503 = EDGE_CURVE('',#504,#496,#506,.T.);
#504 = VERTEX_POINT('',#505);
#505 = CARTESIAN_POINT('',(9.472135955,-8.,6.));
#506 = LINE('',#507,#508);
#507 = CARTESIAN_POINT('',(9.472135955,6.5,6.));
#508 = VECTOR('',#509,1.);
#509 = DIRECTION('',(0.,1.,2.22044604925E-16));
#510 = ORIENTED_EDGE('',*,*,#511,.F.);
#511 = EDGE_CURVE('',#512,#504,#514,.T.);
#512 = VERTEX_POINT('',#513);
#513 = CARTESIAN_POINT('',(7.440598923241,-8.,6.));
#514 = LINE('',#515,#516);
#515 = CARTESIAN_POINT('',(2.500002003483,-8.,6.));
#516 = VECTOR('',#517,1.);
#517 = DIRECTION('',(1.,0.,0.));
#518 = ORIENTED_EDGE('',*,*,#519,.T.);
#519 = EDGE_CURVE('',#512,#520,#522,.T.);
#520 = VERTEX_POINT('',#521);
#521 = CARTESIAN_POINT('',(7.440598923241,-8.05,6.));
#522 = LINE('',#523,#524);
#523 = CARTESIAN_POINT('',(7.440598923242,-7.621318923057,6.));
#524 = VECTOR('',#525,1.);
#525 = DIRECTION('',(1.281975124256E-16,-1.,0.));
#526 = ORIENTED_EDGE('',*,*,#527,.F.);
#527 = EDGE_CURVE('',#528,#520,#530,.T.);
#528 = VERTEX_POINT('',#529);
#529 = CARTESIAN_POINT('',(2.559401076758,-8.05,6.));
#530 = LINE('',#531,#532);
#531 = CARTESIAN_POINT('',(2.500002003483,-8.05,6.));
#532 = VECTOR('',#533,1.);
#533 = DIRECTION('',(1.,0.,-0.));
#534 = ORIENTED_EDGE('',*,*,#535,.T.);
#535 = EDGE_CURVE('',#528,#536,#538,.T.);
#536 = VERTEX_POINT('',#537);
#537 = CARTESIAN_POINT('',(2.559401076758,-8.,6.));
#538 = LINE('',#539,#540);
#539 = CARTESIAN_POINT('',(2.559401076758,-7.621318923057,6.));
#540 = VECTOR('',#541,1.);
#541 = DIRECTION('',(1.281975124256E-16,1.,-0.));
#542 = ORIENTED_EDGE('',*,*,#543,.F.);
#543 = EDGE_CURVE('',#544,#536,#546,.T.);
#544 = VERTEX_POINT('',#545);
#545 = CARTESIAN_POINT('',(0.527864045,-8.,6.));
#546 = LINE('',#547,#548);
#547 = CARTESIAN_POINT('',(2.500002003483,-8.,6.));
#548 = VECTOR('',#549,1.);
#549 = DIRECTION('',(1.,0.,0.));
#550 = ORIENTED_EDGE('',*,*,#551,.T.);
#551 = EDGE_CURVE('',#544,#552,#554,.T.);
#552 = VERTEX_POINT('',#553);
#553 = CARTESIAN_POINT('',(0.527864045014,-0.332963587325,6.000000000002
    ));
#554 = LINE('',#555,#556);
#555 = CARTESIAN_POINT('',(0.527864045,6.5,6.));
#556 = VECTOR('',#557,1.);
#557 = DIRECTION('',(0.,1.,2.22044604925E-16));
#558 = ORIENTED_EDGE('',*,*,#559,.T.);
#559 = EDGE_CURVE('',#552,#560,#562,.T.);
#560 = VERTEX_POINT('',#561);
#561 = CARTESIAN_POINT('',(-5.,8.,6.));
#562 = CIRCLE('',#563,6.);
#563 = AXIS2_PLACEMENT_3D('',#564,#565,#566);
#564 = CARTESIAN_POINT('',(-5.,2.,6.));
#565 = DIRECTION('',(0.,0.,-1.));
#566 = DIRECTION('',(1.,0.,0.));
#567 = ORIENTED_EDGE('',*,*,#568,.F.);
#568 = EDGE_CURVE('',#569,#560,#571,.T.);
#569 = VERTEX_POINT('',#570);
#570 = CARTESIAN_POINT('',(-20.5,8.,6.));
#571 = LINE('',#572,#573);
#572 = CARTESIAN_POINT('',(-20.5,8.,6.));
#573 = VECTOR('',#574,1.);
#574 = DIRECTION('',(1.,0.,0.));
#575 = ORIENTED_EDGE('',*,*,#576,.F.);
#576 = EDGE_CURVE('',#577,#569,#579,.T.);
#577 = VERTEX_POINT('',#578);
#578 = CARTESIAN_POINT('',(-20.89876747131,7.990055561066,6.));
#579 = LINE('',#580,#581);
#580 = CARTESIAN_POINT('',(-20.89876747131,7.990055561066,6.));
#581 = VECTOR('',#582,1.);
#582 = DIRECTION('',(0.999689194556,2.493018830202E-02,0.));
#583 = ORIENTED_EDGE('',*,*,#584,.F.);
#584 = EDGE_CURVE('',#585,#577,#587,.T.);
#585 = VERTEX_POINT('',#586);
#586 = CARTESIAN_POINT('',(-21.29654312133,7.960246086121,6.));
#587 = LINE('',#588,#589);
#588 = CARTESIAN_POINT('',(-21.29654312133,7.960246086121,6.));
#589 = VECTOR('',#590,1.);
#590 = DIRECTION('',(0.997203739094,7.473086870406E-02,0.));
#591 = ORIENTED_EDGE('',*,*,#592,.T.);
#592 = EDGE_CURVE('',#585,#593,#595,.T.);
#593 = VERTEX_POINT('',#594);
#594 = CARTESIAN_POINT('',(-21.69233894348,7.910646438599,6.));
#595 = LINE('',#596,#597);
#596 = CARTESIAN_POINT('',(-21.29654312133,7.960246086121,6.));
#597 = VECTOR('',#598,1.);
#598 = DIRECTION('',(-0.992239207817,-0.124343694935,0.));
#599 = ORIENTED_EDGE('',*,*,#600,.F.);
#600 = EDGE_CURVE('',#601,#593,#603,.T.);
#601 = VERTEX_POINT('',#602);
#602 = CARTESIAN_POINT('',(-22.0851688385,7.841380119324,6.));
#603 = LINE('',#604,#605);
#604 = CARTESIAN_POINT('',(-22.0851688385,7.841380119324,6.));
#605 = VECTOR('',#606,1.);
#606 = DIRECTION('',(0.984807834488,0.173647715596,0.));
#607 = ORIENTED_EDGE('',*,*,#608,.F.);
#608 = EDGE_CURVE('',#609,#601,#611,.T.);
#609 = VERTEX_POINT('',#610);
#610 = CARTESIAN_POINT('',(-22.47406005859,7.752618312836,6.));
#611 = LINE('',#612,#613);
#612 = CARTESIAN_POINT('',(-22.47406005859,7.752618312836,6.));
#613 = VECTOR('',#614,1.);
#614 = DIRECTION('',(0.974927953921,0.222520751086,0.));
#615 = ORIENTED_EDGE('',*,*,#616,.F.);
#616 = EDGE_CURVE('',#617,#609,#619,.T.);
#617 = VERTEX_POINT('',#618);
#618 = CARTESIAN_POINT('',(-22.8580417633,7.644582271576,6.));
#619 = LINE('',#620,#621);
#620 = CARTESIAN_POINT('',(-22.8580417633,7.644582271576,6.));
#621 = VECTOR('',#622,1.);
#622 = DIRECTION('',(0.962624024108,0.270841260169,0.));
#623 = ORIENTED_EDGE('',*,*,#624,.F.);
#624 = EDGE_CURVE('',#625,#617,#627,.T.);
#625 = VERTEX_POINT('',#626);
#626 = CARTESIAN_POINT('',(-23.23616027832,7.517540931702,6.));
#627 = LINE('',#628,#629);
#628 = CARTESIAN_POINT('',(-23.23616027832,7.517540931702,6.));
#629 = VECTOR('',#630,1.);
#630 = DIRECTION('',(0.947927137844,0.318487270295,0.));
#631 = ORIENTED_EDGE('',*,*,#632,.F.);
#632 = EDGE_CURVE('',#633,#625,#635,.T.);
#633 = VERTEX_POINT('',#634);
#634 = CARTESIAN_POINT('',(-23.60747909545,7.371809482574,6.));
#635 = LINE('',#636,#637);
#636 = CARTESIAN_POINT('',(-23.60747909545,7.371809482574,6.));
#637 = VECTOR('',#638,1.);
#638 = DIRECTION('',(0.930874130272,0.365340051993,0.));
#639 = ORIENTED_EDGE('',*,*,#640,.T.);
#640 = EDGE_CURVE('',#633,#641,#643,.T.);
#641 = VERTEX_POINT('',#642);
#642 = CARTESIAN_POINT('',(-23.97106933593,7.207750797272,6.));
#643 = LINE('',#644,#645);
#644 = CARTESIAN_POINT('',(-23.60747909545,7.371809482574,6.));
#645 = VECTOR('',#646,1.);
#646 = DIRECTION('',(-0.911505362504,-0.411288188654,0.));
#647 = ORIENTED_EDGE('',*,*,#648,.F.);
#648 = EDGE_CURVE('',#24,#641,#649,.T.);
#649 = LINE('',#650,#651);
#650 = CARTESIAN_POINT('',(-24.32603263855,7.025772571564,6.));
#651 = VECTOR('',#652,1.);
#652 = DIRECTION('',(0.889872665146,0.456208987007,0.));
#653 = FACE_BOUND('',#654,.T.);
#654 = EDGE_LOOP('',(#655,#665,#673,#681,#689,#697,#705,#713,#721,#729,
    #737,#745,#753,#761,#769,#777,#785,#793,#801,#809,#817,#825,#833,
    #841,#849,#857,#865,#873,#881,#889,#897,#905,#913,#921,#929,#937,
    #945,#953,#961,#969,#977,#985,#993,#1001,#1009,#1017,#1025,#1033,
    #1041,#1049,#1057,#1065,#1073,#1081,#1089,#1097,#1105,#1113,#1121,
    #1129,#1137,#1145,#1153,#1161,#1169,#1177,#1185,#1193,#1201,#1209,
    #1217,#1225,#1233,#1241,#1249,#1257,#1265,#1273,#1281,#1289,#1297,
    #1305,#1313,#1321,#1329,#1337,#1345,#1353,#1361,#1369,#1377,#1385,
    #1393,#1401,#1409,#1417,#1425,#1433,#1441,#1449,#1457,#1465));
#655 = ORIENTED_EDGE('',*,*,#656,.F.);
#656 = EDGE_CURVE('',#657,#659,#661,.T.);
#657 = VERTEX_POINT('',#658);
#658 = CARTESIAN_POINT('',(-20.51022911071,-23.01141738891,6.));
#659 = VERTEX_POINT('',#660);
#660 = CARTESIAN_POINT('',(-20.44974708557,-22.93238639831,6.));
#661 = LINE('',#662,#663);
#662 = CARTESIAN_POINT('',(-14.3620495219,-14.97767972689,6.));
#663 = VECTOR('',#664,1.);
#664 = DIRECTION('',(0.607745293181,0.794132015861,0.));
#665 = ORIENTED_EDGE('',*,*,#666,.F.);
#666 = EDGE_CURVE('',#667,#657,#669,.T.);
#667 = VERTEX_POINT('',#668);
#668 = CARTESIAN_POINT('',(-20.57550621032,-23.08653831481,6.));
#669 = LINE('',#670,#671);
#670 = CARTESIAN_POINT('',(-13.7085736657,-15.18406816902,6.));
#671 = VECTOR('',#672,1.);
#672 = DIRECTION('',(0.655918652891,0.754831584388,0.));
#673 = ORIENTED_EDGE('',*,*,#674,.F.);
#674 = EDGE_CURVE('',#675,#667,#677,.T.);
#675 = VERTEX_POINT('',#676);
#676 = CARTESIAN_POINT('',(-20.64532852172,-23.15745353698,6.));
#677 = LINE('',#678,#679);
#678 = CARTESIAN_POINT('',(-13.08079013486,-15.47450936719,6.));
#679 = VECTOR('',#680,1.);
#680 = DIRECTION('',(0.701594521577,0.712576401022,0.));
#681 = ORIENTED_EDGE('',*,*,#682,.F.);
#682 = EDGE_CURVE('',#683,#675,#685,.T.);
#683 = VERTEX_POINT('',#684);
#684 = CARTESIAN_POINT('',(-20.71942329406,-23.22389221191,6.));
#685 = LINE('',#686,#687);
#686 = CARTESIAN_POINT('',(-12.49020832387,-15.84498920635,6.));
#687 = VECTOR('',#688,1.);
#688 = DIRECTION('',(0.744525094133,0.667594475865,0.));
#689 = ORIENTED_EDGE('',*,*,#690,.F.);
#690 = EDGE_CURVE('',#691,#683,#693,.T.);
#691 = VERTEX_POINT('',#692);
#692 = CARTESIAN_POINT('',(-20.79750633239,-23.28559494018,6.));
#693 = LINE('',#694,#695);
#694 = CARTESIAN_POINT('',(-11.94601229756,-16.29097302346,6.));
#695 = VECTOR('',#696,1.);
#696 = DIRECTION('',(0.784598143461,0.620004639723,0.));
#697 = ORIENTED_EDGE('',*,*,#698,.F.);
#698 = EDGE_CURVE('',#699,#691,#701,.T.);
#699 = VERTEX_POINT('',#700);
#700 = CARTESIAN_POINT('',(-20.87927246093,-23.34232521057,6.));
#701 = LINE('',#702,#703);
#702 = CARTESIAN_POINT('',(-11.45814629353,-16.80584067402,6.));
#703 = VECTOR('',#704,1.);
#704 = DIRECTION('',(0.82161357721,0.570044848888,0.));
#705 = ORIENTED_EDGE('',*,*,#706,.F.);
#706 = EDGE_CURVE('',#707,#699,#709,.T.);
#707 = VERTEX_POINT('',#708);
#708 = CARTESIAN_POINT('',(-20.96440887451,-23.39385986328,6.));
#709 = LINE('',#710,#711);
#710 = CARTESIAN_POINT('',(-11.03436432134,-17.38301942547,6.));
#711 = VECTOR('',#712,1.);
#712 = DIRECTION('',(0.855479076698,0.517837377303,0.));
#713 = ORIENTED_EDGE('',*,*,#714,.F.);
#714 = EDGE_CURVE('',#715,#707,#717,.T.);
#715 = VERTEX_POINT('',#716);
#716 = CARTESIAN_POINT('',(-21.0525856018,-23.44000434875,6.));
#717 = LINE('',#718,#719);
#718 = CARTESIAN_POINT('',(-10.68291642152,-18.01336782531,6.));
#719 = VECTOR('',#720,1.);
#720 = DIRECTION('',(0.886010402099,0.46366536141,0.));
#721 = ORIENTED_EDGE('',*,*,#722,.F.);
#722 = EDGE_CURVE('',#723,#715,#725,.T.);
#723 = VERTEX_POINT('',#724);
#724 = CARTESIAN_POINT('',(-21.14345932006,-23.48057746887,6.));
#725 = LINE('',#726,#727);
#726 = CARTESIAN_POINT('',(-10.4098090304,-18.68823826641,6.));
#727 = VECTOR('',#728,1.);
#728 = DIRECTION('',(0.913121065349,0.407688508566,0.));
#729 = ORIENTED_EDGE('',*,*,#730,.F.);
#730 = EDGE_CURVE('',#731,#723,#733,.T.);
#731 = VERTEX_POINT('',#732);
#732 = CARTESIAN_POINT('',(-21.23667907714,-23.51542091369,6.));
#733 = LINE('',#734,#735);
#734 = CARTESIAN_POINT('',(-10.22034172487,-19.397762225,6.));
#735 = VECTOR('',#736,1.);
#736 = DIRECTION('',(0.936705127466,0.350119271362,0.));
#737 = ORIENTED_EDGE('',*,*,#738,.F.);
#738 = EDGE_CURVE('',#739,#731,#741,.T.);
#739 = VERTEX_POINT('',#740);
#740 = CARTESIAN_POINT('',(-21.33188438415,-23.54440307617,6.));
#741 = LINE('',#742,#743);
#742 = CARTESIAN_POINT('',(-10.11865496843,-20.13089970099,6.));
#743 = VECTOR('',#744,1.);
#744 = DIRECTION('',(0.956655309651,0.291222627069,0.));
#745 = ORIENTED_EDGE('',*,*,#746,.F.);
#746 = EDGE_CURVE('',#747,#739,#749,.T.);
#747 = VERTEX_POINT('',#748);
#748 = CARTESIAN_POINT('',(-21.42870903015,-23.56740951538,6.));
#749 = LINE('',#750,#751);
#750 = CARTESIAN_POINT('',(-10.10727653641,-20.87733153217,6.));
#751 = VECTOR('',#752,1.);
#752 = DIRECTION('',(0.972912631982,0.231173118095,0.));
#753 = ORIENTED_EDGE('',*,*,#754,.F.);
#754 = EDGE_CURVE('',#755,#747,#757,.T.);
#755 = VERTEX_POINT('',#756);
#756 = CARTESIAN_POINT('',(-21.5267753601,-23.58435249328,6.));
#757 = LINE('',#758,#759);
#758 = CARTESIAN_POINT('',(-10.18755649144,-21.62526893381,6.));
#759 = VECTOR('',#760,1.);
#760 = DIRECTION('',(0.985401187549,0.170248346766,0.));
#761 = ORIENTED_EDGE('',*,*,#762,.F.);
#762 = EDGE_CURVE('',#763,#755,#765,.T.);
#763 = VERTEX_POINT('',#764);
#764 = CARTESIAN_POINT('',(-21.62570571899,-23.59516525268,6.));
#765 = LINE('',#766,#767);
#766 = CARTESIAN_POINT('',(-10.35939153958,-22.36379456009,6.));
#767 = VECTOR('',#768,1.);
#768 = DIRECTION('',(0.99408010406,0.108649651228,0.));
#769 = ORIENTED_EDGE('',*,*,#770,.F.);
#770 = EDGE_CURVE('',#771,#763,#773,.T.);
#771 = VERTEX_POINT('',#772);
#772 = CARTESIAN_POINT('',(-21.72511672973,-23.5998058319,6.));
#773 = LINE('',#774,#775);
#774 = CARTESIAN_POINT('',(-10.62127264329,-23.08147020907,6.));
#775 = VECTOR('',#776,1.);
#776 = DIRECTION('',(0.998912231845,4.662995894241E-02,0.));
#777 = ORIENTED_EDGE('',*,*,#778,.F.);
#778 = EDGE_CURVE('',#779,#771,#781,.T.);
#779 = VERTEX_POINT('',#780);
#780 = CARTESIAN_POINT('',(-21.82462501525,-23.59825897216,6.));
#781 = LINE('',#782,#783);
#782 = CARTESIAN_POINT('',(-10.97015100277,-23.76699214623,6.));
#783 = VECTOR('',#784,1.);
#784 = DIRECTION('',(0.999879197843,-1.554315672405E-02,0.));
#785 = ORIENTED_EDGE('',*,*,#786,.F.);
#786 = EDGE_CURVE('',#787,#779,#789,.T.);
#787 = VERTEX_POINT('',#788);
#788 = CARTESIAN_POINT('',(-21.92384338378,-23.59052848815,6.));
#789 = LINE('',#790,#791);
#790 = CARTESIAN_POINT('',(-11.40201209084,-24.41032475933,6.));
#791 = VECTOR('',#792,1.);
#792 = DIRECTION('',(0.996978466708,-7.767841991518E-02,0.));
#793 = ORIENTED_EDGE('',*,*,#794,.F.);
#794 = EDGE_CURVE('',#795,#787,#797,.T.);
#795 = VERTEX_POINT('',#796);
#796 = CARTESIAN_POINT('',(-22.0223903656,-23.57664299011,6.));
#797 = LINE('',#798,#799);
#798 = CARTESIAN_POINT('',(-11.91132700531,-25.00131524247,6.));
#799 = VECTOR('',#800,1.);
#800 = DIRECTION('',(0.990218674847,-0.139524105384,0.));
#801 = ORIENTED_EDGE('',*,*,#802,.F.);
#802 = EDGE_CURVE('',#803,#795,#805,.T.);
#803 = VERTEX_POINT('',#804);
#804 = CARTESIAN_POINT('',(-22.11988258361,-23.55665969848,6.));
#805 = LINE('',#806,#807);
#806 = CARTESIAN_POINT('',(-12.49101429502,-25.5303196167,6.));
#807 = VECTOR('',#808,1.);
#808 = DIRECTION('',(0.979632580948,-0.200798422166,0.));
#809 = ORIENTED_EDGE('',*,*,#810,.F.);
#810 = EDGE_CURVE('',#811,#803,#813,.T.);
#811 = VERTEX_POINT('',#812);
#812 = CARTESIAN_POINT('',(-22.21594429016,-23.53065299987,6.));
#813 = LINE('',#814,#815);
#814 = CARTESIAN_POINT('',(-13.1337326117,-25.98947192283,6.));
#815 = VECTOR('',#816,1.);
#816 = DIRECTION('',(0.96525175605,-0.261321731668,0.));
#817 = ORIENTED_EDGE('',*,*,#818,.F.);
#818 = EDGE_CURVE('',#819,#811,#821,.T.);
#819 = VERTEX_POINT('',#820);
#820 = CARTESIAN_POINT('',(-22.31020164489,-23.49872398376,6.));
#821 = LINE('',#822,#823);
#822 = CARTESIAN_POINT('',(-13.83047229803,-26.37117267182,6.));
#823 = VECTOR('',#824,1.);
#824 = DIRECTION('',(0.947134994547,-0.320835319291,0.));
#825 = ORIENTED_EDGE('',*,*,#826,.F.);
#826 = EDGE_CURVE('',#827,#819,#829,.T.);
#827 = VERTEX_POINT('',#828);
#828 = CARTESIAN_POINT('',(-22.40229415893,-23.4609966278,6.));
#829 = LINE('',#830,#831);
#830 = CARTESIAN_POINT('',(-14.57133655376,-26.66908936086,6.));
#831 = VECTOR('',#832,1.);
#832 = DIRECTION('',(0.925359701325,-0.379090257279,0.));
#833 = ORIENTED_EDGE('',*,*,#834,.F.);
#834 = EDGE_CURVE('',#835,#827,#837,.T.);
#835 = VERTEX_POINT('',#836);
#836 = CARTESIAN_POINT('',(-22.49186134338,-23.41761779785,6.));
#837 = LINE('',#838,#839);
#838 = CARTESIAN_POINT('',(-15.34622534889,-26.8783643943,6.));
#839 = VECTOR('',#840,1.);
#840 = DIRECTION('',(0.900002118172,-0.43588552085,0.));
#841 = ORIENTED_EDGE('',*,*,#842,.F.);
#842 = EDGE_CURVE('',#843,#835,#845,.T.);
#843 = VERTEX_POINT('',#844);
#844 = CARTESIAN_POINT('',(-22.57855987548,-23.36875534057,6.));
#845 = LINE('',#846,#847);
#846 = CARTESIAN_POINT('',(-16.1439663698,-26.99523023725,6.));
#847 = VECTOR('',#848,1.);
#848 = DIRECTION('',(0.87116934995,-0.490982651128,0.));
#849 = ORIENTED_EDGE('',*,*,#850,.F.);
#850 = EDGE_CURVE('',#851,#843,#853,.T.);
#851 = VERTEX_POINT('',#852);
#852 = CARTESIAN_POINT('',(-22.66205215454,-23.31459617614,6.));
#853 = LINE('',#854,#855);
#854 = CARTESIAN_POINT('',(-16.95376544424,-27.0174060893,6.));
#855 = VECTOR('',#856,1.);
#856 = DIRECTION('',(0.838952063802,-0.544205323975,0.));
#857 = ORIENTED_EDGE('',*,*,#858,.F.);
#858 = EDGE_CURVE('',#859,#851,#861,.T.);
#859 = VERTEX_POINT('',#860);
#860 = CARTESIAN_POINT('',(-22.74201583862,-23.25535011291,6.));
#861 = LINE('',#862,#863);
#862 = CARTESIAN_POINT('',(-17.76366028925,-26.94387411049,6.));
#863 = VECTOR('',#864,1.);
#864 = DIRECTION('',(0.803491323188,-0.595316465052,0.));
#865 = ORIENTED_EDGE('',*,*,#866,.F.);
#866 = EDGE_CURVE('',#867,#859,#869,.T.);
#867 = VERTEX_POINT('',#868);
#868 = CARTESIAN_POINT('',(-22.81814193725,-23.19124984741,6.));
#869 = LINE('',#870,#871);
#870 = CARTESIAN_POINT('',(-18.56179151142,-26.7752137871,6.));
#871 = VECTOR('',#872,1.);
#872 = DIRECTION('',(0.7649405205,-0.644100923844,0.));
#873 = ORIENTED_EDGE('',*,*,#874,.F.);
#874 = EDGE_CURVE('',#875,#867,#877,.T.);
#875 = VERTEX_POINT('',#876);
#876 = CARTESIAN_POINT('',(-22.8901348114,-23.12253952026,6.));
#877 = LINE('',#878,#879);
#878 = CARTESIAN_POINT('',(-19.33754025463,-26.51315195404,6.));
#879 = VECTOR('',#880,1.);
#880 = DIRECTION('',(0.723406450217,-0.690422412574,0.));
#881 = ORIENTED_EDGE('',*,*,#882,.F.);
#882 = EDGE_CURVE('',#883,#875,#885,.T.);
#883 = VERTEX_POINT('',#884);
#884 = CARTESIAN_POINT('',(-22.95771598815,-23.04948616027,6.));
#885 = LINE('',#886,#887);
#886 = CARTESIAN_POINT('',(-20.07920265402,-26.1610784839,6.));
#887 = VECTOR('',#888,1.);
#888 = DIRECTION('',(0.6790789049,-0.734065283827,0.));
#889 = ORIENTED_EDGE('',*,*,#890,.F.);
#890 = EDGE_CURVE('',#891,#883,#893,.T.);
#891 = VERTEX_POINT('',#892);
#892 = CARTESIAN_POINT('',(-23.02062606811,-22.97237205505,6.));
#893 = LINE('',#894,#895);
#894 = CARTESIAN_POINT('',(-20.77609117605,-25.72368472176,6.));
#895 = VECTOR('',#896,1.);
#896 = DIRECTION('',(0.632133995173,-0.774859091801,0.));
#897 = ORIENTED_EDGE('',*,*,#898,.F.);
#898 = EDGE_CURVE('',#899,#891,#901,.T.);
#899 = VERTEX_POINT('',#900);
#900 = CARTESIAN_POINT('',(-23.07862091064,-22.89149665832,6.));
#901 = LINE('',#902,#903);
#902 = CARTESIAN_POINT('',(-21.41832951835,-25.20681849006,6.));
#903 = VECTOR('',#904,1.);
#904 = DIRECTION('',(0.582745570185,-0.812654662467,0.));
#905 = ORIENTED_EDGE('',*,*,#906,.F.);
#906 = EDGE_CURVE('',#907,#899,#909,.T.);
#907 = VERTEX_POINT('',#908);
#908 = CARTESIAN_POINT('',(-23.1314754486,-22.80717277526,6.));
#909 = LINE('',#910,#911);
#910 = CARTESIAN_POINT('',(-21.99676776887,-24.61748010885,6.));
#911 = VECTOR('',#912,1.);
#912 = DIRECTION('',(0.531097608988,-0.847310645352,0.));
#913 = ORIENTED_EDGE('',*,*,#914,.F.);
#914 = EDGE_CURVE('',#915,#907,#917,.T.);
#915 = VERTEX_POINT('',#916);
#916 = CARTESIAN_POINT('',(-23.17898368835,-22.71972465515,6.));
#917 = LINE('',#918,#919);
#918 = CARTESIAN_POINT('',(-22.5032046128,-23.96362697793,6.));
#919 = VECTOR('',#920,1.);
#920 = DIRECTION('',(0.477374366295,-0.878700013887,0.));
#921 = ORIENTED_EDGE('',*,*,#922,.F.);
#922 = EDGE_CURVE('',#923,#915,#925,.T.);
#923 = VERTEX_POINT('',#924);
#924 = CARTESIAN_POINT('',(-23.22096443176,-22.62949371337,6.));
#925 = LINE('',#926,#927);
#926 = CARTESIAN_POINT('',(-22.92994737414,-23.25498866771,6.));
#927 = VECTOR('',#928,1.);
#928 = DIRECTION('',(0.421837014607,-0.906671678783,0.));
#929 = ORIENTED_EDGE('',*,*,#930,.F.);
#930 = EDGE_CURVE('',#931,#923,#933,.T.);
#931 = VERTEX_POINT('',#932);
#932 = CARTESIAN_POINT('',(-23.25725555419,-22.5368270874,6.));
#933 = LINE('',#934,#935);
#934 = CARTESIAN_POINT('',(-23.27125970425,-22.50106855341,6.));
#935 = VECTOR('',#936,1.);
#936 = DIRECTION('',(0.364663096046,-0.931139531103,0.));
#937 = ORIENTED_EDGE('',*,*,#938,.F.);
#938 = EDGE_CURVE('',#939,#931,#941,.T.);
#939 = VERTEX_POINT('',#940);
#940 = CARTESIAN_POINT('',(-23.28771400451,-22.44208335876,6.));
#941 = LINE('',#942,#943);
#942 = CARTESIAN_POINT('',(-23.52235129203,-21.71222313064,6.));
#943 = VECTOR('',#944,1.);
#944 = DIRECTION('',(0.306055709287,-0.952013604321,0.));
#945 = ORIENTED_EDGE('',*,*,#946,.F.);
#946 = EDGE_CURVE('',#947,#939,#949,.T.);
#947 = VERTEX_POINT('',#948);
#948 = CARTESIAN_POINT('',(-23.31222343444,-22.3456287384,6.));
#949 = LINE('',#950,#951);
#950 = CARTESIAN_POINT('',(-23.67956187916,-20.90000187852,6.));
#951 = VECTOR('',#952,1.);
#952 = DIRECTION('',(0.246276730214,-0.969199552288,0.));
#953 = ORIENTED_EDGE('',*,*,#954,.F.);
#954 = EDGE_CURVE('',#955,#947,#957,.T.);
#955 = VERTEX_POINT('',#956);
#956 = CARTESIAN_POINT('',(-23.33068847656,-22.24783706665,6.));
#957 = LINE('',#958,#959);
#958 = CARTESIAN_POINT('',(-23.74084033293,-20.07565487181,6.));
#959 = VECTOR('',#960,1.);
#960 = DIRECTION('',(0.185541594607,-0.982636411228,0.));
#961 = ORIENTED_EDGE('',*,*,#962,.F.);
#962 = EDGE_CURVE('',#963,#955,#965,.T.);
#963 = VERTEX_POINT('',#964);
#964 = CARTESIAN_POINT('',(-23.34303855896,-22.14908599853,6.));
#965 = LINE('',#966,#967);
#966 = CARTESIAN_POINT('',(-23.70548902149,-19.25093769777,6.));
#967 = VECTOR('',#968,1.);
#968 = DIRECTION('',(0.124096063681,-0.992270208652,0.));
#969 = ORIENTED_EDGE('',*,*,#970,.F.);
#970 = EDGE_CURVE('',#971,#963,#973,.T.);
#971 = VERTEX_POINT('',#972);
#972 = CARTESIAN_POINT('',(-23.34922599792,-22.04975891113,6.));
#973 = LINE('',#974,#975);
#974 = CARTESIAN_POINT('',(-23.57425287754,-18.43739769557,6.));
#975 = VECTOR('',#976,1.);
#976 = DIRECTION('',(6.217305680414E-02,-0.998065384135,0.));
#977 = ORIENTED_EDGE('',*,*,#978,.F.);
#978 = EDGE_CURVE('',#979,#971,#981,.T.);
#979 = VERTEX_POINT('',#980);
#980 = CARTESIAN_POINT('',(-23.34922599792,-11.95024013519,6.));
#981 = LINE('',#982,#983);
#982 = CARTESIAN_POINT('',(-23.34922599792,-15.14631868463,6.));
#983 = VECTOR('',#984,1.);
#984 = DIRECTION('',(0.,-1.,0.));
#985 = ORIENTED_EDGE('',*,*,#986,.F.);
#986 = EDGE_CURVE('',#987,#979,#989,.T.);
#987 = VERTEX_POINT('',#988);
#988 = CARTESIAN_POINT('',(-23.34303855896,-11.85091304779,6.));
#989 = LINE('',#990,#991);
#990 = CARTESIAN_POINT('',(-23.34420079451,-11.86957043946,6.));
#991 = VECTOR('',#992,1.);
#992 = DIRECTION('',(-6.217305680414E-02,-0.998065384135,0.));
#993 = ORIENTED_EDGE('',*,*,#994,.F.);
#994 = EDGE_CURVE('',#995,#987,#997,.T.);
#995 = VERTEX_POINT('',#996);
#996 = CARTESIAN_POINT('',(-23.33068847656,-11.75216293335,6.));
#997 = LINE('',#998,#999);
#998 = CARTESIAN_POINT('',(-23.24897368067,-11.09877899744,6.));
#999 = VECTOR('',#1000,1.);
#1000 = DIRECTION('',(-0.124097243676,-0.992270061078,0.));
#1001 = ORIENTED_EDGE('',*,*,#1002,.F.);
#1002 = EDGE_CURVE('',#1003,#995,#1005,.T.);
#1003 = VERTEX_POINT('',#1004);
#1004 = CARTESIAN_POINT('',(-23.31222343444,-11.65437126159,6.));
#1005 = LINE('',#1006,#1007);
#1006 = CARTESIAN_POINT('',(-23.06491433694,-10.34461144979,6.));
#1007 = VECTOR('',#1008,1.);
#1008 = DIRECTION('',(-0.185541594607,-0.982636411228,0.));
#1009 = ORIENTED_EDGE('',*,*,#1010,.F.);
#1010 = EDGE_CURVE('',#1011,#1003,#1013,.T.);
#1011 = VERTEX_POINT('',#1012);
#1012 = CARTESIAN_POINT('',(-23.28771400451,-11.55791759491,6.));
#1013 = LINE('',#1014,#1015);
#1014 = CARTESIAN_POINT('',(-22.79463536586,-9.617470885383,6.));
#1015 = VECTOR('',#1016,1.);
#1016 = DIRECTION('',(-0.246279017554,-0.969198971065,0.));
#1017 = ORIENTED_EDGE('',*,*,#1018,.F.);
#1018 = EDGE_CURVE('',#1019,#1011,#1021,.T.);
#1019 = VERTEX_POINT('',#1020);
#1020 = CARTESIAN_POINT('',(-23.25725555419,-11.46317291259,6.));
#1021 = LINE('',#1022,#1023);
#1022 = CARTESIAN_POINT('',(-22.44215784516,-8.927713206305,6.));
#1023 = VECTOR('',#1024,1.);
#1024 = DIRECTION('',(-0.306052917176,-0.952014501932,0.));
#1025 = ORIENTED_EDGE('',*,*,#1026,.F.);
#1026 = EDGE_CURVE('',#1027,#1019,#1029,.T.);
#1027 = VERTEX_POINT('',#1028);
#1028 = CARTESIAN_POINT('',(-23.22096443176,-11.37050628662,6.));
#1029 = LINE('',#1030,#1031);
#1030 = CARTESIAN_POINT('',(-22.01241663875,-8.284571248228,6.));
#1031 = VECTOR('',#1032,1.);
#1032 = DIRECTION('',(-0.364663096046,-0.931139531103,0.));
#1033 = ORIENTED_EDGE('',*,*,#1034,.F.);
#1034 = EDGE_CURVE('',#1035,#1027,#1037,.T.);
#1035 = VERTEX_POINT('',#1036);
#1036 = CARTESIAN_POINT('',(-23.17898368835,-11.28027439117,6.));
#1037 = LINE('',#1038,#1039);
#1038 = CARTESIAN_POINT('',(-21.51203459256,-7.697394139052,6.));
#1039 = VECTOR('',#1040,1.);
#1040 = DIRECTION('',(-0.421833349505,-0.906673383995,0.));
#1041 = ORIENTED_EDGE('',*,*,#1042,.F.);
#1042 = EDGE_CURVE('',#1043,#1035,#1045,.T.);
#1043 = VERTEX_POINT('',#1044);
#1044 = CARTESIAN_POINT('',(-23.1314754486,-11.19282722473,6.));
#1045 = LINE('',#1046,#1047);
#1046 = CARTESIAN_POINT('',(-20.94803985468,-7.173834796907,6.));
#1047 = VECTOR('',#1048,1.);
#1048 = DIRECTION('',(-0.47737838599,-0.878697830081,0.));
#1049 = ORIENTED_EDGE('',*,*,#1050,.F.);
#1050 = EDGE_CURVE('',#1051,#1043,#1053,.T.);
#1051 = VERTEX_POINT('',#1052);
#1052 = CARTESIAN_POINT('',(-23.07862091064,-11.10850334167,6.));
#1053 = LINE('',#1054,#1055);
#1054 = CARTESIAN_POINT('',(-20.32843753141,-6.720873620782,6.));
#1055 = VECTOR('',#1056,1.);
#1056 = DIRECTION('',(-0.531097608988,-0.847310645352,0.));
#1057 = ORIENTED_EDGE('',*,*,#1058,.F.);
#1058 = EDGE_CURVE('',#1059,#1051,#1061,.T.);
#1059 = VERTEX_POINT('',#1060);
#1060 = CARTESIAN_POINT('',(-23.02062606811,-11.02762794494,6.));
#1061 = LINE('',#1062,#1063);
#1062 = CARTESIAN_POINT('',(-19.6626306693,-6.344811365965,6.));
#1063 = VECTOR('',#1064,1.);
#1064 = DIRECTION('',(-0.582745570185,-0.812654662467,0.));
#1065 = ORIENTED_EDGE('',*,*,#1066,.F.);
#1066 = EDGE_CURVE('',#1067,#1059,#1069,.T.);
#1067 = VERTEX_POINT('',#1068);
#1068 = CARTESIAN_POINT('',(-22.95771598815,-10.95051383972,6.));
#1069 = LINE('',#1070,#1071);
#1070 = CARTESIAN_POINT('',(-18.96017042275,-6.050390527425,6.));
#1071 = VECTOR('',#1072,1.);
#1072 = DIRECTION('',(-0.632133995173,-0.774859091801,0.));
#1073 = ORIENTED_EDGE('',*,*,#1074,.F.);
#1074 = EDGE_CURVE('',#1075,#1067,#1077,.T.);
#1075 = VERTEX_POINT('',#1076);
#1076 = CARTESIAN_POINT('',(-22.8901348114,-10.87746143341,6.));
#1077 = LINE('',#1078,#1079);
#1078 = CARTESIAN_POINT('',(-18.23105230389,-5.841189431296,6.));
#1079 = VECTOR('',#1080,1.);
#1080 = DIRECTION('',(-0.679083681856,-0.734060864668,0.));
#1081 = ORIENTED_EDGE('',*,*,#1082,.F.);
#1082 = EDGE_CURVE('',#1083,#1075,#1085,.T.);
#1083 = VERTEX_POINT('',#1084);
#1084 = CARTESIAN_POINT('',(-22.81814193725,-10.80875110626,6.));
#1085 = LINE('',#1086,#1087);
#1086 = CARTESIAN_POINT('',(-17.48587564581,-5.719611859132,6.));
#1087 = VECTOR('',#1088,1.);
#1088 = DIRECTION('',(-0.723406450217,-0.690422412574,0.));
#1089 = ORIENTED_EDGE('',*,*,#1090,.F.);
#1090 = EDGE_CURVE('',#1091,#1083,#1093,.T.);
#1091 = VERTEX_POINT('',#1092);
#1092 = CARTESIAN_POINT('',(-22.74201583862,-10.74464893341,6.));
#1093 = LINE('',#1094,#1095);
#1094 = CARTESIAN_POINT('',(-16.73534595614,-5.68671744889,6.));
#1095 = VECTOR('',#1096,1.);
#1096 = DIRECTION('',(-0.764931077627,-0.644112138126,0.));
#1097 = ORIENTED_EDGE('',*,*,#1098,.F.);
#1098 = EDGE_CURVE('',#1099,#1091,#1101,.T.);
#1099 = VERTEX_POINT('',#1100);
#1100 = CARTESIAN_POINT('',(-22.66205215454,-10.68540382385,6.));
#1101 = LINE('',#1102,#1103);
#1102 = CARTESIAN_POINT('',(-15.99022537868,-5.742246028838,6.));
#1103 = VECTOR('',#1104,1.);
#1104 = DIRECTION('',(-0.803495906904,-0.595310278416,0.));
#1105 = ORIENTED_EDGE('',*,*,#1106,.F.);
#1106 = EDGE_CURVE('',#1107,#1099,#1109,.T.);
#1107 = VERTEX_POINT('',#1108);
#1108 = CARTESIAN_POINT('',(-22.57855987548,-10.63124561309,6.));
#1109 = LINE('',#1110,#1111);
#1110 = CARTESIAN_POINT('',(-15.2610366439,-5.884651438489,6.));
#1111 = VECTOR('',#1112,1.);
#1112 = DIRECTION('',(-0.838956438927,-0.544198579182,0.));
#1113 = ORIENTED_EDGE('',*,*,#1114,.F.);
#1114 = EDGE_CURVE('',#1115,#1107,#1117,.T.);
#1115 = VERTEX_POINT('',#1116);
#1116 = CARTESIAN_POINT('',(-22.49186134338,-10.58238220214,6.));
#1117 = LINE('',#1118,#1119);
#1118 = CARTESIAN_POINT('',(-14.55830609774,-6.111019644445,6.));
#1119 = VECTOR('',#1120,1.);
#1120 = DIRECTION('',(-0.871165251111,-0.490989923784,0.));
#1121 = ORIENTED_EDGE('',*,*,#1122,.F.);
#1122 = EDGE_CURVE('',#1123,#1115,#1125,.T.);
#1123 = VERTEX_POINT('',#1124);
#1124 = CARTESIAN_POINT('',(-22.40229415893,-10.53900241851,6.));
#1125 = LINE('',#1126,#1127);
#1126 = CARTESIAN_POINT('',(-13.89191833638,-6.417199728506,6.));
#1127 = VECTOR('',#1128,1.);
#1128 = DIRECTION('',(-0.899998358822,-0.435893282946,0.));
#1129 = ORIENTED_EDGE('',*,*,#1130,.F.);
#1130 = EDGE_CURVE('',#1131,#1123,#1133,.T.);
#1131 = VERTEX_POINT('',#1132);
#1132 = CARTESIAN_POINT('',(-22.31020164489,-10.50127601623,6.));
#1133 = LINE('',#1134,#1135);
#1134 = CARTESIAN_POINT('',(-13.27073479551,-6.79818932843,6.));
#1135 = VECTOR('',#1136,1.);
#1136 = DIRECTION('',(-0.92536306285,-0.379082051688,0.));
#1137 = ORIENTED_EDGE('',*,*,#1138,.F.);
#1138 = EDGE_CURVE('',#1139,#1131,#1141,.T.);
#1139 = VERTEX_POINT('',#1140);
#1140 = CARTESIAN_POINT('',(-22.21594429016,-10.46934795379,6.));
#1141 = LINE('',#1142,#1143);
#1142 = CARTESIAN_POINT('',(-12.70382841019,-7.247281828646,6.));
#1143 = VECTOR('',#1144,1.);
#1144 = DIRECTION('',(-0.947137906513,-0.320826722775,0.));
#1145 = ORIENTED_EDGE('',*,*,#1146,.F.);
#1146 = EDGE_CURVE('',#1147,#1139,#1149,.T.);
#1147 = VERTEX_POINT('',#1148);
#1148 = CARTESIAN_POINT('',(-22.11988258361,-10.44334125518,6.));
#1149 = LINE('',#1150,#1151);
#1150 = CARTESIAN_POINT('',(-12.19858278901,-7.757356768265,6.));
#1151 = VECTOR('',#1152,1.);
#1152 = DIRECTION('',(-0.96525175605,-0.261321731668,0.));
#1153 = ORIENTED_EDGE('',*,*,#1154,.F.);
#1154 = EDGE_CURVE('',#1155,#1147,#1157,.T.);
#1155 = VERTEX_POINT('',#1156);
#1156 = CARTESIAN_POINT('',(-22.0223903656,-10.42335700988,6.));
#1157 = LINE('',#1158,#1159);
#1158 = CARTESIAN_POINT('',(-11.76179704202,-8.320110021827,6.));
#1159 = VECTOR('',#1160,1.);
#1160 = DIRECTION('',(-0.979630695885,-0.200807618581,0.));
#1161 = ORIENTED_EDGE('',*,*,#1162,.F.);
#1162 = EDGE_CURVE('',#1163,#1155,#1165,.T.);
#1163 = VERTEX_POINT('',#1164);
#1164 = CARTESIAN_POINT('',(-21.92384338378,-10.40947246551,6.));
#1165 = LINE('',#1166,#1167);
#1166 = CARTESIAN_POINT('',(-11.39907821467,-8.926610521748,6.));
#1167 = VECTOR('',#1168,1.);
#1168 = DIRECTION('',(-0.990219998744,-0.139514709212,0.));
#1169 = ORIENTED_EDGE('',*,*,#1170,.F.);
#1170 = EDGE_CURVE('',#1171,#1163,#1173,.T.);
#1171 = VERTEX_POINT('',#1172);
#1172 = CARTESIAN_POINT('',(-21.82462501525,-10.40174102783,6.));
#1173 = LINE('',#1174,#1175);
#1174 = CARTESIAN_POINT('',(-11.11492999567,-9.567204632248,6.));
#1175 = VECTOR('',#1176,1.);
#1176 = DIRECTION('',(-0.996977724533,-7.768794491234E-02,0.));
#1177 = ORIENTED_EDGE('',*,*,#1178,.F.);
#1178 = EDGE_CURVE('',#1179,#1171,#1181,.T.);
#1179 = VERTEX_POINT('',#1180);
#1180 = CARTESIAN_POINT('',(-21.72511672973,-10.40019321441,6.));
#1181 = LINE('',#1182,#1183);
#1182 = CARTESIAN_POINT('',(-10.91255094674,-10.23200787902,6.));
#1183 = VECTOR('',#1184,1.);
#1184 = DIRECTION('',(-0.999879048869,-1.555273711751E-02,0.));
#1185 = ORIENTED_EDGE('',*,*,#1186,.F.);
#1186 = EDGE_CURVE('',#1187,#1179,#1189,.T.);
#1187 = VERTEX_POINT('',#1188);
#1188 = CARTESIAN_POINT('',(-21.62570571899,-10.40483474731,6.));
#1189 = LINE('',#1190,#1191);
#1190 = CARTESIAN_POINT('',(-10.7939546232,-10.91057278053,6.));
#1191 = VECTOR('',#1192,1.);
#1192 = DIRECTION('',(-0.998911785439,4.663952091071E-02,0.));
#1193 = ORIENTED_EDGE('',*,*,#1194,.F.);
#1194 = EDGE_CURVE('',#1195,#1187,#1197,.T.);
#1195 = VERTEX_POINT('',#1196);
#1196 = CARTESIAN_POINT('',(-21.5267753601,-10.41564846038,6.));
#1197 = LINE('',#1198,#1199);
#1198 = CARTESIAN_POINT('',(-10.75981941035,-11.59254475014,6.));
#1199 = VECTOR('',#1200,1.);
#1200 = DIRECTION('',(-0.994079069013,0.108659120879,0.));
#1201 = ORIENTED_EDGE('',*,*,#1202,.F.);
#1202 = EDGE_CURVE('',#1203,#1195,#1205,.T.);
#1203 = VERTEX_POINT('',#1204);
#1204 = CARTESIAN_POINT('',(-21.42870903015,-10.43259048461,6.));
#1205 = LINE('',#1206,#1207);
#1206 = CARTESIAN_POINT('',(-10.80949317825,-12.26717542684,6.));
#1207 = VECTOR('',#1208,1.);
#1208 = DIRECTION('',(-0.985402795149,0.170239041679,0.));
#1209 = ORIENTED_EDGE('',*,*,#1210,.F.);
#1210 = EDGE_CURVE('',#1211,#1203,#1213,.T.);
#1211 = VERTEX_POINT('',#1212);
#1212 = CARTESIAN_POINT('',(-21.33188438415,-10.45559692382,6.));
#1213 = LINE('',#1214,#1215);
#1214 = CARTESIAN_POINT('',(-10.94110398067,-12.92454328792,6.));
#1215 = VECTOR('',#1216,1.);
#1216 = DIRECTION('',(-0.972912631982,0.231173118095,0.));
#1217 = ORIENTED_EDGE('',*,*,#1218,.F.);
#1218 = EDGE_CURVE('',#1219,#1211,#1221,.T.);
#1219 = VERTEX_POINT('',#1220);
#1220 = CARTESIAN_POINT('',(-21.23667907714,-10.4845790863,6.));
#1221 = LINE('',#1222,#1223);
#1222 = CARTESIAN_POINT('',(-11.15152485026,-13.55467662166,6.));
#1223 = VECTOR('',#1224,1.);
#1224 = DIRECTION('',(-0.956655309651,0.291222627069,0.));
#1225 = ORIENTED_EDGE('',*,*,#1226,.F.);
#1226 = EDGE_CURVE('',#1227,#1219,#1229,.T.);
#1227 = VERTEX_POINT('',#1228);
#1228 = CARTESIAN_POINT('',(-21.14345932006,-10.5194234848,6.));
#1229 = LINE('',#1230,#1231);
#1230 = CARTESIAN_POINT('',(-11.43625572292,-14.14785678092,6.));
#1231 = VECTOR('',#1232,1.);
#1232 = DIRECTION('',(-0.936701984659,0.350127679477,0.));
#1233 = ORIENTED_EDGE('',*,*,#1234,.F.);
#1234 = EDGE_CURVE('',#1235,#1227,#1237,.T.);
#1235 = VERTEX_POINT('',#1236);
#1236 = CARTESIAN_POINT('',(-21.0525856018,-10.55999565124,6.));
#1237 = LINE('',#1238,#1239);
#1238 = CARTESIAN_POINT('',(-11.78988430764,-14.69549121372,6.));
#1239 = VECTOR('',#1240,1.);
#1240 = DIRECTION('',(-0.913124632688,0.407680518517,0.));
#1241 = ORIENTED_EDGE('',*,*,#1242,.F.);
#1242 = EDGE_CURVE('',#1243,#1235,#1245,.T.);
#1243 = VERTEX_POINT('',#1244);
#1244 = CARTESIAN_POINT('',(-20.96440887451,-10.60613918304,6.));
#1245 = LINE('',#1246,#1247);
#1246 = CARTESIAN_POINT('',(-12.20587970132,-15.1895421037,6.));
#1247 = VECTOR('',#1248,1.);
#1248 = DIRECTION('',(-0.886014338749,0.463657838853,0.));
#1249 = ORIENTED_EDGE('',*,*,#1250,.F.);
#1250 = EDGE_CURVE('',#1251,#1243,#1253,.T.);
#1251 = VERTEX_POINT('',#1252);
#1252 = CARTESIAN_POINT('',(-20.87927246093,-10.6576757431,6.));
#1253 = LINE('',#1254,#1255);
#1254 = CARTESIAN_POINT('',(-12.67686405016,-15.62292969191,6.));
#1255 = VECTOR('',#1256,1.);
#1256 = DIRECTION('',(-0.855470586291,0.517851403387,0.));
#1257 = ORIENTED_EDGE('',*,*,#1258,.F.);
#1258 = EDGE_CURVE('',#1259,#1251,#1261,.T.);
#1259 = VERTEX_POINT('',#1260);
#1260 = CARTESIAN_POINT('',(-20.79750633239,-10.71440505981,6.));
#1261 = LINE('',#1262,#1263);
#1262 = CARTESIAN_POINT('',(-13.19444064175,-15.98940987224,6.));
#1263 = VECTOR('',#1264,1.);
#1264 = DIRECTION('',(-0.821618065396,0.570038379949,0.));
#1265 = ORIENTED_EDGE('',*,*,#1266,.F.);
#1266 = EDGE_CURVE('',#1267,#1259,#1269,.T.);
#1267 = VERTEX_POINT('',#1268);
#1268 = CARTESIAN_POINT('',(-20.71942329406,-10.77610778808,6.));
#1269 = LINE('',#1270,#1271);
#1270 = CARTESIAN_POINT('',(-13.74947526065,-16.28389563509,6.));
#1271 = VECTOR('',#1272,1.);
#1272 = DIRECTION('',(-0.784598143461,0.620004639723,0.));
#1273 = ORIENTED_EDGE('',*,*,#1274,.F.);
#1274 = EDGE_CURVE('',#1275,#1267,#1277,.T.);
#1275 = VERTEX_POINT('',#1276);
#1276 = CARTESIAN_POINT('',(-20.64532852172,-10.84254646301,6.));
#1277 = LINE('',#1278,#1279);
#1278 = CARTESIAN_POINT('',(-14.33291872297,-16.50270478978,6.));
#1279 = VECTOR('',#1280,1.);
#1280 = DIRECTION('',(-0.744525094133,0.667594475865,0.));
#1281 = ORIENTED_EDGE('',*,*,#1282,.F.);
#1282 = EDGE_CURVE('',#1283,#1275,#1285,.T.);
#1283 = VERTEX_POINT('',#1284);
#1284 = CARTESIAN_POINT('',(-20.57550621032,-10.91346168518,6.));
#1285 = LINE('',#1286,#1287);
#1286 = CARTESIAN_POINT('',(-14.93424765476,-16.64302141681,6.));
#1287 = VECTOR('',#1288,1.);
#1288 = DIRECTION('',(-0.701594521577,0.712576401022,0.));
#1289 = ORIENTED_EDGE('',*,*,#1290,.F.);
#1290 = EDGE_CURVE('',#1291,#1283,#1293,.T.);
#1291 = VERTEX_POINT('',#1292);
#1292 = CARTESIAN_POINT('',(-20.51022911071,-10.98858165741,6.));
#1293 = LINE('',#1294,#1295);
#1294 = CARTESIAN_POINT('',(-15.54405368222,-16.70358680477,6.));
#1295 = VECTOR('',#1296,1.);
#1296 = DIRECTION('',(-0.655923397399,0.754827461573,0.));
#1297 = ORIENTED_EDGE('',*,*,#1298,.F.);
#1298 = EDGE_CURVE('',#1299,#1291,#1301,.T.);
#1299 = VERTEX_POINT('',#1300);
#1300 = CARTESIAN_POINT('',(-20.44974708557,-11.06761455535,6.));
#1301 = LINE('',#1302,#1303);
#1302 = CARTESIAN_POINT('',(-16.15145227367,-16.68426998978,6.));
#1303 = VECTOR('',#1304,1.);
#1304 = DIRECTION('',(-0.607736043325,0.794139094645,0.));
#1305 = ORIENTED_EDGE('',*,*,#1306,.F.);
#1306 = EDGE_CURVE('',#1307,#1299,#1309,.T.);
#1307 = VERTEX_POINT('',#1308);
#1308 = CARTESIAN_POINT('',(-20.39429664611,-11.15025424957,6.));
#1309 = LINE('',#1310,#1311);
#1310 = CARTESIAN_POINT('',(-16.74680219114,-16.58624049925,6.));
#1311 = VECTOR('',#1312,1.);
#1312 = DIRECTION('',(-0.557183356557,0.830389491248,0.));
#1313 = ORIENTED_EDGE('',*,*,#1314,.F.);
#1314 = EDGE_CURVE('',#1315,#1307,#1317,.T.);
#1315 = VERTEX_POINT('',#1316);
#1316 = CARTESIAN_POINT('',(-20.3440914154,-11.23618125915,6.));
#1317 = LINE('',#1318,#1319);
#1318 = CARTESIAN_POINT('',(-17.31998863651,-16.41197877608,6.));
#1319 = VECTOR('',#1320,1.);
#1320 = DIRECTION('',(-0.504479237373,0.863423823542,0.));
#1321 = ORIENTED_EDGE('',*,*,#1322,.F.);
#1322 = EDGE_CURVE('',#1323,#1315,#1325,.T.);
#1323 = VERTEX_POINT('',#1324);
#1324 = CARTESIAN_POINT('',(-20.29932403564,-11.32506370544,6.));
#1325 = LINE('',#1326,#1327);
#1326 = CARTESIAN_POINT('',(-17.86149109853,-16.16520749434,6.));
#1327 = VECTOR('',#1328,1.);
#1328 = DIRECTION('',(-0.449833514916,0.893112427894,0.));
#1329 = ORIENTED_EDGE('',*,*,#1330,.F.);
#1330 = EDGE_CURVE('',#1331,#1323,#1333,.T.);
#1331 = VERTEX_POINT('',#1332);
#1332 = CARTESIAN_POINT('',(-20.26016998291,-11.41655731201,6.));
#1333 = LINE('',#1334,#1335);
#1334 = CARTESIAN_POINT('',(-18.36265006877,-15.85060508876,6.));
#1335 = VECTOR('',#1336,1.);
#1336 = DIRECTION('',(-0.393431181445,0.919354069696,0.));
#1337 = ORIENTED_EDGE('',*,*,#1338,.F.);
#1338 = EDGE_CURVE('',#1339,#1331,#1341,.T.);
#1339 = VERTEX_POINT('',#1340);
#1340 = CARTESIAN_POINT('',(-20.22677993774,-11.51030826568,6.));
#1341 = LINE('',#1342,#1343);
#1342 = CARTESIAN_POINT('',(-18.8150109301,-15.47420499527,6.));
#1343 = VECTOR('',#1344,1.);
#1344 = DIRECTION('',(-0.335512495634,0.942035755836,0.));
#1345 = ORIENTED_EDGE('',*,*,#1346,.F.);
#1346 = EDGE_CURVE('',#1347,#1339,#1349,.T.);
#1347 = VERTEX_POINT('',#1348);
#1348 = CARTESIAN_POINT('',(-20.1992816925,-11.60595417022,6.));
#1349 = LINE('',#1350,#1351);
#1350 = CARTESIAN_POINT('',(-19.21113829394,-15.04296872693,6.));
#1351 = VECTOR('',#1352,1.);
#1352 = DIRECTION('',(-0.276307867435,0.961069176695,0.));
#1353 = ORIENTED_EDGE('',*,*,#1354,.F.);
#1354 = EDGE_CURVE('',#1355,#1347,#1357,.T.);
#1355 = VERTEX_POINT('',#1356);
#1356 = CARTESIAN_POINT('',(-20.17778396606,-11.70312404632,6.));
#1357 = LINE('',#1358,#1359);
#1358 = CARTESIAN_POINT('',(-19.544758748,-14.5644025251,6.));
#1359 = VECTOR('',#1360,1.);
#1360 = DIRECTION('',(-0.216015150098,0.97639001169,0.));
#1361 = ORIENTED_EDGE('',*,*,#1362,.F.);
#1362 = EDGE_CURVE('',#1363,#1355,#1365,.T.);
#1363 = VERTEX_POINT('',#1364);
#1364 = CARTESIAN_POINT('',(-20.16236877441,-11.8014421463,6.));
#1365 = LINE('',#1366,#1367);
#1366 = CARTESIAN_POINT('',(-19.81024836728,-14.04726627726,6.));
#1367 = VECTOR('',#1368,1.);
#1368 = DIRECTION('',(-0.154896614697,0.987930685198,0.));
#1369 = ORIENTED_EDGE('',*,*,#1370,.F.);
#1370 = EDGE_CURVE('',#1371,#1363,#1373,.T.);
#1371 = VERTEX_POINT('',#1372);
#1372 = CARTESIAN_POINT('',(-20.15309524536,-11.90052890777,6.));
#1373 = LINE('',#1374,#1375);
#1374 = CARTESIAN_POINT('',(-20.00334054999,-13.50064335123,6.));
#1375 = VECTOR('',#1376,1.);
#1376 = DIRECTION('',(-9.318278210933E-02,0.995649019042,0.));
#1377 = ORIENTED_EDGE('',*,*,#1378,.F.);
#1378 = EDGE_CURVE('',#1379,#1371,#1381,.T.);
#1379 = VERTEX_POINT('',#1380);
#1380 = CARTESIAN_POINT('',(-20.14999961853,-12.,6.));
#1381 = LINE('',#1382,#1383);
#1382 = CARTESIAN_POINT('',(-20.12093069696,-12.9340652269,6.));
#1383 = VECTOR('',#1384,1.);
#1384 = DIRECTION('',(-3.110580953179E-02,0.999516097226,0.));
#1385 = ORIENTED_EDGE('',*,*,#1386,.F.);
#1386 = EDGE_CURVE('',#1387,#1379,#1389,.T.);
#1387 = VERTEX_POINT('',#1388);
#1388 = CARTESIAN_POINT('',(-20.14999961853,-22.,6.));
#1389 = LINE('',#1390,#1391);
#1390 = CARTESIAN_POINT('',(-20.14999961853,-15.14631892305,6.));
#1391 = VECTOR('',#1392,1.);
#1392 = DIRECTION('',(0.,1.,0.));
#1393 = ORIENTED_EDGE('',*,*,#1394,.F.);
#1394 = EDGE_CURVE('',#1395,#1387,#1397,.T.);
#1395 = VERTEX_POINT('',#1396);
#1396 = CARTESIAN_POINT('',(-20.15309524536,-22.09947204589,6.));
#1397 = LINE('',#1398,#1399);
#1398 = CARTESIAN_POINT('',(-20.00566748181,-17.36216291179,6.));
#1399 = VECTOR('',#1400,1.);
#1400 = DIRECTION('',(3.110551159775E-02,0.999516106498,0.));
#1401 = ORIENTED_EDGE('',*,*,#1402,.F.);
#1402 = EDGE_CURVE('',#1403,#1395,#1405,.T.);
#1403 = VERTEX_POINT('',#1404);
#1404 = CARTESIAN_POINT('',(-20.16236877441,-22.19855880737,6.));
#1405 = LINE('',#1406,#1407);
#1406 = CARTESIAN_POINT('',(-19.65938128594,-16.82418611592,6.));
#1407 = VECTOR('',#1408,1.);
#1408 = DIRECTION('',(9.318278210933E-02,0.995649019042,0.));
#1409 = ORIENTED_EDGE('',*,*,#1410,.F.);
#1410 = EDGE_CURVE('',#1411,#1403,#1413,.T.);
#1411 = VERTEX_POINT('',#1412);
#1412 = CARTESIAN_POINT('',(-20.17778396606,-22.29687690734,6.));
#1413 = LINE('',#1414,#1415);
#1414 = CARTESIAN_POINT('',(-19.24292134595,-16.3343226536,6.));
#1415 = VECTOR('',#1416,1.);
#1416 = DIRECTION('',(0.154896614697,0.987930685198,0.));
#1417 = ORIENTED_EDGE('',*,*,#1418,.F.);
#1418 = EDGE_CURVE('',#1419,#1411,#1421,.T.);
#1419 = VERTEX_POINT('',#1420);
#1420 = CARTESIAN_POINT('',(-20.1992816925,-22.39404678344,6.));
#1421 = LINE('',#1422,#1423);
#1422 = CARTESIAN_POINT('',(-18.76282022924,-15.9012307737,6.));
#1423 = VECTOR('',#1424,1.);
#1424 = DIRECTION('',(0.216015150098,0.97639001169,0.));
#1425 = ORIENTED_EDGE('',*,*,#1426,.F.);
#1426 = EDGE_CURVE('',#1427,#1419,#1429,.T.);
#1427 = VERTEX_POINT('',#1428);
#1428 = CARTESIAN_POINT('',(-20.22677993774,-22.48969078064,6.));
#1429 = LINE('',#1430,#1431);
#1430 = CARTESIAN_POINT('',(-18.22659570892,-15.53267904767,6.));
#1431 = VECTOR('',#1432,1.);
#1432 = DIRECTION('',(0.276312956921,0.961067713451,0.));
#1433 = ORIENTED_EDGE('',*,*,#1434,.F.);
#1434 = EDGE_CURVE('',#1435,#1427,#1437,.T.);
#1435 = VERTEX_POINT('',#1436);
#1436 = CARTESIAN_POINT('',(-20.26016998291,-22.58344268798,6.));
#1437 = LINE('',#1438,#1439);
#1438 = CARTESIAN_POINT('',(-17.64327653419,-15.23578110426,6.));
#1439 = VECTOR('',#1440,1.);
#1440 = DIRECTION('',(0.335509466879,0.942036834542,0.));
#1441 = ORIENTED_EDGE('',*,*,#1442,.F.);
#1442 = EDGE_CURVE('',#1443,#1435,#1445,.T.);
#1443 = VERTEX_POINT('',#1444);
#1444 = CARTESIAN_POINT('',(-20.29932403564,-22.67493629455,6.));
#1445 = LINE('',#1446,#1447);
#1446 = CARTESIAN_POINT('',(-17.021687695,-15.01588828089,6.));
#1447 = VECTOR('',#1448,1.);
#1448 = DIRECTION('',(0.393431181445,0.919354069696,0.));
#1449 = ORIENTED_EDGE('',*,*,#1450,.F.);
#1450 = EDGE_CURVE('',#1451,#1443,#1453,.T.);
#1451 = VERTEX_POINT('',#1452);
#1452 = CARTESIAN_POINT('',(-20.3440914154,-22.76381874084,6.));
#1453 = LINE('',#1454,#1455);
#1454 = CARTESIAN_POINT('',(-16.37205129938,-14.87761579223,6.));
#1455 = VECTOR('',#1456,1.);
#1456 = DIRECTION('',(0.449833514916,0.893112427894,0.));
#1457 = ORIENTED_EDGE('',*,*,#1458,.F.);
#1458 = EDGE_CURVE('',#1459,#1451,#1461,.T.);
#1459 = VERTEX_POINT('',#1460);
#1460 = CARTESIAN_POINT('',(-20.39429664611,-22.8497467041,6.));
#1461 = LINE('',#1462,#1463);
#1462 = CARTESIAN_POINT('',(-15.70519216315,-14.8241845864,6.));
#1463 = VECTOR('',#1464,1.);
#1464 = DIRECTION('',(0.504475063312,0.863426262339,0.));
#1465 = ORIENTED_EDGE('',*,*,#1466,.F.);
#1466 = EDGE_CURVE('',#659,#1459,#1467,.T.);
#1467 = LINE('',#1468,#1469);
#1468 = CARTESIAN_POINT('',(-15.03148260027,-14.85736076009,6.));
#1469 = VECTOR('',#1470,1.);
#1470 = DIRECTION('',(0.557183356557,0.830389491248,0.));
#1471 = FACE_BOUND('',#1472,.T.);
#1472 = EDGE_LOOP('',(#1473,#1483,#1491,#1499,#1507,#1515,#1523,#1531,
    #1539,#1547,#1555,#1563,#1571,#1579,#1587,#1595,#1603,#1611,#1619,
    #1627,#1635,#1643,#1651,#1659,#1667,#1675,#1683,#1691,#1699,#1707,
    #1715,#1723,#1731,#1739,#1747,#1755,#1763,#1771,#1779,#1787,#1795,
    #1803,#1811,#1819,#1827,#1835,#1843,#1851,#1859,#1867,#1875,#1883,
    #1891,#1899,#1907,#1915,#1923,#1931,#1939,#1947,#1955,#1963,#1971,
    #1979,#1987,#1995,#2003,#2011,#2019,#2027,#2035,#2043,#2051,#2059,
    #2067,#2075,#2083,#2091,#2099,#2107,#2115,#2123,#2131,#2139,#2147,
    #2155,#2163,#2171,#2179,#2187,#2195,#2203,#2211,#2219,#2227,#2235,
    #2243,#2251,#2259,#2267,#2275,#2283));
#1473 = ORIENTED_EDGE('',*,*,#1474,.F.);
#1474 = EDGE_CURVE('',#1475,#1477,#1479,.T.);
#1475 = VERTEX_POINT('',#1476);
#1476 = CARTESIAN_POINT('',(22.989770889282,-23.01141738891,6.));
#1477 = VERTEX_POINT('',#1478);
#1478 = CARTESIAN_POINT('',(23.050252914429,-22.93238639831,6.));
#1479 = LINE('',#1480,#1481);
#1480 = CARTESIAN_POINT('',(21.104493552998,-25.47488211389,6.));
#1481 = VECTOR('',#1482,1.);
#1482 = DIRECTION('',(0.607745293181,0.794132015861,0.));
#1483 = ORIENTED_EDGE('',*,*,#1484,.F.);
#1484 = EDGE_CURVE('',#1485,#1475,#1487,.T.);
#1485 = VERTEX_POINT('',#1486);
#1486 = CARTESIAN_POINT('',(22.924493789673,-23.08653831481,6.));
#1487 = LINE('',#1488,#1489);
#1488 = CARTESIAN_POINT('',(20.433939511473,-25.95266969183,6.));
#1489 = VECTOR('',#1490,1.);
#1490 = DIRECTION('',(0.655918652891,0.754831584388,0.));
#1491 = ORIENTED_EDGE('',*,*,#1492,.F.);
#1492 = EDGE_CURVE('',#1493,#1485,#1495,.T.);
#1493 = VERTEX_POINT('',#1494);
#1494 = CARTESIAN_POINT('',(22.854671478271,-23.15745353698,6.));
#1495 = LINE('',#1496,#1497);
#1496 = CARTESIAN_POINT('',(19.713101383772,-26.34819782396,6.));
#1497 = VECTOR('',#1498,1.);
#1498 = DIRECTION('',(0.701594521577,0.712576401022,0.));
#1499 = ORIENTED_EDGE('',*,*,#1500,.F.);
#1500 = EDGE_CURVE('',#1501,#1493,#1503,.T.);
#1501 = VERTEX_POINT('',#1502);
#1502 = CARTESIAN_POINT('',(22.780576705933,-23.22389221191,6.));
#1503 = LINE('',#1504,#1505);
#1504 = CARTESIAN_POINT('',(18.953383532608,-26.65562747606,6.));
#1505 = VECTOR('',#1506,1.);
#1506 = DIRECTION('',(0.744525094133,0.667594475865,0.));
#1507 = ORIENTED_EDGE('',*,*,#1508,.F.);
#1508 = EDGE_CURVE('',#1509,#1501,#1511,.T.);
#1509 = VERTEX_POINT('',#1510);
#1510 = CARTESIAN_POINT('',(22.702493667603,-23.28559494018,6.));
#1511 = LINE('',#1512,#1513);
#1512 = CARTESIAN_POINT('',(18.164812836218,-26.87135816494,6.));
#1513 = VECTOR('',#1514,1.);
#1514 = DIRECTION('',(0.784598143461,0.620004639723,0.));
#1515 = ORIENTED_EDGE('',*,*,#1516,.F.);
#1516 = EDGE_CURVE('',#1517,#1509,#1519,.T.);
#1517 = VERTEX_POINT('',#1518);
#1518 = CARTESIAN_POINT('',(22.620727539062,-23.34232521057,6.));
#1519 = LINE('',#1520,#1521);
#1520 = CARTESIAN_POINT('',(17.359540778388,-26.99259645139,6.));
#1521 = VECTOR('',#1522,1.);
#1522 = DIRECTION('',(0.82161357721,0.570044848888,0.));
#1523 = ORIENTED_EDGE('',*,*,#1524,.F.);
#1524 = EDGE_CURVE('',#1525,#1517,#1527,.T.);
#1525 = VERTEX_POINT('',#1526);
#1526 = CARTESIAN_POINT('',(22.535591125488,-23.39385986328,6.));
#1527 = LINE('',#1528,#1529);
#1528 = CARTESIAN_POINT('',(16.548018876627,-27.01824857624,6.));
#1529 = VECTOR('',#1530,1.);
#1530 = DIRECTION('',(0.855479076698,0.517837377303,0.));
#1531 = ORIENTED_EDGE('',*,*,#1532,.F.);
#1532 = EDGE_CURVE('',#1533,#1525,#1535,.T.);
#1533 = VERTEX_POINT('',#1534);
#1534 = CARTESIAN_POINT('',(22.447414398193,-23.44000434875,6.));
#1535 = LINE('',#1536,#1537);
#1536 = CARTESIAN_POINT('',(15.743019668807,-26.94853607464,6.));
#1537 = VECTOR('',#1538,1.);
#1538 = DIRECTION('',(0.886010402099,0.46366536141,0.));
#1539 = ORIENTED_EDGE('',*,*,#1540,.F.);
#1540 = EDGE_CURVE('',#1541,#1533,#1543,.T.);
#1541 = VERTEX_POINT('',#1542);
#1542 = CARTESIAN_POINT('',(22.356540679932,-23.48057746887,6.));
#1543 = LINE('',#1544,#1545);
#1544 = CARTESIAN_POINT('',(14.955256729951,-26.78508826108,6.));
#1545 = VECTOR('',#1546,1.);
#1546 = DIRECTION('',(0.913121065349,0.407688508566,0.));
#1547 = ORIENTED_EDGE('',*,*,#1548,.F.);
#1548 = EDGE_CURVE('',#1549,#1541,#1551,.T.);
#1549 = VERTEX_POINT('',#1550);
#1550 = CARTESIAN_POINT('',(22.263320922852,-23.51542091369,6.));
#1551 = LINE('',#1552,#1553);
#1552 = CARTESIAN_POINT('',(14.195849491021,-26.53085996343,6.));
#1553 = VECTOR('',#1554,1.);
#1554 = DIRECTION('',(0.936705127466,0.350119271362,0.));
#1555 = ORIENTED_EDGE('',*,*,#1556,.F.);
#1556 = EDGE_CURVE('',#1557,#1549,#1559,.T.);
#1557 = VERTEX_POINT('',#1558);
#1558 = CARTESIAN_POINT('',(22.168115615845,-23.54440307617,6.));
#1559 = LINE('',#1560,#1561);
#1560 = CARTESIAN_POINT('',(13.475975984305,-26.19044257734,6.));
#1561 = VECTOR('',#1562,1.);
#1562 = DIRECTION('',(0.956655309651,0.291222627069,0.));
#1563 = ORIENTED_EDGE('',*,*,#1564,.F.);
#1564 = EDGE_CURVE('',#1565,#1557,#1567,.T.);
#1565 = VERTEX_POINT('',#1566);
#1566 = CARTESIAN_POINT('',(22.071290969849,-23.56740951538,6.));
#1567 = LINE('',#1568,#1569);
#1568 = CARTESIAN_POINT('',(12.805065442602,-25.7691511494,6.));
#1569 = VECTOR('',#1570,1.);
#1570 = DIRECTION('',(0.972912631982,0.231173118095,0.));
#1571 = ORIENTED_EDGE('',*,*,#1572,.F.);
#1572 = EDGE_CURVE('',#1573,#1565,#1575,.T.);
#1573 = VERTEX_POINT('',#1574);
#1574 = CARTESIAN_POINT('',(21.973224639893,-23.58435249328,6.));
#1575 = LINE('',#1576,#1577);
#1576 = CARTESIAN_POINT('',(12.192856374353,-25.27411251084,6.));
#1577 = VECTOR('',#1578,1.);
#1578 = DIRECTION('',(0.985401187549,0.170248346766,0.));
#1579 = ORIENTED_EDGE('',*,*,#1580,.F.);
#1580 = EDGE_CURVE('',#1581,#1573,#1583,.T.);
#1581 = VERTEX_POINT('',#1582);
#1582 = CARTESIAN_POINT('',(21.874294281006,-23.59516525268,6.));
#1583 = LINE('',#1584,#1585);
#1584 = CARTESIAN_POINT('',(11.647361701403,-24.71293499113,6.));
#1585 = VECTOR('',#1586,1.);
#1586 = DIRECTION('',(0.99408010406,0.108649651228,0.));
#1587 = ORIENTED_EDGE('',*,*,#1588,.F.);
#1588 = EDGE_CURVE('',#1589,#1581,#1591,.T.);
#1589 = VERTEX_POINT('',#1590);
#1590 = CARTESIAN_POINT('',(21.774883270264,-23.5998058319,6.));
#1591 = LINE('',#1592,#1593);
#1592 = CARTESIAN_POINT('',(11.176019535994,-24.09456859985,6.));
#1593 = VECTOR('',#1594,1.);
#1594 = DIRECTION('',(0.998912231845,4.662995894241E-02,0.));
#1595 = ORIENTED_EDGE('',*,*,#1596,.F.);
#1596 = EDGE_CURVE('',#1597,#1589,#1599,.T.);
#1597 = VERTEX_POINT('',#1598);
#1598 = CARTESIAN_POINT('',(21.675374984741,-23.59825897216,6.));
#1599 = LINE('',#1600,#1601);
#1600 = CARTESIAN_POINT('',(10.785103573655,-23.4289693263,6.));
#1601 = VECTOR('',#1602,1.);
#1602 = DIRECTION('',(0.999879197843,-1.554315672405E-02,0.));
#1603 = ORIENTED_EDGE('',*,*,#1604,.F.);
#1604 = EDGE_CURVE('',#1605,#1597,#1607,.T.);
#1605 = VERTEX_POINT('',#1606);
#1606 = CARTESIAN_POINT('',(21.576156616211,-23.59052848815,6.));
#1607 = LINE('',#1608,#1609);
#1608 = CARTESIAN_POINT('',(10.479226037178,-22.72592402369,6.));
#1609 = VECTOR('',#1610,1.);
#1610 = DIRECTION('',(0.996978466708,-7.767841991518E-02,0.));
#1611 = ORIENTED_EDGE('',*,*,#1612,.F.);
#1612 = EDGE_CURVE('',#1613,#1605,#1615,.T.);
#1613 = VERTEX_POINT('',#1614);
#1614 = CARTESIAN_POINT('',(21.477609634399,-23.57664299011,6.));
#1615 = LINE('',#1616,#1617);
#1616 = CARTESIAN_POINT('',(10.262079722326,-21.99634884181,6.));
#1617 = VECTOR('',#1618,1.);
#1618 = DIRECTION('',(0.990218674847,-0.139524105384,0.));
#1619 = ORIENTED_EDGE('',*,*,#1620,.F.);
#1620 = EDGE_CURVE('',#1621,#1613,#1623,.T.);
#1621 = VERTEX_POINT('',#1622);
#1622 = CARTESIAN_POINT('',(21.380117416382,-23.55665969848,6.));
#1623 = LINE('',#1624,#1625);
#1624 = CARTESIAN_POINT('',(10.135945842968,-21.25190590158,6.));
#1625 = VECTOR('',#1626,1.);
#1626 = DIRECTION('',(0.979632580948,-0.200798422166,0.));
#1627 = ORIENTED_EDGE('',*,*,#1628,.F.);
#1628 = EDGE_CURVE('',#1629,#1621,#1631,.T.);
#1629 = VERTEX_POINT('',#1630);
#1630 = CARTESIAN_POINT('',(21.284055709839,-23.53065299987,6.));
#1631 = LINE('',#1632,#1633);
#1632 = CARTESIAN_POINT('',(10.101554170164,-20.50322450941,6.));
#1633 = VECTOR('',#1634,1.);
#1634 = DIRECTION('',(0.96525175605,-0.261321731668,0.));
#1635 = ORIENTED_EDGE('',*,*,#1636,.F.);
#1636 = EDGE_CURVE('',#1637,#1629,#1639,.T.);
#1637 = VERTEX_POINT('',#1638);
#1638 = CARTESIAN_POINT('',(21.189798355103,-23.49872398376,6.));
#1639 = LINE('',#1640,#1641);
#1640 = CARTESIAN_POINT('',(10.158370522736,-19.7619053769,6.));
#1641 = VECTOR('',#1642,1.);
#1642 = DIRECTION('',(0.947134994547,-0.320835319291,0.));
#1643 = ORIENTED_EDGE('',*,*,#1644,.F.);
#1644 = EDGE_CURVE('',#1645,#1637,#1647,.T.);
#1645 = VERTEX_POINT('',#1646);
#1646 = CARTESIAN_POINT('',(21.097705841064,-23.4609966278,6.));
#1647 = LINE('',#1648,#1649);
#1648 = CARTESIAN_POINT('',(10.304343400048,-19.03930143315,6.));
#1649 = VECTOR('',#1650,1.);
#1650 = DIRECTION('',(0.925359701325,-0.379090257279,0.));
#1651 = ORIENTED_EDGE('',*,*,#1652,.F.);
#1652 = EDGE_CURVE('',#1653,#1645,#1655,.T.);
#1653 = VERTEX_POINT('',#1654);
#1654 = CARTESIAN_POINT('',(21.008138656616,-23.41761779785,6.));
#1655 = LINE('',#1656,#1657);
#1656 = CARTESIAN_POINT('',(10.536191724587,-18.34588524232,6.));
#1657 = VECTOR('',#1658,1.);
#1658 = DIRECTION('',(0.900002118172,-0.43588552085,0.));
#1659 = ORIENTED_EDGE('',*,*,#1660,.F.);
#1660 = EDGE_CURVE('',#1661,#1653,#1663,.T.);
#1661 = VERTEX_POINT('',#1662);
#1662 = CARTESIAN_POINT('',(20.921440124512,-23.36875534057,6.));
#1663 = LINE('',#1664,#1665);
#1664 = CARTESIAN_POINT('',(10.849174840848,-17.69212368208,6.));
#1665 = VECTOR('',#1666,1.);
#1666 = DIRECTION('',(0.87116934995,-0.490982651128,0.));
#1667 = ORIENTED_EDGE('',*,*,#1668,.F.);
#1668 = EDGE_CURVE('',#1669,#1661,#1671,.T.);
#1669 = VERTEX_POINT('',#1670);
#1670 = CARTESIAN_POINT('',(20.837947845459,-23.31459617614,6.));
#1671 = LINE('',#1672,#1673);
#1672 = CARTESIAN_POINT('',(11.237702259219,-17.08717868125,6.));
#1673 = VECTOR('',#1674,1.);
#1674 = DIRECTION('',(0.838952063802,-0.544205323975,0.));
#1675 = ORIENTED_EDGE('',*,*,#1676,.F.);
#1676 = EDGE_CURVE('',#1677,#1669,#1679,.T.);
#1677 = VERTEX_POINT('',#1678);
#1678 = CARTESIAN_POINT('',(20.757984161377,-23.25535011291,6.));
#1679 = LINE('',#1680,#1681);
#1680 = CARTESIAN_POINT('',(11.694576545725,-16.5401615012,6.));
#1681 = VECTOR('',#1682,1.);
#1682 = DIRECTION('',(0.803491323188,-0.595316465052,0.));
#1683 = ORIENTED_EDGE('',*,*,#1684,.F.);
#1684 = EDGE_CURVE('',#1685,#1677,#1687,.T.);
#1685 = VERTEX_POINT('',#1686);
#1686 = CARTESIAN_POINT('',(20.681858062744,-23.19124984741,6.));
#1687 = LINE('',#1688,#1689);
#1688 = CARTESIAN_POINT('',(12.211543990675,-16.0590128004,6.));
#1689 = VECTOR('',#1690,1.);
#1690 = DIRECTION('',(0.7649405205,-0.644100923844,0.));
#1691 = ORIENTED_EDGE('',*,*,#1692,.F.);
#1692 = EDGE_CURVE('',#1693,#1685,#1695,.T.);
#1693 = VERTEX_POINT('',#1694);
#1694 = CARTESIAN_POINT('',(20.609865188599,-23.12253952026,6.));
#1695 = LINE('',#1696,#1697);
#1696 = CARTESIAN_POINT('',(12.780317339686,-15.64998337483,6.));
#1697 = VECTOR('',#1698,1.);
#1698 = DIRECTION('',(0.723406450217,-0.690422412574,0.));
#1699 = ORIENTED_EDGE('',*,*,#1700,.F.);
#1700 = EDGE_CURVE('',#1701,#1693,#1703,.T.);
#1701 = VERTEX_POINT('',#1702);
#1702 = CARTESIAN_POINT('',(20.542284011841,-23.04948616027,6.));
#1703 = LINE('',#1704,#1705);
#1704 = CARTESIAN_POINT('',(13.390824885989,-15.31895906671,6.));
#1705 = VECTOR('',#1706,1.);
#1706 = DIRECTION('',(0.6790789049,-0.734065283827,0.));
#1707 = ORIENTED_EDGE('',*,*,#1708,.F.);
#1708 = EDGE_CURVE('',#1709,#1701,#1711,.T.);
#1709 = VERTEX_POINT('',#1710);
#1710 = CARTESIAN_POINT('',(20.479373931885,-22.97237205505,6.));
#1711 = LINE('',#1712,#1713);
#1712 = CARTESIAN_POINT('',(14.032752638124,-15.07021340039,6.));
#1713 = VECTOR('',#1714,1.);
#1714 = DIRECTION('',(0.632133995173,-0.774859091801,0.));
#1715 = ORIENTED_EDGE('',*,*,#1716,.F.);
#1716 = EDGE_CURVE('',#1717,#1709,#1719,.T.);
#1717 = VERTEX_POINT('',#1718);
#1718 = CARTESIAN_POINT('',(20.421379089355,-22.89149665832,6.));
#1719 = LINE('',#1720,#1721);
#1720 = CARTESIAN_POINT('',(14.695535790993,-14.90665131407,6.));
#1721 = VECTOR('',#1722,1.);
#1722 = DIRECTION('',(0.582745570185,-0.812654662467,0.));
#1723 = ORIENTED_EDGE('',*,*,#1724,.F.);
#1724 = EDGE_CURVE('',#1725,#1717,#1727,.T.);
#1725 = VERTEX_POINT('',#1726);
#1726 = CARTESIAN_POINT('',(20.368524551392,-22.80717277526,6.));
#1727 = LINE('',#1728,#1729);
#1728 = CARTESIAN_POINT('',(15.36832565269,-14.82987880133,6.));
#1729 = VECTOR('',#1730,1.);
#1730 = DIRECTION('',(0.531097608988,-0.847310645352,0.));
#1731 = ORIENTED_EDGE('',*,*,#1732,.F.);
#1732 = EDGE_CURVE('',#1733,#1725,#1735,.T.);
#1733 = VERTEX_POINT('',#1734);
#1734 = CARTESIAN_POINT('',(20.321016311646,-22.71972465515,6.));
#1735 = LINE('',#1736,#1737);
#1736 = CARTESIAN_POINT('',(16.040268675495,-14.84017922307,6.));
#1737 = VECTOR('',#1738,1.);
#1738 = DIRECTION('',(0.477374366295,-0.878700013887,0.));
#1739 = ORIENTED_EDGE('',*,*,#1740,.F.);
#1740 = EDGE_CURVE('',#1741,#1733,#1743,.T.);
#1741 = VERTEX_POINT('',#1742);
#1742 = CARTESIAN_POINT('',(20.279035568237,-22.62949371337,6.));
#1743 = LINE('',#1744,#1745);
#1744 = CARTESIAN_POINT('',(16.699716970946,-14.93631675372,6.));
#1745 = VECTOR('',#1746,1.);
#1746 = DIRECTION('',(0.421837014607,-0.906671678783,0.));
#1747 = ORIENTED_EDGE('',*,*,#1748,.F.);
#1748 = EDGE_CURVE('',#1749,#1741,#1751,.T.);
#1749 = VERTEX_POINT('',#1750);
#1750 = CARTESIAN_POINT('',(20.242744445801,-22.5368270874,6.));
#1751 = LINE('',#1752,#1753);
#1752 = CARTESIAN_POINT('',(17.336443269561,-15.1158076757,6.));
#1753 = VECTOR('',#1754,1.);
#1754 = DIRECTION('',(0.364663096046,-0.931139531103,0.));
#1755 = ORIENTED_EDGE('',*,*,#1756,.F.);
#1756 = EDGE_CURVE('',#1757,#1749,#1759,.T.);
#1757 = VERTEX_POINT('',#1758);
#1758 = CARTESIAN_POINT('',(20.212285995483,-22.44208335876,6.));
#1759 = LINE('',#1760,#1761);
#1760 = CARTESIAN_POINT('',(17.940324094146,-15.3749430541,6.));
#1761 = VECTOR('',#1762,1.);
#1762 = DIRECTION('',(0.306055709287,-0.952013604321,0.));
#1763 = ORIENTED_EDGE('',*,*,#1764,.F.);
#1764 = EDGE_CURVE('',#1765,#1757,#1767,.T.);
#1765 = VERTEX_POINT('',#1766);
#1766 = CARTESIAN_POINT('',(20.187776565552,-22.3456287384,6.));
#1767 = LINE('',#1768,#1769);
#1768 = CARTESIAN_POINT('',(18.50125216521,-15.70846617612,6.));
#1769 = VECTOR('',#1770,1.);
#1770 = DIRECTION('',(0.246276730214,-0.969199552288,0.));
#1771 = ORIENTED_EDGE('',*,*,#1772,.F.);
#1772 = EDGE_CURVE('',#1773,#1765,#1775,.T.);
#1773 = VERTEX_POINT('',#1774);
#1774 = CARTESIAN_POINT('',(20.169311523438,-22.24783706665,6.));
#1775 = LINE('',#1776,#1777);
#1776 = CARTESIAN_POINT('',(19.010401054651,-16.110196467,6.));
#1777 = VECTOR('',#1778,1.);
#1778 = DIRECTION('',(0.185541594607,-0.982636411228,0.));
#1779 = ORIENTED_EDGE('',*,*,#1780,.F.);
#1780 = EDGE_CURVE('',#1781,#1773,#1783,.T.);
#1781 = VERTEX_POINT('',#1782);
#1782 = CARTESIAN_POINT('',(20.15696144104,-22.14908599853,6.));
#1783 = LINE('',#1784,#1785);
#1784 = CARTESIAN_POINT('',(19.459564610293,-16.57271171048,6.));
#1785 = VECTOR('',#1786,1.);
#1786 = DIRECTION('',(0.124096063681,-0.992270208652,0.));
#1787 = ORIENTED_EDGE('',*,*,#1788,.F.);
#1788 = EDGE_CURVE('',#1789,#1781,#1791,.T.);
#1789 = VERTEX_POINT('',#1790);
#1790 = CARTESIAN_POINT('',(20.150774002075,-22.04975891113,6.));
#1791 = LINE('',#1792,#1793);
#1792 = CARTESIAN_POINT('',(19.841672736867,-17.08774982144,6.));
#1793 = VECTOR('',#1794,1.);
#1794 = DIRECTION('',(6.217305680414E-02,-0.998065384135,0.));
#1795 = ORIENTED_EDGE('',*,*,#1796,.F.);
#1796 = EDGE_CURVE('',#1797,#1789,#1799,.T.);
#1797 = VERTEX_POINT('',#1798);
#1798 = CARTESIAN_POINT('',(20.150774002075,-11.95024013519,6.));
#1799 = LINE('',#1800,#1801);
#1800 = CARTESIAN_POINT('',(20.150774002075,-15.14631868463,6.));
#1801 = VECTOR('',#1802,1.);
#1802 = DIRECTION('',(0.,-1.,0.));
#1803 = ORIENTED_EDGE('',*,*,#1804,.F.);
#1804 = EDGE_CURVE('',#1805,#1797,#1807,.T.);
#1805 = VERTEX_POINT('',#1806);
#1806 = CARTESIAN_POINT('',(20.15696144104,-11.85091304779,6.));
#1807 = LINE('',#1808,#1809);
#1808 = CARTESIAN_POINT('',(20.071724819905,-13.21921831359,6.));
#1809 = VECTOR('',#1810,1.);
#1810 = DIRECTION('',(-6.217305680414E-02,-0.998065384135,0.));
#1811 = ORIENTED_EDGE('',*,*,#1812,.F.);
#1812 = EDGE_CURVE('',#1813,#1805,#1815,.T.);
#1813 = VERTEX_POINT('',#1814);
#1814 = CARTESIAN_POINT('',(20.169311523438,-11.75216293335,6.));
#1815 = LINE('',#1816,#1817);
#1816 = CARTESIAN_POINT('',(19.916073581261,-13.77703005292,6.));
#1817 = VECTOR('',#1818,1.);
#1818 = DIRECTION('',(-0.124097243676,-0.992270061078,0.));
#1819 = ORIENTED_EDGE('',*,*,#1820,.F.);
#1820 = EDGE_CURVE('',#1821,#1813,#1823,.T.);
#1821 = VERTEX_POINT('',#1822);
#1822 = CARTESIAN_POINT('',(20.187776565552,-11.65437126159,6.));
#1823 = LINE('',#1824,#1825);
#1824 = CARTESIAN_POINT('',(19.686327050642,-14.3100698546,6.));
#1825 = VECTOR('',#1826,1.);
#1826 = DIRECTION('',(-0.185541594607,-0.982636411228,0.));
#1827 = ORIENTED_EDGE('',*,*,#1828,.F.);
#1828 = EDGE_CURVE('',#1829,#1821,#1831,.T.);
#1829 = VERTEX_POINT('',#1830);
#1830 = CARTESIAN_POINT('',(20.212285995483,-11.55791759491,6.));
#1831 = LINE('',#1832,#1833);
#1832 = CARTESIAN_POINT('',(19.386154174041,-14.80905169175,6.));
#1833 = VECTOR('',#1834,1.);
#1834 = DIRECTION('',(-0.246279017554,-0.969198971065,0.));
#1835 = ORIENTED_EDGE('',*,*,#1836,.F.);
#1836 = EDGE_CURVE('',#1837,#1829,#1839,.T.);
#1837 = VERTEX_POINT('',#1838);
#1838 = CARTESIAN_POINT('',(20.242744445801,-11.46317291259,6.));
#1839 = LINE('',#1840,#1841);
#1840 = CARTESIAN_POINT('',(19.020554713401,-15.26494144364,6.));
#1841 = VECTOR('',#1842,1.);
#1842 = DIRECTION('',(-0.306052917176,-0.952014501932,0.));
#1843 = ORIENTED_EDGE('',*,*,#1844,.F.);
#1844 = EDGE_CURVE('',#1845,#1837,#1847,.T.);
#1845 = VERTEX_POINT('',#1846);
#1846 = CARTESIAN_POINT('',(20.279035568237,-11.37050628662,6.));
#1847 = LINE('',#1848,#1849);
#1848 = CARTESIAN_POINT('',(18.595286335059,-15.66983212594,6.));
#1849 = VECTOR('',#1850,1.);
#1850 = DIRECTION('',(-0.364663096046,-0.931139531103,0.));
#1851 = ORIENTED_EDGE('',*,*,#1852,.F.);
#1852 = EDGE_CURVE('',#1853,#1845,#1855,.T.);
#1853 = VERTEX_POINT('',#1854);
#1854 = CARTESIAN_POINT('',(20.321016311646,-11.28027439117,6.));
#1855 = LINE('',#1856,#1857);
#1856 = CARTESIAN_POINT('',(18.117697006516,-16.01600942195,6.));
#1857 = VECTOR('',#1858,1.);
#1858 = DIRECTION('',(-0.421833349505,-0.906673383995,0.));
#1859 = ORIENTED_EDGE('',*,*,#1860,.F.);
#1860 = EDGE_CURVE('',#1861,#1853,#1863,.T.);
#1861 = VERTEX_POINT('',#1862);
#1862 = CARTESIAN_POINT('',(20.368524551392,-11.19282722473,6.));
#1863 = LINE('',#1864,#1865);
#1864 = CARTESIAN_POINT('',(17.595349961139,-16.29733670066,6.));
#1865 = VECTOR('',#1866,1.);
#1866 = DIRECTION('',(-0.47737838599,-0.878697830081,0.));
#1867 = ORIENTED_EDGE('',*,*,#1868,.F.);
#1868 = EDGE_CURVE('',#1869,#1861,#1871,.T.);
#1869 = VERTEX_POINT('',#1870);
#1870 = CARTESIAN_POINT('',(20.421379089355,-11.10850334167,6.));
#1871 = LINE('',#1872,#1873);
#1872 = CARTESIAN_POINT('',(17.036655890152,-16.50847492829,6.));
#1873 = VECTOR('',#1874,1.);
#1874 = DIRECTION('',(-0.531097608988,-0.847310645352,0.));
#1875 = ORIENTED_EDGE('',*,*,#1876,.F.);
#1876 = EDGE_CURVE('',#1877,#1869,#1879,.T.);
#1877 = VERTEX_POINT('',#1878);
#1878 = CARTESIAN_POINT('',(20.479373931885,-11.02762794494,6.));
#1879 = LINE('',#1880,#1881);
#1880 = CARTESIAN_POINT('',(16.451234640048,-16.64497854194,6.));
#1881 = VECTOR('',#1882,1.);
#1882 = DIRECTION('',(-0.582745570185,-0.812654662467,0.));
#1883 = ORIENTED_EDGE('',*,*,#1884,.F.);
#1884 = EDGE_CURVE('',#1885,#1877,#1887,.T.);
#1885 = VERTEX_POINT('',#1886);
#1886 = CARTESIAN_POINT('',(20.542284011841,-10.95051383972,6.));
#1887 = LINE('',#1888,#1889);
#1888 = CARTESIAN_POINT('',(15.848673391428,-16.70386184879,6.));
#1889 = VECTOR('',#1890,1.);
#1890 = DIRECTION('',(-0.632133995173,-0.774859091801,0.));
#1891 = ORIENTED_EDGE('',*,*,#1892,.F.);
#1892 = EDGE_CURVE('',#1893,#1885,#1895,.T.);
#1893 = VERTEX_POINT('',#1894);
#1894 = CARTESIAN_POINT('',(20.609865188599,-10.87746143341,6.));
#1895 = LINE('',#1896,#1897);
#1896 = CARTESIAN_POINT('',(15.238834124668,-16.68331984569,6.));
#1897 = VECTOR('',#1898,1.);
#1898 = DIRECTION('',(-0.679083681856,-0.734060864668,0.));
#1899 = ORIENTED_EDGE('',*,*,#1900,.F.);
#1900 = EDGE_CURVE('',#1901,#1893,#1903,.T.);
#1901 = VERTEX_POINT('',#1902);
#1902 = CARTESIAN_POINT('',(20.681858062744,-10.80875110626,6.));
#1903 = LINE('',#1904,#1905);
#1904 = CARTESIAN_POINT('',(14.631981948504,-16.58278043834,6.));
#1905 = VECTOR('',#1906,1.);
#1906 = DIRECTION('',(-0.723406450217,-0.690422412574,0.));
#1907 = ORIENTED_EDGE('',*,*,#1908,.F.);
#1908 = EDGE_CURVE('',#1909,#1901,#1911,.T.);
#1909 = VERTEX_POINT('',#1910);
#1910 = CARTESIAN_POINT('',(20.757984161377,-10.74464893341,6.));
#1911 = LINE('',#1912,#1913);
#1912 = CARTESIAN_POINT('',(14.038303754811,-16.40297272334,6.));
#1913 = VECTOR('',#1914,1.);
#1914 = DIRECTION('',(-0.764931077627,-0.644112138126,0.));
#1915 = ORIENTED_EDGE('',*,*,#1916,.F.);
#1916 = EDGE_CURVE('',#1917,#1909,#1919,.T.);
#1917 = VERTEX_POINT('',#1918);
#1918 = CARTESIAN_POINT('',(20.837947845459,-10.68540382385,6.));
#1919 = LINE('',#1920,#1921);
#1920 = CARTESIAN_POINT('',(13.467851246347,-16.14590987082,6.));
#1921 = VECTOR('',#1922,1.);
#1922 = DIRECTION('',(-0.803495906904,-0.595310278416,0.));
#1923 = ORIENTED_EDGE('',*,*,#1924,.F.);
#1924 = EDGE_CURVE('',#1925,#1917,#1927,.T.);
#1925 = VERTEX_POINT('',#1926);
#1926 = CARTESIAN_POINT('',(20.921440124512,-10.63124561309,6.));
#1927 = LINE('',#1928,#1929);
#1928 = CARTESIAN_POINT('',(12.93027139154,-15.81480755827,6.));
#1929 = VECTOR('',#1930,1.);
#1930 = DIRECTION('',(-0.838956438927,-0.544198579182,0.));
#1931 = ORIENTED_EDGE('',*,*,#1932,.F.);
#1932 = EDGE_CURVE('',#1933,#1925,#1935,.T.);
#1933 = VERTEX_POINT('',#1934);
#1934 = CARTESIAN_POINT('',(21.008138656616,-10.58238220214,6.));
#1935 = LINE('',#1936,#1937);
#1936 = CARTESIAN_POINT('',(12.434990441595,-15.41422022979,6.));
#1937 = VECTOR('',#1938,1.);
#1938 = DIRECTION('',(-0.871165251111,-0.490989923784,0.));
#1939 = ORIENTED_EDGE('',*,*,#1940,.F.);
#1940 = EDGE_CURVE('',#1941,#1933,#1943,.T.);
#1941 = VERTEX_POINT('',#1942);
#1942 = CARTESIAN_POINT('',(21.097705841064,-10.53900241851,6.));
#1943 = LINE('',#1944,#1945);
#1944 = CARTESIAN_POINT('',(11.990645915677,-14.94979518269,6.));
#1945 = VECTOR('',#1946,1.);
#1946 = DIRECTION('',(-0.899998358822,-0.435893282946,0.));
#1947 = ORIENTED_EDGE('',*,*,#1948,.F.);
#1948 = EDGE_CURVE('',#1949,#1941,#1951,.T.);
#1949 = VERTEX_POINT('',#1950);
#1950 = CARTESIAN_POINT('',(21.189798355103,-10.50127601623,6.));
#1951 = LINE('',#1952,#1953);
#1952 = CARTESIAN_POINT('',(11.604809846069,-14.4278398216,6.));
#1953 = VECTOR('',#1954,1.);
#1954 = DIRECTION('',(-0.92536306285,-0.379082051688,0.));
#1955 = ORIENTED_EDGE('',*,*,#1956,.F.);
#1956 = EDGE_CURVE('',#1957,#1949,#1959,.T.);
#1957 = VERTEX_POINT('',#1958);
#1958 = CARTESIAN_POINT('',(21.284055709839,-10.46934795379,6.));
#1959 = LINE('',#1960,#1961);
#1960 = CARTESIAN_POINT('',(11.284894436311,-13.85639235337,6.));
#1961 = VECTOR('',#1962,1.);
#1962 = DIRECTION('',(-0.947137906513,-0.320826722775,0.));
#1963 = ORIENTED_EDGE('',*,*,#1964,.F.);
#1964 = EDGE_CURVE('',#1965,#1957,#1967,.T.);
#1965 = VERTEX_POINT('',#1966);
#1966 = CARTESIAN_POINT('',(21.380117416382,-10.44334125518,6.));
#1967 = LINE('',#1968,#1969);
#1968 = CARTESIAN_POINT('',(11.036703992849,-13.24360418168,6.));
#1969 = VECTOR('',#1970,1.);
#1970 = DIRECTION('',(-0.96525175605,-0.261321731668,0.));
#1971 = ORIENTED_EDGE('',*,*,#1972,.F.);
#1972 = EDGE_CURVE('',#1973,#1965,#1975,.T.);
#1973 = VERTEX_POINT('',#1974);
#1974 = CARTESIAN_POINT('',(21.477609634399,-10.42335700988,6.));
#1975 = LINE('',#1976,#1977);
#1976 = CARTESIAN_POINT('',(10.865243426012,-12.59871145188,6.));
#1977 = VECTOR('',#1978,1.);
#1978 = DIRECTION('',(-0.979630695885,-0.200807618581,0.));
#1979 = ORIENTED_EDGE('',*,*,#1980,.F.);
#1980 = EDGE_CURVE('',#1981,#1973,#1983,.T.);
#1981 = VERTEX_POINT('',#1982);
#1982 = CARTESIAN_POINT('',(21.576156616211,-10.40947246551,6.));
#1983 = LINE('',#1984,#1985);
#1984 = CARTESIAN_POINT('',(10.774271486712,-11.93137857193,6.));
#1985 = VECTOR('',#1986,1.);
#1986 = DIRECTION('',(-0.990219998744,-0.139514709212,0.));
#1987 = ORIENTED_EDGE('',*,*,#1988,.F.);
#1988 = EDGE_CURVE('',#1989,#1981,#1991,.T.);
#1989 = VERTEX_POINT('',#1990);
#1990 = CARTESIAN_POINT('',(21.675374984741,-10.40174102783,6.));
#1991 = LINE('',#1992,#1993);
#1992 = CARTESIAN_POINT('',(10.766340319394,-11.25181065654,6.));
#1993 = VECTOR('',#1994,1.);
#1994 = DIRECTION('',(-0.996977724533,-7.768794491234E-02,0.));
#1995 = ORIENTED_EDGE('',*,*,#1996,.F.);
#1996 = EDGE_CURVE('',#1997,#1989,#1999,.T.);
#1997 = VERTEX_POINT('',#1998);
#1998 = CARTESIAN_POINT('',(21.774883270264,-10.40019321441,6.));
#1999 = LINE('',#2000,#2001);
#2000 = CARTESIAN_POINT('',(10.842710109251,-10.57023899694,6.));
#2001 = VECTOR('',#2002,1.);
#2002 = DIRECTION('',(-0.999879048869,-1.555273711751E-02,0.));
#2003 = ORIENTED_EDGE('',*,*,#2004,.F.);
#2004 = EDGE_CURVE('',#2005,#1997,#2007,.T.);
#2005 = VERTEX_POINT('',#2006);
#2006 = CARTESIAN_POINT('',(21.874294281006,-10.40483474731,6.));
#2007 = LINE('',#2008,#2009);
#2008 = CARTESIAN_POINT('',(11.003356953606,-9.897267096005,6.));
#2009 = VECTOR('',#2010,1.);
#2010 = DIRECTION('',(-0.998911785439,4.663952091071E-02,0.));
#2011 = ORIENTED_EDGE('',*,*,#2012,.F.);
#2012 = EDGE_CURVE('',#2013,#2005,#2015,.T.);
#2013 = VERTEX_POINT('',#2014);
#2014 = CARTESIAN_POINT('',(21.973224639893,-10.41564846038,6.));
#2015 = LINE('',#2016,#2017);
#2016 = CARTESIAN_POINT('',(11.246978588615,-9.243202019659,6.));
#2017 = VECTOR('',#2018,1.);
#2018 = DIRECTION('',(-0.994079069013,0.108659120879,0.));
#2019 = ORIENTED_EDGE('',*,*,#2020,.F.);
#2020 = EDGE_CURVE('',#2021,#2013,#2023,.T.);
#2021 = VERTEX_POINT('',#2022);
#2022 = CARTESIAN_POINT('',(22.071290969849,-10.43259048461,6.));
#2023 = LINE('',#2024,#2025);
#2024 = CARTESIAN_POINT('',(11.570850777777,-8.618525328418,6.));
#2025 = VECTOR('',#2026,1.);
#2026 = DIRECTION('',(-0.985402795149,0.170239041679,0.));
#2027 = ORIENTED_EDGE('',*,*,#2028,.F.);
#2028 = EDGE_CURVE('',#2029,#2021,#2031,.T.);
#2029 = VERTEX_POINT('',#2030);
#2030 = CARTESIAN_POINT('',(22.168115615845,-10.45559692382,6.));
#2031 = LINE('',#2032,#2033);
#2032 = CARTESIAN_POINT('',(11.971237998346,-8.032723670691,6.));
#2033 = VECTOR('',#2034,1.);
#2034 = DIRECTION('',(-0.972912631982,0.231173118095,0.));
#2035 = ORIENTED_EDGE('',*,*,#2036,.F.);
#2036 = EDGE_CURVE('',#2037,#2029,#2039,.T.);
#2037 = VERTEX_POINT('',#2038);
#2038 = CARTESIAN_POINT('',(22.263320922852,-10.4845790863,6.));
#2039 = LINE('',#2040,#2041);
#2040 = CARTESIAN_POINT('',(12.443106102482,-7.495133745314,6.));
#2041 = VECTOR('',#2042,1.);
#2042 = DIRECTION('',(-0.956655309651,0.291222627069,0.));
#2043 = ORIENTED_EDGE('',*,*,#2044,.F.);
#2044 = EDGE_CURVE('',#2045,#2037,#2047,.T.);
#2045 = VERTEX_POINT('',#2046);
#2046 = CARTESIAN_POINT('',(22.356540679932,-10.5194234848,6.));
#2047 = LINE('',#2048,#2049);
#2048 = CARTESIAN_POINT('',(12.980063551682,-7.014611674486,6.));
#2049 = VECTOR('',#2050,1.);
#2050 = DIRECTION('',(-0.936701984659,0.350127679477,0.));
#2051 = ORIENTED_EDGE('',*,*,#2052,.F.);
#2052 = EDGE_CURVE('',#2053,#2045,#2055,.T.);
#2053 = VERTEX_POINT('',#2054);
#2054 = CARTESIAN_POINT('',(22.447414398193,-10.55999565124,6.));
#2055 = LINE('',#2056,#2057);
#2056 = CARTESIAN_POINT('',(13.575039754985,-6.598768272708,6.));
#2057 = VECTOR('',#2058,1.);
#2058 = DIRECTION('',(-0.913124632688,0.407680518517,0.));
#2059 = ORIENTED_EDGE('',*,*,#2060,.F.);
#2060 = EDGE_CURVE('',#2061,#2053,#2063,.T.);
#2061 = VERTEX_POINT('',#2062);
#2062 = CARTESIAN_POINT('',(22.535591125488,-10.60613918304,6.));
#2063 = LINE('',#2064,#2065);
#2064 = CARTESIAN_POINT('',(14.219904664458,-6.254479120131,6.));
#2065 = VECTOR('',#2066,1.);
#2066 = DIRECTION('',(-0.886014338749,0.463657838853,0.));
#2067 = ORIENTED_EDGE('',*,*,#2068,.F.);
#2068 = EDGE_CURVE('',#2069,#2061,#2071,.T.);
#2069 = VERTEX_POINT('',#2070);
#2070 = CARTESIAN_POINT('',(22.620727539062,-10.6576757431,6.));
#2071 = LINE('',#2072,#2073);
#2072 = CARTESIAN_POINT('',(14.905835102621,-5.987535192143,6.));
#2073 = VECTOR('',#2074,1.);
#2074 = DIRECTION('',(-0.855470586291,0.517851403387,0.));
#2075 = ORIENTED_EDGE('',*,*,#2076,.F.);
#2076 = EDGE_CURVE('',#2077,#2069,#2079,.T.);
#2077 = VERTEX_POINT('',#2078);
#2078 = CARTESIAN_POINT('',(22.702493667603,-10.71440505981,6.));
#2079 = LINE('',#2080,#2081);
#2080 = CARTESIAN_POINT('',(15.62308602112,-5.802714049399,6.));
#2081 = VECTOR('',#2082,1.);
#2082 = DIRECTION('',(-0.821618065396,0.570038379949,0.));
#2083 = ORIENTED_EDGE('',*,*,#2084,.F.);
#2084 = EDGE_CURVE('',#2085,#2077,#2087,.T.);
#2085 = VERTEX_POINT('',#2086);
#2086 = CARTESIAN_POINT('',(22.780576705933,-10.77610778808,6.));
#2087 = LINE('',#2088,#2089);
#2088 = CARTESIAN_POINT('',(16.361349873134,-5.703510493615,6.));
#2089 = VECTOR('',#2090,1.);
#2090 = DIRECTION('',(-0.784598143461,0.620004639723,0.));
#2091 = ORIENTED_EDGE('',*,*,#2092,.F.);
#2092 = EDGE_CURVE('',#2093,#2085,#2095,.T.);
#2093 = VERTEX_POINT('',#2094);
#2094 = CARTESIAN_POINT('',(22.854671478271,-10.84254646301,6.));
#2095 = LINE('',#2096,#2097);
#2096 = CARTESIAN_POINT('',(17.110673133507,-5.692066520078,6.));
#2097 = VECTOR('',#2098,1.);
#2098 = DIRECTION('',(-0.744525094133,0.667594475865,0.));
#2099 = ORIENTED_EDGE('',*,*,#2100,.F.);
#2100 = EDGE_CURVE('',#2101,#2093,#2103,.T.);
#2101 = VERTEX_POINT('',#2102);
#2102 = CARTESIAN_POINT('',(22.924493789673,-10.91346168518,6.));
#2103 = LINE('',#2104,#2105);
#2104 = CARTESIAN_POINT('',(17.859643863874,-5.76933296004,6.));
#2105 = VECTOR('',#2106,1.);
#2106 = DIRECTION('',(-0.701594521577,0.712576401022,0.));
#2107 = ORIENTED_EDGE('',*,*,#2108,.F.);
#2108 = EDGE_CURVE('',#2109,#2101,#2111,.T.);
#2109 = VERTEX_POINT('',#2110);
#2110 = CARTESIAN_POINT('',(22.989770889282,-10.98858165741,6.));
#2111 = LINE('',#2112,#2113);
#2112 = CARTESIAN_POINT('',(18.598324121963,-5.934966206045,6.));
#2113 = VECTOR('',#2114,1.);
#2114 = DIRECTION('',(-0.655923397399,0.754827461573,0.));
#2115 = ORIENTED_EDGE('',*,*,#2116,.F.);
#2116 = EDGE_CURVE('',#2117,#2109,#2119,.T.);
#2117 = VERTEX_POINT('',#2118);
#2118 = CARTESIAN_POINT('',(23.050252914429,-11.06761455535,6.));
#2119 = LINE('',#2120,#2121);
#2120 = CARTESIAN_POINT('',(19.315335337079,-6.187133800547,6.));
#2121 = VECTOR('',#2122,1.);
#2122 = DIRECTION('',(-0.607736043325,0.794139094645,0.));
#2123 = ORIENTED_EDGE('',*,*,#2124,.F.);
#2124 = EDGE_CURVE('',#2125,#2117,#2127,.T.);
#2125 = VERTEX_POINT('',#2126);
#2126 = CARTESIAN_POINT('',(23.105703353882,-11.15025424957,6.));
#2127 = LINE('',#2128,#2129);
#2128 = CARTESIAN_POINT('',(20.000838689923,-6.522967812611,6.));
#2129 = VECTOR('',#2130,1.);
#2130 = DIRECTION('',(-0.557183356557,0.830389491248,0.));
#2131 = ORIENTED_EDGE('',*,*,#2132,.F.);
#2132 = EDGE_CURVE('',#2133,#2125,#2135,.T.);
#2133 = VERTEX_POINT('',#2134);
#2134 = CARTESIAN_POINT('',(23.155908584595,-11.23618125915,6.));
#2135 = LINE('',#2136,#2137);
#2136 = CARTESIAN_POINT('',(20.644651568034,-6.938126999427,6.));
#2137 = VECTOR('',#2138,1.);
#2138 = DIRECTION('',(-0.504479237373,0.863423823542,0.));
#2139 = ORIENTED_EDGE('',*,*,#2140,.F.);
#2140 = EDGE_CURVE('',#2141,#2133,#2143,.T.);
#2141 = VERTEX_POINT('',#2142);
#2142 = CARTESIAN_POINT('',(23.200675964355,-11.32506370544,6.));
#2143 = LINE('',#2144,#2145);
#2144 = CARTESIAN_POINT('',(21.237392244131,-7.427103611607,6.));
#2145 = VECTOR('',#2146,1.);
#2146 = DIRECTION('',(-0.449833514916,0.893112427894,0.));
#2147 = ORIENTED_EDGE('',*,*,#2148,.F.);
#2148 = EDGE_CURVE('',#2149,#2141,#2151,.T.);
#2149 = VERTEX_POINT('',#2150);
#2150 = CARTESIAN_POINT('',(23.23983001709,-11.41655731201,6.));
#2151 = LINE('',#2152,#2153);
#2152 = CARTESIAN_POINT('',(21.770708875131,-7.983574456468,6.));
#2153 = VECTOR('',#2154,1.);
#2154 = DIRECTION('',(-0.393431181445,0.919354069696,0.));
#2155 = ORIENTED_EDGE('',*,*,#2156,.F.);
#2156 = EDGE_CURVE('',#2157,#2149,#2159,.T.);
#2157 = VERTEX_POINT('',#2158);
#2158 = CARTESIAN_POINT('',(23.273220062256,-11.51030826568,6.));
#2159 = LINE('',#2160,#2161);
#2160 = CARTESIAN_POINT('',(22.236621264592,-8.599796303948,6.));
#2161 = VECTOR('',#2162,1.);
#2162 = DIRECTION('',(-0.335512495634,0.942035755836,0.));
#2163 = ORIENTED_EDGE('',*,*,#2164,.F.);
#2164 = EDGE_CURVE('',#2165,#2157,#2167,.T.);
#2165 = VERTEX_POINT('',#2166);
#2166 = CARTESIAN_POINT('',(23.300718307495,-11.60595417022,6.));
#2167 = LINE('',#2168,#2169);
#2168 = CARTESIAN_POINT('',(22.628335388106,-9.267235027849,6.));
#2169 = VECTOR('',#2170,1.);
#2170 = DIRECTION('',(-0.276307867435,0.961069176695,0.));
#2171 = ORIENTED_EDGE('',*,*,#2172,.F.);
#2172 = EDGE_CURVE('',#2173,#2165,#2175,.T.);
#2173 = VERTEX_POINT('',#2174);
#2174 = CARTESIAN_POINT('',(23.322216033936,-11.70312404632,6.));
#2175 = LINE('',#2176,#2177);
#2176 = CARTESIAN_POINT('',(22.940330896684,-9.97700051538,6.));
#2177 = VECTOR('',#2178,1.);
#2178 = DIRECTION('',(-0.216015150098,0.97639001169,0.));
#2179 = ORIENTED_EDGE('',*,*,#2180,.F.);
#2180 = EDGE_CURVE('',#2181,#2173,#2183,.T.);
#2181 = VERTEX_POINT('',#2182);
#2182 = CARTESIAN_POINT('',(23.337631225586,-11.8014421463,6.));
#2183 = LINE('',#2184,#2185);
#2184 = CARTESIAN_POINT('',(23.16790472565,-10.7189264457,6.));
#2185 = VECTOR('',#2186,1.);
#2186 = DIRECTION('',(-0.154896614697,0.987930685198,0.));
#2187 = ORIENTED_EDGE('',*,*,#2188,.F.);
#2188 = EDGE_CURVE('',#2189,#2181,#2191,.T.);
#2189 = VERTEX_POINT('',#2190);
#2190 = CARTESIAN_POINT('',(23.346904754639,-11.90052890777,6.));
#2191 = LINE('',#2192,#2193);
#2192 = CARTESIAN_POINT('',(23.307803528326,-11.48273608446,6.));
#2193 = VECTOR('',#2194,1.);
#2194 = DIRECTION('',(-9.318278210933E-02,0.995649019042,0.));
#2195 = ORIENTED_EDGE('',*,*,#2196,.F.);
#2196 = EDGE_CURVE('',#2197,#2189,#2199,.T.);
#2197 = VERTEX_POINT('',#2198);
#2198 = CARTESIAN_POINT('',(23.35000038147,-12.,6.));
#2199 = LINE('',#2200,#2201);
#2200 = CARTESIAN_POINT('',(23.358024625381,-12.25784125467,6.));
#2201 = VECTOR('',#2202,1.);
#2202 = DIRECTION('',(-3.110580953179E-02,0.999516097226,0.));
#2203 = ORIENTED_EDGE('',*,*,#2204,.F.);
#2204 = EDGE_CURVE('',#2205,#2197,#2207,.T.);
#2205 = VERTEX_POINT('',#2206);
#2206 = CARTESIAN_POINT('',(23.35000038147,-22.,6.));
#2207 = LINE('',#2208,#2209);
#2208 = CARTESIAN_POINT('',(23.35000038147,-15.14631892305,6.));
#2209 = VECTOR('',#2210,1.);
#2210 = DIRECTION('',(0.,1.,0.));
#2211 = ORIENTED_EDGE('',*,*,#2212,.F.);
#2212 = EDGE_CURVE('',#2213,#2205,#2215,.T.);
#2213 = VERTEX_POINT('',#2214);
#2214 = CARTESIAN_POINT('',(23.346904754639,-22.09947204589,6.));
#2215 = LINE('',#2216,#2217);
#2216 = CARTESIAN_POINT('',(23.473288243663,-18.03838041337,6.));
#2217 = VECTOR('',#2218,1.);
#2218 = DIRECTION('',(3.110551159775E-02,0.999516106498,0.));
#2219 = ORIENTED_EDGE('',*,*,#2220,.F.);
#2220 = EDGE_CURVE('',#2221,#2213,#2223,.T.);
#2221 = VERTEX_POINT('',#2222);
#2222 = CARTESIAN_POINT('',(23.337631225586,-22.19855880737,6.));
#2223 = LINE('',#2224,#2225);
#2224 = CARTESIAN_POINT('',(23.651762792376,-18.8420933827,6.));
#2225 = VECTOR('',#2226,1.);
#2226 = DIRECTION('',(9.318278210933E-02,0.995649019042,0.));
#2227 = ORIENTED_EDGE('',*,*,#2228,.F.);
#2228 = EDGE_CURVE('',#2229,#2221,#2231,.T.);
#2229 = VERTEX_POINT('',#2230);
#2230 = CARTESIAN_POINT('',(23.322216033936,-22.29687690734,6.));
#2231 = LINE('',#2232,#2233);
#2232 = CARTESIAN_POINT('',(23.735231746977,-19.66266248516,6.));
#2233 = VECTOR('',#2234,1.);
#2234 = DIRECTION('',(0.154896614697,0.987930685198,0.));
#2235 = ORIENTED_EDGE('',*,*,#2236,.F.);
#2236 = EDGE_CURVE('',#2237,#2229,#2239,.T.);
#2237 = VERTEX_POINT('',#2238);
#2238 = CARTESIAN_POINT('',(23.300718307495,-22.39404678344,6.));
#2239 = LINE('',#2240,#2241);
#2240 = CARTESIAN_POINT('',(23.72226941544,-20.48863278342,6.));
#2241 = VECTOR('',#2242,1.);
#2242 = DIRECTION('',(0.216015150098,0.97639001169,0.));
#2243 = ORIENTED_EDGE('',*,*,#2244,.F.);
#2244 = EDGE_CURVE('',#2245,#2237,#2247,.T.);
#2245 = VERTEX_POINT('',#2246);
#2246 = CARTESIAN_POINT('',(23.273220062256,-22.48969078064,6.));
#2247 = LINE('',#2248,#2249);
#2248 = CARTESIAN_POINT('',(23.61281680004,-21.30851033976,6.));
#2249 = VECTOR('',#2250,1.);
#2250 = DIRECTION('',(0.276312956921,0.961067713451,0.));
#2251 = ORIENTED_EDGE('',*,*,#2252,.F.);
#2252 = EDGE_CURVE('',#2253,#2245,#2255,.T.);
#2253 = VERTEX_POINT('',#2254);
#2254 = CARTESIAN_POINT('',(23.23983001709,-22.58344268798,6.));
#2255 = LINE('',#2256,#2257);
#2256 = CARTESIAN_POINT('',(23.408399864357,-22.11013561026,6.));
#2257 = VECTOR('',#2258,1.);
#2258 = DIRECTION('',(0.335509466879,0.942036834542,0.));
#2259 = ORIENTED_EDGE('',*,*,#2260,.F.);
#2260 = EDGE_CURVE('',#2261,#2253,#2263,.T.);
#2261 = VERTEX_POINT('',#2262);
#2262 = CARTESIAN_POINT('',(23.200675964355,-22.67493629455,6.));
#2263 = LINE('',#2264,#2265);
#2264 = CARTESIAN_POINT('',(23.111671248907,-22.88291891319,6.));
#2265 = VECTOR('',#2266,1.);
#2266 = DIRECTION('',(0.393431181445,0.919354069696,0.));
#2267 = ORIENTED_EDGE('',*,*,#2268,.F.);
#2268 = EDGE_CURVE('',#2269,#2261,#2271,.T.);
#2269 = VERTEX_POINT('',#2270);
#2270 = CARTESIAN_POINT('',(23.155908584595,-22.76381874084,6.));
#2271 = LINE('',#2272,#2273);
#2272 = CARTESIAN_POINT('',(22.726832043285,-23.61571967497,6.));
#2273 = VECTOR('',#2274,1.);
#2274 = DIRECTION('',(0.449833514916,0.893112427894,0.));
#2275 = ORIENTED_EDGE('',*,*,#2276,.F.);
#2276 = EDGE_CURVE('',#2277,#2269,#2279,.T.);
#2277 = VERTEX_POINT('',#2278);
#2278 = CARTESIAN_POINT('',(23.105703353882,-22.8497467041,6.));
#2279 = LINE('',#2280,#2281);
#2280 = CARTESIAN_POINT('',(22.259539640135,-24.29798473571,6.));
#2281 = VECTOR('',#2282,1.);
#2282 = DIRECTION('',(0.504475063312,0.863426262339,0.));
#2283 = ORIENTED_EDGE('',*,*,#2284,.F.);
#2284 = EDGE_CURVE('',#1477,#2277,#2285,.T.);
#2285 = LINE('',#2286,#2287);
#2286 = CARTESIAN_POINT('',(21.716158280785,-24.92063344674,6.));
#2287 = VECTOR('',#2288,1.);
#2288 = DIRECTION('',(0.557183356557,0.830389491248,0.));
#2289 = PLANE('',#2290);
#2290 = AXIS2_PLACEMENT_3D('',#2291,#2292,#2293);
#2291 = CARTESIAN_POINT('',(4.006965941447E-06,-13.29263784611,6.));
#2292 = DIRECTION('',(0.,0.,1.));
#2293 = DIRECTION('',(1.,0.,0.));
#2294 = ADVANCED_FACE('',(#2295),#2320,.T.);
#2295 = FACE_BOUND('',#2296,.T.);
#2296 = EDGE_LOOP('',(#2297,#2307,#2313,#2314));
#2297 = ORIENTED_EDGE('',*,*,#2298,.F.);
#2298 = EDGE_CURVE('',#2299,#2301,#2303,.T.);
#2299 = VERTEX_POINT('',#2300);
#2300 = CARTESIAN_POINT('',(-24.67148208618,6.826326847076,0.));
#2301 = VERTEX_POINT('',#2302);
#2302 = CARTESIAN_POINT('',(-24.32603263855,7.025772571564,0.));
#2303 = LINE('',#2304,#2305);
#2304 = CARTESIAN_POINT('',(-24.67148208618,6.826326847076,0.));
#2305 = VECTOR('',#2306,1.);
#2306 = DIRECTION('',(0.866024977269,0.500000738746,0.));
#2307 = ORIENTED_EDGE('',*,*,#2308,.T.);
#2308 = EDGE_CURVE('',#2299,#22,#2309,.T.);
#2309 = LINE('',#2310,#2311);
#2310 = CARTESIAN_POINT('',(-24.67148208618,6.826326847076,0.));
#2311 = VECTOR('',#2312,1.);
#2312 = DIRECTION('',(0.,0.,1.));
#2313 = ORIENTED_EDGE('',*,*,#21,.T.);
#2314 = ORIENTED_EDGE('',*,*,#2315,.T.);
#2315 = EDGE_CURVE('',#24,#2301,#2316,.T.);
#2316 = LINE('',#2317,#2318);
#2317 = CARTESIAN_POINT('',(-24.32603263855,7.025772571564,6.));
#2318 = VECTOR('',#2319,1.);
#2319 = DIRECTION('',(0.,0.,-1.));
#2320 = PLANE('',#2321);
#2321 = AXIS2_PLACEMENT_3D('',#2322,#2323,#2324);
#2322 = CARTESIAN_POINT('',(-24.49875736236,6.92604970932,3.));
#2323 = DIRECTION('',(-0.500000738746,0.866024977269,0.));
#2324 = DIRECTION('',(0.866024977269,0.500000738746,0.));
#2325 = ADVANCED_FACE('',(#2326),#2344,.T.);
#2326 = FACE_BOUND('',#2327,.T.);
#2327 = EDGE_LOOP('',(#2328,#2336,#2342,#2343));
#2328 = ORIENTED_EDGE('',*,*,#2329,.T.);
#2329 = EDGE_CURVE('',#641,#2330,#2332,.T.);
#2330 = VERTEX_POINT('',#2331);
#2331 = CARTESIAN_POINT('',(-23.97106933593,7.207750797272,0.));
#2332 = LINE('',#2333,#2334);
#2333 = CARTESIAN_POINT('',(-23.97106933593,7.207750797272,6.));
#2334 = VECTOR('',#2335,1.);
#2335 = DIRECTION('',(0.,0.,-1.));
#2336 = ORIENTED_EDGE('',*,*,#2337,.F.);
#2337 = EDGE_CURVE('',#2301,#2330,#2338,.T.);
#2338 = LINE('',#2339,#2340);
#2339 = CARTESIAN_POINT('',(-24.32603263855,7.025772571564,0.));
#2340 = VECTOR('',#2341,1.);
#2341 = DIRECTION('',(0.889872665146,0.456208987007,0.));
#2342 = ORIENTED_EDGE('',*,*,#2315,.F.);
#2343 = ORIENTED_EDGE('',*,*,#648,.T.);
#2344 = PLANE('',#2345);
#2345 = AXIS2_PLACEMENT_3D('',#2346,#2347,#2348);
#2346 = CARTESIAN_POINT('',(-24.14855098724,7.116761684418,3.));
#2347 = DIRECTION('',(-0.456208987007,0.889872665146,0.));
#2348 = DIRECTION('',(0.889872665146,0.456208987007,0.));
#2349 = ADVANCED_FACE('',(#2350),#2368,.T.);
#2350 = FACE_BOUND('',#2351,.T.);
#2351 = EDGE_LOOP('',(#2352,#2353,#2354,#2362));
#2352 = ORIENTED_EDGE('',*,*,#2329,.F.);
#2353 = ORIENTED_EDGE('',*,*,#640,.F.);
#2354 = ORIENTED_EDGE('',*,*,#2355,.F.);
#2355 = EDGE_CURVE('',#2356,#633,#2358,.T.);
#2356 = VERTEX_POINT('',#2357);
#2357 = CARTESIAN_POINT('',(-23.60747909545,7.371809482574,0.));
#2358 = LINE('',#2359,#2360);
#2359 = CARTESIAN_POINT('',(-23.60747909545,7.371809482574,0.));
#2360 = VECTOR('',#2361,1.);
#2361 = DIRECTION('',(0.,0.,1.));
#2362 = ORIENTED_EDGE('',*,*,#2363,.F.);
#2363 = EDGE_CURVE('',#2330,#2356,#2364,.T.);
#2364 = LINE('',#2365,#2366);
#2365 = CARTESIAN_POINT('',(-23.97106933593,7.207750797272,0.));
#2366 = VECTOR('',#2367,1.);
#2367 = DIRECTION('',(0.911505362504,0.411288188654,0.));
#2368 = PLANE('',#2369);
#2369 = AXIS2_PLACEMENT_3D('',#2370,#2371,#2372);
#2370 = CARTESIAN_POINT('',(-23.78927421569,7.289780139923,3.));
#2371 = DIRECTION('',(-0.411288188654,0.911505362504,0.));
#2372 = DIRECTION('',(0.911505362504,0.411288188654,0.));
#2373 = ADVANCED_FACE('',(#2374),#2392,.T.);
#2374 = FACE_BOUND('',#2375,.T.);
#2375 = EDGE_LOOP('',(#2376,#2384,#2385,#2386));
#2376 = ORIENTED_EDGE('',*,*,#2377,.T.);
#2377 = EDGE_CURVE('',#2378,#2356,#2380,.T.);
#2378 = VERTEX_POINT('',#2379);
#2379 = CARTESIAN_POINT('',(-23.23616027832,7.517540931702,0.));
#2380 = LINE('',#2381,#2382);
#2381 = CARTESIAN_POINT('',(-23.23616027832,7.517540931702,0.));
#2382 = VECTOR('',#2383,1.);
#2383 = DIRECTION('',(-0.930874130272,-0.365340051993,0.));
#2384 = ORIENTED_EDGE('',*,*,#2355,.T.);
#2385 = ORIENTED_EDGE('',*,*,#632,.T.);
#2386 = ORIENTED_EDGE('',*,*,#2387,.T.);
#2387 = EDGE_CURVE('',#625,#2378,#2388,.T.);
#2388 = LINE('',#2389,#2390);
#2389 = CARTESIAN_POINT('',(-23.23616027832,7.517540931702,6.));
#2390 = VECTOR('',#2391,1.);
#2391 = DIRECTION('',(0.,0.,-1.));
#2392 = PLANE('',#2393);
#2393 = AXIS2_PLACEMENT_3D('',#2394,#2395,#2396);
#2394 = CARTESIAN_POINT('',(-23.42181968689,7.444675207138,3.));
#2395 = DIRECTION('',(-0.365340051993,0.930874130272,0.));
#2396 = DIRECTION('',(0.930874130272,0.365340051993,0.));
#2397 = ADVANCED_FACE('',(#2398),#2416,.T.);
#2398 = FACE_BOUND('',#2399,.T.);
#2399 = EDGE_LOOP('',(#2400,#2401,#2402,#2410));
#2400 = ORIENTED_EDGE('',*,*,#2387,.F.);
#2401 = ORIENTED_EDGE('',*,*,#624,.T.);
#2402 = ORIENTED_EDGE('',*,*,#2403,.F.);
#2403 = EDGE_CURVE('',#2404,#617,#2406,.T.);
#2404 = VERTEX_POINT('',#2405);
#2405 = CARTESIAN_POINT('',(-22.8580417633,7.644582271576,0.));
#2406 = LINE('',#2407,#2408);
#2407 = CARTESIAN_POINT('',(-22.8580417633,7.644582271576,0.));
#2408 = VECTOR('',#2409,1.);
#2409 = DIRECTION('',(0.,0.,1.));
#2410 = ORIENTED_EDGE('',*,*,#2411,.T.);
#2411 = EDGE_CURVE('',#2404,#2378,#2412,.T.);
#2412 = LINE('',#2413,#2414);
#2413 = CARTESIAN_POINT('',(-22.8580417633,7.644582271576,0.));
#2414 = VECTOR('',#2415,1.);
#2415 = DIRECTION('',(-0.947927137844,-0.318487270295,0.));
#2416 = PLANE('',#2417);
#2417 = AXIS2_PLACEMENT_3D('',#2418,#2419,#2420);
#2418 = CARTESIAN_POINT('',(-23.04710102081,7.581061601639,3.));
#2419 = DIRECTION('',(-0.318487270295,0.947927137844,0.));
#2420 = DIRECTION('',(0.947927137844,0.318487270295,0.));
#2421 = ADVANCED_FACE('',(#2422),#2440,.T.);
#2422 = FACE_BOUND('',#2423,.T.);
#2423 = EDGE_LOOP('',(#2424,#2425,#2433,#2439));
#2424 = ORIENTED_EDGE('',*,*,#616,.T.);
#2425 = ORIENTED_EDGE('',*,*,#2426,.F.);
#2426 = EDGE_CURVE('',#2427,#609,#2429,.T.);
#2427 = VERTEX_POINT('',#2428);
#2428 = CARTESIAN_POINT('',(-22.47406005859,7.752618312836,0.));
#2429 = LINE('',#2430,#2431);
#2430 = CARTESIAN_POINT('',(-22.47406005859,7.752618312836,0.));
#2431 = VECTOR('',#2432,1.);
#2432 = DIRECTION('',(0.,0.,1.));
#2433 = ORIENTED_EDGE('',*,*,#2434,.T.);
#2434 = EDGE_CURVE('',#2427,#2404,#2435,.T.);
#2435 = LINE('',#2436,#2437);
#2436 = CARTESIAN_POINT('',(-22.47406005859,7.752618312836,0.));
#2437 = VECTOR('',#2438,1.);
#2438 = DIRECTION('',(-0.962624024108,-0.270841260169,0.));
#2439 = ORIENTED_EDGE('',*,*,#2403,.T.);
#2440 = PLANE('',#2441);
#2441 = AXIS2_PLACEMENT_3D('',#2442,#2443,#2444);
#2442 = CARTESIAN_POINT('',(-22.66605091095,7.698600292206,3.));
#2443 = DIRECTION('',(-0.270841260169,0.962624024108,0.));
#2444 = DIRECTION('',(0.962624024108,0.270841260169,0.));
#2445 = ADVANCED_FACE('',(#2446),#2464,.T.);
#2446 = FACE_BOUND('',#2447,.T.);
#2447 = EDGE_LOOP('',(#2448,#2449,#2457,#2463));
#2448 = ORIENTED_EDGE('',*,*,#608,.T.);
#2449 = ORIENTED_EDGE('',*,*,#2450,.T.);
#2450 = EDGE_CURVE('',#601,#2451,#2453,.T.);
#2451 = VERTEX_POINT('',#2452);
#2452 = CARTESIAN_POINT('',(-22.0851688385,7.841380119324,0.));
#2453 = LINE('',#2454,#2455);
#2454 = CARTESIAN_POINT('',(-22.0851688385,7.841380119324,6.));
#2455 = VECTOR('',#2456,1.);
#2456 = DIRECTION('',(0.,0.,-1.));
#2457 = ORIENTED_EDGE('',*,*,#2458,.T.);
#2458 = EDGE_CURVE('',#2451,#2427,#2459,.T.);
#2459 = LINE('',#2460,#2461);
#2460 = CARTESIAN_POINT('',(-22.0851688385,7.841380119324,0.));
#2461 = VECTOR('',#2462,1.);
#2462 = DIRECTION('',(-0.974927953921,-0.222520751086,0.));
#2463 = ORIENTED_EDGE('',*,*,#2426,.T.);
#2464 = PLANE('',#2465);
#2465 = AXIS2_PLACEMENT_3D('',#2466,#2467,#2468);
#2466 = CARTESIAN_POINT('',(-22.27961444854,7.79699921608,3.));
#2467 = DIRECTION('',(-0.222520751086,0.974927953921,0.));
#2468 = DIRECTION('',(0.974927953921,0.222520751086,0.));
#2469 = ADVANCED_FACE('',(#2470),#2488,.T.);
#2470 = FACE_BOUND('',#2471,.T.);
#2471 = EDGE_LOOP('',(#2472,#2473,#2474,#2482));
#2472 = ORIENTED_EDGE('',*,*,#2450,.F.);
#2473 = ORIENTED_EDGE('',*,*,#600,.T.);
#2474 = ORIENTED_EDGE('',*,*,#2475,.T.);
#2475 = EDGE_CURVE('',#593,#2476,#2478,.T.);
#2476 = VERTEX_POINT('',#2477);
#2477 = CARTESIAN_POINT('',(-21.69233894348,7.910646438599,0.));
#2478 = LINE('',#2479,#2480);
#2479 = CARTESIAN_POINT('',(-21.69233894348,7.910646438599,6.));
#2480 = VECTOR('',#2481,1.);
#2481 = DIRECTION('',(0.,0.,-1.));
#2482 = ORIENTED_EDGE('',*,*,#2483,.T.);
#2483 = EDGE_CURVE('',#2476,#2451,#2484,.T.);
#2484 = LINE('',#2485,#2486);
#2485 = CARTESIAN_POINT('',(-21.69233894348,7.910646438599,0.));
#2486 = VECTOR('',#2487,1.);
#2487 = DIRECTION('',(-0.984807834488,-0.173647715596,0.));
#2488 = PLANE('',#2489);
#2489 = AXIS2_PLACEMENT_3D('',#2490,#2491,#2492);
#2490 = CARTESIAN_POINT('',(-21.88875389099,7.876013278961,3.));
#2491 = DIRECTION('',(-0.173647715596,0.984807834488,0.));
#2492 = DIRECTION('',(0.984807834488,0.173647715596,0.));
#2493 = ADVANCED_FACE('',(#2494),#2512,.T.);
#2494 = FACE_BOUND('',#2495,.T.);
#2495 = EDGE_LOOP('',(#2496,#2504,#2510,#2511));
#2496 = ORIENTED_EDGE('',*,*,#2497,.F.);
#2497 = EDGE_CURVE('',#2498,#585,#2500,.T.);
#2498 = VERTEX_POINT('',#2499);
#2499 = CARTESIAN_POINT('',(-21.29654312133,7.960246086121,0.));
#2500 = LINE('',#2501,#2502);
#2501 = CARTESIAN_POINT('',(-21.29654312133,7.960246086121,0.));
#2502 = VECTOR('',#2503,1.);
#2503 = DIRECTION('',(0.,0.,1.));
#2504 = ORIENTED_EDGE('',*,*,#2505,.T.);
#2505 = EDGE_CURVE('',#2498,#2476,#2506,.T.);
#2506 = LINE('',#2507,#2508);
#2507 = CARTESIAN_POINT('',(-21.29654312133,7.960246086121,0.));
#2508 = VECTOR('',#2509,1.);
#2509 = DIRECTION('',(-0.992239207817,-0.124343694935,0.));
#2510 = ORIENTED_EDGE('',*,*,#2475,.F.);
#2511 = ORIENTED_EDGE('',*,*,#592,.F.);
#2512 = PLANE('',#2513);
#2513 = AXIS2_PLACEMENT_3D('',#2514,#2515,#2516);
#2514 = CARTESIAN_POINT('',(-21.49444103241,7.93544626236,3.));
#2515 = DIRECTION('',(-0.124343694935,0.992239207817,0.));
#2516 = DIRECTION('',(0.992239207817,0.124343694935,0.));
#2517 = ADVANCED_FACE('',(#2518),#2536,.T.);
#2518 = FACE_BOUND('',#2519,.T.);
#2519 = EDGE_LOOP('',(#2520,#2528,#2529,#2530));
#2520 = ORIENTED_EDGE('',*,*,#2521,.F.);
#2521 = EDGE_CURVE('',#2498,#2522,#2524,.T.);
#2522 = VERTEX_POINT('',#2523);
#2523 = CARTESIAN_POINT('',(-20.89876747131,7.990055561066,0.));
#2524 = LINE('',#2525,#2526);
#2525 = CARTESIAN_POINT('',(-21.29654312133,7.960246086121,0.));
#2526 = VECTOR('',#2527,1.);
#2527 = DIRECTION('',(0.997203739094,7.473086870406E-02,0.));
#2528 = ORIENTED_EDGE('',*,*,#2497,.T.);
#2529 = ORIENTED_EDGE('',*,*,#584,.T.);
#2530 = ORIENTED_EDGE('',*,*,#2531,.T.);
#2531 = EDGE_CURVE('',#577,#2522,#2532,.T.);
#2532 = LINE('',#2533,#2534);
#2533 = CARTESIAN_POINT('',(-20.89876747131,7.990055561066,6.));
#2534 = VECTOR('',#2535,1.);
#2535 = DIRECTION('',(0.,0.,-1.));
#2536 = PLANE('',#2537);
#2537 = AXIS2_PLACEMENT_3D('',#2538,#2539,#2540);
#2538 = CARTESIAN_POINT('',(-21.09765529632,7.975150823593,3.));
#2539 = DIRECTION('',(-7.473086870406E-02,0.997203739094,0.));
#2540 = DIRECTION('',(0.997203739094,7.473086870406E-02,0.));
#2541 = ADVANCED_FACE('',(#2542),#2560,.T.);
#2542 = FACE_BOUND('',#2543,.T.);
#2543 = EDGE_LOOP('',(#2544,#2552,#2553,#2554));
#2544 = ORIENTED_EDGE('',*,*,#2545,.T.);
#2545 = EDGE_CURVE('',#2546,#2522,#2548,.T.);
#2546 = VERTEX_POINT('',#2547);
#2547 = CARTESIAN_POINT('',(-20.5,8.,0.));
#2548 = LINE('',#2549,#2550);
#2549 = CARTESIAN_POINT('',(-20.5,8.,0.));
#2550 = VECTOR('',#2551,1.);
#2551 = DIRECTION('',(-0.999689194556,-2.493018830202E-02,0.));
#2552 = ORIENTED_EDGE('',*,*,#2531,.F.);
#2553 = ORIENTED_EDGE('',*,*,#576,.T.);
#2554 = ORIENTED_EDGE('',*,*,#2555,.T.);
#2555 = EDGE_CURVE('',#569,#2546,#2556,.T.);
#2556 = LINE('',#2557,#2558);
#2557 = CARTESIAN_POINT('',(-20.5,8.,6.));
#2558 = VECTOR('',#2559,1.);
#2559 = DIRECTION('',(0.,0.,-1.));
#2560 = PLANE('',#2561);
#2561 = AXIS2_PLACEMENT_3D('',#2562,#2563,#2564);
#2562 = CARTESIAN_POINT('',(-20.69938373565,7.995027780533,3.));
#2563 = DIRECTION('',(-2.493018830202E-02,0.999689194556,0.));
#2564 = DIRECTION('',(0.999689194556,2.493018830202E-02,0.));
#2565 = ADVANCED_FACE('',(#2566),#2600,.T.);
#2566 = FACE_BOUND('',#2567,.T.);
#2567 = EDGE_LOOP('',(#2568,#2569,#2577,#2584,#2585,#2593,#2599));
#2568 = ORIENTED_EDGE('',*,*,#568,.T.);
#2569 = ORIENTED_EDGE('',*,*,#2570,.T.);
#2570 = EDGE_CURVE('',#560,#2571,#2573,.T.);
#2571 = VERTEX_POINT('',#2572);
#2572 = CARTESIAN_POINT('',(-3.062257748299,8.,6.));
#2573 = LINE('',#2574,#2575);
#2574 = CARTESIAN_POINT('',(-20.5,8.,6.));
#2575 = VECTOR('',#2576,1.);
#2576 = DIRECTION('',(1.,0.,0.));
#2577 = ORIENTED_EDGE('',*,*,#2578,.F.);
#2578 = EDGE_CURVE('',#480,#2571,#2579,.T.);
#2579 = CIRCLE('',#2580,9.);
#2580 = AXIS2_PLACEMENT_3D('',#2581,#2582,#2583);
#2581 = CARTESIAN_POINT('',(5.,8.,10.));
#2582 = DIRECTION('',(-0.,1.,2.22044604925E-16));
#2583 = DIRECTION('',(1.,0.,0.));
#2584 = ORIENTED_EDGE('',*,*,#479,.T.);
#2585 = ORIENTED_EDGE('',*,*,#2586,.T.);
#2586 = EDGE_CURVE('',#472,#2587,#2589,.T.);
#2587 = VERTEX_POINT('',#2588);
#2588 = CARTESIAN_POINT('',(20.5,8.,0.));
#2589 = LINE('',#2590,#2591);
#2590 = CARTESIAN_POINT('',(20.5,8.,6.));
#2591 = VECTOR('',#2592,1.);
#2592 = DIRECTION('',(0.,0.,-1.));
#2593 = ORIENTED_EDGE('',*,*,#2594,.T.);
#2594 = EDGE_CURVE('',#2587,#2546,#2595,.T.);
#2595 = LINE('',#2596,#2597);
#2596 = CARTESIAN_POINT('',(20.5,8.,0.));
#2597 = VECTOR('',#2598,1.);
#2598 = DIRECTION('',(-1.,0.,0.));
#2599 = ORIENTED_EDGE('',*,*,#2555,.F.);
#2600 = PLANE('',#2601);
#2601 = AXIS2_PLACEMENT_3D('',#2602,#2603,#2604);
#2602 = CARTESIAN_POINT('',(0.174874092256,8.,2.51799921308));
#2603 = DIRECTION('',(0.,1.,0.));
#2604 = DIRECTION('',(0.,0.,1.));
#2605 = ADVANCED_FACE('',(#2606),#2799,.T.);
#2606 = FACE_BOUND('',#2607,.F.);
#2607 = EDGE_LOOP('',(#2608,#2609,#2618,#2635,#2643,#2652,#2719,#2726,
    #2733,#2734));
#2608 = ORIENTED_EDGE('',*,*,#559,.T.);
#2609 = ORIENTED_EDGE('',*,*,#2610,.T.);
#2610 = EDGE_CURVE('',#560,#2611,#2613,.T.);
#2611 = VERTEX_POINT('',#2612);
#2612 = CARTESIAN_POINT('',(-3.062257748299,7.678481748317,6.));
#2613 = CIRCLE('',#2614,6.);
#2614 = AXIS2_PLACEMENT_3D('',#2615,#2616,#2617);
#2615 = CARTESIAN_POINT('',(-5.,2.,6.));
#2616 = DIRECTION('',(0.,0.,-1.));
#2617 = DIRECTION('',(1.,0.,0.));
#2618 = ORIENTED_EDGE('',*,*,#2619,.F.);
#2619 = EDGE_CURVE('',#2620,#2611,#2622,.T.);
#2620 = VERTEX_POINT('',#2621);
#2621 = CARTESIAN_POINT('',(-1.031373033403,6.5,3.319989570971));
#2622 = B_SPLINE_CURVE_WITH_KNOTS('',6,(#2623,#2624,#2625,#2626,#2627,
    #2628,#2629,#2630,#2631,#2632,#2633,#2634),.UNSPECIFIED.,.F.,.F.,(7,
    5,7),(0.,0.53335072956,1.),.UNSPECIFIED.);
#2623 = CARTESIAN_POINT('',(-1.031208099429,6.499854536534,
    3.319840655989));
#2624 = CARTESIAN_POINT('',(-1.234626977613,6.679266379651,
    3.503498189066));
#2625 = CARTESIAN_POINT('',(-1.439968929368,6.840755351716,
    3.702384299418));
#2626 = CARTESIAN_POINT('',(-1.644092432434,6.984377025309,
    3.915810608096));
#2627 = CARTESIAN_POINT('',(-1.843918459826,7.110810135188,
    4.142491013989));
#2628 = CARTESIAN_POINT('',(-2.036581127329,7.221189639249,
    4.380345168504));
#2629 = CARTESIAN_POINT('',(-2.379799412919,7.400668067463,
    4.841461930155));
#2630 = CARTESIAN_POINT('',(-2.532928514031,7.473370889664,
    5.063260310039));
#2631 = CARTESIAN_POINT('',(-2.678254697642,7.536357140005,
    5.290892594534));
#2632 = CARTESIAN_POINT('',(-2.815188942938,7.590831899605,
    5.523512739287));
#2633 = CARTESIAN_POINT('',(-2.943288567689,7.63788434603,5.760209950455
    ));
#2634 = CARTESIAN_POINT('',(-3.062257748299,7.678481748317,6.));
#2635 = ORIENTED_EDGE('',*,*,#2636,.F.);
#2636 = EDGE_CURVE('',#2637,#2620,#2639,.T.);
#2637 = VERTEX_POINT('',#2638);
#2638 = CARTESIAN_POINT('',(-1.031373033403,6.5,6.));
#2639 = LINE('',#2640,#2641);
#2640 = CARTESIAN_POINT('',(-1.031373033403,6.5,9.992007221626E-16));
#2641 = VECTOR('',#2642,1.);
#2642 = DIRECTION('',(-0.,-0.,-1.));
#2643 = ORIENTED_EDGE('',*,*,#2644,.T.);
#2644 = EDGE_CURVE('',#2637,#2645,#2647,.T.);
#2645 = VERTEX_POINT('',#2646);
#2646 = CARTESIAN_POINT('',(0.527864045002,4.33296358735,6.));
#2647 = CIRCLE('',#2648,6.);
#2648 = AXIS2_PLACEMENT_3D('',#2649,#2650,#2651);
#2649 = CARTESIAN_POINT('',(-5.,2.,6.));
#2650 = DIRECTION('',(0.,0.,-1.));
#2651 = DIRECTION('',(1.,0.,0.));
#2652 = ORIENTED_EDGE('',*,*,#2653,.T.);
#2653 = EDGE_CURVE('',#2645,#2654,#2656,.T.);
#2654 = VERTEX_POINT('',#2655);
#2655 = CARTESIAN_POINT('',(1.,2.,14.472135955));
#2656 = B_SPLINE_CURVE_WITH_KNOTS('',6,(#2657,#2658,#2659,#2660,#2661,
    #2662,#2663,#2664,#2665,#2666,#2667,#2668,#2669,#2670,#2671,#2672,
    #2673,#2674,#2675,#2676,#2677,#2678,#2679,#2680,#2681,#2682,#2683,
    #2684,#2685,#2686,#2687,#2688,#2689,#2690,#2691,#2692,#2693,#2694,
    #2695,#2696,#2697,#2698,#2699,#2700,#2701,#2702,#2703,#2704,#2705,
    #2706,#2707,#2708,#2709,#2710,#2711,#2712,#2713,#2714,#2715,#2716,
    #2717,#2718),.UNSPECIFIED.,.F.,.F.,(7,5,5,5,5,5,5,5,5,5,5,5,7),(0.,
    0.138858091976,0.179093807946,0.251165943481,0.322604791432,
    0.361206515661,0.499809878433,0.594005919157,0.677138006357,
    0.748633810151,0.820763406429,0.861031201013,1.),.UNSPECIFIED.);
#2657 = CARTESIAN_POINT('',(1.,2.,5.527864045));
#2658 = CARTESIAN_POINT('',(1.,2.341417282868,5.527864045));
#2659 = CARTESIAN_POINT('',(0.976686994879,2.683525642538,5.548716632074
    ));
#2660 = CARTESIAN_POINT('',(0.929883036793,3.0230450125,5.590575647405)
  );
#2661 = CARTESIAN_POINT('',(0.860227642947,3.356676153014,5.654526957035
    ));
#2662 = CARTESIAN_POINT('',(0.769162866078,3.681191460153,5.742604764979
    ));
#2663 = CARTESIAN_POINT('',(0.62726686702,4.084004217031,5.891309536388)
  );
#2664 = CARTESIAN_POINT('',(0.593823352027,4.173401717452,5.926975583472
    ));
#2665 = CARTESIAN_POINT('',(0.558900994954,4.261567780883,5.964945322197
    ));
#2666 = CARTESIAN_POINT('',(0.522597949842,4.348380909279,6.00526340298)
  );
#2667 = CARTESIAN_POINT('',(0.485023090189,4.433729927381,6.047972537079
    ));
#2668 = CARTESIAN_POINT('',(0.376921986494,4.66759177192,6.173970701003)
  );
#2669 = CARTESIAN_POINT('',(0.303810632234,4.812728749057,6.262672408433
    ));
#2670 = CARTESIAN_POINT('',(0.227767185621,4.952038530103,6.359307764136
    ));
#2671 = CARTESIAN_POINT('',(0.149735599362,5.084832434643,6.463850160883
    ));
#2672 = CARTESIAN_POINT('',(7.072513729757E-02,5.210609395229,
    6.57613929079));
#2673 = CARTESIAN_POINT('',(-8.655412061884E-02,5.446441804396,
    6.814536132124));
#2674 = CARTESIAN_POINT('',(-0.164723663036,5.556476005297,
    6.940362498439));
#2675 = CARTESIAN_POINT('',(-0.241797932549,5.658870742371,
    7.073014463878));
#2676 = CARTESIAN_POINT('',(-0.316803609811,5.753489768116,
    7.211993217893));
#2677 = CARTESIAN_POINT('',(-0.388833744349,5.840321810717,
    7.356620331925));
#2678 = CARTESIAN_POINT('',(-0.494010891358,5.962228188609,
    7.586760826845));
#2679 = CARTESIAN_POINT('',(-0.529823441086,6.002760312921,7.66891412955
    ));
#2680 = CARTESIAN_POINT('',(-0.564450241318,6.041096877215,
    7.752398824701));
#2681 = CARTESIAN_POINT('',(-0.597796536692,6.077276283913,
    7.837116695719));
#2682 = CARTESIAN_POINT('',(-0.629776653194,6.11133841885,7.922960939686
    ));
#2683 = CARTESIAN_POINT('',(-0.769966882415,6.258172548244,
    8.321678308526));
#2684 = CARTESIAN_POINT('',(-0.860719976206,6.34592523584,8.645683417593
    ));
#2685 = CARTESIAN_POINT('',(-0.93013277306,6.409647718957,8.978761135911
    ));
#2686 = CARTESIAN_POINT('',(-0.976770836344,6.451358351461,
    9.317694967527));
#2687 = CARTESIAN_POINT('',(-1.,6.472135955,9.659197241659));
#2688 = CARTESIAN_POINT('',(-1.,6.472135955,10.231612493822));
#2689 = CARTESIAN_POINT('',(-0.989270688482,6.462540037264,
    10.463312003443));
#2690 = CARTESIAN_POINT('',(-0.967799050013,6.443333397299,
    10.694198422772));
#2691 = CARTESIAN_POINT('',(-0.935700025736,6.414277325098,
    10.923365162315));
#2692 = CARTESIAN_POINT('',(-0.893233392534,6.374900708887,
    11.149899905511));
#2693 = CARTESIAN_POINT('',(-0.794564119132,6.280003262218,
    11.569679694487));
#2694 = CARTESIAN_POINT('',(-0.740519484211,6.226881374468,
    11.76388574137));
#2695 = CARTESIAN_POINT('',(-0.679068829138,6.164720214473,
    11.954370783366));
#2696 = CARTESIAN_POINT('',(-0.610806155543,6.093077959495,
    12.140121882022));
#2697 = CARTESIAN_POINT('',(-0.536509862527,6.011486946682,
    12.320246212835));
#2698 = CARTESIAN_POINT('',(-0.388833744349,5.840321810717,
    12.643379668075));
#2699 = CARTESIAN_POINT('',(-0.316803609811,5.753489768116,
    12.788006782107));
#2700 = CARTESIAN_POINT('',(-0.241797932549,5.658870742371,
    12.926985536122));
#2701 = CARTESIAN_POINT('',(-0.164723663036,5.556476005297,
    13.059637501561));
#2702 = CARTESIAN_POINT('',(-8.655412061885E-02,5.446441804396,
    13.185463867876));
#2703 = CARTESIAN_POINT('',(7.072513729759E-02,5.210609395229,
    13.42386070921));
#2704 = CARTESIAN_POINT('',(0.149735599362,5.084832434643,
    13.536149839117));
#2705 = CARTESIAN_POINT('',(0.227767185621,4.952038530103,
    13.640692235864));
#2706 = CARTESIAN_POINT('',(0.303810632234,4.812728749057,
    13.737327591567));
#2707 = CARTESIAN_POINT('',(0.376921986494,4.66759177192,13.826029298997
    ));
#2708 = CARTESIAN_POINT('',(0.485023090189,4.433729927381,
    13.952027462921));
#2709 = CARTESIAN_POINT('',(0.522597949842,4.348380909279,13.99473659702
    ));
#2710 = CARTESIAN_POINT('',(0.558900994954,4.261567780883,
    14.035054677803));
#2711 = CARTESIAN_POINT('',(0.593823352027,4.173401717452,
    14.073024416528));
#2712 = CARTESIAN_POINT('',(0.62726686702,4.084004217031,14.108690463612
    ));
#2713 = CARTESIAN_POINT('',(0.769162866095,3.681191460103,14.25739523504
    ));
#2714 = CARTESIAN_POINT('',(0.860227642938,3.356676153021,
    14.345473042953));
#2715 = CARTESIAN_POINT('',(0.929883036782,3.023045012554,
    14.409424352587));
#2716 = CARTESIAN_POINT('',(0.976686994887,2.683525642558,
    14.451283367933));
#2717 = CARTESIAN_POINT('',(1.,2.341417282812,14.472135955));
#2718 = CARTESIAN_POINT('',(1.,2.,14.472135955));
#2719 = ORIENTED_EDGE('',*,*,#2720,.F.);
#2720 = EDGE_CURVE('',#2721,#2654,#2723,.T.);
#2721 = VERTEX_POINT('',#2722);
#2722 = CARTESIAN_POINT('',(1.,2.,15.));
#2723 = B_SPLINE_CURVE_WITH_KNOTS('',1,(#2724,#2725),.UNSPECIFIED.,.F.,
  .F.,(2,2),(-15.,-14.472135955),.PIECEWISE_BEZIER_KNOTS.);
#2724 = CARTESIAN_POINT('',(1.,2.,15.));
#2725 = CARTESIAN_POINT('',(1.,2.,14.472135955));
#2726 = ORIENTED_EDGE('',*,*,#2727,.T.);
#2727 = EDGE_CURVE('',#2721,#2721,#2728,.T.);
#2728 = CIRCLE('',#2729,6.);
#2729 = AXIS2_PLACEMENT_3D('',#2730,#2731,#2732);
#2730 = CARTESIAN_POINT('',(-5.,2.,15.));
#2731 = DIRECTION('',(0.,0.,1.));
#2732 = DIRECTION('',(1.,0.,0.));
#2733 = ORIENTED_EDGE('',*,*,#2720,.T.);
#2734 = ORIENTED_EDGE('',*,*,#2735,.T.);
#2735 = EDGE_CURVE('',#2654,#552,#2736,.T.);
#2736 = B_SPLINE_CURVE_WITH_KNOTS('',6,(#2737,#2738,#2739,#2740,#2741,
    #2742,#2743,#2744,#2745,#2746,#2747,#2748,#2749,#2750,#2751,#2752,
    #2753,#2754,#2755,#2756,#2757,#2758,#2759,#2760,#2761,#2762,#2763,
    #2764,#2765,#2766,#2767,#2768,#2769,#2770,#2771,#2772,#2773,#2774,
    #2775,#2776,#2777,#2778,#2779,#2780,#2781,#2782,#2783,#2784,#2785,
    #2786,#2787,#2788,#2789,#2790,#2791,#2792,#2793,#2794,#2795,#2796,
    #2797,#2798),.UNSPECIFIED.,.F.,.F.,(7,5,5,5,5,5,5,5,5,5,5,5,7),(0.,
    0.139326246363,0.177655097177,0.24980533911,0.321499999908,
    0.36092602902,0.499806988227,0.595948324031,0.678232979094,
    0.7499871857,0.822197351824,0.860558036561,1.),.UNSPECIFIED.);
#2737 = CARTESIAN_POINT('',(1.,2.,14.472135955));
#2738 = CARTESIAN_POINT('',(1.,1.657432363659,14.472135955));
#2739 = CARTESIAN_POINT('',(0.976529632844,1.31416120871,14.451142595127
    ));
#2740 = CARTESIAN_POINT('',(0.929407138433,0.973505346558,
    14.408998784065));
#2741 = CARTESIAN_POINT('',(0.859281811162,0.638802786729,
    14.344604656171));
#2742 = CARTESIAN_POINT('',(0.76761841055,0.313317241933,14.25590076331)
  );
#2743 = CARTESIAN_POINT('',(0.626456771367,-8.598498814158E-02,
    14.107805745968));
#2744 = CARTESIAN_POINT('',(0.594585157789,-0.171129924798,
    14.073803912936));
#2745 = CARTESIAN_POINT('',(0.561371879301,-0.255157673395,
    14.037711631752));
#2746 = CARTESIAN_POINT('',(0.526901450664,-0.33796352331,
    13.999490109315));
#2747 = CARTESIAN_POINT('',(0.491267216791,-0.419451195443,
    13.959102077527));
#2748 = CARTESIAN_POINT('',(0.385491668249,-0.650278395049,
    13.836340980734));
#2749 = CARTESIAN_POINT('',(0.312606553475,-0.796130911472,
    13.748320653897));
#2750 = CARTESIAN_POINT('',(0.236714691534,-0.936196586738,
    13.652353710566));
#2751 = CARTESIAN_POINT('',(0.158755122479,-1.069778902551,
    13.548456744736));
#2752 = CARTESIAN_POINT('',(7.97346772096E-02,-1.19636877184,
    13.436777915188));
#2753 = CARTESIAN_POINT('',(-7.792218503699E-02,-1.434147624934,
    13.199203351649));
#2754 = CARTESIAN_POINT('',(-0.156456753856,-1.545276080741,
    13.073554423992));
#2755 = CARTESIAN_POINT('',(-0.233961798788,-1.64872517183,
    12.940992424786));
#2756 = CARTESIAN_POINT('',(-0.309448000081,-1.744346031105,
    12.802015692252));
#2757 = CARTESIAN_POINT('',(-0.381991507034,-1.832118919686,
    12.657305672573));
#2758 = CARTESIAN_POINT('',(-0.48864415291,-1.956139101596,
    12.425486018137));
#2759 = CARTESIAN_POINT('',(-0.525367864566,-1.997809831229,
    12.341741092902));
#2760 = CARTESIAN_POINT('',(-0.560864122983,-2.037186746429,
    12.256596976186));
#2761 = CARTESIAN_POINT('',(-0.595031044762,-2.074310306808,
    12.17015832597));
#2762 = CARTESIAN_POINT('',(-0.627776630834,-2.109222697688,
    12.082539256661));
#2763 = CARTESIAN_POINT('',(-0.769077506827,-2.257312773045,
    11.681496488238));
#2764 = CARTESIAN_POINT('',(-0.860175133212,-2.345424736578,
    11.356927090788));
#2765 = CARTESIAN_POINT('',(-0.929855738147,-2.40939992048,
    11.023239332264));
#2766 = CARTESIAN_POINT('',(-0.976677429376,-2.45127482306,
    10.683660137587));
#2767 = CARTESIAN_POINT('',(-1.,-2.472135955,10.341487294214));
#2768 = CARTESIAN_POINT('',(-1.,-2.472135955,9.763602981911));
#2769 = CARTESIAN_POINT('',(-0.988823302491,-2.462139180856,
    9.527108684602));
#2770 = CARTESIAN_POINT('',(-0.966452576123,-2.442130343675,
    9.29147952672));
#2771 = CARTESIAN_POINT('',(-0.933018037951,-2.411848137977,
    9.057682616372));
#2772 = CARTESIAN_POINT('',(-0.888798121376,-2.370785086004,
    8.826690870071));
#2773 = CARTESIAN_POINT('',(-0.787576884982,-2.273136840267,
    8.405024306329));
#2774 = CARTESIAN_POINT('',(-0.733297745016,-2.219604342551,
    8.21317711485));
#2775 = CARTESIAN_POINT('',(-0.671804384966,-2.157175698893,
    8.025049131013));
#2776 = CARTESIAN_POINT('',(-0.603687068356,-2.085423000856,
    7.841628165027));
#2777 = CARTESIAN_POINT('',(-0.529713940436,-2.003896777725,
    7.663783065382));
#2778 = CARTESIAN_POINT('',(-0.381991507034,-1.832118919686,
    7.342694327427));
#2779 = CARTESIAN_POINT('',(-0.309448000081,-1.744346031105,
    7.197984307748));
#2780 = CARTESIAN_POINT('',(-0.233961798788,-1.64872517183,
    7.059007575214));
#2781 = CARTESIAN_POINT('',(-0.156456753856,-1.545276080741,
    6.926445576008));
#2782 = CARTESIAN_POINT('',(-7.792218503701E-02,-1.434147624934,
    6.800796648351));
#2783 = CARTESIAN_POINT('',(7.973467720957E-02,-1.19636877184,
    6.563222084812));
#2784 = CARTESIAN_POINT('',(0.158755122479,-1.069778902551,
    6.451543255264));
#2785 = CARTESIAN_POINT('',(0.236714691534,-0.936196586738,
    6.347646289434));
#2786 = CARTESIAN_POINT('',(0.312606553475,-0.796130911472,
    6.251679346103));
#2787 = CARTESIAN_POINT('',(0.385491668249,-0.650278395049,
    6.163659019266));
#2788 = CARTESIAN_POINT('',(0.491267216791,-0.419451195443,
    6.040897922473));
#2789 = CARTESIAN_POINT('',(0.526901450664,-0.33796352331,6.000509890685
    ));
#2790 = CARTESIAN_POINT('',(0.561371879302,-0.255157673395,
    5.962288368248));
#2791 = CARTESIAN_POINT('',(0.594585157789,-0.171129924798,
    5.926196087064));
#2792 = CARTESIAN_POINT('',(0.626456771367,-8.598498814164E-02,
    5.892194254032));
#2793 = CARTESIAN_POINT('',(0.767618410578,0.313317242012,5.74409923666)
  );
#2794 = CARTESIAN_POINT('',(0.859281811146,0.638802786718,5.655395343849
    ));
#2795 = CARTESIAN_POINT('',(0.929407138416,0.973505346474,5.591001215947
    ));
#2796 = CARTESIAN_POINT('',(0.976529632856,1.314161208676,5.548857404862
    ));
#2797 = CARTESIAN_POINT('',(1.,1.657432363749,5.527864045));
#2798 = CARTESIAN_POINT('',(1.,2.,5.527864045));
#2799 = CYLINDRICAL_SURFACE('',#2800,6.);
#2800 = AXIS2_PLACEMENT_3D('',#2801,#2802,#2803);
#2801 = CARTESIAN_POINT('',(-5.,2.,0.));
#2802 = DIRECTION('',(-0.,-0.,-1.));
#2803 = DIRECTION('',(1.,0.,0.));
#2804 = ADVANCED_FACE('',(#2805),#2851,.T.);
#2805 = FACE_BOUND('',#2806,.F.);
#2806 = EDGE_LOOP('',(#2807,#2816,#2823,#2824,#2825,#2826,#2834,#2843,
    #2850));
#2807 = ORIENTED_EDGE('',*,*,#2808,.T.);
#2808 = EDGE_CURVE('',#504,#2809,#2811,.T.);
#2809 = VERTEX_POINT('',#2810);
#2810 = CARTESIAN_POINT('',(11.,-8.,10.));
#2811 = CIRCLE('',#2812,6.);
#2812 = AXIS2_PLACEMENT_3D('',#2813,#2814,#2815);
#2813 = CARTESIAN_POINT('',(5.,-8.,10.));
#2814 = DIRECTION('',(0.,-1.,-2.22044604925E-16));
#2815 = DIRECTION('',(1.,0.,0.));
#2816 = ORIENTED_EDGE('',*,*,#2817,.T.);
#2817 = EDGE_CURVE('',#2809,#544,#2818,.T.);
#2818 = CIRCLE('',#2819,6.);
#2819 = AXIS2_PLACEMENT_3D('',#2820,#2821,#2822);
#2820 = CARTESIAN_POINT('',(5.,-8.,10.));
#2821 = DIRECTION('',(0.,-1.,-2.22044604925E-16));
#2822 = DIRECTION('',(1.,0.,0.));
#2823 = ORIENTED_EDGE('',*,*,#551,.T.);
#2824 = ORIENTED_EDGE('',*,*,#2735,.F.);
#2825 = ORIENTED_EDGE('',*,*,#2653,.F.);
#2826 = ORIENTED_EDGE('',*,*,#2827,.T.);
#2827 = EDGE_CURVE('',#2645,#2828,#2830,.T.);
#2828 = VERTEX_POINT('',#2829);
#2829 = CARTESIAN_POINT('',(0.527864045001,6.5,6.));
#2830 = LINE('',#2831,#2832);
#2831 = CARTESIAN_POINT('',(0.527864045,6.5,6.));
#2832 = VECTOR('',#2833,1.);
#2833 = DIRECTION('',(0.,1.,2.22044604925E-16));
#2834 = ORIENTED_EDGE('',*,*,#2835,.F.);
#2835 = EDGE_CURVE('',#2836,#2828,#2838,.T.);
#2836 = VERTEX_POINT('',#2837);
#2837 = CARTESIAN_POINT('',(11.,6.5,10.));
#2838 = CIRCLE('',#2839,6.);
#2839 = AXIS2_PLACEMENT_3D('',#2840,#2841,#2842);
#2840 = CARTESIAN_POINT('',(5.,6.5,10.));
#2841 = DIRECTION('',(0.,-1.,-2.22044604925E-16));
#2842 = DIRECTION('',(1.,0.,0.));
#2843 = ORIENTED_EDGE('',*,*,#2844,.F.);
#2844 = EDGE_CURVE('',#496,#2836,#2845,.T.);
#2845 = CIRCLE('',#2846,6.);
#2846 = AXIS2_PLACEMENT_3D('',#2847,#2848,#2849);
#2847 = CARTESIAN_POINT('',(5.,6.5,10.));
#2848 = DIRECTION('',(0.,-1.,-2.22044604925E-16));
#2849 = DIRECTION('',(1.,0.,0.));
#2850 = ORIENTED_EDGE('',*,*,#503,.F.);
#2851 = CYLINDRICAL_SURFACE('',#2852,6.);
#2852 = AXIS2_PLACEMENT_3D('',#2853,#2854,#2855);
#2853 = CARTESIAN_POINT('',(5.,6.5,10.));
#2854 = DIRECTION('',(0.,1.,2.22044604925E-16));
#2855 = DIRECTION('',(1.,0.,0.));
#2856 = ADVANCED_FACE('',(#2857),#2901,.T.);
#2857 = FACE_BOUND('',#2858,.T.);
#2858 = EDGE_LOOP('',(#2859,#2860,#2861,#2862,#2863,#2871,#2879,#2887,
    #2895));
#2859 = ORIENTED_EDGE('',*,*,#511,.T.);
#2860 = ORIENTED_EDGE('',*,*,#2808,.T.);
#2861 = ORIENTED_EDGE('',*,*,#2817,.T.);
#2862 = ORIENTED_EDGE('',*,*,#543,.T.);
#2863 = ORIENTED_EDGE('',*,*,#2864,.T.);
#2864 = EDGE_CURVE('',#536,#2865,#2867,.T.);
#2865 = VERTEX_POINT('',#2866);
#2866 = CARTESIAN_POINT('',(0.25,-8.,10.));
#2867 = LINE('',#2868,#2869);
#2868 = CARTESIAN_POINT('',(0.84375,-8.,8.971594833006));
#2869 = VECTOR('',#2870,1.);
#2870 = DIRECTION('',(-0.5,-1.922962686384E-16,0.866025403784));
#2871 = ORIENTED_EDGE('',*,*,#2872,.T.);
#2872 = EDGE_CURVE('',#2865,#2873,#2875,.T.);
#2873 = VERTEX_POINT('',#2874);
#2874 = CARTESIAN_POINT('',(2.625,-8.,14.113620667976));
#2875 = LINE('',#2876,#2877);
#2876 = CARTESIAN_POINT('',(2.03125,-8.,13.085215500982));
#2877 = VECTOR('',#2878,1.);
#2878 = DIRECTION('',(0.5,-1.922962686384E-16,0.866025403784));
#2879 = ORIENTED_EDGE('',*,*,#2880,.T.);
#2880 = EDGE_CURVE('',#2873,#2881,#2883,.T.);
#2881 = VERTEX_POINT('',#2882);
#2882 = CARTESIAN_POINT('',(7.375,-8.,14.113620667976));
#2883 = LINE('',#2884,#2885);
#2884 = CARTESIAN_POINT('',(6.1875,-8.,14.113620667976));
#2885 = VECTOR('',#2886,1.);
#2886 = DIRECTION('',(1.,4.151899501163E-32,-1.869849304632E-16));
#2887 = ORIENTED_EDGE('',*,*,#2888,.T.);
#2888 = EDGE_CURVE('',#2881,#2889,#2891,.T.);
#2889 = VERTEX_POINT('',#2890);
#2890 = CARTESIAN_POINT('',(9.75,-8.,10.));
#2891 = LINE('',#2892,#2893);
#2892 = CARTESIAN_POINT('',(9.15625,-8.,11.028405166994));
#2893 = VECTOR('',#2894,1.);
#2894 = DIRECTION('',(0.5,1.922962686384E-16,-0.866025403784));
#2895 = ORIENTED_EDGE('',*,*,#2896,.T.);
#2896 = EDGE_CURVE('',#2889,#512,#2897,.T.);
#2897 = LINE('',#2898,#2899);
#2898 = CARTESIAN_POINT('',(7.96875,-8.,6.914784499018));
#2899 = VECTOR('',#2900,1.);
#2900 = DIRECTION('',(-0.5,1.922962686384E-16,-0.866025403784));
#2901 = PLANE('',#2902);
#2902 = AXIS2_PLACEMENT_3D('',#2903,#2904,#2905);
#2903 = CARTESIAN_POINT('',(5.,-8.,10.));
#2904 = DIRECTION('',(0.,-1.,-2.22044604925E-16));
#2905 = DIRECTION('',(1.,0.,0.));
#2906 = ADVANCED_FACE('',(#2907),#2941,.T.);
#2907 = FACE_BOUND('',#2908,.T.);
#2908 = EDGE_LOOP('',(#2909,#2919,#2925,#2926,#2927,#2935));
#2909 = ORIENTED_EDGE('',*,*,#2910,.F.);
#2910 = EDGE_CURVE('',#2911,#2913,#2915,.T.);
#2911 = VERTEX_POINT('',#2912);
#2912 = CARTESIAN_POINT('',(0.25,-1.95,10.));
#2913 = VERTEX_POINT('',#2914);
#2914 = CARTESIAN_POINT('',(2.625,-1.95,5.886379332024));
#2915 = LINE('',#2916,#2917);
#2916 = CARTESIAN_POINT('',(0.25,-1.95,10.));
#2917 = VECTOR('',#2918,1.);
#2918 = DIRECTION('',(0.5,1.922962686384E-16,-0.866025403784));
#2919 = ORIENTED_EDGE('',*,*,#2920,.T.);
#2920 = EDGE_CURVE('',#2911,#2865,#2921,.T.);
#2921 = LINE('',#2922,#2923);
#2922 = CARTESIAN_POINT('',(0.25,-1.95,10.));
#2923 = VECTOR('',#2924,1.);
#2924 = DIRECTION('',(0.,-1.,-2.22044604925E-16));
#2925 = ORIENTED_EDGE('',*,*,#2864,.F.);
#2926 = ORIENTED_EDGE('',*,*,#535,.F.);
#2927 = ORIENTED_EDGE('',*,*,#2928,.T.);
#2928 = EDGE_CURVE('',#528,#2929,#2931,.T.);
#2929 = VERTEX_POINT('',#2930);
#2930 = CARTESIAN_POINT('',(2.625,-8.05,5.886379332024));
#2931 = LINE('',#2932,#2933);
#2932 = CARTESIAN_POINT('',(0.25,-8.05,10.));
#2933 = VECTOR('',#2934,1.);
#2934 = DIRECTION('',(0.5,1.922962686384E-16,-0.866025403784));
#2935 = ORIENTED_EDGE('',*,*,#2936,.F.);
#2936 = EDGE_CURVE('',#2913,#2929,#2937,.T.);
#2937 = LINE('',#2938,#2939);
#2938 = CARTESIAN_POINT('',(2.625,-1.95,5.886379332024));
#2939 = VECTOR('',#2940,1.);
#2940 = DIRECTION('',(0.,-1.,-2.22044604925E-16));
#2941 = PLANE('',#2942);
#2942 = AXIS2_PLACEMENT_3D('',#2943,#2944,#2945);
#2943 = CARTESIAN_POINT('',(0.25,-1.95,10.));
#2944 = DIRECTION('',(0.866025403784,-1.110223024625E-16,0.5));
#2945 = DIRECTION('',(0.5,1.922962686384E-16,-0.866025403784));
#2946 = ADVANCED_FACE('',(#2947),#2965,.F.);
#2947 = FACE_BOUND('',#2948,.F.);
#2948 = EDGE_LOOP('',(#2949,#2957,#2958,#2959));
#2949 = ORIENTED_EDGE('',*,*,#2950,.T.);
#2950 = EDGE_CURVE('',#2951,#520,#2953,.T.);
#2951 = VERTEX_POINT('',#2952);
#2952 = CARTESIAN_POINT('',(7.375,-8.05,5.886379332024));
#2953 = LINE('',#2954,#2955);
#2954 = CARTESIAN_POINT('',(7.375,-8.05,5.886379332024));
#2955 = VECTOR('',#2956,1.);
#2956 = DIRECTION('',(0.5,-1.922962686384E-16,0.866025403784));
#2957 = ORIENTED_EDGE('',*,*,#527,.F.);
#2958 = ORIENTED_EDGE('',*,*,#2928,.T.);
#2959 = ORIENTED_EDGE('',*,*,#2960,.T.);
#2960 = EDGE_CURVE('',#2929,#2951,#2961,.T.);
#2961 = LINE('',#2962,#2963);
#2962 = CARTESIAN_POINT('',(2.625,-8.05,5.886379332024));
#2963 = VECTOR('',#2964,1.);
#2964 = DIRECTION('',(1.,8.303799002326E-32,-3.739698609264E-16));
#2965 = PLANE('',#2966);
#2966 = AXIS2_PLACEMENT_3D('',#2967,#2968,#2969);
#2967 = CARTESIAN_POINT('',(5.,-8.05,10.));
#2968 = DIRECTION('',(0.,-1.,-2.22044604925E-16));
#2969 = DIRECTION('',(1.,0.,0.));
#2970 = ADVANCED_FACE('',(#2971),#2998,.T.);
#2971 = FACE_BOUND('',#2972,.T.);
#2972 = EDGE_LOOP('',(#2973,#2983,#2989,#2990,#2991,#2992));
#2973 = ORIENTED_EDGE('',*,*,#2974,.F.);
#2974 = EDGE_CURVE('',#2975,#2977,#2979,.T.);
#2975 = VERTEX_POINT('',#2976);
#2976 = CARTESIAN_POINT('',(7.375,-1.95,5.886379332024));
#2977 = VERTEX_POINT('',#2978);
#2978 = CARTESIAN_POINT('',(9.75,-1.95,10.));
#2979 = LINE('',#2980,#2981);
#2980 = CARTESIAN_POINT('',(7.375,-1.95,5.886379332024));
#2981 = VECTOR('',#2982,1.);
#2982 = DIRECTION('',(0.5,-1.922962686384E-16,0.866025403784));
#2983 = ORIENTED_EDGE('',*,*,#2984,.T.);
#2984 = EDGE_CURVE('',#2975,#2951,#2985,.T.);
#2985 = LINE('',#2986,#2987);
#2986 = CARTESIAN_POINT('',(7.375,-1.95,5.886379332024));
#2987 = VECTOR('',#2988,1.);
#2988 = DIRECTION('',(0.,-1.,-2.22044604925E-16));
#2989 = ORIENTED_EDGE('',*,*,#2950,.T.);
#2990 = ORIENTED_EDGE('',*,*,#519,.F.);
#2991 = ORIENTED_EDGE('',*,*,#2896,.F.);
#2992 = ORIENTED_EDGE('',*,*,#2993,.F.);
#2993 = EDGE_CURVE('',#2977,#2889,#2994,.T.);
#2994 = LINE('',#2995,#2996);
#2995 = CARTESIAN_POINT('',(9.75,-1.95,10.));
#2996 = VECTOR('',#2997,1.);
#2997 = DIRECTION('',(0.,-1.,-2.22044604925E-16));
#2998 = PLANE('',#2999);
#2999 = AXIS2_PLACEMENT_3D('',#3000,#3001,#3002);
#3000 = CARTESIAN_POINT('',(7.375,-1.95,5.886379332024));
#3001 = DIRECTION('',(-0.866025403784,-1.110223024625E-16,0.5));
#3002 = DIRECTION('',(0.5,-1.922962686384E-16,0.866025403784));
#3003 = ADVANCED_FACE('',(#3004,#3023),#3052,.T.);
#3004 = FACE_BOUND('',#3005,.T.);
#3005 = EDGE_LOOP('',(#3006,#3007,#3008,#3015,#3016,#3022));
#3006 = ORIENTED_EDGE('',*,*,#2844,.F.);
#3007 = ORIENTED_EDGE('',*,*,#495,.T.);
#3008 = ORIENTED_EDGE('',*,*,#3009,.F.);
#3009 = EDGE_CURVE('',#2620,#488,#3010,.T.);
#3010 = CIRCLE('',#3011,9.);
#3011 = AXIS2_PLACEMENT_3D('',#3012,#3013,#3014);
#3012 = CARTESIAN_POINT('',(5.,6.5,10.));
#3013 = DIRECTION('',(0.,-1.,-2.22044604925E-16));
#3014 = DIRECTION('',(1.,0.,0.));
#3015 = ORIENTED_EDGE('',*,*,#2636,.F.);
#3016 = ORIENTED_EDGE('',*,*,#3017,.T.);
#3017 = EDGE_CURVE('',#2637,#2828,#3018,.T.);
#3018 = LINE('',#3019,#3020);
#3019 = CARTESIAN_POINT('',(2.500002003483,6.5,6.));
#3020 = VECTOR('',#3021,1.);
#3021 = DIRECTION('',(1.,0.,0.));
#3022 = ORIENTED_EDGE('',*,*,#2835,.F.);
#3023 = FACE_BOUND('',#3024,.T.);
#3024 = EDGE_LOOP('',(#3025,#3036,#3045));
#3025 = ORIENTED_EDGE('',*,*,#3026,.T.);
#3026 = EDGE_CURVE('',#3027,#3029,#3031,.T.);
#3027 = VERTEX_POINT('',#3028);
#3028 = CARTESIAN_POINT('',(9.466293781725,6.5,6.));
#3029 = VERTEX_POINT('',#3030);
#3030 = CARTESIAN_POINT('',(10.995646766169,6.5,10.));
#3031 = CIRCLE('',#3032,5.995646766169);
#3032 = AXIS2_PLACEMENT_3D('',#3033,#3034,#3035);
#3033 = CARTESIAN_POINT('',(5.,6.5,10.));
#3034 = DIRECTION('',(0.,-1.,-2.22044604925E-16));
#3035 = DIRECTION('',(1.,0.,0.));
#3036 = ORIENTED_EDGE('',*,*,#3037,.T.);
#3037 = EDGE_CURVE('',#3029,#3038,#3040,.T.);
#3038 = VERTEX_POINT('',#3039);
#3039 = CARTESIAN_POINT('',(0.533706218275,6.5,6.));
#3040 = CIRCLE('',#3041,5.995646766169);
#3041 = AXIS2_PLACEMENT_3D('',#3042,#3043,#3044);
#3042 = CARTESIAN_POINT('',(5.,6.5,10.));
#3043 = DIRECTION('',(0.,-1.,-2.22044604925E-16));
#3044 = DIRECTION('',(1.,0.,0.));
#3045 = ORIENTED_EDGE('',*,*,#3046,.T.);
#3046 = EDGE_CURVE('',#3038,#3027,#3047,.T.);
#3047 = CIRCLE('',#3048,5.995646766169);
#3048 = AXIS2_PLACEMENT_3D('',#3049,#3050,#3051);
#3049 = CARTESIAN_POINT('',(5.,6.5,10.));
#3050 = DIRECTION('',(0.,-1.,-2.22044604925E-16));
#3051 = DIRECTION('',(1.,0.,0.));
#3052 = PLANE('',#3053);
#3053 = AXIS2_PLACEMENT_3D('',#3054,#3055,#3056);
#3054 = CARTESIAN_POINT('',(5.513742886316,6.5,7.714556655524));
#3055 = DIRECTION('',(0.,1.,0.));
#3056 = DIRECTION('',(0.,0.,1.));
#3057 = ADVANCED_FACE('',(#3058),#3070,.F.);
#3058 = FACE_BOUND('',#3059,.T.);
#3059 = EDGE_LOOP('',(#3060,#3066,#3067,#3068,#3069));
#3060 = ORIENTED_EDGE('',*,*,#3061,.F.);
#3061 = EDGE_CURVE('',#2611,#2571,#3062,.T.);
#3062 = LINE('',#3063,#3064);
#3063 = CARTESIAN_POINT('',(-3.062257748299,10.5,6.));
#3064 = VECTOR('',#3065,1.);
#3065 = DIRECTION('',(0.,1.,2.22044604925E-16));
#3066 = ORIENTED_EDGE('',*,*,#2619,.F.);
#3067 = ORIENTED_EDGE('',*,*,#3009,.T.);
#3068 = ORIENTED_EDGE('',*,*,#487,.T.);
#3069 = ORIENTED_EDGE('',*,*,#2578,.T.);
#3070 = CYLINDRICAL_SURFACE('',#3071,9.);
#3071 = AXIS2_PLACEMENT_3D('',#3072,#3073,#3074);
#3072 = CARTESIAN_POINT('',(5.,10.5,10.));
#3073 = DIRECTION('',(-0.,1.,2.22044604925E-16));
#3074 = DIRECTION('',(1.,0.,0.));
#3075 = ADVANCED_FACE('',(#3076),#3094,.T.);
#3076 = FACE_BOUND('',#3077,.T.);
#3077 = EDGE_LOOP('',(#3078,#3086,#3092,#3093));
#3078 = ORIENTED_EDGE('',*,*,#3079,.T.);
#3079 = EDGE_CURVE('',#464,#3080,#3082,.T.);
#3080 = VERTEX_POINT('',#3081);
#3081 = CARTESIAN_POINT('',(20.892541885376,7.99036359787,0.));
#3082 = LINE('',#3083,#3084);
#3083 = CARTESIAN_POINT('',(20.892541885376,7.99036359787,6.));
#3084 = VECTOR('',#3085,1.);
#3085 = DIRECTION('',(0.,0.,-1.));
#3086 = ORIENTED_EDGE('',*,*,#3087,.T.);
#3087 = EDGE_CURVE('',#3080,#2587,#3088,.T.);
#3088 = LINE('',#3089,#3090);
#3089 = CARTESIAN_POINT('',(20.892541885376,7.99036359787,0.));
#3090 = VECTOR('',#3091,1.);
#3091 = DIRECTION('',(-0.999698816214,2.454132962862E-02,0.));
#3092 = ORIENTED_EDGE('',*,*,#2586,.F.);
#3093 = ORIENTED_EDGE('',*,*,#471,.T.);
#3094 = PLANE('',#3095);
#3095 = AXIS2_PLACEMENT_3D('',#3096,#3097,#3098);
#3096 = CARTESIAN_POINT('',(20.696270942688,7.995181798935,3.));
#3097 = DIRECTION('',(2.454132962862E-02,0.999698816214,0.));
#3098 = DIRECTION('',(0.999698816214,-2.454132962862E-02,0.));
#3099 = ADVANCED_FACE('',(#3100),#3118,.T.);
#3100 = FACE_BOUND('',#3101,.T.);
#3101 = EDGE_LOOP('',(#3102,#3103,#3104,#3112));
#3102 = ORIENTED_EDGE('',*,*,#3079,.F.);
#3103 = ORIENTED_EDGE('',*,*,#463,.F.);
#3104 = ORIENTED_EDGE('',*,*,#3105,.F.);
#3105 = EDGE_CURVE('',#3106,#456,#3108,.T.);
#3106 = VERTEX_POINT('',#3107);
#3107 = CARTESIAN_POINT('',(21.28413772583,7.9614777565,0.));
#3108 = LINE('',#3109,#3110);
#3109 = CARTESIAN_POINT('',(21.28413772583,7.9614777565,0.));
#3110 = VECTOR('',#3111,1.);
#3111 = DIRECTION('',(0.,0.,1.));
#3112 = ORIENTED_EDGE('',*,*,#3113,.F.);
#3113 = EDGE_CURVE('',#3080,#3106,#3114,.T.);
#3114 = LINE('',#3115,#3116);
#3115 = CARTESIAN_POINT('',(20.892541885376,7.99036359787,0.));
#3116 = VECTOR('',#3117,1.);
#3117 = DIRECTION('',(0.997290457274,-7.356455552456E-02,0.));
#3118 = PLANE('',#3119);
#3119 = AXIS2_PLACEMENT_3D('',#3120,#3121,#3122);
#3120 = CARTESIAN_POINT('',(21.088339805603,7.975920677185,3.));
#3121 = DIRECTION('',(7.356455552456E-02,0.997290457274,0.));
#3122 = DIRECTION('',(0.997290457274,-7.356455552456E-02,0.));
#3123 = ADVANCED_FACE('',(#3124),#3142,.T.);
#3124 = FACE_BOUND('',#3125,.T.);
#3125 = EDGE_LOOP('',(#3126,#3134,#3140,#3141));
#3126 = ORIENTED_EDGE('',*,*,#3127,.T.);
#3127 = EDGE_CURVE('',#448,#3128,#3130,.T.);
#3128 = VERTEX_POINT('',#3129);
#3129 = CARTESIAN_POINT('',(21.673843383789,7.913412094116,0.));
#3130 = LINE('',#3131,#3132);
#3131 = CARTESIAN_POINT('',(21.673843383789,7.913412094116,6.));
#3132 = VECTOR('',#3133,1.);
#3133 = DIRECTION('',(0.,0.,-1.));
#3134 = ORIENTED_EDGE('',*,*,#3135,.F.);
#3135 = EDGE_CURVE('',#3106,#3128,#3136,.T.);
#3136 = LINE('',#3137,#3138);
#3137 = CARTESIAN_POINT('',(21.28413772583,7.9614777565,0.));
#3138 = VECTOR('',#3139,1.);
#3139 = DIRECTION('',(0.992479517916,-0.122410810459,0.));
#3140 = ORIENTED_EDGE('',*,*,#3105,.T.);
#3141 = ORIENTED_EDGE('',*,*,#455,.T.);
#3142 = PLANE('',#3143);
#3143 = AXIS2_PLACEMENT_3D('',#3144,#3145,#3146);
#3144 = CARTESIAN_POINT('',(21.47899055481,7.937444925308,3.));
#3145 = DIRECTION('',(0.122410810459,0.992479517916,0.));
#3146 = DIRECTION('',(0.992479517916,-0.122410810459,0.));
#3147 = ADVANCED_FACE('',(#3148),#3166,.T.);
#3148 = FACE_BOUND('',#3149,.T.);
#3149 = EDGE_LOOP('',(#3150,#3158,#3159,#3160));
#3150 = ORIENTED_EDGE('',*,*,#3151,.F.);
#3151 = EDGE_CURVE('',#3128,#3152,#3154,.T.);
#3152 = VERTEX_POINT('',#3153);
#3153 = CARTESIAN_POINT('',(22.060722351074,7.84628200531,0.));
#3154 = LINE('',#3155,#3156);
#3155 = CARTESIAN_POINT('',(21.673843383789,7.913412094116,0.));
#3156 = VECTOR('',#3157,1.);
#3157 = DIRECTION('',(0.985277548055,-0.170962432421,0.));
#3158 = ORIENTED_EDGE('',*,*,#3127,.F.);
#3159 = ORIENTED_EDGE('',*,*,#447,.T.);
#3160 = ORIENTED_EDGE('',*,*,#3161,.T.);
#3161 = EDGE_CURVE('',#440,#3152,#3162,.T.);
#3162 = LINE('',#3163,#3164);
#3163 = CARTESIAN_POINT('',(22.060722351074,7.84628200531,6.));
#3164 = VECTOR('',#3165,1.);
#3165 = DIRECTION('',(0.,0.,-1.));
#3166 = PLANE('',#3167);
#3167 = AXIS2_PLACEMENT_3D('',#3168,#3169,#3170);
#3168 = CARTESIAN_POINT('',(21.867282867432,7.879847049713,3.));
#3169 = DIRECTION('',(0.170962432421,0.985277548055,0.));
#3170 = DIRECTION('',(0.985277548055,-0.170962432421,0.));
#3171 = ADVANCED_FACE('',(#3172),#3190,.T.);
#3172 = FACE_BOUND('',#3173,.T.);
#3173 = EDGE_LOOP('',(#3174,#3182,#3183,#3184));
#3174 = ORIENTED_EDGE('',*,*,#3175,.T.);
#3175 = EDGE_CURVE('',#3176,#3152,#3178,.T.);
#3176 = VERTEX_POINT('',#3177);
#3177 = CARTESIAN_POINT('',(22.443841934204,7.760250091553,0.));
#3178 = LINE('',#3179,#3180);
#3179 = CARTESIAN_POINT('',(22.443841934204,7.760250091553,0.));
#3180 = VECTOR('',#3181,1.);
#3181 = DIRECTION('',(-0.975702383527,0.219100111319,0.));
#3182 = ORIENTED_EDGE('',*,*,#3161,.F.);
#3183 = ORIENTED_EDGE('',*,*,#439,.F.);
#3184 = ORIENTED_EDGE('',*,*,#3185,.F.);
#3185 = EDGE_CURVE('',#3176,#432,#3186,.T.);
#3186 = LINE('',#3187,#3188);
#3187 = CARTESIAN_POINT('',(22.443841934204,7.760250091553,0.));
#3188 = VECTOR('',#3189,1.);
#3189 = DIRECTION('',(0.,0.,1.));
#3190 = PLANE('',#3191);
#3191 = AXIS2_PLACEMENT_3D('',#3192,#3193,#3194);
#3192 = CARTESIAN_POINT('',(22.252282142639,7.803266048431,3.));
#3193 = DIRECTION('',(0.219100111319,0.975702383527,0.));
#3194 = DIRECTION('',(0.975702383527,-0.219100111319,0.));
#3195 = ADVANCED_FACE('',(#3196),#3214,.T.);
#3196 = FACE_BOUND('',#3197,.T.);
#3197 = EDGE_LOOP('',(#3198,#3206,#3212,#3213));
#3198 = ORIENTED_EDGE('',*,*,#3199,.F.);
#3199 = EDGE_CURVE('',#3200,#424,#3202,.T.);
#3200 = VERTEX_POINT('',#3201);
#3201 = CARTESIAN_POINT('',(22.822277069092,7.655522823334,0.));
#3202 = LINE('',#3203,#3204);
#3203 = CARTESIAN_POINT('',(22.822277069092,7.655522823334,0.));
#3204 = VECTOR('',#3205,1.);
#3205 = DIRECTION('',(0.,0.,1.));
#3206 = ORIENTED_EDGE('',*,*,#3207,.T.);
#3207 = EDGE_CURVE('',#3200,#3176,#3208,.T.);
#3208 = LINE('',#3209,#3210);
#3209 = CARTESIAN_POINT('',(22.822277069092,7.655522823334,0.));
#3210 = VECTOR('',#3211,1.);
#3211 = DIRECTION('',(-0.963775959701,0.266713140852,0.));
#3212 = ORIENTED_EDGE('',*,*,#3185,.T.);
#3213 = ORIENTED_EDGE('',*,*,#431,.T.);
#3214 = PLANE('',#3215);
#3215 = AXIS2_PLACEMENT_3D('',#3216,#3217,#3218);
#3216 = CARTESIAN_POINT('',(22.633059501648,7.707886457443,3.));
#3217 = DIRECTION('',(0.266713140852,0.963775959701,0.));
#3218 = DIRECTION('',(0.963775959701,-0.266713140852,0.));
#3219 = ADVANCED_FACE('',(#3220),#3238,.T.);
#3220 = FACE_BOUND('',#3221,.T.);
#3221 = EDGE_LOOP('',(#3222,#3223,#3224,#3232));
#3222 = ORIENTED_EDGE('',*,*,#3199,.T.);
#3223 = ORIENTED_EDGE('',*,*,#423,.T.);
#3224 = ORIENTED_EDGE('',*,*,#3225,.F.);
#3225 = EDGE_CURVE('',#3226,#416,#3228,.T.);
#3226 = VERTEX_POINT('',#3227);
#3227 = CARTESIAN_POINT('',(23.195117950439,7.53235244751,0.));
#3228 = LINE('',#3229,#3230);
#3229 = CARTESIAN_POINT('',(23.195117950439,7.53235244751,0.));
#3230 = VECTOR('',#3231,1.);
#3231 = DIRECTION('',(0.,0.,1.));
#3232 = ORIENTED_EDGE('',*,*,#3233,.F.);
#3233 = EDGE_CURVE('',#3200,#3226,#3234,.T.);
#3234 = LINE('',#3235,#3236);
#3235 = CARTESIAN_POINT('',(22.822277069092,7.655522823334,0.));
#3236 = VECTOR('',#3237,1.);
#3237 = DIRECTION('',(0.949527887963,-0.3136826262,0.));
#3238 = PLANE('',#3239);
#3239 = AXIS2_PLACEMENT_3D('',#3240,#3241,#3242);
#3240 = CARTESIAN_POINT('',(23.008697509766,7.593937635422,3.));
#3241 = DIRECTION('',(0.3136826262,0.949527887963,0.));
#3242 = DIRECTION('',(0.949527887963,-0.3136826262,0.));
#3243 = ADVANCED_FACE('',(#3244),#3262,.T.);
#3244 = FACE_BOUND('',#3245,.T.);
#3245 = EDGE_LOOP('',(#3246,#3254,#3260,#3261));
#3246 = ORIENTED_EDGE('',*,*,#3247,.T.);
#3247 = EDGE_CURVE('',#408,#3248,#3250,.T.);
#3248 = VERTEX_POINT('',#3249);
#3249 = CARTESIAN_POINT('',(23.56146812439,7.39103603363,0.));
#3250 = LINE('',#3251,#3252);
#3251 = CARTESIAN_POINT('',(23.56146812439,7.39103603363,6.));
#3252 = VECTOR('',#3253,1.);
#3253 = DIRECTION('',(0.,0.,-1.));
#3254 = ORIENTED_EDGE('',*,*,#3255,.T.);
#3255 = EDGE_CURVE('',#3248,#3226,#3256,.T.);
#3256 = LINE('',#3257,#3258);
#3257 = CARTESIAN_POINT('',(23.56146812439,7.39103603363,0.));
#3258 = VECTOR('',#3259,1.);
#3259 = DIRECTION('',(-0.932993177125,0.359894055853,0.));
#3260 = ORIENTED_EDGE('',*,*,#3225,.T.);
#3261 = ORIENTED_EDGE('',*,*,#415,.T.);
#3262 = PLANE('',#3263);
#3263 = AXIS2_PLACEMENT_3D('',#3264,#3265,#3266);
#3264 = CARTESIAN_POINT('',(23.378293037415,7.46169424057,3.));
#3265 = DIRECTION('',(0.359894055853,0.932993177125,0.));
#3266 = DIRECTION('',(0.932993177125,-0.359894055853,0.));
#3267 = ADVANCED_FACE('',(#3268),#3286,.T.);
#3268 = FACE_BOUND('',#3269,.T.);
#3269 = EDGE_LOOP('',(#3270,#3271,#3272,#3280));
#3270 = ORIENTED_EDGE('',*,*,#3247,.F.);
#3271 = ORIENTED_EDGE('',*,*,#407,.T.);
#3272 = ORIENTED_EDGE('',*,*,#3273,.F.);
#3273 = EDGE_CURVE('',#3274,#400,#3276,.T.);
#3274 = VERTEX_POINT('',#3275);
#3275 = CARTESIAN_POINT('',(23.920440673828,7.231914520264,0.));
#3276 = LINE('',#3277,#3278);
#3277 = CARTESIAN_POINT('',(23.920440673828,7.231914520264,0.));
#3278 = VECTOR('',#3279,1.);
#3279 = DIRECTION('',(0.,0.,1.));
#3280 = ORIENTED_EDGE('',*,*,#3281,.F.);
#3281 = EDGE_CURVE('',#3248,#3274,#3282,.T.);
#3282 = LINE('',#3283,#3284);
#3283 = CARTESIAN_POINT('',(23.56146812439,7.39103603363,0.));
#3284 = VECTOR('',#3285,1.);
#3285 = DIRECTION('',(0.914209825639,-0.405241156233,0.));
#3286 = PLANE('',#3287);
#3287 = AXIS2_PLACEMENT_3D('',#3288,#3289,#3290);
#3288 = CARTESIAN_POINT('',(23.740954399109,7.311475276947,3.));
#3289 = DIRECTION('',(0.405241156233,0.914209825639,0.));
#3290 = DIRECTION('',(0.914209825639,-0.405241156233,0.));
#3291 = ADVANCED_FACE('',(#3292),#3310,.T.);
#3292 = FACE_BOUND('',#3293,.T.);
#3293 = EDGE_LOOP('',(#3294,#3295,#3303,#3309));
#3294 = ORIENTED_EDGE('',*,*,#399,.F.);
#3295 = ORIENTED_EDGE('',*,*,#3296,.T.);
#3296 = EDGE_CURVE('',#392,#3297,#3299,.T.);
#3297 = VERTEX_POINT('',#3298);
#3298 = CARTESIAN_POINT('',(24.271173477173,7.055370330811,0.));
#3299 = LINE('',#3300,#3301);
#3300 = CARTESIAN_POINT('',(24.271173477173,7.055370330811,6.));
#3301 = VECTOR('',#3302,1.);
#3302 = DIRECTION('',(0.,0.,-1.));
#3303 = ORIENTED_EDGE('',*,*,#3304,.T.);
#3304 = EDGE_CURVE('',#3297,#3274,#3305,.T.);
#3305 = LINE('',#3306,#3307);
#3306 = CARTESIAN_POINT('',(24.271173477173,7.055370330811,0.));
#3307 = VECTOR('',#3308,1.);
#3308 = DIRECTION('',(-0.893224165864,0.449611598512,0.));
#3309 = ORIENTED_EDGE('',*,*,#3273,.T.);
#3310 = PLANE('',#3311);
#3311 = AXIS2_PLACEMENT_3D('',#3312,#3313,#3314);
#3312 = CARTESIAN_POINT('',(24.0958070755,7.143642425537,3.));
#3313 = DIRECTION('',(0.449611598512,0.893224165864,0.));
#3314 = DIRECTION('',(0.893224165864,-0.449611598512,0.));
#3315 = ADVANCED_FACE('',(#3316),#3334,.T.);
#3316 = FACE_BOUND('',#3317,.T.);
#3317 = EDGE_LOOP('',(#3318,#3319,#3327,#3333));
#3318 = ORIENTED_EDGE('',*,*,#391,.F.);
#3319 = ORIENTED_EDGE('',*,*,#3320,.F.);
#3320 = EDGE_CURVE('',#3321,#384,#3323,.T.);
#3321 = VERTEX_POINT('',#3322);
#3322 = CARTESIAN_POINT('',(24.612821578979,6.861828804016,0.));
#3323 = LINE('',#3324,#3325);
#3324 = CARTESIAN_POINT('',(24.612821578979,6.861828804016,0.));
#3325 = VECTOR('',#3326,1.);
#3326 = DIRECTION('',(0.,0.,1.));
#3327 = ORIENTED_EDGE('',*,*,#3328,.T.);
#3328 = EDGE_CURVE('',#3321,#3297,#3329,.T.);
#3329 = LINE('',#3330,#3331);
#3330 = CARTESIAN_POINT('',(24.612821578979,6.861828804016,0.));
#3331 = VECTOR('',#3332,1.);
#3332 = DIRECTION('',(-0.870086698699,0.492898708405,0.));
#3333 = ORIENTED_EDGE('',*,*,#3296,.F.);
#3334 = PLANE('',#3335);
#3335 = AXIS2_PLACEMENT_3D('',#3336,#3337,#3338);
#3336 = CARTESIAN_POINT('',(24.441997528076,6.958599567413,3.));
#3337 = DIRECTION('',(0.492898708405,0.870086698699,0.));
#3338 = DIRECTION('',(0.870086698699,-0.492898708405,0.));
#3339 = ADVANCED_FACE('',(#3340),#3358,.T.);
#3340 = FACE_BOUND('',#3341,.T.);
#3341 = EDGE_LOOP('',(#3342,#3343,#3351,#3357));
#3342 = ORIENTED_EDGE('',*,*,#383,.T.);
#3343 = ORIENTED_EDGE('',*,*,#3344,.T.);
#3344 = EDGE_CURVE('',#376,#3345,#3347,.T.);
#3345 = VERTEX_POINT('',#3346);
#3346 = CARTESIAN_POINT('',(24.944561004639,6.651756763458,0.));
#3347 = LINE('',#3348,#3349);
#3348 = CARTESIAN_POINT('',(24.944561004639,6.651756763458,6.));
#3349 = VECTOR('',#3350,1.);
#3350 = DIRECTION('',(0.,0.,-1.));
#3351 = ORIENTED_EDGE('',*,*,#3352,.T.);
#3352 = EDGE_CURVE('',#3345,#3321,#3353,.T.);
#3353 = LINE('',#3354,#3355);
#3354 = CARTESIAN_POINT('',(24.944561004639,6.651756763458,0.));
#3355 = VECTOR('',#3356,1.);
#3356 = DIRECTION('',(-0.844853143864,0.534998285328,0.));
#3357 = ORIENTED_EDGE('',*,*,#3320,.T.);
#3358 = PLANE('',#3359);
#3359 = AXIS2_PLACEMENT_3D('',#3360,#3361,#3362);
#3360 = CARTESIAN_POINT('',(24.778691291809,6.756792783737,3.));
#3361 = DIRECTION('',(0.534998285328,0.844853143864,0.));
#3362 = DIRECTION('',(0.844853143864,-0.534998285328,0.));
#3363 = ADVANCED_FACE('',(#3364),#3382,.T.);
#3364 = FACE_BOUND('',#3365,.T.);
#3365 = EDGE_LOOP('',(#3366,#3367,#3375,#3381));
#3366 = ORIENTED_EDGE('',*,*,#375,.F.);
#3367 = ORIENTED_EDGE('',*,*,#3368,.F.);
#3368 = EDGE_CURVE('',#3369,#368,#3371,.T.);
#3369 = VERTEX_POINT('',#3370);
#3370 = CARTESIAN_POINT('',(25.265594482422,6.425660133362,0.));
#3371 = LINE('',#3372,#3373);
#3372 = CARTESIAN_POINT('',(25.265594482422,6.425660133362,0.));
#3373 = VECTOR('',#3374,1.);
#3374 = DIRECTION('',(0.,0.,1.));
#3375 = ORIENTED_EDGE('',*,*,#3376,.F.);
#3376 = EDGE_CURVE('',#3345,#3369,#3377,.T.);
#3377 = LINE('',#3378,#3379);
#3378 = CARTESIAN_POINT('',(24.944561004639,6.651756763458,0.));
#3379 = VECTOR('',#3380,1.);
#3380 = DIRECTION('',(0.817585597918,-0.575807077134,0.));
#3381 = ORIENTED_EDGE('',*,*,#3344,.F.);
#3382 = PLANE('',#3383);
#3383 = AXIS2_PLACEMENT_3D('',#3384,#3385,#3386);
#3384 = CARTESIAN_POINT('',(25.10507774353,6.53870844841,3.));
#3385 = DIRECTION('',(0.575807077134,0.817585597918,0.));
#3386 = DIRECTION('',(0.817585597918,-0.575807077134,0.));
#3387 = ADVANCED_FACE('',(#3388),#3406,.T.);
#3388 = FACE_BOUND('',#3389,.T.);
#3389 = EDGE_LOOP('',(#3390,#3391,#3392,#3400));
#3390 = ORIENTED_EDGE('',*,*,#3368,.T.);
#3391 = ORIENTED_EDGE('',*,*,#367,.F.);
#3392 = ORIENTED_EDGE('',*,*,#3393,.F.);
#3393 = EDGE_CURVE('',#3394,#360,#3396,.T.);
#3394 = VERTEX_POINT('',#3395);
#3395 = CARTESIAN_POINT('',(25.575145721436,6.184083461761,0.));
#3396 = LINE('',#3397,#3398);
#3397 = CARTESIAN_POINT('',(25.575145721436,6.184083461761,0.));
#3398 = VECTOR('',#3399,1.);
#3399 = DIRECTION('',(0.,0.,1.));
#3400 = ORIENTED_EDGE('',*,*,#3401,.T.);
#3401 = EDGE_CURVE('',#3394,#3369,#3402,.T.);
#3402 = LINE('',#3403,#3404);
#3403 = CARTESIAN_POINT('',(25.575145721436,6.184083461761,0.));
#3404 = VECTOR('',#3405,1.);
#3405 = DIRECTION('',(-0.7883457932,0.615232403522,0.));
#3406 = PLANE('',#3407);
#3407 = AXIS2_PLACEMENT_3D('',#3408,#3409,#3410);
#3408 = CARTESIAN_POINT('',(25.420370101929,6.304871797562,3.));
#3409 = DIRECTION('',(0.615232403522,0.7883457932,0.));
#3410 = DIRECTION('',(0.7883457932,-0.615232403522,0.));
#3411 = ADVANCED_FACE('',(#3412),#3430,.T.);
#3412 = FACE_BOUND('',#3413,.T.);
#3413 = EDGE_LOOP('',(#3414,#3415,#3423,#3429));
#3414 = ORIENTED_EDGE('',*,*,#359,.T.);
#3415 = ORIENTED_EDGE('',*,*,#3416,.F.);
#3416 = EDGE_CURVE('',#3417,#352,#3419,.T.);
#3417 = VERTEX_POINT('',#3418);
#3418 = CARTESIAN_POINT('',(25.872470855713,5.927608966827,0.));
#3419 = LINE('',#3420,#3421);
#3420 = CARTESIAN_POINT('',(25.872470855713,5.927608966827,0.));
#3421 = VECTOR('',#3422,1.);
#3422 = DIRECTION('',(0.,0.,1.));
#3423 = ORIENTED_EDGE('',*,*,#3424,.F.);
#3424 = EDGE_CURVE('',#3394,#3417,#3425,.T.);
#3425 = LINE('',#3426,#3427);
#3426 = CARTESIAN_POINT('',(25.575145721436,6.184083461761,0.));
#3427 = VECTOR('',#3428,1.);
#3428 = DIRECTION('',(0.757208757961,-0.653172945603,0.));
#3429 = ORIENTED_EDGE('',*,*,#3393,.T.);
#3430 = PLANE('',#3431);
#3431 = AXIS2_PLACEMENT_3D('',#3432,#3433,#3434);
#3432 = CARTESIAN_POINT('',(25.723808288574,6.055846214294,3.));
#3433 = DIRECTION('',(0.653172945603,0.757208757961,0.));
#3434 = DIRECTION('',(0.757208757961,-0.653172945603,0.));
#3435 = ADVANCED_FACE('',(#3436),#3454,.T.);
#3436 = FACE_BOUND('',#3437,.T.);
#3437 = EDGE_LOOP('',(#3438,#3439,#3440,#3448));
#3438 = ORIENTED_EDGE('',*,*,#3416,.T.);
#3439 = ORIENTED_EDGE('',*,*,#351,.T.);
#3440 = ORIENTED_EDGE('',*,*,#3441,.T.);
#3441 = EDGE_CURVE('',#344,#3442,#3444,.T.);
#3442 = VERTEX_POINT('',#3443);
#3443 = CARTESIAN_POINT('',(26.156854629517,5.656854152679,0.));
#3444 = LINE('',#3445,#3446);
#3445 = CARTESIAN_POINT('',(26.156854629517,5.656854152679,6.));
#3446 = VECTOR('',#3447,1.);
#3447 = DIRECTION('',(0.,0.,-1.));
#3448 = ORIENTED_EDGE('',*,*,#3449,.T.);
#3449 = EDGE_CURVE('',#3442,#3417,#3450,.T.);
#3450 = LINE('',#3451,#3452);
#3451 = CARTESIAN_POINT('',(26.156854629517,5.656854152679,0.));
#3452 = VECTOR('',#3453,1.);
#3453 = DIRECTION('',(-0.724248413985,0.689539146706,0.));
#3454 = PLANE('',#3455);
#3455 = AXIS2_PLACEMENT_3D('',#3456,#3457,#3458);
#3456 = CARTESIAN_POINT('',(26.014662742615,5.792231559753,3.));
#3457 = DIRECTION('',(0.689539146706,0.724248413985,0.));
#3458 = DIRECTION('',(0.724248413985,-0.689539146706,0.));
#3459 = ADVANCED_FACE('',(#3460),#3478,.T.);
#3460 = FACE_BOUND('',#3461,.T.);
#3461 = EDGE_LOOP('',(#3462,#3470,#3476,#3477));
#3462 = ORIENTED_EDGE('',*,*,#3463,.F.);
#3463 = EDGE_CURVE('',#3464,#336,#3466,.T.);
#3464 = VERTEX_POINT('',#3465);
#3465 = CARTESIAN_POINT('',(26.42760848999,5.372471809387,0.));
#3466 = LINE('',#3467,#3468);
#3467 = CARTESIAN_POINT('',(26.42760848999,5.372471809387,0.));
#3468 = VECTOR('',#3469,1.);
#3469 = DIRECTION('',(0.,0.,1.));
#3470 = ORIENTED_EDGE('',*,*,#3471,.F.);
#3471 = EDGE_CURVE('',#3442,#3464,#3472,.T.);
#3472 = LINE('',#3473,#3474);
#3473 = CARTESIAN_POINT('',(26.156854629517,5.656854152679,0.));
#3474 = VECTOR('',#3475,1.);
#3475 = DIRECTION('',(0.68953969211,-0.724247894719,0.));
#3476 = ORIENTED_EDGE('',*,*,#3441,.F.);
#3477 = ORIENTED_EDGE('',*,*,#343,.T.);
#3478 = PLANE('',#3479);
#3479 = AXIS2_PLACEMENT_3D('',#3480,#3481,#3482);
#3480 = CARTESIAN_POINT('',(26.292231559753,5.514662981033,3.));
#3481 = DIRECTION('',(0.724247894719,0.68953969211,0.));
#3482 = DIRECTION('',(-0.68953969211,0.724247894719,0.));
#3483 = ADVANCED_FACE('',(#3484),#3502,.T.);
#3484 = FACE_BOUND('',#3485,.T.);
#3485 = EDGE_LOOP('',(#3486,#3487,#3495,#3501));
#3486 = ORIENTED_EDGE('',*,*,#335,.T.);
#3487 = ORIENTED_EDGE('',*,*,#3488,.F.);
#3488 = EDGE_CURVE('',#3489,#328,#3491,.T.);
#3489 = VERTEX_POINT('',#3490);
#3490 = CARTESIAN_POINT('',(26.684083938599,5.075146198273,0.));
#3491 = LINE('',#3492,#3493);
#3492 = CARTESIAN_POINT('',(26.684083938599,5.075146198273,0.));
#3493 = VECTOR('',#3494,1.);
#3494 = DIRECTION('',(0.,0.,1.));
#3495 = ORIENTED_EDGE('',*,*,#3496,.T.);
#3496 = EDGE_CURVE('',#3489,#3464,#3497,.T.);
#3497 = LINE('',#3498,#3499);
#3498 = CARTESIAN_POINT('',(26.684083938599,5.075146198273,0.));
#3499 = VECTOR('',#3500,1.);
#3500 = DIRECTION('',(-0.653173737548,0.757208074824,0.));
#3501 = ORIENTED_EDGE('',*,*,#3463,.T.);
#3502 = PLANE('',#3503);
#3503 = AXIS2_PLACEMENT_3D('',#3504,#3505,#3506);
#3504 = CARTESIAN_POINT('',(26.555846214294,5.22380900383,3.));
#3505 = DIRECTION('',(0.757208074824,0.653173737548,0.));
#3506 = DIRECTION('',(-0.653173737548,0.757208074824,0.));
#3507 = ADVANCED_FACE('',(#3508),#3526,.T.);
#3508 = FACE_BOUND('',#3509,.T.);
#3509 = EDGE_LOOP('',(#3510,#3511,#3512,#3520));
#3510 = ORIENTED_EDGE('',*,*,#3488,.T.);
#3511 = ORIENTED_EDGE('',*,*,#327,.T.);
#3512 = ORIENTED_EDGE('',*,*,#3513,.F.);
#3513 = EDGE_CURVE('',#3514,#320,#3516,.T.);
#3514 = VERTEX_POINT('',#3515);
#3515 = CARTESIAN_POINT('',(26.925661087036,4.765594482422,0.));
#3516 = LINE('',#3517,#3518);
#3517 = CARTESIAN_POINT('',(26.925661087036,4.765594482422,0.));
#3518 = VECTOR('',#3519,1.);
#3519 = DIRECTION('',(0.,0.,1.));
#3520 = ORIENTED_EDGE('',*,*,#3521,.F.);
#3521 = EDGE_CURVE('',#3489,#3514,#3522,.T.);
#3522 = LINE('',#3523,#3524);
#3523 = CARTESIAN_POINT('',(26.684083938599,5.075146198273,0.));
#3524 = VECTOR('',#3525,1.);
#3525 = DIRECTION('',(0.615232569252,-0.788345663863,0.));
#3526 = PLANE('',#3527);
#3527 = AXIS2_PLACEMENT_3D('',#3528,#3529,#3530);
#3528 = CARTESIAN_POINT('',(26.804872512817,4.920370340347,3.));
#3529 = DIRECTION('',(0.788345663863,0.615232569252,0.));
#3530 = DIRECTION('',(-0.615232569252,0.788345663863,0.));
#3531 = ADVANCED_FACE('',(#3532),#3550,.T.);
#3532 = FACE_BOUND('',#3533,.T.);
#3533 = EDGE_LOOP('',(#3534,#3535,#3536,#3544));
#3534 = ORIENTED_EDGE('',*,*,#3513,.T.);
#3535 = ORIENTED_EDGE('',*,*,#319,.T.);
#3536 = ORIENTED_EDGE('',*,*,#3537,.F.);
#3537 = EDGE_CURVE('',#3538,#312,#3540,.T.);
#3538 = VERTEX_POINT('',#3539);
#3539 = CARTESIAN_POINT('',(27.151756286621,4.444561958313,0.));
#3540 = LINE('',#3541,#3542);
#3541 = CARTESIAN_POINT('',(27.151756286621,4.444561958313,0.));
#3542 = VECTOR('',#3543,1.);
#3543 = DIRECTION('',(0.,0.,1.));
#3544 = ORIENTED_EDGE('',*,*,#3545,.F.);
#3545 = EDGE_CURVE('',#3514,#3538,#3546,.T.);
#3546 = LINE('',#3547,#3548);
#3547 = CARTESIAN_POINT('',(26.925661087036,4.765594482422,0.));
#3548 = VECTOR('',#3549,1.);
#3549 = DIRECTION('',(0.575805785281,-0.817586507739,0.));
#3550 = PLANE('',#3551);
#3551 = AXIS2_PLACEMENT_3D('',#3552,#3553,#3554);
#3552 = CARTESIAN_POINT('',(27.038708686829,4.605078220367,3.));
#3553 = DIRECTION('',(0.817586507739,0.575805785281,0.));
#3554 = DIRECTION('',(-0.575805785281,0.817586507739,0.));
#3555 = ADVANCED_FACE('',(#3556),#3574,.T.);
#3556 = FACE_BOUND('',#3557,.T.);
#3557 = EDGE_LOOP('',(#3558,#3559,#3560,#3568));
#3558 = ORIENTED_EDGE('',*,*,#3537,.T.);
#3559 = ORIENTED_EDGE('',*,*,#311,.T.);
#3560 = ORIENTED_EDGE('',*,*,#3561,.T.);
#3561 = EDGE_CURVE('',#304,#3562,#3564,.T.);
#3562 = VERTEX_POINT('',#3563);
#3563 = CARTESIAN_POINT('',(27.36182975769,4.112822055817,0.));
#3564 = LINE('',#3565,#3566);
#3565 = CARTESIAN_POINT('',(27.36182975769,4.112822055817,6.));
#3566 = VECTOR('',#3567,1.);
#3567 = DIRECTION('',(0.,0.,-1.));
#3568 = ORIENTED_EDGE('',*,*,#3569,.T.);
#3569 = EDGE_CURVE('',#3562,#3538,#3570,.T.);
#3570 = LINE('',#3571,#3572);
#3571 = CARTESIAN_POINT('',(27.36182975769,4.112822055817,0.));
#3572 = VECTOR('',#3573,1.);
#3573 = DIRECTION('',(-0.535000336813,0.844851844769,0.));
#3574 = PLANE('',#3575);
#3575 = AXIS2_PLACEMENT_3D('',#3576,#3577,#3578);
#3576 = CARTESIAN_POINT('',(27.256793022156,4.278692007065,3.));
#3577 = DIRECTION('',(0.844851844769,0.535000336813,0.));
#3578 = DIRECTION('',(-0.535000336813,0.844851844769,0.));
#3579 = ADVANCED_FACE('',(#3580),#3598,.T.);
#3580 = FACE_BOUND('',#3581,.T.);
#3581 = EDGE_LOOP('',(#3582,#3590,#3596,#3597));
#3582 = ORIENTED_EDGE('',*,*,#3583,.T.);
#3583 = EDGE_CURVE('',#296,#3584,#3586,.T.);
#3584 = VERTEX_POINT('',#3585);
#3585 = CARTESIAN_POINT('',(27.555370330811,3.77117395401,0.));
#3586 = LINE('',#3587,#3588);
#3587 = CARTESIAN_POINT('',(27.555370330811,3.77117395401,6.));
#3588 = VECTOR('',#3589,1.);
#3589 = DIRECTION('',(0.,0.,-1.));
#3590 = ORIENTED_EDGE('',*,*,#3591,.T.);
#3591 = EDGE_CURVE('',#3584,#3562,#3592,.T.);
#3592 = LINE('',#3593,#3594);
#3593 = CARTESIAN_POINT('',(27.555370330811,3.77117395401,0.));
#3594 = VECTOR('',#3595,1.);
#3595 = DIRECTION('',(-0.492896869711,0.870087740305,0.));
#3596 = ORIENTED_EDGE('',*,*,#3561,.F.);
#3597 = ORIENTED_EDGE('',*,*,#303,.T.);
#3598 = PLANE('',#3599);
#3599 = AXIS2_PLACEMENT_3D('',#3600,#3601,#3602);
#3600 = CARTESIAN_POINT('',(27.45860004425,3.941998004913,3.));
#3601 = DIRECTION('',(0.870087740305,0.492896869711,0.));
#3602 = DIRECTION('',(-0.492896869711,0.870087740305,0.));
#3603 = ADVANCED_FACE('',(#3604),#3622,.T.);
#3604 = FACE_BOUND('',#3605,.T.);
#3605 = EDGE_LOOP('',(#3606,#3614,#3620,#3621));
#3606 = ORIENTED_EDGE('',*,*,#3607,.T.);
#3607 = EDGE_CURVE('',#288,#3608,#3610,.T.);
#3608 = VERTEX_POINT('',#3609);
#3609 = CARTESIAN_POINT('',(27.731914520264,3.420440673828,0.));
#3610 = LINE('',#3611,#3612);
#3611 = CARTESIAN_POINT('',(27.731914520264,3.420440673828,6.));
#3612 = VECTOR('',#3613,1.);
#3613 = DIRECTION('',(0.,0.,-1.));
#3614 = ORIENTED_EDGE('',*,*,#3615,.F.);
#3615 = EDGE_CURVE('',#3584,#3608,#3616,.T.);
#3616 = LINE('',#3617,#3618);
#3617 = CARTESIAN_POINT('',(27.555370330811,3.77117395401,0.));
#3618 = VECTOR('',#3619,1.);
#3619 = DIRECTION('',(0.449611110813,-0.893224411351,0.));
#3620 = ORIENTED_EDGE('',*,*,#3583,.F.);
#3621 = ORIENTED_EDGE('',*,*,#295,.F.);
#3622 = PLANE('',#3623);
#3623 = AXIS2_PLACEMENT_3D('',#3624,#3625,#3626);
#3624 = CARTESIAN_POINT('',(27.643642425537,3.595807313919,3.));
#3625 = DIRECTION('',(0.893224411351,0.449611110813,0.));
#3626 = DIRECTION('',(-0.449611110813,0.893224411351,0.));
#3627 = ADVANCED_FACE('',(#3628),#3646,.T.);
#3628 = FACE_BOUND('',#3629,.T.);
#3629 = EDGE_LOOP('',(#3630,#3631,#3632,#3640));
#3630 = ORIENTED_EDGE('',*,*,#3607,.F.);
#3631 = ORIENTED_EDGE('',*,*,#287,.F.);
#3632 = ORIENTED_EDGE('',*,*,#3633,.F.);
#3633 = EDGE_CURVE('',#3634,#280,#3636,.T.);
#3634 = VERTEX_POINT('',#3635);
#3635 = CARTESIAN_POINT('',(27.891036987305,3.061467409134,0.));
#3636 = LINE('',#3637,#3638);
#3637 = CARTESIAN_POINT('',(27.891036987305,3.061467409134,0.));
#3638 = VECTOR('',#3639,1.);
#3639 = DIRECTION('',(0.,0.,1.));
#3640 = ORIENTED_EDGE('',*,*,#3641,.T.);
#3641 = EDGE_CURVE('',#3634,#3608,#3642,.T.);
#3642 = LINE('',#3643,#3644);
#3643 = CARTESIAN_POINT('',(27.891036987305,3.061467409134,0.));
#3644 = VECTOR('',#3645,1.);
#3645 = DIRECTION('',(-0.405242511291,0.914209224982,0.));
#3646 = PLANE('',#3647);
#3647 = AXIS2_PLACEMENT_3D('',#3648,#3649,#3650);
#3648 = CARTESIAN_POINT('',(27.811475753784,3.240954041481,3.));
#3649 = DIRECTION('',(0.914209224982,0.405242511291,0.));
#3650 = DIRECTION('',(-0.405242511291,0.914209224982,0.));
#3651 = ADVANCED_FACE('',(#3652),#3670,.T.);
#3652 = FACE_BOUND('',#3653,.T.);
#3653 = EDGE_LOOP('',(#3654,#3662,#3668,#3669));
#3654 = ORIENTED_EDGE('',*,*,#3655,.F.);
#3655 = EDGE_CURVE('',#3656,#272,#3658,.T.);
#3656 = VERTEX_POINT('',#3657);
#3657 = CARTESIAN_POINT('',(28.03235244751,2.695118904114,0.));
#3658 = LINE('',#3659,#3660);
#3659 = CARTESIAN_POINT('',(28.03235244751,2.695118904114,0.));
#3660 = VECTOR('',#3661,1.);
#3661 = DIRECTION('',(0.,0.,1.));
#3662 = ORIENTED_EDGE('',*,*,#3663,.T.);
#3663 = EDGE_CURVE('',#3656,#3634,#3664,.T.);
#3664 = LINE('',#3665,#3666);
#3665 = CARTESIAN_POINT('',(28.03235244751,2.695118904114,0.));
#3666 = VECTOR('',#3667,1.);
#3667 = DIRECTION('',(-0.359893368845,0.932993442132,0.));
#3668 = ORIENTED_EDGE('',*,*,#3633,.T.);
#3669 = ORIENTED_EDGE('',*,*,#279,.F.);
#3670 = PLANE('',#3671);
#3671 = AXIS2_PLACEMENT_3D('',#3672,#3673,#3674);
#3672 = CARTESIAN_POINT('',(27.961694717407,2.878293156624,3.));
#3673 = DIRECTION('',(0.932993442132,0.359893368845,0.));
#3674 = DIRECTION('',(-0.359893368845,0.932993442132,0.));
#3675 = ADVANCED_FACE('',(#3676),#3694,.T.);
#3676 = FACE_BOUND('',#3677,.T.);
#3677 = EDGE_LOOP('',(#3678,#3679,#3680,#3688));
#3678 = ORIENTED_EDGE('',*,*,#3655,.T.);
#3679 = ORIENTED_EDGE('',*,*,#271,.T.);
#3680 = ORIENTED_EDGE('',*,*,#3681,.F.);
#3681 = EDGE_CURVE('',#3682,#264,#3684,.T.);
#3682 = VERTEX_POINT('',#3683);
#3683 = CARTESIAN_POINT('',(28.155523300171,2.32227730751,0.));
#3684 = LINE('',#3685,#3686);
#3685 = CARTESIAN_POINT('',(28.155523300171,2.32227730751,0.));
#3686 = VECTOR('',#3687,1.);
#3687 = DIRECTION('',(0.,0.,1.));
#3688 = ORIENTED_EDGE('',*,*,#3689,.T.);
#3689 = EDGE_CURVE('',#3682,#3656,#3690,.T.);
#3690 = LINE('',#3691,#3692);
#3691 = CARTESIAN_POINT('',(28.155523300171,2.32227730751,0.));
#3692 = VECTOR('',#3693,1.);
#3693 = DIRECTION('',(-0.313683178532,0.949527705497,0.));
#3694 = PLANE('',#3695);
#3695 = AXIS2_PLACEMENT_3D('',#3696,#3697,#3698);
#3696 = CARTESIAN_POINT('',(28.09393787384,2.508698105812,3.));
#3697 = DIRECTION('',(0.949527705497,0.313683178532,0.));
#3698 = DIRECTION('',(-0.313683178532,0.949527705497,0.));
#3699 = ADVANCED_FACE('',(#3700),#3718,.T.);
#3700 = FACE_BOUND('',#3701,.T.);
#3701 = EDGE_LOOP('',(#3702,#3703,#3711,#3717));
#3702 = ORIENTED_EDGE('',*,*,#263,.T.);
#3703 = ORIENTED_EDGE('',*,*,#3704,.F.);
#3704 = EDGE_CURVE('',#3705,#256,#3707,.T.);
#3705 = VERTEX_POINT('',#3706);
#3706 = CARTESIAN_POINT('',(28.260250091553,1.943841457367,0.));
#3707 = LINE('',#3708,#3709);
#3708 = CARTESIAN_POINT('',(28.260250091553,1.943841457367,0.));
#3709 = VECTOR('',#3710,1.);
#3710 = DIRECTION('',(0.,0.,1.));
#3711 = ORIENTED_EDGE('',*,*,#3712,.F.);
#3712 = EDGE_CURVE('',#3682,#3705,#3713,.T.);
#3713 = LINE('',#3714,#3715);
#3714 = CARTESIAN_POINT('',(28.155523300171,2.32227730751,0.));
#3715 = VECTOR('',#3716,1.);
#3716 = DIRECTION('',(0.266711544622,-0.963776401436,0.));
#3717 = ORIENTED_EDGE('',*,*,#3681,.T.);
#3718 = PLANE('',#3719);
#3719 = AXIS2_PLACEMENT_3D('',#3720,#3721,#3722);
#3720 = CARTESIAN_POINT('',(28.207886695862,2.133059382439,3.));
#3721 = DIRECTION('',(0.963776401436,0.266711544622,0.));
#3722 = DIRECTION('',(-0.266711544622,0.963776401436,0.));
#3723 = ADVANCED_FACE('',(#3724),#3742,.T.);
#3724 = FACE_BOUND('',#3725,.T.);
#3725 = EDGE_LOOP('',(#3726,#3727,#3735,#3741));
#3726 = ORIENTED_EDGE('',*,*,#255,.T.);
#3727 = ORIENTED_EDGE('',*,*,#3728,.T.);
#3728 = EDGE_CURVE('',#248,#3729,#3731,.T.);
#3729 = VERTEX_POINT('',#3730);
#3730 = CARTESIAN_POINT('',(28.346282958984,1.560722589493,0.));
#3731 = LINE('',#3732,#3733);
#3732 = CARTESIAN_POINT('',(28.346282958984,1.560722589493,6.));
#3733 = VECTOR('',#3734,1.);
#3734 = DIRECTION('',(0.,0.,-1.));
#3735 = ORIENTED_EDGE('',*,*,#3736,.F.);
#3736 = EDGE_CURVE('',#3705,#3729,#3737,.T.);
#3737 = LINE('',#3738,#3739);
#3738 = CARTESIAN_POINT('',(28.260250091553,1.943841457367,0.));
#3739 = VECTOR('',#3740,1.);
#3740 = DIRECTION('',(0.219102812889,-0.975701776868,0.));
#3741 = ORIENTED_EDGE('',*,*,#3704,.T.);
#3742 = PLANE('',#3743);
#3743 = AXIS2_PLACEMENT_3D('',#3744,#3745,#3746);
#3744 = CARTESIAN_POINT('',(28.303266525269,1.75228202343,3.));
#3745 = DIRECTION('',(0.975701776868,0.219102812889,0.));
#3746 = DIRECTION('',(-0.219102812889,0.975701776868,0.));
#3747 = ADVANCED_FACE('',(#3748),#3766,.T.);
#3748 = FACE_BOUND('',#3749,.T.);
#3749 = EDGE_LOOP('',(#3750,#3758,#3764,#3765));
#3750 = ORIENTED_EDGE('',*,*,#3751,.F.);
#3751 = EDGE_CURVE('',#3752,#240,#3754,.T.);
#3752 = VERTEX_POINT('',#3753);
#3753 = CARTESIAN_POINT('',(28.413412094116,1.173843741417,0.));
#3754 = LINE('',#3755,#3756);
#3755 = CARTESIAN_POINT('',(28.413412094116,1.173843741417,0.));
#3756 = VECTOR('',#3757,1.);
#3757 = DIRECTION('',(0.,0.,1.));
#3758 = ORIENTED_EDGE('',*,*,#3759,.T.);
#3759 = EDGE_CURVE('',#3752,#3729,#3760,.T.);
#3760 = LINE('',#3761,#3762);
#3761 = CARTESIAN_POINT('',(28.413412094116,1.173843741417,0.));
#3762 = VECTOR('',#3763,1.);
#3763 = DIRECTION('',(-0.170960125792,0.985277948291,0.));
#3764 = ORIENTED_EDGE('',*,*,#3728,.F.);
#3765 = ORIENTED_EDGE('',*,*,#247,.F.);
#3766 = PLANE('',#3767);
#3767 = AXIS2_PLACEMENT_3D('',#3768,#3769,#3770);
#3768 = CARTESIAN_POINT('',(28.37984752655,1.367283165455,3.));
#3769 = DIRECTION('',(0.985277948291,0.170960125792,0.));
#3770 = DIRECTION('',(-0.170960125792,0.985277948291,0.));
#3771 = ADVANCED_FACE('',(#3772),#3790,.T.);
#3772 = FACE_BOUND('',#3773,.T.);
#3773 = EDGE_LOOP('',(#3774,#3775,#3776,#3784));
#3774 = ORIENTED_EDGE('',*,*,#3751,.T.);
#3775 = ORIENTED_EDGE('',*,*,#239,.F.);
#3776 = ORIENTED_EDGE('',*,*,#3777,.F.);
#3777 = EDGE_CURVE('',#3778,#232,#3780,.T.);
#3778 = VERTEX_POINT('',#3779);
#3779 = CARTESIAN_POINT('',(28.461477279663,0.784137129784,0.));
#3780 = LINE('',#3781,#3782);
#3781 = CARTESIAN_POINT('',(28.461477279663,0.784137129784,0.));
#3782 = VECTOR('',#3783,1.);
#3783 = DIRECTION('',(0.,0.,1.));
#3784 = ORIENTED_EDGE('',*,*,#3785,.T.);
#3785 = EDGE_CURVE('',#3778,#3752,#3786,.T.);
#3786 = LINE('',#3787,#3788);
#3787 = CARTESIAN_POINT('',(28.461477279663,0.784137129784,0.));
#3788 = VECTOR('',#3789,1.);
#3789 = DIRECTION('',(-0.122409319207,0.992479701843,0.));
#3790 = PLANE('',#3791);
#3791 = AXIS2_PLACEMENT_3D('',#3792,#3793,#3794);
#3792 = CARTESIAN_POINT('',(28.43744468689,0.9789904356,3.));
#3793 = DIRECTION('',(0.992479701843,0.122409319207,0.));
#3794 = DIRECTION('',(-0.122409319207,0.992479701843,0.));
#3795 = ADVANCED_FACE('',(#3796),#3814,.T.);
#3796 = FACE_BOUND('',#3797,.T.);
#3797 = EDGE_LOOP('',(#3798,#3806,#3807,#3808));
#3798 = ORIENTED_EDGE('',*,*,#3799,.F.);
#3799 = EDGE_CURVE('',#3778,#3800,#3802,.T.);
#3800 = VERTEX_POINT('',#3801);
#3801 = CARTESIAN_POINT('',(28.490364074707,0.392541408539,0.));
#3802 = LINE('',#3803,#3804);
#3803 = CARTESIAN_POINT('',(28.461477279663,0.784137129784,0.));
#3804 = VECTOR('',#3805,1.);
#3805 = DIRECTION('',(7.356699340896E-02,-0.997290277442,0.));
#3806 = ORIENTED_EDGE('',*,*,#3777,.T.);
#3807 = ORIENTED_EDGE('',*,*,#231,.T.);
#3808 = ORIENTED_EDGE('',*,*,#3809,.T.);
#3809 = EDGE_CURVE('',#224,#3800,#3810,.T.);
#3810 = LINE('',#3811,#3812);
#3811 = CARTESIAN_POINT('',(28.490364074707,0.392541408539,6.));
#3812 = VECTOR('',#3813,1.);
#3813 = DIRECTION('',(0.,0.,-1.));
#3814 = PLANE('',#3815);
#3815 = AXIS2_PLACEMENT_3D('',#3816,#3817,#3818);
#3816 = CARTESIAN_POINT('',(28.475920677185,0.588339269161,3.));
#3817 = DIRECTION('',(0.997290277442,7.356699340896E-02,0.));
#3818 = DIRECTION('',(-7.356699340896E-02,0.997290277442,0.));
#3819 = ADVANCED_FACE('',(#3820),#3838,.T.);
#3820 = FACE_BOUND('',#3821,.T.);
#3821 = EDGE_LOOP('',(#3822,#3830,#3831,#3832));
#3822 = ORIENTED_EDGE('',*,*,#3823,.T.);
#3823 = EDGE_CURVE('',#3824,#3800,#3826,.T.);
#3824 = VERTEX_POINT('',#3825);
#3825 = CARTESIAN_POINT('',(28.5,0.,0.));
#3826 = LINE('',#3827,#3828);
#3827 = CARTESIAN_POINT('',(28.5,0.,0.));
#3828 = VECTOR('',#3829,1.);
#3829 = DIRECTION('',(-2.45401457757E-02,0.999698845276,0.));
#3830 = ORIENTED_EDGE('',*,*,#3809,.F.);
#3831 = ORIENTED_EDGE('',*,*,#223,.T.);
#3832 = ORIENTED_EDGE('',*,*,#3833,.F.);
#3833 = EDGE_CURVE('',#3824,#216,#3834,.T.);
#3834 = LINE('',#3835,#3836);
#3835 = CARTESIAN_POINT('',(28.5,0.,0.));
#3836 = VECTOR('',#3837,1.);
#3837 = DIRECTION('',(0.,0.,1.));
#3838 = PLANE('',#3839);
#3839 = AXIS2_PLACEMENT_3D('',#3840,#3841,#3842);
#3840 = CARTESIAN_POINT('',(28.495182037354,0.196270704269,3.));
#3841 = DIRECTION('',(0.999698845276,2.45401457757E-02,0.));
#3842 = DIRECTION('',(-2.45401457757E-02,0.999698845276,0.));
#3843 = ADVANCED_FACE('',(#3844),#3862,.T.);
#3844 = FACE_BOUND('',#3845,.T.);
#3845 = EDGE_LOOP('',(#3846,#3847,#3848,#3856));
#3846 = ORIENTED_EDGE('',*,*,#3833,.T.);
#3847 = ORIENTED_EDGE('',*,*,#215,.T.);
#3848 = ORIENTED_EDGE('',*,*,#3849,.F.);
#3849 = EDGE_CURVE('',#3850,#208,#3852,.T.);
#3850 = VERTEX_POINT('',#3851);
#3851 = CARTESIAN_POINT('',(28.5,-33.,0.));
#3852 = LINE('',#3853,#3854);
#3853 = CARTESIAN_POINT('',(28.5,-33.,0.));
#3854 = VECTOR('',#3855,1.);
#3855 = DIRECTION('',(0.,0.,1.));
#3856 = ORIENTED_EDGE('',*,*,#3857,.T.);
#3857 = EDGE_CURVE('',#3850,#3824,#3858,.T.);
#3858 = LINE('',#3859,#3860);
#3859 = CARTESIAN_POINT('',(28.5,-33.,0.));
#3860 = VECTOR('',#3861,1.);
#3861 = DIRECTION('',(0.,1.,0.));
#3862 = PLANE('',#3863);
#3863 = AXIS2_PLACEMENT_3D('',#3864,#3865,#3866);
#3864 = CARTESIAN_POINT('',(28.5,-16.5,3.));
#3865 = DIRECTION('',(1.,0.,0.));
#3866 = DIRECTION('',(0.,0.,1.));
#3867 = ADVANCED_FACE('',(#3868),#3886,.T.);
#3868 = FACE_BOUND('',#3869,.T.);
#3869 = EDGE_LOOP('',(#3870,#3871,#3872,#3880));
#3870 = ORIENTED_EDGE('',*,*,#3849,.T.);
#3871 = ORIENTED_EDGE('',*,*,#207,.T.);
#3872 = ORIENTED_EDGE('',*,*,#3873,.F.);
#3873 = EDGE_CURVE('',#3874,#200,#3876,.T.);
#3874 = VERTEX_POINT('',#3875);
#3875 = CARTESIAN_POINT('',(-28.5,-33.,0.));
#3876 = LINE('',#3877,#3878);
#3877 = CARTESIAN_POINT('',(-28.5,-33.,0.));
#3878 = VECTOR('',#3879,1.);
#3879 = DIRECTION('',(0.,0.,1.));
#3880 = ORIENTED_EDGE('',*,*,#3881,.T.);
#3881 = EDGE_CURVE('',#3874,#3850,#3882,.T.);
#3882 = LINE('',#3883,#3884);
#3883 = CARTESIAN_POINT('',(-28.5,-33.,0.));
#3884 = VECTOR('',#3885,1.);
#3885 = DIRECTION('',(1.,0.,0.));
#3886 = PLANE('',#3887);
#3887 = AXIS2_PLACEMENT_3D('',#3888,#3889,#3890);
#3888 = CARTESIAN_POINT('',(0.,-33.,3.));
#3889 = DIRECTION('',(-0.,-1.,-0.));
#3890 = DIRECTION('',(0.,0.,-1.));
#3891 = ADVANCED_FACE('',(#3892),#3910,.T.);
#3892 = FACE_BOUND('',#3893,.T.);
#3893 = EDGE_LOOP('',(#3894,#3895,#3896,#3904));
#3894 = ORIENTED_EDGE('',*,*,#3873,.T.);
#3895 = ORIENTED_EDGE('',*,*,#199,.T.);
#3896 = ORIENTED_EDGE('',*,*,#3897,.T.);
#3897 = EDGE_CURVE('',#192,#3898,#3900,.T.);
#3898 = VERTEX_POINT('',#3899);
#3899 = CARTESIAN_POINT('',(-28.5,0.,0.));
#3900 = LINE('',#3901,#3902);
#3901 = CARTESIAN_POINT('',(-28.5,0.,6.));
#3902 = VECTOR('',#3903,1.);
#3903 = DIRECTION('',(0.,0.,-1.));
#3904 = ORIENTED_EDGE('',*,*,#3905,.T.);
#3905 = EDGE_CURVE('',#3898,#3874,#3906,.T.);
#3906 = LINE('',#3907,#3908);
#3907 = CARTESIAN_POINT('',(-28.5,0.,0.));
#3908 = VECTOR('',#3909,1.);
#3909 = DIRECTION('',(0.,-1.,0.));
#3910 = PLANE('',#3911);
#3911 = AXIS2_PLACEMENT_3D('',#3912,#3913,#3914);
#3912 = CARTESIAN_POINT('',(-28.5,-16.5,3.));
#3913 = DIRECTION('',(-1.,-0.,-0.));
#3914 = DIRECTION('',(0.,0.,-1.));
#3915 = ADVANCED_FACE('',(#3916),#3934,.T.);
#3916 = FACE_BOUND('',#3917,.T.);
#3917 = EDGE_LOOP('',(#3918,#3926,#3927,#3928));
#3918 = ORIENTED_EDGE('',*,*,#3919,.T.);
#3919 = EDGE_CURVE('',#3920,#3898,#3922,.T.);
#3920 = VERTEX_POINT('',#3921);
#3921 = CARTESIAN_POINT('',(-28.49751281738,0.199445530772,0.));
#3922 = LINE('',#3923,#3924);
#3923 = CARTESIAN_POINT('',(-28.49751281738,0.199445530772,0.));
#3924 = VECTOR('',#3925,1.);
#3925 = DIRECTION('',(-1.246951604021E-02,-0.999922252563,0.));
#3926 = ORIENTED_EDGE('',*,*,#3897,.F.);
#3927 = ORIENTED_EDGE('',*,*,#191,.T.);
#3928 = ORIENTED_EDGE('',*,*,#3929,.T.);
#3929 = EDGE_CURVE('',#184,#3920,#3930,.T.);
#3930 = LINE('',#3931,#3932);
#3931 = CARTESIAN_POINT('',(-28.49751281738,0.199445530772,6.));
#3932 = VECTOR('',#3933,1.);
#3933 = DIRECTION('',(0.,0.,-1.));
#3934 = PLANE('',#3935);
#3935 = AXIS2_PLACEMENT_3D('',#3936,#3937,#3938);
#3936 = CARTESIAN_POINT('',(-28.49875640869,9.97227653861E-02,3.));
#3937 = DIRECTION('',(-0.999922252563,1.246951604021E-02,0.));
#3938 = DIRECTION('',(-1.246951604021E-02,-0.999922252563,0.));
#3939 = ADVANCED_FACE('',(#3940),#3958,.T.);
#3940 = FACE_BOUND('',#3941,.T.);
#3941 = EDGE_LOOP('',(#3942,#3950,#3956,#3957));
#3942 = ORIENTED_EDGE('',*,*,#3943,.T.);
#3943 = EDGE_CURVE('',#176,#3944,#3946,.T.);
#3944 = VERTEX_POINT('',#3945);
#3945 = CARTESIAN_POINT('',(-28.47763061523,0.597840726376,0.));
#3946 = LINE('',#3947,#3948);
#3947 = CARTESIAN_POINT('',(-28.47763061523,0.597840726376,6.));
#3948 = VECTOR('',#3949,1.);
#3949 = DIRECTION('',(0.,0.,-1.));
#3950 = ORIENTED_EDGE('',*,*,#3951,.F.);
#3951 = EDGE_CURVE('',#3920,#3944,#3952,.T.);
#3952 = LINE('',#3953,#3954);
#3953 = CARTESIAN_POINT('',(-28.49751281738,0.199445530772,0.));
#3954 = VECTOR('',#3955,1.);
#3955 = DIRECTION('',(4.984369640066E-02,0.998757030478,0.));
#3956 = ORIENTED_EDGE('',*,*,#3929,.F.);
#3957 = ORIENTED_EDGE('',*,*,#183,.T.);
#3958 = PLANE('',#3959);
#3959 = AXIS2_PLACEMENT_3D('',#3960,#3961,#3962);
#3960 = CARTESIAN_POINT('',(-28.4875717163,0.398643128574,3.));
#3961 = DIRECTION('',(-0.998757030478,4.984369640066E-02,0.));
#3962 = DIRECTION('',(-4.984369640066E-02,-0.998757030478,0.));
#3963 = ADVANCED_FACE('',(#3964),#3982,.T.);
#3964 = FACE_BOUND('',#3965,.T.);
#3965 = EDGE_LOOP('',(#3966,#3967,#3968,#3976));
#3966 = ORIENTED_EDGE('',*,*,#3943,.F.);
#3967 = ORIENTED_EDGE('',*,*,#175,.T.);
#3968 = ORIENTED_EDGE('',*,*,#3969,.T.);
#3969 = EDGE_CURVE('',#168,#3970,#3972,.T.);
#3970 = VERTEX_POINT('',#3971);
#3971 = CARTESIAN_POINT('',(-28.43791389465,0.99474966526,0.));
#3972 = LINE('',#3973,#3974);
#3973 = CARTESIAN_POINT('',(-28.43791389465,0.99474966526,6.));
#3974 = VECTOR('',#3975,1.);
#3975 = DIRECTION('',(0.,0.,-1.));
#3976 = ORIENTED_EDGE('',*,*,#3977,.T.);
#3977 = EDGE_CURVE('',#3970,#3944,#3978,.T.);
#3978 = LINE('',#3979,#3980);
#3979 = CARTESIAN_POINT('',(-28.43791389465,0.99474966526,0.));
#3980 = VECTOR('',#3981,1.);
#3981 = DIRECTION('',(-9.956782398413E-02,-0.995030777628,0.));
#3982 = PLANE('',#3983);
#3983 = AXIS2_PLACEMENT_3D('',#3984,#3985,#3986);
#3984 = CARTESIAN_POINT('',(-28.45777225494,0.796295195818,3.));
#3985 = DIRECTION('',(-0.995030777628,9.956782398413E-02,0.));
#3986 = DIRECTION('',(-9.956782398413E-02,-0.995030777628,0.));
#3987 = ADVANCED_FACE('',(#3988),#4006,.T.);
#3988 = FACE_BOUND('',#3989,.T.);
#3989 = EDGE_LOOP('',(#3990,#3991,#3999,#4005));
#3990 = ORIENTED_EDGE('',*,*,#167,.T.);
#3991 = ORIENTED_EDGE('',*,*,#3992,.F.);
#3992 = EDGE_CURVE('',#3993,#160,#3995,.T.);
#3993 = VERTEX_POINT('',#3994);
#3994 = CARTESIAN_POINT('',(-28.37846183776,1.389185428619,0.));
#3995 = LINE('',#3996,#3997);
#3996 = CARTESIAN_POINT('',(-28.37846183776,1.389185428619,0.));
#3997 = VECTOR('',#3998,1.);
#3998 = DIRECTION('',(0.,0.,1.));
#3999 = ORIENTED_EDGE('',*,*,#4000,.T.);
#4000 = EDGE_CURVE('',#3993,#3970,#4001,.T.);
#4001 = LINE('',#4002,#4003);
#4002 = CARTESIAN_POINT('',(-28.37846183776,1.389185428619,0.));
#4003 = VECTOR('',#4004,1.);
#4004 = DIRECTION('',(-0.149043323443,-0.988830666867,0.));
#4005 = ORIENTED_EDGE('',*,*,#3969,.F.);
#4006 = PLANE('',#4007);
#4007 = AXIS2_PLACEMENT_3D('',#4008,#4009,#4010);
#4008 = CARTESIAN_POINT('',(-28.40818786621,1.19196754694,3.));
#4009 = DIRECTION('',(-0.988830666867,0.149043323443,0.));
#4010 = DIRECTION('',(-0.149043323443,-0.988830666867,0.));
#4011 = ADVANCED_FACE('',(#4012),#4030,.T.);
#4012 = FACE_BOUND('',#4013,.T.);
#4013 = EDGE_LOOP('',(#4014,#4015,#4016,#4024));
#4014 = ORIENTED_EDGE('',*,*,#3992,.T.);
#4015 = ORIENTED_EDGE('',*,*,#159,.T.);
#4016 = ORIENTED_EDGE('',*,*,#4017,.F.);
#4017 = EDGE_CURVE('',#4018,#152,#4020,.T.);
#4018 = VERTEX_POINT('',#4019);
#4019 = CARTESIAN_POINT('',(-28.29942321777,1.780167460442,0.));
#4020 = LINE('',#4021,#4022);
#4021 = CARTESIAN_POINT('',(-28.29942321777,1.780167460442,0.));
#4022 = VECTOR('',#4023,1.);
#4023 = DIRECTION('',(0.,0.,1.));
#4024 = ORIENTED_EDGE('',*,*,#4025,.T.);
#4025 = EDGE_CURVE('',#4018,#3993,#4026,.T.);
#4026 = LINE('',#4027,#4028);
#4027 = CARTESIAN_POINT('',(-28.29942321777,1.780167460442,0.));
#4028 = VECTOR('',#4029,1.);
#4029 = DIRECTION('',(-0.198145895339,-0.980172537954,0.));
#4030 = PLANE('',#4031);
#4031 = AXIS2_PLACEMENT_3D('',#4032,#4033,#4034);
#4032 = CARTESIAN_POINT('',(-28.33894252777,1.58467644453,3.));
#4033 = DIRECTION('',(-0.980172537954,0.198145895339,0.));
#4034 = DIRECTION('',(-0.198145895339,-0.980172537954,0.));
#4035 = ADVANCED_FACE('',(#4036),#4054,.T.);
#4036 = FACE_BOUND('',#4037,.T.);
#4037 = EDGE_LOOP('',(#4038,#4039,#4040,#4048));
#4038 = ORIENTED_EDGE('',*,*,#4017,.T.);
#4039 = ORIENTED_EDGE('',*,*,#151,.F.);
#4040 = ORIENTED_EDGE('',*,*,#4041,.F.);
#4041 = EDGE_CURVE('',#4042,#144,#4044,.T.);
#4042 = VERTEX_POINT('',#4043);
#4043 = CARTESIAN_POINT('',(-28.20099449157,2.16672372818,0.));
#4044 = LINE('',#4045,#4046);
#4045 = CARTESIAN_POINT('',(-28.20099449157,2.16672372818,0.));
#4046 = VECTOR('',#4047,1.);
#4047 = DIRECTION('',(0.,0.,1.));
#4048 = ORIENTED_EDGE('',*,*,#4049,.T.);
#4049 = EDGE_CURVE('',#4042,#4018,#4050,.T.);
#4050 = LINE('',#4051,#4052);
#4051 = CARTESIAN_POINT('',(-28.20099449157,2.16672372818,0.));
#4052 = VECTOR('',#4053,1.);
#4053 = DIRECTION('',(-0.246755998779,-0.969077642435,0.));
#4054 = PLANE('',#4055);
#4055 = AXIS2_PLACEMENT_3D('',#4056,#4057,#4058);
#4056 = CARTESIAN_POINT('',(-28.25020885467,1.973445594311,3.));
#4057 = DIRECTION('',(-0.969077642435,0.246755998779,0.));
#4058 = DIRECTION('',(-0.246755998779,-0.969077642435,0.));
#4059 = ADVANCED_FACE('',(#4060),#4078,.T.);
#4060 = FACE_BOUND('',#4061,.T.);
#4061 = EDGE_LOOP('',(#4062,#4063,#4071,#4077));
#4062 = ORIENTED_EDGE('',*,*,#143,.T.);
#4063 = ORIENTED_EDGE('',*,*,#4064,.T.);
#4064 = EDGE_CURVE('',#136,#4065,#4067,.T.);
#4065 = VERTEX_POINT('',#4066);
#4066 = CARTESIAN_POINT('',(-28.08341789245,2.547893285751,0.));
#4067 = LINE('',#4068,#4069);
#4068 = CARTESIAN_POINT('',(-28.08341789245,2.547893285751,6.));
#4069 = VECTOR('',#4070,1.);
#4070 = DIRECTION('',(0.,0.,-1.));
#4071 = ORIENTED_EDGE('',*,*,#4072,.T.);
#4072 = EDGE_CURVE('',#4065,#4042,#4073,.T.);
#4073 = LINE('',#4074,#4075);
#4074 = CARTESIAN_POINT('',(-28.08341789245,2.547893285751,0.));
#4075 = VECTOR('',#4076,1.);
#4076 = DIRECTION('',(-0.294758291753,-0.955571844208,0.));
#4077 = ORIENTED_EDGE('',*,*,#4041,.T.);
#4078 = PLANE('',#4079);
#4079 = AXIS2_PLACEMENT_3D('',#4080,#4081,#4082);
#4080 = CARTESIAN_POINT('',(-28.14220619201,2.357308506966,3.));
#4081 = DIRECTION('',(-0.955571844208,0.294758291753,0.));
#4082 = DIRECTION('',(-0.294758291753,-0.955571844208,0.));
#4083 = ADVANCED_FACE('',(#4084),#4102,.T.);
#4084 = FACE_BOUND('',#4085,.T.);
#4085 = EDGE_LOOP('',(#4086,#4087,#4095,#4101));
#4086 = ORIENTED_EDGE('',*,*,#135,.F.);
#4087 = ORIENTED_EDGE('',*,*,#4088,.F.);
#4088 = EDGE_CURVE('',#4089,#128,#4091,.T.);
#4089 = VERTEX_POINT('',#4090);
#4090 = CARTESIAN_POINT('',(-27.94698905944,2.922728300095,0.));
#4091 = LINE('',#4092,#4093);
#4092 = CARTESIAN_POINT('',(-27.94698905944,2.922728300095,0.));
#4093 = VECTOR('',#4094,1.);
#4094 = DIRECTION('',(0.,0.,1.));
#4095 = ORIENTED_EDGE('',*,*,#4096,.F.);
#4096 = EDGE_CURVE('',#4065,#4089,#4097,.T.);
#4097 = LINE('',#4098,#4099);
#4098 = CARTESIAN_POINT('',(-28.08341789245,2.547893285751,0.));
#4099 = VECTOR('',#4100,1.);
#4100 = DIRECTION('',(0.342020243,0.939692584508,0.));
#4101 = ORIENTED_EDGE('',*,*,#4064,.F.);
#4102 = PLANE('',#4103);
#4103 = AXIS2_PLACEMENT_3D('',#4104,#4105,#4106);
#4104 = CARTESIAN_POINT('',(-28.01520347595,2.735310792923,3.));
#4105 = DIRECTION('',(-0.939692584508,0.342020243,0.));
#4106 = DIRECTION('',(-0.342020243,-0.939692584508,0.));
#4107 = ADVANCED_FACE('',(#4108),#4126,.T.);
#4108 = FACE_BOUND('',#4109,.T.);
#4109 = EDGE_LOOP('',(#4110,#4111,#4119,#4125));
#4110 = ORIENTED_EDGE('',*,*,#127,.T.);
#4111 = ORIENTED_EDGE('',*,*,#4112,.F.);
#4112 = EDGE_CURVE('',#4113,#120,#4115,.T.);
#4113 = VERTEX_POINT('',#4114);
#4114 = CARTESIAN_POINT('',(-27.79204750061,3.290296792984,0.));
#4115 = LINE('',#4116,#4117);
#4116 = CARTESIAN_POINT('',(-27.79204750061,3.290296792984,0.));
#4117 = VECTOR('',#4118,1.);
#4118 = DIRECTION('',(0.,0.,1.));
#4119 = ORIENTED_EDGE('',*,*,#4120,.T.);
#4120 = EDGE_CURVE('',#4113,#4089,#4121,.T.);
#4121 = LINE('',#4122,#4123);
#4122 = CARTESIAN_POINT('',(-27.79204750061,3.290296792984,0.));
#4123 = VECTOR('',#4124,1.);
#4124 = DIRECTION('',(-0.388431488318,-0.921477606284,0.));
#4125 = ORIENTED_EDGE('',*,*,#4088,.T.);
#4126 = PLANE('',#4127);
#4127 = AXIS2_PLACEMENT_3D('',#4128,#4129,#4130);
#4128 = CARTESIAN_POINT('',(-27.86951828002,3.106512546539,3.));
#4129 = DIRECTION('',(-0.921477606284,0.388431488318,0.));
#4130 = DIRECTION('',(-0.388431488318,-0.921477606284,0.));
#4131 = ADVANCED_FACE('',(#4132),#4150,.T.);
#4132 = FACE_BOUND('',#4133,.T.);
#4133 = EDGE_LOOP('',(#4134,#4142,#4143,#4144));
#4134 = ORIENTED_EDGE('',*,*,#4135,.F.);
#4135 = EDGE_CURVE('',#4113,#4136,#4138,.T.);
#4136 = VERTEX_POINT('',#4137);
#4137 = CARTESIAN_POINT('',(-27.61897468566,3.649685144424,0.));
#4138 = LINE('',#4139,#4140);
#4139 = CARTESIAN_POINT('',(-27.79204750061,3.290296792984,0.));
#4140 = VECTOR('',#4141,1.);
#4141 = DIRECTION('',(0.433884770035,0.900968371438,0.));
#4142 = ORIENTED_EDGE('',*,*,#4112,.T.);
#4143 = ORIENTED_EDGE('',*,*,#119,.T.);
#4144 = ORIENTED_EDGE('',*,*,#4145,.T.);
#4145 = EDGE_CURVE('',#112,#4136,#4146,.T.);
#4146 = LINE('',#4147,#4148);
#4147 = CARTESIAN_POINT('',(-27.61897468566,3.649685144424,6.));
#4148 = VECTOR('',#4149,1.);
#4149 = DIRECTION('',(0.,0.,-1.));
#4150 = PLANE('',#4151);
#4151 = AXIS2_PLACEMENT_3D('',#4152,#4153,#4154);
#4152 = CARTESIAN_POINT('',(-27.70551109314,3.469990968704,3.));
#4153 = DIRECTION('',(-0.900968371438,0.433884770035,0.));
#4154 = DIRECTION('',(-0.433884770035,-0.900968371438,0.));
#4155 = ADVANCED_FACE('',(#4156),#4174,.T.);
#4156 = FACE_BOUND('',#4157,.T.);
#4157 = EDGE_LOOP('',(#4158,#4166,#4167,#4168));
#4158 = ORIENTED_EDGE('',*,*,#4159,.T.);
#4159 = EDGE_CURVE('',#4160,#4136,#4162,.T.);
#4160 = VERTEX_POINT('',#4161);
#4161 = CARTESIAN_POINT('',(-27.42820358276,4.,0.));
#4162 = LINE('',#4163,#4164);
#4163 = CARTESIAN_POINT('',(-27.42820358276,4.,0.));
#4164 = VECTOR('',#4165,1.);
#4165 = DIRECTION('',(-0.478253592666,-0.87822178355,0.));
#4166 = ORIENTED_EDGE('',*,*,#4145,.F.);
#4167 = ORIENTED_EDGE('',*,*,#111,.T.);
#4168 = ORIENTED_EDGE('',*,*,#4169,.T.);
#4169 = EDGE_CURVE('',#104,#4160,#4170,.T.);
#4170 = LINE('',#4171,#4172);
#4171 = CARTESIAN_POINT('',(-27.42820358276,4.,6.));
#4172 = VECTOR('',#4173,1.);
#4173 = DIRECTION('',(0.,0.,-1.));
#4174 = PLANE('',#4175);
#4175 = AXIS2_PLACEMENT_3D('',#4176,#4177,#4178);
#4176 = CARTESIAN_POINT('',(-27.52358913421,3.824842572212,3.));
#4177 = DIRECTION('',(-0.87822178355,0.478253592666,0.));
#4178 = DIRECTION('',(-0.478253592666,-0.87822178355,0.));
#4179 = ADVANCED_FACE('',(#4180),#4198,.T.);
#4180 = FACE_BOUND('',#4181,.T.);
#4181 = EDGE_LOOP('',(#4182,#4183,#4191,#4197));
#4182 = ORIENTED_EDGE('',*,*,#103,.F.);
#4183 = ORIENTED_EDGE('',*,*,#4184,.T.);
#4184 = EDGE_CURVE('',#96,#4185,#4187,.T.);
#4185 = VERTEX_POINT('',#4186);
#4186 = CARTESIAN_POINT('',(-27.22020721435,4.340370178223,0.));
#4187 = LINE('',#4188,#4189);
#4188 = CARTESIAN_POINT('',(-27.22020721435,4.340370178223,6.));
#4189 = VECTOR('',#4190,1.);
#4190 = DIRECTION('',(0.,0.,-1.));
#4191 = ORIENTED_EDGE('',*,*,#4192,.T.);
#4192 = EDGE_CURVE('',#4185,#4160,#4193,.T.);
#4193 = LINE('',#4194,#4195);
#4194 = CARTESIAN_POINT('',(-27.22020721435,4.340370178223,0.));
#4195 = VECTOR('',#4196,1.);
#4196 = DIRECTION('',(-0.521436083577,-0.853290343754,0.));
#4197 = ORIENTED_EDGE('',*,*,#4169,.F.);
#4198 = PLANE('',#4199);
#4199 = AXIS2_PLACEMENT_3D('',#4200,#4201,#4202);
#4200 = CARTESIAN_POINT('',(-27.32420539856,4.170185089111,3.));
#4201 = DIRECTION('',(-0.853290343754,0.521436083577,0.));
#4202 = DIRECTION('',(-0.521436083577,-0.853290343754,0.));
#4203 = ADVANCED_FACE('',(#4204),#4222,.T.);
#4204 = FACE_BOUND('',#4205,.T.);
#4205 = EDGE_LOOP('',(#4206,#4214,#4220,#4221));
#4206 = ORIENTED_EDGE('',*,*,#4207,.T.);
#4207 = EDGE_CURVE('',#88,#4208,#4210,.T.);
#4208 = VERTEX_POINT('',#4209);
#4209 = CARTESIAN_POINT('',(-26.99550437927,4.669949531555,0.));
#4210 = LINE('',#4211,#4212);
#4211 = CARTESIAN_POINT('',(-26.99550437927,4.669949531555,6.));
#4212 = VECTOR('',#4213,1.);
#4213 = DIRECTION('',(0.,0.,-1.));
#4214 = ORIENTED_EDGE('',*,*,#4215,.F.);
#4215 = EDGE_CURVE('',#4185,#4208,#4216,.T.);
#4216 = LINE('',#4217,#4218);
#4217 = CARTESIAN_POINT('',(-27.22020721435,4.340370178223,0.));
#4218 = VECTOR('',#4219,1.);
#4219 = DIRECTION('',(0.563319094037,0.826239431577,0.));
#4220 = ORIENTED_EDGE('',*,*,#4184,.F.);
#4221 = ORIENTED_EDGE('',*,*,#95,.T.);
#4222 = PLANE('',#4223);
#4223 = AXIS2_PLACEMENT_3D('',#4224,#4225,#4226);
#4224 = CARTESIAN_POINT('',(-27.10785579681,4.505159854889,3.));
#4225 = DIRECTION('',(-0.826239431577,0.563319094037,0.));
#4226 = DIRECTION('',(-0.563319094037,-0.826239431577,0.));
#4227 = ADVANCED_FACE('',(#4228),#4246,.T.);
#4228 = FACE_BOUND('',#4229,.T.);
#4229 = EDGE_LOOP('',(#4230,#4238,#4239,#4240));
#4230 = ORIENTED_EDGE('',*,*,#4231,.T.);
#4231 = EDGE_CURVE('',#4232,#4208,#4234,.T.);
#4232 = VERTEX_POINT('',#4233);
#4233 = CARTESIAN_POINT('',(-26.75465202331,4.987918376923,0.));
#4234 = LINE('',#4235,#4236);
#4235 = CARTESIAN_POINT('',(-26.75465202331,4.987918376923,0.));
#4236 = VECTOR('',#4237,1.);
#4237 = DIRECTION('',(-0.603804912308,-0.797132126986,0.));
#4238 = ORIENTED_EDGE('',*,*,#4207,.F.);
#4239 = ORIENTED_EDGE('',*,*,#87,.T.);
#4240 = ORIENTED_EDGE('',*,*,#4241,.F.);
#4241 = EDGE_CURVE('',#4232,#80,#4242,.T.);
#4242 = LINE('',#4243,#4244);
#4243 = CARTESIAN_POINT('',(-26.75465202331,4.987918376923,0.));
#4244 = VECTOR('',#4245,1.);
#4245 = DIRECTION('',(0.,0.,1.));
#4246 = PLANE('',#4247);
#4247 = AXIS2_PLACEMENT_3D('',#4248,#4249,#4250);
#4248 = CARTESIAN_POINT('',(-26.87507820129,4.828933954239,3.));
#4249 = DIRECTION('',(-0.797132126986,0.603804912308,0.));
#4250 = DIRECTION('',(-0.603804912308,-0.797132126986,0.));
#4251 = ADVANCED_FACE('',(#4252),#4270,.T.);
#4252 = FACE_BOUND('',#4253,.T.);
#4253 = EDGE_LOOP('',(#4254,#4255,#4256,#4264));
#4254 = ORIENTED_EDGE('',*,*,#4241,.T.);
#4255 = ORIENTED_EDGE('',*,*,#79,.F.);
#4256 = ORIENTED_EDGE('',*,*,#4257,.F.);
#4257 = EDGE_CURVE('',#4258,#72,#4260,.T.);
#4258 = VERTEX_POINT('',#4259);
#4259 = CARTESIAN_POINT('',(-26.49824905395,5.293486595154,0.));
#4260 = LINE('',#4261,#4262);
#4261 = CARTESIAN_POINT('',(-26.49824905395,5.293486595154,0.));
#4262 = VECTOR('',#4263,1.);
#4263 = DIRECTION('',(0.,0.,1.));
#4264 = ORIENTED_EDGE('',*,*,#4265,.T.);
#4265 = EDGE_CURVE('',#4258,#4232,#4266,.T.);
#4266 = LINE('',#4267,#4268);
#4267 = CARTESIAN_POINT('',(-26.49824905395,5.293486595154,0.));
#4268 = VECTOR('',#4269,1.);
#4269 = DIRECTION('',(-0.642788772095,-0.766043467741,0.));
#4270 = PLANE('',#4271);
#4271 = AXIS2_PLACEMENT_3D('',#4272,#4273,#4274);
#4272 = CARTESIAN_POINT('',(-26.62645053863,5.140702486038,3.));
#4273 = DIRECTION('',(-0.766043467741,0.642788772095,0.));
#4274 = DIRECTION('',(-0.642788772095,-0.766043467741,0.));
#4275 = ADVANCED_FACE('',(#4276),#4294,.T.);
#4276 = FACE_BOUND('',#4277,.T.);
#4277 = EDGE_LOOP('',(#4278,#4279,#4287,#4293));
#4278 = ORIENTED_EDGE('',*,*,#71,.F.);
#4279 = ORIENTED_EDGE('',*,*,#4280,.F.);
#4280 = EDGE_CURVE('',#4281,#64,#4283,.T.);
#4281 = VERTEX_POINT('',#4282);
#4282 = CARTESIAN_POINT('',(-26.22693443298,5.585894584656,0.));
#4283 = LINE('',#4284,#4285);
#4284 = CARTESIAN_POINT('',(-26.22693443298,5.585894584656,0.));
#4285 = VECTOR('',#4286,1.);
#4286 = DIRECTION('',(0.,0.,1.));
#4287 = ORIENTED_EDGE('',*,*,#4288,.F.);
#4288 = EDGE_CURVE('',#4258,#4281,#4289,.T.);
#4289 = LINE('',#4290,#4291);
#4290 = CARTESIAN_POINT('',(-26.49824905395,5.293486595154,0.));
#4291 = VECTOR('',#4292,1.);
#4292 = DIRECTION('',(0.68017227465,0.733052301543,0.));
#4293 = ORIENTED_EDGE('',*,*,#4257,.T.);
#4294 = PLANE('',#4295);
#4295 = AXIS2_PLACEMENT_3D('',#4296,#4297,#4298);
#4296 = CARTESIAN_POINT('',(-26.36259174346,5.439690589905,3.));
#4297 = DIRECTION('',(-0.733052301543,0.68017227465,0.));
#4298 = DIRECTION('',(-0.68017227465,-0.733052301543,0.));
#4299 = ADVANCED_FACE('',(#4300),#4318,.T.);
#4300 = FACE_BOUND('',#4301,.T.);
#4301 = EDGE_LOOP('',(#4302,#4310,#4316,#4317));
#4302 = ORIENTED_EDGE('',*,*,#4303,.F.);
#4303 = EDGE_CURVE('',#4304,#56,#4306,.T.);
#4304 = VERTEX_POINT('',#4305);
#4305 = CARTESIAN_POINT('',(-25.94138145446,5.864415168762,0.));
#4306 = LINE('',#4307,#4308);
#4307 = CARTESIAN_POINT('',(-25.94138145446,5.864415168762,0.));
#4308 = VECTOR('',#4309,1.);
#4309 = DIRECTION('',(0.,0.,1.));
#4310 = ORIENTED_EDGE('',*,*,#4311,.F.);
#4311 = EDGE_CURVE('',#4281,#4304,#4312,.T.);
#4312 = LINE('',#4313,#4314);
#4313 = CARTESIAN_POINT('',(-26.22693443298,5.585894584656,0.));
#4314 = VECTOR('',#4315,1.);
#4315 = DIRECTION('',(0.71586676194,0.698236907611,0.));
#4316 = ORIENTED_EDGE('',*,*,#4280,.T.);
#4317 = ORIENTED_EDGE('',*,*,#63,.T.);
#4318 = PLANE('',#4319);
#4319 = AXIS2_PLACEMENT_3D('',#4320,#4321,#4322);
#4320 = CARTESIAN_POINT('',(-26.08415794372,5.725154876709,3.));
#4321 = DIRECTION('',(-0.698236907611,0.71586676194,0.));
#4322 = DIRECTION('',(0.71586676194,0.698236907611,0.));
#4323 = ADVANCED_FACE('',(#4324),#4342,.T.);
#4324 = FACE_BOUND('',#4325,.T.);
#4325 = EDGE_LOOP('',(#4326,#4327,#4328,#4336));
#4326 = ORIENTED_EDGE('',*,*,#4303,.T.);
#4327 = ORIENTED_EDGE('',*,*,#55,.T.);
#4328 = ORIENTED_EDGE('',*,*,#4329,.F.);
#4329 = EDGE_CURVE('',#4330,#48,#4332,.T.);
#4330 = VERTEX_POINT('',#4331);
#4331 = CARTESIAN_POINT('',(-25.64230155944,6.128355503082,0.));
#4332 = LINE('',#4333,#4334);
#4333 = CARTESIAN_POINT('',(-25.64230155944,6.128355503082,0.));
#4334 = VECTOR('',#4335,1.);
#4335 = DIRECTION('',(0.,0.,1.));
#4336 = ORIENTED_EDGE('',*,*,#4337,.F.);
#4337 = EDGE_CURVE('',#4304,#4330,#4338,.T.);
#4338 = LINE('',#4339,#4340);
#4339 = CARTESIAN_POINT('',(-25.94138145446,5.864415168762,0.));
#4340 = VECTOR('',#4341,1.);
#4341 = DIRECTION('',(0.749780256555,0.661686910011,0.));
#4342 = PLANE('',#4343);
#4343 = AXIS2_PLACEMENT_3D('',#4344,#4345,#4346);
#4344 = CARTESIAN_POINT('',(-25.79184150695,5.996385335922,3.));
#4345 = DIRECTION('',(-0.661686910011,0.749780256555,0.));
#4346 = DIRECTION('',(0.749780256555,0.661686910011,0.));
#4347 = ADVANCED_FACE('',(#4348),#4366,.T.);
#4348 = FACE_BOUND('',#4349,.T.);
#4349 = EDGE_LOOP('',(#4350,#4358,#4359,#4360));
#4350 = ORIENTED_EDGE('',*,*,#4351,.F.);
#4351 = EDGE_CURVE('',#4330,#4352,#4354,.T.);
#4352 = VERTEX_POINT('',#4353);
#4353 = CARTESIAN_POINT('',(-25.33043479919,6.377059936523,0.));
#4354 = LINE('',#4355,#4356);
#4355 = CARTESIAN_POINT('',(-25.64230155944,6.128355503082,0.));
#4356 = VECTOR('',#4357,1.);
#4357 = DIRECTION('',(0.78183271519,0.623488256071,0.));
#4358 = ORIENTED_EDGE('',*,*,#4329,.T.);
#4359 = ORIENTED_EDGE('',*,*,#47,.F.);
#4360 = ORIENTED_EDGE('',*,*,#4361,.F.);
#4361 = EDGE_CURVE('',#4352,#40,#4362,.T.);
#4362 = LINE('',#4363,#4364);
#4363 = CARTESIAN_POINT('',(-25.33043479919,6.377059936523,0.));
#4364 = VECTOR('',#4365,1.);
#4365 = DIRECTION('',(0.,0.,1.));
#4366 = PLANE('',#4367);
#4367 = AXIS2_PLACEMENT_3D('',#4368,#4369,#4370);
#4368 = CARTESIAN_POINT('',(-25.48636817932,6.252707719803,3.));
#4369 = DIRECTION('',(-0.623488256071,0.78183271519,0.));
#4370 = DIRECTION('',(0.78183271519,0.623488256071,0.));
#4371 = ADVANCED_FACE('',(#4372),#4390,.T.);
#4372 = FACE_BOUND('',#4373,.T.);
#4373 = EDGE_LOOP('',(#4374,#4382,#4383,#4384));
#4374 = ORIENTED_EDGE('',*,*,#4375,.T.);
#4375 = EDGE_CURVE('',#4376,#4352,#4378,.T.);
#4376 = VERTEX_POINT('',#4377);
#4377 = CARTESIAN_POINT('',(-25.00656127929,6.609910011292,0.));
#4378 = LINE('',#4379,#4380);
#4379 = CARTESIAN_POINT('',(-25.00656127929,6.609910011292,0.));
#4380 = VECTOR('',#4381,1.);
#4381 = DIRECTION('',(-0.811936970354,-0.583745112332,0.));
#4382 = ORIENTED_EDGE('',*,*,#4361,.T.);
#4383 = ORIENTED_EDGE('',*,*,#39,.F.);
#4384 = ORIENTED_EDGE('',*,*,#4385,.F.);
#4385 = EDGE_CURVE('',#4376,#32,#4386,.T.);
#4386 = LINE('',#4387,#4388);
#4387 = CARTESIAN_POINT('',(-25.00656127929,6.609910011292,0.));
#4388 = VECTOR('',#4389,1.);
#4389 = DIRECTION('',(0.,0.,1.));
#4390 = PLANE('',#4391);
#4391 = AXIS2_PLACEMENT_3D('',#4392,#4393,#4394);
#4392 = CARTESIAN_POINT('',(-25.16849803924,6.493484973907,3.));
#4393 = DIRECTION('',(-0.583745112332,0.811936970354,0.));
#4394 = DIRECTION('',(0.811936970354,0.583745112332,0.));
#4395 = ADVANCED_FACE('',(#4396),#4407,.T.);
#4396 = FACE_BOUND('',#4397,.T.);
#4397 = EDGE_LOOP('',(#4398,#4399,#4405,#4406));
#4398 = ORIENTED_EDGE('',*,*,#2308,.F.);
#4399 = ORIENTED_EDGE('',*,*,#4400,.T.);
#4400 = EDGE_CURVE('',#2299,#4376,#4401,.T.);
#4401 = LINE('',#4402,#4403);
#4402 = CARTESIAN_POINT('',(-24.67148208618,6.826326847076,0.));
#4403 = VECTOR('',#4404,1.);
#4404 = DIRECTION('',(-0.840026211579,-0.542545817292,0.));
#4405 = ORIENTED_EDGE('',*,*,#4385,.T.);
#4406 = ORIENTED_EDGE('',*,*,#31,.T.);
#4407 = PLANE('',#4408);
#4408 = AXIS2_PLACEMENT_3D('',#4409,#4410,#4411);
#4409 = CARTESIAN_POINT('',(-24.83902168273,6.718118429184,3.));
#4410 = DIRECTION('',(-0.542545817292,0.840026211579,0.));
#4411 = DIRECTION('',(0.840026211579,0.542545817292,0.));
#4412 = ADVANCED_FACE('',(#4413),#4438,.F.);
#4413 = FACE_BOUND('',#4414,.F.);
#4414 = EDGE_LOOP('',(#4415,#4416,#4424,#4432));
#4415 = ORIENTED_EDGE('',*,*,#656,.F.);
#4416 = ORIENTED_EDGE('',*,*,#4417,.T.);
#4417 = EDGE_CURVE('',#657,#4418,#4420,.T.);
#4418 = VERTEX_POINT('',#4419);
#4419 = CARTESIAN_POINT('',(-20.51022911071,-23.01141738891,0.));
#4420 = LINE('',#4421,#4422);
#4421 = CARTESIAN_POINT('',(-20.51022911071,-23.01141738891,25.));
#4422 = VECTOR('',#4423,1.);
#4423 = DIRECTION('',(0.,0.,-1.));
#4424 = ORIENTED_EDGE('',*,*,#4425,.T.);
#4425 = EDGE_CURVE('',#4418,#4426,#4428,.T.);
#4426 = VERTEX_POINT('',#4427);
#4427 = CARTESIAN_POINT('',(-20.44974708557,-22.93238639831,0.));
#4428 = LINE('',#4429,#4430);
#4429 = CARTESIAN_POINT('',(-20.51022911071,-23.01141738891,0.));
#4430 = VECTOR('',#4431,1.);
#4431 = DIRECTION('',(0.607745293181,0.794132015861,0.));
#4432 = ORIENTED_EDGE('',*,*,#4433,.F.);
#4433 = EDGE_CURVE('',#659,#4426,#4434,.T.);
#4434 = LINE('',#4435,#4436);
#4435 = CARTESIAN_POINT('',(-20.44974708557,-22.93238639831,25.));
#4436 = VECTOR('',#4437,1.);
#4437 = DIRECTION('',(0.,0.,-1.));
#4438 = PLANE('',#4439);
#4439 = AXIS2_PLACEMENT_3D('',#4440,#4441,#4442);
#4440 = CARTESIAN_POINT('',(-20.47998809814,-22.97190189361,12.5));
#4441 = DIRECTION('',(0.794132015861,-0.607745293181,0.));
#4442 = DIRECTION('',(0.607745293181,0.794132015861,0.));
#4443 = ADVANCED_FACE('',(#4444),#4462,.F.);
#4444 = FACE_BOUND('',#4445,.F.);
#4445 = EDGE_LOOP('',(#4446,#4447,#4448,#4456));
#4446 = ORIENTED_EDGE('',*,*,#4417,.F.);
#4447 = ORIENTED_EDGE('',*,*,#666,.F.);
#4448 = ORIENTED_EDGE('',*,*,#4449,.T.);
#4449 = EDGE_CURVE('',#667,#4450,#4452,.T.);
#4450 = VERTEX_POINT('',#4451);
#4451 = CARTESIAN_POINT('',(-20.57550621032,-23.08653831481,0.));
#4452 = LINE('',#4453,#4454);
#4453 = CARTESIAN_POINT('',(-20.57550621032,-23.08653831481,25.));
#4454 = VECTOR('',#4455,1.);
#4455 = DIRECTION('',(0.,0.,-1.));
#4456 = ORIENTED_EDGE('',*,*,#4457,.F.);
#4457 = EDGE_CURVE('',#4418,#4450,#4458,.T.);
#4458 = LINE('',#4459,#4460);
#4459 = CARTESIAN_POINT('',(-20.51022911071,-23.01141738891,0.));
#4460 = VECTOR('',#4461,1.);
#4461 = DIRECTION('',(-0.655918652891,-0.754831584388,0.));
#4462 = PLANE('',#4463);
#4463 = AXIS2_PLACEMENT_3D('',#4464,#4465,#4466);
#4464 = CARTESIAN_POINT('',(-20.54286766052,-23.04897785186,12.5));
#4465 = DIRECTION('',(0.754831584388,-0.655918652891,0.));
#4466 = DIRECTION('',(0.655918652891,0.754831584388,0.));
#4467 = ADVANCED_FACE('',(#4468),#4486,.F.);
#4468 = FACE_BOUND('',#4469,.F.);
#4469 = EDGE_LOOP('',(#4470,#4478,#4484,#4485));
#4470 = ORIENTED_EDGE('',*,*,#4471,.T.);
#4471 = EDGE_CURVE('',#4426,#4472,#4474,.T.);
#4472 = VERTEX_POINT('',#4473);
#4473 = CARTESIAN_POINT('',(-20.39429664611,-22.8497467041,0.));
#4474 = LINE('',#4475,#4476);
#4475 = CARTESIAN_POINT('',(-20.44974708557,-22.93238639831,0.));
#4476 = VECTOR('',#4477,1.);
#4477 = DIRECTION('',(0.557183356557,0.830389491248,0.));
#4478 = ORIENTED_EDGE('',*,*,#4479,.T.);
#4479 = EDGE_CURVE('',#4472,#1459,#4480,.T.);
#4480 = LINE('',#4481,#4482);
#4481 = CARTESIAN_POINT('',(-20.39429664611,-22.8497467041,0.));
#4482 = VECTOR('',#4483,1.);
#4483 = DIRECTION('',(0.,0.,1.));
#4484 = ORIENTED_EDGE('',*,*,#1466,.F.);
#4485 = ORIENTED_EDGE('',*,*,#4433,.T.);
#4486 = PLANE('',#4487);
#4487 = AXIS2_PLACEMENT_3D('',#4488,#4489,#4490);
#4488 = CARTESIAN_POINT('',(-20.42202186584,-22.8910665512,12.5));
#4489 = DIRECTION('',(0.830389491248,-0.557183356557,0.));
#4490 = DIRECTION('',(0.557183356557,0.830389491248,0.));
#4491 = ADVANCED_FACE('',(#4492),#4510,.F.);
#4492 = FACE_BOUND('',#4493,.F.);
#4493 = EDGE_LOOP('',(#4494,#4502,#4508,#4509));
#4494 = ORIENTED_EDGE('',*,*,#4495,.F.);
#4495 = EDGE_CURVE('',#4496,#675,#4498,.T.);
#4496 = VERTEX_POINT('',#4497);
#4497 = CARTESIAN_POINT('',(-20.64532852172,-23.15745353698,0.));
#4498 = LINE('',#4499,#4500);
#4499 = CARTESIAN_POINT('',(-20.64532852172,-23.15745353698,0.));
#4500 = VECTOR('',#4501,1.);
#4501 = DIRECTION('',(0.,0.,1.));
#4502 = ORIENTED_EDGE('',*,*,#4503,.T.);
#4503 = EDGE_CURVE('',#4496,#4450,#4504,.T.);
#4504 = LINE('',#4505,#4506);
#4505 = CARTESIAN_POINT('',(-20.64532852172,-23.15745353698,0.));
#4506 = VECTOR('',#4507,1.);
#4507 = DIRECTION('',(0.701594521577,0.712576401022,0.));
#4508 = ORIENTED_EDGE('',*,*,#4449,.F.);
#4509 = ORIENTED_EDGE('',*,*,#674,.F.);
#4510 = PLANE('',#4511);
#4511 = AXIS2_PLACEMENT_3D('',#4512,#4513,#4514);
#4512 = CARTESIAN_POINT('',(-20.61041736602,-23.1219959259,12.5));
#4513 = DIRECTION('',(0.712576401022,-0.701594521577,0.));
#4514 = DIRECTION('',(0.701594521577,0.712576401022,0.));
#4515 = ADVANCED_FACE('',(#4516),#4534,.F.);
#4516 = FACE_BOUND('',#4517,.F.);
#4517 = EDGE_LOOP('',(#4518,#4526,#4532,#4533));
#4518 = ORIENTED_EDGE('',*,*,#4519,.F.);
#4519 = EDGE_CURVE('',#4520,#4472,#4522,.T.);
#4520 = VERTEX_POINT('',#4521);
#4521 = CARTESIAN_POINT('',(-20.3440914154,-22.76381874084,0.));
#4522 = LINE('',#4523,#4524);
#4523 = CARTESIAN_POINT('',(-20.3440914154,-22.76381874084,0.));
#4524 = VECTOR('',#4525,1.);
#4525 = DIRECTION('',(-0.504475063312,-0.863426262339,0.));
#4526 = ORIENTED_EDGE('',*,*,#4527,.T.);
#4527 = EDGE_CURVE('',#4520,#1451,#4528,.T.);
#4528 = LINE('',#4529,#4530);
#4529 = CARTESIAN_POINT('',(-20.3440914154,-22.76381874084,0.));
#4530 = VECTOR('',#4531,1.);
#4531 = DIRECTION('',(0.,0.,1.));
#4532 = ORIENTED_EDGE('',*,*,#1458,.F.);
#4533 = ORIENTED_EDGE('',*,*,#4479,.F.);
#4534 = PLANE('',#4535);
#4535 = AXIS2_PLACEMENT_3D('',#4536,#4537,#4538);
#4536 = CARTESIAN_POINT('',(-20.36919403076,-22.80678272247,12.5));
#4537 = DIRECTION('',(0.863426262339,-0.504475063312,0.));
#4538 = DIRECTION('',(0.504475063312,0.863426262339,0.));
#4539 = ADVANCED_FACE('',(#4540),#4558,.F.);
#4540 = FACE_BOUND('',#4541,.F.);
#4541 = EDGE_LOOP('',(#4542,#4543,#4544,#4552));
#4542 = ORIENTED_EDGE('',*,*,#4495,.T.);
#4543 = ORIENTED_EDGE('',*,*,#682,.F.);
#4544 = ORIENTED_EDGE('',*,*,#4545,.F.);
#4545 = EDGE_CURVE('',#4546,#683,#4548,.T.);
#4546 = VERTEX_POINT('',#4547);
#4547 = CARTESIAN_POINT('',(-20.71942329406,-23.22389221191,0.));
#4548 = LINE('',#4549,#4550);
#4549 = CARTESIAN_POINT('',(-20.71942329406,-23.22389221191,0.));
#4550 = VECTOR('',#4551,1.);
#4551 = DIRECTION('',(0.,0.,1.));
#4552 = ORIENTED_EDGE('',*,*,#4553,.F.);
#4553 = EDGE_CURVE('',#4496,#4546,#4554,.T.);
#4554 = LINE('',#4555,#4556);
#4555 = CARTESIAN_POINT('',(-20.64532852172,-23.15745353698,0.));
#4556 = VECTOR('',#4557,1.);
#4557 = DIRECTION('',(-0.744525094133,-0.667594475865,0.));
#4558 = PLANE('',#4559);
#4559 = AXIS2_PLACEMENT_3D('',#4560,#4561,#4562);
#4560 = CARTESIAN_POINT('',(-20.68237590789,-23.19067287445,12.5));
#4561 = DIRECTION('',(0.667594475865,-0.744525094133,0.));
#4562 = DIRECTION('',(-0.744525094133,-0.667594475865,0.));
#4563 = ADVANCED_FACE('',(#4564),#4582,.F.);
#4564 = FACE_BOUND('',#4565,.F.);
#4565 = EDGE_LOOP('',(#4566,#4567,#4575,#4581));
#4566 = ORIENTED_EDGE('',*,*,#4527,.F.);
#4567 = ORIENTED_EDGE('',*,*,#4568,.F.);
#4568 = EDGE_CURVE('',#4569,#4520,#4571,.T.);
#4569 = VERTEX_POINT('',#4570);
#4570 = CARTESIAN_POINT('',(-20.29932403564,-22.67493629455,0.));
#4571 = LINE('',#4572,#4573);
#4572 = CARTESIAN_POINT('',(-20.29932403564,-22.67493629455,0.));
#4573 = VECTOR('',#4574,1.);
#4574 = DIRECTION('',(-0.449833514916,-0.893112427894,0.));
#4575 = ORIENTED_EDGE('',*,*,#4576,.F.);
#4576 = EDGE_CURVE('',#1443,#4569,#4577,.T.);
#4577 = LINE('',#4578,#4579);
#4578 = CARTESIAN_POINT('',(-20.29932403564,-22.67493629455,25.));
#4579 = VECTOR('',#4580,1.);
#4580 = DIRECTION('',(0.,0.,-1.));
#4581 = ORIENTED_EDGE('',*,*,#1450,.F.);
#4582 = PLANE('',#4583);
#4583 = AXIS2_PLACEMENT_3D('',#4584,#4585,#4586);
#4584 = CARTESIAN_POINT('',(-20.32170772552,-22.7193775177,12.5));
#4585 = DIRECTION('',(0.893112427894,-0.449833514916,0.));
#4586 = DIRECTION('',(0.449833514916,0.893112427894,0.));
#4587 = ADVANCED_FACE('',(#4588),#4606,.F.);
#4588 = FACE_BOUND('',#4589,.F.);
#4589 = EDGE_LOOP('',(#4590,#4591,#4592,#4600));
#4590 = ORIENTED_EDGE('',*,*,#4545,.T.);
#4591 = ORIENTED_EDGE('',*,*,#690,.F.);
#4592 = ORIENTED_EDGE('',*,*,#4593,.T.);
#4593 = EDGE_CURVE('',#691,#4594,#4596,.T.);
#4594 = VERTEX_POINT('',#4595);
#4595 = CARTESIAN_POINT('',(-20.79750633239,-23.28559494018,0.));
#4596 = LINE('',#4597,#4598);
#4597 = CARTESIAN_POINT('',(-20.79750633239,-23.28559494018,25.));
#4598 = VECTOR('',#4599,1.);
#4599 = DIRECTION('',(0.,0.,-1.));
#4600 = ORIENTED_EDGE('',*,*,#4601,.F.);
#4601 = EDGE_CURVE('',#4546,#4594,#4602,.T.);
#4602 = LINE('',#4603,#4604);
#4603 = CARTESIAN_POINT('',(-20.71942329406,-23.22389221191,0.));
#4604 = VECTOR('',#4605,1.);
#4605 = DIRECTION('',(-0.784598143461,-0.620004639723,0.));
#4606 = PLANE('',#4607);
#4607 = AXIS2_PLACEMENT_3D('',#4608,#4609,#4610);
#4608 = CARTESIAN_POINT('',(-20.75846481323,-23.25474357605,12.5));
#4609 = DIRECTION('',(0.620004639723,-0.784598143461,0.));
#4610 = DIRECTION('',(-0.784598143461,-0.620004639723,0.));
#4611 = ADVANCED_FACE('',(#4612),#4630,.F.);
#4612 = FACE_BOUND('',#4613,.F.);
#4613 = EDGE_LOOP('',(#4614,#4622,#4623,#4624));
#4614 = ORIENTED_EDGE('',*,*,#4615,.F.);
#4615 = EDGE_CURVE('',#1435,#4616,#4618,.T.);
#4616 = VERTEX_POINT('',#4617);
#4617 = CARTESIAN_POINT('',(-20.26016998291,-22.58344268798,0.));
#4618 = LINE('',#4619,#4620);
#4619 = CARTESIAN_POINT('',(-20.26016998291,-22.58344268798,25.));
#4620 = VECTOR('',#4621,1.);
#4621 = DIRECTION('',(0.,0.,-1.));
#4622 = ORIENTED_EDGE('',*,*,#1442,.F.);
#4623 = ORIENTED_EDGE('',*,*,#4576,.T.);
#4624 = ORIENTED_EDGE('',*,*,#4625,.T.);
#4625 = EDGE_CURVE('',#4569,#4616,#4626,.T.);
#4626 = LINE('',#4627,#4628);
#4627 = CARTESIAN_POINT('',(-20.29932403564,-22.67493629455,0.));
#4628 = VECTOR('',#4629,1.);
#4629 = DIRECTION('',(0.393431181445,0.919354069696,0.));
#4630 = PLANE('',#4631);
#4631 = AXIS2_PLACEMENT_3D('',#4632,#4633,#4634);
#4632 = CARTESIAN_POINT('',(-20.27974700927,-22.62918949127,12.5));
#4633 = DIRECTION('',(0.919354069696,-0.393431181445,0.));
#4634 = DIRECTION('',(0.393431181445,0.919354069696,0.));
#4635 = ADVANCED_FACE('',(#4636),#4654,.F.);
#4636 = FACE_BOUND('',#4637,.F.);
#4637 = EDGE_LOOP('',(#4638,#4639,#4640,#4648));
#4638 = ORIENTED_EDGE('',*,*,#4593,.F.);
#4639 = ORIENTED_EDGE('',*,*,#698,.F.);
#4640 = ORIENTED_EDGE('',*,*,#4641,.T.);
#4641 = EDGE_CURVE('',#699,#4642,#4644,.T.);
#4642 = VERTEX_POINT('',#4643);
#4643 = CARTESIAN_POINT('',(-20.87927246093,-23.34232521057,0.));
#4644 = LINE('',#4645,#4646);
#4645 = CARTESIAN_POINT('',(-20.87927246093,-23.34232521057,25.));
#4646 = VECTOR('',#4647,1.);
#4647 = DIRECTION('',(0.,0.,-1.));
#4648 = ORIENTED_EDGE('',*,*,#4649,.T.);
#4649 = EDGE_CURVE('',#4642,#4594,#4650,.T.);
#4650 = LINE('',#4651,#4652);
#4651 = CARTESIAN_POINT('',(-20.87927246093,-23.34232521057,0.));
#4652 = VECTOR('',#4653,1.);
#4653 = DIRECTION('',(0.82161357721,0.570044848888,0.));
#4654 = PLANE('',#4655);
#4655 = AXIS2_PLACEMENT_3D('',#4656,#4657,#4658);
#4656 = CARTESIAN_POINT('',(-20.83838939666,-23.31396007537,12.5));
#4657 = DIRECTION('',(0.570044848888,-0.82161357721,0.));
#4658 = DIRECTION('',(-0.82161357721,-0.570044848888,0.));
#4659 = ADVANCED_FACE('',(#4660),#4678,.F.);
#4660 = FACE_BOUND('',#4661,.F.);
#4661 = EDGE_LOOP('',(#4662,#4663,#4664,#4672));
#4662 = ORIENTED_EDGE('',*,*,#1434,.F.);
#4663 = ORIENTED_EDGE('',*,*,#4615,.T.);
#4664 = ORIENTED_EDGE('',*,*,#4665,.T.);
#4665 = EDGE_CURVE('',#4616,#4666,#4668,.T.);
#4666 = VERTEX_POINT('',#4667);
#4667 = CARTESIAN_POINT('',(-20.22677993774,-22.48969078064,0.));
#4668 = LINE('',#4669,#4670);
#4669 = CARTESIAN_POINT('',(-20.26016998291,-22.58344268798,0.));
#4670 = VECTOR('',#4671,1.);
#4671 = DIRECTION('',(0.335509466879,0.942036834542,0.));
#4672 = ORIENTED_EDGE('',*,*,#4673,.F.);
#4673 = EDGE_CURVE('',#1427,#4666,#4674,.T.);
#4674 = LINE('',#4675,#4676);
#4675 = CARTESIAN_POINT('',(-20.22677993774,-22.48969078064,25.));
#4676 = VECTOR('',#4677,1.);
#4677 = DIRECTION('',(0.,0.,-1.));
#4678 = PLANE('',#4679);
#4679 = AXIS2_PLACEMENT_3D('',#4680,#4681,#4682);
#4680 = CARTESIAN_POINT('',(-20.24347496032,-22.53656673431,12.5));
#4681 = DIRECTION('',(0.942036834542,-0.335509466879,0.));
#4682 = DIRECTION('',(0.335509466879,0.942036834542,0.));
#4683 = ADVANCED_FACE('',(#4684),#4702,.F.);
#4684 = FACE_BOUND('',#4685,.F.);
#4685 = EDGE_LOOP('',(#4686,#4687,#4688,#4696));
#4686 = ORIENTED_EDGE('',*,*,#4641,.F.);
#4687 = ORIENTED_EDGE('',*,*,#706,.F.);
#4688 = ORIENTED_EDGE('',*,*,#4689,.T.);
#4689 = EDGE_CURVE('',#707,#4690,#4692,.T.);
#4690 = VERTEX_POINT('',#4691);
#4691 = CARTESIAN_POINT('',(-20.96440887451,-23.39385986328,0.));
#4692 = LINE('',#4693,#4694);
#4693 = CARTESIAN_POINT('',(-20.96440887451,-23.39385986328,25.));
#4694 = VECTOR('',#4695,1.);
#4695 = DIRECTION('',(0.,0.,-1.));
#4696 = ORIENTED_EDGE('',*,*,#4697,.T.);
#4697 = EDGE_CURVE('',#4690,#4642,#4698,.T.);
#4698 = LINE('',#4699,#4700);
#4699 = CARTESIAN_POINT('',(-20.96440887451,-23.39385986328,0.));
#4700 = VECTOR('',#4701,1.);
#4701 = DIRECTION('',(0.855479076698,0.517837377303,0.));
#4702 = PLANE('',#4703);
#4703 = AXIS2_PLACEMENT_3D('',#4704,#4705,#4706);
#4704 = CARTESIAN_POINT('',(-20.92184066772,-23.36809253692,12.5));
#4705 = DIRECTION('',(0.517837377303,-0.855479076698,0.));
#4706 = DIRECTION('',(-0.855479076698,-0.517837377303,0.));
#4707 = ADVANCED_FACE('',(#4708),#4726,.F.);
#4708 = FACE_BOUND('',#4709,.F.);
#4709 = EDGE_LOOP('',(#4710,#4718,#4724,#4725));
#4710 = ORIENTED_EDGE('',*,*,#4711,.T.);
#4711 = EDGE_CURVE('',#4666,#4712,#4714,.T.);
#4712 = VERTEX_POINT('',#4713);
#4713 = CARTESIAN_POINT('',(-20.1992816925,-22.39404678344,0.));
#4714 = LINE('',#4715,#4716);
#4715 = CARTESIAN_POINT('',(-20.22677993774,-22.48969078064,0.));
#4716 = VECTOR('',#4717,1.);
#4717 = DIRECTION('',(0.276312956921,0.961067713451,0.));
#4718 = ORIENTED_EDGE('',*,*,#4719,.T.);
#4719 = EDGE_CURVE('',#4712,#1419,#4720,.T.);
#4720 = LINE('',#4721,#4722);
#4721 = CARTESIAN_POINT('',(-20.1992816925,-22.39404678344,0.));
#4722 = VECTOR('',#4723,1.);
#4723 = DIRECTION('',(0.,0.,1.));
#4724 = ORIENTED_EDGE('',*,*,#1426,.F.);
#4725 = ORIENTED_EDGE('',*,*,#4673,.T.);
#4726 = PLANE('',#4727);
#4727 = AXIS2_PLACEMENT_3D('',#4728,#4729,#4730);
#4728 = CARTESIAN_POINT('',(-20.21303081512,-22.44186878204,12.5));
#4729 = DIRECTION('',(0.961067713451,-0.276312956921,0.));
#4730 = DIRECTION('',(0.276312956921,0.961067713451,0.));
#4731 = ADVANCED_FACE('',(#4732),#4750,.F.);
#4732 = FACE_BOUND('',#4733,.F.);
#4733 = EDGE_LOOP('',(#4734,#4735,#4736,#4744));
#4734 = ORIENTED_EDGE('',*,*,#4689,.F.);
#4735 = ORIENTED_EDGE('',*,*,#714,.F.);
#4736 = ORIENTED_EDGE('',*,*,#4737,.T.);
#4737 = EDGE_CURVE('',#715,#4738,#4740,.T.);
#4738 = VERTEX_POINT('',#4739);
#4739 = CARTESIAN_POINT('',(-21.0525856018,-23.44000434875,0.));
#4740 = LINE('',#4741,#4742);
#4741 = CARTESIAN_POINT('',(-21.0525856018,-23.44000434875,25.));
#4742 = VECTOR('',#4743,1.);
#4743 = DIRECTION('',(0.,0.,-1.));
#4744 = ORIENTED_EDGE('',*,*,#4745,.F.);
#4745 = EDGE_CURVE('',#4690,#4738,#4746,.T.);
#4746 = LINE('',#4747,#4748);
#4747 = CARTESIAN_POINT('',(-20.96440887451,-23.39385986328,0.));
#4748 = VECTOR('',#4749,1.);
#4749 = DIRECTION('',(-0.886010402099,-0.46366536141,0.));
#4750 = PLANE('',#4751);
#4751 = AXIS2_PLACEMENT_3D('',#4752,#4753,#4754);
#4752 = CARTESIAN_POINT('',(-21.00849723815,-23.41693210601,12.5));
#4753 = DIRECTION('',(0.46366536141,-0.886010402099,0.));
#4754 = DIRECTION('',(-0.886010402099,-0.46366536141,0.));
#4755 = ADVANCED_FACE('',(#4756),#4774,.F.);
#4756 = FACE_BOUND('',#4757,.F.);
#4757 = EDGE_LOOP('',(#4758,#4759,#4767,#4773));
#4758 = ORIENTED_EDGE('',*,*,#4719,.F.);
#4759 = ORIENTED_EDGE('',*,*,#4760,.T.);
#4760 = EDGE_CURVE('',#4712,#4761,#4763,.T.);
#4761 = VERTEX_POINT('',#4762);
#4762 = CARTESIAN_POINT('',(-20.17778396606,-22.29687690734,0.));
#4763 = LINE('',#4764,#4765);
#4764 = CARTESIAN_POINT('',(-20.1992816925,-22.39404678344,0.));
#4765 = VECTOR('',#4766,1.);
#4766 = DIRECTION('',(0.216015150098,0.97639001169,0.));
#4767 = ORIENTED_EDGE('',*,*,#4768,.T.);
#4768 = EDGE_CURVE('',#4761,#1411,#4769,.T.);
#4769 = LINE('',#4770,#4771);
#4770 = CARTESIAN_POINT('',(-20.17778396606,-22.29687690734,0.));
#4771 = VECTOR('',#4772,1.);
#4772 = DIRECTION('',(0.,0.,1.));
#4773 = ORIENTED_EDGE('',*,*,#1418,.F.);
#4774 = PLANE('',#4775);
#4775 = AXIS2_PLACEMENT_3D('',#4776,#4777,#4778);
#4776 = CARTESIAN_POINT('',(-20.18853282928,-22.34546184539,12.5));
#4777 = DIRECTION('',(0.97639001169,-0.216015150098,0.));
#4778 = DIRECTION('',(0.216015150098,0.97639001169,0.));
#4779 = ADVANCED_FACE('',(#4780),#4798,.F.);
#4780 = FACE_BOUND('',#4781,.F.);
#4781 = EDGE_LOOP('',(#4782,#4783,#4784,#4792));
#4782 = ORIENTED_EDGE('',*,*,#4737,.F.);
#4783 = ORIENTED_EDGE('',*,*,#722,.F.);
#4784 = ORIENTED_EDGE('',*,*,#4785,.F.);
#4785 = EDGE_CURVE('',#4786,#723,#4788,.T.);
#4786 = VERTEX_POINT('',#4787);
#4787 = CARTESIAN_POINT('',(-21.14345932006,-23.48057746887,0.));
#4788 = LINE('',#4789,#4790);
#4789 = CARTESIAN_POINT('',(-21.14345932006,-23.48057746887,0.));
#4790 = VECTOR('',#4791,1.);
#4791 = DIRECTION('',(0.,0.,1.));
#4792 = ORIENTED_EDGE('',*,*,#4793,.F.);
#4793 = EDGE_CURVE('',#4738,#4786,#4794,.T.);
#4794 = LINE('',#4795,#4796);
#4795 = CARTESIAN_POINT('',(-21.0525856018,-23.44000434875,0.));
#4796 = VECTOR('',#4797,1.);
#4797 = DIRECTION('',(-0.913121065349,-0.407688508566,0.));
#4798 = PLANE('',#4799);
#4799 = AXIS2_PLACEMENT_3D('',#4800,#4801,#4802);
#4800 = CARTESIAN_POINT('',(-21.09802246093,-23.46029090881,12.5));
#4801 = DIRECTION('',(0.407688508566,-0.913121065349,0.));
#4802 = DIRECTION('',(-0.913121065349,-0.407688508566,0.));
#4803 = ADVANCED_FACE('',(#4804),#4822,.F.);
#4804 = FACE_BOUND('',#4805,.F.);
#4805 = EDGE_LOOP('',(#4806,#4814,#4820,#4821));
#4806 = ORIENTED_EDGE('',*,*,#4807,.T.);
#4807 = EDGE_CURVE('',#4761,#4808,#4810,.T.);
#4808 = VERTEX_POINT('',#4809);
#4809 = CARTESIAN_POINT('',(-20.16236877441,-22.19855880737,0.));
#4810 = LINE('',#4811,#4812);
#4811 = CARTESIAN_POINT('',(-20.17778396606,-22.29687690734,0.));
#4812 = VECTOR('',#4813,1.);
#4813 = DIRECTION('',(0.154896614697,0.987930685198,0.));
#4814 = ORIENTED_EDGE('',*,*,#4815,.T.);
#4815 = EDGE_CURVE('',#4808,#1403,#4816,.T.);
#4816 = LINE('',#4817,#4818);
#4817 = CARTESIAN_POINT('',(-20.16236877441,-22.19855880737,0.));
#4818 = VECTOR('',#4819,1.);
#4819 = DIRECTION('',(0.,0.,1.));
#4820 = ORIENTED_EDGE('',*,*,#1410,.F.);
#4821 = ORIENTED_EDGE('',*,*,#4768,.F.);
#4822 = PLANE('',#4823);
#4823 = AXIS2_PLACEMENT_3D('',#4824,#4825,#4826);
#4824 = CARTESIAN_POINT('',(-20.17007637023,-22.24771785736,12.5));
#4825 = DIRECTION('',(0.987930685198,-0.154896614697,0.));
#4826 = DIRECTION('',(0.154896614697,0.987930685198,0.));
#4827 = ADVANCED_FACE('',(#4828),#4846,.F.);
#4828 = FACE_BOUND('',#4829,.F.);
#4829 = EDGE_LOOP('',(#4830,#4838,#4844,#4845));
#4830 = ORIENTED_EDGE('',*,*,#4831,.F.);
#4831 = EDGE_CURVE('',#4832,#731,#4834,.T.);
#4832 = VERTEX_POINT('',#4833);
#4833 = CARTESIAN_POINT('',(-21.23667907714,-23.51542091369,0.));
#4834 = LINE('',#4835,#4836);
#4835 = CARTESIAN_POINT('',(-21.23667907714,-23.51542091369,0.));
#4836 = VECTOR('',#4837,1.);
#4837 = DIRECTION('',(0.,0.,1.));
#4838 = ORIENTED_EDGE('',*,*,#4839,.F.);
#4839 = EDGE_CURVE('',#4786,#4832,#4840,.T.);
#4840 = LINE('',#4841,#4842);
#4841 = CARTESIAN_POINT('',(-21.14345932006,-23.48057746887,0.));
#4842 = VECTOR('',#4843,1.);
#4843 = DIRECTION('',(-0.936705127466,-0.350119271362,0.));
#4844 = ORIENTED_EDGE('',*,*,#4785,.T.);
#4845 = ORIENTED_EDGE('',*,*,#730,.F.);
#4846 = PLANE('',#4847);
#4847 = AXIS2_PLACEMENT_3D('',#4848,#4849,#4850);
#4848 = CARTESIAN_POINT('',(-21.1900691986,-23.49799919128,12.5));
#4849 = DIRECTION('',(0.350119271362,-0.936705127466,0.));
#4850 = DIRECTION('',(-0.936705127466,-0.350119271362,0.));
#4851 = ADVANCED_FACE('',(#4852),#4870,.F.);
#4852 = FACE_BOUND('',#4853,.F.);
#4853 = EDGE_LOOP('',(#4854,#4855,#4863,#4869));
#4854 = ORIENTED_EDGE('',*,*,#4815,.F.);
#4855 = ORIENTED_EDGE('',*,*,#4856,.T.);
#4856 = EDGE_CURVE('',#4808,#4857,#4859,.T.);
#4857 = VERTEX_POINT('',#4858);
#4858 = CARTESIAN_POINT('',(-20.15309524536,-22.09947204589,0.));
#4859 = LINE('',#4860,#4861);
#4860 = CARTESIAN_POINT('',(-20.16236877441,-22.19855880737,0.));
#4861 = VECTOR('',#4862,1.);
#4862 = DIRECTION('',(9.318278210933E-02,0.995649019042,0.));
#4863 = ORIENTED_EDGE('',*,*,#4864,.T.);
#4864 = EDGE_CURVE('',#4857,#1395,#4865,.T.);
#4865 = LINE('',#4866,#4867);
#4866 = CARTESIAN_POINT('',(-20.15309524536,-22.09947204589,0.));
#4867 = VECTOR('',#4868,1.);
#4868 = DIRECTION('',(0.,0.,1.));
#4869 = ORIENTED_EDGE('',*,*,#1402,.F.);
#4870 = PLANE('',#4871);
#4871 = AXIS2_PLACEMENT_3D('',#4872,#4873,#4874);
#4872 = CARTESIAN_POINT('',(-20.15773200988,-22.14901542663,12.5));
#4873 = DIRECTION('',(0.995649019042,-9.318278210933E-02,0.));
#4874 = DIRECTION('',(9.318278210933E-02,0.995649019042,0.));
#4875 = ADVANCED_FACE('',(#4876),#4894,.F.);
#4876 = FACE_BOUND('',#4877,.F.);
#4877 = EDGE_LOOP('',(#4878,#4886,#4887,#4888));
#4878 = ORIENTED_EDGE('',*,*,#4879,.T.);
#4879 = EDGE_CURVE('',#4880,#4832,#4882,.T.);
#4880 = VERTEX_POINT('',#4881);
#4881 = CARTESIAN_POINT('',(-21.33188438415,-23.54440307617,0.));
#4882 = LINE('',#4883,#4884);
#4883 = CARTESIAN_POINT('',(-21.33188438415,-23.54440307617,0.));
#4884 = VECTOR('',#4885,1.);
#4885 = DIRECTION('',(0.956655309651,0.291222627069,0.));
#4886 = ORIENTED_EDGE('',*,*,#4831,.T.);
#4887 = ORIENTED_EDGE('',*,*,#738,.F.);
#4888 = ORIENTED_EDGE('',*,*,#4889,.T.);
#4889 = EDGE_CURVE('',#739,#4880,#4890,.T.);
#4890 = LINE('',#4891,#4892);
#4891 = CARTESIAN_POINT('',(-21.33188438415,-23.54440307617,25.));
#4892 = VECTOR('',#4893,1.);
#4893 = DIRECTION('',(0.,0.,-1.));
#4894 = PLANE('',#4895);
#4895 = AXIS2_PLACEMENT_3D('',#4896,#4897,#4898);
#4896 = CARTESIAN_POINT('',(-21.28428173065,-23.52991199493,12.5));
#4897 = DIRECTION('',(0.291222627069,-0.956655309651,0.));
#4898 = DIRECTION('',(-0.956655309651,-0.291222627069,0.));
#4899 = ADVANCED_FACE('',(#4900),#4918,.F.);
#4900 = FACE_BOUND('',#4901,.F.);
#4901 = EDGE_LOOP('',(#4902,#4903,#4911,#4917));
#4902 = ORIENTED_EDGE('',*,*,#4864,.F.);
#4903 = ORIENTED_EDGE('',*,*,#4904,.T.);
#4904 = EDGE_CURVE('',#4857,#4905,#4907,.T.);
#4905 = VERTEX_POINT('',#4906);
#4906 = CARTESIAN_POINT('',(-20.14999961853,-22.,0.));
#4907 = LINE('',#4908,#4909);
#4908 = CARTESIAN_POINT('',(-20.15309524536,-22.09947204589,0.));
#4909 = VECTOR('',#4910,1.);
#4910 = DIRECTION('',(3.110551159775E-02,0.999516106498,0.));
#4911 = ORIENTED_EDGE('',*,*,#4912,.F.);
#4912 = EDGE_CURVE('',#1387,#4905,#4913,.T.);
#4913 = LINE('',#4914,#4915);
#4914 = CARTESIAN_POINT('',(-20.14999961853,-22.,25.));
#4915 = VECTOR('',#4916,1.);
#4916 = DIRECTION('',(0.,0.,-1.));
#4917 = ORIENTED_EDGE('',*,*,#1394,.F.);
#4918 = PLANE('',#4919);
#4919 = AXIS2_PLACEMENT_3D('',#4920,#4921,#4922);
#4920 = CARTESIAN_POINT('',(-20.15154743194,-22.04973602294,12.5));
#4921 = DIRECTION('',(0.999516106498,-3.110551159775E-02,0.));
#4922 = DIRECTION('',(3.110551159775E-02,0.999516106498,0.));
#4923 = ADVANCED_FACE('',(#4924),#4942,.F.);
#4924 = FACE_BOUND('',#4925,.F.);
#4925 = EDGE_LOOP('',(#4926,#4927,#4935,#4941));
#4926 = ORIENTED_EDGE('',*,*,#746,.F.);
#4927 = ORIENTED_EDGE('',*,*,#4928,.T.);
#4928 = EDGE_CURVE('',#747,#4929,#4931,.T.);
#4929 = VERTEX_POINT('',#4930);
#4930 = CARTESIAN_POINT('',(-21.42870903015,-23.56740951538,0.));
#4931 = LINE('',#4932,#4933);
#4932 = CARTESIAN_POINT('',(-21.42870903015,-23.56740951538,25.));
#4933 = VECTOR('',#4934,1.);
#4934 = DIRECTION('',(0.,0.,-1.));
#4935 = ORIENTED_EDGE('',*,*,#4936,.T.);
#4936 = EDGE_CURVE('',#4929,#4880,#4937,.T.);
#4937 = LINE('',#4938,#4939);
#4938 = CARTESIAN_POINT('',(-21.42870903015,-23.56740951538,0.));
#4939 = VECTOR('',#4940,1.);
#4940 = DIRECTION('',(0.972912631982,0.231173118095,0.));
#4941 = ORIENTED_EDGE('',*,*,#4889,.F.);
#4942 = PLANE('',#4943);
#4943 = AXIS2_PLACEMENT_3D('',#4944,#4945,#4946);
#4944 = CARTESIAN_POINT('',(-21.38029670715,-23.55590629577,12.5));
#4945 = DIRECTION('',(0.231173118095,-0.972912631982,0.));
#4946 = DIRECTION('',(-0.972912631982,-0.231173118095,0.));
#4947 = ADVANCED_FACE('',(#4948),#4966,.F.);
#4948 = FACE_BOUND('',#4949,.F.);
#4949 = EDGE_LOOP('',(#4950,#4958,#4959,#4960));
#4950 = ORIENTED_EDGE('',*,*,#4951,.T.);
#4951 = EDGE_CURVE('',#4952,#1379,#4954,.T.);
#4952 = VERTEX_POINT('',#4953);
#4953 = CARTESIAN_POINT('',(-20.14999961853,-12.,0.));
#4954 = LINE('',#4955,#4956);
#4955 = CARTESIAN_POINT('',(-20.14999961853,-12.,0.));
#4956 = VECTOR('',#4957,1.);
#4957 = DIRECTION('',(0.,0.,1.));
#4958 = ORIENTED_EDGE('',*,*,#1386,.F.);
#4959 = ORIENTED_EDGE('',*,*,#4912,.T.);
#4960 = ORIENTED_EDGE('',*,*,#4961,.T.);
#4961 = EDGE_CURVE('',#4905,#4952,#4962,.T.);
#4962 = LINE('',#4963,#4964);
#4963 = CARTESIAN_POINT('',(-20.14999961853,-22.,0.));
#4964 = VECTOR('',#4965,1.);
#4965 = DIRECTION('',(0.,1.,0.));
#4966 = PLANE('',#4967);
#4967 = AXIS2_PLACEMENT_3D('',#4968,#4969,#4970);
#4968 = CARTESIAN_POINT('',(-20.14999961853,-17.,12.5));
#4969 = DIRECTION('',(1.,0.,0.));
#4970 = DIRECTION('',(0.,0.,1.));
#4971 = ADVANCED_FACE('',(#4972),#4990,.F.);
#4972 = FACE_BOUND('',#4973,.F.);
#4973 = EDGE_LOOP('',(#4974,#4982,#4988,#4989));
#4974 = ORIENTED_EDGE('',*,*,#4975,.T.);
#4975 = EDGE_CURVE('',#755,#4976,#4978,.T.);
#4976 = VERTEX_POINT('',#4977);
#4977 = CARTESIAN_POINT('',(-21.5267753601,-23.58435249328,0.));
#4978 = LINE('',#4979,#4980);
#4979 = CARTESIAN_POINT('',(-21.5267753601,-23.58435249328,25.));
#4980 = VECTOR('',#4981,1.);
#4981 = DIRECTION('',(0.,0.,-1.));
#4982 = ORIENTED_EDGE('',*,*,#4983,.T.);
#4983 = EDGE_CURVE('',#4976,#4929,#4984,.T.);
#4984 = LINE('',#4985,#4986);
#4985 = CARTESIAN_POINT('',(-21.5267753601,-23.58435249328,0.));
#4986 = VECTOR('',#4987,1.);
#4987 = DIRECTION('',(0.985401187549,0.170248346766,0.));
#4988 = ORIENTED_EDGE('',*,*,#4928,.F.);
#4989 = ORIENTED_EDGE('',*,*,#754,.F.);
#4990 = PLANE('',#4991);
#4991 = AXIS2_PLACEMENT_3D('',#4992,#4993,#4994);
#4992 = CARTESIAN_POINT('',(-21.47774219512,-23.57588100433,12.5));
#4993 = DIRECTION('',(0.170248346766,-0.985401187549,0.));
#4994 = DIRECTION('',(-0.985401187549,-0.170248346766,0.));
#4995 = ADVANCED_FACE('',(#4996),#5014,.F.);
#4996 = FACE_BOUND('',#4997,.F.);
#4997 = EDGE_LOOP('',(#4998,#5006,#5012,#5013));
#4998 = ORIENTED_EDGE('',*,*,#4999,.T.);
#4999 = EDGE_CURVE('',#4952,#5000,#5002,.T.);
#5000 = VERTEX_POINT('',#5001);
#5001 = CARTESIAN_POINT('',(-20.15309524536,-11.90052890777,0.));
#5002 = LINE('',#5003,#5004);
#5003 = CARTESIAN_POINT('',(-20.14999961853,-12.,0.));
#5004 = VECTOR('',#5005,1.);
#5005 = DIRECTION('',(-3.110580953179E-02,0.999516097226,0.));
#5006 = ORIENTED_EDGE('',*,*,#5007,.T.);
#5007 = EDGE_CURVE('',#5000,#1371,#5008,.T.);
#5008 = LINE('',#5009,#5010);
#5009 = CARTESIAN_POINT('',(-20.15309524536,-11.90052890777,0.));
#5010 = VECTOR('',#5011,1.);
#5011 = DIRECTION('',(0.,0.,1.));
#5012 = ORIENTED_EDGE('',*,*,#1378,.F.);
#5013 = ORIENTED_EDGE('',*,*,#4951,.F.);
#5014 = PLANE('',#5015);
#5015 = AXIS2_PLACEMENT_3D('',#5016,#5017,#5018);
#5016 = CARTESIAN_POINT('',(-20.15154743194,-11.95026445388,12.5));
#5017 = DIRECTION('',(0.999516097226,3.110580953179E-02,0.));
#5018 = DIRECTION('',(-3.110580953179E-02,0.999516097226,0.));
#5019 = ADVANCED_FACE('',(#5020),#5038,.F.);
#5020 = FACE_BOUND('',#5021,.F.);
#5021 = EDGE_LOOP('',(#5022,#5023,#5024,#5032));
#5022 = ORIENTED_EDGE('',*,*,#4975,.F.);
#5023 = ORIENTED_EDGE('',*,*,#762,.F.);
#5024 = ORIENTED_EDGE('',*,*,#5025,.F.);
#5025 = EDGE_CURVE('',#5026,#763,#5028,.T.);
#5026 = VERTEX_POINT('',#5027);
#5027 = CARTESIAN_POINT('',(-21.62570571899,-23.59516525268,0.));
#5028 = LINE('',#5029,#5030);
#5029 = CARTESIAN_POINT('',(-21.62570571899,-23.59516525268,0.));
#5030 = VECTOR('',#5031,1.);
#5031 = DIRECTION('',(0.,0.,1.));
#5032 = ORIENTED_EDGE('',*,*,#5033,.F.);
#5033 = EDGE_CURVE('',#4976,#5026,#5034,.T.);
#5034 = LINE('',#5035,#5036);
#5035 = CARTESIAN_POINT('',(-21.5267753601,-23.58435249328,0.));
#5036 = VECTOR('',#5037,1.);
#5037 = DIRECTION('',(-0.99408010406,-0.108649651228,0.));
#5038 = PLANE('',#5039);
#5039 = AXIS2_PLACEMENT_3D('',#5040,#5041,#5042);
#5040 = CARTESIAN_POINT('',(-21.57624053955,-23.58975887298,12.5));
#5041 = DIRECTION('',(0.108649651228,-0.99408010406,0.));
#5042 = DIRECTION('',(-0.99408010406,-0.108649651228,0.));
#5043 = ADVANCED_FACE('',(#5044),#5062,.F.);
#5044 = FACE_BOUND('',#5045,.F.);
#5045 = EDGE_LOOP('',(#5046,#5054,#5060,#5061));
#5046 = ORIENTED_EDGE('',*,*,#5047,.T.);
#5047 = EDGE_CURVE('',#5000,#5048,#5050,.T.);
#5048 = VERTEX_POINT('',#5049);
#5049 = CARTESIAN_POINT('',(-20.16236877441,-11.8014421463,0.));
#5050 = LINE('',#5051,#5052);
#5051 = CARTESIAN_POINT('',(-20.15309524536,-11.90052890777,0.));
#5052 = VECTOR('',#5053,1.);
#5053 = DIRECTION('',(-9.318278210933E-02,0.995649019042,0.));
#5054 = ORIENTED_EDGE('',*,*,#5055,.T.);
#5055 = EDGE_CURVE('',#5048,#1363,#5056,.T.);
#5056 = LINE('',#5057,#5058);
#5057 = CARTESIAN_POINT('',(-20.16236877441,-11.8014421463,0.));
#5058 = VECTOR('',#5059,1.);
#5059 = DIRECTION('',(0.,0.,1.));
#5060 = ORIENTED_EDGE('',*,*,#1370,.F.);
#5061 = ORIENTED_EDGE('',*,*,#5007,.F.);
#5062 = PLANE('',#5063);
#5063 = AXIS2_PLACEMENT_3D('',#5064,#5065,#5066);
#5064 = CARTESIAN_POINT('',(-20.15773200988,-11.85098552703,12.5));
#5065 = DIRECTION('',(0.995649019042,9.318278210933E-02,0.));
#5066 = DIRECTION('',(-9.318278210933E-02,0.995649019042,0.));
#5067 = ADVANCED_FACE('',(#5068),#5086,.F.);
#5068 = FACE_BOUND('',#5069,.F.);
#5069 = EDGE_LOOP('',(#5070,#5071,#5079,#5085));
#5070 = ORIENTED_EDGE('',*,*,#770,.F.);
#5071 = ORIENTED_EDGE('',*,*,#5072,.T.);
#5072 = EDGE_CURVE('',#771,#5073,#5075,.T.);
#5073 = VERTEX_POINT('',#5074);
#5074 = CARTESIAN_POINT('',(-21.72511672973,-23.5998058319,0.));
#5075 = LINE('',#5076,#5077);
#5076 = CARTESIAN_POINT('',(-21.72511672973,-23.5998058319,25.));
#5077 = VECTOR('',#5078,1.);
#5078 = DIRECTION('',(0.,0.,-1.));
#5079 = ORIENTED_EDGE('',*,*,#5080,.T.);
#5080 = EDGE_CURVE('',#5073,#5026,#5081,.T.);
#5081 = LINE('',#5082,#5083);
#5082 = CARTESIAN_POINT('',(-21.72511672973,-23.5998058319,0.));
#5083 = VECTOR('',#5084,1.);
#5084 = DIRECTION('',(0.998912231845,4.662995894241E-02,0.));
#5085 = ORIENTED_EDGE('',*,*,#5025,.T.);
#5086 = PLANE('',#5087);
#5087 = AXIS2_PLACEMENT_3D('',#5088,#5089,#5090);
#5088 = CARTESIAN_POINT('',(-21.67541122436,-23.59748554229,12.5));
#5089 = DIRECTION('',(4.662995894241E-02,-0.998912231845,0.));
#5090 = DIRECTION('',(-0.998912231845,-4.662995894241E-02,0.));
#5091 = ADVANCED_FACE('',(#5092),#5110,.F.);
#5092 = FACE_BOUND('',#5093,.F.);
#5093 = EDGE_LOOP('',(#5094,#5102,#5103,#5104));
#5094 = ORIENTED_EDGE('',*,*,#5095,.F.);
#5095 = EDGE_CURVE('',#1355,#5096,#5098,.T.);
#5096 = VERTEX_POINT('',#5097);
#5097 = CARTESIAN_POINT('',(-20.17778396606,-11.70312404632,0.));
#5098 = LINE('',#5099,#5100);
#5099 = CARTESIAN_POINT('',(-20.17778396606,-11.70312404632,25.));
#5100 = VECTOR('',#5101,1.);
#5101 = DIRECTION('',(0.,0.,-1.));
#5102 = ORIENTED_EDGE('',*,*,#1362,.F.);
#5103 = ORIENTED_EDGE('',*,*,#5055,.F.);
#5104 = ORIENTED_EDGE('',*,*,#5105,.T.);
#5105 = EDGE_CURVE('',#5048,#5096,#5106,.T.);
#5106 = LINE('',#5107,#5108);
#5107 = CARTESIAN_POINT('',(-20.16236877441,-11.8014421463,0.));
#5108 = VECTOR('',#5109,1.);
#5109 = DIRECTION('',(-0.154896614697,0.987930685198,0.));
#5110 = PLANE('',#5111);
#5111 = AXIS2_PLACEMENT_3D('',#5112,#5113,#5114);
#5112 = CARTESIAN_POINT('',(-20.17007637023,-11.75228309631,12.5));
#5113 = DIRECTION('',(0.987930685198,0.154896614697,0.));
#5114 = DIRECTION('',(-0.154896614697,0.987930685198,0.));
#5115 = ADVANCED_FACE('',(#5116),#5134,.F.);
#5116 = FACE_BOUND('',#5117,.F.);
#5117 = EDGE_LOOP('',(#5118,#5126,#5127,#5128));
#5118 = ORIENTED_EDGE('',*,*,#5119,.F.);
#5119 = EDGE_CURVE('',#5073,#5120,#5122,.T.);
#5120 = VERTEX_POINT('',#5121);
#5121 = CARTESIAN_POINT('',(-21.82462501525,-23.59825897216,0.));
#5122 = LINE('',#5123,#5124);
#5123 = CARTESIAN_POINT('',(-21.72511672973,-23.5998058319,0.));
#5124 = VECTOR('',#5125,1.);
#5125 = DIRECTION('',(-0.999879197843,1.554315672405E-02,0.));
#5126 = ORIENTED_EDGE('',*,*,#5072,.F.);
#5127 = ORIENTED_EDGE('',*,*,#778,.F.);
#5128 = ORIENTED_EDGE('',*,*,#5129,.F.);
#5129 = EDGE_CURVE('',#5120,#779,#5130,.T.);
#5130 = LINE('',#5131,#5132);
#5131 = CARTESIAN_POINT('',(-21.82462501525,-23.59825897216,0.));
#5132 = VECTOR('',#5133,1.);
#5133 = DIRECTION('',(0.,0.,1.));
#5134 = PLANE('',#5135);
#5135 = AXIS2_PLACEMENT_3D('',#5136,#5137,#5138);
#5136 = CARTESIAN_POINT('',(-21.77487087249,-23.59903240203,12.5));
#5137 = DIRECTION('',(-1.554315672405E-02,-0.999879197843,-0.));
#5138 = DIRECTION('',(-0.999879197843,1.554315672405E-02,0.));
#5139 = ADVANCED_FACE('',(#5140),#5158,.F.);
#5140 = FACE_BOUND('',#5141,.F.);
#5141 = EDGE_LOOP('',(#5142,#5143,#5151,#5157));
#5142 = ORIENTED_EDGE('',*,*,#5095,.T.);
#5143 = ORIENTED_EDGE('',*,*,#5144,.T.);
#5144 = EDGE_CURVE('',#5096,#5145,#5147,.T.);
#5145 = VERTEX_POINT('',#5146);
#5146 = CARTESIAN_POINT('',(-20.1992816925,-11.60595417022,0.));
#5147 = LINE('',#5148,#5149);
#5148 = CARTESIAN_POINT('',(-20.17778396606,-11.70312404632,0.));
#5149 = VECTOR('',#5150,1.);
#5150 = DIRECTION('',(-0.216015150098,0.97639001169,0.));
#5151 = ORIENTED_EDGE('',*,*,#5152,.T.);
#5152 = EDGE_CURVE('',#5145,#1347,#5153,.T.);
#5153 = LINE('',#5154,#5155);
#5154 = CARTESIAN_POINT('',(-20.1992816925,-11.60595417022,0.));
#5155 = VECTOR('',#5156,1.);
#5156 = DIRECTION('',(0.,0.,1.));
#5157 = ORIENTED_EDGE('',*,*,#1354,.F.);
#5158 = PLANE('',#5159);
#5159 = AXIS2_PLACEMENT_3D('',#5160,#5161,#5162);
#5160 = CARTESIAN_POINT('',(-20.18853282928,-11.65453910827,12.5));
#5161 = DIRECTION('',(0.97639001169,0.216015150098,0.));
#5162 = DIRECTION('',(-0.216015150098,0.97639001169,0.));
#5163 = ADVANCED_FACE('',(#5164),#5182,.F.);
#5164 = FACE_BOUND('',#5165,.F.);
#5165 = EDGE_LOOP('',(#5166,#5174,#5175,#5176));
#5166 = ORIENTED_EDGE('',*,*,#5167,.F.);
#5167 = EDGE_CURVE('',#5120,#5168,#5170,.T.);
#5168 = VERTEX_POINT('',#5169);
#5169 = CARTESIAN_POINT('',(-21.92384338378,-23.59052848815,0.));
#5170 = LINE('',#5171,#5172);
#5171 = CARTESIAN_POINT('',(-21.82462501525,-23.59825897216,0.));
#5172 = VECTOR('',#5173,1.);
#5173 = DIRECTION('',(-0.996978466708,7.767841991518E-02,0.));
#5174 = ORIENTED_EDGE('',*,*,#5129,.T.);
#5175 = ORIENTED_EDGE('',*,*,#786,.F.);
#5176 = ORIENTED_EDGE('',*,*,#5177,.T.);
#5177 = EDGE_CURVE('',#787,#5168,#5178,.T.);
#5178 = LINE('',#5179,#5180);
#5179 = CARTESIAN_POINT('',(-21.92384338378,-23.59052848815,25.));
#5180 = VECTOR('',#5181,1.);
#5181 = DIRECTION('',(0.,0.,-1.));
#5182 = PLANE('',#5183);
#5183 = AXIS2_PLACEMENT_3D('',#5184,#5185,#5186);
#5184 = CARTESIAN_POINT('',(-21.87423419952,-23.59439373016,12.5));
#5185 = DIRECTION('',(-7.767841991518E-02,-0.996978466708,-0.));
#5186 = DIRECTION('',(-0.996978466708,7.767841991518E-02,0.));
#5187 = ADVANCED_FACE('',(#5188),#5206,.F.);
#5188 = FACE_BOUND('',#5189,.F.);
#5189 = EDGE_LOOP('',(#5190,#5191,#5199,#5205));
#5190 = ORIENTED_EDGE('',*,*,#5152,.F.);
#5191 = ORIENTED_EDGE('',*,*,#5192,.T.);
#5192 = EDGE_CURVE('',#5145,#5193,#5195,.T.);
#5193 = VERTEX_POINT('',#5194);
#5194 = CARTESIAN_POINT('',(-20.22677993774,-11.51030826568,0.));
#5195 = LINE('',#5196,#5197);
#5196 = CARTESIAN_POINT('',(-20.1992816925,-11.60595417022,0.));
#5197 = VECTOR('',#5198,1.);
#5198 = DIRECTION('',(-0.276307867435,0.961069176695,0.));
#5199 = ORIENTED_EDGE('',*,*,#5200,.F.);
#5200 = EDGE_CURVE('',#1339,#5193,#5201,.T.);
#5201 = LINE('',#5202,#5203);
#5202 = CARTESIAN_POINT('',(-20.22677993774,-11.51030826568,25.));
#5203 = VECTOR('',#5204,1.);
#5204 = DIRECTION('',(0.,0.,-1.));
#5205 = ORIENTED_EDGE('',*,*,#1346,.F.);
#5206 = PLANE('',#5207);
#5207 = AXIS2_PLACEMENT_3D('',#5208,#5209,#5210);
#5208 = CARTESIAN_POINT('',(-20.21303081512,-11.55813121795,12.5));
#5209 = DIRECTION('',(0.961069176695,0.276307867435,0.));
#5210 = DIRECTION('',(-0.276307867435,0.961069176695,0.));
#5211 = ADVANCED_FACE('',(#5212),#5230,.F.);
#5212 = FACE_BOUND('',#5213,.F.);
#5213 = EDGE_LOOP('',(#5214,#5215,#5223,#5229));
#5214 = ORIENTED_EDGE('',*,*,#794,.F.);
#5215 = ORIENTED_EDGE('',*,*,#5216,.T.);
#5216 = EDGE_CURVE('',#795,#5217,#5219,.T.);
#5217 = VERTEX_POINT('',#5218);
#5218 = CARTESIAN_POINT('',(-22.0223903656,-23.57664299011,0.));
#5219 = LINE('',#5220,#5221);
#5220 = CARTESIAN_POINT('',(-22.0223903656,-23.57664299011,25.));
#5221 = VECTOR('',#5222,1.);
#5222 = DIRECTION('',(0.,0.,-1.));
#5223 = ORIENTED_EDGE('',*,*,#5224,.F.);
#5224 = EDGE_CURVE('',#5168,#5217,#5225,.T.);
#5225 = LINE('',#5226,#5227);
#5226 = CARTESIAN_POINT('',(-21.92384338378,-23.59052848815,0.));
#5227 = VECTOR('',#5228,1.);
#5228 = DIRECTION('',(-0.990218674847,0.139524105384,0.));
#5229 = ORIENTED_EDGE('',*,*,#5177,.F.);
#5230 = PLANE('',#5231);
#5231 = AXIS2_PLACEMENT_3D('',#5232,#5233,#5234);
#5232 = CARTESIAN_POINT('',(-21.97311687469,-23.58358573913,12.5));
#5233 = DIRECTION('',(-0.139524105384,-0.990218674847,-0.));
#5234 = DIRECTION('',(-0.990218674847,0.139524105384,0.));
#5235 = ADVANCED_FACE('',(#5236),#5254,.F.);
#5236 = FACE_BOUND('',#5237,.F.);
#5237 = EDGE_LOOP('',(#5238,#5239,#5240,#5248));
#5238 = ORIENTED_EDGE('',*,*,#1338,.F.);
#5239 = ORIENTED_EDGE('',*,*,#5200,.T.);
#5240 = ORIENTED_EDGE('',*,*,#5241,.T.);
#5241 = EDGE_CURVE('',#5193,#5242,#5244,.T.);
#5242 = VERTEX_POINT('',#5243);
#5243 = CARTESIAN_POINT('',(-20.26016998291,-11.41655731201,0.));
#5244 = LINE('',#5245,#5246);
#5245 = CARTESIAN_POINT('',(-20.22677993774,-11.51030826568,0.));
#5246 = VECTOR('',#5247,1.);
#5247 = DIRECTION('',(-0.335512495634,0.942035755836,0.));
#5248 = ORIENTED_EDGE('',*,*,#5249,.F.);
#5249 = EDGE_CURVE('',#1331,#5242,#5250,.T.);
#5250 = LINE('',#5251,#5252);
#5251 = CARTESIAN_POINT('',(-20.26016998291,-11.41655731201,25.));
#5252 = VECTOR('',#5253,1.);
#5253 = DIRECTION('',(0.,0.,-1.));
#5254 = PLANE('',#5255);
#5255 = AXIS2_PLACEMENT_3D('',#5256,#5257,#5258);
#5256 = CARTESIAN_POINT('',(-20.24347496032,-11.46343278884,12.5));
#5257 = DIRECTION('',(0.942035755836,0.335512495634,0.));
#5258 = DIRECTION('',(-0.335512495634,0.942035755836,0.));
#5259 = ADVANCED_FACE('',(#5260),#5278,.F.);
#5260 = FACE_BOUND('',#5261,.F.);
#5261 = EDGE_LOOP('',(#5262,#5270,#5271,#5272));
#5262 = ORIENTED_EDGE('',*,*,#5263,.F.);
#5263 = EDGE_CURVE('',#5217,#5264,#5266,.T.);
#5264 = VERTEX_POINT('',#5265);
#5265 = CARTESIAN_POINT('',(-22.11988258361,-23.55665969848,0.));
#5266 = LINE('',#5267,#5268);
#5267 = CARTESIAN_POINT('',(-22.0223903656,-23.57664299011,0.));
#5268 = VECTOR('',#5269,1.);
#5269 = DIRECTION('',(-0.979632580948,0.200798422166,0.));
#5270 = ORIENTED_EDGE('',*,*,#5216,.F.);
#5271 = ORIENTED_EDGE('',*,*,#802,.F.);
#5272 = ORIENTED_EDGE('',*,*,#5273,.F.);
#5273 = EDGE_CURVE('',#5264,#803,#5274,.T.);
#5274 = LINE('',#5275,#5276);
#5275 = CARTESIAN_POINT('',(-22.11988258361,-23.55665969848,0.));
#5276 = VECTOR('',#5277,1.);
#5277 = DIRECTION('',(0.,0.,1.));
#5278 = PLANE('',#5279);
#5279 = AXIS2_PLACEMENT_3D('',#5280,#5281,#5282);
#5280 = CARTESIAN_POINT('',(-22.0711364746,-23.56665134429,12.5));
#5281 = DIRECTION('',(-0.200798422166,-0.979632580948,-0.));
#5282 = DIRECTION('',(-0.979632580948,0.200798422166,0.));
#5283 = ADVANCED_FACE('',(#5284),#5302,.F.);
#5284 = FACE_BOUND('',#5285,.F.);
#5285 = EDGE_LOOP('',(#5286,#5294,#5295,#5296));
#5286 = ORIENTED_EDGE('',*,*,#5287,.T.);
#5287 = EDGE_CURVE('',#5288,#1323,#5290,.T.);
#5288 = VERTEX_POINT('',#5289);
#5289 = CARTESIAN_POINT('',(-20.29932403564,-11.32506370544,0.));
#5290 = LINE('',#5291,#5292);
#5291 = CARTESIAN_POINT('',(-20.29932403564,-11.32506370544,0.));
#5292 = VECTOR('',#5293,1.);
#5293 = DIRECTION('',(0.,0.,1.));
#5294 = ORIENTED_EDGE('',*,*,#1330,.F.);
#5295 = ORIENTED_EDGE('',*,*,#5249,.T.);
#5296 = ORIENTED_EDGE('',*,*,#5297,.T.);
#5297 = EDGE_CURVE('',#5242,#5288,#5298,.T.);
#5298 = LINE('',#5299,#5300);
#5299 = CARTESIAN_POINT('',(-20.26016998291,-11.41655731201,0.));
#5300 = VECTOR('',#5301,1.);
#5301 = DIRECTION('',(-0.393431181445,0.919354069696,0.));
#5302 = PLANE('',#5303);
#5303 = AXIS2_PLACEMENT_3D('',#5304,#5305,#5306);
#5304 = CARTESIAN_POINT('',(-20.27974700927,-11.37081050872,12.5));
#5305 = DIRECTION('',(0.919354069696,0.393431181445,0.));
#5306 = DIRECTION('',(-0.393431181445,0.919354069696,0.));
#5307 = ADVANCED_FACE('',(#5308),#5326,.F.);
#5308 = FACE_BOUND('',#5309,.F.);
#5309 = EDGE_LOOP('',(#5310,#5318,#5319,#5320));
#5310 = ORIENTED_EDGE('',*,*,#5311,.T.);
#5311 = EDGE_CURVE('',#5312,#5264,#5314,.T.);
#5312 = VERTEX_POINT('',#5313);
#5313 = CARTESIAN_POINT('',(-22.21594429016,-23.53065299987,0.));
#5314 = LINE('',#5315,#5316);
#5315 = CARTESIAN_POINT('',(-22.21594429016,-23.53065299987,0.));
#5316 = VECTOR('',#5317,1.);
#5317 = DIRECTION('',(0.96525175605,-0.261321731668,0.));
#5318 = ORIENTED_EDGE('',*,*,#5273,.T.);
#5319 = ORIENTED_EDGE('',*,*,#810,.F.);
#5320 = ORIENTED_EDGE('',*,*,#5321,.T.);
#5321 = EDGE_CURVE('',#811,#5312,#5322,.T.);
#5322 = LINE('',#5323,#5324);
#5323 = CARTESIAN_POINT('',(-22.21594429016,-23.53065299987,25.));
#5324 = VECTOR('',#5325,1.);
#5325 = DIRECTION('',(0.,0.,-1.));
#5326 = PLANE('',#5327);
#5327 = AXIS2_PLACEMENT_3D('',#5328,#5329,#5330);
#5328 = CARTESIAN_POINT('',(-22.16791343689,-23.54365634918,12.5));
#5329 = DIRECTION('',(-0.261321731668,-0.96525175605,-0.));
#5330 = DIRECTION('',(-0.96525175605,0.261321731668,0.));
#5331 = ADVANCED_FACE('',(#5332),#5350,.F.);
#5332 = FACE_BOUND('',#5333,.F.);
#5333 = EDGE_LOOP('',(#5334,#5342,#5348,#5349));
#5334 = ORIENTED_EDGE('',*,*,#5335,.F.);
#5335 = EDGE_CURVE('',#5336,#5288,#5338,.T.);
#5336 = VERTEX_POINT('',#5337);
#5337 = CARTESIAN_POINT('',(-20.3440914154,-11.23618125915,0.));
#5338 = LINE('',#5339,#5340);
#5339 = CARTESIAN_POINT('',(-20.3440914154,-11.23618125915,0.));
#5340 = VECTOR('',#5341,1.);
#5341 = DIRECTION('',(0.449833514916,-0.893112427894,0.));
#5342 = ORIENTED_EDGE('',*,*,#5343,.T.);
#5343 = EDGE_CURVE('',#5336,#1315,#5344,.T.);
#5344 = LINE('',#5345,#5346);
#5345 = CARTESIAN_POINT('',(-20.3440914154,-11.23618125915,0.));
#5346 = VECTOR('',#5347,1.);
#5347 = DIRECTION('',(0.,0.,1.));
#5348 = ORIENTED_EDGE('',*,*,#1322,.F.);
#5349 = ORIENTED_EDGE('',*,*,#5287,.F.);
#5350 = PLANE('',#5351);
#5351 = AXIS2_PLACEMENT_3D('',#5352,#5353,#5354);
#5352 = CARTESIAN_POINT('',(-20.32170772552,-11.2806224823,12.5));
#5353 = DIRECTION('',(0.893112427894,0.449833514916,0.));
#5354 = DIRECTION('',(-0.449833514916,0.893112427894,0.));
#5355 = ADVANCED_FACE('',(#5356),#5374,.F.);
#5356 = FACE_BOUND('',#5357,.F.);
#5357 = EDGE_LOOP('',(#5358,#5359,#5367,#5373));
#5358 = ORIENTED_EDGE('',*,*,#818,.F.);
#5359 = ORIENTED_EDGE('',*,*,#5360,.T.);
#5360 = EDGE_CURVE('',#819,#5361,#5363,.T.);
#5361 = VERTEX_POINT('',#5362);
#5362 = CARTESIAN_POINT('',(-22.31020164489,-23.49872398376,0.));
#5363 = LINE('',#5364,#5365);
#5364 = CARTESIAN_POINT('',(-22.31020164489,-23.49872398376,25.));
#5365 = VECTOR('',#5366,1.);
#5366 = DIRECTION('',(0.,0.,-1.));
#5367 = ORIENTED_EDGE('',*,*,#5368,.T.);
#5368 = EDGE_CURVE('',#5361,#5312,#5369,.T.);
#5369 = LINE('',#5370,#5371);
#5370 = CARTESIAN_POINT('',(-22.31020164489,-23.49872398376,0.));
#5371 = VECTOR('',#5372,1.);
#5372 = DIRECTION('',(0.947134994547,-0.320835319291,0.));
#5373 = ORIENTED_EDGE('',*,*,#5321,.F.);
#5374 = PLANE('',#5375);
#5375 = AXIS2_PLACEMENT_3D('',#5376,#5377,#5378);
#5376 = CARTESIAN_POINT('',(-22.26307296752,-23.51468849182,12.5));
#5377 = DIRECTION('',(-0.320835319291,-0.947134994547,-0.));
#5378 = DIRECTION('',(-0.947134994547,0.320835319291,0.));
#5379 = ADVANCED_FACE('',(#5380),#5398,.F.);
#5380 = FACE_BOUND('',#5381,.F.);
#5381 = EDGE_LOOP('',(#5382,#5390,#5391,#5392));
#5382 = ORIENTED_EDGE('',*,*,#5383,.F.);
#5383 = EDGE_CURVE('',#1307,#5384,#5386,.T.);
#5384 = VERTEX_POINT('',#5385);
#5385 = CARTESIAN_POINT('',(-20.39429664611,-11.15025424957,0.));
#5386 = LINE('',#5387,#5388);
#5387 = CARTESIAN_POINT('',(-20.39429664611,-11.15025424957,25.));
#5388 = VECTOR('',#5389,1.);
#5389 = DIRECTION('',(0.,0.,-1.));
#5390 = ORIENTED_EDGE('',*,*,#1314,.F.);
#5391 = ORIENTED_EDGE('',*,*,#5343,.F.);
#5392 = ORIENTED_EDGE('',*,*,#5393,.T.);
#5393 = EDGE_CURVE('',#5336,#5384,#5394,.T.);
#5394 = LINE('',#5395,#5396);
#5395 = CARTESIAN_POINT('',(-20.3440914154,-11.23618125915,0.));
#5396 = VECTOR('',#5397,1.);
#5397 = DIRECTION('',(-0.504479237373,0.863423823542,0.));
#5398 = PLANE('',#5399);
#5399 = AXIS2_PLACEMENT_3D('',#5400,#5401,#5402);
#5400 = CARTESIAN_POINT('',(-20.36919403076,-11.19321775436,12.5));
#5401 = DIRECTION('',(0.863423823542,0.504479237373,0.));
#5402 = DIRECTION('',(-0.504479237373,0.863423823542,0.));
#5403 = ADVANCED_FACE('',(#5404),#5422,.F.);
#5404 = FACE_BOUND('',#5405,.F.);
#5405 = EDGE_LOOP('',(#5406,#5407,#5408,#5416));
#5406 = ORIENTED_EDGE('',*,*,#5360,.F.);
#5407 = ORIENTED_EDGE('',*,*,#826,.F.);
#5408 = ORIENTED_EDGE('',*,*,#5409,.F.);
#5409 = EDGE_CURVE('',#5410,#827,#5412,.T.);
#5410 = VERTEX_POINT('',#5411);
#5411 = CARTESIAN_POINT('',(-22.40229415893,-23.4609966278,0.));
#5412 = LINE('',#5413,#5414);
#5413 = CARTESIAN_POINT('',(-22.40229415893,-23.4609966278,0.));
#5414 = VECTOR('',#5415,1.);
#5415 = DIRECTION('',(0.,0.,1.));
#5416 = ORIENTED_EDGE('',*,*,#5417,.T.);
#5417 = EDGE_CURVE('',#5410,#5361,#5418,.T.);
#5418 = LINE('',#5419,#5420);
#5419 = CARTESIAN_POINT('',(-22.40229415893,-23.4609966278,0.));
#5420 = VECTOR('',#5421,1.);
#5421 = DIRECTION('',(0.925359701325,-0.379090257279,0.));
#5422 = PLANE('',#5423);
#5423 = AXIS2_PLACEMENT_3D('',#5424,#5425,#5426);
#5424 = CARTESIAN_POINT('',(-22.35624790191,-23.47986030578,12.5));
#5425 = DIRECTION('',(-0.379090257279,-0.925359701325,-0.));
#5426 = DIRECTION('',(-0.925359701325,0.379090257279,0.));
#5427 = ADVANCED_FACE('',(#5428),#5446,.F.);
#5428 = FACE_BOUND('',#5429,.F.);
#5429 = EDGE_LOOP('',(#5430,#5438,#5439,#5440));
#5430 = ORIENTED_EDGE('',*,*,#5431,.F.);
#5431 = EDGE_CURVE('',#1299,#5432,#5434,.T.);
#5432 = VERTEX_POINT('',#5433);
#5433 = CARTESIAN_POINT('',(-20.44974708557,-11.06761455535,0.));
#5434 = LINE('',#5435,#5436);
#5435 = CARTESIAN_POINT('',(-20.44974708557,-11.06761455535,25.));
#5436 = VECTOR('',#5437,1.);
#5437 = DIRECTION('',(0.,0.,-1.));
#5438 = ORIENTED_EDGE('',*,*,#1306,.F.);
#5439 = ORIENTED_EDGE('',*,*,#5383,.T.);
#5440 = ORIENTED_EDGE('',*,*,#5441,.F.);
#5441 = EDGE_CURVE('',#5432,#5384,#5442,.T.);
#5442 = LINE('',#5443,#5444);
#5443 = CARTESIAN_POINT('',(-20.44974708557,-11.06761455535,0.));
#5444 = VECTOR('',#5445,1.);
#5445 = DIRECTION('',(0.557183356557,-0.830389491248,0.));
#5446 = PLANE('',#5447);
#5447 = AXIS2_PLACEMENT_3D('',#5448,#5449,#5450);
#5448 = CARTESIAN_POINT('',(-20.42202186584,-11.10893440246,12.5));
#5449 = DIRECTION('',(0.830389491248,0.557183356557,0.));
#5450 = DIRECTION('',(-0.557183356557,0.830389491248,0.));
#5451 = ADVANCED_FACE('',(#5452),#5470,.F.);
#5452 = FACE_BOUND('',#5453,.F.);
#5453 = EDGE_LOOP('',(#5454,#5455,#5456,#5464));
#5454 = ORIENTED_EDGE('',*,*,#5409,.T.);
#5455 = ORIENTED_EDGE('',*,*,#834,.F.);
#5456 = ORIENTED_EDGE('',*,*,#5457,.F.);
#5457 = EDGE_CURVE('',#5458,#835,#5460,.T.);
#5458 = VERTEX_POINT('',#5459);
#5459 = CARTESIAN_POINT('',(-22.49186134338,-23.41761779785,0.));
#5460 = LINE('',#5461,#5462);
#5461 = CARTESIAN_POINT('',(-22.49186134338,-23.41761779785,0.));
#5462 = VECTOR('',#5463,1.);
#5463 = DIRECTION('',(0.,0.,1.));
#5464 = ORIENTED_EDGE('',*,*,#5465,.T.);
#5465 = EDGE_CURVE('',#5458,#5410,#5466,.T.);
#5466 = LINE('',#5467,#5468);
#5467 = CARTESIAN_POINT('',(-22.49186134338,-23.41761779785,0.));
#5468 = VECTOR('',#5469,1.);
#5469 = DIRECTION('',(0.900002118172,-0.43588552085,0.));
#5470 = PLANE('',#5471);
#5471 = AXIS2_PLACEMENT_3D('',#5472,#5473,#5474);
#5472 = CARTESIAN_POINT('',(-22.44707775116,-23.43930721283,12.5));
#5473 = DIRECTION('',(-0.43588552085,-0.900002118172,-0.));
#5474 = DIRECTION('',(-0.900002118172,0.43588552085,0.));
#5475 = ADVANCED_FACE('',(#5476),#5494,.F.);
#5476 = FACE_BOUND('',#5477,.F.);
#5477 = EDGE_LOOP('',(#5478,#5479,#5480,#5488));
#5478 = ORIENTED_EDGE('',*,*,#1298,.F.);
#5479 = ORIENTED_EDGE('',*,*,#5431,.T.);
#5480 = ORIENTED_EDGE('',*,*,#5481,.T.);
#5481 = EDGE_CURVE('',#5432,#5482,#5484,.T.);
#5482 = VERTEX_POINT('',#5483);
#5483 = CARTESIAN_POINT('',(-20.51022911071,-10.98858165741,0.));
#5484 = LINE('',#5485,#5486);
#5485 = CARTESIAN_POINT('',(-20.44974708557,-11.06761455535,0.));
#5486 = VECTOR('',#5487,1.);
#5487 = DIRECTION('',(-0.607736043325,0.794139094645,0.));
#5488 = ORIENTED_EDGE('',*,*,#5489,.F.);
#5489 = EDGE_CURVE('',#1291,#5482,#5490,.T.);
#5490 = LINE('',#5491,#5492);
#5491 = CARTESIAN_POINT('',(-20.51022911071,-10.98858165741,25.));
#5492 = VECTOR('',#5493,1.);
#5493 = DIRECTION('',(0.,0.,-1.));
#5494 = PLANE('',#5495);
#5495 = AXIS2_PLACEMENT_3D('',#5496,#5497,#5498);
#5496 = CARTESIAN_POINT('',(-20.47998809814,-11.02809810638,12.5));
#5497 = DIRECTION('',(0.794139094645,0.607736043325,0.));
#5498 = DIRECTION('',(-0.607736043325,0.794139094645,0.));
#5499 = ADVANCED_FACE('',(#5500),#5518,.F.);
#5500 = FACE_BOUND('',#5501,.F.);
#5501 = EDGE_LOOP('',(#5502,#5510,#5511,#5512));
#5502 = ORIENTED_EDGE('',*,*,#5503,.T.);
#5503 = EDGE_CURVE('',#5504,#5458,#5506,.T.);
#5504 = VERTEX_POINT('',#5505);
#5505 = CARTESIAN_POINT('',(-22.57855987548,-23.36875534057,0.));
#5506 = LINE('',#5507,#5508);
#5507 = CARTESIAN_POINT('',(-22.57855987548,-23.36875534057,0.));
#5508 = VECTOR('',#5509,1.);
#5509 = DIRECTION('',(0.87116934995,-0.490982651128,0.));
#5510 = ORIENTED_EDGE('',*,*,#5457,.T.);
#5511 = ORIENTED_EDGE('',*,*,#842,.F.);
#5512 = ORIENTED_EDGE('',*,*,#5513,.T.);
#5513 = EDGE_CURVE('',#843,#5504,#5514,.T.);
#5514 = LINE('',#5515,#5516);
#5515 = CARTESIAN_POINT('',(-22.57855987548,-23.36875534057,25.));
#5516 = VECTOR('',#5517,1.);
#5517 = DIRECTION('',(0.,0.,-1.));
#5518 = PLANE('',#5519);
#5519 = AXIS2_PLACEMENT_3D('',#5520,#5521,#5522);
#5520 = CARTESIAN_POINT('',(-22.53521060943,-23.39318656921,12.5));
#5521 = DIRECTION('',(-0.490982651128,-0.87116934995,-0.));
#5522 = DIRECTION('',(-0.87116934995,0.490982651128,0.));
#5523 = ADVANCED_FACE('',(#5524),#5542,.F.);
#5524 = FACE_BOUND('',#5525,.F.);
#5525 = EDGE_LOOP('',(#5526,#5534,#5535,#5536));
#5526 = ORIENTED_EDGE('',*,*,#5527,.T.);
#5527 = EDGE_CURVE('',#5528,#1283,#5530,.T.);
#5528 = VERTEX_POINT('',#5529);
#5529 = CARTESIAN_POINT('',(-20.57550621032,-10.91346168518,0.));
#5530 = LINE('',#5531,#5532);
#5531 = CARTESIAN_POINT('',(-20.57550621032,-10.91346168518,0.));
#5532 = VECTOR('',#5533,1.);
#5533 = DIRECTION('',(0.,0.,1.));
#5534 = ORIENTED_EDGE('',*,*,#1290,.F.);
#5535 = ORIENTED_EDGE('',*,*,#5489,.T.);
#5536 = ORIENTED_EDGE('',*,*,#5537,.T.);
#5537 = EDGE_CURVE('',#5482,#5528,#5538,.T.);
#5538 = LINE('',#5539,#5540);
#5539 = CARTESIAN_POINT('',(-20.51022911071,-10.98858165741,0.));
#5540 = VECTOR('',#5541,1.);
#5541 = DIRECTION('',(-0.655923397399,0.754827461573,0.));
#5542 = PLANE('',#5543);
#5543 = AXIS2_PLACEMENT_3D('',#5544,#5545,#5546);
#5544 = CARTESIAN_POINT('',(-20.54286766052,-10.95102167129,12.5));
#5545 = DIRECTION('',(0.754827461573,0.655923397399,0.));
#5546 = DIRECTION('',(-0.655923397399,0.754827461573,0.));
#5547 = ADVANCED_FACE('',(#5548),#5566,.F.);
#5548 = FACE_BOUND('',#5549,.F.);
#5549 = EDGE_LOOP('',(#5550,#5551,#5552,#5560));
#5550 = ORIENTED_EDGE('',*,*,#5513,.F.);
#5551 = ORIENTED_EDGE('',*,*,#850,.F.);
#5552 = ORIENTED_EDGE('',*,*,#5553,.F.);
#5553 = EDGE_CURVE('',#5554,#851,#5556,.T.);
#5554 = VERTEX_POINT('',#5555);
#5555 = CARTESIAN_POINT('',(-22.66205215454,-23.31459617614,0.));
#5556 = LINE('',#5557,#5558);
#5557 = CARTESIAN_POINT('',(-22.66205215454,-23.31459617614,0.));
#5558 = VECTOR('',#5559,1.);
#5559 = DIRECTION('',(0.,0.,1.));
#5560 = ORIENTED_EDGE('',*,*,#5561,.T.);
#5561 = EDGE_CURVE('',#5554,#5504,#5562,.T.);
#5562 = LINE('',#5563,#5564);
#5563 = CARTESIAN_POINT('',(-22.66205215454,-23.31459617614,0.));
#5564 = VECTOR('',#5565,1.);
#5565 = DIRECTION('',(0.838952063802,-0.544205323975,0.));
#5566 = PLANE('',#5567);
#5567 = AXIS2_PLACEMENT_3D('',#5568,#5569,#5570);
#5568 = CARTESIAN_POINT('',(-22.62030601501,-23.34167575836,12.5));
#5569 = DIRECTION('',(-0.544205323975,-0.838952063802,-0.));
#5570 = DIRECTION('',(-0.838952063802,0.544205323975,0.));
#5571 = ADVANCED_FACE('',(#5572),#5590,.F.);
#5572 = FACE_BOUND('',#5573,.F.);
#5573 = EDGE_LOOP('',(#5574,#5575,#5583,#5589));
#5574 = ORIENTED_EDGE('',*,*,#5527,.F.);
#5575 = ORIENTED_EDGE('',*,*,#5576,.T.);
#5576 = EDGE_CURVE('',#5528,#5577,#5579,.T.);
#5577 = VERTEX_POINT('',#5578);
#5578 = CARTESIAN_POINT('',(-20.64532852172,-10.84254646301,0.));
#5579 = LINE('',#5580,#5581);
#5580 = CARTESIAN_POINT('',(-20.57550621032,-10.91346168518,0.));
#5581 = VECTOR('',#5582,1.);
#5582 = DIRECTION('',(-0.701594521577,0.712576401022,0.));
#5583 = ORIENTED_EDGE('',*,*,#5584,.T.);
#5584 = EDGE_CURVE('',#5577,#1275,#5585,.T.);
#5585 = LINE('',#5586,#5587);
#5586 = CARTESIAN_POINT('',(-20.64532852172,-10.84254646301,0.));
#5587 = VECTOR('',#5588,1.);
#5588 = DIRECTION('',(0.,0.,1.));
#5589 = ORIENTED_EDGE('',*,*,#1282,.F.);
#5590 = PLANE('',#5591);
#5591 = AXIS2_PLACEMENT_3D('',#5592,#5593,#5594);
#5592 = CARTESIAN_POINT('',(-20.61041736602,-10.87800407409,12.5));
#5593 = DIRECTION('',(0.712576401022,0.701594521577,0.));
#5594 = DIRECTION('',(-0.701594521577,0.712576401022,0.));
#5595 = ADVANCED_FACE('',(#5596),#5614,.F.);
#5596 = FACE_BOUND('',#5597,.F.);
#5597 = EDGE_LOOP('',(#5598,#5599,#5600,#5608));
#5598 = ORIENTED_EDGE('',*,*,#5553,.T.);
#5599 = ORIENTED_EDGE('',*,*,#858,.F.);
#5600 = ORIENTED_EDGE('',*,*,#5601,.T.);
#5601 = EDGE_CURVE('',#859,#5602,#5604,.T.);
#5602 = VERTEX_POINT('',#5603);
#5603 = CARTESIAN_POINT('',(-22.74201583862,-23.25535011291,0.));
#5604 = LINE('',#5605,#5606);
#5605 = CARTESIAN_POINT('',(-22.74201583862,-23.25535011291,25.));
#5606 = VECTOR('',#5607,1.);
#5607 = DIRECTION('',(0.,0.,-1.));
#5608 = ORIENTED_EDGE('',*,*,#5609,.T.);
#5609 = EDGE_CURVE('',#5602,#5554,#5610,.T.);
#5610 = LINE('',#5611,#5612);
#5611 = CARTESIAN_POINT('',(-22.74201583862,-23.25535011291,0.));
#5612 = VECTOR('',#5613,1.);
#5613 = DIRECTION('',(0.803491323188,-0.595316465052,0.));
#5614 = PLANE('',#5615);
#5615 = AXIS2_PLACEMENT_3D('',#5616,#5617,#5618);
#5616 = CARTESIAN_POINT('',(-22.70203399658,-23.28497314453,12.5));
#5617 = DIRECTION('',(-0.595316465052,-0.803491323188,-0.));
#5618 = DIRECTION('',(-0.803491323188,0.595316465052,0.));
#5619 = ADVANCED_FACE('',(#5620),#5638,.F.);
#5620 = FACE_BOUND('',#5621,.F.);
#5621 = EDGE_LOOP('',(#5622,#5623,#5631,#5637));
#5622 = ORIENTED_EDGE('',*,*,#5584,.F.);
#5623 = ORIENTED_EDGE('',*,*,#5624,.T.);
#5624 = EDGE_CURVE('',#5577,#5625,#5627,.T.);
#5625 = VERTEX_POINT('',#5626);
#5626 = CARTESIAN_POINT('',(-20.71942329406,-10.77610778808,0.));
#5627 = LINE('',#5628,#5629);
#5628 = CARTESIAN_POINT('',(-20.64532852172,-10.84254646301,0.));
#5629 = VECTOR('',#5630,1.);
#5630 = DIRECTION('',(-0.744525094133,0.667594475865,0.));
#5631 = ORIENTED_EDGE('',*,*,#5632,.F.);
#5632 = EDGE_CURVE('',#1267,#5625,#5633,.T.);
#5633 = LINE('',#5634,#5635);
#5634 = CARTESIAN_POINT('',(-20.71942329406,-10.77610778808,25.));
#5635 = VECTOR('',#5636,1.);
#5636 = DIRECTION('',(0.,0.,-1.));
#5637 = ORIENTED_EDGE('',*,*,#1274,.F.);
#5638 = PLANE('',#5639);
#5639 = AXIS2_PLACEMENT_3D('',#5640,#5641,#5642);
#5640 = CARTESIAN_POINT('',(-20.68237590789,-10.80932712554,12.5));
#5641 = DIRECTION('',(0.667594475865,0.744525094133,0.));
#5642 = DIRECTION('',(0.744525094133,-0.667594475865,0.));
#5643 = ADVANCED_FACE('',(#5644),#5662,.F.);
#5644 = FACE_BOUND('',#5645,.F.);
#5645 = EDGE_LOOP('',(#5646,#5647,#5648,#5656));
#5646 = ORIENTED_EDGE('',*,*,#5601,.F.);
#5647 = ORIENTED_EDGE('',*,*,#866,.F.);
#5648 = ORIENTED_EDGE('',*,*,#5649,.F.);
#5649 = EDGE_CURVE('',#5650,#867,#5652,.T.);
#5650 = VERTEX_POINT('',#5651);
#5651 = CARTESIAN_POINT('',(-22.81814193725,-23.19124984741,0.));
#5652 = LINE('',#5653,#5654);
#5653 = CARTESIAN_POINT('',(-22.81814193725,-23.19124984741,0.));
#5654 = VECTOR('',#5655,1.);
#5655 = DIRECTION('',(0.,0.,1.));
#5656 = ORIENTED_EDGE('',*,*,#5657,.F.);
#5657 = EDGE_CURVE('',#5602,#5650,#5658,.T.);
#5658 = LINE('',#5659,#5660);
#5659 = CARTESIAN_POINT('',(-22.74201583862,-23.25535011291,0.));
#5660 = VECTOR('',#5661,1.);
#5661 = DIRECTION('',(-0.7649405205,0.644100923844,0.));
#5662 = PLANE('',#5663);
#5663 = AXIS2_PLACEMENT_3D('',#5664,#5665,#5666);
#5664 = CARTESIAN_POINT('',(-22.78007888793,-23.22329998016,12.5));
#5665 = DIRECTION('',(-0.644100923844,-0.7649405205,-0.));
#5666 = DIRECTION('',(-0.7649405205,0.644100923844,0.));
#5667 = ADVANCED_FACE('',(#5668),#5686,.F.);
#5668 = FACE_BOUND('',#5669,.F.);
#5669 = EDGE_LOOP('',(#5670,#5678,#5679,#5680));
#5670 = ORIENTED_EDGE('',*,*,#5671,.T.);
#5671 = EDGE_CURVE('',#5672,#1259,#5674,.T.);
#5672 = VERTEX_POINT('',#5673);
#5673 = CARTESIAN_POINT('',(-20.79750633239,-10.71440505981,0.));
#5674 = LINE('',#5675,#5676);
#5675 = CARTESIAN_POINT('',(-20.79750633239,-10.71440505981,0.));
#5676 = VECTOR('',#5677,1.);
#5677 = DIRECTION('',(0.,0.,1.));
#5678 = ORIENTED_EDGE('',*,*,#1266,.F.);
#5679 = ORIENTED_EDGE('',*,*,#5632,.T.);
#5680 = ORIENTED_EDGE('',*,*,#5681,.T.);
#5681 = EDGE_CURVE('',#5625,#5672,#5682,.T.);
#5682 = LINE('',#5683,#5684);
#5683 = CARTESIAN_POINT('',(-20.71942329406,-10.77610778808,0.));
#5684 = VECTOR('',#5685,1.);
#5685 = DIRECTION('',(-0.784598143461,0.620004639723,0.));
#5686 = PLANE('',#5687);
#5687 = AXIS2_PLACEMENT_3D('',#5688,#5689,#5690);
#5688 = CARTESIAN_POINT('',(-20.75846481323,-10.74525642395,12.5));
#5689 = DIRECTION('',(0.620004639723,0.784598143461,0.));
#5690 = DIRECTION('',(0.784598143461,-0.620004639723,0.));
#5691 = ADVANCED_FACE('',(#5692),#5710,.F.);
#5692 = FACE_BOUND('',#5693,.F.);
#5693 = EDGE_LOOP('',(#5694,#5702,#5703,#5704));
#5694 = ORIENTED_EDGE('',*,*,#5695,.T.);
#5695 = EDGE_CURVE('',#5696,#5650,#5698,.T.);
#5696 = VERTEX_POINT('',#5697);
#5697 = CARTESIAN_POINT('',(-22.8901348114,-23.12253952026,0.));
#5698 = LINE('',#5699,#5700);
#5699 = CARTESIAN_POINT('',(-22.8901348114,-23.12253952026,0.));
#5700 = VECTOR('',#5701,1.);
#5701 = DIRECTION('',(0.723406450217,-0.690422412574,0.));
#5702 = ORIENTED_EDGE('',*,*,#5649,.T.);
#5703 = ORIENTED_EDGE('',*,*,#874,.F.);
#5704 = ORIENTED_EDGE('',*,*,#5705,.F.);
#5705 = EDGE_CURVE('',#5696,#875,#5706,.T.);
#5706 = LINE('',#5707,#5708);
#5707 = CARTESIAN_POINT('',(-22.8901348114,-23.12253952026,0.));
#5708 = VECTOR('',#5709,1.);
#5709 = DIRECTION('',(0.,0.,1.));
#5710 = PLANE('',#5711);
#5711 = AXIS2_PLACEMENT_3D('',#5712,#5713,#5714);
#5712 = CARTESIAN_POINT('',(-22.85413837432,-23.15689468383,12.5));
#5713 = DIRECTION('',(-0.690422412574,-0.723406450217,-0.));
#5714 = DIRECTION('',(-0.723406450217,0.690422412574,0.));
#5715 = ADVANCED_FACE('',(#5716),#5734,.F.);
#5716 = FACE_BOUND('',#5717,.F.);
#5717 = EDGE_LOOP('',(#5718,#5726,#5732,#5733));
#5718 = ORIENTED_EDGE('',*,*,#5719,.F.);
#5719 = EDGE_CURVE('',#5720,#5672,#5722,.T.);
#5720 = VERTEX_POINT('',#5721);
#5721 = CARTESIAN_POINT('',(-20.87927246093,-10.6576757431,0.));
#5722 = LINE('',#5723,#5724);
#5723 = CARTESIAN_POINT('',(-20.87927246093,-10.6576757431,0.));
#5724 = VECTOR('',#5725,1.);
#5725 = DIRECTION('',(0.821618065396,-0.570038379949,0.));
#5726 = ORIENTED_EDGE('',*,*,#5727,.T.);
#5727 = EDGE_CURVE('',#5720,#1251,#5728,.T.);
#5728 = LINE('',#5729,#5730);
#5729 = CARTESIAN_POINT('',(-20.87927246093,-10.6576757431,0.));
#5730 = VECTOR('',#5731,1.);
#5731 = DIRECTION('',(0.,0.,1.));
#5732 = ORIENTED_EDGE('',*,*,#1258,.F.);
#5733 = ORIENTED_EDGE('',*,*,#5671,.F.);
#5734 = PLANE('',#5735);
#5735 = AXIS2_PLACEMENT_3D('',#5736,#5737,#5738);
#5736 = CARTESIAN_POINT('',(-20.83838939666,-10.68604040145,12.5));
#5737 = DIRECTION('',(0.570038379949,0.821618065396,0.));
#5738 = DIRECTION('',(0.821618065396,-0.570038379949,0.));
#5739 = ADVANCED_FACE('',(#5740),#5758,.F.);
#5740 = FACE_BOUND('',#5741,.F.);
#5741 = EDGE_LOOP('',(#5742,#5750,#5756,#5757));
#5742 = ORIENTED_EDGE('',*,*,#5743,.F.);
#5743 = EDGE_CURVE('',#5744,#883,#5746,.T.);
#5744 = VERTEX_POINT('',#5745);
#5745 = CARTESIAN_POINT('',(-22.95771598815,-23.04948616027,0.));
#5746 = LINE('',#5747,#5748);
#5747 = CARTESIAN_POINT('',(-22.95771598815,-23.04948616027,0.));
#5748 = VECTOR('',#5749,1.);
#5749 = DIRECTION('',(0.,0.,1.));
#5750 = ORIENTED_EDGE('',*,*,#5751,.F.);
#5751 = EDGE_CURVE('',#5696,#5744,#5752,.T.);
#5752 = LINE('',#5753,#5754);
#5753 = CARTESIAN_POINT('',(-22.8901348114,-23.12253952026,0.));
#5754 = VECTOR('',#5755,1.);
#5755 = DIRECTION('',(-0.6790789049,0.734065283827,0.));
#5756 = ORIENTED_EDGE('',*,*,#5705,.T.);
#5757 = ORIENTED_EDGE('',*,*,#882,.F.);
#5758 = PLANE('',#5759);
#5759 = AXIS2_PLACEMENT_3D('',#5760,#5761,#5762);
#5760 = CARTESIAN_POINT('',(-22.92392539978,-23.08601284027,12.5));
#5761 = DIRECTION('',(-0.734065283827,-0.6790789049,-0.));
#5762 = DIRECTION('',(0.6790789049,-0.734065283827,0.));
#5763 = ADVANCED_FACE('',(#5764),#5782,.F.);
#5764 = FACE_BOUND('',#5765,.F.);
#5765 = EDGE_LOOP('',(#5766,#5767,#5775,#5781));
#5766 = ORIENTED_EDGE('',*,*,#5727,.F.);
#5767 = ORIENTED_EDGE('',*,*,#5768,.T.);
#5768 = EDGE_CURVE('',#5720,#5769,#5771,.T.);
#5769 = VERTEX_POINT('',#5770);
#5770 = CARTESIAN_POINT('',(-20.96440887451,-10.60613918304,0.));
#5771 = LINE('',#5772,#5773);
#5772 = CARTESIAN_POINT('',(-20.87927246093,-10.6576757431,0.));
#5773 = VECTOR('',#5774,1.);
#5774 = DIRECTION('',(-0.855470586291,0.517851403387,0.));
#5775 = ORIENTED_EDGE('',*,*,#5776,.F.);
#5776 = EDGE_CURVE('',#1243,#5769,#5777,.T.);
#5777 = LINE('',#5778,#5779);
#5778 = CARTESIAN_POINT('',(-20.96440887451,-10.60613918304,25.));
#5779 = VECTOR('',#5780,1.);
#5780 = DIRECTION('',(0.,0.,-1.));
#5781 = ORIENTED_EDGE('',*,*,#1250,.F.);
#5782 = PLANE('',#5783);
#5783 = AXIS2_PLACEMENT_3D('',#5784,#5785,#5786);
#5784 = CARTESIAN_POINT('',(-20.92184066772,-10.63190746307,12.5));
#5785 = DIRECTION('',(0.517851403387,0.855470586291,0.));
#5786 = DIRECTION('',(0.855470586291,-0.517851403387,0.));
#5787 = ADVANCED_FACE('',(#5788),#5806,.F.);
#5788 = FACE_BOUND('',#5789,.F.);
#5789 = EDGE_LOOP('',(#5790,#5791,#5792,#5800));
#5790 = ORIENTED_EDGE('',*,*,#5743,.T.);
#5791 = ORIENTED_EDGE('',*,*,#890,.F.);
#5792 = ORIENTED_EDGE('',*,*,#5793,.T.);
#5793 = EDGE_CURVE('',#891,#5794,#5796,.T.);
#5794 = VERTEX_POINT('',#5795);
#5795 = CARTESIAN_POINT('',(-23.02062606811,-22.97237205505,0.));
#5796 = LINE('',#5797,#5798);
#5797 = CARTESIAN_POINT('',(-23.02062606811,-22.97237205505,25.));
#5798 = VECTOR('',#5799,1.);
#5799 = DIRECTION('',(0.,0.,-1.));
#5800 = ORIENTED_EDGE('',*,*,#5801,.F.);
#5801 = EDGE_CURVE('',#5744,#5794,#5802,.T.);
#5802 = LINE('',#5803,#5804);
#5803 = CARTESIAN_POINT('',(-22.95771598815,-23.04948616027,0.));
#5804 = VECTOR('',#5805,1.);
#5805 = DIRECTION('',(-0.632133995173,0.774859091801,0.));
#5806 = PLANE('',#5807);
#5807 = AXIS2_PLACEMENT_3D('',#5808,#5809,#5810);
#5808 = CARTESIAN_POINT('',(-22.98917102813,-23.01092910766,12.5));
#5809 = DIRECTION('',(-0.774859091801,-0.632133995173,-0.));
#5810 = DIRECTION('',(0.632133995173,-0.774859091801,0.));
#5811 = ADVANCED_FACE('',(#5812),#5830,.F.);
#5812 = FACE_BOUND('',#5813,.F.);
#5813 = EDGE_LOOP('',(#5814,#5815,#5816,#5824));
#5814 = ORIENTED_EDGE('',*,*,#1242,.F.);
#5815 = ORIENTED_EDGE('',*,*,#5776,.T.);
#5816 = ORIENTED_EDGE('',*,*,#5817,.F.);
#5817 = EDGE_CURVE('',#5818,#5769,#5820,.T.);
#5818 = VERTEX_POINT('',#5819);
#5819 = CARTESIAN_POINT('',(-21.0525856018,-10.55999565124,0.));
#5820 = LINE('',#5821,#5822);
#5821 = CARTESIAN_POINT('',(-21.0525856018,-10.55999565124,0.));
#5822 = VECTOR('',#5823,1.);
#5823 = DIRECTION('',(0.886014338749,-0.463657838853,0.));
#5824 = ORIENTED_EDGE('',*,*,#5825,.F.);
#5825 = EDGE_CURVE('',#1235,#5818,#5826,.T.);
#5826 = LINE('',#5827,#5828);
#5827 = CARTESIAN_POINT('',(-21.0525856018,-10.55999565124,25.));
#5828 = VECTOR('',#5829,1.);
#5829 = DIRECTION('',(0.,0.,-1.));
#5830 = PLANE('',#5831);
#5831 = AXIS2_PLACEMENT_3D('',#5832,#5833,#5834);
#5832 = CARTESIAN_POINT('',(-21.00849723815,-10.58306741714,12.5));
#5833 = DIRECTION('',(0.463657838853,0.886014338749,0.));
#5834 = DIRECTION('',(0.886014338749,-0.463657838853,0.));
#5835 = ADVANCED_FACE('',(#5836),#5854,.F.);
#5836 = FACE_BOUND('',#5837,.F.);
#5837 = EDGE_LOOP('',(#5838,#5839,#5840,#5848));
#5838 = ORIENTED_EDGE('',*,*,#5793,.F.);
#5839 = ORIENTED_EDGE('',*,*,#898,.F.);
#5840 = ORIENTED_EDGE('',*,*,#5841,.T.);
#5841 = EDGE_CURVE('',#899,#5842,#5844,.T.);
#5842 = VERTEX_POINT('',#5843);
#5843 = CARTESIAN_POINT('',(-23.07862091064,-22.89149665832,0.));
#5844 = LINE('',#5845,#5846);
#5845 = CARTESIAN_POINT('',(-23.07862091064,-22.89149665832,25.));
#5846 = VECTOR('',#5847,1.);
#5847 = DIRECTION('',(0.,0.,-1.));
#5848 = ORIENTED_EDGE('',*,*,#5849,.F.);
#5849 = EDGE_CURVE('',#5794,#5842,#5850,.T.);
#5850 = LINE('',#5851,#5852);
#5851 = CARTESIAN_POINT('',(-23.02062606811,-22.97237205505,0.));
#5852 = VECTOR('',#5853,1.);
#5853 = DIRECTION('',(-0.582745570185,0.812654662467,0.));
#5854 = PLANE('',#5855);
#5855 = AXIS2_PLACEMENT_3D('',#5856,#5857,#5858);
#5856 = CARTESIAN_POINT('',(-23.04962348938,-22.93193435668,12.5));
#5857 = DIRECTION('',(-0.812654662467,-0.582745570185,-0.));
#5858 = DIRECTION('',(0.582745570185,-0.812654662467,0.));
#5859 = ADVANCED_FACE('',(#5860),#5878,.F.);
#5860 = FACE_BOUND('',#5861,.F.);
#5861 = EDGE_LOOP('',(#5862,#5863,#5871,#5877));
#5862 = ORIENTED_EDGE('',*,*,#5825,.T.);
#5863 = ORIENTED_EDGE('',*,*,#5864,.T.);
#5864 = EDGE_CURVE('',#5818,#5865,#5867,.T.);
#5865 = VERTEX_POINT('',#5866);
#5866 = CARTESIAN_POINT('',(-21.14345932006,-10.5194234848,0.));
#5867 = LINE('',#5868,#5869);
#5868 = CARTESIAN_POINT('',(-21.0525856018,-10.55999565124,0.));
#5869 = VECTOR('',#5870,1.);
#5870 = DIRECTION('',(-0.913124632688,0.407680518517,0.));
#5871 = ORIENTED_EDGE('',*,*,#5872,.T.);
#5872 = EDGE_CURVE('',#5865,#1227,#5873,.T.);
#5873 = LINE('',#5874,#5875);
#5874 = CARTESIAN_POINT('',(-21.14345932006,-10.5194234848,0.));
#5875 = VECTOR('',#5876,1.);
#5876 = DIRECTION('',(0.,0.,1.));
#5877 = ORIENTED_EDGE('',*,*,#1234,.F.);
#5878 = PLANE('',#5879);
#5879 = AXIS2_PLACEMENT_3D('',#5880,#5881,#5882);
#5880 = CARTESIAN_POINT('',(-21.09802246093,-10.53970956802,12.5));
#5881 = DIRECTION('',(0.407680518517,0.913124632688,0.));
#5882 = DIRECTION('',(0.913124632688,-0.407680518517,0.));
#5883 = ADVANCED_FACE('',(#5884),#5902,.F.);
#5884 = FACE_BOUND('',#5885,.F.);
#5885 = EDGE_LOOP('',(#5886,#5894,#5900,#5901));
#5886 = ORIENTED_EDGE('',*,*,#5887,.F.);
#5887 = EDGE_CURVE('',#5888,#907,#5890,.T.);
#5888 = VERTEX_POINT('',#5889);
#5889 = CARTESIAN_POINT('',(-23.1314754486,-22.80717277526,0.));
#5890 = LINE('',#5891,#5892);
#5891 = CARTESIAN_POINT('',(-23.1314754486,-22.80717277526,0.));
#5892 = VECTOR('',#5893,1.);
#5893 = DIRECTION('',(0.,0.,1.));
#5894 = ORIENTED_EDGE('',*,*,#5895,.T.);
#5895 = EDGE_CURVE('',#5888,#5842,#5896,.T.);
#5896 = LINE('',#5897,#5898);
#5897 = CARTESIAN_POINT('',(-23.1314754486,-22.80717277526,0.));
#5898 = VECTOR('',#5899,1.);
#5899 = DIRECTION('',(0.531097608988,-0.847310645352,0.));
#5900 = ORIENTED_EDGE('',*,*,#5841,.F.);
#5901 = ORIENTED_EDGE('',*,*,#906,.F.);
#5902 = PLANE('',#5903);
#5903 = AXIS2_PLACEMENT_3D('',#5904,#5905,#5906);
#5904 = CARTESIAN_POINT('',(-23.10504817962,-22.84933471679,12.5));
#5905 = DIRECTION('',(-0.847310645352,-0.531097608988,-0.));
#5906 = DIRECTION('',(0.531097608988,-0.847310645352,0.));
#5907 = ADVANCED_FACE('',(#5908),#5926,.F.);
#5908 = FACE_BOUND('',#5909,.F.);
#5909 = EDGE_LOOP('',(#5910,#5918,#5919,#5920));
#5910 = ORIENTED_EDGE('',*,*,#5911,.F.);
#5911 = EDGE_CURVE('',#1219,#5912,#5914,.T.);
#5912 = VERTEX_POINT('',#5913);
#5913 = CARTESIAN_POINT('',(-21.23667907714,-10.4845790863,0.));
#5914 = LINE('',#5915,#5916);
#5915 = CARTESIAN_POINT('',(-21.23667907714,-10.4845790863,25.));
#5916 = VECTOR('',#5917,1.);
#5917 = DIRECTION('',(0.,0.,-1.));
#5918 = ORIENTED_EDGE('',*,*,#1226,.F.);
#5919 = ORIENTED_EDGE('',*,*,#5872,.F.);
#5920 = ORIENTED_EDGE('',*,*,#5921,.F.);
#5921 = EDGE_CURVE('',#5912,#5865,#5922,.T.);
#5922 = LINE('',#5923,#5924);
#5923 = CARTESIAN_POINT('',(-21.23667907714,-10.4845790863,0.));
#5924 = VECTOR('',#5925,1.);
#5925 = DIRECTION('',(0.936701984659,-0.350127679477,0.));
#5926 = PLANE('',#5927);
#5927 = AXIS2_PLACEMENT_3D('',#5928,#5929,#5930);
#5928 = CARTESIAN_POINT('',(-21.1900691986,-10.50200128555,12.5));
#5929 = DIRECTION('',(0.350127679477,0.936701984659,0.));
#5930 = DIRECTION('',(0.936701984659,-0.350127679477,0.));
#5931 = ADVANCED_FACE('',(#5932),#5950,.F.);
#5932 = FACE_BOUND('',#5933,.F.);
#5933 = EDGE_LOOP('',(#5934,#5942,#5948,#5949));
#5934 = ORIENTED_EDGE('',*,*,#5935,.T.);
#5935 = EDGE_CURVE('',#915,#5936,#5938,.T.);
#5936 = VERTEX_POINT('',#5937);
#5937 = CARTESIAN_POINT('',(-23.17898368835,-22.71972465515,0.));
#5938 = LINE('',#5939,#5940);
#5939 = CARTESIAN_POINT('',(-23.17898368835,-22.71972465515,25.));
#5940 = VECTOR('',#5941,1.);
#5941 = DIRECTION('',(0.,0.,-1.));
#5942 = ORIENTED_EDGE('',*,*,#5943,.T.);
#5943 = EDGE_CURVE('',#5936,#5888,#5944,.T.);
#5944 = LINE('',#5945,#5946);
#5945 = CARTESIAN_POINT('',(-23.17898368835,-22.71972465515,0.));
#5946 = VECTOR('',#5947,1.);
#5947 = DIRECTION('',(0.477374366295,-0.878700013887,0.));
#5948 = ORIENTED_EDGE('',*,*,#5887,.T.);
#5949 = ORIENTED_EDGE('',*,*,#914,.F.);
#5950 = PLANE('',#5951);
#5951 = AXIS2_PLACEMENT_3D('',#5952,#5953,#5954);
#5952 = CARTESIAN_POINT('',(-23.15522956848,-22.76344871521,12.5));
#5953 = DIRECTION('',(-0.878700013887,-0.477374366295,-0.));
#5954 = DIRECTION('',(0.477374366295,-0.878700013887,0.));
#5955 = ADVANCED_FACE('',(#5956),#5974,.F.);
#5956 = FACE_BOUND('',#5957,.F.);
#5957 = EDGE_LOOP('',(#5958,#5959,#5960,#5968));
#5958 = ORIENTED_EDGE('',*,*,#1218,.F.);
#5959 = ORIENTED_EDGE('',*,*,#5911,.T.);
#5960 = ORIENTED_EDGE('',*,*,#5961,.T.);
#5961 = EDGE_CURVE('',#5912,#5962,#5964,.T.);
#5962 = VERTEX_POINT('',#5963);
#5963 = CARTESIAN_POINT('',(-21.33188438415,-10.45559692382,0.));
#5964 = LINE('',#5965,#5966);
#5965 = CARTESIAN_POINT('',(-21.23667907714,-10.4845790863,0.));
#5966 = VECTOR('',#5967,1.);
#5967 = DIRECTION('',(-0.956655309651,0.291222627069,0.));
#5968 = ORIENTED_EDGE('',*,*,#5969,.F.);
#5969 = EDGE_CURVE('',#1211,#5962,#5970,.T.);
#5970 = LINE('',#5971,#5972);
#5971 = CARTESIAN_POINT('',(-21.33188438415,-10.45559692382,25.));
#5972 = VECTOR('',#5973,1.);
#5973 = DIRECTION('',(0.,0.,-1.));
#5974 = PLANE('',#5975);
#5975 = AXIS2_PLACEMENT_3D('',#5976,#5977,#5978);
#5976 = CARTESIAN_POINT('',(-21.28428173065,-10.47008800506,12.5));
#5977 = DIRECTION('',(0.291222627069,0.956655309651,0.));
#5978 = DIRECTION('',(0.956655309651,-0.291222627069,0.));
#5979 = ADVANCED_FACE('',(#5980),#5998,.F.);
#5980 = FACE_BOUND('',#5981,.F.);
#5981 = EDGE_LOOP('',(#5982,#5990,#5996,#5997));
#5982 = ORIENTED_EDGE('',*,*,#5983,.T.);
#5983 = EDGE_CURVE('',#923,#5984,#5986,.T.);
#5984 = VERTEX_POINT('',#5985);
#5985 = CARTESIAN_POINT('',(-23.22096443176,-22.62949371337,0.));
#5986 = LINE('',#5987,#5988);
#5987 = CARTESIAN_POINT('',(-23.22096443176,-22.62949371337,25.));
#5988 = VECTOR('',#5989,1.);
#5989 = DIRECTION('',(0.,0.,-1.));
#5990 = ORIENTED_EDGE('',*,*,#5991,.T.);
#5991 = EDGE_CURVE('',#5984,#5936,#5992,.T.);
#5992 = LINE('',#5993,#5994);
#5993 = CARTESIAN_POINT('',(-23.22096443176,-22.62949371337,0.));
#5994 = VECTOR('',#5995,1.);
#5995 = DIRECTION('',(0.421837014607,-0.906671678783,0.));
#5996 = ORIENTED_EDGE('',*,*,#5935,.F.);
#5997 = ORIENTED_EDGE('',*,*,#922,.F.);
#5998 = PLANE('',#5999);
#5999 = AXIS2_PLACEMENT_3D('',#6000,#6001,#6002);
#6000 = CARTESIAN_POINT('',(-23.19997406005,-22.67460918426,12.5));
#6001 = DIRECTION('',(-0.906671678783,-0.421837014607,-0.));
#6002 = DIRECTION('',(0.421837014607,-0.906671678783,0.));
#6003 = ADVANCED_FACE('',(#6004),#6022,.F.);
#6004 = FACE_BOUND('',#6005,.F.);
#6005 = EDGE_LOOP('',(#6006,#6014,#6015,#6016));
#6006 = ORIENTED_EDGE('',*,*,#6007,.T.);
#6007 = EDGE_CURVE('',#6008,#1203,#6010,.T.);
#6008 = VERTEX_POINT('',#6009);
#6009 = CARTESIAN_POINT('',(-21.42870903015,-10.43259048461,0.));
#6010 = LINE('',#6011,#6012);
#6011 = CARTESIAN_POINT('',(-21.42870903015,-10.43259048461,0.));
#6012 = VECTOR('',#6013,1.);
#6013 = DIRECTION('',(0.,0.,1.));
#6014 = ORIENTED_EDGE('',*,*,#1210,.F.);
#6015 = ORIENTED_EDGE('',*,*,#5969,.T.);
#6016 = ORIENTED_EDGE('',*,*,#6017,.T.);
#6017 = EDGE_CURVE('',#5962,#6008,#6018,.T.);
#6018 = LINE('',#6019,#6020);
#6019 = CARTESIAN_POINT('',(-21.33188438415,-10.45559692382,0.));
#6020 = VECTOR('',#6021,1.);
#6021 = DIRECTION('',(-0.972912631982,0.231173118095,0.));
#6022 = PLANE('',#6023);
#6023 = AXIS2_PLACEMENT_3D('',#6024,#6025,#6026);
#6024 = CARTESIAN_POINT('',(-21.38029670715,-10.44409370422,12.5));
#6025 = DIRECTION('',(0.231173118095,0.972912631982,0.));
#6026 = DIRECTION('',(0.972912631982,-0.231173118095,0.));
#6027 = ADVANCED_FACE('',(#6028),#6046,.F.);
#6028 = FACE_BOUND('',#6029,.F.);
#6029 = EDGE_LOOP('',(#6030,#6038,#6044,#6045));
#6030 = ORIENTED_EDGE('',*,*,#6031,.F.);
#6031 = EDGE_CURVE('',#6032,#931,#6034,.T.);
#6032 = VERTEX_POINT('',#6033);
#6033 = CARTESIAN_POINT('',(-23.25725555419,-22.5368270874,0.));
#6034 = LINE('',#6035,#6036);
#6035 = CARTESIAN_POINT('',(-23.25725555419,-22.5368270874,0.));
#6036 = VECTOR('',#6037,1.);
#6037 = DIRECTION('',(0.,0.,1.));
#6038 = ORIENTED_EDGE('',*,*,#6039,.T.);
#6039 = EDGE_CURVE('',#6032,#5984,#6040,.T.);
#6040 = LINE('',#6041,#6042);
#6041 = CARTESIAN_POINT('',(-23.25725555419,-22.5368270874,0.));
#6042 = VECTOR('',#6043,1.);
#6043 = DIRECTION('',(0.364663096046,-0.931139531103,0.));
#6044 = ORIENTED_EDGE('',*,*,#5983,.F.);
#6045 = ORIENTED_EDGE('',*,*,#930,.F.);
#6046 = PLANE('',#6047);
#6047 = AXIS2_PLACEMENT_3D('',#6048,#6049,#6050);
#6048 = CARTESIAN_POINT('',(-23.23910999298,-22.58316040039,12.5));
#6049 = DIRECTION('',(-0.931139531103,-0.364663096046,-0.));
#6050 = DIRECTION('',(0.364663096046,-0.931139531103,0.));
#6051 = ADVANCED_FACE('',(#6052),#6070,.F.);
#6052 = FACE_BOUND('',#6053,.F.);
#6053 = EDGE_LOOP('',(#6054,#6055,#6063,#6069));
#6054 = ORIENTED_EDGE('',*,*,#6007,.F.);
#6055 = ORIENTED_EDGE('',*,*,#6056,.T.);
#6056 = EDGE_CURVE('',#6008,#6057,#6059,.T.);
#6057 = VERTEX_POINT('',#6058);
#6058 = CARTESIAN_POINT('',(-21.5267753601,-10.41564846038,0.));
#6059 = LINE('',#6060,#6061);
#6060 = CARTESIAN_POINT('',(-21.42870903015,-10.43259048461,0.));
#6061 = VECTOR('',#6062,1.);
#6062 = DIRECTION('',(-0.985402795149,0.170239041679,0.));
#6063 = ORIENTED_EDGE('',*,*,#6064,.F.);
#6064 = EDGE_CURVE('',#1195,#6057,#6065,.T.);
#6065 = LINE('',#6066,#6067);
#6066 = CARTESIAN_POINT('',(-21.5267753601,-10.41564846038,25.));
#6067 = VECTOR('',#6068,1.);
#6068 = DIRECTION('',(0.,0.,-1.));
#6069 = ORIENTED_EDGE('',*,*,#1202,.F.);
#6070 = PLANE('',#6071);
#6071 = AXIS2_PLACEMENT_3D('',#6072,#6073,#6074);
#6072 = CARTESIAN_POINT('',(-21.47774219512,-10.4241194725,12.5));
#6073 = DIRECTION('',(0.170239041679,0.985402795149,0.));
#6074 = DIRECTION('',(0.985402795149,-0.170239041679,0.));
#6075 = ADVANCED_FACE('',(#6076),#6094,.F.);
#6076 = FACE_BOUND('',#6077,.F.);
#6077 = EDGE_LOOP('',(#6078,#6079,#6080,#6088));
#6078 = ORIENTED_EDGE('',*,*,#6031,.T.);
#6079 = ORIENTED_EDGE('',*,*,#938,.F.);
#6080 = ORIENTED_EDGE('',*,*,#6081,.F.);
#6081 = EDGE_CURVE('',#6082,#939,#6084,.T.);
#6082 = VERTEX_POINT('',#6083);
#6083 = CARTESIAN_POINT('',(-23.28771400451,-22.44208335876,0.));
#6084 = LINE('',#6085,#6086);
#6085 = CARTESIAN_POINT('',(-23.28771400451,-22.44208335876,0.));
#6086 = VECTOR('',#6087,1.);
#6087 = DIRECTION('',(0.,0.,1.));
#6088 = ORIENTED_EDGE('',*,*,#6089,.F.);
#6089 = EDGE_CURVE('',#6032,#6082,#6090,.T.);
#6090 = LINE('',#6091,#6092);
#6091 = CARTESIAN_POINT('',(-23.25725555419,-22.5368270874,0.));
#6092 = VECTOR('',#6093,1.);
#6093 = DIRECTION('',(-0.306055709287,0.952013604321,0.));
#6094 = PLANE('',#6095);
#6095 = AXIS2_PLACEMENT_3D('',#6096,#6097,#6098);
#6096 = CARTESIAN_POINT('',(-23.27248477935,-22.48945522308,12.5));
#6097 = DIRECTION('',(-0.952013604321,-0.306055709287,-0.));
#6098 = DIRECTION('',(0.306055709287,-0.952013604321,0.));
#6099 = ADVANCED_FACE('',(#6100),#6118,.F.);
#6100 = FACE_BOUND('',#6101,.F.);
#6101 = EDGE_LOOP('',(#6102,#6103,#6104,#6112));
#6102 = ORIENTED_EDGE('',*,*,#1194,.F.);
#6103 = ORIENTED_EDGE('',*,*,#6064,.T.);
#6104 = ORIENTED_EDGE('',*,*,#6105,.T.);
#6105 = EDGE_CURVE('',#6057,#6106,#6108,.T.);
#6106 = VERTEX_POINT('',#6107);
#6107 = CARTESIAN_POINT('',(-21.62570571899,-10.40483474731,0.));
#6108 = LINE('',#6109,#6110);
#6109 = CARTESIAN_POINT('',(-21.5267753601,-10.41564846038,0.));
#6110 = VECTOR('',#6111,1.);
#6111 = DIRECTION('',(-0.994079069013,0.108659120879,0.));
#6112 = ORIENTED_EDGE('',*,*,#6113,.T.);
#6113 = EDGE_CURVE('',#6106,#1187,#6114,.T.);
#6114 = LINE('',#6115,#6116);
#6115 = CARTESIAN_POINT('',(-21.62570571899,-10.40483474731,0.));
#6116 = VECTOR('',#6117,1.);
#6117 = DIRECTION('',(0.,0.,1.));
#6118 = PLANE('',#6119);
#6119 = AXIS2_PLACEMENT_3D('',#6120,#6121,#6122);
#6120 = CARTESIAN_POINT('',(-21.57624053955,-10.41024160385,12.5));
#6121 = DIRECTION('',(0.108659120879,0.994079069013,0.));
#6122 = DIRECTION('',(0.994079069013,-0.108659120879,0.));
#6123 = ADVANCED_FACE('',(#6124),#6142,.F.);
#6124 = FACE_BOUND('',#6125,.F.);
#6125 = EDGE_LOOP('',(#6126,#6127,#6128,#6136));
#6126 = ORIENTED_EDGE('',*,*,#6081,.T.);
#6127 = ORIENTED_EDGE('',*,*,#946,.F.);
#6128 = ORIENTED_EDGE('',*,*,#6129,.F.);
#6129 = EDGE_CURVE('',#6130,#947,#6132,.T.);
#6130 = VERTEX_POINT('',#6131);
#6131 = CARTESIAN_POINT('',(-23.31222343444,-22.3456287384,0.));
#6132 = LINE('',#6133,#6134);
#6133 = CARTESIAN_POINT('',(-23.31222343444,-22.3456287384,0.));
#6134 = VECTOR('',#6135,1.);
#6135 = DIRECTION('',(0.,0.,1.));
#6136 = ORIENTED_EDGE('',*,*,#6137,.T.);
#6137 = EDGE_CURVE('',#6130,#6082,#6138,.T.);
#6138 = LINE('',#6139,#6140);
#6139 = CARTESIAN_POINT('',(-23.31222343444,-22.3456287384,0.));
#6140 = VECTOR('',#6141,1.);
#6141 = DIRECTION('',(0.246276730214,-0.969199552288,0.));
#6142 = PLANE('',#6143);
#6143 = AXIS2_PLACEMENT_3D('',#6144,#6145,#6146);
#6144 = CARTESIAN_POINT('',(-23.29996871948,-22.39385604858,12.5));
#6145 = DIRECTION('',(-0.969199552288,-0.246276730214,-0.));
#6146 = DIRECTION('',(0.246276730214,-0.969199552288,0.));
#6147 = ADVANCED_FACE('',(#6148),#6166,.F.);
#6148 = FACE_BOUND('',#6149,.F.);
#6149 = EDGE_LOOP('',(#6150,#6158,#6164,#6165));
#6150 = ORIENTED_EDGE('',*,*,#6151,.F.);
#6151 = EDGE_CURVE('',#6152,#6106,#6154,.T.);
#6152 = VERTEX_POINT('',#6153);
#6153 = CARTESIAN_POINT('',(-21.72511672973,-10.40019321441,0.));
#6154 = LINE('',#6155,#6156);
#6155 = CARTESIAN_POINT('',(-21.72511672973,-10.40019321441,0.));
#6156 = VECTOR('',#6157,1.);
#6157 = DIRECTION('',(0.998911785439,-4.663952091071E-02,0.));
#6158 = ORIENTED_EDGE('',*,*,#6159,.T.);
#6159 = EDGE_CURVE('',#6152,#1179,#6160,.T.);
#6160 = LINE('',#6161,#6162);
#6161 = CARTESIAN_POINT('',(-21.72511672973,-10.40019321441,0.));
#6162 = VECTOR('',#6163,1.);
#6163 = DIRECTION('',(0.,0.,1.));
#6164 = ORIENTED_EDGE('',*,*,#1186,.F.);
#6165 = ORIENTED_EDGE('',*,*,#6113,.F.);
#6166 = PLANE('',#6167);
#6167 = AXIS2_PLACEMENT_3D('',#6168,#6169,#6170);
#6168 = CARTESIAN_POINT('',(-21.67541122436,-10.40251398086,12.5));
#6169 = DIRECTION('',(4.663952091071E-02,0.998911785439,0.));
#6170 = DIRECTION('',(0.998911785439,-4.663952091071E-02,0.));
#6171 = ADVANCED_FACE('',(#6172),#6190,.F.);
#6172 = FACE_BOUND('',#6173,.F.);
#6173 = EDGE_LOOP('',(#6174,#6182,#6188,#6189));
#6174 = ORIENTED_EDGE('',*,*,#6175,.T.);
#6175 = EDGE_CURVE('',#955,#6176,#6178,.T.);
#6176 = VERTEX_POINT('',#6177);
#6177 = CARTESIAN_POINT('',(-23.33068847656,-22.24783706665,0.));
#6178 = LINE('',#6179,#6180);
#6179 = CARTESIAN_POINT('',(-23.33068847656,-22.24783706665,25.));
#6180 = VECTOR('',#6181,1.);
#6181 = DIRECTION('',(0.,0.,-1.));
#6182 = ORIENTED_EDGE('',*,*,#6183,.T.);
#6183 = EDGE_CURVE('',#6176,#6130,#6184,.T.);
#6184 = LINE('',#6185,#6186);
#6185 = CARTESIAN_POINT('',(-23.33068847656,-22.24783706665,0.));
#6186 = VECTOR('',#6187,1.);
#6187 = DIRECTION('',(0.185541594607,-0.982636411228,0.));
#6188 = ORIENTED_EDGE('',*,*,#6129,.T.);
#6189 = ORIENTED_EDGE('',*,*,#954,.F.);
#6190 = PLANE('',#6191);
#6191 = AXIS2_PLACEMENT_3D('',#6192,#6193,#6194);
#6192 = CARTESIAN_POINT('',(-23.3214559555,-22.29673290252,12.5));
#6193 = DIRECTION('',(-0.982636411228,-0.185541594607,-0.));
#6194 = DIRECTION('',(0.185541594607,-0.982636411228,0.));
#6195 = ADVANCED_FACE('',(#6196),#6214,.F.);
#6196 = FACE_BOUND('',#6197,.F.);
#6197 = EDGE_LOOP('',(#6198,#6206,#6212,#6213));
#6198 = ORIENTED_EDGE('',*,*,#6199,.F.);
#6199 = EDGE_CURVE('',#6200,#6152,#6202,.T.);
#6200 = VERTEX_POINT('',#6201);
#6201 = CARTESIAN_POINT('',(-21.82462501525,-10.40174102783,0.));
#6202 = LINE('',#6203,#6204);
#6203 = CARTESIAN_POINT('',(-21.82462501525,-10.40174102783,0.));
#6204 = VECTOR('',#6205,1.);
#6205 = DIRECTION('',(0.999879048869,1.555273711751E-02,0.));
#6206 = ORIENTED_EDGE('',*,*,#6207,.F.);
#6207 = EDGE_CURVE('',#1171,#6200,#6208,.T.);
#6208 = LINE('',#6209,#6210);
#6209 = CARTESIAN_POINT('',(-21.82462501525,-10.40174102783,25.));
#6210 = VECTOR('',#6211,1.);
#6211 = DIRECTION('',(0.,0.,-1.));
#6212 = ORIENTED_EDGE('',*,*,#1178,.F.);
#6213 = ORIENTED_EDGE('',*,*,#6159,.F.);
#6214 = PLANE('',#6215);
#6215 = AXIS2_PLACEMENT_3D('',#6216,#6217,#6218);
#6216 = CARTESIAN_POINT('',(-21.77487087249,-10.40096712112,12.5));
#6217 = DIRECTION('',(-1.555273711751E-02,0.999879048869,0.));
#6218 = DIRECTION('',(0.999879048869,1.555273711751E-02,0.));
#6219 = ADVANCED_FACE('',(#6220),#6238,.F.);
#6220 = FACE_BOUND('',#6221,.F.);
#6221 = EDGE_LOOP('',(#6222,#6223,#6231,#6237));
#6222 = ORIENTED_EDGE('',*,*,#962,.F.);
#6223 = ORIENTED_EDGE('',*,*,#6224,.T.);
#6224 = EDGE_CURVE('',#963,#6225,#6227,.T.);
#6225 = VERTEX_POINT('',#6226);
#6226 = CARTESIAN_POINT('',(-23.34303855896,-22.14908599853,0.));
#6227 = LINE('',#6228,#6229);
#6228 = CARTESIAN_POINT('',(-23.34303855896,-22.14908599853,25.));
#6229 = VECTOR('',#6230,1.);
#6230 = DIRECTION('',(0.,0.,-1.));
#6231 = ORIENTED_EDGE('',*,*,#6232,.T.);
#6232 = EDGE_CURVE('',#6225,#6176,#6233,.T.);
#6233 = LINE('',#6234,#6235);
#6234 = CARTESIAN_POINT('',(-23.34303855896,-22.14908599853,0.));
#6235 = VECTOR('',#6236,1.);
#6236 = DIRECTION('',(0.124096063681,-0.992270208652,0.));
#6237 = ORIENTED_EDGE('',*,*,#6175,.F.);
#6238 = PLANE('',#6239);
#6239 = AXIS2_PLACEMENT_3D('',#6240,#6241,#6242);
#6240 = CARTESIAN_POINT('',(-23.33686351776,-22.19846153259,12.5));
#6241 = DIRECTION('',(-0.992270208652,-0.124096063681,-0.));
#6242 = DIRECTION('',(0.124096063681,-0.992270208652,0.));
#6243 = ADVANCED_FACE('',(#6244),#6262,.F.);
#6244 = FACE_BOUND('',#6245,.F.);
#6245 = EDGE_LOOP('',(#6246,#6254,#6255,#6256));
#6246 = ORIENTED_EDGE('',*,*,#6247,.T.);
#6247 = EDGE_CURVE('',#6248,#1163,#6250,.T.);
#6248 = VERTEX_POINT('',#6249);
#6249 = CARTESIAN_POINT('',(-21.92384338378,-10.40947246551,0.));
#6250 = LINE('',#6251,#6252);
#6251 = CARTESIAN_POINT('',(-21.92384338378,-10.40947246551,0.));
#6252 = VECTOR('',#6253,1.);
#6253 = DIRECTION('',(0.,0.,1.));
#6254 = ORIENTED_EDGE('',*,*,#1170,.F.);
#6255 = ORIENTED_EDGE('',*,*,#6207,.T.);
#6256 = ORIENTED_EDGE('',*,*,#6257,.T.);
#6257 = EDGE_CURVE('',#6200,#6248,#6258,.T.);
#6258 = LINE('',#6259,#6260);
#6259 = CARTESIAN_POINT('',(-21.82462501525,-10.40174102783,0.));
#6260 = VECTOR('',#6261,1.);
#6261 = DIRECTION('',(-0.996977724533,-7.768794491234E-02,0.));
#6262 = PLANE('',#6263);
#6263 = AXIS2_PLACEMENT_3D('',#6264,#6265,#6266);
#6264 = CARTESIAN_POINT('',(-21.87423419952,-10.40560674667,12.5));
#6265 = DIRECTION('',(-7.768794491234E-02,0.996977724533,0.));
#6266 = DIRECTION('',(0.996977724533,7.768794491234E-02,0.));
#6267 = ADVANCED_FACE('',(#6268),#6286,.F.);
#6268 = FACE_BOUND('',#6269,.F.);
#6269 = EDGE_LOOP('',(#6270,#6278,#6284,#6285));
#6270 = ORIENTED_EDGE('',*,*,#6271,.F.);
#6271 = EDGE_CURVE('',#6272,#971,#6274,.T.);
#6272 = VERTEX_POINT('',#6273);
#6273 = CARTESIAN_POINT('',(-23.34922599792,-22.04975891113,0.));
#6274 = LINE('',#6275,#6276);
#6275 = CARTESIAN_POINT('',(-23.34922599792,-22.04975891113,0.));
#6276 = VECTOR('',#6277,1.);
#6277 = DIRECTION('',(0.,0.,1.));
#6278 = ORIENTED_EDGE('',*,*,#6279,.T.);
#6279 = EDGE_CURVE('',#6272,#6225,#6280,.T.);
#6280 = LINE('',#6281,#6282);
#6281 = CARTESIAN_POINT('',(-23.34922599792,-22.04975891113,0.));
#6282 = VECTOR('',#6283,1.);
#6283 = DIRECTION('',(6.217305680414E-02,-0.998065384135,0.));
#6284 = ORIENTED_EDGE('',*,*,#6224,.F.);
#6285 = ORIENTED_EDGE('',*,*,#970,.F.);
#6286 = PLANE('',#6287);
#6287 = AXIS2_PLACEMENT_3D('',#6288,#6289,#6290);
#6288 = CARTESIAN_POINT('',(-23.34613227844,-22.09942245483,12.5));
#6289 = DIRECTION('',(-0.998065384135,-6.217305680414E-02,-0.));
#6290 = DIRECTION('',(6.217305680414E-02,-0.998065384135,0.));
#6291 = ADVANCED_FACE('',(#6292),#6310,.F.);
#6292 = FACE_BOUND('',#6293,.F.);
#6293 = EDGE_LOOP('',(#6294,#6295,#6296,#6304));
#6294 = ORIENTED_EDGE('',*,*,#1162,.F.);
#6295 = ORIENTED_EDGE('',*,*,#6247,.F.);
#6296 = ORIENTED_EDGE('',*,*,#6297,.T.);
#6297 = EDGE_CURVE('',#6248,#6298,#6300,.T.);
#6298 = VERTEX_POINT('',#6299);
#6299 = CARTESIAN_POINT('',(-22.0223903656,-10.42335700988,0.));
#6300 = LINE('',#6301,#6302);
#6301 = CARTESIAN_POINT('',(-21.92384338378,-10.40947246551,0.));
#6302 = VECTOR('',#6303,1.);
#6303 = DIRECTION('',(-0.990219998744,-0.139514709212,0.));
#6304 = ORIENTED_EDGE('',*,*,#6305,.F.);
#6305 = EDGE_CURVE('',#1155,#6298,#6306,.T.);
#6306 = LINE('',#6307,#6308);
#6307 = CARTESIAN_POINT('',(-22.0223903656,-10.42335700988,25.));
#6308 = VECTOR('',#6309,1.);
#6309 = DIRECTION('',(0.,0.,-1.));
#6310 = PLANE('',#6311);
#6311 = AXIS2_PLACEMENT_3D('',#6312,#6313,#6314);
#6312 = CARTESIAN_POINT('',(-21.97311687469,-10.4164147377,12.5));
#6313 = DIRECTION('',(-0.139514709212,0.990219998744,0.));
#6314 = DIRECTION('',(0.990219998744,0.139514709212,0.));
#6315 = ADVANCED_FACE('',(#6316),#6334,.F.);
#6316 = FACE_BOUND('',#6317,.F.);
#6317 = EDGE_LOOP('',(#6318,#6319,#6327,#6333));
#6318 = ORIENTED_EDGE('',*,*,#978,.F.);
#6319 = ORIENTED_EDGE('',*,*,#6320,.T.);
#6320 = EDGE_CURVE('',#979,#6321,#6323,.T.);
#6321 = VERTEX_POINT('',#6322);
#6322 = CARTESIAN_POINT('',(-23.34922599792,-11.95024013519,0.));
#6323 = LINE('',#6324,#6325);
#6324 = CARTESIAN_POINT('',(-23.34922599792,-11.95024013519,25.));
#6325 = VECTOR('',#6326,1.);
#6326 = DIRECTION('',(0.,0.,-1.));
#6327 = ORIENTED_EDGE('',*,*,#6328,.T.);
#6328 = EDGE_CURVE('',#6321,#6272,#6329,.T.);
#6329 = LINE('',#6330,#6331);
#6330 = CARTESIAN_POINT('',(-23.34922599792,-11.95024013519,0.));
#6331 = VECTOR('',#6332,1.);
#6332 = DIRECTION('',(0.,-1.,0.));
#6333 = ORIENTED_EDGE('',*,*,#6271,.T.);
#6334 = PLANE('',#6335);
#6335 = AXIS2_PLACEMENT_3D('',#6336,#6337,#6338);
#6336 = CARTESIAN_POINT('',(-23.34922599792,-16.99999952316,12.5));
#6337 = DIRECTION('',(-1.,-0.,-0.));
#6338 = DIRECTION('',(0.,0.,-1.));
#6339 = ADVANCED_FACE('',(#6340),#6358,.F.);
#6340 = FACE_BOUND('',#6341,.F.);
#6341 = EDGE_LOOP('',(#6342,#6343,#6344,#6352));
#6342 = ORIENTED_EDGE('',*,*,#1154,.F.);
#6343 = ORIENTED_EDGE('',*,*,#6305,.T.);
#6344 = ORIENTED_EDGE('',*,*,#6345,.T.);
#6345 = EDGE_CURVE('',#6298,#6346,#6348,.T.);
#6346 = VERTEX_POINT('',#6347);
#6347 = CARTESIAN_POINT('',(-22.11988258361,-10.44334125518,0.));
#6348 = LINE('',#6349,#6350);
#6349 = CARTESIAN_POINT('',(-22.0223903656,-10.42335700988,0.));
#6350 = VECTOR('',#6351,1.);
#6351 = DIRECTION('',(-0.979630695885,-0.200807618581,0.));
#6352 = ORIENTED_EDGE('',*,*,#6353,.F.);
#6353 = EDGE_CURVE('',#1147,#6346,#6354,.T.);
#6354 = LINE('',#6355,#6356);
#6355 = CARTESIAN_POINT('',(-22.11988258361,-10.44334125518,25.));
#6356 = VECTOR('',#6357,1.);
#6357 = DIRECTION('',(0.,0.,-1.));
#6358 = PLANE('',#6359);
#6359 = AXIS2_PLACEMENT_3D('',#6360,#6361,#6362);
#6360 = CARTESIAN_POINT('',(-22.0711364746,-10.43334913253,12.5));
#6361 = DIRECTION('',(-0.200807618581,0.979630695885,0.));
#6362 = DIRECTION('',(0.979630695885,0.200807618581,0.));
#6363 = ADVANCED_FACE('',(#6364),#6382,.F.);
#6364 = FACE_BOUND('',#6365,.F.);
#6365 = EDGE_LOOP('',(#6366,#6367,#6375,#6381));
#6366 = ORIENTED_EDGE('',*,*,#986,.F.);
#6367 = ORIENTED_EDGE('',*,*,#6368,.T.);
#6368 = EDGE_CURVE('',#987,#6369,#6371,.T.);
#6369 = VERTEX_POINT('',#6370);
#6370 = CARTESIAN_POINT('',(-23.34303855896,-11.85091304779,0.));
#6371 = LINE('',#6372,#6373);
#6372 = CARTESIAN_POINT('',(-23.34303855896,-11.85091304779,25.));
#6373 = VECTOR('',#6374,1.);
#6374 = DIRECTION('',(0.,0.,-1.));
#6375 = ORIENTED_EDGE('',*,*,#6376,.T.);
#6376 = EDGE_CURVE('',#6369,#6321,#6377,.T.);
#6377 = LINE('',#6378,#6379);
#6378 = CARTESIAN_POINT('',(-23.34303855896,-11.85091304779,0.));
#6379 = VECTOR('',#6380,1.);
#6380 = DIRECTION('',(-6.217305680414E-02,-0.998065384135,0.));
#6381 = ORIENTED_EDGE('',*,*,#6320,.F.);
#6382 = PLANE('',#6383);
#6383 = AXIS2_PLACEMENT_3D('',#6384,#6385,#6386);
#6384 = CARTESIAN_POINT('',(-23.34613227844,-11.90057659149,12.5));
#6385 = DIRECTION('',(-0.998065384135,6.217305680414E-02,0.));
#6386 = DIRECTION('',(-6.217305680414E-02,-0.998065384135,0.));
#6387 = ADVANCED_FACE('',(#6388),#6406,.F.);
#6388 = FACE_BOUND('',#6389,.F.);
#6389 = EDGE_LOOP('',(#6390,#6391,#6399,#6405));
#6390 = ORIENTED_EDGE('',*,*,#6353,.T.);
#6391 = ORIENTED_EDGE('',*,*,#6392,.T.);
#6392 = EDGE_CURVE('',#6346,#6393,#6395,.T.);
#6393 = VERTEX_POINT('',#6394);
#6394 = CARTESIAN_POINT('',(-22.21594429016,-10.46934795379,0.));
#6395 = LINE('',#6396,#6397);
#6396 = CARTESIAN_POINT('',(-22.11988258361,-10.44334125518,0.));
#6397 = VECTOR('',#6398,1.);
#6398 = DIRECTION('',(-0.96525175605,-0.261321731668,0.));
#6399 = ORIENTED_EDGE('',*,*,#6400,.T.);
#6400 = EDGE_CURVE('',#6393,#1139,#6401,.T.);
#6401 = LINE('',#6402,#6403);
#6402 = CARTESIAN_POINT('',(-22.21594429016,-10.46934795379,0.));
#6403 = VECTOR('',#6404,1.);
#6404 = DIRECTION('',(0.,0.,1.));
#6405 = ORIENTED_EDGE('',*,*,#1146,.F.);
#6406 = PLANE('',#6407);
#6407 = AXIS2_PLACEMENT_3D('',#6408,#6409,#6410);
#6408 = CARTESIAN_POINT('',(-22.16791343689,-10.45634460449,12.5));
#6409 = DIRECTION('',(-0.261321731668,0.96525175605,0.));
#6410 = DIRECTION('',(0.96525175605,0.261321731668,0.));
#6411 = ADVANCED_FACE('',(#6412),#6430,.F.);
#6412 = FACE_BOUND('',#6413,.F.);
#6413 = EDGE_LOOP('',(#6414,#6415,#6416,#6424));
#6414 = ORIENTED_EDGE('',*,*,#6368,.F.);
#6415 = ORIENTED_EDGE('',*,*,#994,.F.);
#6416 = ORIENTED_EDGE('',*,*,#6417,.T.);
#6417 = EDGE_CURVE('',#995,#6418,#6420,.T.);
#6418 = VERTEX_POINT('',#6419);
#6419 = CARTESIAN_POINT('',(-23.33068847656,-11.75216293335,0.));
#6420 = LINE('',#6421,#6422);
#6421 = CARTESIAN_POINT('',(-23.33068847656,-11.75216293335,25.));
#6422 = VECTOR('',#6423,1.);
#6423 = DIRECTION('',(0.,0.,-1.));
#6424 = ORIENTED_EDGE('',*,*,#6425,.F.);
#6425 = EDGE_CURVE('',#6369,#6418,#6426,.T.);
#6426 = LINE('',#6427,#6428);
#6427 = CARTESIAN_POINT('',(-23.34303855896,-11.85091304779,0.));
#6428 = VECTOR('',#6429,1.);
#6429 = DIRECTION('',(0.124097243676,0.992270061078,0.));
#6430 = PLANE('',#6431);
#6431 = AXIS2_PLACEMENT_3D('',#6432,#6433,#6434);
#6432 = CARTESIAN_POINT('',(-23.33686351776,-11.80153799057,12.5));
#6433 = DIRECTION('',(-0.992270061078,0.124097243676,0.));
#6434 = DIRECTION('',(-0.124097243676,-0.992270061078,0.));
#6435 = ADVANCED_FACE('',(#6436),#6454,.F.);
#6436 = FACE_BOUND('',#6437,.F.);
#6437 = EDGE_LOOP('',(#6438,#6446,#6452,#6453));
#6438 = ORIENTED_EDGE('',*,*,#6439,.F.);
#6439 = EDGE_CURVE('',#6440,#6393,#6442,.T.);
#6440 = VERTEX_POINT('',#6441);
#6441 = CARTESIAN_POINT('',(-22.31020164489,-10.50127601623,0.));
#6442 = LINE('',#6443,#6444);
#6443 = CARTESIAN_POINT('',(-22.31020164489,-10.50127601623,0.));
#6444 = VECTOR('',#6445,1.);
#6445 = DIRECTION('',(0.947137906513,0.320826722775,0.));
#6446 = ORIENTED_EDGE('',*,*,#6447,.T.);
#6447 = EDGE_CURVE('',#6440,#1131,#6448,.T.);
#6448 = LINE('',#6449,#6450);
#6449 = CARTESIAN_POINT('',(-22.31020164489,-10.50127601623,0.));
#6450 = VECTOR('',#6451,1.);
#6451 = DIRECTION('',(0.,0.,1.));
#6452 = ORIENTED_EDGE('',*,*,#1138,.F.);
#6453 = ORIENTED_EDGE('',*,*,#6400,.F.);
#6454 = PLANE('',#6455);
#6455 = AXIS2_PLACEMENT_3D('',#6456,#6457,#6458);
#6456 = CARTESIAN_POINT('',(-22.26307296752,-10.48531198501,12.5));
#6457 = DIRECTION('',(-0.320826722775,0.947137906513,0.));
#6458 = DIRECTION('',(0.947137906513,0.320826722775,0.));
#6459 = ADVANCED_FACE('',(#6460),#6478,.F.);
#6460 = FACE_BOUND('',#6461,.F.);
#6461 = EDGE_LOOP('',(#6462,#6470,#6476,#6477));
#6462 = ORIENTED_EDGE('',*,*,#6463,.F.);
#6463 = EDGE_CURVE('',#6464,#1003,#6466,.T.);
#6464 = VERTEX_POINT('',#6465);
#6465 = CARTESIAN_POINT('',(-23.31222343444,-11.65437126159,0.));
#6466 = LINE('',#6467,#6468);
#6467 = CARTESIAN_POINT('',(-23.31222343444,-11.65437126159,0.));
#6468 = VECTOR('',#6469,1.);
#6469 = DIRECTION('',(0.,0.,1.));
#6470 = ORIENTED_EDGE('',*,*,#6471,.F.);
#6471 = EDGE_CURVE('',#6418,#6464,#6472,.T.);
#6472 = LINE('',#6473,#6474);
#6473 = CARTESIAN_POINT('',(-23.33068847656,-11.75216293335,0.));
#6474 = VECTOR('',#6475,1.);
#6475 = DIRECTION('',(0.185541594607,0.982636411228,0.));
#6476 = ORIENTED_EDGE('',*,*,#6417,.F.);
#6477 = ORIENTED_EDGE('',*,*,#1002,.F.);
#6478 = PLANE('',#6479);
#6479 = AXIS2_PLACEMENT_3D('',#6480,#6481,#6482);
#6480 = CARTESIAN_POINT('',(-23.3214559555,-11.70326709747,12.5));
#6481 = DIRECTION('',(-0.982636411228,0.185541594607,0.));
#6482 = DIRECTION('',(-0.185541594607,-0.982636411228,0.));
#6483 = ADVANCED_FACE('',(#6484),#6502,.F.);
#6484 = FACE_BOUND('',#6485,.F.);
#6485 = EDGE_LOOP('',(#6486,#6487,#6495,#6501));
#6486 = ORIENTED_EDGE('',*,*,#6447,.F.);
#6487 = ORIENTED_EDGE('',*,*,#6488,.F.);
#6488 = EDGE_CURVE('',#6489,#6440,#6491,.T.);
#6489 = VERTEX_POINT('',#6490);
#6490 = CARTESIAN_POINT('',(-22.40229415893,-10.53900241851,0.));
#6491 = LINE('',#6492,#6493);
#6492 = CARTESIAN_POINT('',(-22.40229415893,-10.53900241851,0.));
#6493 = VECTOR('',#6494,1.);
#6494 = DIRECTION('',(0.92536306285,0.379082051688,0.));
#6495 = ORIENTED_EDGE('',*,*,#6496,.F.);
#6496 = EDGE_CURVE('',#1123,#6489,#6497,.T.);
#6497 = LINE('',#6498,#6499);
#6498 = CARTESIAN_POINT('',(-22.40229415893,-10.53900241851,25.));
#6499 = VECTOR('',#6500,1.);
#6500 = DIRECTION('',(0.,0.,-1.));
#6501 = ORIENTED_EDGE('',*,*,#1130,.F.);
#6502 = PLANE('',#6503);
#6503 = AXIS2_PLACEMENT_3D('',#6504,#6505,#6506);
#6504 = CARTESIAN_POINT('',(-22.35624790191,-10.52013921737,12.5));
#6505 = DIRECTION('',(-0.379082051688,0.92536306285,0.));
#6506 = DIRECTION('',(0.92536306285,0.379082051688,0.));
#6507 = ADVANCED_FACE('',(#6508),#6526,.F.);
#6508 = FACE_BOUND('',#6509,.F.);
#6509 = EDGE_LOOP('',(#6510,#6518,#6519,#6520));
#6510 = ORIENTED_EDGE('',*,*,#6511,.T.);
#6511 = EDGE_CURVE('',#6512,#6464,#6514,.T.);
#6512 = VERTEX_POINT('',#6513);
#6513 = CARTESIAN_POINT('',(-23.28771400451,-11.55791759491,0.));
#6514 = LINE('',#6515,#6516);
#6515 = CARTESIAN_POINT('',(-23.28771400451,-11.55791759491,0.));
#6516 = VECTOR('',#6517,1.);
#6517 = DIRECTION('',(-0.246279017554,-0.969198971065,0.));
#6518 = ORIENTED_EDGE('',*,*,#6463,.T.);
#6519 = ORIENTED_EDGE('',*,*,#1010,.F.);
#6520 = ORIENTED_EDGE('',*,*,#6521,.T.);
#6521 = EDGE_CURVE('',#1011,#6512,#6522,.T.);
#6522 = LINE('',#6523,#6524);
#6523 = CARTESIAN_POINT('',(-23.28771400451,-11.55791759491,25.));
#6524 = VECTOR('',#6525,1.);
#6525 = DIRECTION('',(0.,0.,-1.));
#6526 = PLANE('',#6527);
#6527 = AXIS2_PLACEMENT_3D('',#6528,#6529,#6530);
#6528 = CARTESIAN_POINT('',(-23.29996871948,-11.60614442825,12.5));
#6529 = DIRECTION('',(-0.969198971065,0.246279017554,0.));
#6530 = DIRECTION('',(-0.246279017554,-0.969198971065,0.));
#6531 = ADVANCED_FACE('',(#6532),#6550,.F.);
#6532 = FACE_BOUND('',#6533,.F.);
#6533 = EDGE_LOOP('',(#6534,#6542,#6543,#6544));
#6534 = ORIENTED_EDGE('',*,*,#6535,.F.);
#6535 = EDGE_CURVE('',#1115,#6536,#6538,.T.);
#6536 = VERTEX_POINT('',#6537);
#6537 = CARTESIAN_POINT('',(-22.49186134338,-10.58238220214,0.));
#6538 = LINE('',#6539,#6540);
#6539 = CARTESIAN_POINT('',(-22.49186134338,-10.58238220214,25.));
#6540 = VECTOR('',#6541,1.);
#6541 = DIRECTION('',(0.,0.,-1.));
#6542 = ORIENTED_EDGE('',*,*,#1122,.F.);
#6543 = ORIENTED_EDGE('',*,*,#6496,.T.);
#6544 = ORIENTED_EDGE('',*,*,#6545,.F.);
#6545 = EDGE_CURVE('',#6536,#6489,#6546,.T.);
#6546 = LINE('',#6547,#6548);
#6547 = CARTESIAN_POINT('',(-22.49186134338,-10.58238220214,0.));
#6548 = VECTOR('',#6549,1.);
#6549 = DIRECTION('',(0.899998358822,0.435893282946,0.));
#6550 = PLANE('',#6551);
#6551 = AXIS2_PLACEMENT_3D('',#6552,#6553,#6554);
#6552 = CARTESIAN_POINT('',(-22.44707775116,-10.56069231033,12.5));
#6553 = DIRECTION('',(-0.435893282946,0.899998358822,0.));
#6554 = DIRECTION('',(0.899998358822,0.435893282946,0.));
#6555 = ADVANCED_FACE('',(#6556),#6574,.F.);
#6556 = FACE_BOUND('',#6557,.F.);
#6557 = EDGE_LOOP('',(#6558,#6559,#6567,#6573));
#6558 = ORIENTED_EDGE('',*,*,#1018,.F.);
#6559 = ORIENTED_EDGE('',*,*,#6560,.T.);
#6560 = EDGE_CURVE('',#1019,#6561,#6563,.T.);
#6561 = VERTEX_POINT('',#6562);
#6562 = CARTESIAN_POINT('',(-23.25725555419,-11.46317291259,0.));
#6563 = LINE('',#6564,#6565);
#6564 = CARTESIAN_POINT('',(-23.25725555419,-11.46317291259,25.));
#6565 = VECTOR('',#6566,1.);
#6566 = DIRECTION('',(0.,0.,-1.));
#6567 = ORIENTED_EDGE('',*,*,#6568,.T.);
#6568 = EDGE_CURVE('',#6561,#6512,#6569,.T.);
#6569 = LINE('',#6570,#6571);
#6570 = CARTESIAN_POINT('',(-23.25725555419,-11.46317291259,0.));
#6571 = VECTOR('',#6572,1.);
#6572 = DIRECTION('',(-0.306052917176,-0.952014501932,0.));
#6573 = ORIENTED_EDGE('',*,*,#6521,.F.);
#6574 = PLANE('',#6575);
#6575 = AXIS2_PLACEMENT_3D('',#6576,#6577,#6578);
#6576 = CARTESIAN_POINT('',(-23.27248477935,-11.51054525375,12.5));
#6577 = DIRECTION('',(-0.952014501932,0.306052917176,0.));
#6578 = DIRECTION('',(-0.306052917176,-0.952014501932,0.));
#6579 = ADVANCED_FACE('',(#6580),#6598,.F.);
#6580 = FACE_BOUND('',#6581,.F.);
#6581 = EDGE_LOOP('',(#6582,#6583,#6584,#6592));
#6582 = ORIENTED_EDGE('',*,*,#1114,.F.);
#6583 = ORIENTED_EDGE('',*,*,#6535,.T.);
#6584 = ORIENTED_EDGE('',*,*,#6585,.F.);
#6585 = EDGE_CURVE('',#6586,#6536,#6588,.T.);
#6586 = VERTEX_POINT('',#6587);
#6587 = CARTESIAN_POINT('',(-22.57855987548,-10.63124561309,0.));
#6588 = LINE('',#6589,#6590);
#6589 = CARTESIAN_POINT('',(-22.57855987548,-10.63124561309,0.));
#6590 = VECTOR('',#6591,1.);
#6591 = DIRECTION('',(0.871165251111,0.490989923784,0.));
#6592 = ORIENTED_EDGE('',*,*,#6593,.F.);
#6593 = EDGE_CURVE('',#1107,#6586,#6594,.T.);
#6594 = LINE('',#6595,#6596);
#6595 = CARTESIAN_POINT('',(-22.57855987548,-10.63124561309,25.));
#6596 = VECTOR('',#6597,1.);
#6597 = DIRECTION('',(0.,0.,-1.));
#6598 = PLANE('',#6599);
#6599 = AXIS2_PLACEMENT_3D('',#6600,#6601,#6602);
#6600 = CARTESIAN_POINT('',(-22.53521060943,-10.60681390762,12.5));
#6601 = DIRECTION('',(-0.490989923784,0.871165251111,0.));
#6602 = DIRECTION('',(0.871165251111,0.490989923784,0.));
#6603 = ADVANCED_FACE('',(#6604),#6622,.F.);
#6604 = FACE_BOUND('',#6605,.F.);
#6605 = EDGE_LOOP('',(#6606,#6607,#6608,#6616));
#6606 = ORIENTED_EDGE('',*,*,#6560,.F.);
#6607 = ORIENTED_EDGE('',*,*,#1026,.F.);
#6608 = ORIENTED_EDGE('',*,*,#6609,.T.);
#6609 = EDGE_CURVE('',#1027,#6610,#6612,.T.);
#6610 = VERTEX_POINT('',#6611);
#6611 = CARTESIAN_POINT('',(-23.22096443176,-11.37050628662,0.));
#6612 = LINE('',#6613,#6614);
#6613 = CARTESIAN_POINT('',(-23.22096443176,-11.37050628662,25.));
#6614 = VECTOR('',#6615,1.);
#6615 = DIRECTION('',(0.,0.,-1.));
#6616 = ORIENTED_EDGE('',*,*,#6617,.F.);
#6617 = EDGE_CURVE('',#6561,#6610,#6618,.T.);
#6618 = LINE('',#6619,#6620);
#6619 = CARTESIAN_POINT('',(-23.25725555419,-11.46317291259,0.));
#6620 = VECTOR('',#6621,1.);
#6621 = DIRECTION('',(0.364663096046,0.931139531103,0.));
#6622 = PLANE('',#6623);
#6623 = AXIS2_PLACEMENT_3D('',#6624,#6625,#6626);
#6624 = CARTESIAN_POINT('',(-23.23910999298,-11.4168395996,12.5));
#6625 = DIRECTION('',(-0.931139531103,0.364663096046,0.));
#6626 = DIRECTION('',(-0.364663096046,-0.931139531103,0.));
#6627 = ADVANCED_FACE('',(#6628),#6646,.F.);
#6628 = FACE_BOUND('',#6629,.F.);
#6629 = EDGE_LOOP('',(#6630,#6631,#6632,#6640));
#6630 = ORIENTED_EDGE('',*,*,#1106,.F.);
#6631 = ORIENTED_EDGE('',*,*,#6593,.T.);
#6632 = ORIENTED_EDGE('',*,*,#6633,.F.);
#6633 = EDGE_CURVE('',#6634,#6586,#6636,.T.);
#6634 = VERTEX_POINT('',#6635);
#6635 = CARTESIAN_POINT('',(-22.66205215454,-10.68540382385,0.));
#6636 = LINE('',#6637,#6638);
#6637 = CARTESIAN_POINT('',(-22.66205215454,-10.68540382385,0.));
#6638 = VECTOR('',#6639,1.);
#6639 = DIRECTION('',(0.838956438927,0.544198579182,0.));
#6640 = ORIENTED_EDGE('',*,*,#6641,.F.);
#6641 = EDGE_CURVE('',#1099,#6634,#6642,.T.);
#6642 = LINE('',#6643,#6644);
#6643 = CARTESIAN_POINT('',(-22.66205215454,-10.68540382385,25.));
#6644 = VECTOR('',#6645,1.);
#6645 = DIRECTION('',(0.,0.,-1.));
#6646 = PLANE('',#6647);
#6647 = AXIS2_PLACEMENT_3D('',#6648,#6649,#6650);
#6648 = CARTESIAN_POINT('',(-22.62030601501,-10.65832471847,12.5));
#6649 = DIRECTION('',(-0.544198579182,0.838956438927,0.));
#6650 = DIRECTION('',(0.838956438927,0.544198579182,0.));
#6651 = ADVANCED_FACE('',(#6652),#6670,.F.);
#6652 = FACE_BOUND('',#6653,.F.);
#6653 = EDGE_LOOP('',(#6654,#6655,#6656,#6664));
#6654 = ORIENTED_EDGE('',*,*,#6609,.F.);
#6655 = ORIENTED_EDGE('',*,*,#1034,.F.);
#6656 = ORIENTED_EDGE('',*,*,#6657,.F.);
#6657 = EDGE_CURVE('',#6658,#1035,#6660,.T.);
#6658 = VERTEX_POINT('',#6659);
#6659 = CARTESIAN_POINT('',(-23.17898368835,-11.28027439117,0.));
#6660 = LINE('',#6661,#6662);
#6661 = CARTESIAN_POINT('',(-23.17898368835,-11.28027439117,0.));
#6662 = VECTOR('',#6663,1.);
#6663 = DIRECTION('',(0.,0.,1.));
#6664 = ORIENTED_EDGE('',*,*,#6665,.F.);
#6665 = EDGE_CURVE('',#6610,#6658,#6666,.T.);
#6666 = LINE('',#6667,#6668);
#6667 = CARTESIAN_POINT('',(-23.22096443176,-11.37050628662,0.));
#6668 = VECTOR('',#6669,1.);
#6669 = DIRECTION('',(0.421833349505,0.906673383995,0.));
#6670 = PLANE('',#6671);
#6671 = AXIS2_PLACEMENT_3D('',#6672,#6673,#6674);
#6672 = CARTESIAN_POINT('',(-23.19997406005,-11.32539033889,12.5));
#6673 = DIRECTION('',(-0.906673383995,0.421833349505,0.));
#6674 = DIRECTION('',(-0.421833349505,-0.906673383995,0.));
#6675 = ADVANCED_FACE('',(#6676),#6694,.F.);
#6676 = FACE_BOUND('',#6677,.F.);
#6677 = EDGE_LOOP('',(#6678,#6686,#6692,#6693));
#6678 = ORIENTED_EDGE('',*,*,#6679,.T.);
#6679 = EDGE_CURVE('',#6634,#6680,#6682,.T.);
#6680 = VERTEX_POINT('',#6681);
#6681 = CARTESIAN_POINT('',(-22.74201583862,-10.74464893341,0.));
#6682 = LINE('',#6683,#6684);
#6683 = CARTESIAN_POINT('',(-22.66205215454,-10.68540382385,0.));
#6684 = VECTOR('',#6685,1.);
#6685 = DIRECTION('',(-0.803495906904,-0.595310278416,0.));
#6686 = ORIENTED_EDGE('',*,*,#6687,.T.);
#6687 = EDGE_CURVE('',#6680,#1091,#6688,.T.);
#6688 = LINE('',#6689,#6690);
#6689 = CARTESIAN_POINT('',(-22.74201583862,-10.74464893341,0.));
#6690 = VECTOR('',#6691,1.);
#6691 = DIRECTION('',(0.,0.,1.));
#6692 = ORIENTED_EDGE('',*,*,#1098,.F.);
#6693 = ORIENTED_EDGE('',*,*,#6641,.T.);
#6694 = PLANE('',#6695);
#6695 = AXIS2_PLACEMENT_3D('',#6696,#6697,#6698);
#6696 = CARTESIAN_POINT('',(-22.70203399658,-10.71502637863,12.5));
#6697 = DIRECTION('',(-0.595310278416,0.803495906904,0.));
#6698 = DIRECTION('',(0.803495906904,0.595310278416,0.));
#6699 = ADVANCED_FACE('',(#6700),#6718,.F.);
#6700 = FACE_BOUND('',#6701,.F.);
#6701 = EDGE_LOOP('',(#6702,#6703,#6704,#6712));
#6702 = ORIENTED_EDGE('',*,*,#6657,.T.);
#6703 = ORIENTED_EDGE('',*,*,#1042,.F.);
#6704 = ORIENTED_EDGE('',*,*,#6705,.T.);
#6705 = EDGE_CURVE('',#1043,#6706,#6708,.T.);
#6706 = VERTEX_POINT('',#6707);
#6707 = CARTESIAN_POINT('',(-23.1314754486,-11.19282722473,0.));
#6708 = LINE('',#6709,#6710);
#6709 = CARTESIAN_POINT('',(-23.1314754486,-11.19282722473,25.));
#6710 = VECTOR('',#6711,1.);
#6711 = DIRECTION('',(0.,0.,-1.));
#6712 = ORIENTED_EDGE('',*,*,#6713,.T.);
#6713 = EDGE_CURVE('',#6706,#6658,#6714,.T.);
#6714 = LINE('',#6715,#6716);
#6715 = CARTESIAN_POINT('',(-23.1314754486,-11.19282722473,0.));
#6716 = VECTOR('',#6717,1.);
#6717 = DIRECTION('',(-0.47737838599,-0.878697830081,0.));
#6718 = PLANE('',#6719);
#6719 = AXIS2_PLACEMENT_3D('',#6720,#6721,#6722);
#6720 = CARTESIAN_POINT('',(-23.15522956848,-11.23655080795,12.5));
#6721 = DIRECTION('',(-0.878697830081,0.47737838599,0.));
#6722 = DIRECTION('',(-0.47737838599,-0.878697830081,0.));
#6723 = ADVANCED_FACE('',(#6724),#6742,.F.);
#6724 = FACE_BOUND('',#6725,.F.);
#6725 = EDGE_LOOP('',(#6726,#6727,#6728,#6736));
#6726 = ORIENTED_EDGE('',*,*,#1090,.F.);
#6727 = ORIENTED_EDGE('',*,*,#6687,.F.);
#6728 = ORIENTED_EDGE('',*,*,#6729,.T.);
#6729 = EDGE_CURVE('',#6680,#6730,#6732,.T.);
#6730 = VERTEX_POINT('',#6731);
#6731 = CARTESIAN_POINT('',(-22.81814193725,-10.80875110626,0.));
#6732 = LINE('',#6733,#6734);
#6733 = CARTESIAN_POINT('',(-22.74201583862,-10.74464893341,0.));
#6734 = VECTOR('',#6735,1.);
#6735 = DIRECTION('',(-0.764931077627,-0.644112138126,0.));
#6736 = ORIENTED_EDGE('',*,*,#6737,.F.);
#6737 = EDGE_CURVE('',#1083,#6730,#6738,.T.);
#6738 = LINE('',#6739,#6740);
#6739 = CARTESIAN_POINT('',(-22.81814193725,-10.80875110626,25.));
#6740 = VECTOR('',#6741,1.);
#6741 = DIRECTION('',(0.,0.,-1.));
#6742 = PLANE('',#6743);
#6743 = AXIS2_PLACEMENT_3D('',#6744,#6745,#6746);
#6744 = CARTESIAN_POINT('',(-22.78007888793,-10.77670001983,12.5));
#6745 = DIRECTION('',(-0.644112138126,0.764931077627,0.));
#6746 = DIRECTION('',(0.764931077627,0.644112138126,0.));
#6747 = ADVANCED_FACE('',(#6748),#6766,.F.);
#6748 = FACE_BOUND('',#6749,.F.);
#6749 = EDGE_LOOP('',(#6750,#6751,#6752,#6760));
#6750 = ORIENTED_EDGE('',*,*,#6705,.F.);
#6751 = ORIENTED_EDGE('',*,*,#1050,.F.);
#6752 = ORIENTED_EDGE('',*,*,#6753,.T.);
#6753 = EDGE_CURVE('',#1051,#6754,#6756,.T.);
#6754 = VERTEX_POINT('',#6755);
#6755 = CARTESIAN_POINT('',(-23.07862091064,-11.10850334167,0.));
#6756 = LINE('',#6757,#6758);
#6757 = CARTESIAN_POINT('',(-23.07862091064,-11.10850334167,25.));
#6758 = VECTOR('',#6759,1.);
#6759 = DIRECTION('',(0.,0.,-1.));
#6760 = ORIENTED_EDGE('',*,*,#6761,.T.);
#6761 = EDGE_CURVE('',#6754,#6706,#6762,.T.);
#6762 = LINE('',#6763,#6764);
#6763 = CARTESIAN_POINT('',(-23.07862091064,-11.10850334167,0.));
#6764 = VECTOR('',#6765,1.);
#6765 = DIRECTION('',(-0.531097608988,-0.847310645352,0.));
#6766 = PLANE('',#6767);
#6767 = AXIS2_PLACEMENT_3D('',#6768,#6769,#6770);
#6768 = CARTESIAN_POINT('',(-23.10504817962,-11.1506652832,12.5));
#6769 = DIRECTION('',(-0.847310645352,0.531097608988,0.));
#6770 = DIRECTION('',(-0.531097608988,-0.847310645352,0.));
#6771 = ADVANCED_FACE('',(#6772),#6790,.F.);
#6772 = FACE_BOUND('',#6773,.F.);
#6773 = EDGE_LOOP('',(#6774,#6782,#6783,#6784));
#6774 = ORIENTED_EDGE('',*,*,#6775,.T.);
#6775 = EDGE_CURVE('',#6776,#1075,#6778,.T.);
#6776 = VERTEX_POINT('',#6777);
#6777 = CARTESIAN_POINT('',(-22.8901348114,-10.87746143341,0.));
#6778 = LINE('',#6779,#6780);
#6779 = CARTESIAN_POINT('',(-22.8901348114,-10.87746143341,0.));
#6780 = VECTOR('',#6781,1.);
#6781 = DIRECTION('',(0.,0.,1.));
#6782 = ORIENTED_EDGE('',*,*,#1082,.F.);
#6783 = ORIENTED_EDGE('',*,*,#6737,.T.);
#6784 = ORIENTED_EDGE('',*,*,#6785,.F.);
#6785 = EDGE_CURVE('',#6776,#6730,#6786,.T.);
#6786 = LINE('',#6787,#6788);
#6787 = CARTESIAN_POINT('',(-22.8901348114,-10.87746143341,0.));
#6788 = VECTOR('',#6789,1.);
#6789 = DIRECTION('',(0.723406450217,0.690422412574,0.));
#6790 = PLANE('',#6791);
#6791 = AXIS2_PLACEMENT_3D('',#6792,#6793,#6794);
#6792 = CARTESIAN_POINT('',(-22.85413837432,-10.84310626983,12.5));
#6793 = DIRECTION('',(-0.690422412574,0.723406450217,0.));
#6794 = DIRECTION('',(0.723406450217,0.690422412574,0.));
#6795 = ADVANCED_FACE('',(#6796),#6814,.F.);
#6796 = FACE_BOUND('',#6797,.F.);
#6797 = EDGE_LOOP('',(#6798,#6799,#6807,#6813));
#6798 = ORIENTED_EDGE('',*,*,#1058,.F.);
#6799 = ORIENTED_EDGE('',*,*,#6800,.T.);
#6800 = EDGE_CURVE('',#1059,#6801,#6803,.T.);
#6801 = VERTEX_POINT('',#6802);
#6802 = CARTESIAN_POINT('',(-23.02062606811,-11.02762794494,0.));
#6803 = LINE('',#6804,#6805);
#6804 = CARTESIAN_POINT('',(-23.02062606811,-11.02762794494,25.));
#6805 = VECTOR('',#6806,1.);
#6806 = DIRECTION('',(0.,0.,-1.));
#6807 = ORIENTED_EDGE('',*,*,#6808,.T.);
#6808 = EDGE_CURVE('',#6801,#6754,#6809,.T.);
#6809 = LINE('',#6810,#6811);
#6810 = CARTESIAN_POINT('',(-23.02062606811,-11.02762794494,0.));
#6811 = VECTOR('',#6812,1.);
#6812 = DIRECTION('',(-0.582745570185,-0.812654662467,0.));
#6813 = ORIENTED_EDGE('',*,*,#6753,.F.);
#6814 = PLANE('',#6815);
#6815 = AXIS2_PLACEMENT_3D('',#6816,#6817,#6818);
#6816 = CARTESIAN_POINT('',(-23.04962348938,-11.06806564331,12.5));
#6817 = DIRECTION('',(-0.812654662467,0.582745570185,0.));
#6818 = DIRECTION('',(-0.582745570185,-0.812654662467,0.));
#6819 = ADVANCED_FACE('',(#6820),#6838,.F.);
#6820 = FACE_BOUND('',#6821,.F.);
#6821 = EDGE_LOOP('',(#6822,#6830,#6836,#6837));
#6822 = ORIENTED_EDGE('',*,*,#6823,.T.);
#6823 = EDGE_CURVE('',#6776,#6824,#6826,.T.);
#6824 = VERTEX_POINT('',#6825);
#6825 = CARTESIAN_POINT('',(-22.95771598815,-10.95051383972,0.));
#6826 = LINE('',#6827,#6828);
#6827 = CARTESIAN_POINT('',(-22.8901348114,-10.87746143341,0.));
#6828 = VECTOR('',#6829,1.);
#6829 = DIRECTION('',(-0.679083681856,-0.734060864668,0.));
#6830 = ORIENTED_EDGE('',*,*,#6831,.T.);
#6831 = EDGE_CURVE('',#6824,#1067,#6832,.T.);
#6832 = LINE('',#6833,#6834);
#6833 = CARTESIAN_POINT('',(-22.95771598815,-10.95051383972,0.));
#6834 = VECTOR('',#6835,1.);
#6835 = DIRECTION('',(0.,0.,1.));
#6836 = ORIENTED_EDGE('',*,*,#1074,.F.);
#6837 = ORIENTED_EDGE('',*,*,#6775,.F.);
#6838 = PLANE('',#6839);
#6839 = AXIS2_PLACEMENT_3D('',#6840,#6841,#6842);
#6840 = CARTESIAN_POINT('',(-22.92392539978,-10.91398763656,12.5));
#6841 = DIRECTION('',(-0.734060864668,0.679083681856,0.));
#6842 = DIRECTION('',(-0.679083681856,-0.734060864668,0.));
#6843 = ADVANCED_FACE('',(#6844),#6855,.F.);
#6844 = FACE_BOUND('',#6845,.F.);
#6845 = EDGE_LOOP('',(#6846,#6847,#6848,#6854));
#6846 = ORIENTED_EDGE('',*,*,#1066,.F.);
#6847 = ORIENTED_EDGE('',*,*,#6831,.F.);
#6848 = ORIENTED_EDGE('',*,*,#6849,.F.);
#6849 = EDGE_CURVE('',#6801,#6824,#6850,.T.);
#6850 = LINE('',#6851,#6852);
#6851 = CARTESIAN_POINT('',(-23.02062606811,-11.02762794494,0.));
#6852 = VECTOR('',#6853,1.);
#6853 = DIRECTION('',(0.632133995173,0.774859091801,0.));
#6854 = ORIENTED_EDGE('',*,*,#6800,.F.);
#6855 = PLANE('',#6856);
#6856 = AXIS2_PLACEMENT_3D('',#6857,#6858,#6859);
#6857 = CARTESIAN_POINT('',(-22.98917102813,-10.98907089233,12.5));
#6858 = DIRECTION('',(-0.774859091801,0.632133995173,0.));
#6859 = DIRECTION('',(-0.632133995173,-0.774859091801,0.));
#6860 = ADVANCED_FACE('',(#6861),#6886,.F.);
#6861 = FACE_BOUND('',#6862,.F.);
#6862 = EDGE_LOOP('',(#6863,#6864,#6872,#6880));
#6863 = ORIENTED_EDGE('',*,*,#1474,.F.);
#6864 = ORIENTED_EDGE('',*,*,#6865,.T.);
#6865 = EDGE_CURVE('',#1475,#6866,#6868,.T.);
#6866 = VERTEX_POINT('',#6867);
#6867 = CARTESIAN_POINT('',(22.989770889282,-23.01141738891,0.));
#6868 = LINE('',#6869,#6870);
#6869 = CARTESIAN_POINT('',(22.989770889282,-23.01141738891,25.));
#6870 = VECTOR('',#6871,1.);
#6871 = DIRECTION('',(0.,0.,-1.));
#6872 = ORIENTED_EDGE('',*,*,#6873,.T.);
#6873 = EDGE_CURVE('',#6866,#6874,#6876,.T.);
#6874 = VERTEX_POINT('',#6875);
#6875 = CARTESIAN_POINT('',(23.050252914429,-22.93238639831,0.));
#6876 = LINE('',#6877,#6878);
#6877 = CARTESIAN_POINT('',(22.989770889282,-23.01141738891,0.));
#6878 = VECTOR('',#6879,1.);
#6879 = DIRECTION('',(0.607745293181,0.794132015861,0.));
#6880 = ORIENTED_EDGE('',*,*,#6881,.F.);
#6881 = EDGE_CURVE('',#1477,#6874,#6882,.T.);
#6882 = LINE('',#6883,#6884);
#6883 = CARTESIAN_POINT('',(23.050252914429,-22.93238639831,25.));
#6884 = VECTOR('',#6885,1.);
#6885 = DIRECTION('',(0.,0.,-1.));
#6886 = PLANE('',#6887);
#6887 = AXIS2_PLACEMENT_3D('',#6888,#6889,#6890);
#6888 = CARTESIAN_POINT('',(23.020011901855,-22.97190189361,12.5));
#6889 = DIRECTION('',(0.794132015861,-0.607745293181,0.));
#6890 = DIRECTION('',(0.607745293181,0.794132015861,0.));
#6891 = ADVANCED_FACE('',(#6892),#6910,.F.);
#6892 = FACE_BOUND('',#6893,.F.);
#6893 = EDGE_LOOP('',(#6894,#6895,#6896,#6904));
#6894 = ORIENTED_EDGE('',*,*,#6865,.F.);
#6895 = ORIENTED_EDGE('',*,*,#1484,.F.);
#6896 = ORIENTED_EDGE('',*,*,#6897,.T.);
#6897 = EDGE_CURVE('',#1485,#6898,#6900,.T.);
#6898 = VERTEX_POINT('',#6899);
#6899 = CARTESIAN_POINT('',(22.924493789673,-23.08653831481,0.));
#6900 = LINE('',#6901,#6902);
#6901 = CARTESIAN_POINT('',(22.924493789673,-23.08653831481,25.));
#6902 = VECTOR('',#6903,1.);
#6903 = DIRECTION('',(0.,0.,-1.));
#6904 = ORIENTED_EDGE('',*,*,#6905,.F.);
#6905 = EDGE_CURVE('',#6866,#6898,#6906,.T.);
#6906 = LINE('',#6907,#6908);
#6907 = CARTESIAN_POINT('',(22.989770889282,-23.01141738891,0.));
#6908 = VECTOR('',#6909,1.);
#6909 = DIRECTION('',(-0.655918652891,-0.754831584388,0.));
#6910 = PLANE('',#6911);
#6911 = AXIS2_PLACEMENT_3D('',#6912,#6913,#6914);
#6912 = CARTESIAN_POINT('',(22.957132339478,-23.04897785186,12.5));
#6913 = DIRECTION('',(0.754831584388,-0.655918652891,0.));
#6914 = DIRECTION('',(0.655918652891,0.754831584388,0.));
#6915 = ADVANCED_FACE('',(#6916),#6934,.F.);
#6916 = FACE_BOUND('',#6917,.F.);
#6917 = EDGE_LOOP('',(#6918,#6926,#6932,#6933));
#6918 = ORIENTED_EDGE('',*,*,#6919,.T.);
#6919 = EDGE_CURVE('',#6874,#6920,#6922,.T.);
#6920 = VERTEX_POINT('',#6921);
#6921 = CARTESIAN_POINT('',(23.105703353882,-22.8497467041,0.));
#6922 = LINE('',#6923,#6924);
#6923 = CARTESIAN_POINT('',(23.050252914429,-22.93238639831,0.));
#6924 = VECTOR('',#6925,1.);
#6925 = DIRECTION('',(0.557183356557,0.830389491248,0.));
#6926 = ORIENTED_EDGE('',*,*,#6927,.T.);
#6927 = EDGE_CURVE('',#6920,#2277,#6928,.T.);
#6928 = LINE('',#6929,#6930);
#6929 = CARTESIAN_POINT('',(23.105703353882,-22.8497467041,0.));
#6930 = VECTOR('',#6931,1.);
#6931 = DIRECTION('',(0.,0.,1.));
#6932 = ORIENTED_EDGE('',*,*,#2284,.F.);
#6933 = ORIENTED_EDGE('',*,*,#6881,.T.);
#6934 = PLANE('',#6935);
#6935 = AXIS2_PLACEMENT_3D('',#6936,#6937,#6938);
#6936 = CARTESIAN_POINT('',(23.077978134155,-22.8910665512,12.5));
#6937 = DIRECTION('',(0.830389491248,-0.557183356557,0.));
#6938 = DIRECTION('',(0.557183356557,0.830389491248,0.));
#6939 = ADVANCED_FACE('',(#6940),#6958,.F.);
#6940 = FACE_BOUND('',#6941,.F.);
#6941 = EDGE_LOOP('',(#6942,#6950,#6956,#6957));
#6942 = ORIENTED_EDGE('',*,*,#6943,.F.);
#6943 = EDGE_CURVE('',#6944,#1493,#6946,.T.);
#6944 = VERTEX_POINT('',#6945);
#6945 = CARTESIAN_POINT('',(22.854671478271,-23.15745353698,0.));
#6946 = LINE('',#6947,#6948);
#6947 = CARTESIAN_POINT('',(22.854671478271,-23.15745353698,0.));
#6948 = VECTOR('',#6949,1.);
#6949 = DIRECTION('',(0.,0.,1.));
#6950 = ORIENTED_EDGE('',*,*,#6951,.T.);
#6951 = EDGE_CURVE('',#6944,#6898,#6952,.T.);
#6952 = LINE('',#6953,#6954);
#6953 = CARTESIAN_POINT('',(22.854671478271,-23.15745353698,0.));
#6954 = VECTOR('',#6955,1.);
#6955 = DIRECTION('',(0.701594521577,0.712576401022,0.));
#6956 = ORIENTED_EDGE('',*,*,#6897,.F.);
#6957 = ORIENTED_EDGE('',*,*,#1492,.F.);
#6958 = PLANE('',#6959);
#6959 = AXIS2_PLACEMENT_3D('',#6960,#6961,#6962);
#6960 = CARTESIAN_POINT('',(22.889582633972,-23.1219959259,12.5));
#6961 = DIRECTION('',(0.712576401022,-0.701594521577,0.));
#6962 = DIRECTION('',(0.701594521577,0.712576401022,0.));
#6963 = ADVANCED_FACE('',(#6964),#6982,.F.);
#6964 = FACE_BOUND('',#6965,.F.);
#6965 = EDGE_LOOP('',(#6966,#6974,#6980,#6981));
#6966 = ORIENTED_EDGE('',*,*,#6967,.F.);
#6967 = EDGE_CURVE('',#6968,#6920,#6970,.T.);
#6968 = VERTEX_POINT('',#6969);
#6969 = CARTESIAN_POINT('',(23.155908584595,-22.76381874084,0.));
#6970 = LINE('',#6971,#6972);
#6971 = CARTESIAN_POINT('',(23.155908584595,-22.76381874084,0.));
#6972 = VECTOR('',#6973,1.);
#6973 = DIRECTION('',(-0.504475063312,-0.863426262339,0.));
#6974 = ORIENTED_EDGE('',*,*,#6975,.T.);
#6975 = EDGE_CURVE('',#6968,#2269,#6976,.T.);
#6976 = LINE('',#6977,#6978);
#6977 = CARTESIAN_POINT('',(23.155908584595,-22.76381874084,0.));
#6978 = VECTOR('',#6979,1.);
#6979 = DIRECTION('',(0.,0.,1.));
#6980 = ORIENTED_EDGE('',*,*,#2276,.F.);
#6981 = ORIENTED_EDGE('',*,*,#6927,.F.);
#6982 = PLANE('',#6983);
#6983 = AXIS2_PLACEMENT_3D('',#6984,#6985,#6986);
#6984 = CARTESIAN_POINT('',(23.130805969238,-22.80678272247,12.5));
#6985 = DIRECTION('',(0.863426262339,-0.504475063312,0.));
#6986 = DIRECTION('',(0.504475063312,0.863426262339,0.));
#6987 = ADVANCED_FACE('',(#6988),#7006,.F.);
#6988 = FACE_BOUND('',#6989,.F.);
#6989 = EDGE_LOOP('',(#6990,#6991,#6992,#7000));
#6990 = ORIENTED_EDGE('',*,*,#6943,.T.);
#6991 = ORIENTED_EDGE('',*,*,#1500,.F.);
#6992 = ORIENTED_EDGE('',*,*,#6993,.F.);
#6993 = EDGE_CURVE('',#6994,#1501,#6996,.T.);
#6994 = VERTEX_POINT('',#6995);
#6995 = CARTESIAN_POINT('',(22.780576705933,-23.22389221191,0.));
#6996 = LINE('',#6997,#6998);
#6997 = CARTESIAN_POINT('',(22.780576705933,-23.22389221191,0.));
#6998 = VECTOR('',#6999,1.);
#6999 = DIRECTION('',(0.,0.,1.));
#7000 = ORIENTED_EDGE('',*,*,#7001,.F.);
#7001 = EDGE_CURVE('',#6944,#6994,#7002,.T.);
#7002 = LINE('',#7003,#7004);
#7003 = CARTESIAN_POINT('',(22.854671478271,-23.15745353698,0.));
#7004 = VECTOR('',#7005,1.);
#7005 = DIRECTION('',(-0.744525094133,-0.667594475865,0.));
#7006 = PLANE('',#7007);
#7007 = AXIS2_PLACEMENT_3D('',#7008,#7009,#7010);
#7008 = CARTESIAN_POINT('',(22.817624092102,-23.19067287445,12.5));
#7009 = DIRECTION('',(0.667594475865,-0.744525094133,0.));
#7010 = DIRECTION('',(-0.744525094133,-0.667594475865,0.));
#7011 = ADVANCED_FACE('',(#7012),#7030,.F.);
#7012 = FACE_BOUND('',#7013,.F.);
#7013 = EDGE_LOOP('',(#7014,#7015,#7023,#7029));
#7014 = ORIENTED_EDGE('',*,*,#6975,.F.);
#7015 = ORIENTED_EDGE('',*,*,#7016,.F.);
#7016 = EDGE_CURVE('',#7017,#6968,#7019,.T.);
#7017 = VERTEX_POINT('',#7018);
#7018 = CARTESIAN_POINT('',(23.200675964355,-22.67493629455,0.));
#7019 = LINE('',#7020,#7021);
#7020 = CARTESIAN_POINT('',(23.200675964355,-22.67493629455,0.));
#7021 = VECTOR('',#7022,1.);
#7022 = DIRECTION('',(-0.449833514916,-0.893112427894,0.));
#7023 = ORIENTED_EDGE('',*,*,#7024,.F.);
#7024 = EDGE_CURVE('',#2261,#7017,#7025,.T.);
#7025 = LINE('',#7026,#7027);
#7026 = CARTESIAN_POINT('',(23.200675964355,-22.67493629455,25.));
#7027 = VECTOR('',#7028,1.);
#7028 = DIRECTION('',(0.,0.,-1.));
#7029 = ORIENTED_EDGE('',*,*,#2268,.F.);
#7030 = PLANE('',#7031);
#7031 = AXIS2_PLACEMENT_3D('',#7032,#7033,#7034);
#7032 = CARTESIAN_POINT('',(23.178292274475,-22.7193775177,12.5));
#7033 = DIRECTION('',(0.893112427894,-0.449833514916,0.));
#7034 = DIRECTION('',(0.449833514916,0.893112427894,0.));
#7035 = ADVANCED_FACE('',(#7036),#7054,.F.);
#7036 = FACE_BOUND('',#7037,.F.);
#7037 = EDGE_LOOP('',(#7038,#7039,#7040,#7048));
#7038 = ORIENTED_EDGE('',*,*,#6993,.T.);
#7039 = ORIENTED_EDGE('',*,*,#1508,.F.);
#7040 = ORIENTED_EDGE('',*,*,#7041,.T.);
#7041 = EDGE_CURVE('',#1509,#7042,#7044,.T.);
#7042 = VERTEX_POINT('',#7043);
#7043 = CARTESIAN_POINT('',(22.702493667603,-23.28559494018,0.));
#7044 = LINE('',#7045,#7046);
#7045 = CARTESIAN_POINT('',(22.702493667603,-23.28559494018,25.));
#7046 = VECTOR('',#7047,1.);
#7047 = DIRECTION('',(0.,0.,-1.));
#7048 = ORIENTED_EDGE('',*,*,#7049,.F.);
#7049 = EDGE_CURVE('',#6994,#7042,#7050,.T.);
#7050 = LINE('',#7051,#7052);
#7051 = CARTESIAN_POINT('',(22.780576705933,-23.22389221191,0.));
#7052 = VECTOR('',#7053,1.);
#7053 = DIRECTION('',(-0.784598143461,-0.620004639723,0.));
#7054 = PLANE('',#7055);
#7055 = AXIS2_PLACEMENT_3D('',#7056,#7057,#7058);
#7056 = CARTESIAN_POINT('',(22.741535186768,-23.25474357605,12.5));
#7057 = DIRECTION('',(0.620004639723,-0.784598143461,0.));
#7058 = DIRECTION('',(-0.784598143461,-0.620004639723,0.));
#7059 = ADVANCED_FACE('',(#7060),#7078,.F.);
#7060 = FACE_BOUND('',#7061,.F.);
#7061 = EDGE_LOOP('',(#7062,#7070,#7071,#7072));
#7062 = ORIENTED_EDGE('',*,*,#7063,.F.);
#7063 = EDGE_CURVE('',#2253,#7064,#7066,.T.);
#7064 = VERTEX_POINT('',#7065);
#7065 = CARTESIAN_POINT('',(23.23983001709,-22.58344268798,0.));
#7066 = LINE('',#7067,#7068);
#7067 = CARTESIAN_POINT('',(23.23983001709,-22.58344268798,25.));
#7068 = VECTOR('',#7069,1.);
#7069 = DIRECTION('',(0.,0.,-1.));
#7070 = ORIENTED_EDGE('',*,*,#2260,.F.);
#7071 = ORIENTED_EDGE('',*,*,#7024,.T.);
#7072 = ORIENTED_EDGE('',*,*,#7073,.T.);
#7073 = EDGE_CURVE('',#7017,#7064,#7074,.T.);
#7074 = LINE('',#7075,#7076);
#7075 = CARTESIAN_POINT('',(23.200675964355,-22.67493629455,0.));
#7076 = VECTOR('',#7077,1.);
#7077 = DIRECTION('',(0.393431181445,0.919354069696,0.));
#7078 = PLANE('',#7079);
#7079 = AXIS2_PLACEMENT_3D('',#7080,#7081,#7082);
#7080 = CARTESIAN_POINT('',(23.220252990723,-22.62918949127,12.5));
#7081 = DIRECTION('',(0.919354069696,-0.393431181445,0.));
#7082 = DIRECTION('',(0.393431181445,0.919354069696,0.));
#7083 = ADVANCED_FACE('',(#7084),#7102,.F.);
#7084 = FACE_BOUND('',#7085,.F.);
#7085 = EDGE_LOOP('',(#7086,#7087,#7088,#7096));
#7086 = ORIENTED_EDGE('',*,*,#7041,.F.);
#7087 = ORIENTED_EDGE('',*,*,#1516,.F.);
#7088 = ORIENTED_EDGE('',*,*,#7089,.T.);
#7089 = EDGE_CURVE('',#1517,#7090,#7092,.T.);
#7090 = VERTEX_POINT('',#7091);
#7091 = CARTESIAN_POINT('',(22.620727539062,-23.34232521057,0.));
#7092 = LINE('',#7093,#7094);
#7093 = CARTESIAN_POINT('',(22.620727539062,-23.34232521057,25.));
#7094 = VECTOR('',#7095,1.);
#7095 = DIRECTION('',(0.,0.,-1.));
#7096 = ORIENTED_EDGE('',*,*,#7097,.T.);
#7097 = EDGE_CURVE('',#7090,#7042,#7098,.T.);
#7098 = LINE('',#7099,#7100);
#7099 = CARTESIAN_POINT('',(22.620727539062,-23.34232521057,0.));
#7100 = VECTOR('',#7101,1.);
#7101 = DIRECTION('',(0.82161357721,0.570044848888,0.));
#7102 = PLANE('',#7103);
#7103 = AXIS2_PLACEMENT_3D('',#7104,#7105,#7106);
#7104 = CARTESIAN_POINT('',(22.661610603333,-23.31396007537,12.5));
#7105 = DIRECTION('',(0.570044848888,-0.82161357721,0.));
#7106 = DIRECTION('',(-0.82161357721,-0.570044848888,0.));
#7107 = ADVANCED_FACE('',(#7108),#7126,.F.);
#7108 = FACE_BOUND('',#7109,.F.);
#7109 = EDGE_LOOP('',(#7110,#7111,#7112,#7120));
#7110 = ORIENTED_EDGE('',*,*,#2252,.F.);
#7111 = ORIENTED_EDGE('',*,*,#7063,.T.);
#7112 = ORIENTED_EDGE('',*,*,#7113,.T.);
#7113 = EDGE_CURVE('',#7064,#7114,#7116,.T.);
#7114 = VERTEX_POINT('',#7115);
#7115 = CARTESIAN_POINT('',(23.273220062256,-22.48969078064,0.));
#7116 = LINE('',#7117,#7118);
#7117 = CARTESIAN_POINT('',(23.23983001709,-22.58344268798,0.));
#7118 = VECTOR('',#7119,1.);
#7119 = DIRECTION('',(0.335509466879,0.942036834542,0.));
#7120 = ORIENTED_EDGE('',*,*,#7121,.F.);
#7121 = EDGE_CURVE('',#2245,#7114,#7122,.T.);
#7122 = LINE('',#7123,#7124);
#7123 = CARTESIAN_POINT('',(23.273220062256,-22.48969078064,25.));
#7124 = VECTOR('',#7125,1.);
#7125 = DIRECTION('',(0.,0.,-1.));
#7126 = PLANE('',#7127);
#7127 = AXIS2_PLACEMENT_3D('',#7128,#7129,#7130);
#7128 = CARTESIAN_POINT('',(23.256525039673,-22.53656673431,12.5));
#7129 = DIRECTION('',(0.942036834542,-0.335509466879,0.));
#7130 = DIRECTION('',(0.335509466879,0.942036834542,0.));
#7131 = ADVANCED_FACE('',(#7132),#7150,.F.);
#7132 = FACE_BOUND('',#7133,.F.);
#7133 = EDGE_LOOP('',(#7134,#7135,#7136,#7144));
#7134 = ORIENTED_EDGE('',*,*,#7089,.F.);
#7135 = ORIENTED_EDGE('',*,*,#1524,.F.);
#7136 = ORIENTED_EDGE('',*,*,#7137,.T.);
#7137 = EDGE_CURVE('',#1525,#7138,#7140,.T.);
#7138 = VERTEX_POINT('',#7139);
#7139 = CARTESIAN_POINT('',(22.535591125488,-23.39385986328,0.));
#7140 = LINE('',#7141,#7142);
#7141 = CARTESIAN_POINT('',(22.535591125488,-23.39385986328,25.));
#7142 = VECTOR('',#7143,1.);
#7143 = DIRECTION('',(0.,0.,-1.));
#7144 = ORIENTED_EDGE('',*,*,#7145,.T.);
#7145 = EDGE_CURVE('',#7138,#7090,#7146,.T.);
#7146 = LINE('',#7147,#7148);
#7147 = CARTESIAN_POINT('',(22.535591125488,-23.39385986328,0.));
#7148 = VECTOR('',#7149,1.);
#7149 = DIRECTION('',(0.855479076698,0.517837377303,0.));
#7150 = PLANE('',#7151);
#7151 = AXIS2_PLACEMENT_3D('',#7152,#7153,#7154);
#7152 = CARTESIAN_POINT('',(22.578159332275,-23.36809253692,12.5));
#7153 = DIRECTION('',(0.517837377303,-0.855479076698,0.));
#7154 = DIRECTION('',(-0.855479076698,-0.517837377303,0.));
#7155 = ADVANCED_FACE('',(#7156),#7174,.F.);
#7156 = FACE_BOUND('',#7157,.F.);
#7157 = EDGE_LOOP('',(#7158,#7166,#7172,#7173));
#7158 = ORIENTED_EDGE('',*,*,#7159,.T.);
#7159 = EDGE_CURVE('',#7114,#7160,#7162,.T.);
#7160 = VERTEX_POINT('',#7161);
#7161 = CARTESIAN_POINT('',(23.300718307495,-22.39404678344,0.));
#7162 = LINE('',#7163,#7164);
#7163 = CARTESIAN_POINT('',(23.273220062256,-22.48969078064,0.));
#7164 = VECTOR('',#7165,1.);
#7165 = DIRECTION('',(0.276312956921,0.961067713451,0.));
#7166 = ORIENTED_EDGE('',*,*,#7167,.T.);
#7167 = EDGE_CURVE('',#7160,#2237,#7168,.T.);
#7168 = LINE('',#7169,#7170);
#7169 = CARTESIAN_POINT('',(23.300718307495,-22.39404678344,0.));
#7170 = VECTOR('',#7171,1.);
#7171 = DIRECTION('',(0.,0.,1.));
#7172 = ORIENTED_EDGE('',*,*,#2244,.F.);
#7173 = ORIENTED_EDGE('',*,*,#7121,.T.);
#7174 = PLANE('',#7175);
#7175 = AXIS2_PLACEMENT_3D('',#7176,#7177,#7178);
#7176 = CARTESIAN_POINT('',(23.286969184875,-22.44186878204,12.5));
#7177 = DIRECTION('',(0.961067713451,-0.276312956921,0.));
#7178 = DIRECTION('',(0.276312956921,0.961067713451,0.));
#7179 = ADVANCED_FACE('',(#7180),#7198,.F.);
#7180 = FACE_BOUND('',#7181,.F.);
#7181 = EDGE_LOOP('',(#7182,#7183,#7184,#7192));
#7182 = ORIENTED_EDGE('',*,*,#7137,.F.);
#7183 = ORIENTED_EDGE('',*,*,#1532,.F.);
#7184 = ORIENTED_EDGE('',*,*,#7185,.T.);
#7185 = EDGE_CURVE('',#1533,#7186,#7188,.T.);
#7186 = VERTEX_POINT('',#7187);
#7187 = CARTESIAN_POINT('',(22.447414398193,-23.44000434875,0.));
#7188 = LINE('',#7189,#7190);
#7189 = CARTESIAN_POINT('',(22.447414398193,-23.44000434875,25.));
#7190 = VECTOR('',#7191,1.);
#7191 = DIRECTION('',(0.,0.,-1.));
#7192 = ORIENTED_EDGE('',*,*,#7193,.F.);
#7193 = EDGE_CURVE('',#7138,#7186,#7194,.T.);
#7194 = LINE('',#7195,#7196);
#7195 = CARTESIAN_POINT('',(22.535591125488,-23.39385986328,0.));
#7196 = VECTOR('',#7197,1.);
#7197 = DIRECTION('',(-0.886010402099,-0.46366536141,0.));
#7198 = PLANE('',#7199);
#7199 = AXIS2_PLACEMENT_3D('',#7200,#7201,#7202);
#7200 = CARTESIAN_POINT('',(22.491502761841,-23.41693210601,12.5));
#7201 = DIRECTION('',(0.46366536141,-0.886010402099,0.));
#7202 = DIRECTION('',(-0.886010402099,-0.46366536141,0.));
#7203 = ADVANCED_FACE('',(#7204),#7222,.F.);
#7204 = FACE_BOUND('',#7205,.F.);
#7205 = EDGE_LOOP('',(#7206,#7207,#7215,#7221));
#7206 = ORIENTED_EDGE('',*,*,#7167,.F.);
#7207 = ORIENTED_EDGE('',*,*,#7208,.T.);
#7208 = EDGE_CURVE('',#7160,#7209,#7211,.T.);
#7209 = VERTEX_POINT('',#7210);
#7210 = CARTESIAN_POINT('',(23.322216033936,-22.29687690734,0.));
#7211 = LINE('',#7212,#7213);
#7212 = CARTESIAN_POINT('',(23.300718307495,-22.39404678344,0.));
#7213 = VECTOR('',#7214,1.);
#7214 = DIRECTION('',(0.216015150098,0.97639001169,0.));
#7215 = ORIENTED_EDGE('',*,*,#7216,.T.);
#7216 = EDGE_CURVE('',#7209,#2229,#7217,.T.);
#7217 = LINE('',#7218,#7219);
#7218 = CARTESIAN_POINT('',(23.322216033936,-22.29687690734,0.));
#7219 = VECTOR('',#7220,1.);
#7220 = DIRECTION('',(0.,0.,1.));
#7221 = ORIENTED_EDGE('',*,*,#2236,.F.);
#7222 = PLANE('',#7223);
#7223 = AXIS2_PLACEMENT_3D('',#7224,#7225,#7226);
#7224 = CARTESIAN_POINT('',(23.311467170715,-22.34546184539,12.5));
#7225 = DIRECTION('',(0.97639001169,-0.216015150098,0.));
#7226 = DIRECTION('',(0.216015150098,0.97639001169,0.));
#7227 = ADVANCED_FACE('',(#7228),#7246,.F.);
#7228 = FACE_BOUND('',#7229,.F.);
#7229 = EDGE_LOOP('',(#7230,#7231,#7232,#7240));
#7230 = ORIENTED_EDGE('',*,*,#7185,.F.);
#7231 = ORIENTED_EDGE('',*,*,#1540,.F.);
#7232 = ORIENTED_EDGE('',*,*,#7233,.F.);
#7233 = EDGE_CURVE('',#7234,#1541,#7236,.T.);
#7234 = VERTEX_POINT('',#7235);
#7235 = CARTESIAN_POINT('',(22.356540679932,-23.48057746887,0.));
#7236 = LINE('',#7237,#7238);
#7237 = CARTESIAN_POINT('',(22.356540679932,-23.48057746887,0.));
#7238 = VECTOR('',#7239,1.);
#7239 = DIRECTION('',(0.,0.,1.));
#7240 = ORIENTED_EDGE('',*,*,#7241,.F.);
#7241 = EDGE_CURVE('',#7186,#7234,#7242,.T.);
#7242 = LINE('',#7243,#7244);
#7243 = CARTESIAN_POINT('',(22.447414398193,-23.44000434875,0.));
#7244 = VECTOR('',#7245,1.);
#7245 = DIRECTION('',(-0.913121065349,-0.407688508566,0.));
#7246 = PLANE('',#7247);
#7247 = AXIS2_PLACEMENT_3D('',#7248,#7249,#7250);
#7248 = CARTESIAN_POINT('',(22.401977539062,-23.46029090881,12.5));
#7249 = DIRECTION('',(0.407688508566,-0.913121065349,0.));
#7250 = DIRECTION('',(-0.913121065349,-0.407688508566,0.));
#7251 = ADVANCED_FACE('',(#7252),#7270,.F.);
#7252 = FACE_BOUND('',#7253,.F.);
#7253 = EDGE_LOOP('',(#7254,#7262,#7268,#7269));
#7254 = ORIENTED_EDGE('',*,*,#7255,.T.);
#7255 = EDGE_CURVE('',#7209,#7256,#7258,.T.);
#7256 = VERTEX_POINT('',#7257);
#7257 = CARTESIAN_POINT('',(23.337631225586,-22.19855880737,0.));
#7258 = LINE('',#7259,#7260);
#7259 = CARTESIAN_POINT('',(23.322216033936,-22.29687690734,0.));
#7260 = VECTOR('',#7261,1.);
#7261 = DIRECTION('',(0.154896614697,0.987930685198,0.));
#7262 = ORIENTED_EDGE('',*,*,#7263,.T.);
#7263 = EDGE_CURVE('',#7256,#2221,#7264,.T.);
#7264 = LINE('',#7265,#7266);
#7265 = CARTESIAN_POINT('',(23.337631225586,-22.19855880737,0.));
#7266 = VECTOR('',#7267,1.);
#7267 = DIRECTION('',(0.,0.,1.));
#7268 = ORIENTED_EDGE('',*,*,#2228,.F.);
#7269 = ORIENTED_EDGE('',*,*,#7216,.F.);
#7270 = PLANE('',#7271);
#7271 = AXIS2_PLACEMENT_3D('',#7272,#7273,#7274);
#7272 = CARTESIAN_POINT('',(23.329923629761,-22.24771785736,12.5));
#7273 = DIRECTION('',(0.987930685198,-0.154896614697,0.));
#7274 = DIRECTION('',(0.154896614697,0.987930685198,0.));
#7275 = ADVANCED_FACE('',(#7276),#7294,.F.);
#7276 = FACE_BOUND('',#7277,.F.);
#7277 = EDGE_LOOP('',(#7278,#7286,#7292,#7293));
#7278 = ORIENTED_EDGE('',*,*,#7279,.F.);
#7279 = EDGE_CURVE('',#7280,#1549,#7282,.T.);
#7280 = VERTEX_POINT('',#7281);
#7281 = CARTESIAN_POINT('',(22.263320922852,-23.51542091369,0.));
#7282 = LINE('',#7283,#7284);
#7283 = CARTESIAN_POINT('',(22.263320922852,-23.51542091369,0.));
#7284 = VECTOR('',#7285,1.);
#7285 = DIRECTION('',(0.,0.,1.));
#7286 = ORIENTED_EDGE('',*,*,#7287,.F.);
#7287 = EDGE_CURVE('',#7234,#7280,#7288,.T.);
#7288 = LINE('',#7289,#7290);
#7289 = CARTESIAN_POINT('',(22.356540679932,-23.48057746887,0.));
#7290 = VECTOR('',#7291,1.);
#7291 = DIRECTION('',(-0.936705127466,-0.350119271362,0.));
#7292 = ORIENTED_EDGE('',*,*,#7233,.T.);
#7293 = ORIENTED_EDGE('',*,*,#1548,.F.);
#7294 = PLANE('',#7295);
#7295 = AXIS2_PLACEMENT_3D('',#7296,#7297,#7298);
#7296 = CARTESIAN_POINT('',(22.309930801392,-23.49799919128,12.5));
#7297 = DIRECTION('',(0.350119271362,-0.936705127466,0.));
#7298 = DIRECTION('',(-0.936705127466,-0.350119271362,0.));
#7299 = ADVANCED_FACE('',(#7300),#7318,.F.);
#7300 = FACE_BOUND('',#7301,.F.);
#7301 = EDGE_LOOP('',(#7302,#7303,#7311,#7317));
#7302 = ORIENTED_EDGE('',*,*,#7263,.F.);
#7303 = ORIENTED_EDGE('',*,*,#7304,.T.);
#7304 = EDGE_CURVE('',#7256,#7305,#7307,.T.);
#7305 = VERTEX_POINT('',#7306);
#7306 = CARTESIAN_POINT('',(23.346904754639,-22.09947204589,0.));
#7307 = LINE('',#7308,#7309);
#7308 = CARTESIAN_POINT('',(23.337631225586,-22.19855880737,0.));
#7309 = VECTOR('',#7310,1.);
#7310 = DIRECTION('',(9.318278210933E-02,0.995649019042,0.));
#7311 = ORIENTED_EDGE('',*,*,#7312,.T.);
#7312 = EDGE_CURVE('',#7305,#2213,#7313,.T.);
#7313 = LINE('',#7314,#7315);
#7314 = CARTESIAN_POINT('',(23.346904754639,-22.09947204589,0.));
#7315 = VECTOR('',#7316,1.);
#7316 = DIRECTION('',(0.,0.,1.));
#7317 = ORIENTED_EDGE('',*,*,#2220,.F.);
#7318 = PLANE('',#7319);
#7319 = AXIS2_PLACEMENT_3D('',#7320,#7321,#7322);
#7320 = CARTESIAN_POINT('',(23.342267990112,-22.14901542663,12.5));
#7321 = DIRECTION('',(0.995649019042,-9.318278210933E-02,0.));
#7322 = DIRECTION('',(9.318278210933E-02,0.995649019042,0.));
#7323 = ADVANCED_FACE('',(#7324),#7342,.F.);
#7324 = FACE_BOUND('',#7325,.F.);
#7325 = EDGE_LOOP('',(#7326,#7334,#7335,#7336));
#7326 = ORIENTED_EDGE('',*,*,#7327,.T.);
#7327 = EDGE_CURVE('',#7328,#7280,#7330,.T.);
#7328 = VERTEX_POINT('',#7329);
#7329 = CARTESIAN_POINT('',(22.168115615845,-23.54440307617,0.));
#7330 = LINE('',#7331,#7332);
#7331 = CARTESIAN_POINT('',(22.168115615845,-23.54440307617,0.));
#7332 = VECTOR('',#7333,1.);
#7333 = DIRECTION('',(0.956655309651,0.291222627069,0.));
#7334 = ORIENTED_EDGE('',*,*,#7279,.T.);
#7335 = ORIENTED_EDGE('',*,*,#1556,.F.);
#7336 = ORIENTED_EDGE('',*,*,#7337,.T.);
#7337 = EDGE_CURVE('',#1557,#7328,#7338,.T.);
#7338 = LINE('',#7339,#7340);
#7339 = CARTESIAN_POINT('',(22.168115615845,-23.54440307617,25.));
#7340 = VECTOR('',#7341,1.);
#7341 = DIRECTION('',(0.,0.,-1.));
#7342 = PLANE('',#7343);
#7343 = AXIS2_PLACEMENT_3D('',#7344,#7345,#7346);
#7344 = CARTESIAN_POINT('',(22.215718269348,-23.52991199493,12.5));
#7345 = DIRECTION('',(0.291222627069,-0.956655309651,0.));
#7346 = DIRECTION('',(-0.956655309651,-0.291222627069,0.));
#7347 = ADVANCED_FACE('',(#7348),#7366,.F.);
#7348 = FACE_BOUND('',#7349,.F.);
#7349 = EDGE_LOOP('',(#7350,#7351,#7359,#7365));
#7350 = ORIENTED_EDGE('',*,*,#7312,.F.);
#7351 = ORIENTED_EDGE('',*,*,#7352,.T.);
#7352 = EDGE_CURVE('',#7305,#7353,#7355,.T.);
#7353 = VERTEX_POINT('',#7354);
#7354 = CARTESIAN_POINT('',(23.35000038147,-22.,0.));
#7355 = LINE('',#7356,#7357);
#7356 = CARTESIAN_POINT('',(23.346904754639,-22.09947204589,0.));
#7357 = VECTOR('',#7358,1.);
#7358 = DIRECTION('',(3.110551159775E-02,0.999516106498,0.));
#7359 = ORIENTED_EDGE('',*,*,#7360,.F.);
#7360 = EDGE_CURVE('',#2205,#7353,#7361,.T.);
#7361 = LINE('',#7362,#7363);
#7362 = CARTESIAN_POINT('',(23.35000038147,-22.,25.));
#7363 = VECTOR('',#7364,1.);
#7364 = DIRECTION('',(0.,0.,-1.));
#7365 = ORIENTED_EDGE('',*,*,#2212,.F.);
#7366 = PLANE('',#7367);
#7367 = AXIS2_PLACEMENT_3D('',#7368,#7369,#7370);
#7368 = CARTESIAN_POINT('',(23.348452568054,-22.04973602294,12.5));
#7369 = DIRECTION('',(0.999516106498,-3.110551159775E-02,0.));
#7370 = DIRECTION('',(3.110551159775E-02,0.999516106498,0.));
#7371 = ADVANCED_FACE('',(#7372),#7390,.F.);
#7372 = FACE_BOUND('',#7373,.F.);
#7373 = EDGE_LOOP('',(#7374,#7375,#7383,#7389));
#7374 = ORIENTED_EDGE('',*,*,#1564,.F.);
#7375 = ORIENTED_EDGE('',*,*,#7376,.T.);
#7376 = EDGE_CURVE('',#1565,#7377,#7379,.T.);
#7377 = VERTEX_POINT('',#7378);
#7378 = CARTESIAN_POINT('',(22.071290969849,-23.56740951538,0.));
#7379 = LINE('',#7380,#7381);
#7380 = CARTESIAN_POINT('',(22.071290969849,-23.56740951538,25.));
#7381 = VECTOR('',#7382,1.);
#7382 = DIRECTION('',(0.,0.,-1.));
#7383 = ORIENTED_EDGE('',*,*,#7384,.T.);
#7384 = EDGE_CURVE('',#7377,#7328,#7385,.T.);
#7385 = LINE('',#7386,#7387);
#7386 = CARTESIAN_POINT('',(22.071290969849,-23.56740951538,0.));
#7387 = VECTOR('',#7388,1.);
#7388 = DIRECTION('',(0.972912631982,0.231173118095,0.));
#7389 = ORIENTED_EDGE('',*,*,#7337,.F.);
#7390 = PLANE('',#7391);
#7391 = AXIS2_PLACEMENT_3D('',#7392,#7393,#7394);
#7392 = CARTESIAN_POINT('',(22.119703292847,-23.55590629577,12.5));
#7393 = DIRECTION('',(0.231173118095,-0.972912631982,0.));
#7394 = DIRECTION('',(-0.972912631982,-0.231173118095,0.));
#7395 = ADVANCED_FACE('',(#7396),#7414,.F.);
#7396 = FACE_BOUND('',#7397,.F.);
#7397 = EDGE_LOOP('',(#7398,#7406,#7407,#7408));
#7398 = ORIENTED_EDGE('',*,*,#7399,.T.);
#7399 = EDGE_CURVE('',#7400,#2197,#7402,.T.);
#7400 = VERTEX_POINT('',#7401);
#7401 = CARTESIAN_POINT('',(23.35000038147,-12.,0.));
#7402 = LINE('',#7403,#7404);
#7403 = CARTESIAN_POINT('',(23.35000038147,-12.,0.));
#7404 = VECTOR('',#7405,1.);
#7405 = DIRECTION('',(0.,0.,1.));
#7406 = ORIENTED_EDGE('',*,*,#2204,.F.);
#7407 = ORIENTED_EDGE('',*,*,#7360,.T.);
#7408 = ORIENTED_EDGE('',*,*,#7409,.T.);
#7409 = EDGE_CURVE('',#7353,#7400,#7410,.T.);
#7410 = LINE('',#7411,#7412);
#7411 = CARTESIAN_POINT('',(23.35000038147,-22.,0.));
#7412 = VECTOR('',#7413,1.);
#7413 = DIRECTION('',(0.,1.,0.));
#7414 = PLANE('',#7415);
#7415 = AXIS2_PLACEMENT_3D('',#7416,#7417,#7418);
#7416 = CARTESIAN_POINT('',(23.35000038147,-17.,12.5));
#7417 = DIRECTION('',(1.,0.,0.));
#7418 = DIRECTION('',(0.,0.,1.));
#7419 = ADVANCED_FACE('',(#7420),#7438,.F.);
#7420 = FACE_BOUND('',#7421,.F.);
#7421 = EDGE_LOOP('',(#7422,#7430,#7436,#7437));
#7422 = ORIENTED_EDGE('',*,*,#7423,.T.);
#7423 = EDGE_CURVE('',#1573,#7424,#7426,.T.);
#7424 = VERTEX_POINT('',#7425);
#7425 = CARTESIAN_POINT('',(21.973224639893,-23.58435249328,0.));
#7426 = LINE('',#7427,#7428);
#7427 = CARTESIAN_POINT('',(21.973224639893,-23.58435249328,25.));
#7428 = VECTOR('',#7429,1.);
#7429 = DIRECTION('',(0.,0.,-1.));
#7430 = ORIENTED_EDGE('',*,*,#7431,.T.);
#7431 = EDGE_CURVE('',#7424,#7377,#7432,.T.);
#7432 = LINE('',#7433,#7434);
#7433 = CARTESIAN_POINT('',(21.973224639893,-23.58435249328,0.));
#7434 = VECTOR('',#7435,1.);
#7435 = DIRECTION('',(0.985401187549,0.170248346766,0.));
#7436 = ORIENTED_EDGE('',*,*,#7376,.F.);
#7437 = ORIENTED_EDGE('',*,*,#1572,.F.);
#7438 = PLANE('',#7439);
#7439 = AXIS2_PLACEMENT_3D('',#7440,#7441,#7442);
#7440 = CARTESIAN_POINT('',(22.022257804871,-23.57588100433,12.5));
#7441 = DIRECTION('',(0.170248346766,-0.985401187549,0.));
#7442 = DIRECTION('',(-0.985401187549,-0.170248346766,0.));
#7443 = ADVANCED_FACE('',(#7444),#7462,.F.);
#7444 = FACE_BOUND('',#7445,.F.);
#7445 = EDGE_LOOP('',(#7446,#7454,#7460,#7461));
#7446 = ORIENTED_EDGE('',*,*,#7447,.T.);
#7447 = EDGE_CURVE('',#7400,#7448,#7450,.T.);
#7448 = VERTEX_POINT('',#7449);
#7449 = CARTESIAN_POINT('',(23.346904754639,-11.90052890777,0.));
#7450 = LINE('',#7451,#7452);
#7451 = CARTESIAN_POINT('',(23.35000038147,-12.,0.));
#7452 = VECTOR('',#7453,1.);
#7453 = DIRECTION('',(-3.110580953179E-02,0.999516097226,0.));
#7454 = ORIENTED_EDGE('',*,*,#7455,.T.);
#7455 = EDGE_CURVE('',#7448,#2189,#7456,.T.);
#7456 = LINE('',#7457,#7458);
#7457 = CARTESIAN_POINT('',(23.346904754639,-11.90052890777,0.));
#7458 = VECTOR('',#7459,1.);
#7459 = DIRECTION('',(0.,0.,1.));
#7460 = ORIENTED_EDGE('',*,*,#2196,.F.);
#7461 = ORIENTED_EDGE('',*,*,#7399,.F.);
#7462 = PLANE('',#7463);
#7463 = AXIS2_PLACEMENT_3D('',#7464,#7465,#7466);
#7464 = CARTESIAN_POINT('',(23.348452568054,-11.95026445388,12.5));
#7465 = DIRECTION('',(0.999516097226,3.110580953179E-02,0.));
#7466 = DIRECTION('',(-3.110580953179E-02,0.999516097226,0.));
#7467 = ADVANCED_FACE('',(#7468),#7486,.F.);
#7468 = FACE_BOUND('',#7469,.F.);
#7469 = EDGE_LOOP('',(#7470,#7471,#7472,#7480));
#7470 = ORIENTED_EDGE('',*,*,#7423,.F.);
#7471 = ORIENTED_EDGE('',*,*,#1580,.F.);
#7472 = ORIENTED_EDGE('',*,*,#7473,.F.);
#7473 = EDGE_CURVE('',#7474,#1581,#7476,.T.);
#7474 = VERTEX_POINT('',#7475);
#7475 = CARTESIAN_POINT('',(21.874294281006,-23.59516525268,0.));
#7476 = LINE('',#7477,#7478);
#7477 = CARTESIAN_POINT('',(21.874294281006,-23.59516525268,0.));
#7478 = VECTOR('',#7479,1.);
#7479 = DIRECTION('',(0.,0.,1.));
#7480 = ORIENTED_EDGE('',*,*,#7481,.F.);
#7481 = EDGE_CURVE('',#7424,#7474,#7482,.T.);
#7482 = LINE('',#7483,#7484);
#7483 = CARTESIAN_POINT('',(21.973224639893,-23.58435249328,0.));
#7484 = VECTOR('',#7485,1.);
#7485 = DIRECTION('',(-0.99408010406,-0.108649651228,0.));
#7486 = PLANE('',#7487);
#7487 = AXIS2_PLACEMENT_3D('',#7488,#7489,#7490);
#7488 = CARTESIAN_POINT('',(21.923759460449,-23.58975887298,12.5));
#7489 = DIRECTION('',(0.108649651228,-0.99408010406,0.));
#7490 = DIRECTION('',(-0.99408010406,-0.108649651228,0.));
#7491 = ADVANCED_FACE('',(#7492),#7510,.F.);
#7492 = FACE_BOUND('',#7493,.F.);
#7493 = EDGE_LOOP('',(#7494,#7502,#7508,#7509));
#7494 = ORIENTED_EDGE('',*,*,#7495,.T.);
#7495 = EDGE_CURVE('',#7448,#7496,#7498,.T.);
#7496 = VERTEX_POINT('',#7497);
#7497 = CARTESIAN_POINT('',(23.337631225586,-11.8014421463,0.));
#7498 = LINE('',#7499,#7500);
#7499 = CARTESIAN_POINT('',(23.346904754639,-11.90052890777,0.));
#7500 = VECTOR('',#7501,1.);
#7501 = DIRECTION('',(-9.318278210933E-02,0.995649019042,0.));
#7502 = ORIENTED_EDGE('',*,*,#7503,.T.);
#7503 = EDGE_CURVE('',#7496,#2181,#7504,.T.);
#7504 = LINE('',#7505,#7506);
#7505 = CARTESIAN_POINT('',(23.337631225586,-11.8014421463,0.));
#7506 = VECTOR('',#7507,1.);
#7507 = DIRECTION('',(0.,0.,1.));
#7508 = ORIENTED_EDGE('',*,*,#2188,.F.);
#7509 = ORIENTED_EDGE('',*,*,#7455,.F.);
#7510 = PLANE('',#7511);
#7511 = AXIS2_PLACEMENT_3D('',#7512,#7513,#7514);
#7512 = CARTESIAN_POINT('',(23.342267990112,-11.85098552703,12.5));
#7513 = DIRECTION('',(0.995649019042,9.318278210933E-02,0.));
#7514 = DIRECTION('',(-9.318278210933E-02,0.995649019042,0.));
#7515 = ADVANCED_FACE('',(#7516),#7534,.F.);
#7516 = FACE_BOUND('',#7517,.F.);
#7517 = EDGE_LOOP('',(#7518,#7519,#7527,#7533));
#7518 = ORIENTED_EDGE('',*,*,#1588,.F.);
#7519 = ORIENTED_EDGE('',*,*,#7520,.T.);
#7520 = EDGE_CURVE('',#1589,#7521,#7523,.T.);
#7521 = VERTEX_POINT('',#7522);
#7522 = CARTESIAN_POINT('',(21.774883270264,-23.5998058319,0.));
#7523 = LINE('',#7524,#7525);
#7524 = CARTESIAN_POINT('',(21.774883270264,-23.5998058319,25.));
#7525 = VECTOR('',#7526,1.);
#7526 = DIRECTION('',(0.,0.,-1.));
#7527 = ORIENTED_EDGE('',*,*,#7528,.T.);
#7528 = EDGE_CURVE('',#7521,#7474,#7529,.T.);
#7529 = LINE('',#7530,#7531);
#7530 = CARTESIAN_POINT('',(21.774883270264,-23.5998058319,0.));
#7531 = VECTOR('',#7532,1.);
#7532 = DIRECTION('',(0.998912231845,4.662995894241E-02,0.));
#7533 = ORIENTED_EDGE('',*,*,#7473,.T.);
#7534 = PLANE('',#7535);
#7535 = AXIS2_PLACEMENT_3D('',#7536,#7537,#7538);
#7536 = CARTESIAN_POINT('',(21.824588775635,-23.59748554229,12.5));
#7537 = DIRECTION('',(4.662995894241E-02,-0.998912231845,0.));
#7538 = DIRECTION('',(-0.998912231845,-4.662995894241E-02,0.));
#7539 = ADVANCED_FACE('',(#7540),#7558,.F.);
#7540 = FACE_BOUND('',#7541,.F.);
#7541 = EDGE_LOOP('',(#7542,#7550,#7551,#7552));
#7542 = ORIENTED_EDGE('',*,*,#7543,.F.);
#7543 = EDGE_CURVE('',#2173,#7544,#7546,.T.);
#7544 = VERTEX_POINT('',#7545);
#7545 = CARTESIAN_POINT('',(23.322216033936,-11.70312404632,0.));
#7546 = LINE('',#7547,#7548);
#7547 = CARTESIAN_POINT('',(23.322216033936,-11.70312404632,25.));
#7548 = VECTOR('',#7549,1.);
#7549 = DIRECTION('',(0.,0.,-1.));
#7550 = ORIENTED_EDGE('',*,*,#2180,.F.);
#7551 = ORIENTED_EDGE('',*,*,#7503,.F.);
#7552 = ORIENTED_EDGE('',*,*,#7553,.T.);
#7553 = EDGE_CURVE('',#7496,#7544,#7554,.T.);
#7554 = LINE('',#7555,#7556);
#7555 = CARTESIAN_POINT('',(23.337631225586,-11.8014421463,0.));
#7556 = VECTOR('',#7557,1.);
#7557 = DIRECTION('',(-0.154896614697,0.987930685198,0.));
#7558 = PLANE('',#7559);
#7559 = AXIS2_PLACEMENT_3D('',#7560,#7561,#7562);
#7560 = CARTESIAN_POINT('',(23.329923629761,-11.75228309631,12.5));
#7561 = DIRECTION('',(0.987930685198,0.154896614697,0.));
#7562 = DIRECTION('',(-0.154896614697,0.987930685198,0.));
#7563 = ADVANCED_FACE('',(#7564),#7582,.F.);
#7564 = FACE_BOUND('',#7565,.F.);
#7565 = EDGE_LOOP('',(#7566,#7574,#7575,#7576));
#7566 = ORIENTED_EDGE('',*,*,#7567,.F.);
#7567 = EDGE_CURVE('',#7521,#7568,#7570,.T.);
#7568 = VERTEX_POINT('',#7569);
#7569 = CARTESIAN_POINT('',(21.675374984741,-23.59825897216,0.));
#7570 = LINE('',#7571,#7572);
#7571 = CARTESIAN_POINT('',(21.774883270264,-23.5998058319,0.));
#7572 = VECTOR('',#7573,1.);
#7573 = DIRECTION('',(-0.999879197843,1.554315672405E-02,0.));
#7574 = ORIENTED_EDGE('',*,*,#7520,.F.);
#7575 = ORIENTED_EDGE('',*,*,#1596,.F.);
#7576 = ORIENTED_EDGE('',*,*,#7577,.F.);
#7577 = EDGE_CURVE('',#7568,#1597,#7578,.T.);
#7578 = LINE('',#7579,#7580);
#7579 = CARTESIAN_POINT('',(21.675374984741,-23.59825897216,0.));
#7580 = VECTOR('',#7581,1.);
#7581 = DIRECTION('',(0.,0.,1.));
#7582 = PLANE('',#7583);
#7583 = AXIS2_PLACEMENT_3D('',#7584,#7585,#7586);
#7584 = CARTESIAN_POINT('',(21.725129127502,-23.59903240203,12.5));
#7585 = DIRECTION('',(-1.554315672405E-02,-0.999879197843,-0.));
#7586 = DIRECTION('',(-0.999879197843,1.554315672405E-02,0.));
#7587 = ADVANCED_FACE('',(#7588),#7606,.F.);
#7588 = FACE_BOUND('',#7589,.F.);
#7589 = EDGE_LOOP('',(#7590,#7591,#7599,#7605));
#7590 = ORIENTED_EDGE('',*,*,#7543,.T.);
#7591 = ORIENTED_EDGE('',*,*,#7592,.T.);
#7592 = EDGE_CURVE('',#7544,#7593,#7595,.T.);
#7593 = VERTEX_POINT('',#7594);
#7594 = CARTESIAN_POINT('',(23.300718307495,-11.60595417022,0.));
#7595 = LINE('',#7596,#7597);
#7596 = CARTESIAN_POINT('',(23.322216033936,-11.70312404632,0.));
#7597 = VECTOR('',#7598,1.);
#7598 = DIRECTION('',(-0.216015150098,0.97639001169,0.));
#7599 = ORIENTED_EDGE('',*,*,#7600,.T.);
#7600 = EDGE_CURVE('',#7593,#2165,#7601,.T.);
#7601 = LINE('',#7602,#7603);
#7602 = CARTESIAN_POINT('',(23.300718307495,-11.60595417022,0.));
#7603 = VECTOR('',#7604,1.);
#7604 = DIRECTION('',(0.,0.,1.));
#7605 = ORIENTED_EDGE('',*,*,#2172,.F.);
#7606 = PLANE('',#7607);
#7607 = AXIS2_PLACEMENT_3D('',#7608,#7609,#7610);
#7608 = CARTESIAN_POINT('',(23.311467170715,-11.65453910827,12.5));
#7609 = DIRECTION('',(0.97639001169,0.216015150098,0.));
#7610 = DIRECTION('',(-0.216015150098,0.97639001169,0.));
#7611 = ADVANCED_FACE('',(#7612),#7630,.F.);
#7612 = FACE_BOUND('',#7613,.F.);
#7613 = EDGE_LOOP('',(#7614,#7622,#7623,#7624));
#7614 = ORIENTED_EDGE('',*,*,#7615,.F.);
#7615 = EDGE_CURVE('',#7568,#7616,#7618,.T.);
#7616 = VERTEX_POINT('',#7617);
#7617 = CARTESIAN_POINT('',(21.576156616211,-23.59052848815,0.));
#7618 = LINE('',#7619,#7620);
#7619 = CARTESIAN_POINT('',(21.675374984741,-23.59825897216,0.));
#7620 = VECTOR('',#7621,1.);
#7621 = DIRECTION('',(-0.996978466708,7.767841991518E-02,0.));
#7622 = ORIENTED_EDGE('',*,*,#7577,.T.);
#7623 = ORIENTED_EDGE('',*,*,#1604,.F.);
#7624 = ORIENTED_EDGE('',*,*,#7625,.T.);
#7625 = EDGE_CURVE('',#1605,#7616,#7626,.T.);
#7626 = LINE('',#7627,#7628);
#7627 = CARTESIAN_POINT('',(21.576156616211,-23.59052848815,25.));
#7628 = VECTOR('',#7629,1.);
#7629 = DIRECTION('',(0.,0.,-1.));
#7630 = PLANE('',#7631);
#7631 = AXIS2_PLACEMENT_3D('',#7632,#7633,#7634);
#7632 = CARTESIAN_POINT('',(21.625765800476,-23.59439373016,12.5));
#7633 = DIRECTION('',(-7.767841991518E-02,-0.996978466708,-0.));
#7634 = DIRECTION('',(-0.996978466708,7.767841991518E-02,0.));
#7635 = ADVANCED_FACE('',(#7636),#7654,.F.);
#7636 = FACE_BOUND('',#7637,.F.);
#7637 = EDGE_LOOP('',(#7638,#7639,#7647,#7653));
#7638 = ORIENTED_EDGE('',*,*,#7600,.F.);
#7639 = ORIENTED_EDGE('',*,*,#7640,.T.);
#7640 = EDGE_CURVE('',#7593,#7641,#7643,.T.);
#7641 = VERTEX_POINT('',#7642);
#7642 = CARTESIAN_POINT('',(23.273220062256,-11.51030826568,0.));
#7643 = LINE('',#7644,#7645);
#7644 = CARTESIAN_POINT('',(23.300718307495,-11.60595417022,0.));
#7645 = VECTOR('',#7646,1.);
#7646 = DIRECTION('',(-0.276307867435,0.961069176695,0.));
#7647 = ORIENTED_EDGE('',*,*,#7648,.F.);
#7648 = EDGE_CURVE('',#2157,#7641,#7649,.T.);
#7649 = LINE('',#7650,#7651);
#7650 = CARTESIAN_POINT('',(23.273220062256,-11.51030826568,25.));
#7651 = VECTOR('',#7652,1.);
#7652 = DIRECTION('',(0.,0.,-1.));
#7653 = ORIENTED_EDGE('',*,*,#2164,.F.);
#7654 = PLANE('',#7655);
#7655 = AXIS2_PLACEMENT_3D('',#7656,#7657,#7658);
#7656 = CARTESIAN_POINT('',(23.286969184875,-11.55813121795,12.5));
#7657 = DIRECTION('',(0.961069176695,0.276307867435,0.));
#7658 = DIRECTION('',(-0.276307867435,0.961069176695,0.));
#7659 = ADVANCED_FACE('',(#7660),#7678,.F.);
#7660 = FACE_BOUND('',#7661,.F.);
#7661 = EDGE_LOOP('',(#7662,#7663,#7671,#7677));
#7662 = ORIENTED_EDGE('',*,*,#1612,.F.);
#7663 = ORIENTED_EDGE('',*,*,#7664,.T.);
#7664 = EDGE_CURVE('',#1613,#7665,#7667,.T.);
#7665 = VERTEX_POINT('',#7666);
#7666 = CARTESIAN_POINT('',(21.477609634399,-23.57664299011,0.));
#7667 = LINE('',#7668,#7669);
#7668 = CARTESIAN_POINT('',(21.477609634399,-23.57664299011,25.));
#7669 = VECTOR('',#7670,1.);
#7670 = DIRECTION('',(0.,0.,-1.));
#7671 = ORIENTED_EDGE('',*,*,#7672,.F.);
#7672 = EDGE_CURVE('',#7616,#7665,#7673,.T.);
#7673 = LINE('',#7674,#7675);
#7674 = CARTESIAN_POINT('',(21.576156616211,-23.59052848815,0.));
#7675 = VECTOR('',#7676,1.);
#7676 = DIRECTION('',(-0.990218674847,0.139524105384,0.));
#7677 = ORIENTED_EDGE('',*,*,#7625,.F.);
#7678 = PLANE('',#7679);
#7679 = AXIS2_PLACEMENT_3D('',#7680,#7681,#7682);
#7680 = CARTESIAN_POINT('',(21.526883125305,-23.58358573913,12.5));
#7681 = DIRECTION('',(-0.139524105384,-0.990218674847,-0.));
#7682 = DIRECTION('',(-0.990218674847,0.139524105384,0.));
#7683 = ADVANCED_FACE('',(#7684),#7702,.F.);
#7684 = FACE_BOUND('',#7685,.F.);
#7685 = EDGE_LOOP('',(#7686,#7687,#7688,#7696));
#7686 = ORIENTED_EDGE('',*,*,#2156,.F.);
#7687 = ORIENTED_EDGE('',*,*,#7648,.T.);
#7688 = ORIENTED_EDGE('',*,*,#7689,.T.);
#7689 = EDGE_CURVE('',#7641,#7690,#7692,.T.);
#7690 = VERTEX_POINT('',#7691);
#7691 = CARTESIAN_POINT('',(23.23983001709,-11.41655731201,0.));
#7692 = LINE('',#7693,#7694);
#7693 = CARTESIAN_POINT('',(23.273220062256,-11.51030826568,0.));
#7694 = VECTOR('',#7695,1.);
#7695 = DIRECTION('',(-0.335512495634,0.942035755836,0.));
#7696 = ORIENTED_EDGE('',*,*,#7697,.F.);
#7697 = EDGE_CURVE('',#2149,#7690,#7698,.T.);
#7698 = LINE('',#7699,#7700);
#7699 = CARTESIAN_POINT('',(23.23983001709,-11.41655731201,25.));
#7700 = VECTOR('',#7701,1.);
#7701 = DIRECTION('',(0.,0.,-1.));
#7702 = PLANE('',#7703);
#7703 = AXIS2_PLACEMENT_3D('',#7704,#7705,#7706);
#7704 = CARTESIAN_POINT('',(23.256525039673,-11.46343278884,12.5));
#7705 = DIRECTION('',(0.942035755836,0.335512495634,0.));
#7706 = DIRECTION('',(-0.335512495634,0.942035755836,0.));
#7707 = ADVANCED_FACE('',(#7708),#7726,.F.);
#7708 = FACE_BOUND('',#7709,.F.);
#7709 = EDGE_LOOP('',(#7710,#7718,#7719,#7720));
#7710 = ORIENTED_EDGE('',*,*,#7711,.F.);
#7711 = EDGE_CURVE('',#7665,#7712,#7714,.T.);
#7712 = VERTEX_POINT('',#7713);
#7713 = CARTESIAN_POINT('',(21.380117416382,-23.55665969848,0.));
#7714 = LINE('',#7715,#7716);
#7715 = CARTESIAN_POINT('',(21.477609634399,-23.57664299011,0.));
#7716 = VECTOR('',#7717,1.);
#7717 = DIRECTION('',(-0.979632580948,0.200798422166,0.));
#7718 = ORIENTED_EDGE('',*,*,#7664,.F.);
#7719 = ORIENTED_EDGE('',*,*,#1620,.F.);
#7720 = ORIENTED_EDGE('',*,*,#7721,.F.);
#7721 = EDGE_CURVE('',#7712,#1621,#7722,.T.);
#7722 = LINE('',#7723,#7724);
#7723 = CARTESIAN_POINT('',(21.380117416382,-23.55665969848,0.));
#7724 = VECTOR('',#7725,1.);
#7725 = DIRECTION('',(0.,0.,1.));
#7726 = PLANE('',#7727);
#7727 = AXIS2_PLACEMENT_3D('',#7728,#7729,#7730);
#7728 = CARTESIAN_POINT('',(21.428863525391,-23.56665134429,12.5));
#7729 = DIRECTION('',(-0.200798422166,-0.979632580948,-0.));
#7730 = DIRECTION('',(-0.979632580948,0.200798422166,0.));
#7731 = ADVANCED_FACE('',(#7732),#7750,.F.);
#7732 = FACE_BOUND('',#7733,.F.);
#7733 = EDGE_LOOP('',(#7734,#7742,#7743,#7744));
#7734 = ORIENTED_EDGE('',*,*,#7735,.T.);
#7735 = EDGE_CURVE('',#7736,#2141,#7738,.T.);
#7736 = VERTEX_POINT('',#7737);
#7737 = CARTESIAN_POINT('',(23.200675964355,-11.32506370544,0.));
#7738 = LINE('',#7739,#7740);
#7739 = CARTESIAN_POINT('',(23.200675964355,-11.32506370544,0.));
#7740 = VECTOR('',#7741,1.);
#7741 = DIRECTION('',(0.,0.,1.));
#7742 = ORIENTED_EDGE('',*,*,#2148,.F.);
#7743 = ORIENTED_EDGE('',*,*,#7697,.T.);
#7744 = ORIENTED_EDGE('',*,*,#7745,.T.);
#7745 = EDGE_CURVE('',#7690,#7736,#7746,.T.);
#7746 = LINE('',#7747,#7748);
#7747 = CARTESIAN_POINT('',(23.23983001709,-11.41655731201,0.));
#7748 = VECTOR('',#7749,1.);
#7749 = DIRECTION('',(-0.393431181445,0.919354069696,0.));
#7750 = PLANE('',#7751);
#7751 = AXIS2_PLACEMENT_3D('',#7752,#7753,#7754);
#7752 = CARTESIAN_POINT('',(23.220252990723,-11.37081050872,12.5));
#7753 = DIRECTION('',(0.919354069696,0.393431181445,0.));
#7754 = DIRECTION('',(-0.393431181445,0.919354069696,0.));
#7755 = ADVANCED_FACE('',(#7756),#7774,.F.);
#7756 = FACE_BOUND('',#7757,.F.);
#7757 = EDGE_LOOP('',(#7758,#7766,#7767,#7768));
#7758 = ORIENTED_EDGE('',*,*,#7759,.T.);
#7759 = EDGE_CURVE('',#7760,#7712,#7762,.T.);
#7760 = VERTEX_POINT('',#7761);
#7761 = CARTESIAN_POINT('',(21.284055709839,-23.53065299987,0.));
#7762 = LINE('',#7763,#7764);
#7763 = CARTESIAN_POINT('',(21.284055709839,-23.53065299987,0.));
#7764 = VECTOR('',#7765,1.);
#7765 = DIRECTION('',(0.96525175605,-0.261321731668,0.));
#7766 = ORIENTED_EDGE('',*,*,#7721,.T.);
#7767 = ORIENTED_EDGE('',*,*,#1628,.F.);
#7768 = ORIENTED_EDGE('',*,*,#7769,.T.);
#7769 = EDGE_CURVE('',#1629,#7760,#7770,.T.);
#7770 = LINE('',#7771,#7772);
#7771 = CARTESIAN_POINT('',(21.284055709839,-23.53065299987,25.));
#7772 = VECTOR('',#7773,1.);
#7773 = DIRECTION('',(0.,0.,-1.));
#7774 = PLANE('',#7775);
#7775 = AXIS2_PLACEMENT_3D('',#7776,#7777,#7778);
#7776 = CARTESIAN_POINT('',(21.33208656311,-23.54365634918,12.5));
#7777 = DIRECTION('',(-0.261321731668,-0.96525175605,-0.));
#7778 = DIRECTION('',(-0.96525175605,0.261321731668,0.));
#7779 = ADVANCED_FACE('',(#7780),#7798,.F.);
#7780 = FACE_BOUND('',#7781,.F.);
#7781 = EDGE_LOOP('',(#7782,#7790,#7796,#7797));
#7782 = ORIENTED_EDGE('',*,*,#7783,.F.);
#7783 = EDGE_CURVE('',#7784,#7736,#7786,.T.);
#7784 = VERTEX_POINT('',#7785);
#7785 = CARTESIAN_POINT('',(23.155908584595,-11.23618125915,0.));
#7786 = LINE('',#7787,#7788);
#7787 = CARTESIAN_POINT('',(23.155908584595,-11.23618125915,0.));
#7788 = VECTOR('',#7789,1.);
#7789 = DIRECTION('',(0.449833514916,-0.893112427894,0.));
#7790 = ORIENTED_EDGE('',*,*,#7791,.T.);
#7791 = EDGE_CURVE('',#7784,#2133,#7792,.T.);
#7792 = LINE('',#7793,#7794);
#7793 = CARTESIAN_POINT('',(23.155908584595,-11.23618125915,0.));
#7794 = VECTOR('',#7795,1.);
#7795 = DIRECTION('',(0.,0.,1.));
#7796 = ORIENTED_EDGE('',*,*,#2140,.F.);
#7797 = ORIENTED_EDGE('',*,*,#7735,.F.);
#7798 = PLANE('',#7799);
#7799 = AXIS2_PLACEMENT_3D('',#7800,#7801,#7802);
#7800 = CARTESIAN_POINT('',(23.178292274475,-11.2806224823,12.5));
#7801 = DIRECTION('',(0.893112427894,0.449833514916,0.));
#7802 = DIRECTION('',(-0.449833514916,0.893112427894,0.));
#7803 = ADVANCED_FACE('',(#7804),#7822,.F.);
#7804 = FACE_BOUND('',#7805,.F.);
#7805 = EDGE_LOOP('',(#7806,#7807,#7815,#7821));
#7806 = ORIENTED_EDGE('',*,*,#1636,.F.);
#7807 = ORIENTED_EDGE('',*,*,#7808,.T.);
#7808 = EDGE_CURVE('',#1637,#7809,#7811,.T.);
#7809 = VERTEX_POINT('',#7810);
#7810 = CARTESIAN_POINT('',(21.189798355103,-23.49872398376,0.));
#7811 = LINE('',#7812,#7813);
#7812 = CARTESIAN_POINT('',(21.189798355103,-23.49872398376,25.));
#7813 = VECTOR('',#7814,1.);
#7814 = DIRECTION('',(0.,0.,-1.));
#7815 = ORIENTED_EDGE('',*,*,#7816,.T.);
#7816 = EDGE_CURVE('',#7809,#7760,#7817,.T.);
#7817 = LINE('',#7818,#7819);
#7818 = CARTESIAN_POINT('',(21.189798355103,-23.49872398376,0.));
#7819 = VECTOR('',#7820,1.);
#7820 = DIRECTION('',(0.947134994547,-0.320835319291,0.));
#7821 = ORIENTED_EDGE('',*,*,#7769,.F.);
#7822 = PLANE('',#7823);
#7823 = AXIS2_PLACEMENT_3D('',#7824,#7825,#7826);
#7824 = CARTESIAN_POINT('',(21.236927032471,-23.51468849182,12.5));
#7825 = DIRECTION('',(-0.320835319291,-0.947134994547,-0.));
#7826 = DIRECTION('',(-0.947134994547,0.320835319291,0.));
#7827 = ADVANCED_FACE('',(#7828),#7846,.F.);
#7828 = FACE_BOUND('',#7829,.F.);
#7829 = EDGE_LOOP('',(#7830,#7838,#7839,#7840));
#7830 = ORIENTED_EDGE('',*,*,#7831,.F.);
#7831 = EDGE_CURVE('',#2125,#7832,#7834,.T.);
#7832 = VERTEX_POINT('',#7833);
#7833 = CARTESIAN_POINT('',(23.105703353882,-11.15025424957,0.));
#7834 = LINE('',#7835,#7836);
#7835 = CARTESIAN_POINT('',(23.105703353882,-11.15025424957,25.));
#7836 = VECTOR('',#7837,1.);
#7837 = DIRECTION('',(0.,0.,-1.));
#7838 = ORIENTED_EDGE('',*,*,#2132,.F.);
#7839 = ORIENTED_EDGE('',*,*,#7791,.F.);
#7840 = ORIENTED_EDGE('',*,*,#7841,.T.);
#7841 = EDGE_CURVE('',#7784,#7832,#7842,.T.);
#7842 = LINE('',#7843,#7844);
#7843 = CARTESIAN_POINT('',(23.155908584595,-11.23618125915,0.));
#7844 = VECTOR('',#7845,1.);
#7845 = DIRECTION('',(-0.504479237373,0.863423823542,0.));
#7846 = PLANE('',#7847);
#7847 = AXIS2_PLACEMENT_3D('',#7848,#7849,#7850);
#7848 = CARTESIAN_POINT('',(23.130805969238,-11.19321775436,12.5));
#7849 = DIRECTION('',(0.863423823542,0.504479237373,0.));
#7850 = DIRECTION('',(-0.504479237373,0.863423823542,0.));
#7851 = ADVANCED_FACE('',(#7852),#7870,.F.);
#7852 = FACE_BOUND('',#7853,.F.);
#7853 = EDGE_LOOP('',(#7854,#7855,#7856,#7864));
#7854 = ORIENTED_EDGE('',*,*,#7808,.F.);
#7855 = ORIENTED_EDGE('',*,*,#1644,.F.);
#7856 = ORIENTED_EDGE('',*,*,#7857,.F.);
#7857 = EDGE_CURVE('',#7858,#1645,#7860,.T.);
#7858 = VERTEX_POINT('',#7859);
#7859 = CARTESIAN_POINT('',(21.097705841064,-23.4609966278,0.));
#7860 = LINE('',#7861,#7862);
#7861 = CARTESIAN_POINT('',(21.097705841064,-23.4609966278,0.));
#7862 = VECTOR('',#7863,1.);
#7863 = DIRECTION('',(0.,0.,1.));
#7864 = ORIENTED_EDGE('',*,*,#7865,.T.);
#7865 = EDGE_CURVE('',#7858,#7809,#7866,.T.);
#7866 = LINE('',#7867,#7868);
#7867 = CARTESIAN_POINT('',(21.097705841064,-23.4609966278,0.));
#7868 = VECTOR('',#7869,1.);
#7869 = DIRECTION('',(0.925359701325,-0.379090257279,0.));
#7870 = PLANE('',#7871);
#7871 = AXIS2_PLACEMENT_3D('',#7872,#7873,#7874);
#7872 = CARTESIAN_POINT('',(21.143752098083,-23.47986030578,12.5));
#7873 = DIRECTION('',(-0.379090257279,-0.925359701325,-0.));
#7874 = DIRECTION('',(-0.925359701325,0.379090257279,0.));
#7875 = ADVANCED_FACE('',(#7876),#7894,.F.);
#7876 = FACE_BOUND('',#7877,.F.);
#7877 = EDGE_LOOP('',(#7878,#7886,#7887,#7888));
#7878 = ORIENTED_EDGE('',*,*,#7879,.F.);
#7879 = EDGE_CURVE('',#2117,#7880,#7882,.T.);
#7880 = VERTEX_POINT('',#7881);
#7881 = CARTESIAN_POINT('',(23.050252914429,-11.06761455535,0.));
#7882 = LINE('',#7883,#7884);
#7883 = CARTESIAN_POINT('',(23.050252914429,-11.06761455535,25.));
#7884 = VECTOR('',#7885,1.);
#7885 = DIRECTION('',(0.,0.,-1.));
#7886 = ORIENTED_EDGE('',*,*,#2124,.F.);
#7887 = ORIENTED_EDGE('',*,*,#7831,.T.);
#7888 = ORIENTED_EDGE('',*,*,#7889,.F.);
#7889 = EDGE_CURVE('',#7880,#7832,#7890,.T.);
#7890 = LINE('',#7891,#7892);
#7891 = CARTESIAN_POINT('',(23.050252914429,-11.06761455535,0.));
#7892 = VECTOR('',#7893,1.);
#7893 = DIRECTION('',(0.557183356557,-0.830389491248,0.));
#7894 = PLANE('',#7895);
#7895 = AXIS2_PLACEMENT_3D('',#7896,#7897,#7898);
#7896 = CARTESIAN_POINT('',(23.077978134155,-11.10893440246,12.5));
#7897 = DIRECTION('',(0.830389491248,0.557183356557,0.));
#7898 = DIRECTION('',(-0.557183356557,0.830389491248,0.));
#7899 = ADVANCED_FACE('',(#7900),#7918,.F.);
#7900 = FACE_BOUND('',#7901,.F.);
#7901 = EDGE_LOOP('',(#7902,#7903,#7904,#7912));
#7902 = ORIENTED_EDGE('',*,*,#7857,.T.);
#7903 = ORIENTED_EDGE('',*,*,#1652,.F.);
#7904 = ORIENTED_EDGE('',*,*,#7905,.F.);
#7905 = EDGE_CURVE('',#7906,#1653,#7908,.T.);
#7906 = VERTEX_POINT('',#7907);
#7907 = CARTESIAN_POINT('',(21.008138656616,-23.41761779785,0.));
#7908 = LINE('',#7909,#7910);
#7909 = CARTESIAN_POINT('',(21.008138656616,-23.41761779785,0.));
#7910 = VECTOR('',#7911,1.);
#7911 = DIRECTION('',(0.,0.,1.));
#7912 = ORIENTED_EDGE('',*,*,#7913,.T.);
#7913 = EDGE_CURVE('',#7906,#7858,#7914,.T.);
#7914 = LINE('',#7915,#7916);
#7915 = CARTESIAN_POINT('',(21.008138656616,-23.41761779785,0.));
#7916 = VECTOR('',#7917,1.);
#7917 = DIRECTION('',(0.900002118172,-0.43588552085,0.));
#7918 = PLANE('',#7919);
#7919 = AXIS2_PLACEMENT_3D('',#7920,#7921,#7922);
#7920 = CARTESIAN_POINT('',(21.05292224884,-23.43930721283,12.5));
#7921 = DIRECTION('',(-0.43588552085,-0.900002118172,-0.));
#7922 = DIRECTION('',(-0.900002118172,0.43588552085,0.));
#7923 = ADVANCED_FACE('',(#7924),#7942,.F.);
#7924 = FACE_BOUND('',#7925,.F.);
#7925 = EDGE_LOOP('',(#7926,#7927,#7928,#7936));
#7926 = ORIENTED_EDGE('',*,*,#2116,.F.);
#7927 = ORIENTED_EDGE('',*,*,#7879,.T.);
#7928 = ORIENTED_EDGE('',*,*,#7929,.T.);
#7929 = EDGE_CURVE('',#7880,#7930,#7932,.T.);
#7930 = VERTEX_POINT('',#7931);
#7931 = CARTESIAN_POINT('',(22.989770889282,-10.98858165741,0.));
#7932 = LINE('',#7933,#7934);
#7933 = CARTESIAN_POINT('',(23.050252914429,-11.06761455535,0.));
#7934 = VECTOR('',#7935,1.);
#7935 = DIRECTION('',(-0.607736043325,0.794139094645,0.));
#7936 = ORIENTED_EDGE('',*,*,#7937,.F.);
#7937 = EDGE_CURVE('',#2109,#7930,#7938,.T.);
#7938 = LINE('',#7939,#7940);
#7939 = CARTESIAN_POINT('',(22.989770889282,-10.98858165741,25.));
#7940 = VECTOR('',#7941,1.);
#7941 = DIRECTION('',(0.,0.,-1.));
#7942 = PLANE('',#7943);
#7943 = AXIS2_PLACEMENT_3D('',#7944,#7945,#7946);
#7944 = CARTESIAN_POINT('',(23.020011901855,-11.02809810638,12.5));
#7945 = DIRECTION('',(0.794139094645,0.607736043325,0.));
#7946 = DIRECTION('',(-0.607736043325,0.794139094645,0.));
#7947 = ADVANCED_FACE('',(#7948),#7966,.F.);
#7948 = FACE_BOUND('',#7949,.F.);
#7949 = EDGE_LOOP('',(#7950,#7958,#7959,#7960));
#7950 = ORIENTED_EDGE('',*,*,#7951,.T.);
#7951 = EDGE_CURVE('',#7952,#7906,#7954,.T.);
#7952 = VERTEX_POINT('',#7953);
#7953 = CARTESIAN_POINT('',(20.921440124512,-23.36875534057,0.));
#7954 = LINE('',#7955,#7956);
#7955 = CARTESIAN_POINT('',(20.921440124512,-23.36875534057,0.));
#7956 = VECTOR('',#7957,1.);
#7957 = DIRECTION('',(0.87116934995,-0.490982651128,0.));
#7958 = ORIENTED_EDGE('',*,*,#7905,.T.);
#7959 = ORIENTED_EDGE('',*,*,#1660,.F.);
#7960 = ORIENTED_EDGE('',*,*,#7961,.T.);
#7961 = EDGE_CURVE('',#1661,#7952,#7962,.T.);
#7962 = LINE('',#7963,#7964);
#7963 = CARTESIAN_POINT('',(20.921440124512,-23.36875534057,25.));
#7964 = VECTOR('',#7965,1.);
#7965 = DIRECTION('',(0.,0.,-1.));
#7966 = PLANE('',#7967);
#7967 = AXIS2_PLACEMENT_3D('',#7968,#7969,#7970);
#7968 = CARTESIAN_POINT('',(20.964789390564,-23.39318656921,12.5));
#7969 = DIRECTION('',(-0.490982651128,-0.87116934995,-0.));
#7970 = DIRECTION('',(-0.87116934995,0.490982651128,0.));
#7971 = ADVANCED_FACE('',(#7972),#7990,.F.);
#7972 = FACE_BOUND('',#7973,.F.);
#7973 = EDGE_LOOP('',(#7974,#7982,#7983,#7984));
#7974 = ORIENTED_EDGE('',*,*,#7975,.T.);
#7975 = EDGE_CURVE('',#7976,#2101,#7978,.T.);
#7976 = VERTEX_POINT('',#7977);
#7977 = CARTESIAN_POINT('',(22.924493789673,-10.91346168518,0.));
#7978 = LINE('',#7979,#7980);
#7979 = CARTESIAN_POINT('',(22.924493789673,-10.91346168518,0.));
#7980 = VECTOR('',#7981,1.);
#7981 = DIRECTION('',(0.,0.,1.));
#7982 = ORIENTED_EDGE('',*,*,#2108,.F.);
#7983 = ORIENTED_EDGE('',*,*,#7937,.T.);
#7984 = ORIENTED_EDGE('',*,*,#7985,.T.);
#7985 = EDGE_CURVE('',#7930,#7976,#7986,.T.);
#7986 = LINE('',#7987,#7988);
#7987 = CARTESIAN_POINT('',(22.989770889282,-10.98858165741,0.));
#7988 = VECTOR('',#7989,1.);
#7989 = DIRECTION('',(-0.655923397399,0.754827461573,0.));
#7990 = PLANE('',#7991);
#7991 = AXIS2_PLACEMENT_3D('',#7992,#7993,#7994);
#7992 = CARTESIAN_POINT('',(22.957132339478,-10.95102167129,12.5));
#7993 = DIRECTION('',(0.754827461573,0.655923397399,0.));
#7994 = DIRECTION('',(-0.655923397399,0.754827461573,0.));
#7995 = ADVANCED_FACE('',(#7996),#8014,.F.);
#7996 = FACE_BOUND('',#7997,.F.);
#7997 = EDGE_LOOP('',(#7998,#7999,#8000,#8008));
#7998 = ORIENTED_EDGE('',*,*,#7961,.F.);
#7999 = ORIENTED_EDGE('',*,*,#1668,.F.);
#8000 = ORIENTED_EDGE('',*,*,#8001,.F.);
#8001 = EDGE_CURVE('',#8002,#1669,#8004,.T.);
#8002 = VERTEX_POINT('',#8003);
#8003 = CARTESIAN_POINT('',(20.837947845459,-23.31459617614,0.));
#8004 = LINE('',#8005,#8006);
#8005 = CARTESIAN_POINT('',(20.837947845459,-23.31459617614,0.));
#8006 = VECTOR('',#8007,1.);
#8007 = DIRECTION('',(0.,0.,1.));
#8008 = ORIENTED_EDGE('',*,*,#8009,.T.);
#8009 = EDGE_CURVE('',#8002,#7952,#8010,.T.);
#8010 = LINE('',#8011,#8012);
#8011 = CARTESIAN_POINT('',(20.837947845459,-23.31459617614,0.));
#8012 = VECTOR('',#8013,1.);
#8013 = DIRECTION('',(0.838952063802,-0.544205323975,0.));
#8014 = PLANE('',#8015);
#8015 = AXIS2_PLACEMENT_3D('',#8016,#8017,#8018);
#8016 = CARTESIAN_POINT('',(20.879693984985,-23.34167575836,12.5));
#8017 = DIRECTION('',(-0.544205323975,-0.838952063802,-0.));
#8018 = DIRECTION('',(-0.838952063802,0.544205323975,0.));
#8019 = ADVANCED_FACE('',(#8020),#8038,.F.);
#8020 = FACE_BOUND('',#8021,.F.);
#8021 = EDGE_LOOP('',(#8022,#8023,#8031,#8037));
#8022 = ORIENTED_EDGE('',*,*,#7975,.F.);
#8023 = ORIENTED_EDGE('',*,*,#8024,.T.);
#8024 = EDGE_CURVE('',#7976,#8025,#8027,.T.);
#8025 = VERTEX_POINT('',#8026);
#8026 = CARTESIAN_POINT('',(22.854671478271,-10.84254646301,0.));
#8027 = LINE('',#8028,#8029);
#8028 = CARTESIAN_POINT('',(22.924493789673,-10.91346168518,0.));
#8029 = VECTOR('',#8030,1.);
#8030 = DIRECTION('',(-0.701594521577,0.712576401022,0.));
#8031 = ORIENTED_EDGE('',*,*,#8032,.T.);
#8032 = EDGE_CURVE('',#8025,#2093,#8033,.T.);
#8033 = LINE('',#8034,#8035);
#8034 = CARTESIAN_POINT('',(22.854671478271,-10.84254646301,0.));
#8035 = VECTOR('',#8036,1.);
#8036 = DIRECTION('',(0.,0.,1.));
#8037 = ORIENTED_EDGE('',*,*,#2100,.F.);
#8038 = PLANE('',#8039);
#8039 = AXIS2_PLACEMENT_3D('',#8040,#8041,#8042);
#8040 = CARTESIAN_POINT('',(22.889582633972,-10.87800407409,12.5));
#8041 = DIRECTION('',(0.712576401022,0.701594521577,0.));
#8042 = DIRECTION('',(-0.701594521577,0.712576401022,0.));
#8043 = ADVANCED_FACE('',(#8044),#8062,.F.);
#8044 = FACE_BOUND('',#8045,.F.);
#8045 = EDGE_LOOP('',(#8046,#8047,#8048,#8056));
#8046 = ORIENTED_EDGE('',*,*,#8001,.T.);
#8047 = ORIENTED_EDGE('',*,*,#1676,.F.);
#8048 = ORIENTED_EDGE('',*,*,#8049,.T.);
#8049 = EDGE_CURVE('',#1677,#8050,#8052,.T.);
#8050 = VERTEX_POINT('',#8051);
#8051 = CARTESIAN_POINT('',(20.757984161377,-23.25535011291,0.));
#8052 = LINE('',#8053,#8054);
#8053 = CARTESIAN_POINT('',(20.757984161377,-23.25535011291,25.));
#8054 = VECTOR('',#8055,1.);
#8055 = DIRECTION('',(0.,0.,-1.));
#8056 = ORIENTED_EDGE('',*,*,#8057,.T.);
#8057 = EDGE_CURVE('',#8050,#8002,#8058,.T.);
#8058 = LINE('',#8059,#8060);
#8059 = CARTESIAN_POINT('',(20.757984161377,-23.25535011291,0.));
#8060 = VECTOR('',#8061,1.);
#8061 = DIRECTION('',(0.803491323188,-0.595316465052,0.));
#8062 = PLANE('',#8063);
#8063 = AXIS2_PLACEMENT_3D('',#8064,#8065,#8066);
#8064 = CARTESIAN_POINT('',(20.797966003418,-23.28497314453,12.5));
#8065 = DIRECTION('',(-0.595316465052,-0.803491323188,-0.));
#8066 = DIRECTION('',(-0.803491323188,0.595316465052,0.));
#8067 = ADVANCED_FACE('',(#8068),#8086,.F.);
#8068 = FACE_BOUND('',#8069,.F.);
#8069 = EDGE_LOOP('',(#8070,#8071,#8079,#8085));
#8070 = ORIENTED_EDGE('',*,*,#8032,.F.);
#8071 = ORIENTED_EDGE('',*,*,#8072,.T.);
#8072 = EDGE_CURVE('',#8025,#8073,#8075,.T.);
#8073 = VERTEX_POINT('',#8074);
#8074 = CARTESIAN_POINT('',(22.780576705933,-10.77610778808,0.));
#8075 = LINE('',#8076,#8077);
#8076 = CARTESIAN_POINT('',(22.854671478271,-10.84254646301,0.));
#8077 = VECTOR('',#8078,1.);
#8078 = DIRECTION('',(-0.744525094133,0.667594475865,0.));
#8079 = ORIENTED_EDGE('',*,*,#8080,.F.);
#8080 = EDGE_CURVE('',#2085,#8073,#8081,.T.);
#8081 = LINE('',#8082,#8083);
#8082 = CARTESIAN_POINT('',(22.780576705933,-10.77610778808,25.));
#8083 = VECTOR('',#8084,1.);
#8084 = DIRECTION('',(0.,0.,-1.));
#8085 = ORIENTED_EDGE('',*,*,#2092,.F.);
#8086 = PLANE('',#8087);
#8087 = AXIS2_PLACEMENT_3D('',#8088,#8089,#8090);
#8088 = CARTESIAN_POINT('',(22.817624092102,-10.80932712554,12.5));
#8089 = DIRECTION('',(0.667594475865,0.744525094133,0.));
#8090 = DIRECTION('',(0.744525094133,-0.667594475865,0.));
#8091 = ADVANCED_FACE('',(#8092),#8110,.F.);
#8092 = FACE_BOUND('',#8093,.F.);
#8093 = EDGE_LOOP('',(#8094,#8095,#8096,#8104));
#8094 = ORIENTED_EDGE('',*,*,#8049,.F.);
#8095 = ORIENTED_EDGE('',*,*,#1684,.F.);
#8096 = ORIENTED_EDGE('',*,*,#8097,.F.);
#8097 = EDGE_CURVE('',#8098,#1685,#8100,.T.);
#8098 = VERTEX_POINT('',#8099);
#8099 = CARTESIAN_POINT('',(20.681858062744,-23.19124984741,0.));
#8100 = LINE('',#8101,#8102);
#8101 = CARTESIAN_POINT('',(20.681858062744,-23.19124984741,0.));
#8102 = VECTOR('',#8103,1.);
#8103 = DIRECTION('',(0.,0.,1.));
#8104 = ORIENTED_EDGE('',*,*,#8105,.F.);
#8105 = EDGE_CURVE('',#8050,#8098,#8106,.T.);
#8106 = LINE('',#8107,#8108);
#8107 = CARTESIAN_POINT('',(20.757984161377,-23.25535011291,0.));
#8108 = VECTOR('',#8109,1.);
#8109 = DIRECTION('',(-0.7649405205,0.644100923844,0.));
#8110 = PLANE('',#8111);
#8111 = AXIS2_PLACEMENT_3D('',#8112,#8113,#8114);
#8112 = CARTESIAN_POINT('',(20.719921112061,-23.22329998016,12.5));
#8113 = DIRECTION('',(-0.644100923844,-0.7649405205,-0.));
#8114 = DIRECTION('',(-0.7649405205,0.644100923844,0.));
#8115 = ADVANCED_FACE('',(#8116),#8134,.F.);
#8116 = FACE_BOUND('',#8117,.F.);
#8117 = EDGE_LOOP('',(#8118,#8126,#8127,#8128));
#8118 = ORIENTED_EDGE('',*,*,#8119,.T.);
#8119 = EDGE_CURVE('',#8120,#2077,#8122,.T.);
#8120 = VERTEX_POINT('',#8121);
#8121 = CARTESIAN_POINT('',(22.702493667603,-10.71440505981,0.));
#8122 = LINE('',#8123,#8124);
#8123 = CARTESIAN_POINT('',(22.702493667603,-10.71440505981,0.));
#8124 = VECTOR('',#8125,1.);
#8125 = DIRECTION('',(0.,0.,1.));
#8126 = ORIENTED_EDGE('',*,*,#2084,.F.);
#8127 = ORIENTED_EDGE('',*,*,#8080,.T.);
#8128 = ORIENTED_EDGE('',*,*,#8129,.T.);
#8129 = EDGE_CURVE('',#8073,#8120,#8130,.T.);
#8130 = LINE('',#8131,#8132);
#8131 = CARTESIAN_POINT('',(22.780576705933,-10.77610778808,0.));
#8132 = VECTOR('',#8133,1.);
#8133 = DIRECTION('',(-0.784598143461,0.620004639723,0.));
#8134 = PLANE('',#8135);
#8135 = AXIS2_PLACEMENT_3D('',#8136,#8137,#8138);
#8136 = CARTESIAN_POINT('',(22.741535186768,-10.74525642395,12.5));
#8137 = DIRECTION('',(0.620004639723,0.784598143461,0.));
#8138 = DIRECTION('',(0.784598143461,-0.620004639723,0.));
#8139 = ADVANCED_FACE('',(#8140),#8158,.F.);
#8140 = FACE_BOUND('',#8141,.F.);
#8141 = EDGE_LOOP('',(#8142,#8150,#8151,#8152));
#8142 = ORIENTED_EDGE('',*,*,#8143,.T.);
#8143 = EDGE_CURVE('',#8144,#8098,#8146,.T.);
#8144 = VERTEX_POINT('',#8145);
#8145 = CARTESIAN_POINT('',(20.609865188599,-23.12253952026,0.));
#8146 = LINE('',#8147,#8148);
#8147 = CARTESIAN_POINT('',(20.609865188599,-23.12253952026,0.));
#8148 = VECTOR('',#8149,1.);
#8149 = DIRECTION('',(0.723406450217,-0.690422412574,0.));
#8150 = ORIENTED_EDGE('',*,*,#8097,.T.);
#8151 = ORIENTED_EDGE('',*,*,#1692,.F.);
#8152 = ORIENTED_EDGE('',*,*,#8153,.F.);
#8153 = EDGE_CURVE('',#8144,#1693,#8154,.T.);
#8154 = LINE('',#8155,#8156);
#8155 = CARTESIAN_POINT('',(20.609865188599,-23.12253952026,0.));
#8156 = VECTOR('',#8157,1.);
#8157 = DIRECTION('',(0.,0.,1.));
#8158 = PLANE('',#8159);
#8159 = AXIS2_PLACEMENT_3D('',#8160,#8161,#8162);
#8160 = CARTESIAN_POINT('',(20.645861625671,-23.15689468383,12.5));
#8161 = DIRECTION('',(-0.690422412574,-0.723406450217,-0.));
#8162 = DIRECTION('',(-0.723406450217,0.690422412574,0.));
#8163 = ADVANCED_FACE('',(#8164),#8182,.F.);
#8164 = FACE_BOUND('',#8165,.F.);
#8165 = EDGE_LOOP('',(#8166,#8174,#8180,#8181));
#8166 = ORIENTED_EDGE('',*,*,#8167,.F.);
#8167 = EDGE_CURVE('',#8168,#8120,#8170,.T.);
#8168 = VERTEX_POINT('',#8169);
#8169 = CARTESIAN_POINT('',(22.620727539062,-10.6576757431,0.));
#8170 = LINE('',#8171,#8172);
#8171 = CARTESIAN_POINT('',(22.620727539062,-10.6576757431,0.));
#8172 = VECTOR('',#8173,1.);
#8173 = DIRECTION('',(0.821618065396,-0.570038379949,0.));
#8174 = ORIENTED_EDGE('',*,*,#8175,.T.);
#8175 = EDGE_CURVE('',#8168,#2069,#8176,.T.);
#8176 = LINE('',#8177,#8178);
#8177 = CARTESIAN_POINT('',(22.620727539062,-10.6576757431,0.));
#8178 = VECTOR('',#8179,1.);
#8179 = DIRECTION('',(0.,0.,1.));
#8180 = ORIENTED_EDGE('',*,*,#2076,.F.);
#8181 = ORIENTED_EDGE('',*,*,#8119,.F.);
#8182 = PLANE('',#8183);
#8183 = AXIS2_PLACEMENT_3D('',#8184,#8185,#8186);
#8184 = CARTESIAN_POINT('',(22.661610603333,-10.68604040145,12.5));
#8185 = DIRECTION('',(0.570038379949,0.821618065396,0.));
#8186 = DIRECTION('',(0.821618065396,-0.570038379949,0.));
#8187 = ADVANCED_FACE('',(#8188),#8206,.F.);
#8188 = FACE_BOUND('',#8189,.F.);
#8189 = EDGE_LOOP('',(#8190,#8198,#8204,#8205));
#8190 = ORIENTED_EDGE('',*,*,#8191,.F.);
#8191 = EDGE_CURVE('',#8192,#1701,#8194,.T.);
#8192 = VERTEX_POINT('',#8193);
#8193 = CARTESIAN_POINT('',(20.542284011841,-23.04948616027,0.));
#8194 = LINE('',#8195,#8196);
#8195 = CARTESIAN_POINT('',(20.542284011841,-23.04948616027,0.));
#8196 = VECTOR('',#8197,1.);
#8197 = DIRECTION('',(0.,0.,1.));
#8198 = ORIENTED_EDGE('',*,*,#8199,.F.);
#8199 = EDGE_CURVE('',#8144,#8192,#8200,.T.);
#8200 = LINE('',#8201,#8202);
#8201 = CARTESIAN_POINT('',(20.609865188599,-23.12253952026,0.));
#8202 = VECTOR('',#8203,1.);
#8203 = DIRECTION('',(-0.6790789049,0.734065283827,0.));
#8204 = ORIENTED_EDGE('',*,*,#8153,.T.);
#8205 = ORIENTED_EDGE('',*,*,#1700,.F.);
#8206 = PLANE('',#8207);
#8207 = AXIS2_PLACEMENT_3D('',#8208,#8209,#8210);
#8208 = CARTESIAN_POINT('',(20.57607460022,-23.08601284027,12.5));
#8209 = DIRECTION('',(-0.734065283827,-0.6790789049,-0.));
#8210 = DIRECTION('',(0.6790789049,-0.734065283827,0.));
#8211 = ADVANCED_FACE('',(#8212),#8230,.F.);
#8212 = FACE_BOUND('',#8213,.F.);
#8213 = EDGE_LOOP('',(#8214,#8215,#8223,#8229));
#8214 = ORIENTED_EDGE('',*,*,#8175,.F.);
#8215 = ORIENTED_EDGE('',*,*,#8216,.T.);
#8216 = EDGE_CURVE('',#8168,#8217,#8219,.T.);
#8217 = VERTEX_POINT('',#8218);
#8218 = CARTESIAN_POINT('',(22.535591125488,-10.60613918304,0.));
#8219 = LINE('',#8220,#8221);
#8220 = CARTESIAN_POINT('',(22.620727539062,-10.6576757431,0.));
#8221 = VECTOR('',#8222,1.);
#8222 = DIRECTION('',(-0.855470586291,0.517851403387,0.));
#8223 = ORIENTED_EDGE('',*,*,#8224,.F.);
#8224 = EDGE_CURVE('',#2061,#8217,#8225,.T.);
#8225 = LINE('',#8226,#8227);
#8226 = CARTESIAN_POINT('',(22.535591125488,-10.60613918304,25.));
#8227 = VECTOR('',#8228,1.);
#8228 = DIRECTION('',(0.,0.,-1.));
#8229 = ORIENTED_EDGE('',*,*,#2068,.F.);
#8230 = PLANE('',#8231);
#8231 = AXIS2_PLACEMENT_3D('',#8232,#8233,#8234);
#8232 = CARTESIAN_POINT('',(22.578159332275,-10.63190746307,12.5));
#8233 = DIRECTION('',(0.517851403387,0.855470586291,0.));
#8234 = DIRECTION('',(0.855470586291,-0.517851403387,0.));
#8235 = ADVANCED_FACE('',(#8236),#8254,.F.);
#8236 = FACE_BOUND('',#8237,.F.);
#8237 = EDGE_LOOP('',(#8238,#8239,#8240,#8248));
#8238 = ORIENTED_EDGE('',*,*,#8191,.T.);
#8239 = ORIENTED_EDGE('',*,*,#1708,.F.);
#8240 = ORIENTED_EDGE('',*,*,#8241,.T.);
#8241 = EDGE_CURVE('',#1709,#8242,#8244,.T.);
#8242 = VERTEX_POINT('',#8243);
#8243 = CARTESIAN_POINT('',(20.479373931885,-22.97237205505,0.));
#8244 = LINE('',#8245,#8246);
#8245 = CARTESIAN_POINT('',(20.479373931885,-22.97237205505,25.));
#8246 = VECTOR('',#8247,1.);
#8247 = DIRECTION('',(0.,0.,-1.));
#8248 = ORIENTED_EDGE('',*,*,#8249,.F.);
#8249 = EDGE_CURVE('',#8192,#8242,#8250,.T.);
#8250 = LINE('',#8251,#8252);
#8251 = CARTESIAN_POINT('',(20.542284011841,-23.04948616027,0.));
#8252 = VECTOR('',#8253,1.);
#8253 = DIRECTION('',(-0.632133995173,0.774859091801,0.));
#8254 = PLANE('',#8255);
#8255 = AXIS2_PLACEMENT_3D('',#8256,#8257,#8258);
#8256 = CARTESIAN_POINT('',(20.510828971863,-23.01092910766,12.5));
#8257 = DIRECTION('',(-0.774859091801,-0.632133995173,-0.));
#8258 = DIRECTION('',(0.632133995173,-0.774859091801,0.));
#8259 = ADVANCED_FACE('',(#8260),#8278,.F.);
#8260 = FACE_BOUND('',#8261,.F.);
#8261 = EDGE_LOOP('',(#8262,#8263,#8264,#8272));
#8262 = ORIENTED_EDGE('',*,*,#2060,.F.);
#8263 = ORIENTED_EDGE('',*,*,#8224,.T.);
#8264 = ORIENTED_EDGE('',*,*,#8265,.F.);
#8265 = EDGE_CURVE('',#8266,#8217,#8268,.T.);
#8266 = VERTEX_POINT('',#8267);
#8267 = CARTESIAN_POINT('',(22.447414398193,-10.55999565124,0.));
#8268 = LINE('',#8269,#8270);
#8269 = CARTESIAN_POINT('',(22.447414398193,-10.55999565124,0.));
#8270 = VECTOR('',#8271,1.);
#8271 = DIRECTION('',(0.886014338749,-0.463657838853,0.));
#8272 = ORIENTED_EDGE('',*,*,#8273,.F.);
#8273 = EDGE_CURVE('',#2053,#8266,#8274,.T.);
#8274 = LINE('',#8275,#8276);
#8275 = CARTESIAN_POINT('',(22.447414398193,-10.55999565124,25.));
#8276 = VECTOR('',#8277,1.);
#8277 = DIRECTION('',(0.,0.,-1.));
#8278 = PLANE('',#8279);
#8279 = AXIS2_PLACEMENT_3D('',#8280,#8281,#8282);
#8280 = CARTESIAN_POINT('',(22.491502761841,-10.58306741714,12.5));
#8281 = DIRECTION('',(0.463657838853,0.886014338749,0.));
#8282 = DIRECTION('',(0.886014338749,-0.463657838853,0.));
#8283 = ADVANCED_FACE('',(#8284),#8302,.F.);
#8284 = FACE_BOUND('',#8285,.F.);
#8285 = EDGE_LOOP('',(#8286,#8287,#8288,#8296));
#8286 = ORIENTED_EDGE('',*,*,#8241,.F.);
#8287 = ORIENTED_EDGE('',*,*,#1716,.F.);
#8288 = ORIENTED_EDGE('',*,*,#8289,.T.);
#8289 = EDGE_CURVE('',#1717,#8290,#8292,.T.);
#8290 = VERTEX_POINT('',#8291);
#8291 = CARTESIAN_POINT('',(20.421379089355,-22.89149665832,0.));
#8292 = LINE('',#8293,#8294);
#8293 = CARTESIAN_POINT('',(20.421379089355,-22.89149665832,25.));
#8294 = VECTOR('',#8295,1.);
#8295 = DIRECTION('',(0.,0.,-1.));
#8296 = ORIENTED_EDGE('',*,*,#8297,.F.);
#8297 = EDGE_CURVE('',#8242,#8290,#8298,.T.);
#8298 = LINE('',#8299,#8300);
#8299 = CARTESIAN_POINT('',(20.479373931885,-22.97237205505,0.));
#8300 = VECTOR('',#8301,1.);
#8301 = DIRECTION('',(-0.582745570185,0.812654662467,0.));
#8302 = PLANE('',#8303);
#8303 = AXIS2_PLACEMENT_3D('',#8304,#8305,#8306);
#8304 = CARTESIAN_POINT('',(20.45037651062,-22.93193435668,12.5));
#8305 = DIRECTION('',(-0.812654662467,-0.582745570185,-0.));
#8306 = DIRECTION('',(0.582745570185,-0.812654662467,0.));
#8307 = ADVANCED_FACE('',(#8308),#8326,.F.);
#8308 = FACE_BOUND('',#8309,.F.);
#8309 = EDGE_LOOP('',(#8310,#8311,#8319,#8325));
#8310 = ORIENTED_EDGE('',*,*,#8273,.T.);
#8311 = ORIENTED_EDGE('',*,*,#8312,.T.);
#8312 = EDGE_CURVE('',#8266,#8313,#8315,.T.);
#8313 = VERTEX_POINT('',#8314);
#8314 = CARTESIAN_POINT('',(22.356540679932,-10.5194234848,0.));
#8315 = LINE('',#8316,#8317);
#8316 = CARTESIAN_POINT('',(22.447414398193,-10.55999565124,0.));
#8317 = VECTOR('',#8318,1.);
#8318 = DIRECTION('',(-0.913124632688,0.407680518517,0.));
#8319 = ORIENTED_EDGE('',*,*,#8320,.T.);
#8320 = EDGE_CURVE('',#8313,#2045,#8321,.T.);
#8321 = LINE('',#8322,#8323);
#8322 = CARTESIAN_POINT('',(22.356540679932,-10.5194234848,0.));
#8323 = VECTOR('',#8324,1.);
#8324 = DIRECTION('',(0.,0.,1.));
#8325 = ORIENTED_EDGE('',*,*,#2052,.F.);
#8326 = PLANE('',#8327);
#8327 = AXIS2_PLACEMENT_3D('',#8328,#8329,#8330);
#8328 = CARTESIAN_POINT('',(22.401977539062,-10.53970956802,12.5));
#8329 = DIRECTION('',(0.407680518517,0.913124632688,0.));
#8330 = DIRECTION('',(0.913124632688,-0.407680518517,0.));
#8331 = ADVANCED_FACE('',(#8332),#8350,.F.);
#8332 = FACE_BOUND('',#8333,.F.);
#8333 = EDGE_LOOP('',(#8334,#8342,#8348,#8349));
#8334 = ORIENTED_EDGE('',*,*,#8335,.F.);
#8335 = EDGE_CURVE('',#8336,#1725,#8338,.T.);
#8336 = VERTEX_POINT('',#8337);
#8337 = CARTESIAN_POINT('',(20.368524551392,-22.80717277526,0.));
#8338 = LINE('',#8339,#8340);
#8339 = CARTESIAN_POINT('',(20.368524551392,-22.80717277526,0.));
#8340 = VECTOR('',#8341,1.);
#8341 = DIRECTION('',(0.,0.,1.));
#8342 = ORIENTED_EDGE('',*,*,#8343,.T.);
#8343 = EDGE_CURVE('',#8336,#8290,#8344,.T.);
#8344 = LINE('',#8345,#8346);
#8345 = CARTESIAN_POINT('',(20.368524551392,-22.80717277526,0.));
#8346 = VECTOR('',#8347,1.);
#8347 = DIRECTION('',(0.531097608988,-0.847310645352,0.));
#8348 = ORIENTED_EDGE('',*,*,#8289,.F.);
#8349 = ORIENTED_EDGE('',*,*,#1724,.F.);
#8350 = PLANE('',#8351);
#8351 = AXIS2_PLACEMENT_3D('',#8352,#8353,#8354);
#8352 = CARTESIAN_POINT('',(20.394951820374,-22.84933471679,12.5));
#8353 = DIRECTION('',(-0.847310645352,-0.531097608988,-0.));
#8354 = DIRECTION('',(0.531097608988,-0.847310645352,0.));
#8355 = ADVANCED_FACE('',(#8356),#8374,.F.);
#8356 = FACE_BOUND('',#8357,.F.);
#8357 = EDGE_LOOP('',(#8358,#8366,#8367,#8368));
#8358 = ORIENTED_EDGE('',*,*,#8359,.F.);
#8359 = EDGE_CURVE('',#2037,#8360,#8362,.T.);
#8360 = VERTEX_POINT('',#8361);
#8361 = CARTESIAN_POINT('',(22.263320922852,-10.4845790863,0.));
#8362 = LINE('',#8363,#8364);
#8363 = CARTESIAN_POINT('',(22.263320922852,-10.4845790863,25.));
#8364 = VECTOR('',#8365,1.);
#8365 = DIRECTION('',(0.,0.,-1.));
#8366 = ORIENTED_EDGE('',*,*,#2044,.F.);
#8367 = ORIENTED_EDGE('',*,*,#8320,.F.);
#8368 = ORIENTED_EDGE('',*,*,#8369,.F.);
#8369 = EDGE_CURVE('',#8360,#8313,#8370,.T.);
#8370 = LINE('',#8371,#8372);
#8371 = CARTESIAN_POINT('',(22.263320922852,-10.4845790863,0.));
#8372 = VECTOR('',#8373,1.);
#8373 = DIRECTION('',(0.936701984659,-0.350127679477,0.));
#8374 = PLANE('',#8375);
#8375 = AXIS2_PLACEMENT_3D('',#8376,#8377,#8378);
#8376 = CARTESIAN_POINT('',(22.309930801392,-10.50200128555,12.5));
#8377 = DIRECTION('',(0.350127679477,0.936701984659,0.));
#8378 = DIRECTION('',(0.936701984659,-0.350127679477,0.));
#8379 = ADVANCED_FACE('',(#8380),#8398,.F.);
#8380 = FACE_BOUND('',#8381,.F.);
#8381 = EDGE_LOOP('',(#8382,#8390,#8396,#8397));
#8382 = ORIENTED_EDGE('',*,*,#8383,.T.);
#8383 = EDGE_CURVE('',#1733,#8384,#8386,.T.);
#8384 = VERTEX_POINT('',#8385);
#8385 = CARTESIAN_POINT('',(20.321016311646,-22.71972465515,0.));
#8386 = LINE('',#8387,#8388);
#8387 = CARTESIAN_POINT('',(20.321016311646,-22.71972465515,25.));
#8388 = VECTOR('',#8389,1.);
#8389 = DIRECTION('',(0.,0.,-1.));
#8390 = ORIENTED_EDGE('',*,*,#8391,.T.);
#8391 = EDGE_CURVE('',#8384,#8336,#8392,.T.);
#8392 = LINE('',#8393,#8394);
#8393 = CARTESIAN_POINT('',(20.321016311646,-22.71972465515,0.));
#8394 = VECTOR('',#8395,1.);
#8395 = DIRECTION('',(0.477374366295,-0.878700013887,0.));
#8396 = ORIENTED_EDGE('',*,*,#8335,.T.);
#8397 = ORIENTED_EDGE('',*,*,#1732,.F.);
#8398 = PLANE('',#8399);
#8399 = AXIS2_PLACEMENT_3D('',#8400,#8401,#8402);
#8400 = CARTESIAN_POINT('',(20.344770431519,-22.76344871521,12.5));
#8401 = DIRECTION('',(-0.878700013887,-0.477374366295,-0.));
#8402 = DIRECTION('',(0.477374366295,-0.878700013887,0.));
#8403 = ADVANCED_FACE('',(#8404),#8422,.F.);
#8404 = FACE_BOUND('',#8405,.F.);
#8405 = EDGE_LOOP('',(#8406,#8407,#8408,#8416));
#8406 = ORIENTED_EDGE('',*,*,#2036,.F.);
#8407 = ORIENTED_EDGE('',*,*,#8359,.T.);
#8408 = ORIENTED_EDGE('',*,*,#8409,.T.);
#8409 = EDGE_CURVE('',#8360,#8410,#8412,.T.);
#8410 = VERTEX_POINT('',#8411);
#8411 = CARTESIAN_POINT('',(22.168115615845,-10.45559692382,0.));
#8412 = LINE('',#8413,#8414);
#8413 = CARTESIAN_POINT('',(22.263320922852,-10.4845790863,0.));
#8414 = VECTOR('',#8415,1.);
#8415 = DIRECTION('',(-0.956655309651,0.291222627069,0.));
#8416 = ORIENTED_EDGE('',*,*,#8417,.F.);
#8417 = EDGE_CURVE('',#2029,#8410,#8418,.T.);
#8418 = LINE('',#8419,#8420);
#8419 = CARTESIAN_POINT('',(22.168115615845,-10.45559692382,25.));
#8420 = VECTOR('',#8421,1.);
#8421 = DIRECTION('',(0.,0.,-1.));
#8422 = PLANE('',#8423);
#8423 = AXIS2_PLACEMENT_3D('',#8424,#8425,#8426);
#8424 = CARTESIAN_POINT('',(22.215718269348,-10.47008800506,12.5));
#8425 = DIRECTION('',(0.291222627069,0.956655309651,0.));
#8426 = DIRECTION('',(0.956655309651,-0.291222627069,0.));
#8427 = ADVANCED_FACE('',(#8428),#8446,.F.);
#8428 = FACE_BOUND('',#8429,.F.);
#8429 = EDGE_LOOP('',(#8430,#8438,#8444,#8445));
#8430 = ORIENTED_EDGE('',*,*,#8431,.T.);
#8431 = EDGE_CURVE('',#1741,#8432,#8434,.T.);
#8432 = VERTEX_POINT('',#8433);
#8433 = CARTESIAN_POINT('',(20.279035568237,-22.62949371337,0.));
#8434 = LINE('',#8435,#8436);
#8435 = CARTESIAN_POINT('',(20.279035568237,-22.62949371337,25.));
#8436 = VECTOR('',#8437,1.);
#8437 = DIRECTION('',(0.,0.,-1.));
#8438 = ORIENTED_EDGE('',*,*,#8439,.T.);
#8439 = EDGE_CURVE('',#8432,#8384,#8440,.T.);
#8440 = LINE('',#8441,#8442);
#8441 = CARTESIAN_POINT('',(20.279035568237,-22.62949371337,0.));
#8442 = VECTOR('',#8443,1.);
#8443 = DIRECTION('',(0.421837014607,-0.906671678783,0.));
#8444 = ORIENTED_EDGE('',*,*,#8383,.F.);
#8445 = ORIENTED_EDGE('',*,*,#1740,.F.);
#8446 = PLANE('',#8447);
#8447 = AXIS2_PLACEMENT_3D('',#8448,#8449,#8450);
#8448 = CARTESIAN_POINT('',(20.300025939941,-22.67460918426,12.5));
#8449 = DIRECTION('',(-0.906671678783,-0.421837014607,-0.));
#8450 = DIRECTION('',(0.421837014607,-0.906671678783,0.));
#8451 = ADVANCED_FACE('',(#8452),#8470,.F.);
#8452 = FACE_BOUND('',#8453,.F.);
#8453 = EDGE_LOOP('',(#8454,#8462,#8463,#8464));
#8454 = ORIENTED_EDGE('',*,*,#8455,.T.);
#8455 = EDGE_CURVE('',#8456,#2021,#8458,.T.);
#8456 = VERTEX_POINT('',#8457);
#8457 = CARTESIAN_POINT('',(22.071290969849,-10.43259048461,0.));
#8458 = LINE('',#8459,#8460);
#8459 = CARTESIAN_POINT('',(22.071290969849,-10.43259048461,0.));
#8460 = VECTOR('',#8461,1.);
#8461 = DIRECTION('',(0.,0.,1.));
#8462 = ORIENTED_EDGE('',*,*,#2028,.F.);
#8463 = ORIENTED_EDGE('',*,*,#8417,.T.);
#8464 = ORIENTED_EDGE('',*,*,#8465,.T.);
#8465 = EDGE_CURVE('',#8410,#8456,#8466,.T.);
#8466 = LINE('',#8467,#8468);
#8467 = CARTESIAN_POINT('',(22.168115615845,-10.45559692382,0.));
#8468 = VECTOR('',#8469,1.);
#8469 = DIRECTION('',(-0.972912631982,0.231173118095,0.));
#8470 = PLANE('',#8471);
#8471 = AXIS2_PLACEMENT_3D('',#8472,#8473,#8474);
#8472 = CARTESIAN_POINT('',(22.119703292847,-10.44409370422,12.5));
#8473 = DIRECTION('',(0.231173118095,0.972912631982,0.));
#8474 = DIRECTION('',(0.972912631982,-0.231173118095,0.));
#8475 = ADVANCED_FACE('',(#8476),#8494,.F.);
#8476 = FACE_BOUND('',#8477,.F.);
#8477 = EDGE_LOOP('',(#8478,#8486,#8492,#8493));
#8478 = ORIENTED_EDGE('',*,*,#8479,.F.);
#8479 = EDGE_CURVE('',#8480,#1749,#8482,.T.);
#8480 = VERTEX_POINT('',#8481);
#8481 = CARTESIAN_POINT('',(20.242744445801,-22.5368270874,0.));
#8482 = LINE('',#8483,#8484);
#8483 = CARTESIAN_POINT('',(20.242744445801,-22.5368270874,0.));
#8484 = VECTOR('',#8485,1.);
#8485 = DIRECTION('',(0.,0.,1.));
#8486 = ORIENTED_EDGE('',*,*,#8487,.T.);
#8487 = EDGE_CURVE('',#8480,#8432,#8488,.T.);
#8488 = LINE('',#8489,#8490);
#8489 = CARTESIAN_POINT('',(20.242744445801,-22.5368270874,0.));
#8490 = VECTOR('',#8491,1.);
#8491 = DIRECTION('',(0.364663096046,-0.931139531103,0.));
#8492 = ORIENTED_EDGE('',*,*,#8431,.F.);
#8493 = ORIENTED_EDGE('',*,*,#1748,.F.);
#8494 = PLANE('',#8495);
#8495 = AXIS2_PLACEMENT_3D('',#8496,#8497,#8498);
#8496 = CARTESIAN_POINT('',(20.260890007019,-22.58316040039,12.5));
#8497 = DIRECTION('',(-0.931139531103,-0.364663096046,-0.));
#8498 = DIRECTION('',(0.364663096046,-0.931139531103,0.));
#8499 = ADVANCED_FACE('',(#8500),#8518,.F.);
#8500 = FACE_BOUND('',#8501,.F.);
#8501 = EDGE_LOOP('',(#8502,#8503,#8511,#8517));
#8502 = ORIENTED_EDGE('',*,*,#8455,.F.);
#8503 = ORIENTED_EDGE('',*,*,#8504,.T.);
#8504 = EDGE_CURVE('',#8456,#8505,#8507,.T.);
#8505 = VERTEX_POINT('',#8506);
#8506 = CARTESIAN_POINT('',(21.973224639893,-10.41564846038,0.));
#8507 = LINE('',#8508,#8509);
#8508 = CARTESIAN_POINT('',(22.071290969849,-10.43259048461,0.));
#8509 = VECTOR('',#8510,1.);
#8510 = DIRECTION('',(-0.985402795149,0.170239041679,0.));
#8511 = ORIENTED_EDGE('',*,*,#8512,.F.);
#8512 = EDGE_CURVE('',#2013,#8505,#8513,.T.);
#8513 = LINE('',#8514,#8515);
#8514 = CARTESIAN_POINT('',(21.973224639893,-10.41564846038,25.));
#8515 = VECTOR('',#8516,1.);
#8516 = DIRECTION('',(0.,0.,-1.));
#8517 = ORIENTED_EDGE('',*,*,#2020,.F.);
#8518 = PLANE('',#8519);
#8519 = AXIS2_PLACEMENT_3D('',#8520,#8521,#8522);
#8520 = CARTESIAN_POINT('',(22.022257804871,-10.4241194725,12.5));
#8521 = DIRECTION('',(0.170239041679,0.985402795149,0.));
#8522 = DIRECTION('',(0.985402795149,-0.170239041679,0.));
#8523 = ADVANCED_FACE('',(#8524),#8542,.F.);
#8524 = FACE_BOUND('',#8525,.F.);
#8525 = EDGE_LOOP('',(#8526,#8527,#8528,#8536));
#8526 = ORIENTED_EDGE('',*,*,#8479,.T.);
#8527 = ORIENTED_EDGE('',*,*,#1756,.F.);
#8528 = ORIENTED_EDGE('',*,*,#8529,.F.);
#8529 = EDGE_CURVE('',#8530,#1757,#8532,.T.);
#8530 = VERTEX_POINT('',#8531);
#8531 = CARTESIAN_POINT('',(20.212285995483,-22.44208335876,0.));
#8532 = LINE('',#8533,#8534);
#8533 = CARTESIAN_POINT('',(20.212285995483,-22.44208335876,0.));
#8534 = VECTOR('',#8535,1.);
#8535 = DIRECTION('',(0.,0.,1.));
#8536 = ORIENTED_EDGE('',*,*,#8537,.F.);
#8537 = EDGE_CURVE('',#8480,#8530,#8538,.T.);
#8538 = LINE('',#8539,#8540);
#8539 = CARTESIAN_POINT('',(20.242744445801,-22.5368270874,0.));
#8540 = VECTOR('',#8541,1.);
#8541 = DIRECTION('',(-0.306055709287,0.952013604321,0.));
#8542 = PLANE('',#8543);
#8543 = AXIS2_PLACEMENT_3D('',#8544,#8545,#8546);
#8544 = CARTESIAN_POINT('',(20.227515220642,-22.48945522308,12.5));
#8545 = DIRECTION('',(-0.952013604321,-0.306055709287,-0.));
#8546 = DIRECTION('',(0.306055709287,-0.952013604321,0.));
#8547 = ADVANCED_FACE('',(#8548),#8566,.F.);
#8548 = FACE_BOUND('',#8549,.F.);
#8549 = EDGE_LOOP('',(#8550,#8551,#8552,#8560));
#8550 = ORIENTED_EDGE('',*,*,#2012,.F.);
#8551 = ORIENTED_EDGE('',*,*,#8512,.T.);
#8552 = ORIENTED_EDGE('',*,*,#8553,.T.);
#8553 = EDGE_CURVE('',#8505,#8554,#8556,.T.);
#8554 = VERTEX_POINT('',#8555);
#8555 = CARTESIAN_POINT('',(21.874294281006,-10.40483474731,0.));
#8556 = LINE('',#8557,#8558);
#8557 = CARTESIAN_POINT('',(21.973224639893,-10.41564846038,0.));
#8558 = VECTOR('',#8559,1.);
#8559 = DIRECTION('',(-0.994079069013,0.108659120879,0.));
#8560 = ORIENTED_EDGE('',*,*,#8561,.T.);
#8561 = EDGE_CURVE('',#8554,#2005,#8562,.T.);
#8562 = LINE('',#8563,#8564);
#8563 = CARTESIAN_POINT('',(21.874294281006,-10.40483474731,0.));
#8564 = VECTOR('',#8565,1.);
#8565 = DIRECTION('',(0.,0.,1.));
#8566 = PLANE('',#8567);
#8567 = AXIS2_PLACEMENT_3D('',#8568,#8569,#8570);
#8568 = CARTESIAN_POINT('',(21.923759460449,-10.41024160385,12.5));
#8569 = DIRECTION('',(0.108659120879,0.994079069013,0.));
#8570 = DIRECTION('',(0.994079069013,-0.108659120879,0.));
#8571 = ADVANCED_FACE('',(#8572),#8590,.F.);
#8572 = FACE_BOUND('',#8573,.F.);
#8573 = EDGE_LOOP('',(#8574,#8575,#8576,#8584));
#8574 = ORIENTED_EDGE('',*,*,#8529,.T.);
#8575 = ORIENTED_EDGE('',*,*,#1764,.F.);
#8576 = ORIENTED_EDGE('',*,*,#8577,.F.);
#8577 = EDGE_CURVE('',#8578,#1765,#8580,.T.);
#8578 = VERTEX_POINT('',#8579);
#8579 = CARTESIAN_POINT('',(20.187776565552,-22.3456287384,0.));
#8580 = LINE('',#8581,#8582);
#8581 = CARTESIAN_POINT('',(20.187776565552,-22.3456287384,0.));
#8582 = VECTOR('',#8583,1.);
#8583 = DIRECTION('',(0.,0.,1.));
#8584 = ORIENTED_EDGE('',*,*,#8585,.T.);
#8585 = EDGE_CURVE('',#8578,#8530,#8586,.T.);
#8586 = LINE('',#8587,#8588);
#8587 = CARTESIAN_POINT('',(20.187776565552,-22.3456287384,0.));
#8588 = VECTOR('',#8589,1.);
#8589 = DIRECTION('',(0.246276730214,-0.969199552288,0.));
#8590 = PLANE('',#8591);
#8591 = AXIS2_PLACEMENT_3D('',#8592,#8593,#8594);
#8592 = CARTESIAN_POINT('',(20.200031280518,-22.39385604858,12.5));
#8593 = DIRECTION('',(-0.969199552288,-0.246276730214,-0.));
#8594 = DIRECTION('',(0.246276730214,-0.969199552288,0.));
#8595 = ADVANCED_FACE('',(#8596),#8614,.F.);
#8596 = FACE_BOUND('',#8597,.F.);
#8597 = EDGE_LOOP('',(#8598,#8606,#8612,#8613));
#8598 = ORIENTED_EDGE('',*,*,#8599,.F.);
#8599 = EDGE_CURVE('',#8600,#8554,#8602,.T.);
#8600 = VERTEX_POINT('',#8601);
#8601 = CARTESIAN_POINT('',(21.774883270264,-10.40019321441,0.));
#8602 = LINE('',#8603,#8604);
#8603 = CARTESIAN_POINT('',(21.774883270264,-10.40019321441,0.));
#8604 = VECTOR('',#8605,1.);
#8605 = DIRECTION('',(0.998911785439,-4.663952091071E-02,0.));
#8606 = ORIENTED_EDGE('',*,*,#8607,.T.);
#8607 = EDGE_CURVE('',#8600,#1997,#8608,.T.);
#8608 = LINE('',#8609,#8610);
#8609 = CARTESIAN_POINT('',(21.774883270264,-10.40019321441,0.));
#8610 = VECTOR('',#8611,1.);
#8611 = DIRECTION('',(0.,0.,1.));
#8612 = ORIENTED_EDGE('',*,*,#2004,.F.);
#8613 = ORIENTED_EDGE('',*,*,#8561,.F.);
#8614 = PLANE('',#8615);
#8615 = AXIS2_PLACEMENT_3D('',#8616,#8617,#8618);
#8616 = CARTESIAN_POINT('',(21.824588775635,-10.40251398086,12.5));
#8617 = DIRECTION('',(4.663952091071E-02,0.998911785439,0.));
#8618 = DIRECTION('',(0.998911785439,-4.663952091071E-02,0.));
#8619 = ADVANCED_FACE('',(#8620),#8638,.F.);
#8620 = FACE_BOUND('',#8621,.F.);
#8621 = EDGE_LOOP('',(#8622,#8630,#8636,#8637));
#8622 = ORIENTED_EDGE('',*,*,#8623,.T.);
#8623 = EDGE_CURVE('',#1773,#8624,#8626,.T.);
#8624 = VERTEX_POINT('',#8625);
#8625 = CARTESIAN_POINT('',(20.169311523438,-22.24783706665,0.));
#8626 = LINE('',#8627,#8628);
#8627 = CARTESIAN_POINT('',(20.169311523438,-22.24783706665,25.));
#8628 = VECTOR('',#8629,1.);
#8629 = DIRECTION('',(0.,0.,-1.));
#8630 = ORIENTED_EDGE('',*,*,#8631,.T.);
#8631 = EDGE_CURVE('',#8624,#8578,#8632,.T.);
#8632 = LINE('',#8633,#8634);
#8633 = CARTESIAN_POINT('',(20.169311523438,-22.24783706665,0.));
#8634 = VECTOR('',#8635,1.);
#8635 = DIRECTION('',(0.185541594607,-0.982636411228,0.));
#8636 = ORIENTED_EDGE('',*,*,#8577,.T.);
#8637 = ORIENTED_EDGE('',*,*,#1772,.F.);
#8638 = PLANE('',#8639);
#8639 = AXIS2_PLACEMENT_3D('',#8640,#8641,#8642);
#8640 = CARTESIAN_POINT('',(20.178544044495,-22.29673290252,12.5));
#8641 = DIRECTION('',(-0.982636411228,-0.185541594607,-0.));
#8642 = DIRECTION('',(0.185541594607,-0.982636411228,0.));
#8643 = ADVANCED_FACE('',(#8644),#8662,.F.);
#8644 = FACE_BOUND('',#8645,.F.);
#8645 = EDGE_LOOP('',(#8646,#8654,#8660,#8661));
#8646 = ORIENTED_EDGE('',*,*,#8647,.F.);
#8647 = EDGE_CURVE('',#8648,#8600,#8650,.T.);
#8648 = VERTEX_POINT('',#8649);
#8649 = CARTESIAN_POINT('',(21.675374984741,-10.40174102783,0.));
#8650 = LINE('',#8651,#8652);
#8651 = CARTESIAN_POINT('',(21.675374984741,-10.40174102783,0.));
#8652 = VECTOR('',#8653,1.);
#8653 = DIRECTION('',(0.999879048869,1.555273711751E-02,0.));
#8654 = ORIENTED_EDGE('',*,*,#8655,.F.);
#8655 = EDGE_CURVE('',#1989,#8648,#8656,.T.);
#8656 = LINE('',#8657,#8658);
#8657 = CARTESIAN_POINT('',(21.675374984741,-10.40174102783,25.));
#8658 = VECTOR('',#8659,1.);
#8659 = DIRECTION('',(0.,0.,-1.));
#8660 = ORIENTED_EDGE('',*,*,#1996,.F.);
#8661 = ORIENTED_EDGE('',*,*,#8607,.F.);
#8662 = PLANE('',#8663);
#8663 = AXIS2_PLACEMENT_3D('',#8664,#8665,#8666);
#8664 = CARTESIAN_POINT('',(21.725129127502,-10.40096712112,12.5));
#8665 = DIRECTION('',(-1.555273711751E-02,0.999879048869,0.));
#8666 = DIRECTION('',(0.999879048869,1.555273711751E-02,0.));
#8667 = ADVANCED_FACE('',(#8668),#8686,.F.);
#8668 = FACE_BOUND('',#8669,.F.);
#8669 = EDGE_LOOP('',(#8670,#8671,#8679,#8685));
#8670 = ORIENTED_EDGE('',*,*,#1780,.F.);
#8671 = ORIENTED_EDGE('',*,*,#8672,.T.);
#8672 = EDGE_CURVE('',#1781,#8673,#8675,.T.);
#8673 = VERTEX_POINT('',#8674);
#8674 = CARTESIAN_POINT('',(20.15696144104,-22.14908599853,0.));
#8675 = LINE('',#8676,#8677);
#8676 = CARTESIAN_POINT('',(20.15696144104,-22.14908599853,25.));
#8677 = VECTOR('',#8678,1.);
#8678 = DIRECTION('',(0.,0.,-1.));
#8679 = ORIENTED_EDGE('',*,*,#8680,.T.);
#8680 = EDGE_CURVE('',#8673,#8624,#8681,.T.);
#8681 = LINE('',#8682,#8683);
#8682 = CARTESIAN_POINT('',(20.15696144104,-22.14908599853,0.));
#8683 = VECTOR('',#8684,1.);
#8684 = DIRECTION('',(0.124096063681,-0.992270208652,0.));
#8685 = ORIENTED_EDGE('',*,*,#8623,.F.);
#8686 = PLANE('',#8687);
#8687 = AXIS2_PLACEMENT_3D('',#8688,#8689,#8690);
#8688 = CARTESIAN_POINT('',(20.163136482239,-22.19846153259,12.5));
#8689 = DIRECTION('',(-0.992270208652,-0.124096063681,-0.));
#8690 = DIRECTION('',(0.124096063681,-0.992270208652,0.));
#8691 = ADVANCED_FACE('',(#8692),#8710,.F.);
#8692 = FACE_BOUND('',#8693,.F.);
#8693 = EDGE_LOOP('',(#8694,#8702,#8703,#8704));
#8694 = ORIENTED_EDGE('',*,*,#8695,.T.);
#8695 = EDGE_CURVE('',#8696,#1981,#8698,.T.);
#8696 = VERTEX_POINT('',#8697);
#8697 = CARTESIAN_POINT('',(21.576156616211,-10.40947246551,0.));
#8698 = LINE('',#8699,#8700);
#8699 = CARTESIAN_POINT('',(21.576156616211,-10.40947246551,0.));
#8700 = VECTOR('',#8701,1.);
#8701 = DIRECTION('',(0.,0.,1.));
#8702 = ORIENTED_EDGE('',*,*,#1988,.F.);
#8703 = ORIENTED_EDGE('',*,*,#8655,.T.);
#8704 = ORIENTED_EDGE('',*,*,#8705,.T.);
#8705 = EDGE_CURVE('',#8648,#8696,#8706,.T.);
#8706 = LINE('',#8707,#8708);
#8707 = CARTESIAN_POINT('',(21.675374984741,-10.40174102783,0.));
#8708 = VECTOR('',#8709,1.);
#8709 = DIRECTION('',(-0.996977724533,-7.768794491234E-02,0.));
#8710 = PLANE('',#8711);
#8711 = AXIS2_PLACEMENT_3D('',#8712,#8713,#8714);
#8712 = CARTESIAN_POINT('',(21.625765800476,-10.40560674667,12.5));
#8713 = DIRECTION('',(-7.768794491234E-02,0.996977724533,0.));
#8714 = DIRECTION('',(0.996977724533,7.768794491234E-02,0.));
#8715 = ADVANCED_FACE('',(#8716),#8734,.F.);
#8716 = FACE_BOUND('',#8717,.F.);
#8717 = EDGE_LOOP('',(#8718,#8726,#8732,#8733));
#8718 = ORIENTED_EDGE('',*,*,#8719,.F.);
#8719 = EDGE_CURVE('',#8720,#1789,#8722,.T.);
#8720 = VERTEX_POINT('',#8721);
#8721 = CARTESIAN_POINT('',(20.150774002075,-22.04975891113,0.));
#8722 = LINE('',#8723,#8724);
#8723 = CARTESIAN_POINT('',(20.150774002075,-22.04975891113,0.));
#8724 = VECTOR('',#8725,1.);
#8725 = DIRECTION('',(0.,0.,1.));
#8726 = ORIENTED_EDGE('',*,*,#8727,.T.);
#8727 = EDGE_CURVE('',#8720,#8673,#8728,.T.);
#8728 = LINE('',#8729,#8730);
#8729 = CARTESIAN_POINT('',(20.150774002075,-22.04975891113,0.));
#8730 = VECTOR('',#8731,1.);
#8731 = DIRECTION('',(6.217305680414E-02,-0.998065384135,0.));
#8732 = ORIENTED_EDGE('',*,*,#8672,.F.);
#8733 = ORIENTED_EDGE('',*,*,#1788,.F.);
#8734 = PLANE('',#8735);
#8735 = AXIS2_PLACEMENT_3D('',#8736,#8737,#8738);
#8736 = CARTESIAN_POINT('',(20.153867721558,-22.09942245483,12.5));
#8737 = DIRECTION('',(-0.998065384135,-6.217305680414E-02,-0.));
#8738 = DIRECTION('',(6.217305680414E-02,-0.998065384135,0.));
#8739 = ADVANCED_FACE('',(#8740),#8758,.F.);
#8740 = FACE_BOUND('',#8741,.F.);
#8741 = EDGE_LOOP('',(#8742,#8743,#8744,#8752));
#8742 = ORIENTED_EDGE('',*,*,#1980,.F.);
#8743 = ORIENTED_EDGE('',*,*,#8695,.F.);
#8744 = ORIENTED_EDGE('',*,*,#8745,.T.);
#8745 = EDGE_CURVE('',#8696,#8746,#8748,.T.);
#8746 = VERTEX_POINT('',#8747);
#8747 = CARTESIAN_POINT('',(21.477609634399,-10.42335700988,0.));
#8748 = LINE('',#8749,#8750);
#8749 = CARTESIAN_POINT('',(21.576156616211,-10.40947246551,0.));
#8750 = VECTOR('',#8751,1.);
#8751 = DIRECTION('',(-0.990219998744,-0.139514709212,0.));
#8752 = ORIENTED_EDGE('',*,*,#8753,.F.);
#8753 = EDGE_CURVE('',#1973,#8746,#8754,.T.);
#8754 = LINE('',#8755,#8756);
#8755 = CARTESIAN_POINT('',(21.477609634399,-10.42335700988,25.));
#8756 = VECTOR('',#8757,1.);
#8757 = DIRECTION('',(0.,0.,-1.));
#8758 = PLANE('',#8759);
#8759 = AXIS2_PLACEMENT_3D('',#8760,#8761,#8762);
#8760 = CARTESIAN_POINT('',(21.526883125305,-10.4164147377,12.5));
#8761 = DIRECTION('',(-0.139514709212,0.990219998744,0.));
#8762 = DIRECTION('',(0.990219998744,0.139514709212,0.));
#8763 = ADVANCED_FACE('',(#8764),#8782,.F.);
#8764 = FACE_BOUND('',#8765,.F.);
#8765 = EDGE_LOOP('',(#8766,#8767,#8775,#8781));
#8766 = ORIENTED_EDGE('',*,*,#1796,.F.);
#8767 = ORIENTED_EDGE('',*,*,#8768,.T.);
#8768 = EDGE_CURVE('',#1797,#8769,#8771,.T.);
#8769 = VERTEX_POINT('',#8770);
#8770 = CARTESIAN_POINT('',(20.150774002075,-11.95024013519,0.));
#8771 = LINE('',#8772,#8773);
#8772 = CARTESIAN_POINT('',(20.150774002075,-11.95024013519,25.));
#8773 = VECTOR('',#8774,1.);
#8774 = DIRECTION('',(0.,0.,-1.));
#8775 = ORIENTED_EDGE('',*,*,#8776,.T.);
#8776 = EDGE_CURVE('',#8769,#8720,#8777,.T.);
#8777 = LINE('',#8778,#8779);
#8778 = CARTESIAN_POINT('',(20.150774002075,-11.95024013519,0.));
#8779 = VECTOR('',#8780,1.);
#8780 = DIRECTION('',(0.,-1.,0.));
#8781 = ORIENTED_EDGE('',*,*,#8719,.T.);
#8782 = PLANE('',#8783);
#8783 = AXIS2_PLACEMENT_3D('',#8784,#8785,#8786);
#8784 = CARTESIAN_POINT('',(20.150774002075,-16.99999952316,12.5));
#8785 = DIRECTION('',(-1.,-0.,-0.));
#8786 = DIRECTION('',(0.,0.,-1.));
#8787 = ADVANCED_FACE('',(#8788),#8806,.F.);
#8788 = FACE_BOUND('',#8789,.F.);
#8789 = EDGE_LOOP('',(#8790,#8791,#8792,#8800));
#8790 = ORIENTED_EDGE('',*,*,#1972,.F.);
#8791 = ORIENTED_EDGE('',*,*,#8753,.T.);
#8792 = ORIENTED_EDGE('',*,*,#8793,.T.);
#8793 = EDGE_CURVE('',#8746,#8794,#8796,.T.);
#8794 = VERTEX_POINT('',#8795);
#8795 = CARTESIAN_POINT('',(21.380117416382,-10.44334125518,0.));
#8796 = LINE('',#8797,#8798);
#8797 = CARTESIAN_POINT('',(21.477609634399,-10.42335700988,0.));
#8798 = VECTOR('',#8799,1.);
#8799 = DIRECTION('',(-0.979630695885,-0.200807618581,0.));
#8800 = ORIENTED_EDGE('',*,*,#8801,.F.);
#8801 = EDGE_CURVE('',#1965,#8794,#8802,.T.);
#8802 = LINE('',#8803,#8804);
#8803 = CARTESIAN_POINT('',(21.380117416382,-10.44334125518,25.));
#8804 = VECTOR('',#8805,1.);
#8805 = DIRECTION('',(0.,0.,-1.));
#8806 = PLANE('',#8807);
#8807 = AXIS2_PLACEMENT_3D('',#8808,#8809,#8810);
#8808 = CARTESIAN_POINT('',(21.428863525391,-10.43334913253,12.5));
#8809 = DIRECTION('',(-0.200807618581,0.979630695885,0.));
#8810 = DIRECTION('',(0.979630695885,0.200807618581,0.));
#8811 = ADVANCED_FACE('',(#8812),#8830,.F.);
#8812 = FACE_BOUND('',#8813,.F.);
#8813 = EDGE_LOOP('',(#8814,#8815,#8823,#8829));
#8814 = ORIENTED_EDGE('',*,*,#1804,.F.);
#8815 = ORIENTED_EDGE('',*,*,#8816,.T.);
#8816 = EDGE_CURVE('',#1805,#8817,#8819,.T.);
#8817 = VERTEX_POINT('',#8818);
#8818 = CARTESIAN_POINT('',(20.15696144104,-11.85091304779,0.));
#8819 = LINE('',#8820,#8821);
#8820 = CARTESIAN_POINT('',(20.15696144104,-11.85091304779,25.));
#8821 = VECTOR('',#8822,1.);
#8822 = DIRECTION('',(0.,0.,-1.));
#8823 = ORIENTED_EDGE('',*,*,#8824,.T.);
#8824 = EDGE_CURVE('',#8817,#8769,#8825,.T.);
#8825 = LINE('',#8826,#8827);
#8826 = CARTESIAN_POINT('',(20.15696144104,-11.85091304779,0.));
#8827 = VECTOR('',#8828,1.);
#8828 = DIRECTION('',(-6.217305680414E-02,-0.998065384135,0.));
#8829 = ORIENTED_EDGE('',*,*,#8768,.F.);
#8830 = PLANE('',#8831);
#8831 = AXIS2_PLACEMENT_3D('',#8832,#8833,#8834);
#8832 = CARTESIAN_POINT('',(20.153867721558,-11.90057659149,12.5));
#8833 = DIRECTION('',(-0.998065384135,6.217305680414E-02,0.));
#8834 = DIRECTION('',(-6.217305680414E-02,-0.998065384135,0.));
#8835 = ADVANCED_FACE('',(#8836),#8854,.F.);
#8836 = FACE_BOUND('',#8837,.F.);
#8837 = EDGE_LOOP('',(#8838,#8839,#8847,#8853));
#8838 = ORIENTED_EDGE('',*,*,#8801,.T.);
#8839 = ORIENTED_EDGE('',*,*,#8840,.T.);
#8840 = EDGE_CURVE('',#8794,#8841,#8843,.T.);
#8841 = VERTEX_POINT('',#8842);
#8842 = CARTESIAN_POINT('',(21.284055709839,-10.46934795379,0.));
#8843 = LINE('',#8844,#8845);
#8844 = CARTESIAN_POINT('',(21.380117416382,-10.44334125518,0.));
#8845 = VECTOR('',#8846,1.);
#8846 = DIRECTION('',(-0.96525175605,-0.261321731668,0.));
#8847 = ORIENTED_EDGE('',*,*,#8848,.T.);
#8848 = EDGE_CURVE('',#8841,#1957,#8849,.T.);
#8849 = LINE('',#8850,#8851);
#8850 = CARTESIAN_POINT('',(21.284055709839,-10.46934795379,0.));
#8851 = VECTOR('',#8852,1.);
#8852 = DIRECTION('',(0.,0.,1.));
#8853 = ORIENTED_EDGE('',*,*,#1964,.F.);
#8854 = PLANE('',#8855);
#8855 = AXIS2_PLACEMENT_3D('',#8856,#8857,#8858);
#8856 = CARTESIAN_POINT('',(21.33208656311,-10.45634460449,12.5));
#8857 = DIRECTION('',(-0.261321731668,0.96525175605,0.));
#8858 = DIRECTION('',(0.96525175605,0.261321731668,0.));
#8859 = ADVANCED_FACE('',(#8860),#8878,.F.);
#8860 = FACE_BOUND('',#8861,.F.);
#8861 = EDGE_LOOP('',(#8862,#8863,#8864,#8872));
#8862 = ORIENTED_EDGE('',*,*,#8816,.F.);
#8863 = ORIENTED_EDGE('',*,*,#1812,.F.);
#8864 = ORIENTED_EDGE('',*,*,#8865,.T.);
#8865 = EDGE_CURVE('',#1813,#8866,#8868,.T.);
#8866 = VERTEX_POINT('',#8867);
#8867 = CARTESIAN_POINT('',(20.169311523438,-11.75216293335,0.));
#8868 = LINE('',#8869,#8870);
#8869 = CARTESIAN_POINT('',(20.169311523438,-11.75216293335,25.));
#8870 = VECTOR('',#8871,1.);
#8871 = DIRECTION('',(0.,0.,-1.));
#8872 = ORIENTED_EDGE('',*,*,#8873,.F.);
#8873 = EDGE_CURVE('',#8817,#8866,#8874,.T.);
#8874 = LINE('',#8875,#8876);
#8875 = CARTESIAN_POINT('',(20.15696144104,-11.85091304779,0.));
#8876 = VECTOR('',#8877,1.);
#8877 = DIRECTION('',(0.124097243676,0.992270061078,0.));
#8878 = PLANE('',#8879);
#8879 = AXIS2_PLACEMENT_3D('',#8880,#8881,#8882);
#8880 = CARTESIAN_POINT('',(20.163136482239,-11.80153799057,12.5));
#8881 = DIRECTION('',(-0.992270061078,0.124097243676,0.));
#8882 = DIRECTION('',(-0.124097243676,-0.992270061078,0.));
#8883 = ADVANCED_FACE('',(#8884),#8902,.F.);
#8884 = FACE_BOUND('',#8885,.F.);
#8885 = EDGE_LOOP('',(#8886,#8894,#8900,#8901));
#8886 = ORIENTED_EDGE('',*,*,#8887,.F.);
#8887 = EDGE_CURVE('',#8888,#8841,#8890,.T.);
#8888 = VERTEX_POINT('',#8889);
#8889 = CARTESIAN_POINT('',(21.189798355103,-10.50127601623,0.));
#8890 = LINE('',#8891,#8892);
#8891 = CARTESIAN_POINT('',(21.189798355103,-10.50127601623,0.));
#8892 = VECTOR('',#8893,1.);
#8893 = DIRECTION('',(0.947137906513,0.320826722775,0.));
#8894 = ORIENTED_EDGE('',*,*,#8895,.T.);
#8895 = EDGE_CURVE('',#8888,#1949,#8896,.T.);
#8896 = LINE('',#8897,#8898);
#8897 = CARTESIAN_POINT('',(21.189798355103,-10.50127601623,0.));
#8898 = VECTOR('',#8899,1.);
#8899 = DIRECTION('',(0.,0.,1.));
#8900 = ORIENTED_EDGE('',*,*,#1956,.F.);
#8901 = ORIENTED_EDGE('',*,*,#8848,.F.);
#8902 = PLANE('',#8903);
#8903 = AXIS2_PLACEMENT_3D('',#8904,#8905,#8906);
#8904 = CARTESIAN_POINT('',(21.236927032471,-10.48531198501,12.5));
#8905 = DIRECTION('',(-0.320826722775,0.947137906513,0.));
#8906 = DIRECTION('',(0.947137906513,0.320826722775,0.));
#8907 = ADVANCED_FACE('',(#8908),#8926,.F.);
#8908 = FACE_BOUND('',#8909,.F.);
#8909 = EDGE_LOOP('',(#8910,#8918,#8924,#8925));
#8910 = ORIENTED_EDGE('',*,*,#8911,.F.);
#8911 = EDGE_CURVE('',#8912,#1821,#8914,.T.);
#8912 = VERTEX_POINT('',#8913);
#8913 = CARTESIAN_POINT('',(20.187776565552,-11.65437126159,0.));
#8914 = LINE('',#8915,#8916);
#8915 = CARTESIAN_POINT('',(20.187776565552,-11.65437126159,0.));
#8916 = VECTOR('',#8917,1.);
#8917 = DIRECTION('',(0.,0.,1.));
#8918 = ORIENTED_EDGE('',*,*,#8919,.F.);
#8919 = EDGE_CURVE('',#8866,#8912,#8920,.T.);
#8920 = LINE('',#8921,#8922);
#8921 = CARTESIAN_POINT('',(20.169311523438,-11.75216293335,0.));
#8922 = VECTOR('',#8923,1.);
#8923 = DIRECTION('',(0.185541594607,0.982636411228,0.));
#8924 = ORIENTED_EDGE('',*,*,#8865,.F.);
#8925 = ORIENTED_EDGE('',*,*,#1820,.F.);
#8926 = PLANE('',#8927);
#8927 = AXIS2_PLACEMENT_3D('',#8928,#8929,#8930);
#8928 = CARTESIAN_POINT('',(20.178544044495,-11.70326709747,12.5));
#8929 = DIRECTION('',(-0.982636411228,0.185541594607,0.));
#8930 = DIRECTION('',(-0.185541594607,-0.982636411228,0.));
#8931 = ADVANCED_FACE('',(#8932),#8950,.F.);
#8932 = FACE_BOUND('',#8933,.F.);
#8933 = EDGE_LOOP('',(#8934,#8935,#8943,#8949));
#8934 = ORIENTED_EDGE('',*,*,#8895,.F.);
#8935 = ORIENTED_EDGE('',*,*,#8936,.F.);
#8936 = EDGE_CURVE('',#8937,#8888,#8939,.T.);
#8937 = VERTEX_POINT('',#8938);
#8938 = CARTESIAN_POINT('',(21.097705841064,-10.53900241851,0.));
#8939 = LINE('',#8940,#8941);
#8940 = CARTESIAN_POINT('',(21.097705841064,-10.53900241851,0.));
#8941 = VECTOR('',#8942,1.);
#8942 = DIRECTION('',(0.92536306285,0.379082051688,0.));
#8943 = ORIENTED_EDGE('',*,*,#8944,.F.);
#8944 = EDGE_CURVE('',#1941,#8937,#8945,.T.);
#8945 = LINE('',#8946,#8947);
#8946 = CARTESIAN_POINT('',(21.097705841064,-10.53900241851,25.));
#8947 = VECTOR('',#8948,1.);
#8948 = DIRECTION('',(0.,0.,-1.));
#8949 = ORIENTED_EDGE('',*,*,#1948,.F.);
#8950 = PLANE('',#8951);
#8951 = AXIS2_PLACEMENT_3D('',#8952,#8953,#8954);
#8952 = CARTESIAN_POINT('',(21.143752098083,-10.52013921737,12.5));
#8953 = DIRECTION('',(-0.379082051688,0.92536306285,0.));
#8954 = DIRECTION('',(0.92536306285,0.379082051688,0.));
#8955 = ADVANCED_FACE('',(#8956),#8974,.F.);
#8956 = FACE_BOUND('',#8957,.F.);
#8957 = EDGE_LOOP('',(#8958,#8966,#8967,#8968));
#8958 = ORIENTED_EDGE('',*,*,#8959,.T.);
#8959 = EDGE_CURVE('',#8960,#8912,#8962,.T.);
#8960 = VERTEX_POINT('',#8961);
#8961 = CARTESIAN_POINT('',(20.212285995483,-11.55791759491,0.));
#8962 = LINE('',#8963,#8964);
#8963 = CARTESIAN_POINT('',(20.212285995483,-11.55791759491,0.));
#8964 = VECTOR('',#8965,1.);
#8965 = DIRECTION('',(-0.246279017554,-0.969198971065,0.));
#8966 = ORIENTED_EDGE('',*,*,#8911,.T.);
#8967 = ORIENTED_EDGE('',*,*,#1828,.F.);
#8968 = ORIENTED_EDGE('',*,*,#8969,.T.);
#8969 = EDGE_CURVE('',#1829,#8960,#8970,.T.);
#8970 = LINE('',#8971,#8972);
#8971 = CARTESIAN_POINT('',(20.212285995483,-11.55791759491,25.));
#8972 = VECTOR('',#8973,1.);
#8973 = DIRECTION('',(0.,0.,-1.));
#8974 = PLANE('',#8975);
#8975 = AXIS2_PLACEMENT_3D('',#8976,#8977,#8978);
#8976 = CARTESIAN_POINT('',(20.200031280518,-11.60614442825,12.5));
#8977 = DIRECTION('',(-0.969198971065,0.246279017554,0.));
#8978 = DIRECTION('',(-0.246279017554,-0.969198971065,0.));
#8979 = ADVANCED_FACE('',(#8980),#8998,.F.);
#8980 = FACE_BOUND('',#8981,.F.);
#8981 = EDGE_LOOP('',(#8982,#8990,#8991,#8992));
#8982 = ORIENTED_EDGE('',*,*,#8983,.F.);
#8983 = EDGE_CURVE('',#1933,#8984,#8986,.T.);
#8984 = VERTEX_POINT('',#8985);
#8985 = CARTESIAN_POINT('',(21.008138656616,-10.58238220214,0.));
#8986 = LINE('',#8987,#8988);
#8987 = CARTESIAN_POINT('',(21.008138656616,-10.58238220214,25.));
#8988 = VECTOR('',#8989,1.);
#8989 = DIRECTION('',(0.,0.,-1.));
#8990 = ORIENTED_EDGE('',*,*,#1940,.F.);
#8991 = ORIENTED_EDGE('',*,*,#8944,.T.);
#8992 = ORIENTED_EDGE('',*,*,#8993,.F.);
#8993 = EDGE_CURVE('',#8984,#8937,#8994,.T.);
#8994 = LINE('',#8995,#8996);
#8995 = CARTESIAN_POINT('',(21.008138656616,-10.58238220214,0.));
#8996 = VECTOR('',#8997,1.);
#8997 = DIRECTION('',(0.899998358822,0.435893282946,0.));
#8998 = PLANE('',#8999);
#8999 = AXIS2_PLACEMENT_3D('',#9000,#9001,#9002);
#9000 = CARTESIAN_POINT('',(21.05292224884,-10.56069231033,12.5));
#9001 = DIRECTION('',(-0.435893282946,0.899998358822,0.));
#9002 = DIRECTION('',(0.899998358822,0.435893282946,0.));
#9003 = ADVANCED_FACE('',(#9004),#9022,.F.);
#9004 = FACE_BOUND('',#9005,.F.);
#9005 = EDGE_LOOP('',(#9006,#9007,#9015,#9021));
#9006 = ORIENTED_EDGE('',*,*,#1836,.F.);
#9007 = ORIENTED_EDGE('',*,*,#9008,.T.);
#9008 = EDGE_CURVE('',#1837,#9009,#9011,.T.);
#9009 = VERTEX_POINT('',#9010);
#9010 = CARTESIAN_POINT('',(20.242744445801,-11.46317291259,0.));
#9011 = LINE('',#9012,#9013);
#9012 = CARTESIAN_POINT('',(20.242744445801,-11.46317291259,25.));
#9013 = VECTOR('',#9014,1.);
#9014 = DIRECTION('',(0.,0.,-1.));
#9015 = ORIENTED_EDGE('',*,*,#9016,.T.);
#9016 = EDGE_CURVE('',#9009,#8960,#9017,.T.);
#9017 = LINE('',#9018,#9019);
#9018 = CARTESIAN_POINT('',(20.242744445801,-11.46317291259,0.));
#9019 = VECTOR('',#9020,1.);
#9020 = DIRECTION('',(-0.306052917176,-0.952014501932,0.));
#9021 = ORIENTED_EDGE('',*,*,#8969,.F.);
#9022 = PLANE('',#9023);
#9023 = AXIS2_PLACEMENT_3D('',#9024,#9025,#9026);
#9024 = CARTESIAN_POINT('',(20.227515220642,-11.51054525375,12.5));
#9025 = DIRECTION('',(-0.952014501932,0.306052917176,0.));
#9026 = DIRECTION('',(-0.306052917176,-0.952014501932,0.));
#9027 = ADVANCED_FACE('',(#9028),#9046,.F.);
#9028 = FACE_BOUND('',#9029,.F.);
#9029 = EDGE_LOOP('',(#9030,#9031,#9032,#9040));
#9030 = ORIENTED_EDGE('',*,*,#1932,.F.);
#9031 = ORIENTED_EDGE('',*,*,#8983,.T.);
#9032 = ORIENTED_EDGE('',*,*,#9033,.F.);
#9033 = EDGE_CURVE('',#9034,#8984,#9036,.T.);
#9034 = VERTEX_POINT('',#9035);
#9035 = CARTESIAN_POINT('',(20.921440124512,-10.63124561309,0.));
#9036 = LINE('',#9037,#9038);
#9037 = CARTESIAN_POINT('',(20.921440124512,-10.63124561309,0.));
#9038 = VECTOR('',#9039,1.);
#9039 = DIRECTION('',(0.871165251111,0.490989923784,0.));
#9040 = ORIENTED_EDGE('',*,*,#9041,.F.);
#9041 = EDGE_CURVE('',#1925,#9034,#9042,.T.);
#9042 = LINE('',#9043,#9044);
#9043 = CARTESIAN_POINT('',(20.921440124512,-10.63124561309,25.));
#9044 = VECTOR('',#9045,1.);
#9045 = DIRECTION('',(0.,0.,-1.));
#9046 = PLANE('',#9047);
#9047 = AXIS2_PLACEMENT_3D('',#9048,#9049,#9050);
#9048 = CARTESIAN_POINT('',(20.964789390564,-10.60681390762,12.5));
#9049 = DIRECTION('',(-0.490989923784,0.871165251111,0.));
#9050 = DIRECTION('',(0.871165251111,0.490989923784,0.));
#9051 = ADVANCED_FACE('',(#9052),#9070,.F.);
#9052 = FACE_BOUND('',#9053,.F.);
#9053 = EDGE_LOOP('',(#9054,#9055,#9056,#9064));
#9054 = ORIENTED_EDGE('',*,*,#9008,.F.);
#9055 = ORIENTED_EDGE('',*,*,#1844,.F.);
#9056 = ORIENTED_EDGE('',*,*,#9057,.T.);
#9057 = EDGE_CURVE('',#1845,#9058,#9060,.T.);
#9058 = VERTEX_POINT('',#9059);
#9059 = CARTESIAN_POINT('',(20.279035568237,-11.37050628662,0.));
#9060 = LINE('',#9061,#9062);
#9061 = CARTESIAN_POINT('',(20.279035568237,-11.37050628662,25.));
#9062 = VECTOR('',#9063,1.);
#9063 = DIRECTION('',(0.,0.,-1.));
#9064 = ORIENTED_EDGE('',*,*,#9065,.F.);
#9065 = EDGE_CURVE('',#9009,#9058,#9066,.T.);
#9066 = LINE('',#9067,#9068);
#9067 = CARTESIAN_POINT('',(20.242744445801,-11.46317291259,0.));
#9068 = VECTOR('',#9069,1.);
#9069 = DIRECTION('',(0.364663096046,0.931139531103,0.));
#9070 = PLANE('',#9071);
#9071 = AXIS2_PLACEMENT_3D('',#9072,#9073,#9074);
#9072 = CARTESIAN_POINT('',(20.260890007019,-11.4168395996,12.5));
#9073 = DIRECTION('',(-0.931139531103,0.364663096046,0.));
#9074 = DIRECTION('',(-0.364663096046,-0.931139531103,0.));
#9075 = ADVANCED_FACE('',(#9076),#9094,.F.);
#9076 = FACE_BOUND('',#9077,.F.);
#9077 = EDGE_LOOP('',(#9078,#9079,#9080,#9088));
#9078 = ORIENTED_EDGE('',*,*,#1924,.F.);
#9079 = ORIENTED_EDGE('',*,*,#9041,.T.);
#9080 = ORIENTED_EDGE('',*,*,#9081,.F.);
#9081 = EDGE_CURVE('',#9082,#9034,#9084,.T.);
#9082 = VERTEX_POINT('',#9083);
#9083 = CARTESIAN_POINT('',(20.837947845459,-10.68540382385,0.));
#9084 = LINE('',#9085,#9086);
#9085 = CARTESIAN_POINT('',(20.837947845459,-10.68540382385,0.));
#9086 = VECTOR('',#9087,1.);
#9087 = DIRECTION('',(0.838956438927,0.544198579182,0.));
#9088 = ORIENTED_EDGE('',*,*,#9089,.F.);
#9089 = EDGE_CURVE('',#1917,#9082,#9090,.T.);
#9090 = LINE('',#9091,#9092);
#9091 = CARTESIAN_POINT('',(20.837947845459,-10.68540382385,25.));
#9092 = VECTOR('',#9093,1.);
#9093 = DIRECTION('',(0.,0.,-1.));
#9094 = PLANE('',#9095);
#9095 = AXIS2_PLACEMENT_3D('',#9096,#9097,#9098);
#9096 = CARTESIAN_POINT('',(20.879693984985,-10.65832471847,12.5));
#9097 = DIRECTION('',(-0.544198579182,0.838956438927,0.));
#9098 = DIRECTION('',(0.838956438927,0.544198579182,0.));
#9099 = ADVANCED_FACE('',(#9100),#9118,.F.);
#9100 = FACE_BOUND('',#9101,.F.);
#9101 = EDGE_LOOP('',(#9102,#9103,#9104,#9112));
#9102 = ORIENTED_EDGE('',*,*,#9057,.F.);
#9103 = ORIENTED_EDGE('',*,*,#1852,.F.);
#9104 = ORIENTED_EDGE('',*,*,#9105,.F.);
#9105 = EDGE_CURVE('',#9106,#1853,#9108,.T.);
#9106 = VERTEX_POINT('',#9107);
#9107 = CARTESIAN_POINT('',(20.321016311646,-11.28027439117,0.));
#9108 = LINE('',#9109,#9110);
#9109 = CARTESIAN_POINT('',(20.321016311646,-11.28027439117,0.));
#9110 = VECTOR('',#9111,1.);
#9111 = DIRECTION('',(0.,0.,1.));
#9112 = ORIENTED_EDGE('',*,*,#9113,.F.);
#9113 = EDGE_CURVE('',#9058,#9106,#9114,.T.);
#9114 = LINE('',#9115,#9116);
#9115 = CARTESIAN_POINT('',(20.279035568237,-11.37050628662,0.));
#9116 = VECTOR('',#9117,1.);
#9117 = DIRECTION('',(0.421833349505,0.906673383995,0.));
#9118 = PLANE('',#9119);
#9119 = AXIS2_PLACEMENT_3D('',#9120,#9121,#9122);
#9120 = CARTESIAN_POINT('',(20.300025939941,-11.32539033889,12.5));
#9121 = DIRECTION('',(-0.906673383995,0.421833349505,0.));
#9122 = DIRECTION('',(-0.421833349505,-0.906673383995,0.));
#9123 = ADVANCED_FACE('',(#9124),#9142,.F.);
#9124 = FACE_BOUND('',#9125,.F.);
#9125 = EDGE_LOOP('',(#9126,#9134,#9140,#9141));
#9126 = ORIENTED_EDGE('',*,*,#9127,.T.);
#9127 = EDGE_CURVE('',#9082,#9128,#9130,.T.);
#9128 = VERTEX_POINT('',#9129);
#9129 = CARTESIAN_POINT('',(20.757984161377,-10.74464893341,0.));
#9130 = LINE('',#9131,#9132);
#9131 = CARTESIAN_POINT('',(20.837947845459,-10.68540382385,0.));
#9132 = VECTOR('',#9133,1.);
#9133 = DIRECTION('',(-0.803495906904,-0.595310278416,0.));
#9134 = ORIENTED_EDGE('',*,*,#9135,.T.);
#9135 = EDGE_CURVE('',#9128,#1909,#9136,.T.);
#9136 = LINE('',#9137,#9138);
#9137 = CARTESIAN_POINT('',(20.757984161377,-10.74464893341,0.));
#9138 = VECTOR('',#9139,1.);
#9139 = DIRECTION('',(0.,0.,1.));
#9140 = ORIENTED_EDGE('',*,*,#1916,.F.);
#9141 = ORIENTED_EDGE('',*,*,#9089,.T.);
#9142 = PLANE('',#9143);
#9143 = AXIS2_PLACEMENT_3D('',#9144,#9145,#9146);
#9144 = CARTESIAN_POINT('',(20.797966003418,-10.71502637863,12.5));
#9145 = DIRECTION('',(-0.595310278416,0.803495906904,0.));
#9146 = DIRECTION('',(0.803495906904,0.595310278416,0.));
#9147 = ADVANCED_FACE('',(#9148),#9166,.F.);
#9148 = FACE_BOUND('',#9149,.F.);
#9149 = EDGE_LOOP('',(#9150,#9151,#9152,#9160));
#9150 = ORIENTED_EDGE('',*,*,#9105,.T.);
#9151 = ORIENTED_EDGE('',*,*,#1860,.F.);
#9152 = ORIENTED_EDGE('',*,*,#9153,.T.);
#9153 = EDGE_CURVE('',#1861,#9154,#9156,.T.);
#9154 = VERTEX_POINT('',#9155);
#9155 = CARTESIAN_POINT('',(20.368524551392,-11.19282722473,0.));
#9156 = LINE('',#9157,#9158);
#9157 = CARTESIAN_POINT('',(20.368524551392,-11.19282722473,25.));
#9158 = VECTOR('',#9159,1.);
#9159 = DIRECTION('',(0.,0.,-1.));
#9160 = ORIENTED_EDGE('',*,*,#9161,.T.);
#9161 = EDGE_CURVE('',#9154,#9106,#9162,.T.);
#9162 = LINE('',#9163,#9164);
#9163 = CARTESIAN_POINT('',(20.368524551392,-11.19282722473,0.));
#9164 = VECTOR('',#9165,1.);
#9165 = DIRECTION('',(-0.47737838599,-0.878697830081,0.));
#9166 = PLANE('',#9167);
#9167 = AXIS2_PLACEMENT_3D('',#9168,#9169,#9170);
#9168 = CARTESIAN_POINT('',(20.344770431519,-11.23655080795,12.5));
#9169 = DIRECTION('',(-0.878697830081,0.47737838599,0.));
#9170 = DIRECTION('',(-0.47737838599,-0.878697830081,0.));
#9171 = ADVANCED_FACE('',(#9172),#9190,.F.);
#9172 = FACE_BOUND('',#9173,.F.);
#9173 = EDGE_LOOP('',(#9174,#9175,#9176,#9184));
#9174 = ORIENTED_EDGE('',*,*,#1908,.F.);
#9175 = ORIENTED_EDGE('',*,*,#9135,.F.);
#9176 = ORIENTED_EDGE('',*,*,#9177,.T.);
#9177 = EDGE_CURVE('',#9128,#9178,#9180,.T.);
#9178 = VERTEX_POINT('',#9179);
#9179 = CARTESIAN_POINT('',(20.681858062744,-10.80875110626,0.));
#9180 = LINE('',#9181,#9182);
#9181 = CARTESIAN_POINT('',(20.757984161377,-10.74464893341,0.));
#9182 = VECTOR('',#9183,1.);
#9183 = DIRECTION('',(-0.764931077627,-0.644112138126,0.));
#9184 = ORIENTED_EDGE('',*,*,#9185,.F.);
#9185 = EDGE_CURVE('',#1901,#9178,#9186,.T.);
#9186 = LINE('',#9187,#9188);
#9187 = CARTESIAN_POINT('',(20.681858062744,-10.80875110626,25.));
#9188 = VECTOR('',#9189,1.);
#9189 = DIRECTION('',(0.,0.,-1.));
#9190 = PLANE('',#9191);
#9191 = AXIS2_PLACEMENT_3D('',#9192,#9193,#9194);
#9192 = CARTESIAN_POINT('',(20.719921112061,-10.77670001983,12.5));
#9193 = DIRECTION('',(-0.644112138126,0.764931077627,0.));
#9194 = DIRECTION('',(0.764931077627,0.644112138126,0.));
#9195 = ADVANCED_FACE('',(#9196),#9214,.F.);
#9196 = FACE_BOUND('',#9197,.F.);
#9197 = EDGE_LOOP('',(#9198,#9199,#9200,#9208));
#9198 = ORIENTED_EDGE('',*,*,#9153,.F.);
#9199 = ORIENTED_EDGE('',*,*,#1868,.F.);
#9200 = ORIENTED_EDGE('',*,*,#9201,.T.);
#9201 = EDGE_CURVE('',#1869,#9202,#9204,.T.);
#9202 = VERTEX_POINT('',#9203);
#9203 = CARTESIAN_POINT('',(20.421379089355,-11.10850334167,0.));
#9204 = LINE('',#9205,#9206);
#9205 = CARTESIAN_POINT('',(20.421379089355,-11.10850334167,25.));
#9206 = VECTOR('',#9207,1.);
#9207 = DIRECTION('',(0.,0.,-1.));
#9208 = ORIENTED_EDGE('',*,*,#9209,.T.);
#9209 = EDGE_CURVE('',#9202,#9154,#9210,.T.);
#9210 = LINE('',#9211,#9212);
#9211 = CARTESIAN_POINT('',(20.421379089355,-11.10850334167,0.));
#9212 = VECTOR('',#9213,1.);
#9213 = DIRECTION('',(-0.531097608988,-0.847310645352,0.));
#9214 = PLANE('',#9215);
#9215 = AXIS2_PLACEMENT_3D('',#9216,#9217,#9218);
#9216 = CARTESIAN_POINT('',(20.394951820374,-11.1506652832,12.5));
#9217 = DIRECTION('',(-0.847310645352,0.531097608988,0.));
#9218 = DIRECTION('',(-0.531097608988,-0.847310645352,0.));
#9219 = ADVANCED_FACE('',(#9220),#9238,.F.);
#9220 = FACE_BOUND('',#9221,.F.);
#9221 = EDGE_LOOP('',(#9222,#9230,#9231,#9232));
#9222 = ORIENTED_EDGE('',*,*,#9223,.T.);
#9223 = EDGE_CURVE('',#9224,#1893,#9226,.T.);
#9224 = VERTEX_POINT('',#9225);
#9225 = CARTESIAN_POINT('',(20.609865188599,-10.87746143341,0.));
#9226 = LINE('',#9227,#9228);
#9227 = CARTESIAN_POINT('',(20.609865188599,-10.87746143341,0.));
#9228 = VECTOR('',#9229,1.);
#9229 = DIRECTION('',(0.,0.,1.));
#9230 = ORIENTED_EDGE('',*,*,#1900,.F.);
#9231 = ORIENTED_EDGE('',*,*,#9185,.T.);
#9232 = ORIENTED_EDGE('',*,*,#9233,.F.);
#9233 = EDGE_CURVE('',#9224,#9178,#9234,.T.);
#9234 = LINE('',#9235,#9236);
#9235 = CARTESIAN_POINT('',(20.609865188599,-10.87746143341,0.));
#9236 = VECTOR('',#9237,1.);
#9237 = DIRECTION('',(0.723406450217,0.690422412574,0.));
#9238 = PLANE('',#9239);
#9239 = AXIS2_PLACEMENT_3D('',#9240,#9241,#9242);
#9240 = CARTESIAN_POINT('',(20.645861625671,-10.84310626983,12.5));
#9241 = DIRECTION('',(-0.690422412574,0.723406450217,0.));
#9242 = DIRECTION('',(0.723406450217,0.690422412574,0.));
#9243 = ADVANCED_FACE('',(#9244),#9262,.F.);
#9244 = FACE_BOUND('',#9245,.F.);
#9245 = EDGE_LOOP('',(#9246,#9247,#9255,#9261));
#9246 = ORIENTED_EDGE('',*,*,#1876,.F.);
#9247 = ORIENTED_EDGE('',*,*,#9248,.T.);
#9248 = EDGE_CURVE('',#1877,#9249,#9251,.T.);
#9249 = VERTEX_POINT('',#9250);
#9250 = CARTESIAN_POINT('',(20.479373931885,-11.02762794494,0.));
#9251 = LINE('',#9252,#9253);
#9252 = CARTESIAN_POINT('',(20.479373931885,-11.02762794494,25.));
#9253 = VECTOR('',#9254,1.);
#9254 = DIRECTION('',(0.,0.,-1.));
#9255 = ORIENTED_EDGE('',*,*,#9256,.T.);
#9256 = EDGE_CURVE('',#9249,#9202,#9257,.T.);
#9257 = LINE('',#9258,#9259);
#9258 = CARTESIAN_POINT('',(20.479373931885,-11.02762794494,0.));
#9259 = VECTOR('',#9260,1.);
#9260 = DIRECTION('',(-0.582745570185,-0.812654662467,0.));
#9261 = ORIENTED_EDGE('',*,*,#9201,.F.);
#9262 = PLANE('',#9263);
#9263 = AXIS2_PLACEMENT_3D('',#9264,#9265,#9266);
#9264 = CARTESIAN_POINT('',(20.45037651062,-11.06806564331,12.5));
#9265 = DIRECTION('',(-0.812654662467,0.582745570185,0.));
#9266 = DIRECTION('',(-0.582745570185,-0.812654662467,0.));
#9267 = ADVANCED_FACE('',(#9268),#9286,.F.);
#9268 = FACE_BOUND('',#9269,.F.);
#9269 = EDGE_LOOP('',(#9270,#9278,#9284,#9285));
#9270 = ORIENTED_EDGE('',*,*,#9271,.T.);
#9271 = EDGE_CURVE('',#9224,#9272,#9274,.T.);
#9272 = VERTEX_POINT('',#9273);
#9273 = CARTESIAN_POINT('',(20.542284011841,-10.95051383972,0.));
#9274 = LINE('',#9275,#9276);
#9275 = CARTESIAN_POINT('',(20.609865188599,-10.87746143341,0.));
#9276 = VECTOR('',#9277,1.);
#9277 = DIRECTION('',(-0.679083681856,-0.734060864668,0.));
#9278 = ORIENTED_EDGE('',*,*,#9279,.T.);
#9279 = EDGE_CURVE('',#9272,#1885,#9280,.T.);
#9280 = LINE('',#9281,#9282);
#9281 = CARTESIAN_POINT('',(20.542284011841,-10.95051383972,0.));
#9282 = VECTOR('',#9283,1.);
#9283 = DIRECTION('',(0.,0.,1.));
#9284 = ORIENTED_EDGE('',*,*,#1892,.F.);
#9285 = ORIENTED_EDGE('',*,*,#9223,.F.);
#9286 = PLANE('',#9287);
#9287 = AXIS2_PLACEMENT_3D('',#9288,#9289,#9290);
#9288 = CARTESIAN_POINT('',(20.57607460022,-10.91398763656,12.5));
#9289 = DIRECTION('',(-0.734060864668,0.679083681856,0.));
#9290 = DIRECTION('',(-0.679083681856,-0.734060864668,0.));
#9291 = ADVANCED_FACE('',(#9292),#9303,.F.);
#9292 = FACE_BOUND('',#9293,.F.);
#9293 = EDGE_LOOP('',(#9294,#9295,#9296,#9302));
#9294 = ORIENTED_EDGE('',*,*,#1884,.F.);
#9295 = ORIENTED_EDGE('',*,*,#9279,.F.);
#9296 = ORIENTED_EDGE('',*,*,#9297,.F.);
#9297 = EDGE_CURVE('',#9249,#9272,#9298,.T.);
#9298 = LINE('',#9299,#9300);
#9299 = CARTESIAN_POINT('',(20.479373931885,-11.02762794494,0.));
#9300 = VECTOR('',#9301,1.);
#9301 = DIRECTION('',(0.632133995173,0.774859091801,0.));
#9302 = ORIENTED_EDGE('',*,*,#9248,.F.);
#9303 = PLANE('',#9304);
#9304 = AXIS2_PLACEMENT_3D('',#9305,#9306,#9307);
#9305 = CARTESIAN_POINT('',(20.510828971863,-10.98907089233,12.5));
#9306 = DIRECTION('',(-0.774859091801,0.632133995173,0.));
#9307 = DIRECTION('',(-0.632133995173,-0.774859091801,0.));
#9308 = ADVANCED_FACE('',(#9309,#9379,#9483,#9587),#9637,.T.);
#9309 = FACE_BOUND('',#9310,.T.);
#9310 = EDGE_LOOP('',(#9311,#9312,#9313,#9314,#9315,#9316,#9317,#9318,
    #9319,#9320,#9321,#9322,#9323,#9324,#9325,#9326,#9327,#9328,#9329,
    #9330,#9331,#9332,#9333,#9334,#9335,#9336,#9337,#9338,#9339,#9340,
    #9341,#9342,#9343,#9344,#9345,#9346,#9347,#9348,#9349,#9350,#9351,
    #9352,#9353,#9354,#9355,#9356,#9357,#9358,#9359,#9360,#9361,#9362,
    #9363,#9364,#9365,#9366,#9367,#9368,#9369,#9370,#9371,#9372,#9373,
    #9374,#9375,#9376,#9377,#9378));
#9311 = ORIENTED_EDGE('',*,*,#2337,.T.);
#9312 = ORIENTED_EDGE('',*,*,#2363,.T.);
#9313 = ORIENTED_EDGE('',*,*,#2377,.F.);
#9314 = ORIENTED_EDGE('',*,*,#2411,.F.);
#9315 = ORIENTED_EDGE('',*,*,#2434,.F.);
#9316 = ORIENTED_EDGE('',*,*,#2458,.F.);
#9317 = ORIENTED_EDGE('',*,*,#2483,.F.);
#9318 = ORIENTED_EDGE('',*,*,#2505,.F.);
#9319 = ORIENTED_EDGE('',*,*,#2521,.T.);
#9320 = ORIENTED_EDGE('',*,*,#2545,.F.);
#9321 = ORIENTED_EDGE('',*,*,#2594,.F.);
#9322 = ORIENTED_EDGE('',*,*,#3087,.F.);
#9323 = ORIENTED_EDGE('',*,*,#3113,.T.);
#9324 = ORIENTED_EDGE('',*,*,#3135,.T.);
#9325 = ORIENTED_EDGE('',*,*,#3151,.T.);
#9326 = ORIENTED_EDGE('',*,*,#3175,.F.);
#9327 = ORIENTED_EDGE('',*,*,#3207,.F.);
#9328 = ORIENTED_EDGE('',*,*,#3233,.T.);
#9329 = ORIENTED_EDGE('',*,*,#3255,.F.);
#9330 = ORIENTED_EDGE('',*,*,#3281,.T.);
#9331 = ORIENTED_EDGE('',*,*,#3304,.F.);
#9332 = ORIENTED_EDGE('',*,*,#3328,.F.);
#9333 = ORIENTED_EDGE('',*,*,#3352,.F.);
#9334 = ORIENTED_EDGE('',*,*,#3376,.T.);
#9335 = ORIENTED_EDGE('',*,*,#3401,.F.);
#9336 = ORIENTED_EDGE('',*,*,#3424,.T.);
#9337 = ORIENTED_EDGE('',*,*,#3449,.F.);
#9338 = ORIENTED_EDGE('',*,*,#3471,.T.);
#9339 = ORIENTED_EDGE('',*,*,#3496,.F.);
#9340 = ORIENTED_EDGE('',*,*,#3521,.T.);
#9341 = ORIENTED_EDGE('',*,*,#3545,.T.);
#9342 = ORIENTED_EDGE('',*,*,#3569,.F.);
#9343 = ORIENTED_EDGE('',*,*,#3591,.F.);
#9344 = ORIENTED_EDGE('',*,*,#3615,.T.);
#9345 = ORIENTED_EDGE('',*,*,#3641,.F.);
#9346 = ORIENTED_EDGE('',*,*,#3663,.F.);
#9347 = ORIENTED_EDGE('',*,*,#3689,.F.);
#9348 = ORIENTED_EDGE('',*,*,#3712,.T.);
#9349 = ORIENTED_EDGE('',*,*,#3736,.T.);
#9350 = ORIENTED_EDGE('',*,*,#3759,.F.);
#9351 = ORIENTED_EDGE('',*,*,#3785,.F.);
#9352 = ORIENTED_EDGE('',*,*,#3799,.T.);
#9353 = ORIENTED_EDGE('',*,*,#3823,.F.);
#9354 = ORIENTED_EDGE('',*,*,#3857,.F.);
#9355 = ORIENTED_EDGE('',*,*,#3881,.F.);
#9356 = ORIENTED_EDGE('',*,*,#3905,.F.);
#9357 = ORIENTED_EDGE('',*,*,#3919,.F.);
#9358 = ORIENTED_EDGE('',*,*,#3951,.T.);
#9359 = ORIENTED_EDGE('',*,*,#3977,.F.);
#9360 = ORIENTED_EDGE('',*,*,#4000,.F.);
#9361 = ORIENTED_EDGE('',*,*,#4025,.F.);
#9362 = ORIENTED_EDGE('',*,*,#4049,.F.);
#9363 = ORIENTED_EDGE('',*,*,#4072,.F.);
#9364 = ORIENTED_EDGE('',*,*,#4096,.T.);
#9365 = ORIENTED_EDGE('',*,*,#4120,.F.);
#9366 = ORIENTED_EDGE('',*,*,#4135,.T.);
#9367 = ORIENTED_EDGE('',*,*,#4159,.F.);
#9368 = ORIENTED_EDGE('',*,*,#4192,.F.);
#9369 = ORIENTED_EDGE('',*,*,#4215,.T.);
#9370 = ORIENTED_EDGE('',*,*,#4231,.F.);
#9371 = ORIENTED_EDGE('',*,*,#4265,.F.);
#9372 = ORIENTED_EDGE('',*,*,#4288,.T.);
#9373 = ORIENTED_EDGE('',*,*,#4311,.T.);
#9374 = ORIENTED_EDGE('',*,*,#4337,.T.);
#9375 = ORIENTED_EDGE('',*,*,#4351,.T.);
#9376 = ORIENTED_EDGE('',*,*,#4375,.F.);
#9377 = ORIENTED_EDGE('',*,*,#4400,.F.);
#9378 = ORIENTED_EDGE('',*,*,#2298,.T.);
#9379 = FACE_BOUND('',#9380,.T.);
#9380 = EDGE_LOOP('',(#9381,#9382,#9383,#9384,#9385,#9386,#9387,#9388,
    #9389,#9390,#9391,#9392,#9393,#9394,#9395,#9396,#9397,#9398,#9399,
    #9400,#9401,#9402,#9403,#9404,#9405,#9406,#9407,#9408,#9409,#9410,
    #9411,#9412,#9413,#9414,#9415,#9416,#9417,#9418,#9419,#9420,#9421,
    #9422,#9423,#9424,#9425,#9426,#9427,#9428,#9429,#9430,#9431,#9432,
    #9433,#9434,#9435,#9436,#9437,#9438,#9439,#9440,#9441,#9442,#9443,
    #9444,#9445,#9446,#9447,#9448,#9449,#9450,#9451,#9452,#9453,#9454,
    #9455,#9456,#9457,#9458,#9459,#9460,#9461,#9462,#9463,#9464,#9465,
    #9466,#9467,#9468,#9469,#9470,#9471,#9472,#9473,#9474,#9475,#9476,
    #9477,#9478,#9479,#9480,#9481,#9482));
#9381 = ORIENTED_EDGE('',*,*,#6905,.F.);
#9382 = ORIENTED_EDGE('',*,*,#6873,.T.);
#9383 = ORIENTED_EDGE('',*,*,#6919,.T.);
#9384 = ORIENTED_EDGE('',*,*,#6967,.F.);
#9385 = ORIENTED_EDGE('',*,*,#7016,.F.);
#9386 = ORIENTED_EDGE('',*,*,#7073,.T.);
#9387 = ORIENTED_EDGE('',*,*,#7113,.T.);
#9388 = ORIENTED_EDGE('',*,*,#7159,.T.);
#9389 = ORIENTED_EDGE('',*,*,#7208,.T.);
#9390 = ORIENTED_EDGE('',*,*,#7255,.T.);
#9391 = ORIENTED_EDGE('',*,*,#7304,.T.);
#9392 = ORIENTED_EDGE('',*,*,#7352,.T.);
#9393 = ORIENTED_EDGE('',*,*,#7409,.T.);
#9394 = ORIENTED_EDGE('',*,*,#7447,.T.);
#9395 = ORIENTED_EDGE('',*,*,#7495,.T.);
#9396 = ORIENTED_EDGE('',*,*,#7553,.T.);
#9397 = ORIENTED_EDGE('',*,*,#7592,.T.);
#9398 = ORIENTED_EDGE('',*,*,#7640,.T.);
#9399 = ORIENTED_EDGE('',*,*,#7689,.T.);
#9400 = ORIENTED_EDGE('',*,*,#7745,.T.);
#9401 = ORIENTED_EDGE('',*,*,#7783,.F.);
#9402 = ORIENTED_EDGE('',*,*,#7841,.T.);
#9403 = ORIENTED_EDGE('',*,*,#7889,.F.);
#9404 = ORIENTED_EDGE('',*,*,#7929,.T.);
#9405 = ORIENTED_EDGE('',*,*,#7985,.T.);
#9406 = ORIENTED_EDGE('',*,*,#8024,.T.);
#9407 = ORIENTED_EDGE('',*,*,#8072,.T.);
#9408 = ORIENTED_EDGE('',*,*,#8129,.T.);
#9409 = ORIENTED_EDGE('',*,*,#8167,.F.);
#9410 = ORIENTED_EDGE('',*,*,#8216,.T.);
#9411 = ORIENTED_EDGE('',*,*,#8265,.F.);
#9412 = ORIENTED_EDGE('',*,*,#8312,.T.);
#9413 = ORIENTED_EDGE('',*,*,#8369,.F.);
#9414 = ORIENTED_EDGE('',*,*,#8409,.T.);
#9415 = ORIENTED_EDGE('',*,*,#8465,.T.);
#9416 = ORIENTED_EDGE('',*,*,#8504,.T.);
#9417 = ORIENTED_EDGE('',*,*,#8553,.T.);
#9418 = ORIENTED_EDGE('',*,*,#8599,.F.);
#9419 = ORIENTED_EDGE('',*,*,#8647,.F.);
#9420 = ORIENTED_EDGE('',*,*,#8705,.T.);
#9421 = ORIENTED_EDGE('',*,*,#8745,.T.);
#9422 = ORIENTED_EDGE('',*,*,#8793,.T.);
#9423 = ORIENTED_EDGE('',*,*,#8840,.T.);
#9424 = ORIENTED_EDGE('',*,*,#8887,.F.);
#9425 = ORIENTED_EDGE('',*,*,#8936,.F.);
#9426 = ORIENTED_EDGE('',*,*,#8993,.F.);
#9427 = ORIENTED_EDGE('',*,*,#9033,.F.);
#9428 = ORIENTED_EDGE('',*,*,#9081,.F.);
#9429 = ORIENTED_EDGE('',*,*,#9127,.T.);
#9430 = ORIENTED_EDGE('',*,*,#9177,.T.);
#9431 = ORIENTED_EDGE('',*,*,#9233,.F.);
#9432 = ORIENTED_EDGE('',*,*,#9271,.T.);
#9433 = ORIENTED_EDGE('',*,*,#9297,.F.);
#9434 = ORIENTED_EDGE('',*,*,#9256,.T.);
#9435 = ORIENTED_EDGE('',*,*,#9209,.T.);
#9436 = ORIENTED_EDGE('',*,*,#9161,.T.);
#9437 = ORIENTED_EDGE('',*,*,#9113,.F.);
#9438 = ORIENTED_EDGE('',*,*,#9065,.F.);
#9439 = ORIENTED_EDGE('',*,*,#9016,.T.);
#9440 = ORIENTED_EDGE('',*,*,#8959,.T.);
#9441 = ORIENTED_EDGE('',*,*,#8919,.F.);
#9442 = ORIENTED_EDGE('',*,*,#8873,.F.);
#9443 = ORIENTED_EDGE('',*,*,#8824,.T.);
#9444 = ORIENTED_EDGE('',*,*,#8776,.T.);
#9445 = ORIENTED_EDGE('',*,*,#8727,.T.);
#9446 = ORIENTED_EDGE('',*,*,#8680,.T.);
#9447 = ORIENTED_EDGE('',*,*,#8631,.T.);
#9448 = ORIENTED_EDGE('',*,*,#8585,.T.);
#9449 = ORIENTED_EDGE('',*,*,#8537,.F.);
#9450 = ORIENTED_EDGE('',*,*,#8487,.T.);
#9451 = ORIENTED_EDGE('',*,*,#8439,.T.);
#9452 = ORIENTED_EDGE('',*,*,#8391,.T.);
#9453 = ORIENTED_EDGE('',*,*,#8343,.T.);
#9454 = ORIENTED_EDGE('',*,*,#8297,.F.);
#9455 = ORIENTED_EDGE('',*,*,#8249,.F.);
#9456 = ORIENTED_EDGE('',*,*,#8199,.F.);
#9457 = ORIENTED_EDGE('',*,*,#8143,.T.);
#9458 = ORIENTED_EDGE('',*,*,#8105,.F.);
#9459 = ORIENTED_EDGE('',*,*,#8057,.T.);
#9460 = ORIENTED_EDGE('',*,*,#8009,.T.);
#9461 = ORIENTED_EDGE('',*,*,#7951,.T.);
#9462 = ORIENTED_EDGE('',*,*,#7913,.T.);
#9463 = ORIENTED_EDGE('',*,*,#7865,.T.);
#9464 = ORIENTED_EDGE('',*,*,#7816,.T.);
#9465 = ORIENTED_EDGE('',*,*,#7759,.T.);
#9466 = ORIENTED_EDGE('',*,*,#7711,.F.);
#9467 = ORIENTED_EDGE('',*,*,#7672,.F.);
#9468 = ORIENTED_EDGE('',*,*,#7615,.F.);
#9469 = ORIENTED_EDGE('',*,*,#7567,.F.);
#9470 = ORIENTED_EDGE('',*,*,#7528,.T.);
#9471 = ORIENTED_EDGE('',*,*,#7481,.F.);
#9472 = ORIENTED_EDGE('',*,*,#7431,.T.);
#9473 = ORIENTED_EDGE('',*,*,#7384,.T.);
#9474 = ORIENTED_EDGE('',*,*,#7327,.T.);
#9475 = ORIENTED_EDGE('',*,*,#7287,.F.);
#9476 = ORIENTED_EDGE('',*,*,#7241,.F.);
#9477 = ORIENTED_EDGE('',*,*,#7193,.F.);
#9478 = ORIENTED_EDGE('',*,*,#7145,.T.);
#9479 = ORIENTED_EDGE('',*,*,#7097,.T.);
#9480 = ORIENTED_EDGE('',*,*,#7049,.F.);
#9481 = ORIENTED_EDGE('',*,*,#7001,.F.);
#9482 = ORIENTED_EDGE('',*,*,#6951,.T.);
#9483 = FACE_BOUND('',#9484,.T.);
#9484 = EDGE_LOOP('',(#9485,#9486,#9487,#9488,#9489,#9490,#9491,#9492,
    #9493,#9494,#9495,#9496,#9497,#9498,#9499,#9500,#9501,#9502,#9503,
    #9504,#9505,#9506,#9507,#9508,#9509,#9510,#9511,#9512,#9513,#9514,
    #9515,#9516,#9517,#9518,#9519,#9520,#9521,#9522,#9523,#9524,#9525,
    #9526,#9527,#9528,#9529,#9530,#9531,#9532,#9533,#9534,#9535,#9536,
    #9537,#9538,#9539,#9540,#9541,#9542,#9543,#9544,#9545,#9546,#9547,
    #9548,#9549,#9550,#9551,#9552,#9553,#9554,#9555,#9556,#9557,#9558,
    #9559,#9560,#9561,#9562,#9563,#9564,#9565,#9566,#9567,#9568,#9569,
    #9570,#9571,#9572,#9573,#9574,#9575,#9576,#9577,#9578,#9579,#9580,
    #9581,#9582,#9583,#9584,#9585,#9586));
#9485 = ORIENTED_EDGE('',*,*,#4457,.F.);
#9486 = ORIENTED_EDGE('',*,*,#4425,.T.);
#9487 = ORIENTED_EDGE('',*,*,#4471,.T.);
#9488 = ORIENTED_EDGE('',*,*,#4519,.F.);
#9489 = ORIENTED_EDGE('',*,*,#4568,.F.);
#9490 = ORIENTED_EDGE('',*,*,#4625,.T.);
#9491 = ORIENTED_EDGE('',*,*,#4665,.T.);
#9492 = ORIENTED_EDGE('',*,*,#4711,.T.);
#9493 = ORIENTED_EDGE('',*,*,#4760,.T.);
#9494 = ORIENTED_EDGE('',*,*,#4807,.T.);
#9495 = ORIENTED_EDGE('',*,*,#4856,.T.);
#9496 = ORIENTED_EDGE('',*,*,#4904,.T.);
#9497 = ORIENTED_EDGE('',*,*,#4961,.T.);
#9498 = ORIENTED_EDGE('',*,*,#4999,.T.);
#9499 = ORIENTED_EDGE('',*,*,#5047,.T.);
#9500 = ORIENTED_EDGE('',*,*,#5105,.T.);
#9501 = ORIENTED_EDGE('',*,*,#5144,.T.);
#9502 = ORIENTED_EDGE('',*,*,#5192,.T.);
#9503 = ORIENTED_EDGE('',*,*,#5241,.T.);
#9504 = ORIENTED_EDGE('',*,*,#5297,.T.);
#9505 = ORIENTED_EDGE('',*,*,#5335,.F.);
#9506 = ORIENTED_EDGE('',*,*,#5393,.T.);
#9507 = ORIENTED_EDGE('',*,*,#5441,.F.);
#9508 = ORIENTED_EDGE('',*,*,#5481,.T.);
#9509 = ORIENTED_EDGE('',*,*,#5537,.T.);
#9510 = ORIENTED_EDGE('',*,*,#5576,.T.);
#9511 = ORIENTED_EDGE('',*,*,#5624,.T.);
#9512 = ORIENTED_EDGE('',*,*,#5681,.T.);
#9513 = ORIENTED_EDGE('',*,*,#5719,.F.);
#9514 = ORIENTED_EDGE('',*,*,#5768,.T.);
#9515 = ORIENTED_EDGE('',*,*,#5817,.F.);
#9516 = ORIENTED_EDGE('',*,*,#5864,.T.);
#9517 = ORIENTED_EDGE('',*,*,#5921,.F.);
#9518 = ORIENTED_EDGE('',*,*,#5961,.T.);
#9519 = ORIENTED_EDGE('',*,*,#6017,.T.);
#9520 = ORIENTED_EDGE('',*,*,#6056,.T.);
#9521 = ORIENTED_EDGE('',*,*,#6105,.T.);
#9522 = ORIENTED_EDGE('',*,*,#6151,.F.);
#9523 = ORIENTED_EDGE('',*,*,#6199,.F.);
#9524 = ORIENTED_EDGE('',*,*,#6257,.T.);
#9525 = ORIENTED_EDGE('',*,*,#6297,.T.);
#9526 = ORIENTED_EDGE('',*,*,#6345,.T.);
#9527 = ORIENTED_EDGE('',*,*,#6392,.T.);
#9528 = ORIENTED_EDGE('',*,*,#6439,.F.);
#9529 = ORIENTED_EDGE('',*,*,#6488,.F.);
#9530 = ORIENTED_EDGE('',*,*,#6545,.F.);
#9531 = ORIENTED_EDGE('',*,*,#6585,.F.);
#9532 = ORIENTED_EDGE('',*,*,#6633,.F.);
#9533 = ORIENTED_EDGE('',*,*,#6679,.T.);
#9534 = ORIENTED_EDGE('',*,*,#6729,.T.);
#9535 = ORIENTED_EDGE('',*,*,#6785,.F.);
#9536 = ORIENTED_EDGE('',*,*,#6823,.T.);
#9537 = ORIENTED_EDGE('',*,*,#6849,.F.);
#9538 = ORIENTED_EDGE('',*,*,#6808,.T.);
#9539 = ORIENTED_EDGE('',*,*,#6761,.T.);
#9540 = ORIENTED_EDGE('',*,*,#6713,.T.);
#9541 = ORIENTED_EDGE('',*,*,#6665,.F.);
#9542 = ORIENTED_EDGE('',*,*,#6617,.F.);
#9543 = ORIENTED_EDGE('',*,*,#6568,.T.);
#9544 = ORIENTED_EDGE('',*,*,#6511,.T.);
#9545 = ORIENTED_EDGE('',*,*,#6471,.F.);
#9546 = ORIENTED_EDGE('',*,*,#6425,.F.);
#9547 = ORIENTED_EDGE('',*,*,#6376,.T.);
#9548 = ORIENTED_EDGE('',*,*,#6328,.T.);
#9549 = ORIENTED_EDGE('',*,*,#6279,.T.);
#9550 = ORIENTED_EDGE('',*,*,#6232,.T.);
#9551 = ORIENTED_EDGE('',*,*,#6183,.T.);
#9552 = ORIENTED_EDGE('',*,*,#6137,.T.);
#9553 = ORIENTED_EDGE('',*,*,#6089,.F.);
#9554 = ORIENTED_EDGE('',*,*,#6039,.T.);
#9555 = ORIENTED_EDGE('',*,*,#5991,.T.);
#9556 = ORIENTED_EDGE('',*,*,#5943,.T.);
#9557 = ORIENTED_EDGE('',*,*,#5895,.T.);
#9558 = ORIENTED_EDGE('',*,*,#5849,.F.);
#9559 = ORIENTED_EDGE('',*,*,#5801,.F.);
#9560 = ORIENTED_EDGE('',*,*,#5751,.F.);
#9561 = ORIENTED_EDGE('',*,*,#5695,.T.);
#9562 = ORIENTED_EDGE('',*,*,#5657,.F.);
#9563 = ORIENTED_EDGE('',*,*,#5609,.T.);
#9564 = ORIENTED_EDGE('',*,*,#5561,.T.);
#9565 = ORIENTED_EDGE('',*,*,#5503,.T.);
#9566 = ORIENTED_EDGE('',*,*,#5465,.T.);
#9567 = ORIENTED_EDGE('',*,*,#5417,.T.);
#9568 = ORIENTED_EDGE('',*,*,#5368,.T.);
#9569 = ORIENTED_EDGE('',*,*,#5311,.T.);
#9570 = ORIENTED_EDGE('',*,*,#5263,.F.);
#9571 = ORIENTED_EDGE('',*,*,#5224,.F.);
#9572 = ORIENTED_EDGE('',*,*,#5167,.F.);
#9573 = ORIENTED_EDGE('',*,*,#5119,.F.);
#9574 = ORIENTED_EDGE('',*,*,#5080,.T.);
#9575 = ORIENTED_EDGE('',*,*,#5033,.F.);
#9576 = ORIENTED_EDGE('',*,*,#4983,.T.);
#9577 = ORIENTED_EDGE('',*,*,#4936,.T.);
#9578 = ORIENTED_EDGE('',*,*,#4879,.T.);
#9579 = ORIENTED_EDGE('',*,*,#4839,.F.);
#9580 = ORIENTED_EDGE('',*,*,#4793,.F.);
#9581 = ORIENTED_EDGE('',*,*,#4745,.F.);
#9582 = ORIENTED_EDGE('',*,*,#4697,.T.);
#9583 = ORIENTED_EDGE('',*,*,#4649,.T.);
#9584 = ORIENTED_EDGE('',*,*,#4601,.F.);
#9585 = ORIENTED_EDGE('',*,*,#4553,.F.);
#9586 = ORIENTED_EDGE('',*,*,#4503,.T.);
#9587 = FACE_BOUND('',#9588,.T.);
#9588 = EDGE_LOOP('',(#9589,#9599,#9607,#9615,#9623,#9631));
#9589 = ORIENTED_EDGE('',*,*,#9590,.T.);
#9590 = EDGE_CURVE('',#9591,#9593,#9595,.T.);
#9591 = VERTEX_POINT('',#9592);
#9592 = CARTESIAN_POINT('',(-2.525,-2.286825748733,0.));
#9593 = VERTEX_POINT('',#9594);
#9594 = CARTESIAN_POINT('',(-5.E-02,2.,0.));
#9595 = LINE('',#9596,#9597);
#9596 = CARTESIAN_POINT('',(-4.592202715532,-5.867325881579,
    6.938893903907E-18));
#9597 = VECTOR('',#9598,1.);
#9598 = DIRECTION('',(0.5,0.866025403784,-0.));
#9599 = ORIENTED_EDGE('',*,*,#9600,.T.);
#9600 = EDGE_CURVE('',#9593,#9601,#9603,.T.);
#9601 = VERTEX_POINT('',#9602);
#9602 = CARTESIAN_POINT('',(-2.525,6.286825748733,0.));
#9603 = LINE('',#9604,#9605);
#9604 = CARTESIAN_POINT('',(3.267203717273,-3.745565377374,0.));
#9605 = VECTOR('',#9606,1.);
#9606 = DIRECTION('',(-0.5,0.866025403784,0.));
#9607 = ORIENTED_EDGE('',*,*,#9608,.T.);
#9608 = EDGE_CURVE('',#9601,#9609,#9611,.T.);
#9609 = VERTEX_POINT('',#9610);
#9610 = CARTESIAN_POINT('',(-7.475,6.286825748733,0.));
#9611 = LINE('',#9612,#9613);
#9612 = CARTESIAN_POINT('',(-1.262497996517,6.286825748733,0.));
#9613 = VECTOR('',#9614,1.);
#9614 = DIRECTION('',(-1.,1.794299837778E-16,0.));
#9615 = ORIENTED_EDGE('',*,*,#9616,.T.);
#9616 = EDGE_CURVE('',#9609,#9617,#9619,.T.);
#9617 = VERTEX_POINT('',#9618);
#9618 = CARTESIAN_POINT('',(-9.95,2.,0.));
#9619 = LINE('',#9620,#9621);
#9620 = CARTESIAN_POINT('',(-10.77970271553,0.562912741521,0.));
#9621 = VECTOR('',#9622,1.);
#9622 = DIRECTION('',(-0.5,-0.866025403784,0.));
#9623 = ORIENTED_EDGE('',*,*,#9624,.T.);
#9624 = EDGE_CURVE('',#9617,#9625,#9627,.T.);
#9625 = VERTEX_POINT('',#9626);
#9626 = CARTESIAN_POINT('',(-7.475,-2.286825748733,0.));
#9627 = LINE('',#9628,#9629);
#9628 = CARTESIAN_POINT('',(-5.395296282727,-5.88897825174,0.));
#9629 = VECTOR('',#9630,1.);
#9630 = DIRECTION('',(0.5,-0.866025403784,0.));
#9631 = ORIENTED_EDGE('',*,*,#9632,.T.);
#9632 = EDGE_CURVE('',#9625,#9591,#9633,.T.);
#9633 = LINE('',#9634,#9635);
#9634 = CARTESIAN_POINT('',(-3.737497996517,-2.286825748733,0.));
#9635 = VECTOR('',#9636,1.);
#9636 = DIRECTION('',(1.,-5.382899513334E-16,0.));
#9637 = PLANE('',#9638);
#9638 = AXIS2_PLACEMENT_3D('',#9639,#9640,#9641);
#9639 = CARTESIAN_POINT('',(4.006965941109E-06,-13.29263784611,0.));
#9640 = DIRECTION('',(-0.,-0.,-1.));
#9641 = DIRECTION('',(-1.,0.,0.));
#9642 = ADVANCED_FACE('',(#9643),#9648,.T.);
#9643 = FACE_BOUND('',#9644,.T.);
#9644 = EDGE_LOOP('',(#9645,#9646,#9647));
#9645 = ORIENTED_EDGE('',*,*,#2570,.F.);
#9646 = ORIENTED_EDGE('',*,*,#2610,.T.);
#9647 = ORIENTED_EDGE('',*,*,#3061,.T.);
#9648 = PLANE('',#9649);
#9649 = AXIS2_PLACEMENT_3D('',#9650,#9651,#9652);
#9650 = CARTESIAN_POINT('',(4.006965941447E-06,-13.29263784611,6.));
#9651 = DIRECTION('',(0.,0.,1.));
#9652 = DIRECTION('',(1.,0.,0.));
#9653 = ADVANCED_FACE('',(#9654),#9659,.T.);
#9654 = FACE_BOUND('',#9655,.T.);
#9655 = EDGE_LOOP('',(#9656,#9657,#9658));
#9656 = ORIENTED_EDGE('',*,*,#2644,.T.);
#9657 = ORIENTED_EDGE('',*,*,#2827,.T.);
#9658 = ORIENTED_EDGE('',*,*,#3017,.F.);
#9659 = PLANE('',#9660);
#9660 = AXIS2_PLACEMENT_3D('',#9661,#9662,#9663);
#9661 = CARTESIAN_POINT('',(4.006965941447E-06,-13.29263784611,6.));
#9662 = DIRECTION('',(0.,0.,1.));
#9663 = DIRECTION('',(1.,0.,0.));
#9664 = ADVANCED_FACE('',(#9665,#9668),#9679,.T.);
#9665 = FACE_BOUND('',#9666,.T.);
#9666 = EDGE_LOOP('',(#9667));
#9667 = ORIENTED_EDGE('',*,*,#2727,.T.);
#9668 = FACE_BOUND('',#9669,.T.);
#9669 = EDGE_LOOP('',(#9670));
#9670 = ORIENTED_EDGE('',*,*,#9671,.F.);
#9671 = EDGE_CURVE('',#9672,#9672,#9674,.T.);
#9672 = VERTEX_POINT('',#9673);
#9673 = CARTESIAN_POINT('',(0.995646766169,2.,15.));
#9674 = CIRCLE('',#9675,5.995646766169);
#9675 = AXIS2_PLACEMENT_3D('',#9676,#9677,#9678);
#9676 = CARTESIAN_POINT('',(-5.,2.,15.));
#9677 = DIRECTION('',(0.,0.,1.));
#9678 = DIRECTION('',(1.,0.,0.));
#9679 = PLANE('',#9680);
#9680 = AXIS2_PLACEMENT_3D('',#9681,#9682,#9683);
#9681 = CARTESIAN_POINT('',(-5.,2.,15.));
#9682 = DIRECTION('',(0.,0.,1.));
#9683 = DIRECTION('',(1.,0.,0.));
#9684 = ADVANCED_FACE('',(#9685),#9703,.T.);
#9685 = FACE_BOUND('',#9686,.T.);
#9686 = EDGE_LOOP('',(#9687,#9695,#9696,#9697));
#9687 = ORIENTED_EDGE('',*,*,#9688,.F.);
#9688 = EDGE_CURVE('',#2977,#9689,#9691,.T.);
#9689 = VERTEX_POINT('',#9690);
#9690 = CARTESIAN_POINT('',(7.375,-1.95,14.113620667976));
#9691 = LINE('',#9692,#9693);
#9692 = CARTESIAN_POINT('',(9.75,-1.95,10.));
#9693 = VECTOR('',#9694,1.);
#9694 = DIRECTION('',(-0.5,-1.922962686384E-16,0.866025403784));
#9695 = ORIENTED_EDGE('',*,*,#2993,.T.);
#9696 = ORIENTED_EDGE('',*,*,#2888,.F.);
#9697 = ORIENTED_EDGE('',*,*,#9698,.F.);
#9698 = EDGE_CURVE('',#9689,#2881,#9699,.T.);
#9699 = LINE('',#9700,#9701);
#9700 = CARTESIAN_POINT('',(7.375,-1.95,14.113620667976));
#9701 = VECTOR('',#9702,1.);
#9702 = DIRECTION('',(0.,-1.,-2.22044604925E-16));
#9703 = PLANE('',#9704);
#9704 = AXIS2_PLACEMENT_3D('',#9705,#9706,#9707);
#9705 = CARTESIAN_POINT('',(9.75,-1.95,10.));
#9706 = DIRECTION('',(-0.866025403784,1.110223024625E-16,-0.5));
#9707 = DIRECTION('',(-0.5,-1.922962686384E-16,0.866025403784));
#9708 = ADVANCED_FACE('',(#9709),#9727,.T.);
#9709 = FACE_BOUND('',#9710,.T.);
#9710 = EDGE_LOOP('',(#9711,#9719,#9720,#9721));
#9711 = ORIENTED_EDGE('',*,*,#9712,.F.);
#9712 = EDGE_CURVE('',#9689,#9713,#9715,.T.);
#9713 = VERTEX_POINT('',#9714);
#9714 = CARTESIAN_POINT('',(2.625,-1.95,14.113620667976));
#9715 = LINE('',#9716,#9717);
#9716 = CARTESIAN_POINT('',(7.375,-1.95,14.113620667976));
#9717 = VECTOR('',#9718,1.);
#9718 = DIRECTION('',(-1.,-4.151899501163E-32,1.869849304632E-16));
#9719 = ORIENTED_EDGE('',*,*,#9698,.T.);
#9720 = ORIENTED_EDGE('',*,*,#2880,.F.);
#9721 = ORIENTED_EDGE('',*,*,#9722,.F.);
#9722 = EDGE_CURVE('',#9713,#2873,#9723,.T.);
#9723 = LINE('',#9724,#9725);
#9724 = CARTESIAN_POINT('',(2.625,-1.95,14.113620667976));
#9725 = VECTOR('',#9726,1.);
#9726 = DIRECTION('',(0.,-1.,-2.22044604925E-16));
#9727 = PLANE('',#9728);
#9728 = AXIS2_PLACEMENT_3D('',#9729,#9730,#9731);
#9729 = CARTESIAN_POINT('',(7.375,-1.95,14.113620667976));
#9730 = DIRECTION('',(-1.869849304632E-16,2.22044604925E-16,-1.));
#9731 = DIRECTION('',(-1.,-4.151899501163E-32,1.869849304632E-16));
#9732 = ADVANCED_FACE('',(#9733),#9744,.T.);
#9733 = FACE_BOUND('',#9734,.T.);
#9734 = EDGE_LOOP('',(#9735,#9741,#9742,#9743));
#9735 = ORIENTED_EDGE('',*,*,#9736,.F.);
#9736 = EDGE_CURVE('',#9713,#2911,#9737,.T.);
#9737 = LINE('',#9738,#9739);
#9738 = CARTESIAN_POINT('',(2.625,-1.95,14.113620667976));
#9739 = VECTOR('',#9740,1.);
#9740 = DIRECTION('',(-0.5,1.922962686384E-16,-0.866025403784));
#9741 = ORIENTED_EDGE('',*,*,#9722,.T.);
#9742 = ORIENTED_EDGE('',*,*,#2872,.F.);
#9743 = ORIENTED_EDGE('',*,*,#2920,.F.);
#9744 = PLANE('',#9745);
#9745 = AXIS2_PLACEMENT_3D('',#9746,#9747,#9748);
#9746 = CARTESIAN_POINT('',(2.625,-1.95,14.113620667976));
#9747 = DIRECTION('',(0.866025403784,1.110223024625E-16,-0.5));
#9748 = DIRECTION('',(-0.5,1.922962686384E-16,-0.866025403784));
#9749 = ADVANCED_FACE('',(#9750,#9763),#9774,.T.);
#9750 = FACE_BOUND('',#9751,.T.);
#9751 = EDGE_LOOP('',(#9752,#9753,#9754,#9755,#9756,#9762));
#9752 = ORIENTED_EDGE('',*,*,#9688,.T.);
#9753 = ORIENTED_EDGE('',*,*,#9712,.T.);
#9754 = ORIENTED_EDGE('',*,*,#9736,.T.);
#9755 = ORIENTED_EDGE('',*,*,#2910,.T.);
#9756 = ORIENTED_EDGE('',*,*,#9757,.T.);
#9757 = EDGE_CURVE('',#2913,#2975,#9758,.T.);
#9758 = LINE('',#9759,#9760);
#9759 = CARTESIAN_POINT('',(2.625,-1.95,5.886379332024));
#9760 = VECTOR('',#9761,1.);
#9761 = DIRECTION('',(1.,8.303799002326E-32,-3.739698609264E-16));
#9762 = ORIENTED_EDGE('',*,*,#2974,.T.);
#9763 = FACE_BOUND('',#9764,.T.);
#9764 = EDGE_LOOP('',(#9765));
#9765 = ORIENTED_EDGE('',*,*,#9766,.T.);
#9766 = EDGE_CURVE('',#9767,#9767,#9769,.T.);
#9767 = VERTEX_POINT('',#9768);
#9768 = CARTESIAN_POINT('',(7.4,-1.95,10.));
#9769 = CIRCLE('',#9770,2.4);
#9770 = AXIS2_PLACEMENT_3D('',#9771,#9772,#9773);
#9771 = CARTESIAN_POINT('',(5.,-1.95,10.));
#9772 = DIRECTION('',(-0.,1.,2.22044604925E-16));
#9773 = DIRECTION('',(1.,0.,0.));
#9774 = PLANE('',#9775);
#9775 = AXIS2_PLACEMENT_3D('',#9776,#9777,#9778);
#9776 = CARTESIAN_POINT('',(5.,-1.95,10.));
#9777 = DIRECTION('',(0.,-1.,-2.22044604925E-16));
#9778 = DIRECTION('',(1.,0.,0.));
#9779 = ADVANCED_FACE('',(#9780),#9786,.T.);
#9780 = FACE_BOUND('',#9781,.T.);
#9781 = EDGE_LOOP('',(#9782,#9783,#9784,#9785));
#9782 = ORIENTED_EDGE('',*,*,#2936,.T.);
#9783 = ORIENTED_EDGE('',*,*,#2960,.T.);
#9784 = ORIENTED_EDGE('',*,*,#2984,.F.);
#9785 = ORIENTED_EDGE('',*,*,#9757,.F.);
#9786 = PLANE('',#9787);
#9787 = AXIS2_PLACEMENT_3D('',#9788,#9789,#9790);
#9788 = CARTESIAN_POINT('',(2.625,-1.95,5.886379332024));
#9789 = DIRECTION('',(3.739698609264E-16,-2.22044604925E-16,1.));
#9790 = DIRECTION('',(1.,8.303799002326E-32,-3.739698609264E-16));
#9791 = ADVANCED_FACE('',(#9792),#9813,.T.);
#9792 = FACE_BOUND('',#9793,.T.);
#9793 = EDGE_LOOP('',(#9794,#9795,#9803,#9810,#9811,#9812));
#9794 = ORIENTED_EDGE('',*,*,#3037,.F.);
#9795 = ORIENTED_EDGE('',*,*,#9796,.F.);
#9796 = EDGE_CURVE('',#9797,#3029,#9799,.T.);
#9797 = VERTEX_POINT('',#9798);
#9798 = CARTESIAN_POINT('',(9.25,8.505,10.));
#9799 = LINE('',#9800,#9801);
#9800 = CARTESIAN_POINT('',(9.25,8.505,10.));
#9801 = VECTOR('',#9802,1.);
#9802 = DIRECTION('',(0.656643077493,-0.754201477578,-3.282975377295E-16
    ));
#9803 = ORIENTED_EDGE('',*,*,#9804,.T.);
#9804 = EDGE_CURVE('',#9797,#9797,#9805,.T.);
#9805 = CIRCLE('',#9806,4.25);
#9806 = AXIS2_PLACEMENT_3D('',#9807,#9808,#9809);
#9807 = CARTESIAN_POINT('',(5.,8.505,10.));
#9808 = DIRECTION('',(0.,-1.,-2.22044604925E-16));
#9809 = DIRECTION('',(1.,0.,0.));
#9810 = ORIENTED_EDGE('',*,*,#9796,.T.);
#9811 = ORIENTED_EDGE('',*,*,#3026,.F.);
#9812 = ORIENTED_EDGE('',*,*,#3046,.F.);
#9813 = CONICAL_SURFACE('',#9814,4.25,0.716359125723);
#9814 = AXIS2_PLACEMENT_3D('',#9815,#9816,#9817);
#9815 = CARTESIAN_POINT('',(5.,8.505,10.));
#9816 = DIRECTION('',(0.,-1.,-2.22044604925E-16));
#9817 = DIRECTION('',(1.,0.,0.));
#9818 = ADVANCED_FACE('',(#9819),#9844,.T.);
#9819 = FACE_BOUND('',#9820,.T.);
#9820 = EDGE_LOOP('',(#9821,#9822,#9830,#9838));
#9821 = ORIENTED_EDGE('',*,*,#9590,.F.);
#9822 = ORIENTED_EDGE('',*,*,#9823,.T.);
#9823 = EDGE_CURVE('',#9591,#9824,#9826,.T.);
#9824 = VERTEX_POINT('',#9825);
#9825 = CARTESIAN_POINT('',(-2.525,-2.286825748733,6.05));
#9826 = LINE('',#9827,#9828);
#9827 = CARTESIAN_POINT('',(-2.525,-2.286825748733,-5.E-02));
#9828 = VECTOR('',#9829,1.);
#9829 = DIRECTION('',(0.,0.,1.));
#9830 = ORIENTED_EDGE('',*,*,#9831,.T.);
#9831 = EDGE_CURVE('',#9824,#9832,#9834,.T.);
#9832 = VERTEX_POINT('',#9833);
#9833 = CARTESIAN_POINT('',(-5.E-02,2.,6.05));
#9834 = LINE('',#9835,#9836);
#9835 = CARTESIAN_POINT('',(-2.525,-2.286825748733,6.05));
#9836 = VECTOR('',#9837,1.);
#9837 = DIRECTION('',(0.5,0.866025403784,0.));
#9838 = ORIENTED_EDGE('',*,*,#9839,.F.);
#9839 = EDGE_CURVE('',#9593,#9832,#9840,.T.);
#9840 = LINE('',#9841,#9842);
#9841 = CARTESIAN_POINT('',(-5.E-02,2.,-5.E-02));
#9842 = VECTOR('',#9843,1.);
#9843 = DIRECTION('',(0.,0.,1.));
#9844 = PLANE('',#9845);
#9845 = AXIS2_PLACEMENT_3D('',#9846,#9847,#9848);
#9846 = CARTESIAN_POINT('',(-2.525,-2.286825748733,-5.E-02));
#9847 = DIRECTION('',(-0.866025403784,0.5,0.));
#9848 = DIRECTION('',(0.5,0.866025403784,0.));
#9849 = ADVANCED_FACE('',(#9850),#9868,.T.);
#9850 = FACE_BOUND('',#9851,.T.);
#9851 = EDGE_LOOP('',(#9852,#9853,#9861,#9867));
#9852 = ORIENTED_EDGE('',*,*,#9632,.F.);
#9853 = ORIENTED_EDGE('',*,*,#9854,.T.);
#9854 = EDGE_CURVE('',#9625,#9855,#9857,.T.);
#9855 = VERTEX_POINT('',#9856);
#9856 = CARTESIAN_POINT('',(-7.475,-2.286825748733,6.05));
#9857 = LINE('',#9858,#9859);
#9858 = CARTESIAN_POINT('',(-7.475,-2.286825748733,-5.E-02));
#9859 = VECTOR('',#9860,1.);
#9860 = DIRECTION('',(0.,0.,1.));
#9861 = ORIENTED_EDGE('',*,*,#9862,.T.);
#9862 = EDGE_CURVE('',#9855,#9824,#9863,.T.);
#9863 = LINE('',#9864,#9865);
#9864 = CARTESIAN_POINT('',(-7.475,-2.286825748733,6.05));
#9865 = VECTOR('',#9866,1.);
#9866 = DIRECTION('',(1.,-5.382899513334E-16,0.));
#9867 = ORIENTED_EDGE('',*,*,#9823,.F.);
#9868 = PLANE('',#9869);
#9869 = AXIS2_PLACEMENT_3D('',#9870,#9871,#9872);
#9870 = CARTESIAN_POINT('',(-7.475,-2.286825748733,-5.E-02));
#9871 = DIRECTION('',(5.382899513334E-16,1.,0.));
#9872 = DIRECTION('',(1.,-5.382899513334E-16,0.));
#9873 = ADVANCED_FACE('',(#9874),#9892,.T.);
#9874 = FACE_BOUND('',#9875,.T.);
#9875 = EDGE_LOOP('',(#9876,#9877,#9885,#9891));
#9876 = ORIENTED_EDGE('',*,*,#9624,.F.);
#9877 = ORIENTED_EDGE('',*,*,#9878,.T.);
#9878 = EDGE_CURVE('',#9617,#9879,#9881,.T.);
#9879 = VERTEX_POINT('',#9880);
#9880 = CARTESIAN_POINT('',(-9.95,2.,6.05));
#9881 = LINE('',#9882,#9883);
#9882 = CARTESIAN_POINT('',(-9.95,2.,-5.E-02));
#9883 = VECTOR('',#9884,1.);
#9884 = DIRECTION('',(0.,0.,1.));
#9885 = ORIENTED_EDGE('',*,*,#9886,.T.);
#9886 = EDGE_CURVE('',#9879,#9855,#9887,.T.);
#9887 = LINE('',#9888,#9889);
#9888 = CARTESIAN_POINT('',(-9.95,2.,6.05));
#9889 = VECTOR('',#9890,1.);
#9890 = DIRECTION('',(0.5,-0.866025403784,0.));
#9891 = ORIENTED_EDGE('',*,*,#9854,.F.);
#9892 = PLANE('',#9893);
#9893 = AXIS2_PLACEMENT_3D('',#9894,#9895,#9896);
#9894 = CARTESIAN_POINT('',(-9.95,2.,-5.E-02));
#9895 = DIRECTION('',(0.866025403784,0.5,0.));
#9896 = DIRECTION('',(0.5,-0.866025403784,0.));
#9897 = ADVANCED_FACE('',(#9898),#9916,.T.);
#9898 = FACE_BOUND('',#9899,.T.);
#9899 = EDGE_LOOP('',(#9900,#9901,#9909,#9915));
#9900 = ORIENTED_EDGE('',*,*,#9616,.F.);
#9901 = ORIENTED_EDGE('',*,*,#9902,.T.);
#9902 = EDGE_CURVE('',#9609,#9903,#9905,.T.);
#9903 = VERTEX_POINT('',#9904);
#9904 = CARTESIAN_POINT('',(-7.475,6.286825748733,6.05));
#9905 = LINE('',#9906,#9907);
#9906 = CARTESIAN_POINT('',(-7.475,6.286825748733,-5.E-02));
#9907 = VECTOR('',#9908,1.);
#9908 = DIRECTION('',(0.,0.,1.));
#9909 = ORIENTED_EDGE('',*,*,#9910,.T.);
#9910 = EDGE_CURVE('',#9903,#9879,#9911,.T.);
#9911 = LINE('',#9912,#9913);
#9912 = CARTESIAN_POINT('',(-7.475,6.286825748733,6.05));
#9913 = VECTOR('',#9914,1.);
#9914 = DIRECTION('',(-0.5,-0.866025403784,0.));
#9915 = ORIENTED_EDGE('',*,*,#9878,.F.);
#9916 = PLANE('',#9917);
#9917 = AXIS2_PLACEMENT_3D('',#9918,#9919,#9920);
#9918 = CARTESIAN_POINT('',(-7.475,6.286825748733,-5.E-02));
#9919 = DIRECTION('',(0.866025403784,-0.5,0.));
#9920 = DIRECTION('',(-0.5,-0.866025403784,0.));
#9921 = ADVANCED_FACE('',(#9922),#9940,.T.);
#9922 = FACE_BOUND('',#9923,.T.);
#9923 = EDGE_LOOP('',(#9924,#9925,#9933,#9939));
#9924 = ORIENTED_EDGE('',*,*,#9608,.F.);
#9925 = ORIENTED_EDGE('',*,*,#9926,.T.);
#9926 = EDGE_CURVE('',#9601,#9927,#9929,.T.);
#9927 = VERTEX_POINT('',#9928);
#9928 = CARTESIAN_POINT('',(-2.525,6.286825748733,6.05));
#9929 = LINE('',#9930,#9931);
#9930 = CARTESIAN_POINT('',(-2.525,6.286825748733,-5.E-02));
#9931 = VECTOR('',#9932,1.);
#9932 = DIRECTION('',(0.,0.,1.));
#9933 = ORIENTED_EDGE('',*,*,#9934,.T.);
#9934 = EDGE_CURVE('',#9927,#9903,#9935,.T.);
#9935 = LINE('',#9936,#9937);
#9936 = CARTESIAN_POINT('',(-2.525,6.286825748733,6.05));
#9937 = VECTOR('',#9938,1.);
#9938 = DIRECTION('',(-1.,1.794299837778E-16,0.));
#9939 = ORIENTED_EDGE('',*,*,#9902,.F.);
#9940 = PLANE('',#9941);
#9941 = AXIS2_PLACEMENT_3D('',#9942,#9943,#9944);
#9942 = CARTESIAN_POINT('',(-2.525,6.286825748733,-5.E-02));
#9943 = DIRECTION('',(-1.794299837778E-16,-1.,0.));
#9944 = DIRECTION('',(-1.,1.794299837778E-16,0.));
#9945 = ADVANCED_FACE('',(#9946),#9957,.T.);
#9946 = FACE_BOUND('',#9947,.T.);
#9947 = EDGE_LOOP('',(#9948,#9949,#9950,#9956));
#9948 = ORIENTED_EDGE('',*,*,#9600,.F.);
#9949 = ORIENTED_EDGE('',*,*,#9839,.T.);
#9950 = ORIENTED_EDGE('',*,*,#9951,.T.);
#9951 = EDGE_CURVE('',#9832,#9927,#9952,.T.);
#9952 = LINE('',#9953,#9954);
#9953 = CARTESIAN_POINT('',(-5.E-02,2.,6.05));
#9954 = VECTOR('',#9955,1.);
#9955 = DIRECTION('',(-0.5,0.866025403784,0.));
#9956 = ORIENTED_EDGE('',*,*,#9926,.F.);
#9957 = PLANE('',#9958);
#9958 = AXIS2_PLACEMENT_3D('',#9959,#9960,#9961);
#9959 = CARTESIAN_POINT('',(-5.E-02,2.,-5.E-02));
#9960 = DIRECTION('',(-0.866025403784,-0.5,0.));
#9961 = DIRECTION('',(-0.5,0.866025403784,0.));
#9962 = ADVANCED_FACE('',(#9963),#9982,.T.);
#9963 = FACE_BOUND('',#9964,.T.);
#9964 = EDGE_LOOP('',(#9965,#9973,#9980,#9981));
#9965 = ORIENTED_EDGE('',*,*,#9966,.T.);
#9966 = EDGE_CURVE('',#9672,#9967,#9969,.T.);
#9967 = VERTEX_POINT('',#9968);
#9968 = CARTESIAN_POINT('',(-0.75,2.,17.005));
#9969 = LINE('',#9970,#9971);
#9970 = CARTESIAN_POINT('',(1.,2.,14.995));
#9971 = VECTOR('',#9972,1.);
#9972 = DIRECTION('',(-0.656643077493,1.608311686068E-16,0.754201477578)
  );
#9973 = ORIENTED_EDGE('',*,*,#9974,.F.);
#9974 = EDGE_CURVE('',#9967,#9967,#9975,.T.);
#9975 = CIRCLE('',#9976,4.25);
#9976 = AXIS2_PLACEMENT_3D('',#9977,#9978,#9979);
#9977 = CARTESIAN_POINT('',(-5.,2.,17.005));
#9978 = DIRECTION('',(0.,0.,1.));
#9979 = DIRECTION('',(1.,0.,0.));
#9980 = ORIENTED_EDGE('',*,*,#9966,.F.);
#9981 = ORIENTED_EDGE('',*,*,#9671,.T.);
#9982 = CONICAL_SURFACE('',#9983,6.,0.716359125723);
#9983 = AXIS2_PLACEMENT_3D('',#9984,#9985,#9986);
#9984 = CARTESIAN_POINT('',(-5.,2.,14.995));
#9985 = DIRECTION('',(-0.,-0.,-1.));
#9986 = DIRECTION('',(1.,0.,0.));
#9987 = ADVANCED_FACE('',(#9988),#10007,.F.);
#9988 = FACE_BOUND('',#9989,.T.);
#9989 = EDGE_LOOP('',(#9990,#9999,#10005,#10006));
#9990 = ORIENTED_EDGE('',*,*,#9991,.T.);
#9991 = EDGE_CURVE('',#9992,#9992,#9994,.T.);
#9992 = VERTEX_POINT('',#9993);
#9993 = CARTESIAN_POINT('',(7.4,8.505,10.));
#9994 = CIRCLE('',#9995,2.4);
#9995 = AXIS2_PLACEMENT_3D('',#9996,#9997,#9998);
#9996 = CARTESIAN_POINT('',(5.,8.505,10.));
#9997 = DIRECTION('',(-0.,1.,2.22044604925E-16));
#9998 = DIRECTION('',(1.,0.,0.));
#9999 = ORIENTED_EDGE('',*,*,#10000,.T.);
#10000 = EDGE_CURVE('',#9992,#9767,#10001,.T.);
#10001 = LINE('',#10002,#10003);
#10002 = CARTESIAN_POINT('',(7.4,35.,10.));
#10003 = VECTOR('',#10004,1.);
#10004 = DIRECTION('',(0.,-1.,-2.22044604925E-16));
#10005 = ORIENTED_EDGE('',*,*,#9766,.F.);
#10006 = ORIENTED_EDGE('',*,*,#10000,.F.);
#10007 = CYLINDRICAL_SURFACE('',#10008,2.4);
#10008 = AXIS2_PLACEMENT_3D('',#10009,#10010,#10011);
#10009 = CARTESIAN_POINT('',(5.,35.,10.));
#10010 = DIRECTION('',(-0.,1.,2.22044604925E-16));
#10011 = DIRECTION('',(1.,0.,0.));
#10012 = ADVANCED_FACE('',(#10013,#10016),#10019,.F.);
#10013 = FACE_BOUND('',#10014,.F.);
#10014 = EDGE_LOOP('',(#10015));
#10015 = ORIENTED_EDGE('',*,*,#9804,.T.);
#10016 = FACE_BOUND('',#10017,.F.);
#10017 = EDGE_LOOP('',(#10018));
#10018 = ORIENTED_EDGE('',*,*,#9991,.T.);
#10019 = PLANE('',#10020);
#10020 = AXIS2_PLACEMENT_3D('',#10021,#10022,#10023);
#10021 = CARTESIAN_POINT('',(5.,8.505,10.));
#10022 = DIRECTION('',(0.,-1.,-2.22044604925E-16));
#10023 = DIRECTION('',(1.,0.,0.));
#10024 = ADVANCED_FACE('',(#10025,#10033),#10044,.F.);
#10025 = FACE_BOUND('',#10026,.F.);
#10026 = EDGE_LOOP('',(#10027,#10028,#10029,#10030,#10031,#10032));
#10027 = ORIENTED_EDGE('',*,*,#9951,.T.);
#10028 = ORIENTED_EDGE('',*,*,#9934,.T.);
#10029 = ORIENTED_EDGE('',*,*,#9910,.T.);
#10030 = ORIENTED_EDGE('',*,*,#9886,.T.);
#10031 = ORIENTED_EDGE('',*,*,#9862,.T.);
#10032 = ORIENTED_EDGE('',*,*,#9831,.T.);
#10033 = FACE_BOUND('',#10034,.F.);
#10034 = EDGE_LOOP('',(#10035));
#10035 = ORIENTED_EDGE('',*,*,#10036,.T.);
#10036 = EDGE_CURVE('',#10037,#10037,#10039,.T.);
#10037 = VERTEX_POINT('',#10038);
#10038 = CARTESIAN_POINT('',(-2.45,2.,6.05));
#10039 = CIRCLE('',#10040,2.55);
#10040 = AXIS2_PLACEMENT_3D('',#10041,#10042,#10043);
#10041 = CARTESIAN_POINT('',(-5.,2.,6.05));
#10042 = DIRECTION('',(0.,0.,-1.));
#10043 = DIRECTION('',(1.,0.,0.));
#10044 = PLANE('',#10045);
#10045 = AXIS2_PLACEMENT_3D('',#10046,#10047,#10048);
#10046 = CARTESIAN_POINT('',(-5.,2.,6.05));
#10047 = DIRECTION('',(0.,0.,1.));
#10048 = DIRECTION('',(1.,0.,0.));
#10049 = ADVANCED_FACE('',(#10050,#10053),#10064,.T.);
#10050 = FACE_BOUND('',#10051,.T.);
#10051 = EDGE_LOOP('',(#10052));
#10052 = ORIENTED_EDGE('',*,*,#9974,.T.);
#10053 = FACE_BOUND('',#10054,.T.);
#10054 = EDGE_LOOP('',(#10055));
#10055 = ORIENTED_EDGE('',*,*,#10056,.T.);
#10056 = EDGE_CURVE('',#10057,#10057,#10059,.T.);
#10057 = VERTEX_POINT('',#10058);
#10058 = CARTESIAN_POINT('',(-2.45,2.,17.005));
#10059 = CIRCLE('',#10060,2.55);
#10060 = AXIS2_PLACEMENT_3D('',#10061,#10062,#10063);
#10061 = CARTESIAN_POINT('',(-5.,2.,17.005));
#10062 = DIRECTION('',(0.,0.,-1.));
#10063 = DIRECTION('',(1.,0.,0.));
#10064 = PLANE('',#10065);
#10065 = AXIS2_PLACEMENT_3D('',#10066,#10067,#10068);
#10066 = CARTESIAN_POINT('',(-5.,2.,17.005));
#10067 = DIRECTION('',(0.,0.,1.));
#10068 = DIRECTION('',(1.,0.,0.));
#10069 = ADVANCED_FACE('',(#10070),#10081,.F.);
#10070 = FACE_BOUND('',#10071,.T.);
#10071 = EDGE_LOOP('',(#10072,#10078,#10079,#10080));
#10072 = ORIENTED_EDGE('',*,*,#10073,.F.);
#10073 = EDGE_CURVE('',#10037,#10057,#10074,.T.);
#10074 = LINE('',#10075,#10076);
#10075 = CARTESIAN_POINT('',(-2.45,2.,-0.5));
#10076 = VECTOR('',#10077,1.);
#10077 = DIRECTION('',(0.,0.,1.));
#10078 = ORIENTED_EDGE('',*,*,#10036,.T.);
#10079 = ORIENTED_EDGE('',*,*,#10073,.T.);
#10080 = ORIENTED_EDGE('',*,*,#10056,.F.);
#10081 = CYLINDRICAL_SURFACE('',#10082,2.55);
#10082 = AXIS2_PLACEMENT_3D('',#10083,#10084,#10085);
#10083 = CARTESIAN_POINT('',(-5.,2.,-0.5));
#10084 = DIRECTION('',(-0.,-0.,-1.));
#10085 = DIRECTION('',(1.,0.,0.));
#10086 = ( GEOMETRIC_REPRESENTATION_CONTEXT(3) 
GLOBAL_UNCERTAINTY_ASSIGNED_CONTEXT((#10090)) 
GLOBAL_UNIT_ASSIGNED_CONTEXT((#10087,#10088,#10089)) 
REPRESENTATION_CONTEXT('Context #1',
  '3D Context with UNIT and UNCERTAINTY') );
#10087 = ( LENGTH_UNIT() NAMED_UNIT(*) SI_UNIT(.MILLI.,.METRE.) );
#10088 = ( NAMED_UNIT(*) PLANE_ANGLE_UNIT() SI_UNIT($,.RADIAN.) );
#10089 = ( NAMED_UNIT(*) SI_UNIT($,.STERADIAN.) SOLID_ANGLE_UNIT() );
#10090 = UNCERTAINTY_MEASURE_WITH_UNIT(LENGTH_MEASURE(1.E-05),#10087,
  'distance_accuracy_value','confusion accuracy');
#10091 = PRODUCT_RELATED_PRODUCT_CATEGORY('part',$,(#7));
ENDSEC;
END-ISO-10303-21;
