ISO-10303-21;
HEADER;
FILE_DESCRIPTION(('FreeCAD Model'),'2;1');
FILE_NAME('Open CASCADE Shape Model','2026-03-05T20:22:58',(''),(''),
  'Open CASCADE STEP processor 7.8','FreeCAD','Unknown');
FILE_SCHEMA(('AUTOMOTIVE_DESIGN { 1 0 10303 214 1 1 1 1 }'));
ENDSEC;
DATA;
#1 = APPLICATION_PROTOCOL_DEFINITION('international standard',
  'automotive_design',2000,#2);
#2 = APPLICATION_CONTEXT(
  'core data for automotive mechanical design processes');
#3 = SHAPE_DEFINITION_REPRESENTATION(#4,#10);
#4 = PRODUCT_DEFINITION_SHAPE('','',#5);
#5 = PRODUCT_DEFINITION('design','',#6,#9);
#6 = PRODUCT_DEFINITION_FORMATION('','',#7);
#7 = PRODUCT('difference002','difference002','',(#8));
#8 = PRODUCT_CONTEXT('',#2,'mechanical');
#9 = PRODUCT_DEFINITION_CONTEXT('part definition',#2,'design');
#10 = ADVANCED_BREP_SHAPE_REPRESENTATION('',(#11,#15),#5978);
#11 = AXIS2_PLACEMENT_3D('',#12,#13,#14);
#12 = CARTESIAN_POINT('',(0.,0.,0.));
#13 = DIRECTION('',(0.,0.,1.));
#14 = DIRECTION('',(1.,0.,-0.));
#15 = MANIFOLD_SOLID_BREP('',#16);
#16 = CLOSED_SHELL('',(#17,#658,#689,#713,#737,#761,#785,#809,#833,#857,
    #913,#937,#993,#1017,#1041,#1065,#1089,#1113,#1137,#1161,#1185,#1209
    ,#1233,#1257,#1281,#1305,#1329,#1353,#1377,#1401,#1425,#1449,#1473,
    #1497,#1521,#1545,#1569,#1593,#1617,#1641,#1665,#1689,#1713,#1737,
    #1761,#1801,#2000,#2052,#2102,#2142,#2166,#2199,#2253,#2271,#2295,
    #2319,#2343,#2367,#2391,#2415,#2439,#2463,#2487,#2511,#2535,#2559,
    #2583,#2607,#2631,#2655,#2679,#2703,#2727,#2751,#2775,#2799,#2823,
    #2840,#2971,#3511,#3535,#4096,#4108,#4125,#4136,#4147,#4167,#4191,
    #4215,#4232,#4262,#4274,#4301,#4332,#4356,#4380,#4404,#4428,#4445,
    #4467,#4484,#4501,#4518,#4535,#4552,#4569,#4586,#4603,#4620,#4637,
    #4654,#4671,#4688,#4705,#4722,#4739,#4756,#4773,#4790,#4807,#4824,
    #4841,#4858,#4875,#4892,#4909,#4926,#4943,#4960,#4977,#4994,#5011,
    #5028,#5045,#5062,#5079,#5096,#5113,#5130,#5147,#5164,#5181,#5198,
    #5210,#5227,#5244,#5261,#5278,#5295,#5312,#5329,#5346,#5363,#5380,
    #5397,#5414,#5431,#5448,#5465,#5482,#5499,#5511,#5535,#5566,#5590,
    #5614,#5631,#5656,#5681,#5693,#5718,#5777,#5839,#5859,#5876,#5898,
    #5915,#5932,#5949,#5966));
#17 = ADVANCED_FACE('',(#18),#653,.T.);
#18 = FACE_BOUND('',#19,.T.);
#19 = EDGE_LOOP('',(#20,#30,#38,#46,#54,#62,#70,#78,#86,#94,#102,#110,
    #118,#126,#134,#142,#150,#158,#166,#174,#182,#190,#198,#206,#214,
    #222,#230,#238,#246,#254,#262,#270,#278,#286,#294,#302,#311,#319,
    #327,#335,#343,#351,#359,#367,#375,#383,#391,#399,#407,#415,#423,
    #431,#439,#447,#455,#463,#471,#479,#487,#495,#503,#511,#519,#527,
    #535,#543,#551,#559,#567,#575,#583,#591,#599,#607,#615,#623,#631,
    #639,#647));
#20 = ORIENTED_EDGE('',*,*,#21,.F.);
#21 = EDGE_CURVE('',#22,#24,#26,.T.);
#22 = VERTEX_POINT('',#23);
#23 = CARTESIAN_POINT('',(22.391036987305,3.061467409134,6.));
#24 = VERTEX_POINT('',#25);
#25 = CARTESIAN_POINT('',(22.53235244751,2.695118904114,6.));
#26 = LINE('',#27,#28);
#27 = CARTESIAN_POINT('',(22.391036987305,3.061467409134,6.));
#28 = VECTOR('',#29,1.);
#29 = DIRECTION('',(0.359893368845,-0.932993442132,0.));
#30 = ORIENTED_EDGE('',*,*,#31,.T.);
#31 = EDGE_CURVE('',#22,#32,#34,.T.);
#32 = VERTEX_POINT('',#33);
#33 = CARTESIAN_POINT('',(22.231914520264,3.420440673828,6.));
#34 = LINE('',#35,#36);
#35 = CARTESIAN_POINT('',(22.391036987305,3.061467409134,6.));
#36 = VECTOR('',#37,1.);
#37 = DIRECTION('',(-0.405242511291,0.914209224982,0.));
#38 = ORIENTED_EDGE('',*,*,#39,.F.);
#39 = EDGE_CURVE('',#40,#32,#42,.T.);
#40 = VERTEX_POINT('',#41);
#41 = CARTESIAN_POINT('',(22.055370330811,3.77117395401,6.));
#42 = LINE('',#43,#44);
#43 = CARTESIAN_POINT('',(22.055370330811,3.77117395401,6.));
#44 = VECTOR('',#45,1.);
#45 = DIRECTION('',(0.449611110813,-0.893224411351,0.));
#46 = ORIENTED_EDGE('',*,*,#47,.F.);
#47 = EDGE_CURVE('',#48,#40,#50,.T.);
#48 = VERTEX_POINT('',#49);
#49 = CARTESIAN_POINT('',(21.86182975769,4.112822055817,6.));
#50 = LINE('',#51,#52);
#51 = CARTESIAN_POINT('',(21.86182975769,4.112822055817,6.));
#52 = VECTOR('',#53,1.);
#53 = DIRECTION('',(0.492896869711,-0.870087740305,0.));
#54 = ORIENTED_EDGE('',*,*,#55,.F.);
#55 = EDGE_CURVE('',#56,#48,#58,.T.);
#56 = VERTEX_POINT('',#57);
#57 = CARTESIAN_POINT('',(21.651756286621,4.444561958313,6.));
#58 = LINE('',#59,#60);
#59 = CARTESIAN_POINT('',(21.651756286621,4.444561958313,6.));
#60 = VECTOR('',#61,1.);
#61 = DIRECTION('',(0.535000336813,-0.844851844769,0.));
#62 = ORIENTED_EDGE('',*,*,#63,.F.);
#63 = EDGE_CURVE('',#64,#56,#66,.T.);
#64 = VERTEX_POINT('',#65);
#65 = CARTESIAN_POINT('',(21.425661087036,4.765594482422,6.));
#66 = LINE('',#67,#68);
#67 = CARTESIAN_POINT('',(21.425661087036,4.765594482422,6.));
#68 = VECTOR('',#69,1.);
#69 = DIRECTION('',(0.575805785281,-0.817586507739,0.));
#70 = ORIENTED_EDGE('',*,*,#71,.F.);
#71 = EDGE_CURVE('',#72,#64,#74,.T.);
#72 = VERTEX_POINT('',#73);
#73 = CARTESIAN_POINT('',(21.184083938599,5.075146198273,6.));
#74 = LINE('',#75,#76);
#75 = CARTESIAN_POINT('',(21.184083938599,5.075146198273,6.));
#76 = VECTOR('',#77,1.);
#77 = DIRECTION('',(0.615232569252,-0.788345663863,0.));
#78 = ORIENTED_EDGE('',*,*,#79,.F.);
#79 = EDGE_CURVE('',#80,#72,#82,.T.);
#80 = VERTEX_POINT('',#81);
#81 = CARTESIAN_POINT('',(20.92760848999,5.372471809387,6.));
#82 = LINE('',#83,#84);
#83 = CARTESIAN_POINT('',(20.92760848999,5.372471809387,6.));
#84 = VECTOR('',#85,1.);
#85 = DIRECTION('',(0.653173737548,-0.757208074824,0.));
#86 = ORIENTED_EDGE('',*,*,#87,.F.);
#87 = EDGE_CURVE('',#88,#80,#90,.T.);
#88 = VERTEX_POINT('',#89);
#89 = CARTESIAN_POINT('',(20.656854629517,5.656854152679,6.));
#90 = LINE('',#91,#92);
#91 = CARTESIAN_POINT('',(20.656854629517,5.656854152679,6.));
#92 = VECTOR('',#93,1.);
#93 = DIRECTION('',(0.68953969211,-0.724247894719,0.));
#94 = ORIENTED_EDGE('',*,*,#95,.T.);
#95 = EDGE_CURVE('',#88,#96,#98,.T.);
#96 = VERTEX_POINT('',#97);
#97 = CARTESIAN_POINT('',(20.372470855713,5.927608966827,6.));
#98 = LINE('',#99,#100);
#99 = CARTESIAN_POINT('',(20.656854629517,5.656854152679,6.));
#100 = VECTOR('',#101,1.);
#101 = DIRECTION('',(-0.724248413985,0.689539146706,0.));
#102 = ORIENTED_EDGE('',*,*,#103,.T.);
#103 = EDGE_CURVE('',#96,#104,#106,.T.);
#104 = VERTEX_POINT('',#105);
#105 = CARTESIAN_POINT('',(20.075145721436,6.184083461761,6.));
#106 = LINE('',#107,#108);
#107 = CARTESIAN_POINT('',(20.372470855713,5.927608966827,6.));
#108 = VECTOR('',#109,1.);
#109 = DIRECTION('',(-0.757208757961,0.653172945603,0.));
#110 = ORIENTED_EDGE('',*,*,#111,.T.);
#111 = EDGE_CURVE('',#104,#112,#114,.T.);
#112 = VERTEX_POINT('',#113);
#113 = CARTESIAN_POINT('',(19.765594482422,6.425660133362,6.));
#114 = LINE('',#115,#116);
#115 = CARTESIAN_POINT('',(20.075145721436,6.184083461761,6.));
#116 = VECTOR('',#117,1.);
#117 = DIRECTION('',(-0.7883457932,0.615232403522,0.));
#118 = ORIENTED_EDGE('',*,*,#119,.T.);
#119 = EDGE_CURVE('',#112,#120,#122,.T.);
#120 = VERTEX_POINT('',#121);
#121 = CARTESIAN_POINT('',(19.444561004639,6.651756763458,6.));
#122 = LINE('',#123,#124);
#123 = CARTESIAN_POINT('',(19.765594482422,6.425660133362,6.));
#124 = VECTOR('',#125,1.);
#125 = DIRECTION('',(-0.817585597918,0.575807077134,0.));
#126 = ORIENTED_EDGE('',*,*,#127,.T.);
#127 = EDGE_CURVE('',#120,#128,#130,.T.);
#128 = VERTEX_POINT('',#129);
#129 = CARTESIAN_POINT('',(19.112821578979,6.861828804016,6.));
#130 = LINE('',#131,#132);
#131 = CARTESIAN_POINT('',(19.444561004639,6.651756763458,6.));
#132 = VECTOR('',#133,1.);
#133 = DIRECTION('',(-0.844853143864,0.534998285328,0.));
#134 = ORIENTED_EDGE('',*,*,#135,.T.);
#135 = EDGE_CURVE('',#128,#136,#138,.T.);
#136 = VERTEX_POINT('',#137);
#137 = CARTESIAN_POINT('',(18.771173477173,7.055370330811,6.));
#138 = LINE('',#139,#140);
#139 = CARTESIAN_POINT('',(19.112821578979,6.861828804016,6.));
#140 = VECTOR('',#141,1.);
#141 = DIRECTION('',(-0.870086698699,0.492898708405,0.));
#142 = ORIENTED_EDGE('',*,*,#143,.T.);
#143 = EDGE_CURVE('',#136,#144,#146,.T.);
#144 = VERTEX_POINT('',#145);
#145 = CARTESIAN_POINT('',(18.420440673828,7.231914520264,6.));
#146 = LINE('',#147,#148);
#147 = CARTESIAN_POINT('',(18.771173477173,7.055370330811,6.));
#148 = VECTOR('',#149,1.);
#149 = DIRECTION('',(-0.893224165864,0.449611598512,0.));
#150 = ORIENTED_EDGE('',*,*,#151,.F.);
#151 = EDGE_CURVE('',#152,#144,#154,.T.);
#152 = VERTEX_POINT('',#153);
#153 = CARTESIAN_POINT('',(18.06146812439,7.39103603363,6.));
#154 = LINE('',#155,#156);
#155 = CARTESIAN_POINT('',(18.06146812439,7.39103603363,6.));
#156 = VECTOR('',#157,1.);
#157 = DIRECTION('',(0.914209825639,-0.405241156233,0.));
#158 = ORIENTED_EDGE('',*,*,#159,.F.);
#159 = EDGE_CURVE('',#160,#152,#162,.T.);
#160 = VERTEX_POINT('',#161);
#161 = CARTESIAN_POINT('',(17.695117950439,7.53235244751,6.));
#162 = LINE('',#163,#164);
#163 = CARTESIAN_POINT('',(17.695117950439,7.53235244751,6.));
#164 = VECTOR('',#165,1.);
#165 = DIRECTION('',(0.932993177125,-0.359894055853,0.));
#166 = ORIENTED_EDGE('',*,*,#167,.F.);
#167 = EDGE_CURVE('',#168,#160,#170,.T.);
#168 = VERTEX_POINT('',#169);
#169 = CARTESIAN_POINT('',(17.322277069092,7.655522823334,6.));
#170 = LINE('',#171,#172);
#171 = CARTESIAN_POINT('',(17.322277069092,7.655522823334,6.));
#172 = VECTOR('',#173,1.);
#173 = DIRECTION('',(0.949527887963,-0.3136826262,0.));
#174 = ORIENTED_EDGE('',*,*,#175,.T.);
#175 = EDGE_CURVE('',#168,#176,#178,.T.);
#176 = VERTEX_POINT('',#177);
#177 = CARTESIAN_POINT('',(16.943841934204,7.760250091553,6.));
#178 = LINE('',#179,#180);
#179 = CARTESIAN_POINT('',(17.322277069092,7.655522823334,6.));
#180 = VECTOR('',#181,1.);
#181 = DIRECTION('',(-0.963775959701,0.266713140852,0.));
#182 = ORIENTED_EDGE('',*,*,#183,.F.);
#183 = EDGE_CURVE('',#184,#176,#186,.T.);
#184 = VERTEX_POINT('',#185);
#185 = CARTESIAN_POINT('',(16.560722351074,7.84628200531,6.));
#186 = LINE('',#187,#188);
#187 = CARTESIAN_POINT('',(16.560722351074,7.84628200531,6.));
#188 = VECTOR('',#189,1.);
#189 = DIRECTION('',(0.975702383527,-0.219100111319,0.));
#190 = ORIENTED_EDGE('',*,*,#191,.T.);
#191 = EDGE_CURVE('',#184,#192,#194,.T.);
#192 = VERTEX_POINT('',#193);
#193 = CARTESIAN_POINT('',(16.173843383789,7.913412094116,6.));
#194 = LINE('',#195,#196);
#195 = CARTESIAN_POINT('',(16.560722351074,7.84628200531,6.));
#196 = VECTOR('',#197,1.);
#197 = DIRECTION('',(-0.985277548055,0.170962432421,0.));
#198 = ORIENTED_EDGE('',*,*,#199,.F.);
#199 = EDGE_CURVE('',#200,#192,#202,.T.);
#200 = VERTEX_POINT('',#201);
#201 = CARTESIAN_POINT('',(15.784136772156,7.9614777565,6.));
#202 = LINE('',#203,#204);
#203 = CARTESIAN_POINT('',(15.784136772156,7.9614777565,6.));
#204 = VECTOR('',#205,1.);
#205 = DIRECTION('',(0.992479554309,-0.122410515389,0.));
#206 = ORIENTED_EDGE('',*,*,#207,.F.);
#207 = EDGE_CURVE('',#208,#200,#210,.T.);
#208 = VERTEX_POINT('',#209);
#209 = CARTESIAN_POINT('',(15.392540931702,7.99036359787,6.));
#210 = LINE('',#211,#212);
#211 = CARTESIAN_POINT('',(15.392540931702,7.99036359787,6.));
#212 = VECTOR('',#213,1.);
#213 = DIRECTION('',(0.997290457274,-7.356455552456E-02,0.));
#214 = ORIENTED_EDGE('',*,*,#215,.F.);
#215 = EDGE_CURVE('',#216,#208,#218,.T.);
#216 = VERTEX_POINT('',#217);
#217 = CARTESIAN_POINT('',(15.,8.,6.));
#218 = LINE('',#219,#220);
#219 = CARTESIAN_POINT('',(15.,8.,6.));
#220 = VECTOR('',#221,1.);
#221 = DIRECTION('',(0.999698814751,-2.454138921563E-02,0.));
#222 = ORIENTED_EDGE('',*,*,#223,.F.);
#223 = EDGE_CURVE('',#224,#216,#226,.T.);
#224 = VERTEX_POINT('',#225);
#225 = CARTESIAN_POINT('',(13.062257748299,8.,6.));
#226 = LINE('',#227,#228);
#227 = CARTESIAN_POINT('',(-15.,8.,6.));
#228 = VECTOR('',#229,1.);
#229 = DIRECTION('',(1.,0.,0.));
#230 = ORIENTED_EDGE('',*,*,#231,.F.);
#231 = EDGE_CURVE('',#232,#224,#234,.T.);
#232 = VERTEX_POINT('',#233);
#233 = CARTESIAN_POINT('',(13.062257748299,6.5,6.));
#234 = LINE('',#235,#236);
#235 = CARTESIAN_POINT('',(13.062257748299,10.5,6.));
#236 = VECTOR('',#237,1.);
#237 = DIRECTION('',(0.,1.,2.22044604925E-16));
#238 = ORIENTED_EDGE('',*,*,#239,.F.);
#239 = EDGE_CURVE('',#240,#232,#242,.T.);
#240 = VERTEX_POINT('',#241);
#241 = CARTESIAN_POINT('',(9.472135955,6.5,6.));
#242 = LINE('',#243,#244);
#243 = CARTESIAN_POINT('',(2.500001542702,6.5,6.));
#244 = VECTOR('',#245,1.);
#245 = DIRECTION('',(1.,0.,0.));
#246 = ORIENTED_EDGE('',*,*,#247,.F.);
#247 = EDGE_CURVE('',#248,#240,#250,.T.);
#248 = VERTEX_POINT('',#249);
#249 = CARTESIAN_POINT('',(9.472135955,-8.,6.));
#250 = LINE('',#251,#252);
#251 = CARTESIAN_POINT('',(9.472135955,6.5,6.));
#252 = VECTOR('',#253,1.);
#253 = DIRECTION('',(0.,1.,2.22044604925E-16));
#254 = ORIENTED_EDGE('',*,*,#255,.F.);
#255 = EDGE_CURVE('',#256,#248,#258,.T.);
#256 = VERTEX_POINT('',#257);
#257 = CARTESIAN_POINT('',(7.440598923241,-8.,6.));
#258 = LINE('',#259,#260);
#259 = CARTESIAN_POINT('',(2.500001542702,-8.,6.));
#260 = VECTOR('',#261,1.);
#261 = DIRECTION('',(1.,0.,0.));
#262 = ORIENTED_EDGE('',*,*,#263,.T.);
#263 = EDGE_CURVE('',#256,#264,#266,.T.);
#264 = VERTEX_POINT('',#265);
#265 = CARTESIAN_POINT('',(7.440598923241,-8.05,6.));
#266 = LINE('',#267,#268);
#267 = CARTESIAN_POINT('',(7.440598923241,-11.9928364917,6.));
#268 = VECTOR('',#269,1.);
#269 = DIRECTION('',(1.281975124256E-16,-1.,0.));
#270 = ORIENTED_EDGE('',*,*,#271,.F.);
#271 = EDGE_CURVE('',#272,#264,#274,.T.);
#272 = VERTEX_POINT('',#273);
#273 = CARTESIAN_POINT('',(2.559401076759,-8.05,6.));
#274 = LINE('',#275,#276);
#275 = CARTESIAN_POINT('',(2.500001542702,-8.05,6.));
#276 = VECTOR('',#277,1.);
#277 = DIRECTION('',(1.,0.,-0.));
#278 = ORIENTED_EDGE('',*,*,#279,.T.);
#279 = EDGE_CURVE('',#272,#280,#282,.T.);
#280 = VERTEX_POINT('',#281);
#281 = CARTESIAN_POINT('',(2.559401076759,-8.,6.));
#282 = LINE('',#283,#284);
#283 = CARTESIAN_POINT('',(2.559401076759,-11.9928364917,6.));
#284 = VECTOR('',#285,1.);
#285 = DIRECTION('',(1.281975124256E-16,1.,-0.));
#286 = ORIENTED_EDGE('',*,*,#287,.F.);
#287 = EDGE_CURVE('',#288,#280,#290,.T.);
#288 = VERTEX_POINT('',#289);
#289 = CARTESIAN_POINT('',(0.527864045,-8.,6.));
#290 = LINE('',#291,#292);
#291 = CARTESIAN_POINT('',(2.500001542702,-8.,6.));
#292 = VECTOR('',#293,1.);
#293 = DIRECTION('',(1.,0.,0.));
#294 = ORIENTED_EDGE('',*,*,#295,.T.);
#295 = EDGE_CURVE('',#288,#296,#298,.T.);
#296 = VERTEX_POINT('',#297);
#297 = CARTESIAN_POINT('',(0.527864068718,-0.332963584266,6.000000006227
    ));
#298 = LINE('',#299,#300);
#299 = CARTESIAN_POINT('',(0.527864045,6.5,6.));
#300 = VECTOR('',#301,1.);
#301 = DIRECTION('',(0.,1.,2.22044604925E-16));
#302 = ORIENTED_EDGE('',*,*,#303,.T.);
#303 = EDGE_CURVE('',#296,#304,#306,.T.);
#304 = VERTEX_POINT('',#305);
#305 = CARTESIAN_POINT('',(-5.,8.,6.));
#306 = CIRCLE('',#307,6.);
#307 = AXIS2_PLACEMENT_3D('',#308,#309,#310);
#308 = CARTESIAN_POINT('',(-5.,2.,6.));
#309 = DIRECTION('',(0.,0.,-1.));
#310 = DIRECTION('',(1.,0.,0.));
#311 = ORIENTED_EDGE('',*,*,#312,.F.);
#312 = EDGE_CURVE('',#313,#304,#315,.T.);
#313 = VERTEX_POINT('',#314);
#314 = CARTESIAN_POINT('',(-15.,8.,6.));
#315 = LINE('',#316,#317);
#316 = CARTESIAN_POINT('',(-15.,8.,6.));
#317 = VECTOR('',#318,1.);
#318 = DIRECTION('',(1.,0.,0.));
#319 = ORIENTED_EDGE('',*,*,#320,.F.);
#320 = EDGE_CURVE('',#321,#313,#323,.T.);
#321 = VERTEX_POINT('',#322);
#322 = CARTESIAN_POINT('',(-15.39876747131,7.990055561066,6.));
#323 = LINE('',#324,#325);
#324 = CARTESIAN_POINT('',(-15.39876747131,7.990055561066,6.));
#325 = VECTOR('',#326,1.);
#326 = DIRECTION('',(0.999689194556,2.493018830202E-02,0.));
#327 = ORIENTED_EDGE('',*,*,#328,.F.);
#328 = EDGE_CURVE('',#329,#321,#331,.T.);
#329 = VERTEX_POINT('',#330);
#330 = CARTESIAN_POINT('',(-15.79654312133,7.960246086121,6.));
#331 = LINE('',#332,#333);
#332 = CARTESIAN_POINT('',(-15.79654312133,7.960246086121,6.));
#333 = VECTOR('',#334,1.);
#334 = DIRECTION('',(0.997203739094,7.473086870406E-02,0.));
#335 = ORIENTED_EDGE('',*,*,#336,.F.);
#336 = EDGE_CURVE('',#337,#329,#339,.T.);
#337 = VERTEX_POINT('',#338);
#338 = CARTESIAN_POINT('',(-16.19233894348,7.910646438599,6.));
#339 = LINE('',#340,#341);
#340 = CARTESIAN_POINT('',(-16.19233894348,7.910646438599,6.));
#341 = VECTOR('',#342,1.);
#342 = DIRECTION('',(0.992239207817,0.124343694935,0.));
#343 = ORIENTED_EDGE('',*,*,#344,.F.);
#344 = EDGE_CURVE('',#345,#337,#347,.T.);
#345 = VERTEX_POINT('',#346);
#346 = CARTESIAN_POINT('',(-16.5851688385,7.841380119324,6.));
#347 = LINE('',#348,#349);
#348 = CARTESIAN_POINT('',(-16.5851688385,7.841380119324,6.));
#349 = VECTOR('',#350,1.);
#350 = DIRECTION('',(0.984807834488,0.173647715596,0.));
#351 = ORIENTED_EDGE('',*,*,#352,.F.);
#352 = EDGE_CURVE('',#353,#345,#355,.T.);
#353 = VERTEX_POINT('',#354);
#354 = CARTESIAN_POINT('',(-16.97406005859,7.752618312836,6.));
#355 = LINE('',#356,#357);
#356 = CARTESIAN_POINT('',(-16.97406005859,7.752618312836,6.));
#357 = VECTOR('',#358,1.);
#358 = DIRECTION('',(0.974927953921,0.222520751086,0.));
#359 = ORIENTED_EDGE('',*,*,#360,.F.);
#360 = EDGE_CURVE('',#361,#353,#363,.T.);
#361 = VERTEX_POINT('',#362);
#362 = CARTESIAN_POINT('',(-17.3580417633,7.644582271576,6.));
#363 = LINE('',#364,#365);
#364 = CARTESIAN_POINT('',(-17.3580417633,7.644582271576,6.));
#365 = VECTOR('',#366,1.);
#366 = DIRECTION('',(0.962624024108,0.270841260169,0.));
#367 = ORIENTED_EDGE('',*,*,#368,.F.);
#368 = EDGE_CURVE('',#369,#361,#371,.T.);
#369 = VERTEX_POINT('',#370);
#370 = CARTESIAN_POINT('',(-17.73616027832,7.517540931702,6.));
#371 = LINE('',#372,#373);
#372 = CARTESIAN_POINT('',(-17.73616027832,7.517540931702,6.));
#373 = VECTOR('',#374,1.);
#374 = DIRECTION('',(0.947927137844,0.318487270295,0.));
#375 = ORIENTED_EDGE('',*,*,#376,.F.);
#376 = EDGE_CURVE('',#377,#369,#379,.T.);
#377 = VERTEX_POINT('',#378);
#378 = CARTESIAN_POINT('',(-18.10747909545,7.371809482574,6.));
#379 = LINE('',#380,#381);
#380 = CARTESIAN_POINT('',(-18.10747909545,7.371809482574,6.));
#381 = VECTOR('',#382,1.);
#382 = DIRECTION('',(0.930874130272,0.365340051993,0.));
#383 = ORIENTED_EDGE('',*,*,#384,.F.);
#384 = EDGE_CURVE('',#385,#377,#387,.T.);
#385 = VERTEX_POINT('',#386);
#386 = CARTESIAN_POINT('',(-18.47106933593,7.207750797272,6.));
#387 = LINE('',#388,#389);
#388 = CARTESIAN_POINT('',(-18.47106933593,7.207750797272,6.));
#389 = VECTOR('',#390,1.);
#390 = DIRECTION('',(0.911505362504,0.411288188654,0.));
#391 = ORIENTED_EDGE('',*,*,#392,.F.);
#392 = EDGE_CURVE('',#393,#385,#395,.T.);
#393 = VERTEX_POINT('',#394);
#394 = CARTESIAN_POINT('',(-18.82603263855,7.025772571564,6.));
#395 = LINE('',#396,#397);
#396 = CARTESIAN_POINT('',(-18.82603263855,7.025772571564,6.));
#397 = VECTOR('',#398,1.);
#398 = DIRECTION('',(0.889872665146,0.456208987007,0.));
#399 = ORIENTED_EDGE('',*,*,#400,.F.);
#400 = EDGE_CURVE('',#401,#393,#403,.T.);
#401 = VERTEX_POINT('',#402);
#402 = CARTESIAN_POINT('',(-19.17148208618,6.826326847076,6.));
#403 = LINE('',#404,#405);
#404 = CARTESIAN_POINT('',(-19.17148208618,6.826326847076,6.));
#405 = VECTOR('',#406,1.);
#406 = DIRECTION('',(0.866024977269,0.500000738746,0.));
#407 = ORIENTED_EDGE('',*,*,#408,.F.);
#408 = EDGE_CURVE('',#409,#401,#411,.T.);
#409 = VERTEX_POINT('',#410);
#410 = CARTESIAN_POINT('',(-19.50656127929,6.609910011292,6.));
#411 = LINE('',#412,#413);
#412 = CARTESIAN_POINT('',(-19.50656127929,6.609910011292,6.));
#413 = VECTOR('',#414,1.);
#414 = DIRECTION('',(0.840026211579,0.542545817292,0.));
#415 = ORIENTED_EDGE('',*,*,#416,.F.);
#416 = EDGE_CURVE('',#417,#409,#419,.T.);
#417 = VERTEX_POINT('',#418);
#418 = CARTESIAN_POINT('',(-19.83043479919,6.377059936523,6.));
#419 = LINE('',#420,#421);
#420 = CARTESIAN_POINT('',(-19.83043479919,6.377059936523,6.));
#421 = VECTOR('',#422,1.);
#422 = DIRECTION('',(0.811936970354,0.583745112332,0.));
#423 = ORIENTED_EDGE('',*,*,#424,.F.);
#424 = EDGE_CURVE('',#425,#417,#427,.T.);
#425 = VERTEX_POINT('',#426);
#426 = CARTESIAN_POINT('',(-20.14230155944,6.128355503082,6.));
#427 = LINE('',#428,#429);
#428 = CARTESIAN_POINT('',(-20.14230155944,6.128355503082,6.));
#429 = VECTOR('',#430,1.);
#430 = DIRECTION('',(0.78183271519,0.623488256071,0.));
#431 = ORIENTED_EDGE('',*,*,#432,.F.);
#432 = EDGE_CURVE('',#433,#425,#435,.T.);
#433 = VERTEX_POINT('',#434);
#434 = CARTESIAN_POINT('',(-20.44138145446,5.864415168762,6.));
#435 = LINE('',#436,#437);
#436 = CARTESIAN_POINT('',(-20.44138145446,5.864415168762,6.));
#437 = VECTOR('',#438,1.);
#438 = DIRECTION('',(0.749780256555,0.661686910011,0.));
#439 = ORIENTED_EDGE('',*,*,#440,.F.);
#440 = EDGE_CURVE('',#441,#433,#443,.T.);
#441 = VERTEX_POINT('',#442);
#442 = CARTESIAN_POINT('',(-20.72693443298,5.585894584656,6.));
#443 = LINE('',#444,#445);
#444 = CARTESIAN_POINT('',(-20.72693443298,5.585894584656,6.));
#445 = VECTOR('',#446,1.);
#446 = DIRECTION('',(0.71586676194,0.698236907611,0.));
#447 = ORIENTED_EDGE('',*,*,#448,.T.);
#448 = EDGE_CURVE('',#441,#449,#451,.T.);
#449 = VERTEX_POINT('',#450);
#450 = CARTESIAN_POINT('',(-20.99824905395,5.293486595154,6.));
#451 = LINE('',#452,#453);
#452 = CARTESIAN_POINT('',(-20.72693443298,5.585894584656,6.));
#453 = VECTOR('',#454,1.);
#454 = DIRECTION('',(-0.68017227465,-0.733052301543,0.));
#455 = ORIENTED_EDGE('',*,*,#456,.F.);
#456 = EDGE_CURVE('',#457,#449,#459,.T.);
#457 = VERTEX_POINT('',#458);
#458 = CARTESIAN_POINT('',(-21.25465202331,4.987918376923,6.));
#459 = LINE('',#460,#461);
#460 = CARTESIAN_POINT('',(-21.25465202331,4.987918376923,6.));
#461 = VECTOR('',#462,1.);
#462 = DIRECTION('',(0.642788772095,0.766043467741,0.));
#463 = ORIENTED_EDGE('',*,*,#464,.T.);
#464 = EDGE_CURVE('',#457,#465,#467,.T.);
#465 = VERTEX_POINT('',#466);
#466 = CARTESIAN_POINT('',(-21.49550437927,4.669949531555,6.));
#467 = LINE('',#468,#469);
#468 = CARTESIAN_POINT('',(-21.25465202331,4.987918376923,6.));
#469 = VECTOR('',#470,1.);
#470 = DIRECTION('',(-0.603804912308,-0.797132126986,0.));
#471 = ORIENTED_EDGE('',*,*,#472,.F.);
#472 = EDGE_CURVE('',#473,#465,#475,.T.);
#473 = VERTEX_POINT('',#474);
#474 = CARTESIAN_POINT('',(-21.72020721435,4.340370178223,6.));
#475 = LINE('',#476,#477);
#476 = CARTESIAN_POINT('',(-21.72020721435,4.340370178223,6.));
#477 = VECTOR('',#478,1.);
#478 = DIRECTION('',(0.563319094037,0.826239431577,0.));
#479 = ORIENTED_EDGE('',*,*,#480,.F.);
#480 = EDGE_CURVE('',#481,#473,#483,.T.);
#481 = VERTEX_POINT('',#482);
#482 = CARTESIAN_POINT('',(-21.92820358276,4.,6.));
#483 = LINE('',#484,#485);
#484 = CARTESIAN_POINT('',(-21.92820358276,4.,6.));
#485 = VECTOR('',#486,1.);
#486 = DIRECTION('',(0.521436083577,0.853290343754,0.));
#487 = ORIENTED_EDGE('',*,*,#488,.F.);
#488 = EDGE_CURVE('',#489,#481,#491,.T.);
#489 = VERTEX_POINT('',#490);
#490 = CARTESIAN_POINT('',(-22.11897468566,3.649685144424,6.));
#491 = LINE('',#492,#493);
#492 = CARTESIAN_POINT('',(-22.11897468566,3.649685144424,6.));
#493 = VECTOR('',#494,1.);
#494 = DIRECTION('',(0.478253592666,0.87822178355,0.));
#495 = ORIENTED_EDGE('',*,*,#496,.F.);
#496 = EDGE_CURVE('',#497,#489,#499,.T.);
#497 = VERTEX_POINT('',#498);
#498 = CARTESIAN_POINT('',(-22.29204750061,3.290296792984,6.));
#499 = LINE('',#500,#501);
#500 = CARTESIAN_POINT('',(-22.29204750061,3.290296792984,6.));
#501 = VECTOR('',#502,1.);
#502 = DIRECTION('',(0.433884770035,0.900968371438,0.));
#503 = ORIENTED_EDGE('',*,*,#504,.F.);
#504 = EDGE_CURVE('',#505,#497,#507,.T.);
#505 = VERTEX_POINT('',#506);
#506 = CARTESIAN_POINT('',(-22.44698905944,2.922728300095,6.));
#507 = LINE('',#508,#509);
#508 = CARTESIAN_POINT('',(-22.44698905944,2.922728300095,6.));
#509 = VECTOR('',#510,1.);
#510 = DIRECTION('',(0.388431488318,0.921477606284,0.));
#511 = ORIENTED_EDGE('',*,*,#512,.F.);
#512 = EDGE_CURVE('',#513,#505,#515,.T.);
#513 = VERTEX_POINT('',#514);
#514 = CARTESIAN_POINT('',(-22.58341789245,2.547893285751,6.));
#515 = LINE('',#516,#517);
#516 = CARTESIAN_POINT('',(-22.58341789245,2.547893285751,6.));
#517 = VECTOR('',#518,1.);
#518 = DIRECTION('',(0.342020243,0.939692584508,0.));
#519 = ORIENTED_EDGE('',*,*,#520,.T.);
#520 = EDGE_CURVE('',#513,#521,#523,.T.);
#521 = VERTEX_POINT('',#522);
#522 = CARTESIAN_POINT('',(-22.70099449157,2.16672372818,6.));
#523 = LINE('',#524,#525);
#524 = CARTESIAN_POINT('',(-22.58341789245,2.547893285751,6.));
#525 = VECTOR('',#526,1.);
#526 = DIRECTION('',(-0.294758291753,-0.955571844208,0.));
#527 = ORIENTED_EDGE('',*,*,#528,.F.);
#528 = EDGE_CURVE('',#529,#521,#531,.T.);
#529 = VERTEX_POINT('',#530);
#530 = CARTESIAN_POINT('',(-22.79942321777,1.780167460442,6.));
#531 = LINE('',#532,#533);
#532 = CARTESIAN_POINT('',(-22.79942321777,1.780167460442,6.));
#533 = VECTOR('',#534,1.);
#534 = DIRECTION('',(0.246755998779,0.969077642435,0.));
#535 = ORIENTED_EDGE('',*,*,#536,.F.);
#536 = EDGE_CURVE('',#537,#529,#539,.T.);
#537 = VERTEX_POINT('',#538);
#538 = CARTESIAN_POINT('',(-22.87846183776,1.389185428619,6.));
#539 = LINE('',#540,#541);
#540 = CARTESIAN_POINT('',(-22.87846183776,1.389185428619,6.));
#541 = VECTOR('',#542,1.);
#542 = DIRECTION('',(0.198145895339,0.980172537954,0.));
#543 = ORIENTED_EDGE('',*,*,#544,.F.);
#544 = EDGE_CURVE('',#545,#537,#547,.T.);
#545 = VERTEX_POINT('',#546);
#546 = CARTESIAN_POINT('',(-22.93791389465,0.99474966526,6.));
#547 = LINE('',#548,#549);
#548 = CARTESIAN_POINT('',(-22.93791389465,0.99474966526,6.));
#549 = VECTOR('',#550,1.);
#550 = DIRECTION('',(0.149043323443,0.988830666867,0.));
#551 = ORIENTED_EDGE('',*,*,#552,.F.);
#552 = EDGE_CURVE('',#553,#545,#555,.T.);
#553 = VERTEX_POINT('',#554);
#554 = CARTESIAN_POINT('',(-22.97763061523,0.597840726376,6.));
#555 = LINE('',#556,#557);
#556 = CARTESIAN_POINT('',(-22.97763061523,0.597840726376,6.));
#557 = VECTOR('',#558,1.);
#558 = DIRECTION('',(9.956782398413E-02,0.995030777628,0.));
#559 = ORIENTED_EDGE('',*,*,#560,.F.);
#560 = EDGE_CURVE('',#561,#553,#563,.T.);
#561 = VERTEX_POINT('',#562);
#562 = CARTESIAN_POINT('',(-22.99751281738,0.199445530772,6.));
#563 = LINE('',#564,#565);
#564 = CARTESIAN_POINT('',(-22.99751281738,0.199445530772,6.));
#565 = VECTOR('',#566,1.);
#566 = DIRECTION('',(4.984369640066E-02,0.998757030478,0.));
#567 = ORIENTED_EDGE('',*,*,#568,.T.);
#568 = EDGE_CURVE('',#561,#569,#571,.T.);
#569 = VERTEX_POINT('',#570);
#570 = CARTESIAN_POINT('',(-23.,0.,6.));
#571 = LINE('',#572,#573);
#572 = CARTESIAN_POINT('',(-22.99751281738,0.199445530772,6.));
#573 = VECTOR('',#574,1.);
#574 = DIRECTION('',(-1.246951604021E-02,-0.999922252563,0.));
#575 = ORIENTED_EDGE('',*,*,#576,.F.);
#576 = EDGE_CURVE('',#577,#569,#579,.T.);
#577 = VERTEX_POINT('',#578);
#578 = CARTESIAN_POINT('',(-23.,-50.,6.));
#579 = LINE('',#580,#581);
#580 = CARTESIAN_POINT('',(-23.,-50.,6.));
#581 = VECTOR('',#582,1.);
#582 = DIRECTION('',(0.,1.,0.));
#583 = ORIENTED_EDGE('',*,*,#584,.F.);
#584 = EDGE_CURVE('',#585,#577,#587,.T.);
#585 = VERTEX_POINT('',#586);
#586 = CARTESIAN_POINT('',(23.,-50.,6.));
#587 = LINE('',#588,#589);
#588 = CARTESIAN_POINT('',(23.,-50.,6.));
#589 = VECTOR('',#590,1.);
#590 = DIRECTION('',(-1.,0.,0.));
#591 = ORIENTED_EDGE('',*,*,#592,.F.);
#592 = EDGE_CURVE('',#593,#585,#595,.T.);
#593 = VERTEX_POINT('',#594);
#594 = CARTESIAN_POINT('',(23.,0.,6.));
#595 = LINE('',#596,#597);
#596 = CARTESIAN_POINT('',(23.,0.,6.));
#597 = VECTOR('',#598,1.);
#598 = DIRECTION('',(0.,-1.,0.));
#599 = ORIENTED_EDGE('',*,*,#600,.F.);
#600 = EDGE_CURVE('',#601,#593,#603,.T.);
#601 = VERTEX_POINT('',#602);
#602 = CARTESIAN_POINT('',(22.990364074707,0.392541408539,6.));
#603 = LINE('',#604,#605);
#604 = CARTESIAN_POINT('',(22.990364074707,0.392541408539,6.));
#605 = VECTOR('',#606,1.);
#606 = DIRECTION('',(2.45401457757E-02,-0.999698845276,0.));
#607 = ORIENTED_EDGE('',*,*,#608,.T.);
#608 = EDGE_CURVE('',#601,#609,#611,.T.);
#609 = VERTEX_POINT('',#610);
#610 = CARTESIAN_POINT('',(22.961477279663,0.784137129784,6.));
#611 = LINE('',#612,#613);
#612 = CARTESIAN_POINT('',(22.990364074707,0.392541408539,6.));
#613 = VECTOR('',#614,1.);
#614 = DIRECTION('',(-7.356699340896E-02,0.997290277442,0.));
#615 = ORIENTED_EDGE('',*,*,#616,.T.);
#616 = EDGE_CURVE('',#609,#617,#619,.T.);
#617 = VERTEX_POINT('',#618);
#618 = CARTESIAN_POINT('',(22.913412094116,1.173843741417,6.));
#619 = LINE('',#620,#621);
#620 = CARTESIAN_POINT('',(22.961477279663,0.784137129784,6.));
#621 = VECTOR('',#622,1.);
#622 = DIRECTION('',(-0.122409319207,0.992479701843,0.));
#623 = ORIENTED_EDGE('',*,*,#624,.F.);
#624 = EDGE_CURVE('',#625,#617,#627,.T.);
#625 = VERTEX_POINT('',#626);
#626 = CARTESIAN_POINT('',(22.846282958984,1.560722589493,6.));
#627 = LINE('',#628,#629);
#628 = CARTESIAN_POINT('',(22.846282958984,1.560722589493,6.));
#629 = VECTOR('',#630,1.);
#630 = DIRECTION('',(0.170960125792,-0.985277948291,0.));
#631 = ORIENTED_EDGE('',*,*,#632,.F.);
#632 = EDGE_CURVE('',#633,#625,#635,.T.);
#633 = VERTEX_POINT('',#634);
#634 = CARTESIAN_POINT('',(22.760250091553,1.943841457367,6.));
#635 = LINE('',#636,#637);
#636 = CARTESIAN_POINT('',(22.760250091553,1.943841457367,6.));
#637 = VECTOR('',#638,1.);
#638 = DIRECTION('',(0.219102812889,-0.975701776868,0.));
#639 = ORIENTED_EDGE('',*,*,#640,.T.);
#640 = EDGE_CURVE('',#633,#641,#643,.T.);
#641 = VERTEX_POINT('',#642);
#642 = CARTESIAN_POINT('',(22.655523300171,2.32227730751,6.));
#643 = LINE('',#644,#645);
#644 = CARTESIAN_POINT('',(22.760250091553,1.943841457367,6.));
#645 = VECTOR('',#646,1.);
#646 = DIRECTION('',(-0.266711544622,0.963776401436,0.));
#647 = ORIENTED_EDGE('',*,*,#648,.F.);
#648 = EDGE_CURVE('',#24,#641,#649,.T.);
#649 = LINE('',#650,#651);
#650 = CARTESIAN_POINT('',(22.53235244751,2.695118904114,6.));
#651 = VECTOR('',#652,1.);
#652 = DIRECTION('',(0.313683178532,-0.949527705497,0.));
#653 = PLANE('',#654);
#654 = AXIS2_PLACEMENT_3D('',#655,#656,#657);
#655 = CARTESIAN_POINT('',(3.085404317828E-06,-22.0356729834,6.));
#656 = DIRECTION('',(0.,0.,1.));
#657 = DIRECTION('',(1.,0.,0.));
#658 = ADVANCED_FACE('',(#659),#684,.T.);
#659 = FACE_BOUND('',#660,.T.);
#660 = EDGE_LOOP('',(#661,#669,#677,#683));
#661 = ORIENTED_EDGE('',*,*,#662,.F.);
#662 = EDGE_CURVE('',#663,#24,#665,.T.);
#663 = VERTEX_POINT('',#664);
#664 = CARTESIAN_POINT('',(22.53235244751,2.695118904114,0.));
#665 = LINE('',#666,#667);
#666 = CARTESIAN_POINT('',(22.53235244751,2.695118904114,0.));
#667 = VECTOR('',#668,1.);
#668 = DIRECTION('',(0.,0.,1.));
#669 = ORIENTED_EDGE('',*,*,#670,.T.);
#670 = EDGE_CURVE('',#663,#671,#673,.T.);
#671 = VERTEX_POINT('',#672);
#672 = CARTESIAN_POINT('',(22.391036987305,3.061467409134,0.));
#673 = LINE('',#674,#675);
#674 = CARTESIAN_POINT('',(22.53235244751,2.695118904114,0.));
#675 = VECTOR('',#676,1.);
#676 = DIRECTION('',(-0.359893368845,0.932993442132,0.));
#677 = ORIENTED_EDGE('',*,*,#678,.F.);
#678 = EDGE_CURVE('',#22,#671,#679,.T.);
#679 = LINE('',#680,#681);
#680 = CARTESIAN_POINT('',(22.391036987305,3.061467409134,6.));
#681 = VECTOR('',#682,1.);
#682 = DIRECTION('',(0.,0.,-1.));
#683 = ORIENTED_EDGE('',*,*,#21,.T.);
#684 = PLANE('',#685);
#685 = AXIS2_PLACEMENT_3D('',#686,#687,#688);
#686 = CARTESIAN_POINT('',(22.461694717407,2.878293156624,3.));
#687 = DIRECTION('',(0.932993442132,0.359893368845,0.));
#688 = DIRECTION('',(-0.359893368845,0.932993442132,0.));
#689 = ADVANCED_FACE('',(#690),#708,.T.);
#690 = FACE_BOUND('',#691,.T.);
#691 = EDGE_LOOP('',(#692,#700,#701,#702));
#692 = ORIENTED_EDGE('',*,*,#693,.F.);
#693 = EDGE_CURVE('',#663,#694,#696,.T.);
#694 = VERTEX_POINT('',#695);
#695 = CARTESIAN_POINT('',(22.655523300171,2.32227730751,0.));
#696 = LINE('',#697,#698);
#697 = CARTESIAN_POINT('',(22.53235244751,2.695118904114,0.));
#698 = VECTOR('',#699,1.);
#699 = DIRECTION('',(0.313683178532,-0.949527705497,0.));
#700 = ORIENTED_EDGE('',*,*,#662,.T.);
#701 = ORIENTED_EDGE('',*,*,#648,.T.);
#702 = ORIENTED_EDGE('',*,*,#703,.T.);
#703 = EDGE_CURVE('',#641,#694,#704,.T.);
#704 = LINE('',#705,#706);
#705 = CARTESIAN_POINT('',(22.655523300171,2.32227730751,6.));
#706 = VECTOR('',#707,1.);
#707 = DIRECTION('',(0.,0.,-1.));
#708 = PLANE('',#709);
#709 = AXIS2_PLACEMENT_3D('',#710,#711,#712);
#710 = CARTESIAN_POINT('',(22.59393787384,2.508698105812,3.));
#711 = DIRECTION('',(0.949527705497,0.313683178532,0.));
#712 = DIRECTION('',(-0.313683178532,0.949527705497,0.));
#713 = ADVANCED_FACE('',(#714),#732,.T.);
#714 = FACE_BOUND('',#715,.T.);
#715 = EDGE_LOOP('',(#716,#717,#725,#731));
#716 = ORIENTED_EDGE('',*,*,#640,.F.);
#717 = ORIENTED_EDGE('',*,*,#718,.F.);
#718 = EDGE_CURVE('',#719,#633,#721,.T.);
#719 = VERTEX_POINT('',#720);
#720 = CARTESIAN_POINT('',(22.760250091553,1.943841457367,0.));
#721 = LINE('',#722,#723);
#722 = CARTESIAN_POINT('',(22.760250091553,1.943841457367,0.));
#723 = VECTOR('',#724,1.);
#724 = DIRECTION('',(0.,0.,1.));
#725 = ORIENTED_EDGE('',*,*,#726,.F.);
#726 = EDGE_CURVE('',#694,#719,#727,.T.);
#727 = LINE('',#728,#729);
#728 = CARTESIAN_POINT('',(22.655523300171,2.32227730751,0.));
#729 = VECTOR('',#730,1.);
#730 = DIRECTION('',(0.266711544622,-0.963776401436,0.));
#731 = ORIENTED_EDGE('',*,*,#703,.F.);
#732 = PLANE('',#733);
#733 = AXIS2_PLACEMENT_3D('',#734,#735,#736);
#734 = CARTESIAN_POINT('',(22.707886695862,2.133059382439,3.));
#735 = DIRECTION('',(0.963776401436,0.266711544622,0.));
#736 = DIRECTION('',(-0.266711544622,0.963776401436,0.));
#737 = ADVANCED_FACE('',(#738),#756,.T.);
#738 = FACE_BOUND('',#739,.T.);
#739 = EDGE_LOOP('',(#740,#741,#749,#755));
#740 = ORIENTED_EDGE('',*,*,#632,.T.);
#741 = ORIENTED_EDGE('',*,*,#742,.F.);
#742 = EDGE_CURVE('',#743,#625,#745,.T.);
#743 = VERTEX_POINT('',#744);
#744 = CARTESIAN_POINT('',(22.846282958984,1.560722589493,0.));
#745 = LINE('',#746,#747);
#746 = CARTESIAN_POINT('',(22.846282958984,1.560722589493,0.));
#747 = VECTOR('',#748,1.);
#748 = DIRECTION('',(0.,0.,1.));
#749 = ORIENTED_EDGE('',*,*,#750,.T.);
#750 = EDGE_CURVE('',#743,#719,#751,.T.);
#751 = LINE('',#752,#753);
#752 = CARTESIAN_POINT('',(22.846282958984,1.560722589493,0.));
#753 = VECTOR('',#754,1.);
#754 = DIRECTION('',(-0.219102812889,0.975701776868,0.));
#755 = ORIENTED_EDGE('',*,*,#718,.T.);
#756 = PLANE('',#757);
#757 = AXIS2_PLACEMENT_3D('',#758,#759,#760);
#758 = CARTESIAN_POINT('',(22.803266525269,1.75228202343,3.));
#759 = DIRECTION('',(0.975701776868,0.219102812889,0.));
#760 = DIRECTION('',(-0.219102812889,0.975701776868,0.));
#761 = ADVANCED_FACE('',(#762),#780,.T.);
#762 = FACE_BOUND('',#763,.T.);
#763 = EDGE_LOOP('',(#764,#772,#778,#779));
#764 = ORIENTED_EDGE('',*,*,#765,.F.);
#765 = EDGE_CURVE('',#766,#617,#768,.T.);
#766 = VERTEX_POINT('',#767);
#767 = CARTESIAN_POINT('',(22.913412094116,1.173843741417,0.));
#768 = LINE('',#769,#770);
#769 = CARTESIAN_POINT('',(22.913412094116,1.173843741417,0.));
#770 = VECTOR('',#771,1.);
#771 = DIRECTION('',(0.,0.,1.));
#772 = ORIENTED_EDGE('',*,*,#773,.T.);
#773 = EDGE_CURVE('',#766,#743,#774,.T.);
#774 = LINE('',#775,#776);
#775 = CARTESIAN_POINT('',(22.913412094116,1.173843741417,0.));
#776 = VECTOR('',#777,1.);
#777 = DIRECTION('',(-0.170960125792,0.985277948291,0.));
#778 = ORIENTED_EDGE('',*,*,#742,.T.);
#779 = ORIENTED_EDGE('',*,*,#624,.T.);
#780 = PLANE('',#781);
#781 = AXIS2_PLACEMENT_3D('',#782,#783,#784);
#782 = CARTESIAN_POINT('',(22.87984752655,1.367283165455,3.));
#783 = DIRECTION('',(0.985277948291,0.170960125792,0.));
#784 = DIRECTION('',(-0.170960125792,0.985277948291,0.));
#785 = ADVANCED_FACE('',(#786),#804,.T.);
#786 = FACE_BOUND('',#787,.T.);
#787 = EDGE_LOOP('',(#788,#796,#797,#798));
#788 = ORIENTED_EDGE('',*,*,#789,.T.);
#789 = EDGE_CURVE('',#790,#766,#792,.T.);
#790 = VERTEX_POINT('',#791);
#791 = CARTESIAN_POINT('',(22.961477279663,0.784137129784,0.));
#792 = LINE('',#793,#794);
#793 = CARTESIAN_POINT('',(22.961477279663,0.784137129784,0.));
#794 = VECTOR('',#795,1.);
#795 = DIRECTION('',(-0.122409319207,0.992479701843,0.));
#796 = ORIENTED_EDGE('',*,*,#765,.T.);
#797 = ORIENTED_EDGE('',*,*,#616,.F.);
#798 = ORIENTED_EDGE('',*,*,#799,.T.);
#799 = EDGE_CURVE('',#609,#790,#800,.T.);
#800 = LINE('',#801,#802);
#801 = CARTESIAN_POINT('',(22.961477279663,0.784137129784,6.));
#802 = VECTOR('',#803,1.);
#803 = DIRECTION('',(0.,0.,-1.));
#804 = PLANE('',#805);
#805 = AXIS2_PLACEMENT_3D('',#806,#807,#808);
#806 = CARTESIAN_POINT('',(22.93744468689,0.9789904356,3.));
#807 = DIRECTION('',(0.992479701843,0.122409319207,0.));
#808 = DIRECTION('',(-0.122409319207,0.992479701843,0.));
#809 = ADVANCED_FACE('',(#810),#828,.T.);
#810 = FACE_BOUND('',#811,.T.);
#811 = EDGE_LOOP('',(#812,#820,#821,#822));
#812 = ORIENTED_EDGE('',*,*,#813,.F.);
#813 = EDGE_CURVE('',#790,#814,#816,.T.);
#814 = VERTEX_POINT('',#815);
#815 = CARTESIAN_POINT('',(22.990364074707,0.392541408539,0.));
#816 = LINE('',#817,#818);
#817 = CARTESIAN_POINT('',(22.961477279663,0.784137129784,0.));
#818 = VECTOR('',#819,1.);
#819 = DIRECTION('',(7.356699340896E-02,-0.997290277442,0.));
#820 = ORIENTED_EDGE('',*,*,#799,.F.);
#821 = ORIENTED_EDGE('',*,*,#608,.F.);
#822 = ORIENTED_EDGE('',*,*,#823,.F.);
#823 = EDGE_CURVE('',#814,#601,#824,.T.);
#824 = LINE('',#825,#826);
#825 = CARTESIAN_POINT('',(22.990364074707,0.392541408539,0.));
#826 = VECTOR('',#827,1.);
#827 = DIRECTION('',(0.,0.,1.));
#828 = PLANE('',#829);
#829 = AXIS2_PLACEMENT_3D('',#830,#831,#832);
#830 = CARTESIAN_POINT('',(22.975920677185,0.588339269161,3.));
#831 = DIRECTION('',(0.997290277442,7.356699340896E-02,0.));
#832 = DIRECTION('',(-7.356699340896E-02,0.997290277442,0.));
#833 = ADVANCED_FACE('',(#834),#852,.T.);
#834 = FACE_BOUND('',#835,.T.);
#835 = EDGE_LOOP('',(#836,#844,#850,#851));
#836 = ORIENTED_EDGE('',*,*,#837,.F.);
#837 = EDGE_CURVE('',#838,#593,#840,.T.);
#838 = VERTEX_POINT('',#839);
#839 = CARTESIAN_POINT('',(23.,0.,0.));
#840 = LINE('',#841,#842);
#841 = CARTESIAN_POINT('',(23.,0.,0.));
#842 = VECTOR('',#843,1.);
#843 = DIRECTION('',(0.,0.,1.));
#844 = ORIENTED_EDGE('',*,*,#845,.T.);
#845 = EDGE_CURVE('',#838,#814,#846,.T.);
#846 = LINE('',#847,#848);
#847 = CARTESIAN_POINT('',(23.,0.,0.));
#848 = VECTOR('',#849,1.);
#849 = DIRECTION('',(-2.45401457757E-02,0.999698845276,0.));
#850 = ORIENTED_EDGE('',*,*,#823,.T.);
#851 = ORIENTED_EDGE('',*,*,#600,.T.);
#852 = PLANE('',#853);
#853 = AXIS2_PLACEMENT_3D('',#854,#855,#856);
#854 = CARTESIAN_POINT('',(22.995182037354,0.196270704269,3.));
#855 = DIRECTION('',(0.999698845276,2.45401457757E-02,0.));
#856 = DIRECTION('',(-2.45401457757E-02,0.999698845276,0.));
#857 = ADVANCED_FACE('',(#858),#908,.T.);
#858 = FACE_BOUND('',#859,.T.);
#859 = EDGE_LOOP('',(#860,#861,#862,#870,#878,#886,#894,#902));
#860 = ORIENTED_EDGE('',*,*,#837,.T.);
#861 = ORIENTED_EDGE('',*,*,#592,.T.);
#862 = ORIENTED_EDGE('',*,*,#863,.F.);
#863 = EDGE_CURVE('',#864,#585,#866,.T.);
#864 = VERTEX_POINT('',#865);
#865 = CARTESIAN_POINT('',(23.,-50.,-17.25));
#866 = LINE('',#867,#868);
#867 = CARTESIAN_POINT('',(23.,-50.,-17.25));
#868 = VECTOR('',#869,1.);
#869 = DIRECTION('',(0.,0.,1.));
#870 = ORIENTED_EDGE('',*,*,#871,.T.);
#871 = EDGE_CURVE('',#864,#872,#874,.T.);
#872 = VERTEX_POINT('',#873);
#873 = CARTESIAN_POINT('',(23.,0.,-17.25));
#874 = LINE('',#875,#876);
#875 = CARTESIAN_POINT('',(23.,-50.,-17.25));
#876 = VECTOR('',#877,1.);
#877 = DIRECTION('',(0.,1.,0.));
#878 = ORIENTED_EDGE('',*,*,#879,.T.);
#879 = EDGE_CURVE('',#872,#880,#882,.T.);
#880 = VERTEX_POINT('',#881);
#881 = CARTESIAN_POINT('',(23.,0.,-9.25));
#882 = LINE('',#883,#884);
#883 = CARTESIAN_POINT('',(23.,0.,-17.25));
#884 = VECTOR('',#885,1.);
#885 = DIRECTION('',(0.,0.,1.));
#886 = ORIENTED_EDGE('',*,*,#887,.T.);
#887 = EDGE_CURVE('',#880,#888,#890,.T.);
#888 = VERTEX_POINT('',#889);
#889 = CARTESIAN_POINT('',(23.,-44.,-9.25));
#890 = LINE('',#891,#892);
#891 = CARTESIAN_POINT('',(23.,0.,-9.25));
#892 = VECTOR('',#893,1.);
#893 = DIRECTION('',(0.,-1.,0.));
#894 = ORIENTED_EDGE('',*,*,#895,.T.);
#895 = EDGE_CURVE('',#888,#896,#898,.T.);
#896 = VERTEX_POINT('',#897);
#897 = CARTESIAN_POINT('',(23.,-44.,0.));
#898 = LINE('',#899,#900);
#899 = CARTESIAN_POINT('',(23.,-44.,-9.25));
#900 = VECTOR('',#901,1.);
#901 = DIRECTION('',(0.,0.,1.));
#902 = ORIENTED_EDGE('',*,*,#903,.T.);
#903 = EDGE_CURVE('',#896,#838,#904,.T.);
#904 = LINE('',#905,#906);
#905 = CARTESIAN_POINT('',(23.,-50.,0.));
#906 = VECTOR('',#907,1.);
#907 = DIRECTION('',(0.,1.,0.));
#908 = PLANE('',#909);
#909 = AXIS2_PLACEMENT_3D('',#910,#911,#912);
#910 = CARTESIAN_POINT('',(23.,-25.60980810234,-5.24973347548));
#911 = DIRECTION('',(1.,0.,0.));
#912 = DIRECTION('',(0.,0.,1.));
#913 = ADVANCED_FACE('',(#914),#932,.T.);
#914 = FACE_BOUND('',#915,.T.);
#915 = EDGE_LOOP('',(#916,#917,#925,#931));
#916 = ORIENTED_EDGE('',*,*,#584,.T.);
#917 = ORIENTED_EDGE('',*,*,#918,.T.);
#918 = EDGE_CURVE('',#577,#919,#921,.T.);
#919 = VERTEX_POINT('',#920);
#920 = CARTESIAN_POINT('',(-23.,-50.,-17.25));
#921 = LINE('',#922,#923);
#922 = CARTESIAN_POINT('',(-23.,-50.,-9.25));
#923 = VECTOR('',#924,1.);
#924 = DIRECTION('',(0.,0.,-1.));
#925 = ORIENTED_EDGE('',*,*,#926,.T.);
#926 = EDGE_CURVE('',#919,#864,#927,.T.);
#927 = LINE('',#928,#929);
#928 = CARTESIAN_POINT('',(-23.,-50.,-17.25));
#929 = VECTOR('',#930,1.);
#930 = DIRECTION('',(1.,0.,0.));
#931 = ORIENTED_EDGE('',*,*,#863,.T.);
#932 = PLANE('',#933);
#933 = AXIS2_PLACEMENT_3D('',#934,#935,#936);
#934 = CARTESIAN_POINT('',(0.,-50.,-5.625));
#935 = DIRECTION('',(-0.,-1.,-0.));
#936 = DIRECTION('',(0.,0.,-1.));
#937 = ADVANCED_FACE('',(#938),#988,.T.);
#938 = FACE_BOUND('',#939,.T.);
#939 = EDGE_LOOP('',(#940,#941,#949,#957,#965,#973,#981,#987));
#940 = ORIENTED_EDGE('',*,*,#576,.T.);
#941 = ORIENTED_EDGE('',*,*,#942,.T.);
#942 = EDGE_CURVE('',#569,#943,#945,.T.);
#943 = VERTEX_POINT('',#944);
#944 = CARTESIAN_POINT('',(-23.,0.,0.));
#945 = LINE('',#946,#947);
#946 = CARTESIAN_POINT('',(-23.,0.,6.));
#947 = VECTOR('',#948,1.);
#948 = DIRECTION('',(0.,0.,-1.));
#949 = ORIENTED_EDGE('',*,*,#950,.T.);
#950 = EDGE_CURVE('',#943,#951,#953,.T.);
#951 = VERTEX_POINT('',#952);
#952 = CARTESIAN_POINT('',(-23.,-44.,0.));
#953 = LINE('',#954,#955);
#954 = CARTESIAN_POINT('',(-23.,0.,0.));
#955 = VECTOR('',#956,1.);
#956 = DIRECTION('',(0.,-1.,0.));
#957 = ORIENTED_EDGE('',*,*,#958,.F.);
#958 = EDGE_CURVE('',#959,#951,#961,.T.);
#959 = VERTEX_POINT('',#960);
#960 = CARTESIAN_POINT('',(-23.,-44.,-9.25));
#961 = LINE('',#962,#963);
#962 = CARTESIAN_POINT('',(-23.,-44.,-9.25));
#963 = VECTOR('',#964,1.);
#964 = DIRECTION('',(0.,0.,1.));
#965 = ORIENTED_EDGE('',*,*,#966,.T.);
#966 = EDGE_CURVE('',#959,#967,#969,.T.);
#967 = VERTEX_POINT('',#968);
#968 = CARTESIAN_POINT('',(-23.,0.,-9.25));
#969 = LINE('',#970,#971);
#970 = CARTESIAN_POINT('',(-23.,-50.,-9.25));
#971 = VECTOR('',#972,1.);
#972 = DIRECTION('',(0.,1.,0.));
#973 = ORIENTED_EDGE('',*,*,#974,.T.);
#974 = EDGE_CURVE('',#967,#975,#977,.T.);
#975 = VERTEX_POINT('',#976);
#976 = CARTESIAN_POINT('',(-23.,0.,-17.25));
#977 = LINE('',#978,#979);
#978 = CARTESIAN_POINT('',(-23.,0.,-9.25));
#979 = VECTOR('',#980,1.);
#980 = DIRECTION('',(0.,0.,-1.));
#981 = ORIENTED_EDGE('',*,*,#982,.T.);
#982 = EDGE_CURVE('',#975,#919,#983,.T.);
#983 = LINE('',#984,#985);
#984 = CARTESIAN_POINT('',(-23.,0.,-17.25));
#985 = VECTOR('',#986,1.);
#986 = DIRECTION('',(0.,-1.,0.));
#987 = ORIENTED_EDGE('',*,*,#918,.F.);
#988 = PLANE('',#989);
#989 = AXIS2_PLACEMENT_3D('',#990,#991,#992);
#990 = CARTESIAN_POINT('',(-23.,-25.60980810234,-5.24973347548));
#991 = DIRECTION('',(-1.,-0.,-0.));
#992 = DIRECTION('',(0.,0.,-1.));
#993 = ADVANCED_FACE('',(#994),#1012,.T.);
#994 = FACE_BOUND('',#995,.T.);
#995 = EDGE_LOOP('',(#996,#1004,#1010,#1011));
#996 = ORIENTED_EDGE('',*,*,#997,.F.);
#997 = EDGE_CURVE('',#998,#561,#1000,.T.);
#998 = VERTEX_POINT('',#999);
#999 = CARTESIAN_POINT('',(-22.99751281738,0.199445530772,0.));
#1000 = LINE('',#1001,#1002);
#1001 = CARTESIAN_POINT('',(-22.99751281738,0.199445530772,0.));
#1002 = VECTOR('',#1003,1.);
#1003 = DIRECTION('',(0.,0.,1.));
#1004 = ORIENTED_EDGE('',*,*,#1005,.T.);
#1005 = EDGE_CURVE('',#998,#943,#1006,.T.);
#1006 = LINE('',#1007,#1008);
#1007 = CARTESIAN_POINT('',(-22.99751281738,0.199445530772,0.));
#1008 = VECTOR('',#1009,1.);
#1009 = DIRECTION('',(-1.246951604021E-02,-0.999922252563,0.));
#1010 = ORIENTED_EDGE('',*,*,#942,.F.);
#1011 = ORIENTED_EDGE('',*,*,#568,.F.);
#1012 = PLANE('',#1013);
#1013 = AXIS2_PLACEMENT_3D('',#1014,#1015,#1016);
#1014 = CARTESIAN_POINT('',(-22.99875640869,9.97227653861E-02,3.));
#1015 = DIRECTION('',(-0.999922252563,1.246951604021E-02,0.));
#1016 = DIRECTION('',(-1.246951604021E-02,-0.999922252563,0.));
#1017 = ADVANCED_FACE('',(#1018),#1036,.T.);
#1018 = FACE_BOUND('',#1019,.T.);
#1019 = EDGE_LOOP('',(#1020,#1028,#1029,#1030));
#1020 = ORIENTED_EDGE('',*,*,#1021,.F.);
#1021 = EDGE_CURVE('',#998,#1022,#1024,.T.);
#1022 = VERTEX_POINT('',#1023);
#1023 = CARTESIAN_POINT('',(-22.97763061523,0.597840726376,0.));
#1024 = LINE('',#1025,#1026);
#1025 = CARTESIAN_POINT('',(-22.99751281738,0.199445530772,0.));
#1026 = VECTOR('',#1027,1.);
#1027 = DIRECTION('',(4.984369640066E-02,0.998757030478,0.));
#1028 = ORIENTED_EDGE('',*,*,#997,.T.);
#1029 = ORIENTED_EDGE('',*,*,#560,.T.);
#1030 = ORIENTED_EDGE('',*,*,#1031,.T.);
#1031 = EDGE_CURVE('',#553,#1022,#1032,.T.);
#1032 = LINE('',#1033,#1034);
#1033 = CARTESIAN_POINT('',(-22.97763061523,0.597840726376,6.));
#1034 = VECTOR('',#1035,1.);
#1035 = DIRECTION('',(0.,0.,-1.));
#1036 = PLANE('',#1037);
#1037 = AXIS2_PLACEMENT_3D('',#1038,#1039,#1040);
#1038 = CARTESIAN_POINT('',(-22.9875717163,0.398643128574,3.));
#1039 = DIRECTION('',(-0.998757030478,4.984369640066E-02,0.));
#1040 = DIRECTION('',(-4.984369640066E-02,-0.998757030478,0.));
#1041 = ADVANCED_FACE('',(#1042),#1060,.T.);
#1042 = FACE_BOUND('',#1043,.T.);
#1043 = EDGE_LOOP('',(#1044,#1052,#1053,#1054));
#1044 = ORIENTED_EDGE('',*,*,#1045,.T.);
#1045 = EDGE_CURVE('',#1046,#1022,#1048,.T.);
#1046 = VERTEX_POINT('',#1047);
#1047 = CARTESIAN_POINT('',(-22.93791389465,0.99474966526,0.));
#1048 = LINE('',#1049,#1050);
#1049 = CARTESIAN_POINT('',(-22.93791389465,0.99474966526,0.));
#1050 = VECTOR('',#1051,1.);
#1051 = DIRECTION('',(-9.956782398413E-02,-0.995030777628,0.));
#1052 = ORIENTED_EDGE('',*,*,#1031,.F.);
#1053 = ORIENTED_EDGE('',*,*,#552,.T.);
#1054 = ORIENTED_EDGE('',*,*,#1055,.F.);
#1055 = EDGE_CURVE('',#1046,#545,#1056,.T.);
#1056 = LINE('',#1057,#1058);
#1057 = CARTESIAN_POINT('',(-22.93791389465,0.99474966526,0.));
#1058 = VECTOR('',#1059,1.);
#1059 = DIRECTION('',(0.,0.,1.));
#1060 = PLANE('',#1061);
#1061 = AXIS2_PLACEMENT_3D('',#1062,#1063,#1064);
#1062 = CARTESIAN_POINT('',(-22.95777225494,0.796295195818,3.));
#1063 = DIRECTION('',(-0.995030777628,9.956782398413E-02,0.));
#1064 = DIRECTION('',(-9.956782398413E-02,-0.995030777628,0.));
#1065 = ADVANCED_FACE('',(#1066),#1084,.T.);
#1066 = FACE_BOUND('',#1067,.T.);
#1067 = EDGE_LOOP('',(#1068,#1076,#1082,#1083));
#1068 = ORIENTED_EDGE('',*,*,#1069,.F.);
#1069 = EDGE_CURVE('',#1070,#537,#1072,.T.);
#1070 = VERTEX_POINT('',#1071);
#1071 = CARTESIAN_POINT('',(-22.87846183776,1.389185428619,0.));
#1072 = LINE('',#1073,#1074);
#1073 = CARTESIAN_POINT('',(-22.87846183776,1.389185428619,0.));
#1074 = VECTOR('',#1075,1.);
#1075 = DIRECTION('',(0.,0.,1.));
#1076 = ORIENTED_EDGE('',*,*,#1077,.T.);
#1077 = EDGE_CURVE('',#1070,#1046,#1078,.T.);
#1078 = LINE('',#1079,#1080);
#1079 = CARTESIAN_POINT('',(-22.87846183776,1.389185428619,0.));
#1080 = VECTOR('',#1081,1.);
#1081 = DIRECTION('',(-0.149043323443,-0.988830666867,0.));
#1082 = ORIENTED_EDGE('',*,*,#1055,.T.);
#1083 = ORIENTED_EDGE('',*,*,#544,.T.);
#1084 = PLANE('',#1085);
#1085 = AXIS2_PLACEMENT_3D('',#1086,#1087,#1088);
#1086 = CARTESIAN_POINT('',(-22.90818786621,1.19196754694,3.));
#1087 = DIRECTION('',(-0.988830666867,0.149043323443,0.));
#1088 = DIRECTION('',(-0.149043323443,-0.988830666867,0.));
#1089 = ADVANCED_FACE('',(#1090),#1108,.T.);
#1090 = FACE_BOUND('',#1091,.T.);
#1091 = EDGE_LOOP('',(#1092,#1093,#1094,#1102));
#1092 = ORIENTED_EDGE('',*,*,#1069,.T.);
#1093 = ORIENTED_EDGE('',*,*,#536,.T.);
#1094 = ORIENTED_EDGE('',*,*,#1095,.F.);
#1095 = EDGE_CURVE('',#1096,#529,#1098,.T.);
#1096 = VERTEX_POINT('',#1097);
#1097 = CARTESIAN_POINT('',(-22.79942321777,1.780167460442,0.));
#1098 = LINE('',#1099,#1100);
#1099 = CARTESIAN_POINT('',(-22.79942321777,1.780167460442,0.));
#1100 = VECTOR('',#1101,1.);
#1101 = DIRECTION('',(0.,0.,1.));
#1102 = ORIENTED_EDGE('',*,*,#1103,.T.);
#1103 = EDGE_CURVE('',#1096,#1070,#1104,.T.);
#1104 = LINE('',#1105,#1106);
#1105 = CARTESIAN_POINT('',(-22.79942321777,1.780167460442,0.));
#1106 = VECTOR('',#1107,1.);
#1107 = DIRECTION('',(-0.198145895339,-0.980172537954,0.));
#1108 = PLANE('',#1109);
#1109 = AXIS2_PLACEMENT_3D('',#1110,#1111,#1112);
#1110 = CARTESIAN_POINT('',(-22.83894252777,1.58467644453,3.));
#1111 = DIRECTION('',(-0.980172537954,0.198145895339,0.));
#1112 = DIRECTION('',(-0.198145895339,-0.980172537954,0.));
#1113 = ADVANCED_FACE('',(#1114),#1132,.T.);
#1114 = FACE_BOUND('',#1115,.T.);
#1115 = EDGE_LOOP('',(#1116,#1124,#1130,#1131));
#1116 = ORIENTED_EDGE('',*,*,#1117,.T.);
#1117 = EDGE_CURVE('',#521,#1118,#1120,.T.);
#1118 = VERTEX_POINT('',#1119);
#1119 = CARTESIAN_POINT('',(-22.70099449157,2.16672372818,0.));
#1120 = LINE('',#1121,#1122);
#1121 = CARTESIAN_POINT('',(-22.70099449157,2.16672372818,6.));
#1122 = VECTOR('',#1123,1.);
#1123 = DIRECTION('',(0.,0.,-1.));
#1124 = ORIENTED_EDGE('',*,*,#1125,.T.);
#1125 = EDGE_CURVE('',#1118,#1096,#1126,.T.);
#1126 = LINE('',#1127,#1128);
#1127 = CARTESIAN_POINT('',(-22.70099449157,2.16672372818,0.));
#1128 = VECTOR('',#1129,1.);
#1129 = DIRECTION('',(-0.246755998779,-0.969077642435,0.));
#1130 = ORIENTED_EDGE('',*,*,#1095,.T.);
#1131 = ORIENTED_EDGE('',*,*,#528,.T.);
#1132 = PLANE('',#1133);
#1133 = AXIS2_PLACEMENT_3D('',#1134,#1135,#1136);
#1134 = CARTESIAN_POINT('',(-22.75020885467,1.973445594311,3.));
#1135 = DIRECTION('',(-0.969077642435,0.246755998779,0.));
#1136 = DIRECTION('',(-0.246755998779,-0.969077642435,0.));
#1137 = ADVANCED_FACE('',(#1138),#1156,.T.);
#1138 = FACE_BOUND('',#1139,.T.);
#1139 = EDGE_LOOP('',(#1140,#1141,#1142,#1150));
#1140 = ORIENTED_EDGE('',*,*,#1117,.F.);
#1141 = ORIENTED_EDGE('',*,*,#520,.F.);
#1142 = ORIENTED_EDGE('',*,*,#1143,.F.);
#1143 = EDGE_CURVE('',#1144,#513,#1146,.T.);
#1144 = VERTEX_POINT('',#1145);
#1145 = CARTESIAN_POINT('',(-22.58341789245,2.547893285751,0.));
#1146 = LINE('',#1147,#1148);
#1147 = CARTESIAN_POINT('',(-22.58341789245,2.547893285751,0.));
#1148 = VECTOR('',#1149,1.);
#1149 = DIRECTION('',(0.,0.,1.));
#1150 = ORIENTED_EDGE('',*,*,#1151,.T.);
#1151 = EDGE_CURVE('',#1144,#1118,#1152,.T.);
#1152 = LINE('',#1153,#1154);
#1153 = CARTESIAN_POINT('',(-22.58341789245,2.547893285751,0.));
#1154 = VECTOR('',#1155,1.);
#1155 = DIRECTION('',(-0.294758291753,-0.955571844208,0.));
#1156 = PLANE('',#1157);
#1157 = AXIS2_PLACEMENT_3D('',#1158,#1159,#1160);
#1158 = CARTESIAN_POINT('',(-22.64220619201,2.357308506966,3.));
#1159 = DIRECTION('',(-0.955571844208,0.294758291753,0.));
#1160 = DIRECTION('',(-0.294758291753,-0.955571844208,0.));
#1161 = ADVANCED_FACE('',(#1162),#1180,.T.);
#1162 = FACE_BOUND('',#1163,.T.);
#1163 = EDGE_LOOP('',(#1164,#1172,#1178,#1179));
#1164 = ORIENTED_EDGE('',*,*,#1165,.T.);
#1165 = EDGE_CURVE('',#505,#1166,#1168,.T.);
#1166 = VERTEX_POINT('',#1167);
#1167 = CARTESIAN_POINT('',(-22.44698905944,2.922728300095,0.));
#1168 = LINE('',#1169,#1170);
#1169 = CARTESIAN_POINT('',(-22.44698905944,2.922728300095,6.));
#1170 = VECTOR('',#1171,1.);
#1171 = DIRECTION('',(0.,0.,-1.));
#1172 = ORIENTED_EDGE('',*,*,#1173,.F.);
#1173 = EDGE_CURVE('',#1144,#1166,#1174,.T.);
#1174 = LINE('',#1175,#1176);
#1175 = CARTESIAN_POINT('',(-22.58341789245,2.547893285751,0.));
#1176 = VECTOR('',#1177,1.);
#1177 = DIRECTION('',(0.342020243,0.939692584508,0.));
#1178 = ORIENTED_EDGE('',*,*,#1143,.T.);
#1179 = ORIENTED_EDGE('',*,*,#512,.T.);
#1180 = PLANE('',#1181);
#1181 = AXIS2_PLACEMENT_3D('',#1182,#1183,#1184);
#1182 = CARTESIAN_POINT('',(-22.51520347595,2.735310792923,3.));
#1183 = DIRECTION('',(-0.939692584508,0.342020243,0.));
#1184 = DIRECTION('',(-0.342020243,-0.939692584508,0.));
#1185 = ADVANCED_FACE('',(#1186),#1204,.T.);
#1186 = FACE_BOUND('',#1187,.T.);
#1187 = EDGE_LOOP('',(#1188,#1189,#1190,#1198));
#1188 = ORIENTED_EDGE('',*,*,#1165,.F.);
#1189 = ORIENTED_EDGE('',*,*,#504,.T.);
#1190 = ORIENTED_EDGE('',*,*,#1191,.F.);
#1191 = EDGE_CURVE('',#1192,#497,#1194,.T.);
#1192 = VERTEX_POINT('',#1193);
#1193 = CARTESIAN_POINT('',(-22.29204750061,3.290296792984,0.));
#1194 = LINE('',#1195,#1196);
#1195 = CARTESIAN_POINT('',(-22.29204750061,3.290296792984,0.));
#1196 = VECTOR('',#1197,1.);
#1197 = DIRECTION('',(0.,0.,1.));
#1198 = ORIENTED_EDGE('',*,*,#1199,.T.);
#1199 = EDGE_CURVE('',#1192,#1166,#1200,.T.);
#1200 = LINE('',#1201,#1202);
#1201 = CARTESIAN_POINT('',(-22.29204750061,3.290296792984,0.));
#1202 = VECTOR('',#1203,1.);
#1203 = DIRECTION('',(-0.388431488318,-0.921477606284,0.));
#1204 = PLANE('',#1205);
#1205 = AXIS2_PLACEMENT_3D('',#1206,#1207,#1208);
#1206 = CARTESIAN_POINT('',(-22.36951828002,3.106512546539,3.));
#1207 = DIRECTION('',(-0.921477606284,0.388431488318,0.));
#1208 = DIRECTION('',(-0.388431488318,-0.921477606284,0.));
#1209 = ADVANCED_FACE('',(#1210),#1228,.T.);
#1210 = FACE_BOUND('',#1211,.T.);
#1211 = EDGE_LOOP('',(#1212,#1220,#1221,#1222));
#1212 = ORIENTED_EDGE('',*,*,#1213,.F.);
#1213 = EDGE_CURVE('',#1192,#1214,#1216,.T.);
#1214 = VERTEX_POINT('',#1215);
#1215 = CARTESIAN_POINT('',(-22.11897468566,3.649685144424,0.));
#1216 = LINE('',#1217,#1218);
#1217 = CARTESIAN_POINT('',(-22.29204750061,3.290296792984,0.));
#1218 = VECTOR('',#1219,1.);
#1219 = DIRECTION('',(0.433884770035,0.900968371438,0.));
#1220 = ORIENTED_EDGE('',*,*,#1191,.T.);
#1221 = ORIENTED_EDGE('',*,*,#496,.T.);
#1222 = ORIENTED_EDGE('',*,*,#1223,.F.);
#1223 = EDGE_CURVE('',#1214,#489,#1224,.T.);
#1224 = LINE('',#1225,#1226);
#1225 = CARTESIAN_POINT('',(-22.11897468566,3.649685144424,0.));
#1226 = VECTOR('',#1227,1.);
#1227 = DIRECTION('',(0.,0.,1.));
#1228 = PLANE('',#1229);
#1229 = AXIS2_PLACEMENT_3D('',#1230,#1231,#1232);
#1230 = CARTESIAN_POINT('',(-22.20551109314,3.469990968704,3.));
#1231 = DIRECTION('',(-0.900968371438,0.433884770035,0.));
#1232 = DIRECTION('',(-0.433884770035,-0.900968371438,0.));
#1233 = ADVANCED_FACE('',(#1234),#1252,.T.);
#1234 = FACE_BOUND('',#1235,.T.);
#1235 = EDGE_LOOP('',(#1236,#1244,#1245,#1246));
#1236 = ORIENTED_EDGE('',*,*,#1237,.F.);
#1237 = EDGE_CURVE('',#1214,#1238,#1240,.T.);
#1238 = VERTEX_POINT('',#1239);
#1239 = CARTESIAN_POINT('',(-21.92820358276,4.,0.));
#1240 = LINE('',#1241,#1242);
#1241 = CARTESIAN_POINT('',(-22.11897468566,3.649685144424,0.));
#1242 = VECTOR('',#1243,1.);
#1243 = DIRECTION('',(0.478253592666,0.87822178355,0.));
#1244 = ORIENTED_EDGE('',*,*,#1223,.T.);
#1245 = ORIENTED_EDGE('',*,*,#488,.T.);
#1246 = ORIENTED_EDGE('',*,*,#1247,.F.);
#1247 = EDGE_CURVE('',#1238,#481,#1248,.T.);
#1248 = LINE('',#1249,#1250);
#1249 = CARTESIAN_POINT('',(-21.92820358276,4.,0.));
#1250 = VECTOR('',#1251,1.);
#1251 = DIRECTION('',(0.,0.,1.));
#1252 = PLANE('',#1253);
#1253 = AXIS2_PLACEMENT_3D('',#1254,#1255,#1256);
#1254 = CARTESIAN_POINT('',(-22.02358913421,3.824842572212,3.));
#1255 = DIRECTION('',(-0.87822178355,0.478253592666,0.));
#1256 = DIRECTION('',(-0.478253592666,-0.87822178355,0.));
#1257 = ADVANCED_FACE('',(#1258),#1276,.T.);
#1258 = FACE_BOUND('',#1259,.T.);
#1259 = EDGE_LOOP('',(#1260,#1268,#1274,#1275));
#1260 = ORIENTED_EDGE('',*,*,#1261,.T.);
#1261 = EDGE_CURVE('',#473,#1262,#1264,.T.);
#1262 = VERTEX_POINT('',#1263);
#1263 = CARTESIAN_POINT('',(-21.72020721435,4.340370178223,0.));
#1264 = LINE('',#1265,#1266);
#1265 = CARTESIAN_POINT('',(-21.72020721435,4.340370178223,6.));
#1266 = VECTOR('',#1267,1.);
#1267 = DIRECTION('',(0.,0.,-1.));
#1268 = ORIENTED_EDGE('',*,*,#1269,.T.);
#1269 = EDGE_CURVE('',#1262,#1238,#1270,.T.);
#1270 = LINE('',#1271,#1272);
#1271 = CARTESIAN_POINT('',(-21.72020721435,4.340370178223,0.));
#1272 = VECTOR('',#1273,1.);
#1273 = DIRECTION('',(-0.521436083577,-0.853290343754,0.));
#1274 = ORIENTED_EDGE('',*,*,#1247,.T.);
#1275 = ORIENTED_EDGE('',*,*,#480,.T.);
#1276 = PLANE('',#1277);
#1277 = AXIS2_PLACEMENT_3D('',#1278,#1279,#1280);
#1278 = CARTESIAN_POINT('',(-21.82420539856,4.170185089111,3.));
#1279 = DIRECTION('',(-0.853290343754,0.521436083577,0.));
#1280 = DIRECTION('',(-0.521436083577,-0.853290343754,0.));
#1281 = ADVANCED_FACE('',(#1282),#1300,.T.);
#1282 = FACE_BOUND('',#1283,.T.);
#1283 = EDGE_LOOP('',(#1284,#1292,#1298,#1299));
#1284 = ORIENTED_EDGE('',*,*,#1285,.F.);
#1285 = EDGE_CURVE('',#1286,#465,#1288,.T.);
#1286 = VERTEX_POINT('',#1287);
#1287 = CARTESIAN_POINT('',(-21.49550437927,4.669949531555,0.));
#1288 = LINE('',#1289,#1290);
#1289 = CARTESIAN_POINT('',(-21.49550437927,4.669949531555,0.));
#1290 = VECTOR('',#1291,1.);
#1291 = DIRECTION('',(0.,0.,1.));
#1292 = ORIENTED_EDGE('',*,*,#1293,.T.);
#1293 = EDGE_CURVE('',#1286,#1262,#1294,.T.);
#1294 = LINE('',#1295,#1296);
#1295 = CARTESIAN_POINT('',(-21.49550437927,4.669949531555,0.));
#1296 = VECTOR('',#1297,1.);
#1297 = DIRECTION('',(-0.563319094037,-0.826239431577,0.));
#1298 = ORIENTED_EDGE('',*,*,#1261,.F.);
#1299 = ORIENTED_EDGE('',*,*,#472,.T.);
#1300 = PLANE('',#1301);
#1301 = AXIS2_PLACEMENT_3D('',#1302,#1303,#1304);
#1302 = CARTESIAN_POINT('',(-21.60785579681,4.505159854889,3.));
#1303 = DIRECTION('',(-0.826239431577,0.563319094037,0.));
#1304 = DIRECTION('',(-0.563319094037,-0.826239431577,0.));
#1305 = ADVANCED_FACE('',(#1306),#1324,.T.);
#1306 = FACE_BOUND('',#1307,.T.);
#1307 = EDGE_LOOP('',(#1308,#1309,#1310,#1318));
#1308 = ORIENTED_EDGE('',*,*,#1285,.T.);
#1309 = ORIENTED_EDGE('',*,*,#464,.F.);
#1310 = ORIENTED_EDGE('',*,*,#1311,.F.);
#1311 = EDGE_CURVE('',#1312,#457,#1314,.T.);
#1312 = VERTEX_POINT('',#1313);
#1313 = CARTESIAN_POINT('',(-21.25465202331,4.987918376923,0.));
#1314 = LINE('',#1315,#1316);
#1315 = CARTESIAN_POINT('',(-21.25465202331,4.987918376923,0.));
#1316 = VECTOR('',#1317,1.);
#1317 = DIRECTION('',(0.,0.,1.));
#1318 = ORIENTED_EDGE('',*,*,#1319,.T.);
#1319 = EDGE_CURVE('',#1312,#1286,#1320,.T.);
#1320 = LINE('',#1321,#1322);
#1321 = CARTESIAN_POINT('',(-21.25465202331,4.987918376923,0.));
#1322 = VECTOR('',#1323,1.);
#1323 = DIRECTION('',(-0.603804912308,-0.797132126986,0.));
#1324 = PLANE('',#1325);
#1325 = AXIS2_PLACEMENT_3D('',#1326,#1327,#1328);
#1326 = CARTESIAN_POINT('',(-21.37507820129,4.828933954239,3.));
#1327 = DIRECTION('',(-0.797132126986,0.603804912308,0.));
#1328 = DIRECTION('',(-0.603804912308,-0.797132126986,0.));
#1329 = ADVANCED_FACE('',(#1330),#1348,.T.);
#1330 = FACE_BOUND('',#1331,.T.);
#1331 = EDGE_LOOP('',(#1332,#1340,#1341,#1342));
#1332 = ORIENTED_EDGE('',*,*,#1333,.T.);
#1333 = EDGE_CURVE('',#1334,#1312,#1336,.T.);
#1334 = VERTEX_POINT('',#1335);
#1335 = CARTESIAN_POINT('',(-20.99824905395,5.293486595154,0.));
#1336 = LINE('',#1337,#1338);
#1337 = CARTESIAN_POINT('',(-20.99824905395,5.293486595154,0.));
#1338 = VECTOR('',#1339,1.);
#1339 = DIRECTION('',(-0.642788772095,-0.766043467741,0.));
#1340 = ORIENTED_EDGE('',*,*,#1311,.T.);
#1341 = ORIENTED_EDGE('',*,*,#456,.T.);
#1342 = ORIENTED_EDGE('',*,*,#1343,.F.);
#1343 = EDGE_CURVE('',#1334,#449,#1344,.T.);
#1344 = LINE('',#1345,#1346);
#1345 = CARTESIAN_POINT('',(-20.99824905395,5.293486595154,0.));
#1346 = VECTOR('',#1347,1.);
#1347 = DIRECTION('',(0.,0.,1.));
#1348 = PLANE('',#1349);
#1349 = AXIS2_PLACEMENT_3D('',#1350,#1351,#1352);
#1350 = CARTESIAN_POINT('',(-21.12645053863,5.140702486038,3.));
#1351 = DIRECTION('',(-0.766043467741,0.642788772095,0.));
#1352 = DIRECTION('',(-0.642788772095,-0.766043467741,0.));
#1353 = ADVANCED_FACE('',(#1354),#1372,.T.);
#1354 = FACE_BOUND('',#1355,.T.);
#1355 = EDGE_LOOP('',(#1356,#1364,#1370,#1371));
#1356 = ORIENTED_EDGE('',*,*,#1357,.F.);
#1357 = EDGE_CURVE('',#1358,#441,#1360,.T.);
#1358 = VERTEX_POINT('',#1359);
#1359 = CARTESIAN_POINT('',(-20.72693443298,5.585894584656,0.));
#1360 = LINE('',#1361,#1362);
#1361 = CARTESIAN_POINT('',(-20.72693443298,5.585894584656,0.));
#1362 = VECTOR('',#1363,1.);
#1363 = DIRECTION('',(0.,0.,1.));
#1364 = ORIENTED_EDGE('',*,*,#1365,.T.);
#1365 = EDGE_CURVE('',#1358,#1334,#1366,.T.);
#1366 = LINE('',#1367,#1368);
#1367 = CARTESIAN_POINT('',(-20.72693443298,5.585894584656,0.));
#1368 = VECTOR('',#1369,1.);
#1369 = DIRECTION('',(-0.68017227465,-0.733052301543,0.));
#1370 = ORIENTED_EDGE('',*,*,#1343,.T.);
#1371 = ORIENTED_EDGE('',*,*,#448,.F.);
#1372 = PLANE('',#1373);
#1373 = AXIS2_PLACEMENT_3D('',#1374,#1375,#1376);
#1374 = CARTESIAN_POINT('',(-20.86259174346,5.439690589905,3.));
#1375 = DIRECTION('',(-0.733052301543,0.68017227465,0.));
#1376 = DIRECTION('',(-0.68017227465,-0.733052301543,0.));
#1377 = ADVANCED_FACE('',(#1378),#1396,.T.);
#1378 = FACE_BOUND('',#1379,.T.);
#1379 = EDGE_LOOP('',(#1380,#1381,#1389,#1395));
#1380 = ORIENTED_EDGE('',*,*,#440,.T.);
#1381 = ORIENTED_EDGE('',*,*,#1382,.F.);
#1382 = EDGE_CURVE('',#1383,#433,#1385,.T.);
#1383 = VERTEX_POINT('',#1384);
#1384 = CARTESIAN_POINT('',(-20.44138145446,5.864415168762,0.));
#1385 = LINE('',#1386,#1387);
#1386 = CARTESIAN_POINT('',(-20.44138145446,5.864415168762,0.));
#1387 = VECTOR('',#1388,1.);
#1388 = DIRECTION('',(0.,0.,1.));
#1389 = ORIENTED_EDGE('',*,*,#1390,.T.);
#1390 = EDGE_CURVE('',#1383,#1358,#1391,.T.);
#1391 = LINE('',#1392,#1393);
#1392 = CARTESIAN_POINT('',(-20.44138145446,5.864415168762,0.));
#1393 = VECTOR('',#1394,1.);
#1394 = DIRECTION('',(-0.71586676194,-0.698236907611,0.));
#1395 = ORIENTED_EDGE('',*,*,#1357,.T.);
#1396 = PLANE('',#1397);
#1397 = AXIS2_PLACEMENT_3D('',#1398,#1399,#1400);
#1398 = CARTESIAN_POINT('',(-20.58415794372,5.725154876709,3.));
#1399 = DIRECTION('',(-0.698236907611,0.71586676194,0.));
#1400 = DIRECTION('',(0.71586676194,0.698236907611,0.));
#1401 = ADVANCED_FACE('',(#1402),#1420,.T.);
#1402 = FACE_BOUND('',#1403,.T.);
#1403 = EDGE_LOOP('',(#1404,#1405,#1406,#1414));
#1404 = ORIENTED_EDGE('',*,*,#1382,.T.);
#1405 = ORIENTED_EDGE('',*,*,#432,.T.);
#1406 = ORIENTED_EDGE('',*,*,#1407,.F.);
#1407 = EDGE_CURVE('',#1408,#425,#1410,.T.);
#1408 = VERTEX_POINT('',#1409);
#1409 = CARTESIAN_POINT('',(-20.14230155944,6.128355503082,0.));
#1410 = LINE('',#1411,#1412);
#1411 = CARTESIAN_POINT('',(-20.14230155944,6.128355503082,0.));
#1412 = VECTOR('',#1413,1.);
#1413 = DIRECTION('',(0.,0.,1.));
#1414 = ORIENTED_EDGE('',*,*,#1415,.T.);
#1415 = EDGE_CURVE('',#1408,#1383,#1416,.T.);
#1416 = LINE('',#1417,#1418);
#1417 = CARTESIAN_POINT('',(-20.14230155944,6.128355503082,0.));
#1418 = VECTOR('',#1419,1.);
#1419 = DIRECTION('',(-0.749780256555,-0.661686910011,0.));
#1420 = PLANE('',#1421);
#1421 = AXIS2_PLACEMENT_3D('',#1422,#1423,#1424);
#1422 = CARTESIAN_POINT('',(-20.29184150695,5.996385335922,3.));
#1423 = DIRECTION('',(-0.661686910011,0.749780256555,0.));
#1424 = DIRECTION('',(0.749780256555,0.661686910011,0.));
#1425 = ADVANCED_FACE('',(#1426),#1444,.T.);
#1426 = FACE_BOUND('',#1427,.T.);
#1427 = EDGE_LOOP('',(#1428,#1429,#1437,#1443));
#1428 = ORIENTED_EDGE('',*,*,#424,.T.);
#1429 = ORIENTED_EDGE('',*,*,#1430,.T.);
#1430 = EDGE_CURVE('',#417,#1431,#1433,.T.);
#1431 = VERTEX_POINT('',#1432);
#1432 = CARTESIAN_POINT('',(-19.83043479919,6.377059936523,0.));
#1433 = LINE('',#1434,#1435);
#1434 = CARTESIAN_POINT('',(-19.83043479919,6.377059936523,6.));
#1435 = VECTOR('',#1436,1.);
#1436 = DIRECTION('',(0.,0.,-1.));
#1437 = ORIENTED_EDGE('',*,*,#1438,.T.);
#1438 = EDGE_CURVE('',#1431,#1408,#1439,.T.);
#1439 = LINE('',#1440,#1441);
#1440 = CARTESIAN_POINT('',(-19.83043479919,6.377059936523,0.));
#1441 = VECTOR('',#1442,1.);
#1442 = DIRECTION('',(-0.78183271519,-0.623488256071,0.));
#1443 = ORIENTED_EDGE('',*,*,#1407,.T.);
#1444 = PLANE('',#1445);
#1445 = AXIS2_PLACEMENT_3D('',#1446,#1447,#1448);
#1446 = CARTESIAN_POINT('',(-19.98636817932,6.252707719803,3.));
#1447 = DIRECTION('',(-0.623488256071,0.78183271519,0.));
#1448 = DIRECTION('',(0.78183271519,0.623488256071,0.));
#1449 = ADVANCED_FACE('',(#1450),#1468,.T.);
#1450 = FACE_BOUND('',#1451,.T.);
#1451 = EDGE_LOOP('',(#1452,#1453,#1454,#1462));
#1452 = ORIENTED_EDGE('',*,*,#1430,.F.);
#1453 = ORIENTED_EDGE('',*,*,#416,.T.);
#1454 = ORIENTED_EDGE('',*,*,#1455,.T.);
#1455 = EDGE_CURVE('',#409,#1456,#1458,.T.);
#1456 = VERTEX_POINT('',#1457);
#1457 = CARTESIAN_POINT('',(-19.50656127929,6.609910011292,0.));
#1458 = LINE('',#1459,#1460);
#1459 = CARTESIAN_POINT('',(-19.50656127929,6.609910011292,6.));
#1460 = VECTOR('',#1461,1.);
#1461 = DIRECTION('',(0.,0.,-1.));
#1462 = ORIENTED_EDGE('',*,*,#1463,.T.);
#1463 = EDGE_CURVE('',#1456,#1431,#1464,.T.);
#1464 = LINE('',#1465,#1466);
#1465 = CARTESIAN_POINT('',(-19.50656127929,6.609910011292,0.));
#1466 = VECTOR('',#1467,1.);
#1467 = DIRECTION('',(-0.811936970354,-0.583745112332,0.));
#1468 = PLANE('',#1469);
#1469 = AXIS2_PLACEMENT_3D('',#1470,#1471,#1472);
#1470 = CARTESIAN_POINT('',(-19.66849803924,6.493484973907,3.));
#1471 = DIRECTION('',(-0.583745112332,0.811936970354,0.));
#1472 = DIRECTION('',(0.811936970354,0.583745112332,0.));
#1473 = ADVANCED_FACE('',(#1474),#1492,.T.);
#1474 = FACE_BOUND('',#1475,.T.);
#1475 = EDGE_LOOP('',(#1476,#1484,#1490,#1491));
#1476 = ORIENTED_EDGE('',*,*,#1477,.T.);
#1477 = EDGE_CURVE('',#401,#1478,#1480,.T.);
#1478 = VERTEX_POINT('',#1479);
#1479 = CARTESIAN_POINT('',(-19.17148208618,6.826326847076,0.));
#1480 = LINE('',#1481,#1482);
#1481 = CARTESIAN_POINT('',(-19.17148208618,6.826326847076,6.));
#1482 = VECTOR('',#1483,1.);
#1483 = DIRECTION('',(0.,0.,-1.));
#1484 = ORIENTED_EDGE('',*,*,#1485,.T.);
#1485 = EDGE_CURVE('',#1478,#1456,#1486,.T.);
#1486 = LINE('',#1487,#1488);
#1487 = CARTESIAN_POINT('',(-19.17148208618,6.826326847076,0.));
#1488 = VECTOR('',#1489,1.);
#1489 = DIRECTION('',(-0.840026211579,-0.542545817292,0.));
#1490 = ORIENTED_EDGE('',*,*,#1455,.F.);
#1491 = ORIENTED_EDGE('',*,*,#408,.T.);
#1492 = PLANE('',#1493);
#1493 = AXIS2_PLACEMENT_3D('',#1494,#1495,#1496);
#1494 = CARTESIAN_POINT('',(-19.33902168273,6.718118429184,3.));
#1495 = DIRECTION('',(-0.542545817292,0.840026211579,0.));
#1496 = DIRECTION('',(0.840026211579,0.542545817292,0.));
#1497 = ADVANCED_FACE('',(#1498),#1516,.T.);
#1498 = FACE_BOUND('',#1499,.T.);
#1499 = EDGE_LOOP('',(#1500,#1501,#1502,#1510));
#1500 = ORIENTED_EDGE('',*,*,#1477,.F.);
#1501 = ORIENTED_EDGE('',*,*,#400,.T.);
#1502 = ORIENTED_EDGE('',*,*,#1503,.F.);
#1503 = EDGE_CURVE('',#1504,#393,#1506,.T.);
#1504 = VERTEX_POINT('',#1505);
#1505 = CARTESIAN_POINT('',(-18.82603263855,7.025772571564,0.));
#1506 = LINE('',#1507,#1508);
#1507 = CARTESIAN_POINT('',(-18.82603263855,7.025772571564,0.));
#1508 = VECTOR('',#1509,1.);
#1509 = DIRECTION('',(0.,0.,1.));
#1510 = ORIENTED_EDGE('',*,*,#1511,.T.);
#1511 = EDGE_CURVE('',#1504,#1478,#1512,.T.);
#1512 = LINE('',#1513,#1514);
#1513 = CARTESIAN_POINT('',(-18.82603263855,7.025772571564,0.));
#1514 = VECTOR('',#1515,1.);
#1515 = DIRECTION('',(-0.866024977269,-0.500000738746,0.));
#1516 = PLANE('',#1517);
#1517 = AXIS2_PLACEMENT_3D('',#1518,#1519,#1520);
#1518 = CARTESIAN_POINT('',(-18.99875736236,6.92604970932,3.));
#1519 = DIRECTION('',(-0.500000738746,0.866024977269,0.));
#1520 = DIRECTION('',(0.866024977269,0.500000738746,0.));
#1521 = ADVANCED_FACE('',(#1522),#1540,.T.);
#1522 = FACE_BOUND('',#1523,.T.);
#1523 = EDGE_LOOP('',(#1524,#1525,#1533,#1539));
#1524 = ORIENTED_EDGE('',*,*,#392,.T.);
#1525 = ORIENTED_EDGE('',*,*,#1526,.F.);
#1526 = EDGE_CURVE('',#1527,#385,#1529,.T.);
#1527 = VERTEX_POINT('',#1528);
#1528 = CARTESIAN_POINT('',(-18.47106933593,7.207750797272,0.));
#1529 = LINE('',#1530,#1531);
#1530 = CARTESIAN_POINT('',(-18.47106933593,7.207750797272,0.));
#1531 = VECTOR('',#1532,1.);
#1532 = DIRECTION('',(0.,0.,1.));
#1533 = ORIENTED_EDGE('',*,*,#1534,.T.);
#1534 = EDGE_CURVE('',#1527,#1504,#1535,.T.);
#1535 = LINE('',#1536,#1537);
#1536 = CARTESIAN_POINT('',(-18.47106933593,7.207750797272,0.));
#1537 = VECTOR('',#1538,1.);
#1538 = DIRECTION('',(-0.889872665146,-0.456208987007,0.));
#1539 = ORIENTED_EDGE('',*,*,#1503,.T.);
#1540 = PLANE('',#1541);
#1541 = AXIS2_PLACEMENT_3D('',#1542,#1543,#1544);
#1542 = CARTESIAN_POINT('',(-18.64855098724,7.116761684418,3.));
#1543 = DIRECTION('',(-0.456208987007,0.889872665146,0.));
#1544 = DIRECTION('',(0.889872665146,0.456208987007,0.));
#1545 = ADVANCED_FACE('',(#1546),#1564,.T.);
#1546 = FACE_BOUND('',#1547,.T.);
#1547 = EDGE_LOOP('',(#1548,#1549,#1550,#1558));
#1548 = ORIENTED_EDGE('',*,*,#1526,.T.);
#1549 = ORIENTED_EDGE('',*,*,#384,.T.);
#1550 = ORIENTED_EDGE('',*,*,#1551,.F.);
#1551 = EDGE_CURVE('',#1552,#377,#1554,.T.);
#1552 = VERTEX_POINT('',#1553);
#1553 = CARTESIAN_POINT('',(-18.10747909545,7.371809482574,0.));
#1554 = LINE('',#1555,#1556);
#1555 = CARTESIAN_POINT('',(-18.10747909545,7.371809482574,0.));
#1556 = VECTOR('',#1557,1.);
#1557 = DIRECTION('',(0.,0.,1.));
#1558 = ORIENTED_EDGE('',*,*,#1559,.T.);
#1559 = EDGE_CURVE('',#1552,#1527,#1560,.T.);
#1560 = LINE('',#1561,#1562);
#1561 = CARTESIAN_POINT('',(-18.10747909545,7.371809482574,0.));
#1562 = VECTOR('',#1563,1.);
#1563 = DIRECTION('',(-0.911505362504,-0.411288188654,0.));
#1564 = PLANE('',#1565);
#1565 = AXIS2_PLACEMENT_3D('',#1566,#1567,#1568);
#1566 = CARTESIAN_POINT('',(-18.28927421569,7.289780139923,3.));
#1567 = DIRECTION('',(-0.411288188654,0.911505362504,0.));
#1568 = DIRECTION('',(0.911505362504,0.411288188654,0.));
#1569 = ADVANCED_FACE('',(#1570),#1588,.T.);
#1570 = FACE_BOUND('',#1571,.T.);
#1571 = EDGE_LOOP('',(#1572,#1580,#1586,#1587));
#1572 = ORIENTED_EDGE('',*,*,#1573,.T.);
#1573 = EDGE_CURVE('',#369,#1574,#1576,.T.);
#1574 = VERTEX_POINT('',#1575);
#1575 = CARTESIAN_POINT('',(-17.73616027832,7.517540931702,0.));
#1576 = LINE('',#1577,#1578);
#1577 = CARTESIAN_POINT('',(-17.73616027832,7.517540931702,6.));
#1578 = VECTOR('',#1579,1.);
#1579 = DIRECTION('',(0.,0.,-1.));
#1580 = ORIENTED_EDGE('',*,*,#1581,.F.);
#1581 = EDGE_CURVE('',#1552,#1574,#1582,.T.);
#1582 = LINE('',#1583,#1584);
#1583 = CARTESIAN_POINT('',(-18.10747909545,7.371809482574,0.));
#1584 = VECTOR('',#1585,1.);
#1585 = DIRECTION('',(0.930874130272,0.365340051993,0.));
#1586 = ORIENTED_EDGE('',*,*,#1551,.T.);
#1587 = ORIENTED_EDGE('',*,*,#376,.T.);
#1588 = PLANE('',#1589);
#1589 = AXIS2_PLACEMENT_3D('',#1590,#1591,#1592);
#1590 = CARTESIAN_POINT('',(-17.92181968689,7.444675207138,3.));
#1591 = DIRECTION('',(-0.365340051993,0.930874130272,0.));
#1592 = DIRECTION('',(0.930874130272,0.365340051993,0.));
#1593 = ADVANCED_FACE('',(#1594),#1612,.T.);
#1594 = FACE_BOUND('',#1595,.T.);
#1595 = EDGE_LOOP('',(#1596,#1597,#1605,#1611));
#1596 = ORIENTED_EDGE('',*,*,#368,.T.);
#1597 = ORIENTED_EDGE('',*,*,#1598,.F.);
#1598 = EDGE_CURVE('',#1599,#361,#1601,.T.);
#1599 = VERTEX_POINT('',#1600);
#1600 = CARTESIAN_POINT('',(-17.3580417633,7.644582271576,0.));
#1601 = LINE('',#1602,#1603);
#1602 = CARTESIAN_POINT('',(-17.3580417633,7.644582271576,0.));
#1603 = VECTOR('',#1604,1.);
#1604 = DIRECTION('',(0.,0.,1.));
#1605 = ORIENTED_EDGE('',*,*,#1606,.F.);
#1606 = EDGE_CURVE('',#1574,#1599,#1607,.T.);
#1607 = LINE('',#1608,#1609);
#1608 = CARTESIAN_POINT('',(-17.73616027832,7.517540931702,0.));
#1609 = VECTOR('',#1610,1.);
#1610 = DIRECTION('',(0.947927137844,0.318487270295,0.));
#1611 = ORIENTED_EDGE('',*,*,#1573,.F.);
#1612 = PLANE('',#1613);
#1613 = AXIS2_PLACEMENT_3D('',#1614,#1615,#1616);
#1614 = CARTESIAN_POINT('',(-17.54710102081,7.581061601639,3.));
#1615 = DIRECTION('',(-0.318487270295,0.947927137844,0.));
#1616 = DIRECTION('',(0.947927137844,0.318487270295,0.));
#1617 = ADVANCED_FACE('',(#1618),#1636,.T.);
#1618 = FACE_BOUND('',#1619,.T.);
#1619 = EDGE_LOOP('',(#1620,#1621,#1622,#1630));
#1620 = ORIENTED_EDGE('',*,*,#1598,.T.);
#1621 = ORIENTED_EDGE('',*,*,#360,.T.);
#1622 = ORIENTED_EDGE('',*,*,#1623,.T.);
#1623 = EDGE_CURVE('',#353,#1624,#1626,.T.);
#1624 = VERTEX_POINT('',#1625);
#1625 = CARTESIAN_POINT('',(-16.97406005859,7.752618312836,0.));
#1626 = LINE('',#1627,#1628);
#1627 = CARTESIAN_POINT('',(-16.97406005859,7.752618312836,6.));
#1628 = VECTOR('',#1629,1.);
#1629 = DIRECTION('',(0.,0.,-1.));
#1630 = ORIENTED_EDGE('',*,*,#1631,.T.);
#1631 = EDGE_CURVE('',#1624,#1599,#1632,.T.);
#1632 = LINE('',#1633,#1634);
#1633 = CARTESIAN_POINT('',(-16.97406005859,7.752618312836,0.));
#1634 = VECTOR('',#1635,1.);
#1635 = DIRECTION('',(-0.962624024108,-0.270841260169,0.));
#1636 = PLANE('',#1637);
#1637 = AXIS2_PLACEMENT_3D('',#1638,#1639,#1640);
#1638 = CARTESIAN_POINT('',(-17.16605091095,7.698600292206,3.));
#1639 = DIRECTION('',(-0.270841260169,0.962624024108,0.));
#1640 = DIRECTION('',(0.962624024108,0.270841260169,0.));
#1641 = ADVANCED_FACE('',(#1642),#1660,.T.);
#1642 = FACE_BOUND('',#1643,.T.);
#1643 = EDGE_LOOP('',(#1644,#1652,#1658,#1659));
#1644 = ORIENTED_EDGE('',*,*,#1645,.F.);
#1645 = EDGE_CURVE('',#1646,#345,#1648,.T.);
#1646 = VERTEX_POINT('',#1647);
#1647 = CARTESIAN_POINT('',(-16.5851688385,7.841380119324,0.));
#1648 = LINE('',#1649,#1650);
#1649 = CARTESIAN_POINT('',(-16.5851688385,7.841380119324,0.));
#1650 = VECTOR('',#1651,1.);
#1651 = DIRECTION('',(0.,0.,1.));
#1652 = ORIENTED_EDGE('',*,*,#1653,.T.);
#1653 = EDGE_CURVE('',#1646,#1624,#1654,.T.);
#1654 = LINE('',#1655,#1656);
#1655 = CARTESIAN_POINT('',(-16.5851688385,7.841380119324,0.));
#1656 = VECTOR('',#1657,1.);
#1657 = DIRECTION('',(-0.974927953921,-0.222520751086,0.));
#1658 = ORIENTED_EDGE('',*,*,#1623,.F.);
#1659 = ORIENTED_EDGE('',*,*,#352,.T.);
#1660 = PLANE('',#1661);
#1661 = AXIS2_PLACEMENT_3D('',#1662,#1663,#1664);
#1662 = CARTESIAN_POINT('',(-16.77961444854,7.79699921608,3.));
#1663 = DIRECTION('',(-0.222520751086,0.974927953921,0.));
#1664 = DIRECTION('',(0.974927953921,0.222520751086,0.));
#1665 = ADVANCED_FACE('',(#1666),#1684,.T.);
#1666 = FACE_BOUND('',#1667,.T.);
#1667 = EDGE_LOOP('',(#1668,#1676,#1677,#1678));
#1668 = ORIENTED_EDGE('',*,*,#1669,.T.);
#1669 = EDGE_CURVE('',#1670,#1646,#1672,.T.);
#1670 = VERTEX_POINT('',#1671);
#1671 = CARTESIAN_POINT('',(-16.19233894348,7.910646438599,0.));
#1672 = LINE('',#1673,#1674);
#1673 = CARTESIAN_POINT('',(-16.19233894348,7.910646438599,0.));
#1674 = VECTOR('',#1675,1.);
#1675 = DIRECTION('',(-0.984807834488,-0.173647715596,0.));
#1676 = ORIENTED_EDGE('',*,*,#1645,.T.);
#1677 = ORIENTED_EDGE('',*,*,#344,.T.);
#1678 = ORIENTED_EDGE('',*,*,#1679,.T.);
#1679 = EDGE_CURVE('',#337,#1670,#1680,.T.);
#1680 = LINE('',#1681,#1682);
#1681 = CARTESIAN_POINT('',(-16.19233894348,7.910646438599,6.));
#1682 = VECTOR('',#1683,1.);
#1683 = DIRECTION('',(0.,0.,-1.));
#1684 = PLANE('',#1685);
#1685 = AXIS2_PLACEMENT_3D('',#1686,#1687,#1688);
#1686 = CARTESIAN_POINT('',(-16.38875389099,7.876013278961,3.));
#1687 = DIRECTION('',(-0.173647715596,0.984807834488,0.));
#1688 = DIRECTION('',(0.984807834488,0.173647715596,0.));
#1689 = ADVANCED_FACE('',(#1690),#1708,.T.);
#1690 = FACE_BOUND('',#1691,.T.);
#1691 = EDGE_LOOP('',(#1692,#1700,#1701,#1702));
#1692 = ORIENTED_EDGE('',*,*,#1693,.T.);
#1693 = EDGE_CURVE('',#1694,#1670,#1696,.T.);
#1694 = VERTEX_POINT('',#1695);
#1695 = CARTESIAN_POINT('',(-15.79654312133,7.960246086121,0.));
#1696 = LINE('',#1697,#1698);
#1697 = CARTESIAN_POINT('',(-15.79654312133,7.960246086121,0.));
#1698 = VECTOR('',#1699,1.);
#1699 = DIRECTION('',(-0.992239207817,-0.124343694935,0.));
#1700 = ORIENTED_EDGE('',*,*,#1679,.F.);
#1701 = ORIENTED_EDGE('',*,*,#336,.T.);
#1702 = ORIENTED_EDGE('',*,*,#1703,.T.);
#1703 = EDGE_CURVE('',#329,#1694,#1704,.T.);
#1704 = LINE('',#1705,#1706);
#1705 = CARTESIAN_POINT('',(-15.79654312133,7.960246086121,6.));
#1706 = VECTOR('',#1707,1.);
#1707 = DIRECTION('',(0.,0.,-1.));
#1708 = PLANE('',#1709);
#1709 = AXIS2_PLACEMENT_3D('',#1710,#1711,#1712);
#1710 = CARTESIAN_POINT('',(-15.99444103241,7.93544626236,3.));
#1711 = DIRECTION('',(-0.124343694935,0.992239207817,0.));
#1712 = DIRECTION('',(0.992239207817,0.124343694935,0.));
#1713 = ADVANCED_FACE('',(#1714),#1732,.T.);
#1714 = FACE_BOUND('',#1715,.T.);
#1715 = EDGE_LOOP('',(#1716,#1724,#1730,#1731));
#1716 = ORIENTED_EDGE('',*,*,#1717,.F.);
#1717 = EDGE_CURVE('',#1718,#321,#1720,.T.);
#1718 = VERTEX_POINT('',#1719);
#1719 = CARTESIAN_POINT('',(-15.39876747131,7.990055561066,0.));
#1720 = LINE('',#1721,#1722);
#1721 = CARTESIAN_POINT('',(-15.39876747131,7.990055561066,0.));
#1722 = VECTOR('',#1723,1.);
#1723 = DIRECTION('',(0.,0.,1.));
#1724 = ORIENTED_EDGE('',*,*,#1725,.T.);
#1725 = EDGE_CURVE('',#1718,#1694,#1726,.T.);
#1726 = LINE('',#1727,#1728);
#1727 = CARTESIAN_POINT('',(-15.39876747131,7.990055561066,0.));
#1728 = VECTOR('',#1729,1.);
#1729 = DIRECTION('',(-0.997203739094,-7.473086870406E-02,0.));
#1730 = ORIENTED_EDGE('',*,*,#1703,.F.);
#1731 = ORIENTED_EDGE('',*,*,#328,.T.);
#1732 = PLANE('',#1733);
#1733 = AXIS2_PLACEMENT_3D('',#1734,#1735,#1736);
#1734 = CARTESIAN_POINT('',(-15.59765529632,7.975150823593,3.));
#1735 = DIRECTION('',(-7.473086870406E-02,0.997203739094,0.));
#1736 = DIRECTION('',(0.997203739094,7.473086870406E-02,0.));
#1737 = ADVANCED_FACE('',(#1738),#1756,.T.);
#1738 = FACE_BOUND('',#1739,.T.);
#1739 = EDGE_LOOP('',(#1740,#1741,#1742,#1750));
#1740 = ORIENTED_EDGE('',*,*,#1717,.T.);
#1741 = ORIENTED_EDGE('',*,*,#320,.T.);
#1742 = ORIENTED_EDGE('',*,*,#1743,.F.);
#1743 = EDGE_CURVE('',#1744,#313,#1746,.T.);
#1744 = VERTEX_POINT('',#1745);
#1745 = CARTESIAN_POINT('',(-15.,8.,0.));
#1746 = LINE('',#1747,#1748);
#1747 = CARTESIAN_POINT('',(-15.,8.,0.));
#1748 = VECTOR('',#1749,1.);
#1749 = DIRECTION('',(0.,0.,1.));
#1750 = ORIENTED_EDGE('',*,*,#1751,.T.);
#1751 = EDGE_CURVE('',#1744,#1718,#1752,.T.);
#1752 = LINE('',#1753,#1754);
#1753 = CARTESIAN_POINT('',(-15.,8.,0.));
#1754 = VECTOR('',#1755,1.);
#1755 = DIRECTION('',(-0.999689194556,-2.493018830202E-02,0.));
#1756 = PLANE('',#1757);
#1757 = AXIS2_PLACEMENT_3D('',#1758,#1759,#1760);
#1758 = CARTESIAN_POINT('',(-15.19938373565,7.995027780533,3.));
#1759 = DIRECTION('',(-2.493018830202E-02,0.999689194556,0.));
#1760 = DIRECTION('',(0.999689194556,2.493018830202E-02,0.));
#1761 = ADVANCED_FACE('',(#1762),#1796,.T.);
#1762 = FACE_BOUND('',#1763,.T.);
#1763 = EDGE_LOOP('',(#1764,#1765,#1766,#1774,#1781,#1782,#1790));
#1764 = ORIENTED_EDGE('',*,*,#1743,.T.);
#1765 = ORIENTED_EDGE('',*,*,#312,.T.);
#1766 = ORIENTED_EDGE('',*,*,#1767,.T.);
#1767 = EDGE_CURVE('',#304,#1768,#1770,.T.);
#1768 = VERTEX_POINT('',#1769);
#1769 = CARTESIAN_POINT('',(-3.062257748299,8.,6.));
#1770 = LINE('',#1771,#1772);
#1771 = CARTESIAN_POINT('',(-15.,8.,6.));
#1772 = VECTOR('',#1773,1.);
#1773 = DIRECTION('',(1.,0.,0.));
#1774 = ORIENTED_EDGE('',*,*,#1775,.F.);
#1775 = EDGE_CURVE('',#224,#1768,#1776,.T.);
#1776 = CIRCLE('',#1777,9.);
#1777 = AXIS2_PLACEMENT_3D('',#1778,#1779,#1780);
#1778 = CARTESIAN_POINT('',(5.,8.,10.));
#1779 = DIRECTION('',(-0.,1.,2.22044604925E-16));
#1780 = DIRECTION('',(1.,0.,0.));
#1781 = ORIENTED_EDGE('',*,*,#223,.T.);
#1782 = ORIENTED_EDGE('',*,*,#1783,.F.);
#1783 = EDGE_CURVE('',#1784,#216,#1786,.T.);
#1784 = VERTEX_POINT('',#1785);
#1785 = CARTESIAN_POINT('',(15.,8.,0.));
#1786 = LINE('',#1787,#1788);
#1787 = CARTESIAN_POINT('',(15.,8.,0.));
#1788 = VECTOR('',#1789,1.);
#1789 = DIRECTION('',(0.,0.,1.));
#1790 = ORIENTED_EDGE('',*,*,#1791,.T.);
#1791 = EDGE_CURVE('',#1784,#1744,#1792,.T.);
#1792 = LINE('',#1793,#1794);
#1793 = CARTESIAN_POINT('',(15.,8.,0.));
#1794 = VECTOR('',#1795,1.);
#1795 = DIRECTION('',(-1.,0.,0.));
#1796 = PLANE('',#1797);
#1797 = AXIS2_PLACEMENT_3D('',#1798,#1799,#1800);
#1798 = CARTESIAN_POINT('',(0.225893772376,8.,2.37737503228));
#1799 = DIRECTION('',(0.,1.,0.));
#1800 = DIRECTION('',(0.,0.,1.));
#1801 = ADVANCED_FACE('',(#1802),#1995,.T.);
#1802 = FACE_BOUND('',#1803,.F.);
#1803 = EDGE_LOOP('',(#1804,#1805,#1814,#1831,#1839,#1848,#1915,#1922,
    #1929,#1930));
#1804 = ORIENTED_EDGE('',*,*,#303,.T.);
#1805 = ORIENTED_EDGE('',*,*,#1806,.T.);
#1806 = EDGE_CURVE('',#304,#1807,#1809,.T.);
#1807 = VERTEX_POINT('',#1808);
#1808 = CARTESIAN_POINT('',(-3.062257748299,7.678481748317,6.));
#1809 = CIRCLE('',#1810,6.);
#1810 = AXIS2_PLACEMENT_3D('',#1811,#1812,#1813);
#1811 = CARTESIAN_POINT('',(-5.,2.,6.));
#1812 = DIRECTION('',(0.,0.,-1.));
#1813 = DIRECTION('',(1.,0.,0.));
#1814 = ORIENTED_EDGE('',*,*,#1815,.F.);
#1815 = EDGE_CURVE('',#1816,#1807,#1818,.T.);
#1816 = VERTEX_POINT('',#1817);
#1817 = CARTESIAN_POINT('',(-1.031373033403,6.5,3.319989570971));
#1818 = B_SPLINE_CURVE_WITH_KNOTS('',6,(#1819,#1820,#1821,#1822,#1823,
    #1824,#1825,#1826,#1827,#1828,#1829,#1830),.UNSPECIFIED.,.F.,.F.,(7,
    5,7),(0.,0.533364516773,1.),.UNSPECIFIED.);
#1819 = CARTESIAN_POINT('',(-1.031186791457,6.499835743191,
    3.319821418065));
#1820 = CARTESIAN_POINT('',(-1.234612643595,6.67925544982,3.503484069804
    ));
#1821 = CARTESIAN_POINT('',(-1.439961928666,6.840751027416,
    3.702376420699));
#1822 = CARTESIAN_POINT('',(-1.644092792706,6.984378021967,
    3.915810054017));
#1823 = CARTESIAN_POINT('',(-1.843925880255,7.11081523433,4.142498755114
    ));
#1824 = CARTESIAN_POINT('',(-2.036595007213,7.221197752562,
    4.380361952551));
#1825 = CARTESIAN_POINT('',(-2.379814966639,7.400675452704,
    4.841484457433));
#1826 = CARTESIAN_POINT('',(-2.532940326812,7.473376009493,
    5.063278812661));
#1827 = CARTESIAN_POINT('',(-2.678263043219,7.536360459677,
    5.290906772885));
#1828 = CARTESIAN_POINT('',(-2.815194142791,7.590833809359,
    5.523522348754));
#1829 = CARTESIAN_POINT('',(-2.94329097849,7.637885168699,5.76021480958)
  );
#1830 = CARTESIAN_POINT('',(-3.062257748299,7.678481748317,6.));
#1831 = ORIENTED_EDGE('',*,*,#1832,.F.);
#1832 = EDGE_CURVE('',#1833,#1816,#1835,.T.);
#1833 = VERTEX_POINT('',#1834);
#1834 = CARTESIAN_POINT('',(-1.031373033403,6.5,6.));
#1835 = LINE('',#1836,#1837);
#1836 = CARTESIAN_POINT('',(-1.031373033403,6.5,9.992007221626E-16));
#1837 = VECTOR('',#1838,1.);
#1838 = DIRECTION('',(-0.,-0.,-1.));
#1839 = ORIENTED_EDGE('',*,*,#1840,.T.);
#1840 = EDGE_CURVE('',#1833,#1841,#1843,.T.);
#1841 = VERTEX_POINT('',#1842);
#1842 = CARTESIAN_POINT('',(0.527864045002,4.33296358735,6.));
#1843 = CIRCLE('',#1844,6.);
#1844 = AXIS2_PLACEMENT_3D('',#1845,#1846,#1847);
#1845 = CARTESIAN_POINT('',(-5.,2.,6.));
#1846 = DIRECTION('',(0.,0.,-1.));
#1847 = DIRECTION('',(1.,0.,0.));
#1848 = ORIENTED_EDGE('',*,*,#1849,.T.);
#1849 = EDGE_CURVE('',#1841,#1850,#1852,.T.);
#1850 = VERTEX_POINT('',#1851);
#1851 = CARTESIAN_POINT('',(1.,2.,14.472135955));
#1852 = B_SPLINE_CURVE_WITH_KNOTS('',6,(#1853,#1854,#1855,#1856,#1857,
    #1858,#1859,#1860,#1861,#1862,#1863,#1864,#1865,#1866,#1867,#1868,
    #1869,#1870,#1871,#1872,#1873,#1874,#1875,#1876,#1877,#1878,#1879,
    #1880,#1881,#1882,#1883,#1884,#1885,#1886,#1887,#1888,#1889,#1890,
    #1891,#1892,#1893,#1894,#1895,#1896,#1897,#1898,#1899,#1900,#1901,
    #1902,#1903,#1904,#1905,#1906,#1907,#1908,#1909,#1910,#1911,#1912,
    #1913,#1914),.UNSPECIFIED.,.F.,.F.,(7,5,5,5,5,5,5,5,5,5,5,5,7),(0.,
    0.138858360198,0.179094172712,0.251166551959,0.322605423094,
    0.361207169605,0.499809884748,0.59400523069,0.677137384174,
    0.748633208965,0.820763046925,0.861030936886,1.),.UNSPECIFIED.);
#1853 = CARTESIAN_POINT('',(1.,2.,5.527864045));
#1854 = CARTESIAN_POINT('',(1.,2.341417929987,5.527864045));
#1855 = CARTESIAN_POINT('',(0.976686906506,2.683526943982,5.548716711131
    ));
#1856 = CARTESIAN_POINT('',(0.929882769481,3.02304695354,5.590575886445)
  );
#1857 = CARTESIAN_POINT('',(0.860227111641,3.356678697094,5.654527444796
    ));
#1858 = CARTESIAN_POINT('',(0.769161998452,3.681194550494,5.742605604302
    ));
#1859 = CARTESIAN_POINT('',(0.627265485053,4.084007958362,5.891311004933
    ));
#1860 = CARTESIAN_POINT('',(0.593821837522,4.173405629843,5.92697721769)
  );
#1861 = CARTESIAN_POINT('',(0.558899343429,4.261571855178,5.964947134504
    ));
#1862 = CARTESIAN_POINT('',(0.522596157892,4.348385135335,6.005265405954
    ));
#1863 = CARTESIAN_POINT('',(0.485021155586,4.433734294222,6.047974743385
    ));
#1864 = CARTESIAN_POINT('',(0.376919582853,4.667596646572,6.173973589623
    ));
#1865 = CARTESIAN_POINT('',(0.303807892683,4.812733955168,6.262675819487
    ));
#1866 = CARTESIAN_POINT('',(0.227764110308,4.952044012118,6.359311752664
    ));
#1867 = CARTESIAN_POINT('',(0.14973220069,5.084838131776,6.463854778448)
  );
#1868 = CARTESIAN_POINT('',(7.072144003578E-02,5.210615244295,
    6.576144582771));
#1869 = CARTESIAN_POINT('',(-8.655810192569E-02,5.446447471629,
    6.814542476245));
#1870 = CARTESIAN_POINT('',(-0.164727630048,5.556481383555,
    6.940369173818));
#1871 = CARTESIAN_POINT('',(-0.241801850207,5.658875819706,
    7.073021456976));
#1872 = CARTESIAN_POINT('',(-0.316807444755,5.753494537842,
    7.212000512079));
#1873 = CARTESIAN_POINT('',(-0.388837465904,5.840326270398,
    7.356627907716));
#1874 = CARTESIAN_POINT('',(-0.49401440554,5.962232182752,7.586768822936
    ));
#1875 = CARTESIAN_POINT('',(-0.529826880222,6.002764150041,7.66892228107
    ));
#1876 = CARTESIAN_POINT('',(-0.564453597545,6.041100557113,
    7.752407126262));
#1877 = CARTESIAN_POINT('',(-0.597799802675,6.077279806828,
    7.837125141878));
#1878 = CARTESIAN_POINT('',(-0.629779822146,6.111341785367,
    7.922969525015));
#1879 = CARTESIAN_POINT('',(-0.769969001637,6.258174597763,
    8.321685871057));
#1880 = CARTESIAN_POINT('',(-0.860721273868,6.345926427045,
    8.645689642646));
#1881 = CARTESIAN_POINT('',(-0.930133426065,6.409648302906,
    8.978765885555));
#1882 = CARTESIAN_POINT('',(-0.976771052354,6.451358544696,
    9.317698152824));
#1883 = CARTESIAN_POINT('',(-1.,6.472135955,9.659198826254));
#1884 = CARTESIAN_POINT('',(-1.,6.472135955,10.231610790778));
#1885 = CARTESIAN_POINT('',(-0.98927084628,6.462540178378,
    10.463308594557));
#1886 = CARTESIAN_POINT('',(-0.967799523907,6.443333821207,
    10.694193326229));
#1887 = CARTESIAN_POINT('',(-0.935700970519,6.41427818034,
    10.923358417381));
#1888 = CARTESIAN_POINT('',(-0.893234954791,6.374902157466,
    11.149891572614));
#1889 = CARTESIAN_POINT('',(-0.794566716064,6.280005807495,
    11.569670134342));
#1890 = CARTESIAN_POINT('',(-0.740522342153,6.226884242227,
    11.763876480613));
#1891 = CARTESIAN_POINT('',(-0.679071920641,6.164723406278,
    11.954361844645));
#1892 = CARTESIAN_POINT('',(-0.610809448387,6.093081475488,
    12.140113288822));
#1893 = CARTESIAN_POINT('',(-0.536513319813,6.011490783891,
    12.320237988058));
#1894 = CARTESIAN_POINT('',(-0.388837465904,5.840326270398,
    12.643372092284));
#1895 = CARTESIAN_POINT('',(-0.316807444755,5.753494537842,
    12.787999487921));
#1896 = CARTESIAN_POINT('',(-0.241801850207,5.658875819706,
    12.926978543024));
#1897 = CARTESIAN_POINT('',(-0.164727630048,5.556481383555,
    13.059630826182));
#1898 = CARTESIAN_POINT('',(-8.655810192571E-02,5.446447471629,
    13.185457523755));
#1899 = CARTESIAN_POINT('',(7.072144003578E-02,5.210615244295,
    13.423855417229));
#1900 = CARTESIAN_POINT('',(0.14973220069,5.084838131776,13.536145221552
    ));
#1901 = CARTESIAN_POINT('',(0.227764110308,4.952044012118,
    13.640688247336));
#1902 = CARTESIAN_POINT('',(0.303807892683,4.812733955168,
    13.737324180513));
#1903 = CARTESIAN_POINT('',(0.376919582853,4.667596646572,
    13.826026410377));
#1904 = CARTESIAN_POINT('',(0.485021155586,4.433734294222,
    13.952025256615));
#1905 = CARTESIAN_POINT('',(0.522596157892,4.348385135335,
    13.994734594046));
#1906 = CARTESIAN_POINT('',(0.558899343429,4.261571855178,
    14.035052865496));
#1907 = CARTESIAN_POINT('',(0.593821837522,4.173405629843,14.07302278231
    ));
#1908 = CARTESIAN_POINT('',(0.627265485053,4.084007958362,
    14.108688995067));
#1909 = CARTESIAN_POINT('',(0.769161998452,3.681194550494,
    14.257394395698));
#1910 = CARTESIAN_POINT('',(0.860227111641,3.356678697094,
    14.345472555204));
#1911 = CARTESIAN_POINT('',(0.929882769481,3.02304695354,14.409424113555
    ));
#1912 = CARTESIAN_POINT('',(0.976686906506,2.683526943982,
    14.451283288869));
#1913 = CARTESIAN_POINT('',(1.,2.341417929987,14.472135955));
#1914 = CARTESIAN_POINT('',(1.,2.,14.472135955));
#1915 = ORIENTED_EDGE('',*,*,#1916,.F.);
#1916 = EDGE_CURVE('',#1917,#1850,#1919,.T.);
#1917 = VERTEX_POINT('',#1918);
#1918 = CARTESIAN_POINT('',(1.,2.,15.));
#1919 = B_SPLINE_CURVE_WITH_KNOTS('',1,(#1920,#1921),.UNSPECIFIED.,.F.,
  .F.,(2,2),(-15.,-14.472135955),.PIECEWISE_BEZIER_KNOTS.);
#1920 = CARTESIAN_POINT('',(1.,2.,15.));
#1921 = CARTESIAN_POINT('',(1.,2.,14.472135955));
#1922 = ORIENTED_EDGE('',*,*,#1923,.T.);
#1923 = EDGE_CURVE('',#1917,#1917,#1924,.T.);
#1924 = CIRCLE('',#1925,6.);
#1925 = AXIS2_PLACEMENT_3D('',#1926,#1927,#1928);
#1926 = CARTESIAN_POINT('',(-5.,2.,15.));
#1927 = DIRECTION('',(0.,0.,1.));
#1928 = DIRECTION('',(1.,0.,0.));
#1929 = ORIENTED_EDGE('',*,*,#1916,.T.);
#1930 = ORIENTED_EDGE('',*,*,#1931,.T.);
#1931 = EDGE_CURVE('',#1850,#296,#1932,.T.);
#1932 = B_SPLINE_CURVE_WITH_KNOTS('',6,(#1933,#1934,#1935,#1936,#1937,
    #1938,#1939,#1940,#1941,#1942,#1943,#1944,#1945,#1946,#1947,#1948,
    #1949,#1950,#1951,#1952,#1953,#1954,#1955,#1956,#1957,#1958,#1959,
    #1960,#1961,#1962,#1963,#1964,#1965,#1966,#1967,#1968,#1969,#1970,
    #1971,#1972,#1973,#1974,#1975,#1976,#1977,#1978,#1979,#1980,#1981,
    #1982,#1983,#1984,#1985,#1986,#1987,#1988,#1989,#1990,#1991,#1992,
    #1993,#1994),.UNSPECIFIED.,.F.,.F.,(7,5,5,5,5,5,5,5,5,5,5,5,7),(0.,
    0.139103260786,0.177415714422,0.249503273755,0.321256217699,
    0.360700905184,0.499808864153,0.596168326878,0.67848303082,
    0.750294213898,0.82244028396,0.860783834359,1.),.UNSPECIFIED.);
#1933 = CARTESIAN_POINT('',(1.,2.,14.472135955));
#1934 = CARTESIAN_POINT('',(1.,1.657980027038,14.472135955));
#1935 = CARTESIAN_POINT('',(0.976604616136,1.315262582513,
    14.451209673842));
#1936 = CARTESIAN_POINT('',(0.929633938072,0.975147934316,
    14.409201597376));
#1937 = CARTESIAN_POINT('',(0.859732591017,0.640955525101,
    14.345018543394));
#1938 = CARTESIAN_POINT('',(0.76835446028,0.315931793414,14.256613093881
    ));
#1939 = CARTESIAN_POINT('',(0.627575651309,-8.296343247404E-02,
    14.108995705114));
#1940 = CARTESIAN_POINT('',(0.595758095501,-0.168102874804,
    14.075070561882));
#1941 = CARTESIAN_POINT('',(0.562598673724,-0.252128485642,
    14.039057686795));
#1942 = CARTESIAN_POINT('',(0.528181079601,-0.334935741655,
    14.000918395765));
#1943 = CARTESIAN_POINT('',(0.492597821482,-0.416428502453,
    13.960615493374));
#1944 = CARTESIAN_POINT('',(0.386995203394,-0.647214899513,
    13.838142374346));
#1945 = CARTESIAN_POINT('',(0.314230551088,-0.793035909127,
    13.750338436963));
#1946 = CARTESIAN_POINT('',(0.238452354127,-0.933090110987,
    13.654602943904));
#1947 = CARTESIAN_POINT('',(0.160595584279,-1.066681848954,
    13.550950573002));
#1948 = CARTESIAN_POINT('',(8.166318836768E-02,-1.193302039681,
    13.439526574853));
#1949 = CARTESIAN_POINT('',(-7.598608936054E-02,-1.431381064562,
    13.202273647211));
#1950 = CARTESIAN_POINT('',(-0.15460100257,-1.542754404537,
    13.07666659295));
#1951 = CARTESIAN_POINT('',(-0.232201330987,-1.646439671518,
    12.944126948149));
#1952 = CARTESIAN_POINT('',(-0.307794189795,-1.742285129681,
    12.8051529011));
#1953 = CARTESIAN_POINT('',(-0.380451948229,-1.83026910715,
    12.660426524103));
#1954 = CARTESIAN_POINT('',(-0.487275078192,-1.954578878162,
    12.428582241547));
#1955 = CARTESIAN_POINT('',(-0.52405292389,-1.996339839143,
    12.344842414901));
#1956 = CARTESIAN_POINT('',(-0.559604836963,-2.035803986805,
    12.259699343235));
#1957 = CARTESIAN_POINT('',(-0.593828514829,-2.07301168322,
    12.173257865295));
#1958 = CARTESIAN_POINT('',(-0.626631557925,-2.108005057849,
    12.085632332594));
#1959 = CARTESIAN_POINT('',(-0.768321763879,-2.25658125054,
    11.684182620511));
#1960 = CARTESIAN_POINT('',(-0.859712298623,-2.345000011374,
    11.359140975373));
#1961 = CARTESIAN_POINT('',(-0.929624521238,-2.409193181191,
    11.024923750956));
#1962 = CARTESIAN_POINT('',(-0.976601978873,-2.451207316089,
    10.684781874042));
#1963 = CARTESIAN_POINT('',(-1.,-2.472135955,10.342039198166));
#1964 = CARTESIAN_POINT('',(-1.,-2.472135955,9.763070973003));
#1965 = CARTESIAN_POINT('',(-0.98877293996,-2.462094134617,
    9.526043520088));
#1966 = CARTESIAN_POINT('',(-0.966301244587,-2.441994990903,
    9.289887032957));
#1967 = CARTESIAN_POINT('',(-0.932716367655,-2.411574905185,
    9.055575643752));
#1968 = CARTESIAN_POINT('',(-0.888299460516,-2.370321976744,8.8240892902
    ));
#1969 = CARTESIAN_POINT('',(-0.786723736215,-2.272298247805,
    8.40192471261));
#1970 = CARTESIAN_POINT('',(-0.732326231053,-2.218627235133,
    8.210052931891));
#1971 = CARTESIAN_POINT('',(-0.670713566831,-2.15604758845,
    8.021910856867));
#1972 = CARTESIAN_POINT('',(-0.602479034906,-2.084131237769,
    7.838489931804));
#1973 = CARTESIAN_POINT('',(-0.528394462055,-2.002429387634,
    7.660661483609));
#1974 = CARTESIAN_POINT('',(-0.380451948229,-1.83026910715,
    7.339573475897));
#1975 = CARTESIAN_POINT('',(-0.307794189794,-1.742285129681,7.1948470989
    ));
#1976 = CARTESIAN_POINT('',(-0.232201330987,-1.646439671518,
    7.055873051851));
#1977 = CARTESIAN_POINT('',(-0.15460100257,-1.542754404537,6.92333340705
    ));
#1978 = CARTESIAN_POINT('',(-7.598608936055E-02,-1.431381064562,
    6.797726352789));
#1979 = CARTESIAN_POINT('',(8.166318836765E-02,-1.193302039681,
    6.560473425147));
#1980 = CARTESIAN_POINT('',(0.160595584279,-1.066681848954,
    6.449049426998));
#1981 = CARTESIAN_POINT('',(0.238452354127,-0.933090110987,
    6.345397056096));
#1982 = CARTESIAN_POINT('',(0.314230551088,-0.793035909127,
    6.249661563037));
#1983 = CARTESIAN_POINT('',(0.386995203394,-0.647214899513,
    6.161857625654));
#1984 = CARTESIAN_POINT('',(0.492597821483,-0.416428502449,
    6.039384506624));
#1985 = CARTESIAN_POINT('',(0.528181079601,-0.334935741656,
    5.999081604236));
#1986 = CARTESIAN_POINT('',(0.562598673723,-0.252128485646,
    5.960942313207));
#1987 = CARTESIAN_POINT('',(0.595758095501,-0.168102874805,
    5.924929438118));
#1988 = CARTESIAN_POINT('',(0.62757565131,-8.296343247008E-02,
    5.891004294884));
#1989 = CARTESIAN_POINT('',(0.768354460295,0.315931793456,5.743386906104
    ));
#1990 = CARTESIAN_POINT('',(0.859732591008,0.640955525096,5.654981456617
    ));
#1991 = CARTESIAN_POINT('',(0.929633938062,0.97514793427,5.590798402631)
  );
#1992 = CARTESIAN_POINT('',(0.976604616143,1.315262582496,5.548790326153
    ));
#1993 = CARTESIAN_POINT('',(1.,1.657980027085,5.527864045));
#1994 = CARTESIAN_POINT('',(1.,2.,5.527864045));
#1995 = CYLINDRICAL_SURFACE('',#1996,6.);
#1996 = AXIS2_PLACEMENT_3D('',#1997,#1998,#1999);
#1997 = CARTESIAN_POINT('',(-5.,2.,0.));
#1998 = DIRECTION('',(-0.,-0.,-1.));
#1999 = DIRECTION('',(1.,0.,0.));
#2000 = ADVANCED_FACE('',(#2001),#2047,.T.);
#2001 = FACE_BOUND('',#2002,.F.);
#2002 = EDGE_LOOP('',(#2003,#2012,#2019,#2020,#2021,#2022,#2030,#2039,
    #2046));
#2003 = ORIENTED_EDGE('',*,*,#2004,.T.);
#2004 = EDGE_CURVE('',#248,#2005,#2007,.T.);
#2005 = VERTEX_POINT('',#2006);
#2006 = CARTESIAN_POINT('',(11.,-8.,10.));
#2007 = CIRCLE('',#2008,6.);
#2008 = AXIS2_PLACEMENT_3D('',#2009,#2010,#2011);
#2009 = CARTESIAN_POINT('',(5.,-8.,10.));
#2010 = DIRECTION('',(0.,-1.,-2.22044604925E-16));
#2011 = DIRECTION('',(1.,0.,0.));
#2012 = ORIENTED_EDGE('',*,*,#2013,.T.);
#2013 = EDGE_CURVE('',#2005,#288,#2014,.T.);
#2014 = CIRCLE('',#2015,6.);
#2015 = AXIS2_PLACEMENT_3D('',#2016,#2017,#2018);
#2016 = CARTESIAN_POINT('',(5.,-8.,10.));
#2017 = DIRECTION('',(0.,-1.,-2.22044604925E-16));
#2018 = DIRECTION('',(1.,0.,0.));
#2019 = ORIENTED_EDGE('',*,*,#295,.T.);
#2020 = ORIENTED_EDGE('',*,*,#1931,.F.);
#2021 = ORIENTED_EDGE('',*,*,#1849,.F.);
#2022 = ORIENTED_EDGE('',*,*,#2023,.T.);
#2023 = EDGE_CURVE('',#1841,#2024,#2026,.T.);
#2024 = VERTEX_POINT('',#2025);
#2025 = CARTESIAN_POINT('',(0.527864045001,6.5,6.));
#2026 = LINE('',#2027,#2028);
#2027 = CARTESIAN_POINT('',(0.527864045,6.5,6.));
#2028 = VECTOR('',#2029,1.);
#2029 = DIRECTION('',(0.,1.,2.22044604925E-16));
#2030 = ORIENTED_EDGE('',*,*,#2031,.F.);
#2031 = EDGE_CURVE('',#2032,#2024,#2034,.T.);
#2032 = VERTEX_POINT('',#2033);
#2033 = CARTESIAN_POINT('',(11.,6.5,10.));
#2034 = CIRCLE('',#2035,6.);
#2035 = AXIS2_PLACEMENT_3D('',#2036,#2037,#2038);
#2036 = CARTESIAN_POINT('',(5.,6.5,10.));
#2037 = DIRECTION('',(0.,-1.,-2.22044604925E-16));
#2038 = DIRECTION('',(1.,0.,0.));
#2039 = ORIENTED_EDGE('',*,*,#2040,.F.);
#2040 = EDGE_CURVE('',#240,#2032,#2041,.T.);
#2041 = CIRCLE('',#2042,6.);
#2042 = AXIS2_PLACEMENT_3D('',#2043,#2044,#2045);
#2043 = CARTESIAN_POINT('',(5.,6.5,10.));
#2044 = DIRECTION('',(0.,-1.,-2.22044604925E-16));
#2045 = DIRECTION('',(1.,0.,0.));
#2046 = ORIENTED_EDGE('',*,*,#247,.F.);
#2047 = CYLINDRICAL_SURFACE('',#2048,6.);
#2048 = AXIS2_PLACEMENT_3D('',#2049,#2050,#2051);
#2049 = CARTESIAN_POINT('',(5.,6.5,10.));
#2050 = DIRECTION('',(0.,1.,2.22044604925E-16));
#2051 = DIRECTION('',(1.,0.,0.));
#2052 = ADVANCED_FACE('',(#2053),#2097,.T.);
#2053 = FACE_BOUND('',#2054,.T.);
#2054 = EDGE_LOOP('',(#2055,#2056,#2057,#2058,#2059,#2067,#2075,#2083,
    #2091));
#2055 = ORIENTED_EDGE('',*,*,#255,.T.);
#2056 = ORIENTED_EDGE('',*,*,#2004,.T.);
#2057 = ORIENTED_EDGE('',*,*,#2013,.T.);
#2058 = ORIENTED_EDGE('',*,*,#287,.T.);
#2059 = ORIENTED_EDGE('',*,*,#2060,.T.);
#2060 = EDGE_CURVE('',#280,#2061,#2063,.T.);
#2061 = VERTEX_POINT('',#2062);
#2062 = CARTESIAN_POINT('',(0.25,-8.,10.));
#2063 = LINE('',#2064,#2065);
#2064 = CARTESIAN_POINT('',(0.84375,-8.,8.971594833006));
#2065 = VECTOR('',#2066,1.);
#2066 = DIRECTION('',(-0.5,-1.922962686384E-16,0.866025403784));
#2067 = ORIENTED_EDGE('',*,*,#2068,.T.);
#2068 = EDGE_CURVE('',#2061,#2069,#2071,.T.);
#2069 = VERTEX_POINT('',#2070);
#2070 = CARTESIAN_POINT('',(2.625,-8.,14.113620667976));
#2071 = LINE('',#2072,#2073);
#2072 = CARTESIAN_POINT('',(2.03125,-8.,13.085215500982));
#2073 = VECTOR('',#2074,1.);
#2074 = DIRECTION('',(0.5,-1.922962686384E-16,0.866025403784));
#2075 = ORIENTED_EDGE('',*,*,#2076,.T.);
#2076 = EDGE_CURVE('',#2069,#2077,#2079,.T.);
#2077 = VERTEX_POINT('',#2078);
#2078 = CARTESIAN_POINT('',(7.375,-8.,14.113620667976));
#2079 = LINE('',#2080,#2081);
#2080 = CARTESIAN_POINT('',(6.1875,-8.,14.113620667976));
#2081 = VECTOR('',#2082,1.);
#2082 = DIRECTION('',(1.,4.151899501163E-32,-1.869849304632E-16));
#2083 = ORIENTED_EDGE('',*,*,#2084,.T.);
#2084 = EDGE_CURVE('',#2077,#2085,#2087,.T.);
#2085 = VERTEX_POINT('',#2086);
#2086 = CARTESIAN_POINT('',(9.75,-8.,10.));
#2087 = LINE('',#2088,#2089);
#2088 = CARTESIAN_POINT('',(9.15625,-8.,11.028405166994));
#2089 = VECTOR('',#2090,1.);
#2090 = DIRECTION('',(0.5,1.922962686384E-16,-0.866025403784));
#2091 = ORIENTED_EDGE('',*,*,#2092,.T.);
#2092 = EDGE_CURVE('',#2085,#256,#2093,.T.);
#2093 = LINE('',#2094,#2095);
#2094 = CARTESIAN_POINT('',(7.96875,-8.,6.914784499018));
#2095 = VECTOR('',#2096,1.);
#2096 = DIRECTION('',(-0.5,1.922962686384E-16,-0.866025403784));
#2097 = PLANE('',#2098);
#2098 = AXIS2_PLACEMENT_3D('',#2099,#2100,#2101);
#2099 = CARTESIAN_POINT('',(5.,-8.,10.));
#2100 = DIRECTION('',(0.,-1.,-2.22044604925E-16));
#2101 = DIRECTION('',(1.,0.,0.));
#2102 = ADVANCED_FACE('',(#2103),#2137,.T.);
#2103 = FACE_BOUND('',#2104,.T.);
#2104 = EDGE_LOOP('',(#2105,#2115,#2121,#2122,#2123,#2131));
#2105 = ORIENTED_EDGE('',*,*,#2106,.F.);
#2106 = EDGE_CURVE('',#2107,#2109,#2111,.T.);
#2107 = VERTEX_POINT('',#2108);
#2108 = CARTESIAN_POINT('',(0.25,-1.95,10.));
#2109 = VERTEX_POINT('',#2110);
#2110 = CARTESIAN_POINT('',(2.625,-1.95,5.886379332024));
#2111 = LINE('',#2112,#2113);
#2112 = CARTESIAN_POINT('',(0.25,-1.95,10.));
#2113 = VECTOR('',#2114,1.);
#2114 = DIRECTION('',(0.5,1.922962686384E-16,-0.866025403784));
#2115 = ORIENTED_EDGE('',*,*,#2116,.T.);
#2116 = EDGE_CURVE('',#2107,#2061,#2117,.T.);
#2117 = LINE('',#2118,#2119);
#2118 = CARTESIAN_POINT('',(0.25,-1.95,10.));
#2119 = VECTOR('',#2120,1.);
#2120 = DIRECTION('',(0.,-1.,-2.22044604925E-16));
#2121 = ORIENTED_EDGE('',*,*,#2060,.F.);
#2122 = ORIENTED_EDGE('',*,*,#279,.F.);
#2123 = ORIENTED_EDGE('',*,*,#2124,.T.);
#2124 = EDGE_CURVE('',#272,#2125,#2127,.T.);
#2125 = VERTEX_POINT('',#2126);
#2126 = CARTESIAN_POINT('',(2.625,-8.05,5.886379332024));
#2127 = LINE('',#2128,#2129);
#2128 = CARTESIAN_POINT('',(0.25,-8.05,10.));
#2129 = VECTOR('',#2130,1.);
#2130 = DIRECTION('',(0.5,1.922962686384E-16,-0.866025403784));
#2131 = ORIENTED_EDGE('',*,*,#2132,.F.);
#2132 = EDGE_CURVE('',#2109,#2125,#2133,.T.);
#2133 = LINE('',#2134,#2135);
#2134 = CARTESIAN_POINT('',(2.625,-1.95,5.886379332024));
#2135 = VECTOR('',#2136,1.);
#2136 = DIRECTION('',(0.,-1.,-2.22044604925E-16));
#2137 = PLANE('',#2138);
#2138 = AXIS2_PLACEMENT_3D('',#2139,#2140,#2141);
#2139 = CARTESIAN_POINT('',(0.25,-1.95,10.));
#2140 = DIRECTION('',(0.866025403784,-1.110223024625E-16,0.5));
#2141 = DIRECTION('',(0.5,1.922962686384E-16,-0.866025403784));
#2142 = ADVANCED_FACE('',(#2143),#2161,.F.);
#2143 = FACE_BOUND('',#2144,.F.);
#2144 = EDGE_LOOP('',(#2145,#2153,#2154,#2155));
#2145 = ORIENTED_EDGE('',*,*,#2146,.T.);
#2146 = EDGE_CURVE('',#2147,#264,#2149,.T.);
#2147 = VERTEX_POINT('',#2148);
#2148 = CARTESIAN_POINT('',(7.375,-8.05,5.886379332024));
#2149 = LINE('',#2150,#2151);
#2150 = CARTESIAN_POINT('',(7.375,-8.05,5.886379332024));
#2151 = VECTOR('',#2152,1.);
#2152 = DIRECTION('',(0.5,-1.922962686384E-16,0.866025403784));
#2153 = ORIENTED_EDGE('',*,*,#271,.F.);
#2154 = ORIENTED_EDGE('',*,*,#2124,.T.);
#2155 = ORIENTED_EDGE('',*,*,#2156,.T.);
#2156 = EDGE_CURVE('',#2125,#2147,#2157,.T.);
#2157 = LINE('',#2158,#2159);
#2158 = CARTESIAN_POINT('',(2.625,-8.05,5.886379332024));
#2159 = VECTOR('',#2160,1.);
#2160 = DIRECTION('',(1.,8.303799002326E-32,-3.739698609264E-16));
#2161 = PLANE('',#2162);
#2162 = AXIS2_PLACEMENT_3D('',#2163,#2164,#2165);
#2163 = CARTESIAN_POINT('',(5.,-8.05,10.));
#2164 = DIRECTION('',(0.,-1.,-2.22044604925E-16));
#2165 = DIRECTION('',(1.,0.,0.));
#2166 = ADVANCED_FACE('',(#2167),#2194,.T.);
#2167 = FACE_BOUND('',#2168,.T.);
#2168 = EDGE_LOOP('',(#2169,#2179,#2185,#2186,#2187,#2188));
#2169 = ORIENTED_EDGE('',*,*,#2170,.F.);
#2170 = EDGE_CURVE('',#2171,#2173,#2175,.T.);
#2171 = VERTEX_POINT('',#2172);
#2172 = CARTESIAN_POINT('',(7.375,-1.95,5.886379332024));
#2173 = VERTEX_POINT('',#2174);
#2174 = CARTESIAN_POINT('',(9.75,-1.95,10.));
#2175 = LINE('',#2176,#2177);
#2176 = CARTESIAN_POINT('',(7.375,-1.95,5.886379332024));
#2177 = VECTOR('',#2178,1.);
#2178 = DIRECTION('',(0.5,-1.922962686384E-16,0.866025403784));
#2179 = ORIENTED_EDGE('',*,*,#2180,.T.);
#2180 = EDGE_CURVE('',#2171,#2147,#2181,.T.);
#2181 = LINE('',#2182,#2183);
#2182 = CARTESIAN_POINT('',(7.375,-1.95,5.886379332024));
#2183 = VECTOR('',#2184,1.);
#2184 = DIRECTION('',(0.,-1.,-2.22044604925E-16));
#2185 = ORIENTED_EDGE('',*,*,#2146,.T.);
#2186 = ORIENTED_EDGE('',*,*,#263,.F.);
#2187 = ORIENTED_EDGE('',*,*,#2092,.F.);
#2188 = ORIENTED_EDGE('',*,*,#2189,.F.);
#2189 = EDGE_CURVE('',#2173,#2085,#2190,.T.);
#2190 = LINE('',#2191,#2192);
#2191 = CARTESIAN_POINT('',(9.75,-1.95,10.));
#2192 = VECTOR('',#2193,1.);
#2193 = DIRECTION('',(0.,-1.,-2.22044604925E-16));
#2194 = PLANE('',#2195);
#2195 = AXIS2_PLACEMENT_3D('',#2196,#2197,#2198);
#2196 = CARTESIAN_POINT('',(7.375,-1.95,5.886379332024));
#2197 = DIRECTION('',(-0.866025403784,-1.110223024625E-16,0.5));
#2198 = DIRECTION('',(0.5,-1.922962686384E-16,0.866025403784));
#2199 = ADVANCED_FACE('',(#2200,#2219),#2248,.T.);
#2200 = FACE_BOUND('',#2201,.T.);
#2201 = EDGE_LOOP('',(#2202,#2203,#2204,#2211,#2212,#2218));
#2202 = ORIENTED_EDGE('',*,*,#2040,.F.);
#2203 = ORIENTED_EDGE('',*,*,#239,.T.);
#2204 = ORIENTED_EDGE('',*,*,#2205,.F.);
#2205 = EDGE_CURVE('',#1816,#232,#2206,.T.);
#2206 = CIRCLE('',#2207,9.);
#2207 = AXIS2_PLACEMENT_3D('',#2208,#2209,#2210);
#2208 = CARTESIAN_POINT('',(5.,6.5,10.));
#2209 = DIRECTION('',(0.,-1.,-2.22044604925E-16));
#2210 = DIRECTION('',(1.,0.,0.));
#2211 = ORIENTED_EDGE('',*,*,#1832,.F.);
#2212 = ORIENTED_EDGE('',*,*,#2213,.T.);
#2213 = EDGE_CURVE('',#1833,#2024,#2214,.T.);
#2214 = LINE('',#2215,#2216);
#2215 = CARTESIAN_POINT('',(2.500001542702,6.5,6.));
#2216 = VECTOR('',#2217,1.);
#2217 = DIRECTION('',(1.,0.,0.));
#2218 = ORIENTED_EDGE('',*,*,#2031,.F.);
#2219 = FACE_BOUND('',#2220,.T.);
#2220 = EDGE_LOOP('',(#2221,#2232,#2241));
#2221 = ORIENTED_EDGE('',*,*,#2222,.T.);
#2222 = EDGE_CURVE('',#2223,#2225,#2227,.T.);
#2223 = VERTEX_POINT('',#2224);
#2224 = CARTESIAN_POINT('',(9.466293781725,6.5,6.));
#2225 = VERTEX_POINT('',#2226);
#2226 = CARTESIAN_POINT('',(10.995646766169,6.5,10.));
#2227 = CIRCLE('',#2228,5.995646766169);
#2228 = AXIS2_PLACEMENT_3D('',#2229,#2230,#2231);
#2229 = CARTESIAN_POINT('',(5.,6.5,10.));
#2230 = DIRECTION('',(0.,-1.,-2.22044604925E-16));
#2231 = DIRECTION('',(1.,0.,0.));
#2232 = ORIENTED_EDGE('',*,*,#2233,.T.);
#2233 = EDGE_CURVE('',#2225,#2234,#2236,.T.);
#2234 = VERTEX_POINT('',#2235);
#2235 = CARTESIAN_POINT('',(0.533706218275,6.5,6.));
#2236 = CIRCLE('',#2237,5.995646766169);
#2237 = AXIS2_PLACEMENT_3D('',#2238,#2239,#2240);
#2238 = CARTESIAN_POINT('',(5.,6.5,10.));
#2239 = DIRECTION('',(0.,-1.,-2.22044604925E-16));
#2240 = DIRECTION('',(1.,0.,0.));
#2241 = ORIENTED_EDGE('',*,*,#2242,.T.);
#2242 = EDGE_CURVE('',#2234,#2223,#2243,.T.);
#2243 = CIRCLE('',#2244,5.995646766169);
#2244 = AXIS2_PLACEMENT_3D('',#2245,#2246,#2247);
#2245 = CARTESIAN_POINT('',(5.,6.5,10.));
#2246 = DIRECTION('',(0.,-1.,-2.22044604925E-16));
#2247 = DIRECTION('',(1.,0.,0.));
#2248 = PLANE('',#2249);
#2249 = AXIS2_PLACEMENT_3D('',#2250,#2251,#2252);
#2250 = CARTESIAN_POINT('',(5.513742886316,6.5,7.714556655524));
#2251 = DIRECTION('',(0.,1.,0.));
#2252 = DIRECTION('',(0.,0.,1.));
#2253 = ADVANCED_FACE('',(#2254),#2266,.F.);
#2254 = FACE_BOUND('',#2255,.T.);
#2255 = EDGE_LOOP('',(#2256,#2262,#2263,#2264,#2265));
#2256 = ORIENTED_EDGE('',*,*,#2257,.F.);
#2257 = EDGE_CURVE('',#1807,#1768,#2258,.T.);
#2258 = LINE('',#2259,#2260);
#2259 = CARTESIAN_POINT('',(-3.062257748299,10.5,6.));
#2260 = VECTOR('',#2261,1.);
#2261 = DIRECTION('',(0.,1.,2.22044604925E-16));
#2262 = ORIENTED_EDGE('',*,*,#1815,.F.);
#2263 = ORIENTED_EDGE('',*,*,#2205,.T.);
#2264 = ORIENTED_EDGE('',*,*,#231,.T.);
#2265 = ORIENTED_EDGE('',*,*,#1775,.T.);
#2266 = CYLINDRICAL_SURFACE('',#2267,9.);
#2267 = AXIS2_PLACEMENT_3D('',#2268,#2269,#2270);
#2268 = CARTESIAN_POINT('',(5.,10.5,10.));
#2269 = DIRECTION('',(-0.,1.,2.22044604925E-16));
#2270 = DIRECTION('',(1.,0.,0.));
#2271 = ADVANCED_FACE('',(#2272),#2290,.T.);
#2272 = FACE_BOUND('',#2273,.T.);
#2273 = EDGE_LOOP('',(#2274,#2282,#2288,#2289));
#2274 = ORIENTED_EDGE('',*,*,#2275,.T.);
#2275 = EDGE_CURVE('',#208,#2276,#2278,.T.);
#2276 = VERTEX_POINT('',#2277);
#2277 = CARTESIAN_POINT('',(15.392540931702,7.99036359787,0.));
#2278 = LINE('',#2279,#2280);
#2279 = CARTESIAN_POINT('',(15.392540931702,7.99036359787,6.));
#2280 = VECTOR('',#2281,1.);
#2281 = DIRECTION('',(0.,0.,-1.));
#2282 = ORIENTED_EDGE('',*,*,#2283,.F.);
#2283 = EDGE_CURVE('',#1784,#2276,#2284,.T.);
#2284 = LINE('',#2285,#2286);
#2285 = CARTESIAN_POINT('',(15.,8.,0.));
#2286 = VECTOR('',#2287,1.);
#2287 = DIRECTION('',(0.999698814751,-2.454138921563E-02,0.));
#2288 = ORIENTED_EDGE('',*,*,#1783,.T.);
#2289 = ORIENTED_EDGE('',*,*,#215,.T.);
#2290 = PLANE('',#2291);
#2291 = AXIS2_PLACEMENT_3D('',#2292,#2293,#2294);
#2292 = CARTESIAN_POINT('',(15.196270465851,7.995181798935,3.));
#2293 = DIRECTION('',(2.454138921563E-02,0.999698814751,0.));
#2294 = DIRECTION('',(0.999698814751,-2.454138921563E-02,0.));
#2295 = ADVANCED_FACE('',(#2296),#2314,.T.);
#2296 = FACE_BOUND('',#2297,.T.);
#2297 = EDGE_LOOP('',(#2298,#2306,#2307,#2308));
#2298 = ORIENTED_EDGE('',*,*,#2299,.F.);
#2299 = EDGE_CURVE('',#2276,#2300,#2302,.T.);
#2300 = VERTEX_POINT('',#2301);
#2301 = CARTESIAN_POINT('',(15.784136772156,7.9614777565,0.));
#2302 = LINE('',#2303,#2304);
#2303 = CARTESIAN_POINT('',(15.392540931702,7.99036359787,0.));
#2304 = VECTOR('',#2305,1.);
#2305 = DIRECTION('',(0.997290457274,-7.356455552456E-02,0.));
#2306 = ORIENTED_EDGE('',*,*,#2275,.F.);
#2307 = ORIENTED_EDGE('',*,*,#207,.T.);
#2308 = ORIENTED_EDGE('',*,*,#2309,.T.);
#2309 = EDGE_CURVE('',#200,#2300,#2310,.T.);
#2310 = LINE('',#2311,#2312);
#2311 = CARTESIAN_POINT('',(15.784136772156,7.9614777565,6.));
#2312 = VECTOR('',#2313,1.);
#2313 = DIRECTION('',(0.,0.,-1.));
#2314 = PLANE('',#2315);
#2315 = AXIS2_PLACEMENT_3D('',#2316,#2317,#2318);
#2316 = CARTESIAN_POINT('',(15.588338851929,7.975920677185,3.));
#2317 = DIRECTION('',(7.356455552456E-02,0.997290457274,0.));
#2318 = DIRECTION('',(0.997290457274,-7.356455552456E-02,0.));
#2319 = ADVANCED_FACE('',(#2320),#2338,.T.);
#2320 = FACE_BOUND('',#2321,.T.);
#2321 = EDGE_LOOP('',(#2322,#2330,#2336,#2337));
#2322 = ORIENTED_EDGE('',*,*,#2323,.T.);
#2323 = EDGE_CURVE('',#192,#2324,#2326,.T.);
#2324 = VERTEX_POINT('',#2325);
#2325 = CARTESIAN_POINT('',(16.173843383789,7.913412094116,0.));
#2326 = LINE('',#2327,#2328);
#2327 = CARTESIAN_POINT('',(16.173843383789,7.913412094116,6.));
#2328 = VECTOR('',#2329,1.);
#2329 = DIRECTION('',(0.,0.,-1.));
#2330 = ORIENTED_EDGE('',*,*,#2331,.T.);
#2331 = EDGE_CURVE('',#2324,#2300,#2332,.T.);
#2332 = LINE('',#2333,#2334);
#2333 = CARTESIAN_POINT('',(16.173843383789,7.913412094116,0.));
#2334 = VECTOR('',#2335,1.);
#2335 = DIRECTION('',(-0.992479554309,0.122410515389,0.));
#2336 = ORIENTED_EDGE('',*,*,#2309,.F.);
#2337 = ORIENTED_EDGE('',*,*,#199,.T.);
#2338 = PLANE('',#2339);
#2339 = AXIS2_PLACEMENT_3D('',#2340,#2341,#2342);
#2340 = CARTESIAN_POINT('',(15.978990077972,7.937444925308,3.));
#2341 = DIRECTION('',(0.122410515389,0.992479554309,0.));
#2342 = DIRECTION('',(0.992479554309,-0.122410515389,0.));
#2343 = ADVANCED_FACE('',(#2344),#2362,.T.);
#2344 = FACE_BOUND('',#2345,.T.);
#2345 = EDGE_LOOP('',(#2346,#2354,#2360,#2361));
#2346 = ORIENTED_EDGE('',*,*,#2347,.F.);
#2347 = EDGE_CURVE('',#2348,#184,#2350,.T.);
#2348 = VERTEX_POINT('',#2349);
#2349 = CARTESIAN_POINT('',(16.560722351074,7.84628200531,0.));
#2350 = LINE('',#2351,#2352);
#2351 = CARTESIAN_POINT('',(16.560722351074,7.84628200531,0.));
#2352 = VECTOR('',#2353,1.);
#2353 = DIRECTION('',(0.,0.,1.));
#2354 = ORIENTED_EDGE('',*,*,#2355,.T.);
#2355 = EDGE_CURVE('',#2348,#2324,#2356,.T.);
#2356 = LINE('',#2357,#2358);
#2357 = CARTESIAN_POINT('',(16.560722351074,7.84628200531,0.));
#2358 = VECTOR('',#2359,1.);
#2359 = DIRECTION('',(-0.985277548055,0.170962432421,0.));
#2360 = ORIENTED_EDGE('',*,*,#2323,.F.);
#2361 = ORIENTED_EDGE('',*,*,#191,.F.);
#2362 = PLANE('',#2363);
#2363 = AXIS2_PLACEMENT_3D('',#2364,#2365,#2366);
#2364 = CARTESIAN_POINT('',(16.367282867432,7.879847049713,3.));
#2365 = DIRECTION('',(0.170962432421,0.985277548055,0.));
#2366 = DIRECTION('',(0.985277548055,-0.170962432421,0.));
#2367 = ADVANCED_FACE('',(#2368),#2386,.T.);
#2368 = FACE_BOUND('',#2369,.T.);
#2369 = EDGE_LOOP('',(#2370,#2371,#2372,#2380));
#2370 = ORIENTED_EDGE('',*,*,#2347,.T.);
#2371 = ORIENTED_EDGE('',*,*,#183,.T.);
#2372 = ORIENTED_EDGE('',*,*,#2373,.T.);
#2373 = EDGE_CURVE('',#176,#2374,#2376,.T.);
#2374 = VERTEX_POINT('',#2375);
#2375 = CARTESIAN_POINT('',(16.943841934204,7.760250091553,0.));
#2376 = LINE('',#2377,#2378);
#2377 = CARTESIAN_POINT('',(16.943841934204,7.760250091553,6.));
#2378 = VECTOR('',#2379,1.);
#2379 = DIRECTION('',(0.,0.,-1.));
#2380 = ORIENTED_EDGE('',*,*,#2381,.T.);
#2381 = EDGE_CURVE('',#2374,#2348,#2382,.T.);
#2382 = LINE('',#2383,#2384);
#2383 = CARTESIAN_POINT('',(16.943841934204,7.760250091553,0.));
#2384 = VECTOR('',#2385,1.);
#2385 = DIRECTION('',(-0.975702383527,0.219100111319,0.));
#2386 = PLANE('',#2387);
#2387 = AXIS2_PLACEMENT_3D('',#2388,#2389,#2390);
#2388 = CARTESIAN_POINT('',(16.752282142639,7.803266048431,3.));
#2389 = DIRECTION('',(0.219100111319,0.975702383527,0.));
#2390 = DIRECTION('',(0.975702383527,-0.219100111319,0.));
#2391 = ADVANCED_FACE('',(#2392),#2410,.T.);
#2392 = FACE_BOUND('',#2393,.T.);
#2393 = EDGE_LOOP('',(#2394,#2402,#2408,#2409));
#2394 = ORIENTED_EDGE('',*,*,#2395,.F.);
#2395 = EDGE_CURVE('',#2396,#168,#2398,.T.);
#2396 = VERTEX_POINT('',#2397);
#2397 = CARTESIAN_POINT('',(17.322277069092,7.655522823334,0.));
#2398 = LINE('',#2399,#2400);
#2399 = CARTESIAN_POINT('',(17.322277069092,7.655522823334,0.));
#2400 = VECTOR('',#2401,1.);
#2401 = DIRECTION('',(0.,0.,1.));
#2402 = ORIENTED_EDGE('',*,*,#2403,.T.);
#2403 = EDGE_CURVE('',#2396,#2374,#2404,.T.);
#2404 = LINE('',#2405,#2406);
#2405 = CARTESIAN_POINT('',(17.322277069092,7.655522823334,0.));
#2406 = VECTOR('',#2407,1.);
#2407 = DIRECTION('',(-0.963775959701,0.266713140852,0.));
#2408 = ORIENTED_EDGE('',*,*,#2373,.F.);
#2409 = ORIENTED_EDGE('',*,*,#175,.F.);
#2410 = PLANE('',#2411);
#2411 = AXIS2_PLACEMENT_3D('',#2412,#2413,#2414);
#2412 = CARTESIAN_POINT('',(17.133059501648,7.707886457443,3.));
#2413 = DIRECTION('',(0.266713140852,0.963775959701,0.));
#2414 = DIRECTION('',(0.963775959701,-0.266713140852,0.));
#2415 = ADVANCED_FACE('',(#2416),#2434,.T.);
#2416 = FACE_BOUND('',#2417,.T.);
#2417 = EDGE_LOOP('',(#2418,#2419,#2427,#2433));
#2418 = ORIENTED_EDGE('',*,*,#167,.T.);
#2419 = ORIENTED_EDGE('',*,*,#2420,.F.);
#2420 = EDGE_CURVE('',#2421,#160,#2423,.T.);
#2421 = VERTEX_POINT('',#2422);
#2422 = CARTESIAN_POINT('',(17.695117950439,7.53235244751,0.));
#2423 = LINE('',#2424,#2425);
#2424 = CARTESIAN_POINT('',(17.695117950439,7.53235244751,0.));
#2425 = VECTOR('',#2426,1.);
#2426 = DIRECTION('',(0.,0.,1.));
#2427 = ORIENTED_EDGE('',*,*,#2428,.F.);
#2428 = EDGE_CURVE('',#2396,#2421,#2429,.T.);
#2429 = LINE('',#2430,#2431);
#2430 = CARTESIAN_POINT('',(17.322277069092,7.655522823334,0.));
#2431 = VECTOR('',#2432,1.);
#2432 = DIRECTION('',(0.949527887963,-0.3136826262,0.));
#2433 = ORIENTED_EDGE('',*,*,#2395,.T.);
#2434 = PLANE('',#2435);
#2435 = AXIS2_PLACEMENT_3D('',#2436,#2437,#2438);
#2436 = CARTESIAN_POINT('',(17.508697509766,7.593937635422,3.));
#2437 = DIRECTION('',(0.3136826262,0.949527887963,0.));
#2438 = DIRECTION('',(0.949527887963,-0.3136826262,0.));
#2439 = ADVANCED_FACE('',(#2440),#2458,.T.);
#2440 = FACE_BOUND('',#2441,.T.);
#2441 = EDGE_LOOP('',(#2442,#2443,#2444,#2452));
#2442 = ORIENTED_EDGE('',*,*,#2420,.T.);
#2443 = ORIENTED_EDGE('',*,*,#159,.T.);
#2444 = ORIENTED_EDGE('',*,*,#2445,.F.);
#2445 = EDGE_CURVE('',#2446,#152,#2448,.T.);
#2446 = VERTEX_POINT('',#2447);
#2447 = CARTESIAN_POINT('',(18.06146812439,7.39103603363,0.));
#2448 = LINE('',#2449,#2450);
#2449 = CARTESIAN_POINT('',(18.06146812439,7.39103603363,0.));
#2450 = VECTOR('',#2451,1.);
#2451 = DIRECTION('',(0.,0.,1.));
#2452 = ORIENTED_EDGE('',*,*,#2453,.T.);
#2453 = EDGE_CURVE('',#2446,#2421,#2454,.T.);
#2454 = LINE('',#2455,#2456);
#2455 = CARTESIAN_POINT('',(18.06146812439,7.39103603363,0.));
#2456 = VECTOR('',#2457,1.);
#2457 = DIRECTION('',(-0.932993177125,0.359894055853,0.));
#2458 = PLANE('',#2459);
#2459 = AXIS2_PLACEMENT_3D('',#2460,#2461,#2462);
#2460 = CARTESIAN_POINT('',(17.878293037415,7.46169424057,3.));
#2461 = DIRECTION('',(0.359894055853,0.932993177125,0.));
#2462 = DIRECTION('',(0.932993177125,-0.359894055853,0.));
#2463 = ADVANCED_FACE('',(#2464),#2482,.T.);
#2464 = FACE_BOUND('',#2465,.T.);
#2465 = EDGE_LOOP('',(#2466,#2467,#2468,#2476));
#2466 = ORIENTED_EDGE('',*,*,#2445,.T.);
#2467 = ORIENTED_EDGE('',*,*,#151,.T.);
#2468 = ORIENTED_EDGE('',*,*,#2469,.F.);
#2469 = EDGE_CURVE('',#2470,#144,#2472,.T.);
#2470 = VERTEX_POINT('',#2471);
#2471 = CARTESIAN_POINT('',(18.420440673828,7.231914520264,0.));
#2472 = LINE('',#2473,#2474);
#2473 = CARTESIAN_POINT('',(18.420440673828,7.231914520264,0.));
#2474 = VECTOR('',#2475,1.);
#2475 = DIRECTION('',(0.,0.,1.));
#2476 = ORIENTED_EDGE('',*,*,#2477,.F.);
#2477 = EDGE_CURVE('',#2446,#2470,#2478,.T.);
#2478 = LINE('',#2479,#2480);
#2479 = CARTESIAN_POINT('',(18.06146812439,7.39103603363,0.));
#2480 = VECTOR('',#2481,1.);
#2481 = DIRECTION('',(0.914209825639,-0.405241156233,0.));
#2482 = PLANE('',#2483);
#2483 = AXIS2_PLACEMENT_3D('',#2484,#2485,#2486);
#2484 = CARTESIAN_POINT('',(18.240954399109,7.311475276947,3.));
#2485 = DIRECTION('',(0.405241156233,0.914209825639,0.));
#2486 = DIRECTION('',(0.914209825639,-0.405241156233,0.));
#2487 = ADVANCED_FACE('',(#2488),#2506,.T.);
#2488 = FACE_BOUND('',#2489,.T.);
#2489 = EDGE_LOOP('',(#2490,#2491,#2499,#2505));
#2490 = ORIENTED_EDGE('',*,*,#143,.F.);
#2491 = ORIENTED_EDGE('',*,*,#2492,.T.);
#2492 = EDGE_CURVE('',#136,#2493,#2495,.T.);
#2493 = VERTEX_POINT('',#2494);
#2494 = CARTESIAN_POINT('',(18.771173477173,7.055370330811,0.));
#2495 = LINE('',#2496,#2497);
#2496 = CARTESIAN_POINT('',(18.771173477173,7.055370330811,6.));
#2497 = VECTOR('',#2498,1.);
#2498 = DIRECTION('',(0.,0.,-1.));
#2499 = ORIENTED_EDGE('',*,*,#2500,.T.);
#2500 = EDGE_CURVE('',#2493,#2470,#2501,.T.);
#2501 = LINE('',#2502,#2503);
#2502 = CARTESIAN_POINT('',(18.771173477173,7.055370330811,0.));
#2503 = VECTOR('',#2504,1.);
#2504 = DIRECTION('',(-0.893224165864,0.449611598512,0.));
#2505 = ORIENTED_EDGE('',*,*,#2469,.T.);
#2506 = PLANE('',#2507);
#2507 = AXIS2_PLACEMENT_3D('',#2508,#2509,#2510);
#2508 = CARTESIAN_POINT('',(18.5958070755,7.143642425537,3.));
#2509 = DIRECTION('',(0.449611598512,0.893224165864,0.));
#2510 = DIRECTION('',(0.893224165864,-0.449611598512,0.));
#2511 = ADVANCED_FACE('',(#2512),#2530,.T.);
#2512 = FACE_BOUND('',#2513,.T.);
#2513 = EDGE_LOOP('',(#2514,#2515,#2523,#2529));
#2514 = ORIENTED_EDGE('',*,*,#135,.F.);
#2515 = ORIENTED_EDGE('',*,*,#2516,.T.);
#2516 = EDGE_CURVE('',#128,#2517,#2519,.T.);
#2517 = VERTEX_POINT('',#2518);
#2518 = CARTESIAN_POINT('',(19.112821578979,6.861828804016,0.));
#2519 = LINE('',#2520,#2521);
#2520 = CARTESIAN_POINT('',(19.112821578979,6.861828804016,6.));
#2521 = VECTOR('',#2522,1.);
#2522 = DIRECTION('',(0.,0.,-1.));
#2523 = ORIENTED_EDGE('',*,*,#2524,.T.);
#2524 = EDGE_CURVE('',#2517,#2493,#2525,.T.);
#2525 = LINE('',#2526,#2527);
#2526 = CARTESIAN_POINT('',(19.112821578979,6.861828804016,0.));
#2527 = VECTOR('',#2528,1.);
#2528 = DIRECTION('',(-0.870086698699,0.492898708405,0.));
#2529 = ORIENTED_EDGE('',*,*,#2492,.F.);
#2530 = PLANE('',#2531);
#2531 = AXIS2_PLACEMENT_3D('',#2532,#2533,#2534);
#2532 = CARTESIAN_POINT('',(18.941997528076,6.958599567413,3.));
#2533 = DIRECTION('',(0.492898708405,0.870086698699,0.));
#2534 = DIRECTION('',(0.870086698699,-0.492898708405,0.));
#2535 = ADVANCED_FACE('',(#2536),#2554,.T.);
#2536 = FACE_BOUND('',#2537,.T.);
#2537 = EDGE_LOOP('',(#2538,#2539,#2547,#2553));
#2538 = ORIENTED_EDGE('',*,*,#127,.F.);
#2539 = ORIENTED_EDGE('',*,*,#2540,.T.);
#2540 = EDGE_CURVE('',#120,#2541,#2543,.T.);
#2541 = VERTEX_POINT('',#2542);
#2542 = CARTESIAN_POINT('',(19.444561004639,6.651756763458,0.));
#2543 = LINE('',#2544,#2545);
#2544 = CARTESIAN_POINT('',(19.444561004639,6.651756763458,6.));
#2545 = VECTOR('',#2546,1.);
#2546 = DIRECTION('',(0.,0.,-1.));
#2547 = ORIENTED_EDGE('',*,*,#2548,.T.);
#2548 = EDGE_CURVE('',#2541,#2517,#2549,.T.);
#2549 = LINE('',#2550,#2551);
#2550 = CARTESIAN_POINT('',(19.444561004639,6.651756763458,0.));
#2551 = VECTOR('',#2552,1.);
#2552 = DIRECTION('',(-0.844853143864,0.534998285328,0.));
#2553 = ORIENTED_EDGE('',*,*,#2516,.F.);
#2554 = PLANE('',#2555);
#2555 = AXIS2_PLACEMENT_3D('',#2556,#2557,#2558);
#2556 = CARTESIAN_POINT('',(19.278691291809,6.756792783737,3.));
#2557 = DIRECTION('',(0.534998285328,0.844853143864,0.));
#2558 = DIRECTION('',(0.844853143864,-0.534998285328,0.));
#2559 = ADVANCED_FACE('',(#2560),#2578,.T.);
#2560 = FACE_BOUND('',#2561,.T.);
#2561 = EDGE_LOOP('',(#2562,#2563,#2564,#2572));
#2562 = ORIENTED_EDGE('',*,*,#2540,.F.);
#2563 = ORIENTED_EDGE('',*,*,#119,.F.);
#2564 = ORIENTED_EDGE('',*,*,#2565,.T.);
#2565 = EDGE_CURVE('',#112,#2566,#2568,.T.);
#2566 = VERTEX_POINT('',#2567);
#2567 = CARTESIAN_POINT('',(19.765594482422,6.425660133362,0.));
#2568 = LINE('',#2569,#2570);
#2569 = CARTESIAN_POINT('',(19.765594482422,6.425660133362,6.));
#2570 = VECTOR('',#2571,1.);
#2571 = DIRECTION('',(0.,0.,-1.));
#2572 = ORIENTED_EDGE('',*,*,#2573,.T.);
#2573 = EDGE_CURVE('',#2566,#2541,#2574,.T.);
#2574 = LINE('',#2575,#2576);
#2575 = CARTESIAN_POINT('',(19.765594482422,6.425660133362,0.));
#2576 = VECTOR('',#2577,1.);
#2577 = DIRECTION('',(-0.817585597918,0.575807077134,0.));
#2578 = PLANE('',#2579);
#2579 = AXIS2_PLACEMENT_3D('',#2580,#2581,#2582);
#2580 = CARTESIAN_POINT('',(19.60507774353,6.53870844841,3.));
#2581 = DIRECTION('',(0.575807077134,0.817585597918,0.));
#2582 = DIRECTION('',(0.817585597918,-0.575807077134,0.));
#2583 = ADVANCED_FACE('',(#2584),#2602,.T.);
#2584 = FACE_BOUND('',#2585,.T.);
#2585 = EDGE_LOOP('',(#2586,#2594,#2600,#2601));
#2586 = ORIENTED_EDGE('',*,*,#2587,.T.);
#2587 = EDGE_CURVE('',#104,#2588,#2590,.T.);
#2588 = VERTEX_POINT('',#2589);
#2589 = CARTESIAN_POINT('',(20.075145721436,6.184083461761,0.));
#2590 = LINE('',#2591,#2592);
#2591 = CARTESIAN_POINT('',(20.075145721436,6.184083461761,6.));
#2592 = VECTOR('',#2593,1.);
#2593 = DIRECTION('',(0.,0.,-1.));
#2594 = ORIENTED_EDGE('',*,*,#2595,.F.);
#2595 = EDGE_CURVE('',#2566,#2588,#2596,.T.);
#2596 = LINE('',#2597,#2598);
#2597 = CARTESIAN_POINT('',(19.765594482422,6.425660133362,0.));
#2598 = VECTOR('',#2599,1.);
#2599 = DIRECTION('',(0.7883457932,-0.615232403522,0.));
#2600 = ORIENTED_EDGE('',*,*,#2565,.F.);
#2601 = ORIENTED_EDGE('',*,*,#111,.F.);
#2602 = PLANE('',#2603);
#2603 = AXIS2_PLACEMENT_3D('',#2604,#2605,#2606);
#2604 = CARTESIAN_POINT('',(19.920370101929,6.304871797562,3.));
#2605 = DIRECTION('',(0.615232403522,0.7883457932,0.));
#2606 = DIRECTION('',(0.7883457932,-0.615232403522,0.));
#2607 = ADVANCED_FACE('',(#2608),#2626,.T.);
#2608 = FACE_BOUND('',#2609,.T.);
#2609 = EDGE_LOOP('',(#2610,#2618,#2619,#2620));
#2610 = ORIENTED_EDGE('',*,*,#2611,.T.);
#2611 = EDGE_CURVE('',#2612,#2588,#2614,.T.);
#2612 = VERTEX_POINT('',#2613);
#2613 = CARTESIAN_POINT('',(20.372470855713,5.927608966827,0.));
#2614 = LINE('',#2615,#2616);
#2615 = CARTESIAN_POINT('',(20.372470855713,5.927608966827,0.));
#2616 = VECTOR('',#2617,1.);
#2617 = DIRECTION('',(-0.757208757961,0.653172945603,0.));
#2618 = ORIENTED_EDGE('',*,*,#2587,.F.);
#2619 = ORIENTED_EDGE('',*,*,#103,.F.);
#2620 = ORIENTED_EDGE('',*,*,#2621,.T.);
#2621 = EDGE_CURVE('',#96,#2612,#2622,.T.);
#2622 = LINE('',#2623,#2624);
#2623 = CARTESIAN_POINT('',(20.372470855713,5.927608966827,6.));
#2624 = VECTOR('',#2625,1.);
#2625 = DIRECTION('',(0.,0.,-1.));
#2626 = PLANE('',#2627);
#2627 = AXIS2_PLACEMENT_3D('',#2628,#2629,#2630);
#2628 = CARTESIAN_POINT('',(20.223808288574,6.055846214294,3.));
#2629 = DIRECTION('',(0.653172945603,0.757208757961,0.));
#2630 = DIRECTION('',(0.757208757961,-0.653172945603,0.));
#2631 = ADVANCED_FACE('',(#2632),#2650,.T.);
#2632 = FACE_BOUND('',#2633,.T.);
#2633 = EDGE_LOOP('',(#2634,#2635,#2643,#2649));
#2634 = ORIENTED_EDGE('',*,*,#95,.F.);
#2635 = ORIENTED_EDGE('',*,*,#2636,.T.);
#2636 = EDGE_CURVE('',#88,#2637,#2639,.T.);
#2637 = VERTEX_POINT('',#2638);
#2638 = CARTESIAN_POINT('',(20.656854629517,5.656854152679,0.));
#2639 = LINE('',#2640,#2641);
#2640 = CARTESIAN_POINT('',(20.656854629517,5.656854152679,6.));
#2641 = VECTOR('',#2642,1.);
#2642 = DIRECTION('',(0.,0.,-1.));
#2643 = ORIENTED_EDGE('',*,*,#2644,.T.);
#2644 = EDGE_CURVE('',#2637,#2612,#2645,.T.);
#2645 = LINE('',#2646,#2647);
#2646 = CARTESIAN_POINT('',(20.656854629517,5.656854152679,0.));
#2647 = VECTOR('',#2648,1.);
#2648 = DIRECTION('',(-0.724248413985,0.689539146706,0.));
#2649 = ORIENTED_EDGE('',*,*,#2621,.F.);
#2650 = PLANE('',#2651);
#2651 = AXIS2_PLACEMENT_3D('',#2652,#2653,#2654);
#2652 = CARTESIAN_POINT('',(20.514662742615,5.792231559753,3.));
#2653 = DIRECTION('',(0.689539146706,0.724248413985,0.));
#2654 = DIRECTION('',(0.724248413985,-0.689539146706,0.));
#2655 = ADVANCED_FACE('',(#2656),#2674,.T.);
#2656 = FACE_BOUND('',#2657,.T.);
#2657 = EDGE_LOOP('',(#2658,#2666,#2667,#2668));
#2658 = ORIENTED_EDGE('',*,*,#2659,.T.);
#2659 = EDGE_CURVE('',#2660,#2637,#2662,.T.);
#2660 = VERTEX_POINT('',#2661);
#2661 = CARTESIAN_POINT('',(20.92760848999,5.372471809387,0.));
#2662 = LINE('',#2663,#2664);
#2663 = CARTESIAN_POINT('',(20.92760848999,5.372471809387,0.));
#2664 = VECTOR('',#2665,1.);
#2665 = DIRECTION('',(-0.68953969211,0.724247894719,0.));
#2666 = ORIENTED_EDGE('',*,*,#2636,.F.);
#2667 = ORIENTED_EDGE('',*,*,#87,.T.);
#2668 = ORIENTED_EDGE('',*,*,#2669,.T.);
#2669 = EDGE_CURVE('',#80,#2660,#2670,.T.);
#2670 = LINE('',#2671,#2672);
#2671 = CARTESIAN_POINT('',(20.92760848999,5.372471809387,6.));
#2672 = VECTOR('',#2673,1.);
#2673 = DIRECTION('',(0.,0.,-1.));
#2674 = PLANE('',#2675);
#2675 = AXIS2_PLACEMENT_3D('',#2676,#2677,#2678);
#2676 = CARTESIAN_POINT('',(20.792231559753,5.514662981033,3.));
#2677 = DIRECTION('',(0.724247894719,0.68953969211,0.));
#2678 = DIRECTION('',(-0.68953969211,0.724247894719,0.));
#2679 = ADVANCED_FACE('',(#2680),#2698,.T.);
#2680 = FACE_BOUND('',#2681,.T.);
#2681 = EDGE_LOOP('',(#2682,#2690,#2696,#2697));
#2682 = ORIENTED_EDGE('',*,*,#2683,.F.);
#2683 = EDGE_CURVE('',#2684,#72,#2686,.T.);
#2684 = VERTEX_POINT('',#2685);
#2685 = CARTESIAN_POINT('',(21.184083938599,5.075146198273,0.));
#2686 = LINE('',#2687,#2688);
#2687 = CARTESIAN_POINT('',(21.184083938599,5.075146198273,0.));
#2688 = VECTOR('',#2689,1.);
#2689 = DIRECTION('',(0.,0.,1.));
#2690 = ORIENTED_EDGE('',*,*,#2691,.T.);
#2691 = EDGE_CURVE('',#2684,#2660,#2692,.T.);
#2692 = LINE('',#2693,#2694);
#2693 = CARTESIAN_POINT('',(21.184083938599,5.075146198273,0.));
#2694 = VECTOR('',#2695,1.);
#2695 = DIRECTION('',(-0.653173737548,0.757208074824,0.));
#2696 = ORIENTED_EDGE('',*,*,#2669,.F.);
#2697 = ORIENTED_EDGE('',*,*,#79,.T.);
#2698 = PLANE('',#2699);
#2699 = AXIS2_PLACEMENT_3D('',#2700,#2701,#2702);
#2700 = CARTESIAN_POINT('',(21.055846214294,5.22380900383,3.));
#2701 = DIRECTION('',(0.757208074824,0.653173737548,0.));
#2702 = DIRECTION('',(-0.653173737548,0.757208074824,0.));
#2703 = ADVANCED_FACE('',(#2704),#2722,.T.);
#2704 = FACE_BOUND('',#2705,.T.);
#2705 = EDGE_LOOP('',(#2706,#2707,#2715,#2721));
#2706 = ORIENTED_EDGE('',*,*,#71,.T.);
#2707 = ORIENTED_EDGE('',*,*,#2708,.F.);
#2708 = EDGE_CURVE('',#2709,#64,#2711,.T.);
#2709 = VERTEX_POINT('',#2710);
#2710 = CARTESIAN_POINT('',(21.425661087036,4.765594482422,0.));
#2711 = LINE('',#2712,#2713);
#2712 = CARTESIAN_POINT('',(21.425661087036,4.765594482422,0.));
#2713 = VECTOR('',#2714,1.);
#2714 = DIRECTION('',(0.,0.,1.));
#2715 = ORIENTED_EDGE('',*,*,#2716,.T.);
#2716 = EDGE_CURVE('',#2709,#2684,#2717,.T.);
#2717 = LINE('',#2718,#2719);
#2718 = CARTESIAN_POINT('',(21.425661087036,4.765594482422,0.));
#2719 = VECTOR('',#2720,1.);
#2720 = DIRECTION('',(-0.615232569252,0.788345663863,0.));
#2721 = ORIENTED_EDGE('',*,*,#2683,.T.);
#2722 = PLANE('',#2723);
#2723 = AXIS2_PLACEMENT_3D('',#2724,#2725,#2726);
#2724 = CARTESIAN_POINT('',(21.304872512817,4.920370340347,3.));
#2725 = DIRECTION('',(0.788345663863,0.615232569252,0.));
#2726 = DIRECTION('',(-0.615232569252,0.788345663863,0.));
#2727 = ADVANCED_FACE('',(#2728),#2746,.T.);
#2728 = FACE_BOUND('',#2729,.T.);
#2729 = EDGE_LOOP('',(#2730,#2738,#2739,#2740));
#2730 = ORIENTED_EDGE('',*,*,#2731,.T.);
#2731 = EDGE_CURVE('',#2732,#2709,#2734,.T.);
#2732 = VERTEX_POINT('',#2733);
#2733 = CARTESIAN_POINT('',(21.651756286621,4.444561958313,0.));
#2734 = LINE('',#2735,#2736);
#2735 = CARTESIAN_POINT('',(21.651756286621,4.444561958313,0.));
#2736 = VECTOR('',#2737,1.);
#2737 = DIRECTION('',(-0.575805785281,0.817586507739,0.));
#2738 = ORIENTED_EDGE('',*,*,#2708,.T.);
#2739 = ORIENTED_EDGE('',*,*,#63,.T.);
#2740 = ORIENTED_EDGE('',*,*,#2741,.T.);
#2741 = EDGE_CURVE('',#56,#2732,#2742,.T.);
#2742 = LINE('',#2743,#2744);
#2743 = CARTESIAN_POINT('',(21.651756286621,4.444561958313,6.));
#2744 = VECTOR('',#2745,1.);
#2745 = DIRECTION('',(0.,0.,-1.));
#2746 = PLANE('',#2747);
#2747 = AXIS2_PLACEMENT_3D('',#2748,#2749,#2750);
#2748 = CARTESIAN_POINT('',(21.538708686829,4.605078220367,3.));
#2749 = DIRECTION('',(0.817586507739,0.575805785281,0.));
#2750 = DIRECTION('',(-0.575805785281,0.817586507739,0.));
#2751 = ADVANCED_FACE('',(#2752),#2770,.T.);
#2752 = FACE_BOUND('',#2753,.T.);
#2753 = EDGE_LOOP('',(#2754,#2762,#2763,#2764));
#2754 = ORIENTED_EDGE('',*,*,#2755,.T.);
#2755 = EDGE_CURVE('',#2756,#2732,#2758,.T.);
#2756 = VERTEX_POINT('',#2757);
#2757 = CARTESIAN_POINT('',(21.86182975769,4.112822055817,0.));
#2758 = LINE('',#2759,#2760);
#2759 = CARTESIAN_POINT('',(21.86182975769,4.112822055817,0.));
#2760 = VECTOR('',#2761,1.);
#2761 = DIRECTION('',(-0.535000336813,0.844851844769,0.));
#2762 = ORIENTED_EDGE('',*,*,#2741,.F.);
#2763 = ORIENTED_EDGE('',*,*,#55,.T.);
#2764 = ORIENTED_EDGE('',*,*,#2765,.F.);
#2765 = EDGE_CURVE('',#2756,#48,#2766,.T.);
#2766 = LINE('',#2767,#2768);
#2767 = CARTESIAN_POINT('',(21.86182975769,4.112822055817,0.));
#2768 = VECTOR('',#2769,1.);
#2769 = DIRECTION('',(0.,0.,1.));
#2770 = PLANE('',#2771);
#2771 = AXIS2_PLACEMENT_3D('',#2772,#2773,#2774);
#2772 = CARTESIAN_POINT('',(21.756793022156,4.278692007065,3.));
#2773 = DIRECTION('',(0.844851844769,0.535000336813,0.));
#2774 = DIRECTION('',(-0.535000336813,0.844851844769,0.));
#2775 = ADVANCED_FACE('',(#2776),#2794,.T.);
#2776 = FACE_BOUND('',#2777,.T.);
#2777 = EDGE_LOOP('',(#2778,#2786,#2787,#2788));
#2778 = ORIENTED_EDGE('',*,*,#2779,.F.);
#2779 = EDGE_CURVE('',#2756,#2780,#2782,.T.);
#2780 = VERTEX_POINT('',#2781);
#2781 = CARTESIAN_POINT('',(22.055370330811,3.77117395401,0.));
#2782 = LINE('',#2783,#2784);
#2783 = CARTESIAN_POINT('',(21.86182975769,4.112822055817,0.));
#2784 = VECTOR('',#2785,1.);
#2785 = DIRECTION('',(0.492896869711,-0.870087740305,0.));
#2786 = ORIENTED_EDGE('',*,*,#2765,.T.);
#2787 = ORIENTED_EDGE('',*,*,#47,.T.);
#2788 = ORIENTED_EDGE('',*,*,#2789,.T.);
#2789 = EDGE_CURVE('',#40,#2780,#2790,.T.);
#2790 = LINE('',#2791,#2792);
#2791 = CARTESIAN_POINT('',(22.055370330811,3.77117395401,6.));
#2792 = VECTOR('',#2793,1.);
#2793 = DIRECTION('',(0.,0.,-1.));
#2794 = PLANE('',#2795);
#2795 = AXIS2_PLACEMENT_3D('',#2796,#2797,#2798);
#2796 = CARTESIAN_POINT('',(21.95860004425,3.941998004913,3.));
#2797 = DIRECTION('',(0.870087740305,0.492896869711,0.));
#2798 = DIRECTION('',(-0.492896869711,0.870087740305,0.));
#2799 = ADVANCED_FACE('',(#2800),#2818,.T.);
#2800 = FACE_BOUND('',#2801,.T.);
#2801 = EDGE_LOOP('',(#2802,#2810,#2816,#2817));
#2802 = ORIENTED_EDGE('',*,*,#2803,.T.);
#2803 = EDGE_CURVE('',#32,#2804,#2806,.T.);
#2804 = VERTEX_POINT('',#2805);
#2805 = CARTESIAN_POINT('',(22.231914520264,3.420440673828,0.));
#2806 = LINE('',#2807,#2808);
#2807 = CARTESIAN_POINT('',(22.231914520264,3.420440673828,6.));
#2808 = VECTOR('',#2809,1.);
#2809 = DIRECTION('',(0.,0.,-1.));
#2810 = ORIENTED_EDGE('',*,*,#2811,.F.);
#2811 = EDGE_CURVE('',#2780,#2804,#2812,.T.);
#2812 = LINE('',#2813,#2814);
#2813 = CARTESIAN_POINT('',(22.055370330811,3.77117395401,0.));
#2814 = VECTOR('',#2815,1.);
#2815 = DIRECTION('',(0.449611110813,-0.893224411351,0.));
#2816 = ORIENTED_EDGE('',*,*,#2789,.F.);
#2817 = ORIENTED_EDGE('',*,*,#39,.T.);
#2818 = PLANE('',#2819);
#2819 = AXIS2_PLACEMENT_3D('',#2820,#2821,#2822);
#2820 = CARTESIAN_POINT('',(22.143642425537,3.595807313919,3.));
#2821 = DIRECTION('',(0.893224411351,0.449611110813,0.));
#2822 = DIRECTION('',(-0.449611110813,0.893224411351,0.));
#2823 = ADVANCED_FACE('',(#2824),#2835,.T.);
#2824 = FACE_BOUND('',#2825,.T.);
#2825 = EDGE_LOOP('',(#2826,#2832,#2833,#2834));
#2826 = ORIENTED_EDGE('',*,*,#2827,.T.);
#2827 = EDGE_CURVE('',#671,#2804,#2828,.T.);
#2828 = LINE('',#2829,#2830);
#2829 = CARTESIAN_POINT('',(22.391036987305,3.061467409134,0.));
#2830 = VECTOR('',#2831,1.);
#2831 = DIRECTION('',(-0.405242511291,0.914209224982,0.));
#2832 = ORIENTED_EDGE('',*,*,#2803,.F.);
#2833 = ORIENTED_EDGE('',*,*,#31,.F.);
#2834 = ORIENTED_EDGE('',*,*,#678,.T.);
#2835 = PLANE('',#2836);
#2836 = AXIS2_PLACEMENT_3D('',#2837,#2838,#2839);
#2837 = CARTESIAN_POINT('',(22.311475753784,3.240954041481,3.));
#2838 = DIRECTION('',(0.914209224982,0.405242511291,0.));
#2839 = DIRECTION('',(-0.405242511291,0.914209224982,0.));
#2840 = ADVANCED_FACE('',(#2841,#2916),#2966,.T.);
#2841 = FACE_BOUND('',#2842,.T.);
#2842 = EDGE_LOOP('',(#2843,#2844,#2845,#2846,#2847,#2848,#2849,#2850,
    #2851,#2852,#2853,#2854,#2855,#2856,#2857,#2858,#2859,#2860,#2861,
    #2862,#2863,#2864,#2865,#2866,#2867,#2868,#2869,#2875,#2876,#2877,
    #2878,#2879,#2880,#2881,#2882,#2883,#2884,#2885,#2886,#2887,#2888,
    #2889,#2890,#2891,#2892,#2893,#2894,#2895,#2896,#2897,#2898,#2899,
    #2900,#2901,#2902,#2903,#2904,#2905,#2906,#2907,#2908,#2909,#2910,
    #2911,#2912,#2913,#2914,#2915));
#2843 = ORIENTED_EDGE('',*,*,#2453,.F.);
#2844 = ORIENTED_EDGE('',*,*,#2477,.T.);
#2845 = ORIENTED_EDGE('',*,*,#2500,.F.);
#2846 = ORIENTED_EDGE('',*,*,#2524,.F.);
#2847 = ORIENTED_EDGE('',*,*,#2548,.F.);
#2848 = ORIENTED_EDGE('',*,*,#2573,.F.);
#2849 = ORIENTED_EDGE('',*,*,#2595,.T.);
#2850 = ORIENTED_EDGE('',*,*,#2611,.F.);
#2851 = ORIENTED_EDGE('',*,*,#2644,.F.);
#2852 = ORIENTED_EDGE('',*,*,#2659,.F.);
#2853 = ORIENTED_EDGE('',*,*,#2691,.F.);
#2854 = ORIENTED_EDGE('',*,*,#2716,.F.);
#2855 = ORIENTED_EDGE('',*,*,#2731,.F.);
#2856 = ORIENTED_EDGE('',*,*,#2755,.F.);
#2857 = ORIENTED_EDGE('',*,*,#2779,.T.);
#2858 = ORIENTED_EDGE('',*,*,#2811,.T.);
#2859 = ORIENTED_EDGE('',*,*,#2827,.F.);
#2860 = ORIENTED_EDGE('',*,*,#670,.F.);
#2861 = ORIENTED_EDGE('',*,*,#693,.T.);
#2862 = ORIENTED_EDGE('',*,*,#726,.T.);
#2863 = ORIENTED_EDGE('',*,*,#750,.F.);
#2864 = ORIENTED_EDGE('',*,*,#773,.F.);
#2865 = ORIENTED_EDGE('',*,*,#789,.F.);
#2866 = ORIENTED_EDGE('',*,*,#813,.T.);
#2867 = ORIENTED_EDGE('',*,*,#845,.F.);
#2868 = ORIENTED_EDGE('',*,*,#903,.F.);
#2869 = ORIENTED_EDGE('',*,*,#2870,.F.);
#2870 = EDGE_CURVE('',#951,#896,#2871,.T.);
#2871 = LINE('',#2872,#2873);
#2872 = CARTESIAN_POINT('',(-23.,-44.,0.));
#2873 = VECTOR('',#2874,1.);
#2874 = DIRECTION('',(1.,0.,0.));
#2875 = ORIENTED_EDGE('',*,*,#950,.F.);
#2876 = ORIENTED_EDGE('',*,*,#1005,.F.);
#2877 = ORIENTED_EDGE('',*,*,#1021,.T.);
#2878 = ORIENTED_EDGE('',*,*,#1045,.F.);
#2879 = ORIENTED_EDGE('',*,*,#1077,.F.);
#2880 = ORIENTED_EDGE('',*,*,#1103,.F.);
#2881 = ORIENTED_EDGE('',*,*,#1125,.F.);
#2882 = ORIENTED_EDGE('',*,*,#1151,.F.);
#2883 = ORIENTED_EDGE('',*,*,#1173,.T.);
#2884 = ORIENTED_EDGE('',*,*,#1199,.F.);
#2885 = ORIENTED_EDGE('',*,*,#1213,.T.);
#2886 = ORIENTED_EDGE('',*,*,#1237,.T.);
#2887 = ORIENTED_EDGE('',*,*,#1269,.F.);
#2888 = ORIENTED_EDGE('',*,*,#1293,.F.);
#2889 = ORIENTED_EDGE('',*,*,#1319,.F.);
#2890 = ORIENTED_EDGE('',*,*,#1333,.F.);
#2891 = ORIENTED_EDGE('',*,*,#1365,.F.);
#2892 = ORIENTED_EDGE('',*,*,#1390,.F.);
#2893 = ORIENTED_EDGE('',*,*,#1415,.F.);
#2894 = ORIENTED_EDGE('',*,*,#1438,.F.);
#2895 = ORIENTED_EDGE('',*,*,#1463,.F.);
#2896 = ORIENTED_EDGE('',*,*,#1485,.F.);
#2897 = ORIENTED_EDGE('',*,*,#1511,.F.);
#2898 = ORIENTED_EDGE('',*,*,#1534,.F.);
#2899 = ORIENTED_EDGE('',*,*,#1559,.F.);
#2900 = ORIENTED_EDGE('',*,*,#1581,.T.);
#2901 = ORIENTED_EDGE('',*,*,#1606,.T.);
#2902 = ORIENTED_EDGE('',*,*,#1631,.F.);
#2903 = ORIENTED_EDGE('',*,*,#1653,.F.);
#2904 = ORIENTED_EDGE('',*,*,#1669,.F.);
#2905 = ORIENTED_EDGE('',*,*,#1693,.F.);
#2906 = ORIENTED_EDGE('',*,*,#1725,.F.);
#2907 = ORIENTED_EDGE('',*,*,#1751,.F.);
#2908 = ORIENTED_EDGE('',*,*,#1791,.F.);
#2909 = ORIENTED_EDGE('',*,*,#2283,.T.);
#2910 = ORIENTED_EDGE('',*,*,#2299,.T.);
#2911 = ORIENTED_EDGE('',*,*,#2331,.F.);
#2912 = ORIENTED_EDGE('',*,*,#2355,.F.);
#2913 = ORIENTED_EDGE('',*,*,#2381,.F.);
#2914 = ORIENTED_EDGE('',*,*,#2403,.F.);
#2915 = ORIENTED_EDGE('',*,*,#2428,.T.);
#2916 = FACE_BOUND('',#2917,.T.);
#2917 = EDGE_LOOP('',(#2918,#2928,#2936,#2944,#2952,#2960));
#2918 = ORIENTED_EDGE('',*,*,#2919,.T.);
#2919 = EDGE_CURVE('',#2920,#2922,#2924,.T.);
#2920 = VERTEX_POINT('',#2921);
#2921 = CARTESIAN_POINT('',(-2.525,-2.286825748733,0.));
#2922 = VERTEX_POINT('',#2923);
#2923 = CARTESIAN_POINT('',(-5.E-02,2.,0.));
#2924 = LINE('',#2925,#2926);
#2925 = CARTESIAN_POINT('',(-5.826240811784,-8.004742562763,
    6.938893903907E-18));
#2926 = VECTOR('',#2927,1.);
#2927 = DIRECTION('',(0.5,0.866025403784,-0.));
#2928 = ORIENTED_EDGE('',*,*,#2929,.T.);
#2929 = EDGE_CURVE('',#2922,#2930,#2932,.T.);
#2930 = VERTEX_POINT('',#2931);
#2931 = CARTESIAN_POINT('',(-2.525,6.286825748733,0.));
#2932 = LINE('',#2933,#2934);
#2933 = CARTESIAN_POINT('',(4.501241632076,-5.882981744279,0.));
#2934 = VECTOR('',#2935,1.);
#2935 = DIRECTION('',(-0.5,0.866025403784,0.));
#2936 = ORIENTED_EDGE('',*,*,#2937,.T.);
#2937 = EDGE_CURVE('',#2930,#2938,#2940,.T.);
#2938 = VERTEX_POINT('',#2939);
#2939 = CARTESIAN_POINT('',(-7.475,6.286825748733,0.));
#2940 = LINE('',#2941,#2942);
#2941 = CARTESIAN_POINT('',(-1.262498359416,6.286825748733,0.));
#2942 = VECTOR('',#2943,1.);
#2943 = DIRECTION('',(-1.,1.794299837778E-16,0.));
#2944 = ORIENTED_EDGE('',*,*,#2945,.T.);
#2945 = EDGE_CURVE('',#2938,#2946,#2948,.T.);
#2946 = VERTEX_POINT('',#2947);
#2947 = CARTESIAN_POINT('',(-9.95,2.,0.));
#2948 = LINE('',#2949,#2950);
#2949 = CARTESIAN_POINT('',(-12.01374081178,-1.574503939664,0.));
#2950 = VECTOR('',#2951,1.);
#2951 = DIRECTION('',(-0.5,-0.866025403784,0.));
#2952 = ORIENTED_EDGE('',*,*,#2953,.T.);
#2953 = EDGE_CURVE('',#2946,#2954,#2956,.T.);
#2954 = VERTEX_POINT('',#2955);
#2955 = CARTESIAN_POINT('',(-7.475,-2.286825748733,0.));
#2956 = LINE('',#2957,#2958);
#2957 = CARTESIAN_POINT('',(-4.161258367924,-8.026394618646,0.));
#2958 = VECTOR('',#2959,1.);
#2959 = DIRECTION('',(0.5,-0.866025403784,0.));
#2960 = ORIENTED_EDGE('',*,*,#2961,.T.);
#2961 = EDGE_CURVE('',#2954,#2920,#2962,.T.);
#2962 = LINE('',#2963,#2964);
#2963 = CARTESIAN_POINT('',(-3.737498359416,-2.286825748733,0.));
#2964 = VECTOR('',#2965,1.);
#2965 = DIRECTION('',(1.,-5.382899513334E-16,0.));
#2966 = PLANE('',#2967);
#2967 = AXIS2_PLACEMENT_3D('',#2968,#2969,#2970);
#2968 = CARTESIAN_POINT('',(3.281168152257E-06,-18.99241524356,0.));
#2969 = DIRECTION('',(-0.,-0.,-1.));
#2970 = DIRECTION('',(-1.,0.,0.));
#2971 = ADVANCED_FACE('',(#2972,#3495),#3506,.T.);
#2972 = FACE_BOUND('',#2973,.T.);
#2973 = EDGE_LOOP('',(#2974,#2984,#2992,#3000,#3008,#3016,#3024,#3032,
    #3040,#3048,#3056,#3064,#3072,#3080,#3088,#3096,#3104,#3112,#3120,
    #3128,#3136,#3144,#3152,#3160,#3166,#3167,#3168,#3169,#3177,#3185,
    #3193,#3201,#3209,#3217,#3225,#3233,#3241,#3249,#3257,#3265,#3273,
    #3281,#3289,#3297,#3305,#3313,#3321,#3329,#3337,#3345,#3353,#3361,
    #3369,#3377,#3385,#3393,#3401,#3409,#3417,#3425,#3433,#3441,#3449,
    #3457,#3465,#3473,#3481,#3489));
#2974 = ORIENTED_EDGE('',*,*,#2975,.T.);
#2975 = EDGE_CURVE('',#2976,#2978,#2980,.T.);
#2976 = VERTEX_POINT('',#2977);
#2977 = CARTESIAN_POINT('',(18.06146812439,7.39103603363,-17.25));
#2978 = VERTEX_POINT('',#2979);
#2979 = CARTESIAN_POINT('',(18.420440673828,7.231914520264,-17.25));
#2980 = LINE('',#2981,#2982);
#2981 = CARTESIAN_POINT('',(18.06146812439,7.39103603363,-17.25));
#2982 = VECTOR('',#2983,1.);
#2983 = DIRECTION('',(0.914209825639,-0.405241156233,0.));
#2984 = ORIENTED_EDGE('',*,*,#2985,.F.);
#2985 = EDGE_CURVE('',#2986,#2978,#2988,.T.);
#2986 = VERTEX_POINT('',#2987);
#2987 = CARTESIAN_POINT('',(18.771173477173,7.055370330811,-17.25));
#2988 = LINE('',#2989,#2990);
#2989 = CARTESIAN_POINT('',(18.771173477173,7.055370330811,-17.25));
#2990 = VECTOR('',#2991,1.);
#2991 = DIRECTION('',(-0.893224165864,0.449611598512,0.));
#2992 = ORIENTED_EDGE('',*,*,#2993,.F.);
#2993 = EDGE_CURVE('',#2994,#2986,#2996,.T.);
#2994 = VERTEX_POINT('',#2995);
#2995 = CARTESIAN_POINT('',(19.112821578979,6.861828804016,-17.25));
#2996 = LINE('',#2997,#2998);
#2997 = CARTESIAN_POINT('',(19.112821578979,6.861828804016,-17.25));
#2998 = VECTOR('',#2999,1.);
#2999 = DIRECTION('',(-0.870086698699,0.492898708405,0.));
#3000 = ORIENTED_EDGE('',*,*,#3001,.F.);
#3001 = EDGE_CURVE('',#3002,#2994,#3004,.T.);
#3002 = VERTEX_POINT('',#3003);
#3003 = CARTESIAN_POINT('',(19.444561004639,6.651756763458,-17.25));
#3004 = LINE('',#3005,#3006);
#3005 = CARTESIAN_POINT('',(19.444561004639,6.651756763458,-17.25));
#3006 = VECTOR('',#3007,1.);
#3007 = DIRECTION('',(-0.844853143864,0.534998285328,0.));
#3008 = ORIENTED_EDGE('',*,*,#3009,.F.);
#3009 = EDGE_CURVE('',#3010,#3002,#3012,.T.);
#3010 = VERTEX_POINT('',#3011);
#3011 = CARTESIAN_POINT('',(19.765594482422,6.425660133362,-17.25));
#3012 = LINE('',#3013,#3014);
#3013 = CARTESIAN_POINT('',(19.765594482422,6.425660133362,-17.25));
#3014 = VECTOR('',#3015,1.);
#3015 = DIRECTION('',(-0.817585597918,0.575807077134,0.));
#3016 = ORIENTED_EDGE('',*,*,#3017,.T.);
#3017 = EDGE_CURVE('',#3010,#3018,#3020,.T.);
#3018 = VERTEX_POINT('',#3019);
#3019 = CARTESIAN_POINT('',(20.075145721436,6.184083461761,-17.25));
#3020 = LINE('',#3021,#3022);
#3021 = CARTESIAN_POINT('',(19.765594482422,6.425660133362,-17.25));
#3022 = VECTOR('',#3023,1.);
#3023 = DIRECTION('',(0.7883457932,-0.615232403522,0.));
#3024 = ORIENTED_EDGE('',*,*,#3025,.F.);
#3025 = EDGE_CURVE('',#3026,#3018,#3028,.T.);
#3026 = VERTEX_POINT('',#3027);
#3027 = CARTESIAN_POINT('',(20.372470855713,5.927608966827,-17.25));
#3028 = LINE('',#3029,#3030);
#3029 = CARTESIAN_POINT('',(20.372470855713,5.927608966827,-17.25));
#3030 = VECTOR('',#3031,1.);
#3031 = DIRECTION('',(-0.757208757961,0.653172945603,0.));
#3032 = ORIENTED_EDGE('',*,*,#3033,.F.);
#3033 = EDGE_CURVE('',#3034,#3026,#3036,.T.);
#3034 = VERTEX_POINT('',#3035);
#3035 = CARTESIAN_POINT('',(20.656854629517,5.656854152679,-17.25));
#3036 = LINE('',#3037,#3038);
#3037 = CARTESIAN_POINT('',(20.656854629517,5.656854152679,-17.25));
#3038 = VECTOR('',#3039,1.);
#3039 = DIRECTION('',(-0.724248413985,0.689539146706,0.));
#3040 = ORIENTED_EDGE('',*,*,#3041,.F.);
#3041 = EDGE_CURVE('',#3042,#3034,#3044,.T.);
#3042 = VERTEX_POINT('',#3043);
#3043 = CARTESIAN_POINT('',(20.92760848999,5.372471809387,-17.25));
#3044 = LINE('',#3045,#3046);
#3045 = CARTESIAN_POINT('',(20.92760848999,5.372471809387,-17.25));
#3046 = VECTOR('',#3047,1.);
#3047 = DIRECTION('',(-0.68953969211,0.724247894719,0.));
#3048 = ORIENTED_EDGE('',*,*,#3049,.F.);
#3049 = EDGE_CURVE('',#3050,#3042,#3052,.T.);
#3050 = VERTEX_POINT('',#3051);
#3051 = CARTESIAN_POINT('',(21.184083938599,5.075146198273,-17.25));
#3052 = LINE('',#3053,#3054);
#3053 = CARTESIAN_POINT('',(21.184083938599,5.075146198273,-17.25));
#3054 = VECTOR('',#3055,1.);
#3055 = DIRECTION('',(-0.653173737548,0.757208074824,0.));
#3056 = ORIENTED_EDGE('',*,*,#3057,.F.);
#3057 = EDGE_CURVE('',#3058,#3050,#3060,.T.);
#3058 = VERTEX_POINT('',#3059);
#3059 = CARTESIAN_POINT('',(21.425661087036,4.765594482422,-17.25));
#3060 = LINE('',#3061,#3062);
#3061 = CARTESIAN_POINT('',(21.425661087036,4.765594482422,-17.25));
#3062 = VECTOR('',#3063,1.);
#3063 = DIRECTION('',(-0.615232569252,0.788345663863,0.));
#3064 = ORIENTED_EDGE('',*,*,#3065,.F.);
#3065 = EDGE_CURVE('',#3066,#3058,#3068,.T.);
#3066 = VERTEX_POINT('',#3067);
#3067 = CARTESIAN_POINT('',(21.651756286621,4.444561958313,-17.25));
#3068 = LINE('',#3069,#3070);
#3069 = CARTESIAN_POINT('',(21.651756286621,4.444561958313,-17.25));
#3070 = VECTOR('',#3071,1.);
#3071 = DIRECTION('',(-0.575805785281,0.817586507739,0.));
#3072 = ORIENTED_EDGE('',*,*,#3073,.F.);
#3073 = EDGE_CURVE('',#3074,#3066,#3076,.T.);
#3074 = VERTEX_POINT('',#3075);
#3075 = CARTESIAN_POINT('',(21.86182975769,4.112822055817,-17.25));
#3076 = LINE('',#3077,#3078);
#3077 = CARTESIAN_POINT('',(21.86182975769,4.112822055817,-17.25));
#3078 = VECTOR('',#3079,1.);
#3079 = DIRECTION('',(-0.535000336813,0.844851844769,0.));
#3080 = ORIENTED_EDGE('',*,*,#3081,.T.);
#3081 = EDGE_CURVE('',#3074,#3082,#3084,.T.);
#3082 = VERTEX_POINT('',#3083);
#3083 = CARTESIAN_POINT('',(22.055370330811,3.77117395401,-17.25));
#3084 = LINE('',#3085,#3086);
#3085 = CARTESIAN_POINT('',(21.86182975769,4.112822055817,-17.25));
#3086 = VECTOR('',#3087,1.);
#3087 = DIRECTION('',(0.492896869711,-0.870087740305,0.));
#3088 = ORIENTED_EDGE('',*,*,#3089,.T.);
#3089 = EDGE_CURVE('',#3082,#3090,#3092,.T.);
#3090 = VERTEX_POINT('',#3091);
#3091 = CARTESIAN_POINT('',(22.231914520264,3.420440673828,-17.25));
#3092 = LINE('',#3093,#3094);
#3093 = CARTESIAN_POINT('',(22.055370330811,3.77117395401,-17.25));
#3094 = VECTOR('',#3095,1.);
#3095 = DIRECTION('',(0.449611110813,-0.893224411351,0.));
#3096 = ORIENTED_EDGE('',*,*,#3097,.F.);
#3097 = EDGE_CURVE('',#3098,#3090,#3100,.T.);
#3098 = VERTEX_POINT('',#3099);
#3099 = CARTESIAN_POINT('',(22.391036987305,3.061467409134,-17.25));
#3100 = LINE('',#3101,#3102);
#3101 = CARTESIAN_POINT('',(22.391036987305,3.061467409134,-17.25));
#3102 = VECTOR('',#3103,1.);
#3103 = DIRECTION('',(-0.405242511291,0.914209224982,0.));
#3104 = ORIENTED_EDGE('',*,*,#3105,.F.);
#3105 = EDGE_CURVE('',#3106,#3098,#3108,.T.);
#3106 = VERTEX_POINT('',#3107);
#3107 = CARTESIAN_POINT('',(22.53235244751,2.695118904114,-17.25));
#3108 = LINE('',#3109,#3110);
#3109 = CARTESIAN_POINT('',(22.53235244751,2.695118904114,-17.25));
#3110 = VECTOR('',#3111,1.);
#3111 = DIRECTION('',(-0.359893368845,0.932993442132,0.));
#3112 = ORIENTED_EDGE('',*,*,#3113,.T.);
#3113 = EDGE_CURVE('',#3106,#3114,#3116,.T.);
#3114 = VERTEX_POINT('',#3115);
#3115 = CARTESIAN_POINT('',(22.655523300171,2.32227730751,-17.25));
#3116 = LINE('',#3117,#3118);
#3117 = CARTESIAN_POINT('',(22.53235244751,2.695118904114,-17.25));
#3118 = VECTOR('',#3119,1.);
#3119 = DIRECTION('',(0.313683178532,-0.949527705497,0.));
#3120 = ORIENTED_EDGE('',*,*,#3121,.T.);
#3121 = EDGE_CURVE('',#3114,#3122,#3124,.T.);
#3122 = VERTEX_POINT('',#3123);
#3123 = CARTESIAN_POINT('',(22.760250091553,1.943841457367,-17.25));
#3124 = LINE('',#3125,#3126);
#3125 = CARTESIAN_POINT('',(22.655523300171,2.32227730751,-17.25));
#3126 = VECTOR('',#3127,1.);
#3127 = DIRECTION('',(0.266711544622,-0.963776401436,0.));
#3128 = ORIENTED_EDGE('',*,*,#3129,.F.);
#3129 = EDGE_CURVE('',#3130,#3122,#3132,.T.);
#3130 = VERTEX_POINT('',#3131);
#3131 = CARTESIAN_POINT('',(22.846282958984,1.560722589493,-17.25));
#3132 = LINE('',#3133,#3134);
#3133 = CARTESIAN_POINT('',(22.846282958984,1.560722589493,-17.25));
#3134 = VECTOR('',#3135,1.);
#3135 = DIRECTION('',(-0.219102812889,0.975701776868,0.));
#3136 = ORIENTED_EDGE('',*,*,#3137,.F.);
#3137 = EDGE_CURVE('',#3138,#3130,#3140,.T.);
#3138 = VERTEX_POINT('',#3139);
#3139 = CARTESIAN_POINT('',(22.913412094116,1.173843741417,-17.25));
#3140 = LINE('',#3141,#3142);
#3141 = CARTESIAN_POINT('',(22.913412094116,1.173843741417,-17.25));
#3142 = VECTOR('',#3143,1.);
#3143 = DIRECTION('',(-0.170960125792,0.985277948291,0.));
#3144 = ORIENTED_EDGE('',*,*,#3145,.F.);
#3145 = EDGE_CURVE('',#3146,#3138,#3148,.T.);
#3146 = VERTEX_POINT('',#3147);
#3147 = CARTESIAN_POINT('',(22.961477279663,0.784137129784,-17.25));
#3148 = LINE('',#3149,#3150);
#3149 = CARTESIAN_POINT('',(22.961477279663,0.784137129784,-17.25));
#3150 = VECTOR('',#3151,1.);
#3151 = DIRECTION('',(-0.122409319207,0.992479701843,0.));
#3152 = ORIENTED_EDGE('',*,*,#3153,.T.);
#3153 = EDGE_CURVE('',#3146,#3154,#3156,.T.);
#3154 = VERTEX_POINT('',#3155);
#3155 = CARTESIAN_POINT('',(22.990364074707,0.392541408539,-17.25));
#3156 = LINE('',#3157,#3158);
#3157 = CARTESIAN_POINT('',(22.961477279663,0.784137129784,-17.25));
#3158 = VECTOR('',#3159,1.);
#3159 = DIRECTION('',(7.356699340896E-02,-0.997290277442,0.));
#3160 = ORIENTED_EDGE('',*,*,#3161,.F.);
#3161 = EDGE_CURVE('',#872,#3154,#3162,.T.);
#3162 = LINE('',#3163,#3164);
#3163 = CARTESIAN_POINT('',(23.,0.,-17.25));
#3164 = VECTOR('',#3165,1.);
#3165 = DIRECTION('',(-2.45401457757E-02,0.999698845276,0.));
#3166 = ORIENTED_EDGE('',*,*,#871,.F.);
#3167 = ORIENTED_EDGE('',*,*,#926,.F.);
#3168 = ORIENTED_EDGE('',*,*,#982,.F.);
#3169 = ORIENTED_EDGE('',*,*,#3170,.F.);
#3170 = EDGE_CURVE('',#3171,#975,#3173,.T.);
#3171 = VERTEX_POINT('',#3172);
#3172 = CARTESIAN_POINT('',(-22.99751281738,0.199445530772,-17.25));
#3173 = LINE('',#3174,#3175);
#3174 = CARTESIAN_POINT('',(-22.99751281738,0.199445530772,-17.25));
#3175 = VECTOR('',#3176,1.);
#3176 = DIRECTION('',(-1.246951604021E-02,-0.999922252563,0.));
#3177 = ORIENTED_EDGE('',*,*,#3178,.T.);
#3178 = EDGE_CURVE('',#3171,#3179,#3181,.T.);
#3179 = VERTEX_POINT('',#3180);
#3180 = CARTESIAN_POINT('',(-22.97763061523,0.597840726376,-17.25));
#3181 = LINE('',#3182,#3183);
#3182 = CARTESIAN_POINT('',(-22.99751281738,0.199445530772,-17.25));
#3183 = VECTOR('',#3184,1.);
#3184 = DIRECTION('',(4.984369640066E-02,0.998757030478,0.));
#3185 = ORIENTED_EDGE('',*,*,#3186,.F.);
#3186 = EDGE_CURVE('',#3187,#3179,#3189,.T.);
#3187 = VERTEX_POINT('',#3188);
#3188 = CARTESIAN_POINT('',(-22.93791389465,0.99474966526,-17.25));
#3189 = LINE('',#3190,#3191);
#3190 = CARTESIAN_POINT('',(-22.93791389465,0.99474966526,-17.25));
#3191 = VECTOR('',#3192,1.);
#3192 = DIRECTION('',(-9.956782398413E-02,-0.995030777628,0.));
#3193 = ORIENTED_EDGE('',*,*,#3194,.F.);
#3194 = EDGE_CURVE('',#3195,#3187,#3197,.T.);
#3195 = VERTEX_POINT('',#3196);
#3196 = CARTESIAN_POINT('',(-22.87846183776,1.389185428619,-17.25));
#3197 = LINE('',#3198,#3199);
#3198 = CARTESIAN_POINT('',(-22.87846183776,1.389185428619,-17.25));
#3199 = VECTOR('',#3200,1.);
#3200 = DIRECTION('',(-0.149043323443,-0.988830666867,0.));
#3201 = ORIENTED_EDGE('',*,*,#3202,.F.);
#3202 = EDGE_CURVE('',#3203,#3195,#3205,.T.);
#3203 = VERTEX_POINT('',#3204);
#3204 = CARTESIAN_POINT('',(-22.79942321777,1.780167460442,-17.25));
#3205 = LINE('',#3206,#3207);
#3206 = CARTESIAN_POINT('',(-22.79942321777,1.780167460442,-17.25));
#3207 = VECTOR('',#3208,1.);
#3208 = DIRECTION('',(-0.198145895339,-0.980172537954,0.));
#3209 = ORIENTED_EDGE('',*,*,#3210,.F.);
#3210 = EDGE_CURVE('',#3211,#3203,#3213,.T.);
#3211 = VERTEX_POINT('',#3212);
#3212 = CARTESIAN_POINT('',(-22.70099449157,2.16672372818,-17.25));
#3213 = LINE('',#3214,#3215);
#3214 = CARTESIAN_POINT('',(-22.70099449157,2.16672372818,-17.25));
#3215 = VECTOR('',#3216,1.);
#3216 = DIRECTION('',(-0.246755998779,-0.969077642435,0.));
#3217 = ORIENTED_EDGE('',*,*,#3218,.F.);
#3218 = EDGE_CURVE('',#3219,#3211,#3221,.T.);
#3219 = VERTEX_POINT('',#3220);
#3220 = CARTESIAN_POINT('',(-22.58341789245,2.547893285751,-17.25));
#3221 = LINE('',#3222,#3223);
#3222 = CARTESIAN_POINT('',(-22.58341789245,2.547893285751,-17.25));
#3223 = VECTOR('',#3224,1.);
#3224 = DIRECTION('',(-0.294758291753,-0.955571844208,0.));
#3225 = ORIENTED_EDGE('',*,*,#3226,.T.);
#3226 = EDGE_CURVE('',#3219,#3227,#3229,.T.);
#3227 = VERTEX_POINT('',#3228);
#3228 = CARTESIAN_POINT('',(-22.44698905944,2.922728300095,-17.25));
#3229 = LINE('',#3230,#3231);
#3230 = CARTESIAN_POINT('',(-22.58341789245,2.547893285751,-17.25));
#3231 = VECTOR('',#3232,1.);
#3232 = DIRECTION('',(0.342020243,0.939692584508,0.));
#3233 = ORIENTED_EDGE('',*,*,#3234,.F.);
#3234 = EDGE_CURVE('',#3235,#3227,#3237,.T.);
#3235 = VERTEX_POINT('',#3236);
#3236 = CARTESIAN_POINT('',(-22.29204750061,3.290296792984,-17.25));
#3237 = LINE('',#3238,#3239);
#3238 = CARTESIAN_POINT('',(-22.29204750061,3.290296792984,-17.25));
#3239 = VECTOR('',#3240,1.);
#3240 = DIRECTION('',(-0.388431488318,-0.921477606284,0.));
#3241 = ORIENTED_EDGE('',*,*,#3242,.T.);
#3242 = EDGE_CURVE('',#3235,#3243,#3245,.T.);
#3243 = VERTEX_POINT('',#3244);
#3244 = CARTESIAN_POINT('',(-22.11897468566,3.649685144424,-17.25));
#3245 = LINE('',#3246,#3247);
#3246 = CARTESIAN_POINT('',(-22.29204750061,3.290296792984,-17.25));
#3247 = VECTOR('',#3248,1.);
#3248 = DIRECTION('',(0.433884770035,0.900968371438,0.));
#3249 = ORIENTED_EDGE('',*,*,#3250,.T.);
#3250 = EDGE_CURVE('',#3243,#3251,#3253,.T.);
#3251 = VERTEX_POINT('',#3252);
#3252 = CARTESIAN_POINT('',(-21.92820358276,4.,-17.25));
#3253 = LINE('',#3254,#3255);
#3254 = CARTESIAN_POINT('',(-22.11897468566,3.649685144424,-17.25));
#3255 = VECTOR('',#3256,1.);
#3256 = DIRECTION('',(0.478253592666,0.87822178355,0.));
#3257 = ORIENTED_EDGE('',*,*,#3258,.F.);
#3258 = EDGE_CURVE('',#3259,#3251,#3261,.T.);
#3259 = VERTEX_POINT('',#3260);
#3260 = CARTESIAN_POINT('',(-21.72020721435,4.340370178223,-17.25));
#3261 = LINE('',#3262,#3263);
#3262 = CARTESIAN_POINT('',(-21.72020721435,4.340370178223,-17.25));
#3263 = VECTOR('',#3264,1.);
#3264 = DIRECTION('',(-0.521436083577,-0.853290343754,0.));
#3265 = ORIENTED_EDGE('',*,*,#3266,.F.);
#3266 = EDGE_CURVE('',#3267,#3259,#3269,.T.);
#3267 = VERTEX_POINT('',#3268);
#3268 = CARTESIAN_POINT('',(-21.49550437927,4.669949531555,-17.25));
#3269 = LINE('',#3270,#3271);
#3270 = CARTESIAN_POINT('',(-21.49550437927,4.669949531555,-17.25));
#3271 = VECTOR('',#3272,1.);
#3272 = DIRECTION('',(-0.563319094037,-0.826239431577,0.));
#3273 = ORIENTED_EDGE('',*,*,#3274,.F.);
#3274 = EDGE_CURVE('',#3275,#3267,#3277,.T.);
#3275 = VERTEX_POINT('',#3276);
#3276 = CARTESIAN_POINT('',(-21.25465202331,4.987918376923,-17.25));
#3277 = LINE('',#3278,#3279);
#3278 = CARTESIAN_POINT('',(-21.25465202331,4.987918376923,-17.25));
#3279 = VECTOR('',#3280,1.);
#3280 = DIRECTION('',(-0.603804912308,-0.797132126986,0.));
#3281 = ORIENTED_EDGE('',*,*,#3282,.F.);
#3282 = EDGE_CURVE('',#3283,#3275,#3285,.T.);
#3283 = VERTEX_POINT('',#3284);
#3284 = CARTESIAN_POINT('',(-20.99824905395,5.293486595154,-17.25));
#3285 = LINE('',#3286,#3287);
#3286 = CARTESIAN_POINT('',(-20.99824905395,5.293486595154,-17.25));
#3287 = VECTOR('',#3288,1.);
#3288 = DIRECTION('',(-0.642788772095,-0.766043467741,0.));
#3289 = ORIENTED_EDGE('',*,*,#3290,.F.);
#3290 = EDGE_CURVE('',#3291,#3283,#3293,.T.);
#3291 = VERTEX_POINT('',#3292);
#3292 = CARTESIAN_POINT('',(-20.72693443298,5.585894584656,-17.25));
#3293 = LINE('',#3294,#3295);
#3294 = CARTESIAN_POINT('',(-20.72693443298,5.585894584656,-17.25));
#3295 = VECTOR('',#3296,1.);
#3296 = DIRECTION('',(-0.68017227465,-0.733052301543,0.));
#3297 = ORIENTED_EDGE('',*,*,#3298,.F.);
#3298 = EDGE_CURVE('',#3299,#3291,#3301,.T.);
#3299 = VERTEX_POINT('',#3300);
#3300 = CARTESIAN_POINT('',(-20.44138145446,5.864415168762,-17.25));
#3301 = LINE('',#3302,#3303);
#3302 = CARTESIAN_POINT('',(-20.44138145446,5.864415168762,-17.25));
#3303 = VECTOR('',#3304,1.);
#3304 = DIRECTION('',(-0.71586676194,-0.698236907611,0.));
#3305 = ORIENTED_EDGE('',*,*,#3306,.F.);
#3306 = EDGE_CURVE('',#3307,#3299,#3309,.T.);
#3307 = VERTEX_POINT('',#3308);
#3308 = CARTESIAN_POINT('',(-20.14230155944,6.128355503082,-17.25));
#3309 = LINE('',#3310,#3311);
#3310 = CARTESIAN_POINT('',(-20.14230155944,6.128355503082,-17.25));
#3311 = VECTOR('',#3312,1.);
#3312 = DIRECTION('',(-0.749780256555,-0.661686910011,0.));
#3313 = ORIENTED_EDGE('',*,*,#3314,.F.);
#3314 = EDGE_CURVE('',#3315,#3307,#3317,.T.);
#3315 = VERTEX_POINT('',#3316);
#3316 = CARTESIAN_POINT('',(-19.83043479919,6.377059936523,-17.25));
#3317 = LINE('',#3318,#3319);
#3318 = CARTESIAN_POINT('',(-19.83043479919,6.377059936523,-17.25));
#3319 = VECTOR('',#3320,1.);
#3320 = DIRECTION('',(-0.78183271519,-0.623488256071,0.));
#3321 = ORIENTED_EDGE('',*,*,#3322,.F.);
#3322 = EDGE_CURVE('',#3323,#3315,#3325,.T.);
#3323 = VERTEX_POINT('',#3324);
#3324 = CARTESIAN_POINT('',(-19.50656127929,6.609910011292,-17.25));
#3325 = LINE('',#3326,#3327);
#3326 = CARTESIAN_POINT('',(-19.50656127929,6.609910011292,-17.25));
#3327 = VECTOR('',#3328,1.);
#3328 = DIRECTION('',(-0.811936970354,-0.583745112332,0.));
#3329 = ORIENTED_EDGE('',*,*,#3330,.F.);
#3330 = EDGE_CURVE('',#3331,#3323,#3333,.T.);
#3331 = VERTEX_POINT('',#3332);
#3332 = CARTESIAN_POINT('',(-19.17148208618,6.826326847076,-17.25));
#3333 = LINE('',#3334,#3335);
#3334 = CARTESIAN_POINT('',(-19.17148208618,6.826326847076,-17.25));
#3335 = VECTOR('',#3336,1.);
#3336 = DIRECTION('',(-0.840026211579,-0.542545817292,0.));
#3337 = ORIENTED_EDGE('',*,*,#3338,.F.);
#3338 = EDGE_CURVE('',#3339,#3331,#3341,.T.);
#3339 = VERTEX_POINT('',#3340);
#3340 = CARTESIAN_POINT('',(-18.82603263855,7.025772571564,-17.25));
#3341 = LINE('',#3342,#3343);
#3342 = CARTESIAN_POINT('',(-18.82603263855,7.025772571564,-17.25));
#3343 = VECTOR('',#3344,1.);
#3344 = DIRECTION('',(-0.866024977269,-0.500000738746,0.));
#3345 = ORIENTED_EDGE('',*,*,#3346,.F.);
#3346 = EDGE_CURVE('',#3347,#3339,#3349,.T.);
#3347 = VERTEX_POINT('',#3348);
#3348 = CARTESIAN_POINT('',(-18.47106933593,7.207750797272,-17.25));
#3349 = LINE('',#3350,#3351);
#3350 = CARTESIAN_POINT('',(-18.47106933593,7.207750797272,-17.25));
#3351 = VECTOR('',#3352,1.);
#3352 = DIRECTION('',(-0.889872665146,-0.456208987007,0.));
#3353 = ORIENTED_EDGE('',*,*,#3354,.F.);
#3354 = EDGE_CURVE('',#3355,#3347,#3357,.T.);
#3355 = VERTEX_POINT('',#3356);
#3356 = CARTESIAN_POINT('',(-18.10747909545,7.371809482574,-17.25));
#3357 = LINE('',#3358,#3359);
#3358 = CARTESIAN_POINT('',(-18.10747909545,7.371809482574,-17.25));
#3359 = VECTOR('',#3360,1.);
#3360 = DIRECTION('',(-0.911505362504,-0.411288188654,0.));
#3361 = ORIENTED_EDGE('',*,*,#3362,.T.);
#3362 = EDGE_CURVE('',#3355,#3363,#3365,.T.);
#3363 = VERTEX_POINT('',#3364);
#3364 = CARTESIAN_POINT('',(-17.73616027832,7.517540931702,-17.25));
#3365 = LINE('',#3366,#3367);
#3366 = CARTESIAN_POINT('',(-18.10747909545,7.371809482574,-17.25));
#3367 = VECTOR('',#3368,1.);
#3368 = DIRECTION('',(0.930874130272,0.365340051993,0.));
#3369 = ORIENTED_EDGE('',*,*,#3370,.T.);
#3370 = EDGE_CURVE('',#3363,#3371,#3373,.T.);
#3371 = VERTEX_POINT('',#3372);
#3372 = CARTESIAN_POINT('',(-17.3580417633,7.644582271576,-17.25));
#3373 = LINE('',#3374,#3375);
#3374 = CARTESIAN_POINT('',(-17.73616027832,7.517540931702,-17.25));
#3375 = VECTOR('',#3376,1.);
#3376 = DIRECTION('',(0.947927137844,0.318487270295,0.));
#3377 = ORIENTED_EDGE('',*,*,#3378,.F.);
#3378 = EDGE_CURVE('',#3379,#3371,#3381,.T.);
#3379 = VERTEX_POINT('',#3380);
#3380 = CARTESIAN_POINT('',(-16.97406005859,7.752618312836,-17.25));
#3381 = LINE('',#3382,#3383);
#3382 = CARTESIAN_POINT('',(-16.97406005859,7.752618312836,-17.25));
#3383 = VECTOR('',#3384,1.);
#3384 = DIRECTION('',(-0.962624024108,-0.270841260169,0.));
#3385 = ORIENTED_EDGE('',*,*,#3386,.F.);
#3386 = EDGE_CURVE('',#3387,#3379,#3389,.T.);
#3387 = VERTEX_POINT('',#3388);
#3388 = CARTESIAN_POINT('',(-16.5851688385,7.841380119324,-17.25));
#3389 = LINE('',#3390,#3391);
#3390 = CARTESIAN_POINT('',(-16.5851688385,7.841380119324,-17.25));
#3391 = VECTOR('',#3392,1.);
#3392 = DIRECTION('',(-0.974927953921,-0.222520751086,0.));
#3393 = ORIENTED_EDGE('',*,*,#3394,.F.);
#3394 = EDGE_CURVE('',#3395,#3387,#3397,.T.);
#3395 = VERTEX_POINT('',#3396);
#3396 = CARTESIAN_POINT('',(-16.19233894348,7.910646438599,-17.25));
#3397 = LINE('',#3398,#3399);
#3398 = CARTESIAN_POINT('',(-16.19233894348,7.910646438599,-17.25));
#3399 = VECTOR('',#3400,1.);
#3400 = DIRECTION('',(-0.984807834488,-0.173647715596,0.));
#3401 = ORIENTED_EDGE('',*,*,#3402,.F.);
#3402 = EDGE_CURVE('',#3403,#3395,#3405,.T.);
#3403 = VERTEX_POINT('',#3404);
#3404 = CARTESIAN_POINT('',(-15.79654312133,7.960246086121,-17.25));
#3405 = LINE('',#3406,#3407);
#3406 = CARTESIAN_POINT('',(-15.79654312133,7.960246086121,-17.25));
#3407 = VECTOR('',#3408,1.);
#3408 = DIRECTION('',(-0.992239207817,-0.124343694935,0.));
#3409 = ORIENTED_EDGE('',*,*,#3410,.F.);
#3410 = EDGE_CURVE('',#3411,#3403,#3413,.T.);
#3411 = VERTEX_POINT('',#3412);
#3412 = CARTESIAN_POINT('',(-15.39876747131,7.990055561066,-17.25));
#3413 = LINE('',#3414,#3415);
#3414 = CARTESIAN_POINT('',(-15.39876747131,7.990055561066,-17.25));
#3415 = VECTOR('',#3416,1.);
#3416 = DIRECTION('',(-0.997203739094,-7.473086870406E-02,0.));
#3417 = ORIENTED_EDGE('',*,*,#3418,.F.);
#3418 = EDGE_CURVE('',#3419,#3411,#3421,.T.);
#3419 = VERTEX_POINT('',#3420);
#3420 = CARTESIAN_POINT('',(-15.,8.,-17.25));
#3421 = LINE('',#3422,#3423);
#3422 = CARTESIAN_POINT('',(-15.,8.,-17.25));
#3423 = VECTOR('',#3424,1.);
#3424 = DIRECTION('',(-0.999689194556,-2.493018830202E-02,0.));
#3425 = ORIENTED_EDGE('',*,*,#3426,.F.);
#3426 = EDGE_CURVE('',#3427,#3419,#3429,.T.);
#3427 = VERTEX_POINT('',#3428);
#3428 = CARTESIAN_POINT('',(15.,8.,-17.25));
#3429 = LINE('',#3430,#3431);
#3430 = CARTESIAN_POINT('',(15.,8.,-17.25));
#3431 = VECTOR('',#3432,1.);
#3432 = DIRECTION('',(-1.,0.,0.));
#3433 = ORIENTED_EDGE('',*,*,#3434,.T.);
#3434 = EDGE_CURVE('',#3427,#3435,#3437,.T.);
#3435 = VERTEX_POINT('',#3436);
#3436 = CARTESIAN_POINT('',(15.392540931702,7.99036359787,-17.25));
#3437 = LINE('',#3438,#3439);
#3438 = CARTESIAN_POINT('',(15.,8.,-17.25));
#3439 = VECTOR('',#3440,1.);
#3440 = DIRECTION('',(0.999698814751,-2.454138921563E-02,0.));
#3441 = ORIENTED_EDGE('',*,*,#3442,.T.);
#3442 = EDGE_CURVE('',#3435,#3443,#3445,.T.);
#3443 = VERTEX_POINT('',#3444);
#3444 = CARTESIAN_POINT('',(15.784136772156,7.9614777565,-17.25));
#3445 = LINE('',#3446,#3447);
#3446 = CARTESIAN_POINT('',(15.392540931702,7.99036359787,-17.25));
#3447 = VECTOR('',#3448,1.);
#3448 = DIRECTION('',(0.997290457274,-7.356455552456E-02,0.));
#3449 = ORIENTED_EDGE('',*,*,#3450,.F.);
#3450 = EDGE_CURVE('',#3451,#3443,#3453,.T.);
#3451 = VERTEX_POINT('',#3452);
#3452 = CARTESIAN_POINT('',(16.173843383789,7.913412094116,-17.25));
#3453 = LINE('',#3454,#3455);
#3454 = CARTESIAN_POINT('',(16.173843383789,7.913412094116,-17.25));
#3455 = VECTOR('',#3456,1.);
#3456 = DIRECTION('',(-0.992479554309,0.122410515389,0.));
#3457 = ORIENTED_EDGE('',*,*,#3458,.F.);
#3458 = EDGE_CURVE('',#3459,#3451,#3461,.T.);
#3459 = VERTEX_POINT('',#3460);
#3460 = CARTESIAN_POINT('',(16.560722351074,7.84628200531,-17.25));
#3461 = LINE('',#3462,#3463);
#3462 = CARTESIAN_POINT('',(16.560722351074,7.84628200531,-17.25));
#3463 = VECTOR('',#3464,1.);
#3464 = DIRECTION('',(-0.985277548055,0.170962432421,0.));
#3465 = ORIENTED_EDGE('',*,*,#3466,.F.);
#3466 = EDGE_CURVE('',#3467,#3459,#3469,.T.);
#3467 = VERTEX_POINT('',#3468);
#3468 = CARTESIAN_POINT('',(16.943841934204,7.760250091553,-17.25));
#3469 = LINE('',#3470,#3471);
#3470 = CARTESIAN_POINT('',(16.943841934204,7.760250091553,-17.25));
#3471 = VECTOR('',#3472,1.);
#3472 = DIRECTION('',(-0.975702383527,0.219100111319,0.));
#3473 = ORIENTED_EDGE('',*,*,#3474,.F.);
#3474 = EDGE_CURVE('',#3475,#3467,#3477,.T.);
#3475 = VERTEX_POINT('',#3476);
#3476 = CARTESIAN_POINT('',(17.322277069092,7.655522823334,-17.25));
#3477 = LINE('',#3478,#3479);
#3478 = CARTESIAN_POINT('',(17.322277069092,7.655522823334,-17.25));
#3479 = VECTOR('',#3480,1.);
#3480 = DIRECTION('',(-0.963775959701,0.266713140852,0.));
#3481 = ORIENTED_EDGE('',*,*,#3482,.T.);
#3482 = EDGE_CURVE('',#3475,#3483,#3485,.T.);
#3483 = VERTEX_POINT('',#3484);
#3484 = CARTESIAN_POINT('',(17.695117950439,7.53235244751,-17.25));
#3485 = LINE('',#3486,#3487);
#3486 = CARTESIAN_POINT('',(17.322277069092,7.655522823334,-17.25));
#3487 = VECTOR('',#3488,1.);
#3488 = DIRECTION('',(0.949527887963,-0.3136826262,0.));
#3489 = ORIENTED_EDGE('',*,*,#3490,.F.);
#3490 = EDGE_CURVE('',#2976,#3483,#3491,.T.);
#3491 = LINE('',#3492,#3493);
#3492 = CARTESIAN_POINT('',(18.06146812439,7.39103603363,-17.25));
#3493 = VECTOR('',#3494,1.);
#3494 = DIRECTION('',(-0.932993177125,0.359894055853,0.));
#3495 = FACE_BOUND('',#3496,.T.);
#3496 = EDGE_LOOP('',(#3497));
#3497 = ORIENTED_EDGE('',*,*,#3498,.T.);
#3498 = EDGE_CURVE('',#3499,#3499,#3501,.T.);
#3499 = VERTEX_POINT('',#3500);
#3500 = CARTESIAN_POINT('',(2.7,-10.,-17.25));
#3501 = CIRCLE('',#3502,2.7);
#3502 = AXIS2_PLACEMENT_3D('',#3503,#3504,#3505);
#3503 = CARTESIAN_POINT('',(0.,-10.,-17.25));
#3504 = DIRECTION('',(-0.,1.224646799147E-16,1.));
#3505 = DIRECTION('',(1.,0.,0.));
#3506 = PLANE('',#3507);
#3507 = AXIS2_PLACEMENT_3D('',#3508,#3509,#3510);
#3508 = CARTESIAN_POINT('',(3.085404318409E-06,-22.0356729834,-17.25));
#3509 = DIRECTION('',(-0.,-0.,-1.));
#3510 = DIRECTION('',(-1.,0.,0.));
#3511 = ADVANCED_FACE('',(#3512),#3530,.T.);
#3512 = FACE_BOUND('',#3513,.T.);
#3513 = EDGE_LOOP('',(#3514,#3515,#3516,#3524));
#3514 = ORIENTED_EDGE('',*,*,#879,.F.);
#3515 = ORIENTED_EDGE('',*,*,#3161,.T.);
#3516 = ORIENTED_EDGE('',*,*,#3517,.T.);
#3517 = EDGE_CURVE('',#3154,#3518,#3520,.T.);
#3518 = VERTEX_POINT('',#3519);
#3519 = CARTESIAN_POINT('',(22.990364074707,0.392541408539,-9.25));
#3520 = LINE('',#3521,#3522);
#3521 = CARTESIAN_POINT('',(22.990364074707,0.392541408539,-17.25));
#3522 = VECTOR('',#3523,1.);
#3523 = DIRECTION('',(0.,0.,1.));
#3524 = ORIENTED_EDGE('',*,*,#3525,.T.);
#3525 = EDGE_CURVE('',#3518,#880,#3526,.T.);
#3526 = LINE('',#3527,#3528);
#3527 = CARTESIAN_POINT('',(22.990364074707,0.392541408539,-9.25));
#3528 = VECTOR('',#3529,1.);
#3529 = DIRECTION('',(2.45401457757E-02,-0.999698845276,0.));
#3530 = PLANE('',#3531);
#3531 = AXIS2_PLACEMENT_3D('',#3532,#3533,#3534);
#3532 = CARTESIAN_POINT('',(22.995182037354,0.196270704269,-13.25));
#3533 = DIRECTION('',(0.999698845276,2.45401457757E-02,0.));
#3534 = DIRECTION('',(-2.45401457757E-02,0.999698845276,0.));
#3535 = ADVANCED_FACE('',(#3536,#4057),#4091,.T.);
#3536 = FACE_BOUND('',#3537,.T.);
#3537 = EDGE_LOOP('',(#3538,#3548,#3556,#3564,#3572,#3580,#3588,#3596,
    #3604,#3612,#3620,#3628,#3636,#3644,#3652,#3660,#3668,#3676,#3684,
    #3692,#3700,#3708,#3716,#3724,#3732,#3740,#3748,#3756,#3764,#3772,
    #3780,#3788,#3796,#3804,#3812,#3820,#3828,#3836,#3844,#3852,#3860,
    #3868,#3876,#3884,#3892,#3900,#3908,#3916,#3924,#3932,#3940,#3948,
    #3956,#3964,#3972,#3980,#3988,#3996,#4002,#4003,#4009,#4010,#4011,
    #4019,#4027,#4035,#4043,#4051));
#3538 = ORIENTED_EDGE('',*,*,#3539,.F.);
#3539 = EDGE_CURVE('',#3540,#3542,#3544,.T.);
#3540 = VERTEX_POINT('',#3541);
#3541 = CARTESIAN_POINT('',(22.391036987305,3.061467409134,-9.25));
#3542 = VERTEX_POINT('',#3543);
#3543 = CARTESIAN_POINT('',(22.53235244751,2.695118904114,-9.25));
#3544 = LINE('',#3545,#3546);
#3545 = CARTESIAN_POINT('',(22.391036987305,3.061467409134,-9.25));
#3546 = VECTOR('',#3547,1.);
#3547 = DIRECTION('',(0.359893368845,-0.932993442132,0.));
#3548 = ORIENTED_EDGE('',*,*,#3549,.T.);
#3549 = EDGE_CURVE('',#3540,#3550,#3552,.T.);
#3550 = VERTEX_POINT('',#3551);
#3551 = CARTESIAN_POINT('',(22.231914520264,3.420440673828,-9.25));
#3552 = LINE('',#3553,#3554);
#3553 = CARTESIAN_POINT('',(22.391036987305,3.061467409134,-9.25));
#3554 = VECTOR('',#3555,1.);
#3555 = DIRECTION('',(-0.405242511291,0.914209224982,0.));
#3556 = ORIENTED_EDGE('',*,*,#3557,.F.);
#3557 = EDGE_CURVE('',#3558,#3550,#3560,.T.);
#3558 = VERTEX_POINT('',#3559);
#3559 = CARTESIAN_POINT('',(22.055370330811,3.77117395401,-9.25));
#3560 = LINE('',#3561,#3562);
#3561 = CARTESIAN_POINT('',(22.055370330811,3.77117395401,-9.25));
#3562 = VECTOR('',#3563,1.);
#3563 = DIRECTION('',(0.449611110813,-0.893224411351,0.));
#3564 = ORIENTED_EDGE('',*,*,#3565,.F.);
#3565 = EDGE_CURVE('',#3566,#3558,#3568,.T.);
#3566 = VERTEX_POINT('',#3567);
#3567 = CARTESIAN_POINT('',(21.86182975769,4.112822055817,-9.25));
#3568 = LINE('',#3569,#3570);
#3569 = CARTESIAN_POINT('',(21.86182975769,4.112822055817,-9.25));
#3570 = VECTOR('',#3571,1.);
#3571 = DIRECTION('',(0.492896869711,-0.870087740305,0.));
#3572 = ORIENTED_EDGE('',*,*,#3573,.F.);
#3573 = EDGE_CURVE('',#3574,#3566,#3576,.T.);
#3574 = VERTEX_POINT('',#3575);
#3575 = CARTESIAN_POINT('',(21.651756286621,4.444561958313,-9.25));
#3576 = LINE('',#3577,#3578);
#3577 = CARTESIAN_POINT('',(21.651756286621,4.444561958313,-9.25));
#3578 = VECTOR('',#3579,1.);
#3579 = DIRECTION('',(0.535000336813,-0.844851844769,0.));
#3580 = ORIENTED_EDGE('',*,*,#3581,.F.);
#3581 = EDGE_CURVE('',#3582,#3574,#3584,.T.);
#3582 = VERTEX_POINT('',#3583);
#3583 = CARTESIAN_POINT('',(21.425661087036,4.765594482422,-9.25));
#3584 = LINE('',#3585,#3586);
#3585 = CARTESIAN_POINT('',(21.425661087036,4.765594482422,-9.25));
#3586 = VECTOR('',#3587,1.);
#3587 = DIRECTION('',(0.575805785281,-0.817586507739,0.));
#3588 = ORIENTED_EDGE('',*,*,#3589,.F.);
#3589 = EDGE_CURVE('',#3590,#3582,#3592,.T.);
#3590 = VERTEX_POINT('',#3591);
#3591 = CARTESIAN_POINT('',(21.184083938599,5.075146198273,-9.25));
#3592 = LINE('',#3593,#3594);
#3593 = CARTESIAN_POINT('',(21.184083938599,5.075146198273,-9.25));
#3594 = VECTOR('',#3595,1.);
#3595 = DIRECTION('',(0.615232569252,-0.788345663863,0.));
#3596 = ORIENTED_EDGE('',*,*,#3597,.F.);
#3597 = EDGE_CURVE('',#3598,#3590,#3600,.T.);
#3598 = VERTEX_POINT('',#3599);
#3599 = CARTESIAN_POINT('',(20.92760848999,5.372471809387,-9.25));
#3600 = LINE('',#3601,#3602);
#3601 = CARTESIAN_POINT('',(20.92760848999,5.372471809387,-9.25));
#3602 = VECTOR('',#3603,1.);
#3603 = DIRECTION('',(0.653173737548,-0.757208074824,0.));
#3604 = ORIENTED_EDGE('',*,*,#3605,.F.);
#3605 = EDGE_CURVE('',#3606,#3598,#3608,.T.);
#3606 = VERTEX_POINT('',#3607);
#3607 = CARTESIAN_POINT('',(20.656854629517,5.656854152679,-9.25));
#3608 = LINE('',#3609,#3610);
#3609 = CARTESIAN_POINT('',(20.656854629517,5.656854152679,-9.25));
#3610 = VECTOR('',#3611,1.);
#3611 = DIRECTION('',(0.68953969211,-0.724247894719,0.));
#3612 = ORIENTED_EDGE('',*,*,#3613,.T.);
#3613 = EDGE_CURVE('',#3606,#3614,#3616,.T.);
#3614 = VERTEX_POINT('',#3615);
#3615 = CARTESIAN_POINT('',(20.372470855713,5.927608966827,-9.25));
#3616 = LINE('',#3617,#3618);
#3617 = CARTESIAN_POINT('',(20.656854629517,5.656854152679,-9.25));
#3618 = VECTOR('',#3619,1.);
#3619 = DIRECTION('',(-0.724248413985,0.689539146706,0.));
#3620 = ORIENTED_EDGE('',*,*,#3621,.T.);
#3621 = EDGE_CURVE('',#3614,#3622,#3624,.T.);
#3622 = VERTEX_POINT('',#3623);
#3623 = CARTESIAN_POINT('',(20.075145721436,6.184083461761,-9.25));
#3624 = LINE('',#3625,#3626);
#3625 = CARTESIAN_POINT('',(20.372470855713,5.927608966827,-9.25));
#3626 = VECTOR('',#3627,1.);
#3627 = DIRECTION('',(-0.757208757961,0.653172945603,0.));
#3628 = ORIENTED_EDGE('',*,*,#3629,.T.);
#3629 = EDGE_CURVE('',#3622,#3630,#3632,.T.);
#3630 = VERTEX_POINT('',#3631);
#3631 = CARTESIAN_POINT('',(19.765594482422,6.425660133362,-9.25));
#3632 = LINE('',#3633,#3634);
#3633 = CARTESIAN_POINT('',(20.075145721436,6.184083461761,-9.25));
#3634 = VECTOR('',#3635,1.);
#3635 = DIRECTION('',(-0.7883457932,0.615232403522,0.));
#3636 = ORIENTED_EDGE('',*,*,#3637,.T.);
#3637 = EDGE_CURVE('',#3630,#3638,#3640,.T.);
#3638 = VERTEX_POINT('',#3639);
#3639 = CARTESIAN_POINT('',(19.444561004639,6.651756763458,-9.25));
#3640 = LINE('',#3641,#3642);
#3641 = CARTESIAN_POINT('',(19.765594482422,6.425660133362,-9.25));
#3642 = VECTOR('',#3643,1.);
#3643 = DIRECTION('',(-0.817585597918,0.575807077134,0.));
#3644 = ORIENTED_EDGE('',*,*,#3645,.T.);
#3645 = EDGE_CURVE('',#3638,#3646,#3648,.T.);
#3646 = VERTEX_POINT('',#3647);
#3647 = CARTESIAN_POINT('',(19.112821578979,6.861828804016,-9.25));
#3648 = LINE('',#3649,#3650);
#3649 = CARTESIAN_POINT('',(19.444561004639,6.651756763458,-9.25));
#3650 = VECTOR('',#3651,1.);
#3651 = DIRECTION('',(-0.844853143864,0.534998285328,0.));
#3652 = ORIENTED_EDGE('',*,*,#3653,.T.);
#3653 = EDGE_CURVE('',#3646,#3654,#3656,.T.);
#3654 = VERTEX_POINT('',#3655);
#3655 = CARTESIAN_POINT('',(18.771173477173,7.055370330811,-9.25));
#3656 = LINE('',#3657,#3658);
#3657 = CARTESIAN_POINT('',(19.112821578979,6.861828804016,-9.25));
#3658 = VECTOR('',#3659,1.);
#3659 = DIRECTION('',(-0.870086698699,0.492898708405,0.));
#3660 = ORIENTED_EDGE('',*,*,#3661,.T.);
#3661 = EDGE_CURVE('',#3654,#3662,#3664,.T.);
#3662 = VERTEX_POINT('',#3663);
#3663 = CARTESIAN_POINT('',(18.420440673828,7.231914520264,-9.25));
#3664 = LINE('',#3665,#3666);
#3665 = CARTESIAN_POINT('',(18.771173477173,7.055370330811,-9.25));
#3666 = VECTOR('',#3667,1.);
#3667 = DIRECTION('',(-0.893224165864,0.449611598512,0.));
#3668 = ORIENTED_EDGE('',*,*,#3669,.F.);
#3669 = EDGE_CURVE('',#3670,#3662,#3672,.T.);
#3670 = VERTEX_POINT('',#3671);
#3671 = CARTESIAN_POINT('',(18.06146812439,7.39103603363,-9.25));
#3672 = LINE('',#3673,#3674);
#3673 = CARTESIAN_POINT('',(18.06146812439,7.39103603363,-9.25));
#3674 = VECTOR('',#3675,1.);
#3675 = DIRECTION('',(0.914209825639,-0.405241156233,0.));
#3676 = ORIENTED_EDGE('',*,*,#3677,.F.);
#3677 = EDGE_CURVE('',#3678,#3670,#3680,.T.);
#3678 = VERTEX_POINT('',#3679);
#3679 = CARTESIAN_POINT('',(17.695117950439,7.53235244751,-9.25));
#3680 = LINE('',#3681,#3682);
#3681 = CARTESIAN_POINT('',(17.695117950439,7.53235244751,-9.25));
#3682 = VECTOR('',#3683,1.);
#3683 = DIRECTION('',(0.932993177125,-0.359894055853,0.));
#3684 = ORIENTED_EDGE('',*,*,#3685,.F.);
#3685 = EDGE_CURVE('',#3686,#3678,#3688,.T.);
#3686 = VERTEX_POINT('',#3687);
#3687 = CARTESIAN_POINT('',(17.322277069092,7.655522823334,-9.25));
#3688 = LINE('',#3689,#3690);
#3689 = CARTESIAN_POINT('',(17.322277069092,7.655522823334,-9.25));
#3690 = VECTOR('',#3691,1.);
#3691 = DIRECTION('',(0.949527887963,-0.3136826262,0.));
#3692 = ORIENTED_EDGE('',*,*,#3693,.T.);
#3693 = EDGE_CURVE('',#3686,#3694,#3696,.T.);
#3694 = VERTEX_POINT('',#3695);
#3695 = CARTESIAN_POINT('',(16.943841934204,7.760250091553,-9.25));
#3696 = LINE('',#3697,#3698);
#3697 = CARTESIAN_POINT('',(17.322277069092,7.655522823334,-9.25));
#3698 = VECTOR('',#3699,1.);
#3699 = DIRECTION('',(-0.963775959701,0.266713140852,0.));
#3700 = ORIENTED_EDGE('',*,*,#3701,.F.);
#3701 = EDGE_CURVE('',#3702,#3694,#3704,.T.);
#3702 = VERTEX_POINT('',#3703);
#3703 = CARTESIAN_POINT('',(16.560722351074,7.84628200531,-9.25));
#3704 = LINE('',#3705,#3706);
#3705 = CARTESIAN_POINT('',(16.560722351074,7.84628200531,-9.25));
#3706 = VECTOR('',#3707,1.);
#3707 = DIRECTION('',(0.975702383527,-0.219100111319,0.));
#3708 = ORIENTED_EDGE('',*,*,#3709,.T.);
#3709 = EDGE_CURVE('',#3702,#3710,#3712,.T.);
#3710 = VERTEX_POINT('',#3711);
#3711 = CARTESIAN_POINT('',(16.173843383789,7.913412094116,-9.25));
#3712 = LINE('',#3713,#3714);
#3713 = CARTESIAN_POINT('',(16.560722351074,7.84628200531,-9.25));
#3714 = VECTOR('',#3715,1.);
#3715 = DIRECTION('',(-0.985277548055,0.170962432421,0.));
#3716 = ORIENTED_EDGE('',*,*,#3717,.F.);
#3717 = EDGE_CURVE('',#3718,#3710,#3720,.T.);
#3718 = VERTEX_POINT('',#3719);
#3719 = CARTESIAN_POINT('',(15.784136772156,7.9614777565,-9.25));
#3720 = LINE('',#3721,#3722);
#3721 = CARTESIAN_POINT('',(15.784136772156,7.9614777565,-9.25));
#3722 = VECTOR('',#3723,1.);
#3723 = DIRECTION('',(0.992479554309,-0.122410515389,0.));
#3724 = ORIENTED_EDGE('',*,*,#3725,.F.);
#3725 = EDGE_CURVE('',#3726,#3718,#3728,.T.);
#3726 = VERTEX_POINT('',#3727);
#3727 = CARTESIAN_POINT('',(15.392540931702,7.99036359787,-9.25));
#3728 = LINE('',#3729,#3730);
#3729 = CARTESIAN_POINT('',(15.392540931702,7.99036359787,-9.25));
#3730 = VECTOR('',#3731,1.);
#3731 = DIRECTION('',(0.997290457274,-7.356455552456E-02,0.));
#3732 = ORIENTED_EDGE('',*,*,#3733,.F.);
#3733 = EDGE_CURVE('',#3734,#3726,#3736,.T.);
#3734 = VERTEX_POINT('',#3735);
#3735 = CARTESIAN_POINT('',(15.,8.,-9.25));
#3736 = LINE('',#3737,#3738);
#3737 = CARTESIAN_POINT('',(15.,8.,-9.25));
#3738 = VECTOR('',#3739,1.);
#3739 = DIRECTION('',(0.999698814751,-2.454138921563E-02,0.));
#3740 = ORIENTED_EDGE('',*,*,#3741,.F.);
#3741 = EDGE_CURVE('',#3742,#3734,#3744,.T.);
#3742 = VERTEX_POINT('',#3743);
#3743 = CARTESIAN_POINT('',(-15.,8.,-9.25));
#3744 = LINE('',#3745,#3746);
#3745 = CARTESIAN_POINT('',(-15.,8.,-9.25));
#3746 = VECTOR('',#3747,1.);
#3747 = DIRECTION('',(1.,0.,0.));
#3748 = ORIENTED_EDGE('',*,*,#3749,.F.);
#3749 = EDGE_CURVE('',#3750,#3742,#3752,.T.);
#3750 = VERTEX_POINT('',#3751);
#3751 = CARTESIAN_POINT('',(-15.39876747131,7.990055561066,-9.25));
#3752 = LINE('',#3753,#3754);
#3753 = CARTESIAN_POINT('',(-15.39876747131,7.990055561066,-9.25));
#3754 = VECTOR('',#3755,1.);
#3755 = DIRECTION('',(0.999689194556,2.493018830202E-02,0.));
#3756 = ORIENTED_EDGE('',*,*,#3757,.F.);
#3757 = EDGE_CURVE('',#3758,#3750,#3760,.T.);
#3758 = VERTEX_POINT('',#3759);
#3759 = CARTESIAN_POINT('',(-15.79654312133,7.960246086121,-9.25));
#3760 = LINE('',#3761,#3762);
#3761 = CARTESIAN_POINT('',(-15.79654312133,7.960246086121,-9.25));
#3762 = VECTOR('',#3763,1.);
#3763 = DIRECTION('',(0.997203739094,7.473086870406E-02,0.));
#3764 = ORIENTED_EDGE('',*,*,#3765,.F.);
#3765 = EDGE_CURVE('',#3766,#3758,#3768,.T.);
#3766 = VERTEX_POINT('',#3767);
#3767 = CARTESIAN_POINT('',(-16.19233894348,7.910646438599,-9.25));
#3768 = LINE('',#3769,#3770);
#3769 = CARTESIAN_POINT('',(-16.19233894348,7.910646438599,-9.25));
#3770 = VECTOR('',#3771,1.);
#3771 = DIRECTION('',(0.992239207817,0.124343694935,0.));
#3772 = ORIENTED_EDGE('',*,*,#3773,.F.);
#3773 = EDGE_CURVE('',#3774,#3766,#3776,.T.);
#3774 = VERTEX_POINT('',#3775);
#3775 = CARTESIAN_POINT('',(-16.5851688385,7.841380119324,-9.25));
#3776 = LINE('',#3777,#3778);
#3777 = CARTESIAN_POINT('',(-16.5851688385,7.841380119324,-9.25));
#3778 = VECTOR('',#3779,1.);
#3779 = DIRECTION('',(0.984807834488,0.173647715596,0.));
#3780 = ORIENTED_EDGE('',*,*,#3781,.F.);
#3781 = EDGE_CURVE('',#3782,#3774,#3784,.T.);
#3782 = VERTEX_POINT('',#3783);
#3783 = CARTESIAN_POINT('',(-16.97406005859,7.752618312836,-9.25));
#3784 = LINE('',#3785,#3786);
#3785 = CARTESIAN_POINT('',(-16.97406005859,7.752618312836,-9.25));
#3786 = VECTOR('',#3787,1.);
#3787 = DIRECTION('',(0.974927953921,0.222520751086,0.));
#3788 = ORIENTED_EDGE('',*,*,#3789,.F.);
#3789 = EDGE_CURVE('',#3790,#3782,#3792,.T.);
#3790 = VERTEX_POINT('',#3791);
#3791 = CARTESIAN_POINT('',(-17.3580417633,7.644582271576,-9.25));
#3792 = LINE('',#3793,#3794);
#3793 = CARTESIAN_POINT('',(-17.3580417633,7.644582271576,-9.25));
#3794 = VECTOR('',#3795,1.);
#3795 = DIRECTION('',(0.962624024108,0.270841260169,0.));
#3796 = ORIENTED_EDGE('',*,*,#3797,.F.);
#3797 = EDGE_CURVE('',#3798,#3790,#3800,.T.);
#3798 = VERTEX_POINT('',#3799);
#3799 = CARTESIAN_POINT('',(-17.73616027832,7.517540931702,-9.25));
#3800 = LINE('',#3801,#3802);
#3801 = CARTESIAN_POINT('',(-17.73616027832,7.517540931702,-9.25));
#3802 = VECTOR('',#3803,1.);
#3803 = DIRECTION('',(0.947927137844,0.318487270295,0.));
#3804 = ORIENTED_EDGE('',*,*,#3805,.F.);
#3805 = EDGE_CURVE('',#3806,#3798,#3808,.T.);
#3806 = VERTEX_POINT('',#3807);
#3807 = CARTESIAN_POINT('',(-18.10747909545,7.371809482574,-9.25));
#3808 = LINE('',#3809,#3810);
#3809 = CARTESIAN_POINT('',(-18.10747909545,7.371809482574,-9.25));
#3810 = VECTOR('',#3811,1.);
#3811 = DIRECTION('',(0.930874130272,0.365340051993,0.));
#3812 = ORIENTED_EDGE('',*,*,#3813,.F.);
#3813 = EDGE_CURVE('',#3814,#3806,#3816,.T.);
#3814 = VERTEX_POINT('',#3815);
#3815 = CARTESIAN_POINT('',(-18.47106933593,7.207750797272,-9.25));
#3816 = LINE('',#3817,#3818);
#3817 = CARTESIAN_POINT('',(-18.47106933593,7.207750797272,-9.25));
#3818 = VECTOR('',#3819,1.);
#3819 = DIRECTION('',(0.911505362504,0.411288188654,0.));
#3820 = ORIENTED_EDGE('',*,*,#3821,.F.);
#3821 = EDGE_CURVE('',#3822,#3814,#3824,.T.);
#3822 = VERTEX_POINT('',#3823);
#3823 = CARTESIAN_POINT('',(-18.82603263855,7.025772571564,-9.25));
#3824 = LINE('',#3825,#3826);
#3825 = CARTESIAN_POINT('',(-18.82603263855,7.025772571564,-9.25));
#3826 = VECTOR('',#3827,1.);
#3827 = DIRECTION('',(0.889872665146,0.456208987007,0.));
#3828 = ORIENTED_EDGE('',*,*,#3829,.F.);
#3829 = EDGE_CURVE('',#3830,#3822,#3832,.T.);
#3830 = VERTEX_POINT('',#3831);
#3831 = CARTESIAN_POINT('',(-19.17148208618,6.826326847076,-9.25));
#3832 = LINE('',#3833,#3834);
#3833 = CARTESIAN_POINT('',(-19.17148208618,6.826326847076,-9.25));
#3834 = VECTOR('',#3835,1.);
#3835 = DIRECTION('',(0.866024977269,0.500000738746,0.));
#3836 = ORIENTED_EDGE('',*,*,#3837,.F.);
#3837 = EDGE_CURVE('',#3838,#3830,#3840,.T.);
#3838 = VERTEX_POINT('',#3839);
#3839 = CARTESIAN_POINT('',(-19.50656127929,6.609910011292,-9.25));
#3840 = LINE('',#3841,#3842);
#3841 = CARTESIAN_POINT('',(-19.50656127929,6.609910011292,-9.25));
#3842 = VECTOR('',#3843,1.);
#3843 = DIRECTION('',(0.840026211579,0.542545817292,0.));
#3844 = ORIENTED_EDGE('',*,*,#3845,.F.);
#3845 = EDGE_CURVE('',#3846,#3838,#3848,.T.);
#3846 = VERTEX_POINT('',#3847);
#3847 = CARTESIAN_POINT('',(-19.83043479919,6.377059936523,-9.25));
#3848 = LINE('',#3849,#3850);
#3849 = CARTESIAN_POINT('',(-19.83043479919,6.377059936523,-9.25));
#3850 = VECTOR('',#3851,1.);
#3851 = DIRECTION('',(0.811936970354,0.583745112332,0.));
#3852 = ORIENTED_EDGE('',*,*,#3853,.F.);
#3853 = EDGE_CURVE('',#3854,#3846,#3856,.T.);
#3854 = VERTEX_POINT('',#3855);
#3855 = CARTESIAN_POINT('',(-20.14230155944,6.128355503082,-9.25));
#3856 = LINE('',#3857,#3858);
#3857 = CARTESIAN_POINT('',(-20.14230155944,6.128355503082,-9.25));
#3858 = VECTOR('',#3859,1.);
#3859 = DIRECTION('',(0.78183271519,0.623488256071,0.));
#3860 = ORIENTED_EDGE('',*,*,#3861,.F.);
#3861 = EDGE_CURVE('',#3862,#3854,#3864,.T.);
#3862 = VERTEX_POINT('',#3863);
#3863 = CARTESIAN_POINT('',(-20.44138145446,5.864415168762,-9.25));
#3864 = LINE('',#3865,#3866);
#3865 = CARTESIAN_POINT('',(-20.44138145446,5.864415168762,-9.25));
#3866 = VECTOR('',#3867,1.);
#3867 = DIRECTION('',(0.749780256555,0.661686910011,0.));
#3868 = ORIENTED_EDGE('',*,*,#3869,.F.);
#3869 = EDGE_CURVE('',#3870,#3862,#3872,.T.);
#3870 = VERTEX_POINT('',#3871);
#3871 = CARTESIAN_POINT('',(-20.72693443298,5.585894584656,-9.25));
#3872 = LINE('',#3873,#3874);
#3873 = CARTESIAN_POINT('',(-20.72693443298,5.585894584656,-9.25));
#3874 = VECTOR('',#3875,1.);
#3875 = DIRECTION('',(0.71586676194,0.698236907611,0.));
#3876 = ORIENTED_EDGE('',*,*,#3877,.T.);
#3877 = EDGE_CURVE('',#3870,#3878,#3880,.T.);
#3878 = VERTEX_POINT('',#3879);
#3879 = CARTESIAN_POINT('',(-20.99824905395,5.293486595154,-9.25));
#3880 = LINE('',#3881,#3882);
#3881 = CARTESIAN_POINT('',(-20.72693443298,5.585894584656,-9.25));
#3882 = VECTOR('',#3883,1.);
#3883 = DIRECTION('',(-0.68017227465,-0.733052301543,0.));
#3884 = ORIENTED_EDGE('',*,*,#3885,.F.);
#3885 = EDGE_CURVE('',#3886,#3878,#3888,.T.);
#3886 = VERTEX_POINT('',#3887);
#3887 = CARTESIAN_POINT('',(-21.25465202331,4.987918376923,-9.25));
#3888 = LINE('',#3889,#3890);
#3889 = CARTESIAN_POINT('',(-21.25465202331,4.987918376923,-9.25));
#3890 = VECTOR('',#3891,1.);
#3891 = DIRECTION('',(0.642788772095,0.766043467741,0.));
#3892 = ORIENTED_EDGE('',*,*,#3893,.T.);
#3893 = EDGE_CURVE('',#3886,#3894,#3896,.T.);
#3894 = VERTEX_POINT('',#3895);
#3895 = CARTESIAN_POINT('',(-21.49550437927,4.669949531555,-9.25));
#3896 = LINE('',#3897,#3898);
#3897 = CARTESIAN_POINT('',(-21.25465202331,4.987918376923,-9.25));
#3898 = VECTOR('',#3899,1.);
#3899 = DIRECTION('',(-0.603804912308,-0.797132126986,0.));
#3900 = ORIENTED_EDGE('',*,*,#3901,.F.);
#3901 = EDGE_CURVE('',#3902,#3894,#3904,.T.);
#3902 = VERTEX_POINT('',#3903);
#3903 = CARTESIAN_POINT('',(-21.72020721435,4.340370178223,-9.25));
#3904 = LINE('',#3905,#3906);
#3905 = CARTESIAN_POINT('',(-21.72020721435,4.340370178223,-9.25));
#3906 = VECTOR('',#3907,1.);
#3907 = DIRECTION('',(0.563319094037,0.826239431577,0.));
#3908 = ORIENTED_EDGE('',*,*,#3909,.F.);
#3909 = EDGE_CURVE('',#3910,#3902,#3912,.T.);
#3910 = VERTEX_POINT('',#3911);
#3911 = CARTESIAN_POINT('',(-21.92820358276,4.,-9.25));
#3912 = LINE('',#3913,#3914);
#3913 = CARTESIAN_POINT('',(-21.92820358276,4.,-9.25));
#3914 = VECTOR('',#3915,1.);
#3915 = DIRECTION('',(0.521436083577,0.853290343754,0.));
#3916 = ORIENTED_EDGE('',*,*,#3917,.F.);
#3917 = EDGE_CURVE('',#3918,#3910,#3920,.T.);
#3918 = VERTEX_POINT('',#3919);
#3919 = CARTESIAN_POINT('',(-22.11897468566,3.649685144424,-9.25));
#3920 = LINE('',#3921,#3922);
#3921 = CARTESIAN_POINT('',(-22.11897468566,3.649685144424,-9.25));
#3922 = VECTOR('',#3923,1.);
#3923 = DIRECTION('',(0.478253592666,0.87822178355,0.));
#3924 = ORIENTED_EDGE('',*,*,#3925,.F.);
#3925 = EDGE_CURVE('',#3926,#3918,#3928,.T.);
#3926 = VERTEX_POINT('',#3927);
#3927 = CARTESIAN_POINT('',(-22.29204750061,3.290296792984,-9.25));
#3928 = LINE('',#3929,#3930);
#3929 = CARTESIAN_POINT('',(-22.29204750061,3.290296792984,-9.25));
#3930 = VECTOR('',#3931,1.);
#3931 = DIRECTION('',(0.433884770035,0.900968371438,0.));
#3932 = ORIENTED_EDGE('',*,*,#3933,.F.);
#3933 = EDGE_CURVE('',#3934,#3926,#3936,.T.);
#3934 = VERTEX_POINT('',#3935);
#3935 = CARTESIAN_POINT('',(-22.44698905944,2.922728300095,-9.25));
#3936 = LINE('',#3937,#3938);
#3937 = CARTESIAN_POINT('',(-22.44698905944,2.922728300095,-9.25));
#3938 = VECTOR('',#3939,1.);
#3939 = DIRECTION('',(0.388431488318,0.921477606284,0.));
#3940 = ORIENTED_EDGE('',*,*,#3941,.F.);
#3941 = EDGE_CURVE('',#3942,#3934,#3944,.T.);
#3942 = VERTEX_POINT('',#3943);
#3943 = CARTESIAN_POINT('',(-22.58341789245,2.547893285751,-9.25));
#3944 = LINE('',#3945,#3946);
#3945 = CARTESIAN_POINT('',(-22.58341789245,2.547893285751,-9.25));
#3946 = VECTOR('',#3947,1.);
#3947 = DIRECTION('',(0.342020243,0.939692584508,0.));
#3948 = ORIENTED_EDGE('',*,*,#3949,.T.);
#3949 = EDGE_CURVE('',#3942,#3950,#3952,.T.);
#3950 = VERTEX_POINT('',#3951);
#3951 = CARTESIAN_POINT('',(-22.70099449157,2.16672372818,-9.25));
#3952 = LINE('',#3953,#3954);
#3953 = CARTESIAN_POINT('',(-22.58341789245,2.547893285751,-9.25));
#3954 = VECTOR('',#3955,1.);
#3955 = DIRECTION('',(-0.294758291753,-0.955571844208,0.));
#3956 = ORIENTED_EDGE('',*,*,#3957,.F.);
#3957 = EDGE_CURVE('',#3958,#3950,#3960,.T.);
#3958 = VERTEX_POINT('',#3959);
#3959 = CARTESIAN_POINT('',(-22.79942321777,1.780167460442,-9.25));
#3960 = LINE('',#3961,#3962);
#3961 = CARTESIAN_POINT('',(-22.79942321777,1.780167460442,-9.25));
#3962 = VECTOR('',#3963,1.);
#3963 = DIRECTION('',(0.246755998779,0.969077642435,0.));
#3964 = ORIENTED_EDGE('',*,*,#3965,.F.);
#3965 = EDGE_CURVE('',#3966,#3958,#3968,.T.);
#3966 = VERTEX_POINT('',#3967);
#3967 = CARTESIAN_POINT('',(-22.87846183776,1.389185428619,-9.25));
#3968 = LINE('',#3969,#3970);
#3969 = CARTESIAN_POINT('',(-22.87846183776,1.389185428619,-9.25));
#3970 = VECTOR('',#3971,1.);
#3971 = DIRECTION('',(0.198145895339,0.980172537954,0.));
#3972 = ORIENTED_EDGE('',*,*,#3973,.F.);
#3973 = EDGE_CURVE('',#3974,#3966,#3976,.T.);
#3974 = VERTEX_POINT('',#3975);
#3975 = CARTESIAN_POINT('',(-22.93791389465,0.99474966526,-9.25));
#3976 = LINE('',#3977,#3978);
#3977 = CARTESIAN_POINT('',(-22.93791389465,0.99474966526,-9.25));
#3978 = VECTOR('',#3979,1.);
#3979 = DIRECTION('',(0.149043323443,0.988830666867,0.));
#3980 = ORIENTED_EDGE('',*,*,#3981,.F.);
#3981 = EDGE_CURVE('',#3982,#3974,#3984,.T.);
#3982 = VERTEX_POINT('',#3983);
#3983 = CARTESIAN_POINT('',(-22.97763061523,0.597840726376,-9.25));
#3984 = LINE('',#3985,#3986);
#3985 = CARTESIAN_POINT('',(-22.97763061523,0.597840726376,-9.25));
#3986 = VECTOR('',#3987,1.);
#3987 = DIRECTION('',(9.956782398413E-02,0.995030777628,0.));
#3988 = ORIENTED_EDGE('',*,*,#3989,.F.);
#3989 = EDGE_CURVE('',#3990,#3982,#3992,.T.);
#3990 = VERTEX_POINT('',#3991);
#3991 = CARTESIAN_POINT('',(-22.99751281738,0.199445530772,-9.25));
#3992 = LINE('',#3993,#3994);
#3993 = CARTESIAN_POINT('',(-22.99751281738,0.199445530772,-9.25));
#3994 = VECTOR('',#3995,1.);
#3995 = DIRECTION('',(4.984369640066E-02,0.998757030478,0.));
#3996 = ORIENTED_EDGE('',*,*,#3997,.T.);
#3997 = EDGE_CURVE('',#3990,#967,#3998,.T.);
#3998 = LINE('',#3999,#4000);
#3999 = CARTESIAN_POINT('',(-22.99751281738,0.199445530772,-9.25));
#4000 = VECTOR('',#4001,1.);
#4001 = DIRECTION('',(-1.246951604021E-02,-0.999922252563,0.));
#4002 = ORIENTED_EDGE('',*,*,#966,.F.);
#4003 = ORIENTED_EDGE('',*,*,#4004,.T.);
#4004 = EDGE_CURVE('',#959,#888,#4005,.T.);
#4005 = LINE('',#4006,#4007);
#4006 = CARTESIAN_POINT('',(-23.,-44.,-9.25));
#4007 = VECTOR('',#4008,1.);
#4008 = DIRECTION('',(1.,0.,0.));
#4009 = ORIENTED_EDGE('',*,*,#887,.F.);
#4010 = ORIENTED_EDGE('',*,*,#3525,.F.);
#4011 = ORIENTED_EDGE('',*,*,#4012,.T.);
#4012 = EDGE_CURVE('',#3518,#4013,#4015,.T.);
#4013 = VERTEX_POINT('',#4014);
#4014 = CARTESIAN_POINT('',(22.961477279663,0.784137129784,-9.25));
#4015 = LINE('',#4016,#4017);
#4016 = CARTESIAN_POINT('',(22.990364074707,0.392541408539,-9.25));
#4017 = VECTOR('',#4018,1.);
#4018 = DIRECTION('',(-7.356699340896E-02,0.997290277442,0.));
#4019 = ORIENTED_EDGE('',*,*,#4020,.T.);
#4020 = EDGE_CURVE('',#4013,#4021,#4023,.T.);
#4021 = VERTEX_POINT('',#4022);
#4022 = CARTESIAN_POINT('',(22.913412094116,1.173843741417,-9.25));
#4023 = LINE('',#4024,#4025);
#4024 = CARTESIAN_POINT('',(22.961477279663,0.784137129784,-9.25));
#4025 = VECTOR('',#4026,1.);
#4026 = DIRECTION('',(-0.122409319207,0.992479701843,0.));
#4027 = ORIENTED_EDGE('',*,*,#4028,.F.);
#4028 = EDGE_CURVE('',#4029,#4021,#4031,.T.);
#4029 = VERTEX_POINT('',#4030);
#4030 = CARTESIAN_POINT('',(22.846282958984,1.560722589493,-9.25));
#4031 = LINE('',#4032,#4033);
#4032 = CARTESIAN_POINT('',(22.846282958984,1.560722589493,-9.25));
#4033 = VECTOR('',#4034,1.);
#4034 = DIRECTION('',(0.170960125792,-0.985277948291,0.));
#4035 = ORIENTED_EDGE('',*,*,#4036,.F.);
#4036 = EDGE_CURVE('',#4037,#4029,#4039,.T.);
#4037 = VERTEX_POINT('',#4038);
#4038 = CARTESIAN_POINT('',(22.760250091553,1.943841457367,-9.25));
#4039 = LINE('',#4040,#4041);
#4040 = CARTESIAN_POINT('',(22.760250091553,1.943841457367,-9.25));
#4041 = VECTOR('',#4042,1.);
#4042 = DIRECTION('',(0.219102812889,-0.975701776868,0.));
#4043 = ORIENTED_EDGE('',*,*,#4044,.T.);
#4044 = EDGE_CURVE('',#4037,#4045,#4047,.T.);
#4045 = VERTEX_POINT('',#4046);
#4046 = CARTESIAN_POINT('',(22.655523300171,2.32227730751,-9.25));
#4047 = LINE('',#4048,#4049);
#4048 = CARTESIAN_POINT('',(22.760250091553,1.943841457367,-9.25));
#4049 = VECTOR('',#4050,1.);
#4050 = DIRECTION('',(-0.266711544622,0.963776401436,0.));
#4051 = ORIENTED_EDGE('',*,*,#4052,.F.);
#4052 = EDGE_CURVE('',#3542,#4045,#4053,.T.);
#4053 = LINE('',#4054,#4055);
#4054 = CARTESIAN_POINT('',(22.53235244751,2.695118904114,-9.25));
#4055 = VECTOR('',#4056,1.);
#4056 = DIRECTION('',(0.313683178532,-0.949527705497,0.));
#4057 = FACE_BOUND('',#4058,.T.);
#4058 = EDGE_LOOP('',(#4059,#4069,#4077,#4085));
#4059 = ORIENTED_EDGE('',*,*,#4060,.T.);
#4060 = EDGE_CURVE('',#4061,#4063,#4065,.T.);
#4061 = VERTEX_POINT('',#4062);
#4062 = CARTESIAN_POINT('',(6.,-16.,-9.25));
#4063 = VERTEX_POINT('',#4064);
#4064 = CARTESIAN_POINT('',(-6.,-16.,-9.25));
#4065 = LINE('',#4066,#4067);
#4066 = CARTESIAN_POINT('',(-2.999998457298,-16.,-9.25));
#4067 = VECTOR('',#4068,1.);
#4068 = DIRECTION('',(-1.,0.,0.));
#4069 = ORIENTED_EDGE('',*,*,#4070,.T.);
#4070 = EDGE_CURVE('',#4063,#4071,#4073,.T.);
#4071 = VERTEX_POINT('',#4072);
#4072 = CARTESIAN_POINT('',(-6.,-4.,-9.25));
#4073 = LINE('',#4074,#4075);
#4074 = CARTESIAN_POINT('',(-6.,-19.0178364917,-9.25));
#4075 = VECTOR('',#4076,1.);
#4076 = DIRECTION('',(0.,1.,0.));
#4077 = ORIENTED_EDGE('',*,*,#4078,.F.);
#4078 = EDGE_CURVE('',#4079,#4071,#4081,.T.);
#4079 = VERTEX_POINT('',#4080);
#4080 = CARTESIAN_POINT('',(6.,-4.,-9.25));
#4081 = LINE('',#4082,#4083);
#4082 = CARTESIAN_POINT('',(-2.999998457298,-4.,-9.25));
#4083 = VECTOR('',#4084,1.);
#4084 = DIRECTION('',(-1.,0.,0.));
#4085 = ORIENTED_EDGE('',*,*,#4086,.F.);
#4086 = EDGE_CURVE('',#4061,#4079,#4087,.T.);
#4087 = LINE('',#4088,#4089);
#4088 = CARTESIAN_POINT('',(6.,-19.0178364917,-9.25));
#4089 = VECTOR('',#4090,1.);
#4090 = DIRECTION('',(0.,1.,0.));
#4091 = PLANE('',#4092);
#4092 = AXIS2_PLACEMENT_3D('',#4093,#4094,#4095);
#4093 = CARTESIAN_POINT('',(3.085404317828E-06,-22.0356729834,-9.25));
#4094 = DIRECTION('',(0.,0.,1.));
#4095 = DIRECTION('',(1.,0.,0.));
#4096 = ADVANCED_FACE('',(#4097),#4103,.T.);
#4097 = FACE_BOUND('',#4098,.T.);
#4098 = EDGE_LOOP('',(#4099,#4100,#4101,#4102));
#4099 = ORIENTED_EDGE('',*,*,#4004,.F.);
#4100 = ORIENTED_EDGE('',*,*,#958,.T.);
#4101 = ORIENTED_EDGE('',*,*,#2870,.T.);
#4102 = ORIENTED_EDGE('',*,*,#895,.F.);
#4103 = PLANE('',#4104);
#4104 = AXIS2_PLACEMENT_3D('',#4105,#4106,#4107);
#4105 = CARTESIAN_POINT('',(-23.,-44.,-9.25));
#4106 = DIRECTION('',(0.,1.,0.));
#4107 = DIRECTION('',(0.,0.,1.));
#4108 = ADVANCED_FACE('',(#4109),#4120,.T.);
#4109 = FACE_BOUND('',#4110,.T.);
#4110 = EDGE_LOOP('',(#4111,#4117,#4118,#4119));
#4111 = ORIENTED_EDGE('',*,*,#4112,.F.);
#4112 = EDGE_CURVE('',#3171,#3990,#4113,.T.);
#4113 = LINE('',#4114,#4115);
#4114 = CARTESIAN_POINT('',(-22.99751281738,0.199445530772,-17.25));
#4115 = VECTOR('',#4116,1.);
#4116 = DIRECTION('',(0.,0.,1.));
#4117 = ORIENTED_EDGE('',*,*,#3170,.T.);
#4118 = ORIENTED_EDGE('',*,*,#974,.F.);
#4119 = ORIENTED_EDGE('',*,*,#3997,.F.);
#4120 = PLANE('',#4121);
#4121 = AXIS2_PLACEMENT_3D('',#4122,#4123,#4124);
#4122 = CARTESIAN_POINT('',(-22.99875640869,9.97227653861E-02,-13.25));
#4123 = DIRECTION('',(-0.999922252563,1.246951604021E-02,0.));
#4124 = DIRECTION('',(-1.246951604021E-02,-0.999922252563,0.));
#4125 = ADVANCED_FACE('',(#4126),#4131,.T.);
#4126 = FACE_BOUND('',#4127,.T.);
#4127 = EDGE_LOOP('',(#4128,#4129,#4130));
#4128 = ORIENTED_EDGE('',*,*,#1767,.F.);
#4129 = ORIENTED_EDGE('',*,*,#1806,.T.);
#4130 = ORIENTED_EDGE('',*,*,#2257,.T.);
#4131 = PLANE('',#4132);
#4132 = AXIS2_PLACEMENT_3D('',#4133,#4134,#4135);
#4133 = CARTESIAN_POINT('',(3.085404317828E-06,-22.0356729834,6.));
#4134 = DIRECTION('',(0.,0.,1.));
#4135 = DIRECTION('',(1.,0.,0.));
#4136 = ADVANCED_FACE('',(#4137),#4142,.T.);
#4137 = FACE_BOUND('',#4138,.T.);
#4138 = EDGE_LOOP('',(#4139,#4140,#4141));
#4139 = ORIENTED_EDGE('',*,*,#2023,.T.);
#4140 = ORIENTED_EDGE('',*,*,#2213,.F.);
#4141 = ORIENTED_EDGE('',*,*,#1840,.T.);
#4142 = PLANE('',#4143);
#4143 = AXIS2_PLACEMENT_3D('',#4144,#4145,#4146);
#4144 = CARTESIAN_POINT('',(3.085404317828E-06,-22.0356729834,6.));
#4145 = DIRECTION('',(0.,0.,1.));
#4146 = DIRECTION('',(1.,0.,0.));
#4147 = ADVANCED_FACE('',(#4148,#4151),#4162,.T.);
#4148 = FACE_BOUND('',#4149,.T.);
#4149 = EDGE_LOOP('',(#4150));
#4150 = ORIENTED_EDGE('',*,*,#1923,.T.);
#4151 = FACE_BOUND('',#4152,.T.);
#4152 = EDGE_LOOP('',(#4153));
#4153 = ORIENTED_EDGE('',*,*,#4154,.F.);
#4154 = EDGE_CURVE('',#4155,#4155,#4157,.T.);
#4155 = VERTEX_POINT('',#4156);
#4156 = CARTESIAN_POINT('',(0.995646766169,2.,15.));
#4157 = CIRCLE('',#4158,5.995646766169);
#4158 = AXIS2_PLACEMENT_3D('',#4159,#4160,#4161);
#4159 = CARTESIAN_POINT('',(-5.,2.,15.));
#4160 = DIRECTION('',(0.,0.,1.));
#4161 = DIRECTION('',(1.,0.,0.));
#4162 = PLANE('',#4163);
#4163 = AXIS2_PLACEMENT_3D('',#4164,#4165,#4166);
#4164 = CARTESIAN_POINT('',(-5.,2.,15.));
#4165 = DIRECTION('',(0.,0.,1.));
#4166 = DIRECTION('',(1.,0.,0.));
#4167 = ADVANCED_FACE('',(#4168),#4186,.T.);
#4168 = FACE_BOUND('',#4169,.T.);
#4169 = EDGE_LOOP('',(#4170,#4178,#4179,#4180));
#4170 = ORIENTED_EDGE('',*,*,#4171,.F.);
#4171 = EDGE_CURVE('',#2173,#4172,#4174,.T.);
#4172 = VERTEX_POINT('',#4173);
#4173 = CARTESIAN_POINT('',(7.375,-1.95,14.113620667976));
#4174 = LINE('',#4175,#4176);
#4175 = CARTESIAN_POINT('',(9.75,-1.95,10.));
#4176 = VECTOR('',#4177,1.);
#4177 = DIRECTION('',(-0.5,-1.922962686384E-16,0.866025403784));
#4178 = ORIENTED_EDGE('',*,*,#2189,.T.);
#4179 = ORIENTED_EDGE('',*,*,#2084,.F.);
#4180 = ORIENTED_EDGE('',*,*,#4181,.F.);
#4181 = EDGE_CURVE('',#4172,#2077,#4182,.T.);
#4182 = LINE('',#4183,#4184);
#4183 = CARTESIAN_POINT('',(7.375,-1.95,14.113620667976));
#4184 = VECTOR('',#4185,1.);
#4185 = DIRECTION('',(0.,-1.,-2.22044604925E-16));
#4186 = PLANE('',#4187);
#4187 = AXIS2_PLACEMENT_3D('',#4188,#4189,#4190);
#4188 = CARTESIAN_POINT('',(9.75,-1.95,10.));
#4189 = DIRECTION('',(-0.866025403784,1.110223024625E-16,-0.5));
#4190 = DIRECTION('',(-0.5,-1.922962686384E-16,0.866025403784));
#4191 = ADVANCED_FACE('',(#4192),#4210,.T.);
#4192 = FACE_BOUND('',#4193,.T.);
#4193 = EDGE_LOOP('',(#4194,#4202,#4203,#4204));
#4194 = ORIENTED_EDGE('',*,*,#4195,.F.);
#4195 = EDGE_CURVE('',#4172,#4196,#4198,.T.);
#4196 = VERTEX_POINT('',#4197);
#4197 = CARTESIAN_POINT('',(2.625,-1.95,14.113620667976));
#4198 = LINE('',#4199,#4200);
#4199 = CARTESIAN_POINT('',(7.375,-1.95,14.113620667976));
#4200 = VECTOR('',#4201,1.);
#4201 = DIRECTION('',(-1.,-4.151899501163E-32,1.869849304632E-16));
#4202 = ORIENTED_EDGE('',*,*,#4181,.T.);
#4203 = ORIENTED_EDGE('',*,*,#2076,.F.);
#4204 = ORIENTED_EDGE('',*,*,#4205,.F.);
#4205 = EDGE_CURVE('',#4196,#2069,#4206,.T.);
#4206 = LINE('',#4207,#4208);
#4207 = CARTESIAN_POINT('',(2.625,-1.95,14.113620667976));
#4208 = VECTOR('',#4209,1.);
#4209 = DIRECTION('',(0.,-1.,-2.22044604925E-16));
#4210 = PLANE('',#4211);
#4211 = AXIS2_PLACEMENT_3D('',#4212,#4213,#4214);
#4212 = CARTESIAN_POINT('',(7.375,-1.95,14.113620667976));
#4213 = DIRECTION('',(-1.869849304632E-16,2.22044604925E-16,-1.));
#4214 = DIRECTION('',(-1.,-4.151899501163E-32,1.869849304632E-16));
#4215 = ADVANCED_FACE('',(#4216),#4227,.T.);
#4216 = FACE_BOUND('',#4217,.T.);
#4217 = EDGE_LOOP('',(#4218,#4224,#4225,#4226));
#4218 = ORIENTED_EDGE('',*,*,#4219,.F.);
#4219 = EDGE_CURVE('',#4196,#2107,#4220,.T.);
#4220 = LINE('',#4221,#4222);
#4221 = CARTESIAN_POINT('',(2.625,-1.95,14.113620667976));
#4222 = VECTOR('',#4223,1.);
#4223 = DIRECTION('',(-0.5,1.922962686384E-16,-0.866025403784));
#4224 = ORIENTED_EDGE('',*,*,#4205,.T.);
#4225 = ORIENTED_EDGE('',*,*,#2068,.F.);
#4226 = ORIENTED_EDGE('',*,*,#2116,.F.);
#4227 = PLANE('',#4228);
#4228 = AXIS2_PLACEMENT_3D('',#4229,#4230,#4231);
#4229 = CARTESIAN_POINT('',(2.625,-1.95,14.113620667976));
#4230 = DIRECTION('',(0.866025403784,1.110223024625E-16,-0.5));
#4231 = DIRECTION('',(-0.5,1.922962686384E-16,-0.866025403784));
#4232 = ADVANCED_FACE('',(#4233,#4246),#4257,.T.);
#4233 = FACE_BOUND('',#4234,.T.);
#4234 = EDGE_LOOP('',(#4235,#4236,#4237,#4238,#4239,#4245));
#4235 = ORIENTED_EDGE('',*,*,#4171,.T.);
#4236 = ORIENTED_EDGE('',*,*,#4195,.T.);
#4237 = ORIENTED_EDGE('',*,*,#4219,.T.);
#4238 = ORIENTED_EDGE('',*,*,#2106,.T.);
#4239 = ORIENTED_EDGE('',*,*,#4240,.T.);
#4240 = EDGE_CURVE('',#2109,#2171,#4241,.T.);
#4241 = LINE('',#4242,#4243);
#4242 = CARTESIAN_POINT('',(2.625,-1.95,5.886379332024));
#4243 = VECTOR('',#4244,1.);
#4244 = DIRECTION('',(1.,8.303799002326E-32,-3.739698609264E-16));
#4245 = ORIENTED_EDGE('',*,*,#2170,.T.);
#4246 = FACE_BOUND('',#4247,.T.);
#4247 = EDGE_LOOP('',(#4248));
#4248 = ORIENTED_EDGE('',*,*,#4249,.T.);
#4249 = EDGE_CURVE('',#4250,#4250,#4252,.T.);
#4250 = VERTEX_POINT('',#4251);
#4251 = CARTESIAN_POINT('',(7.4,-1.95,10.));
#4252 = CIRCLE('',#4253,2.4);
#4253 = AXIS2_PLACEMENT_3D('',#4254,#4255,#4256);
#4254 = CARTESIAN_POINT('',(5.,-1.95,10.));
#4255 = DIRECTION('',(-0.,1.,2.22044604925E-16));
#4256 = DIRECTION('',(1.,0.,0.));
#4257 = PLANE('',#4258);
#4258 = AXIS2_PLACEMENT_3D('',#4259,#4260,#4261);
#4259 = CARTESIAN_POINT('',(5.,-1.95,10.));
#4260 = DIRECTION('',(0.,-1.,-2.22044604925E-16));
#4261 = DIRECTION('',(1.,0.,0.));
#4262 = ADVANCED_FACE('',(#4263),#4269,.T.);
#4263 = FACE_BOUND('',#4264,.T.);
#4264 = EDGE_LOOP('',(#4265,#4266,#4267,#4268));
#4265 = ORIENTED_EDGE('',*,*,#2132,.T.);
#4266 = ORIENTED_EDGE('',*,*,#2156,.T.);
#4267 = ORIENTED_EDGE('',*,*,#2180,.F.);
#4268 = ORIENTED_EDGE('',*,*,#4240,.F.);
#4269 = PLANE('',#4270);
#4270 = AXIS2_PLACEMENT_3D('',#4271,#4272,#4273);
#4271 = CARTESIAN_POINT('',(2.625,-1.95,5.886379332024));
#4272 = DIRECTION('',(3.739698609264E-16,-2.22044604925E-16,1.));
#4273 = DIRECTION('',(1.,8.303799002326E-32,-3.739698609264E-16));
#4274 = ADVANCED_FACE('',(#4275),#4296,.T.);
#4275 = FACE_BOUND('',#4276,.T.);
#4276 = EDGE_LOOP('',(#4277,#4278,#4286,#4293,#4294,#4295));
#4277 = ORIENTED_EDGE('',*,*,#2233,.F.);
#4278 = ORIENTED_EDGE('',*,*,#4279,.F.);
#4279 = EDGE_CURVE('',#4280,#2225,#4282,.T.);
#4280 = VERTEX_POINT('',#4281);
#4281 = CARTESIAN_POINT('',(9.25,8.505,10.));
#4282 = LINE('',#4283,#4284);
#4283 = CARTESIAN_POINT('',(9.25,8.505,10.));
#4284 = VECTOR('',#4285,1.);
#4285 = DIRECTION('',(0.656643077493,-0.754201477578,-3.282975377295E-16
    ));
#4286 = ORIENTED_EDGE('',*,*,#4287,.T.);
#4287 = EDGE_CURVE('',#4280,#4280,#4288,.T.);
#4288 = CIRCLE('',#4289,4.25);
#4289 = AXIS2_PLACEMENT_3D('',#4290,#4291,#4292);
#4290 = CARTESIAN_POINT('',(5.,8.505,10.));
#4291 = DIRECTION('',(0.,-1.,-2.22044604925E-16));
#4292 = DIRECTION('',(1.,0.,0.));
#4293 = ORIENTED_EDGE('',*,*,#4279,.T.);
#4294 = ORIENTED_EDGE('',*,*,#2222,.F.);
#4295 = ORIENTED_EDGE('',*,*,#2242,.F.);
#4296 = CONICAL_SURFACE('',#4297,4.25,0.716359125723);
#4297 = AXIS2_PLACEMENT_3D('',#4298,#4299,#4300);
#4298 = CARTESIAN_POINT('',(5.,8.505,10.));
#4299 = DIRECTION('',(0.,-1.,-2.22044604925E-16));
#4300 = DIRECTION('',(1.,0.,0.));
#4301 = ADVANCED_FACE('',(#4302),#4327,.T.);
#4302 = FACE_BOUND('',#4303,.T.);
#4303 = EDGE_LOOP('',(#4304,#4305,#4313,#4321));
#4304 = ORIENTED_EDGE('',*,*,#2919,.F.);
#4305 = ORIENTED_EDGE('',*,*,#4306,.T.);
#4306 = EDGE_CURVE('',#2920,#4307,#4309,.T.);
#4307 = VERTEX_POINT('',#4308);
#4308 = CARTESIAN_POINT('',(-2.525,-2.286825748733,6.05));
#4309 = LINE('',#4310,#4311);
#4310 = CARTESIAN_POINT('',(-2.525,-2.286825748733,-5.E-02));
#4311 = VECTOR('',#4312,1.);
#4312 = DIRECTION('',(0.,0.,1.));
#4313 = ORIENTED_EDGE('',*,*,#4314,.T.);
#4314 = EDGE_CURVE('',#4307,#4315,#4317,.T.);
#4315 = VERTEX_POINT('',#4316);
#4316 = CARTESIAN_POINT('',(-5.E-02,2.,6.05));
#4317 = LINE('',#4318,#4319);
#4318 = CARTESIAN_POINT('',(-2.525,-2.286825748733,6.05));
#4319 = VECTOR('',#4320,1.);
#4320 = DIRECTION('',(0.5,0.866025403784,0.));
#4321 = ORIENTED_EDGE('',*,*,#4322,.F.);
#4322 = EDGE_CURVE('',#2922,#4315,#4323,.T.);
#4323 = LINE('',#4324,#4325);
#4324 = CARTESIAN_POINT('',(-5.E-02,2.,-5.E-02));
#4325 = VECTOR('',#4326,1.);
#4326 = DIRECTION('',(0.,0.,1.));
#4327 = PLANE('',#4328);
#4328 = AXIS2_PLACEMENT_3D('',#4329,#4330,#4331);
#4329 = CARTESIAN_POINT('',(-2.525,-2.286825748733,-5.E-02));
#4330 = DIRECTION('',(-0.866025403784,0.5,0.));
#4331 = DIRECTION('',(0.5,0.866025403784,0.));
#4332 = ADVANCED_FACE('',(#4333),#4351,.T.);
#4333 = FACE_BOUND('',#4334,.T.);
#4334 = EDGE_LOOP('',(#4335,#4336,#4344,#4350));
#4335 = ORIENTED_EDGE('',*,*,#2961,.F.);
#4336 = ORIENTED_EDGE('',*,*,#4337,.T.);
#4337 = EDGE_CURVE('',#2954,#4338,#4340,.T.);
#4338 = VERTEX_POINT('',#4339);
#4339 = CARTESIAN_POINT('',(-7.475,-2.286825748733,6.05));
#4340 = LINE('',#4341,#4342);
#4341 = CARTESIAN_POINT('',(-7.475,-2.286825748733,-5.E-02));
#4342 = VECTOR('',#4343,1.);
#4343 = DIRECTION('',(0.,0.,1.));
#4344 = ORIENTED_EDGE('',*,*,#4345,.T.);
#4345 = EDGE_CURVE('',#4338,#4307,#4346,.T.);
#4346 = LINE('',#4347,#4348);
#4347 = CARTESIAN_POINT('',(-7.475,-2.286825748733,6.05));
#4348 = VECTOR('',#4349,1.);
#4349 = DIRECTION('',(1.,-5.382899513334E-16,0.));
#4350 = ORIENTED_EDGE('',*,*,#4306,.F.);
#4351 = PLANE('',#4352);
#4352 = AXIS2_PLACEMENT_3D('',#4353,#4354,#4355);
#4353 = CARTESIAN_POINT('',(-7.475,-2.286825748733,-5.E-02));
#4354 = DIRECTION('',(5.382899513334E-16,1.,0.));
#4355 = DIRECTION('',(1.,-5.382899513334E-16,0.));
#4356 = ADVANCED_FACE('',(#4357),#4375,.T.);
#4357 = FACE_BOUND('',#4358,.T.);
#4358 = EDGE_LOOP('',(#4359,#4360,#4368,#4374));
#4359 = ORIENTED_EDGE('',*,*,#2953,.F.);
#4360 = ORIENTED_EDGE('',*,*,#4361,.T.);
#4361 = EDGE_CURVE('',#2946,#4362,#4364,.T.);
#4362 = VERTEX_POINT('',#4363);
#4363 = CARTESIAN_POINT('',(-9.95,2.,6.05));
#4364 = LINE('',#4365,#4366);
#4365 = CARTESIAN_POINT('',(-9.95,2.,-5.E-02));
#4366 = VECTOR('',#4367,1.);
#4367 = DIRECTION('',(0.,0.,1.));
#4368 = ORIENTED_EDGE('',*,*,#4369,.T.);
#4369 = EDGE_CURVE('',#4362,#4338,#4370,.T.);
#4370 = LINE('',#4371,#4372);
#4371 = CARTESIAN_POINT('',(-9.95,2.,6.05));
#4372 = VECTOR('',#4373,1.);
#4373 = DIRECTION('',(0.5,-0.866025403784,0.));
#4374 = ORIENTED_EDGE('',*,*,#4337,.F.);
#4375 = PLANE('',#4376);
#4376 = AXIS2_PLACEMENT_3D('',#4377,#4378,#4379);
#4377 = CARTESIAN_POINT('',(-9.95,2.,-5.E-02));
#4378 = DIRECTION('',(0.866025403784,0.5,0.));
#4379 = DIRECTION('',(0.5,-0.866025403784,0.));
#4380 = ADVANCED_FACE('',(#4381),#4399,.T.);
#4381 = FACE_BOUND('',#4382,.T.);
#4382 = EDGE_LOOP('',(#4383,#4384,#4392,#4398));
#4383 = ORIENTED_EDGE('',*,*,#2945,.F.);
#4384 = ORIENTED_EDGE('',*,*,#4385,.T.);
#4385 = EDGE_CURVE('',#2938,#4386,#4388,.T.);
#4386 = VERTEX_POINT('',#4387);
#4387 = CARTESIAN_POINT('',(-7.475,6.286825748733,6.05));
#4388 = LINE('',#4389,#4390);
#4389 = CARTESIAN_POINT('',(-7.475,6.286825748733,-5.E-02));
#4390 = VECTOR('',#4391,1.);
#4391 = DIRECTION('',(0.,0.,1.));
#4392 = ORIENTED_EDGE('',*,*,#4393,.T.);
#4393 = EDGE_CURVE('',#4386,#4362,#4394,.T.);
#4394 = LINE('',#4395,#4396);
#4395 = CARTESIAN_POINT('',(-7.475,6.286825748733,6.05));
#4396 = VECTOR('',#4397,1.);
#4397 = DIRECTION('',(-0.5,-0.866025403784,0.));
#4398 = ORIENTED_EDGE('',*,*,#4361,.F.);
#4399 = PLANE('',#4400);
#4400 = AXIS2_PLACEMENT_3D('',#4401,#4402,#4403);
#4401 = CARTESIAN_POINT('',(-7.475,6.286825748733,-5.E-02));
#4402 = DIRECTION('',(0.866025403784,-0.5,0.));
#4403 = DIRECTION('',(-0.5,-0.866025403784,0.));
#4404 = ADVANCED_FACE('',(#4405),#4423,.T.);
#4405 = FACE_BOUND('',#4406,.T.);
#4406 = EDGE_LOOP('',(#4407,#4408,#4416,#4422));
#4407 = ORIENTED_EDGE('',*,*,#2937,.F.);
#4408 = ORIENTED_EDGE('',*,*,#4409,.T.);
#4409 = EDGE_CURVE('',#2930,#4410,#4412,.T.);
#4410 = VERTEX_POINT('',#4411);
#4411 = CARTESIAN_POINT('',(-2.525,6.286825748733,6.05));
#4412 = LINE('',#4413,#4414);
#4413 = CARTESIAN_POINT('',(-2.525,6.286825748733,-5.E-02));
#4414 = VECTOR('',#4415,1.);
#4415 = DIRECTION('',(0.,0.,1.));
#4416 = ORIENTED_EDGE('',*,*,#4417,.T.);
#4417 = EDGE_CURVE('',#4410,#4386,#4418,.T.);
#4418 = LINE('',#4419,#4420);
#4419 = CARTESIAN_POINT('',(-2.525,6.286825748733,6.05));
#4420 = VECTOR('',#4421,1.);
#4421 = DIRECTION('',(-1.,1.794299837778E-16,0.));
#4422 = ORIENTED_EDGE('',*,*,#4385,.F.);
#4423 = PLANE('',#4424);
#4424 = AXIS2_PLACEMENT_3D('',#4425,#4426,#4427);
#4425 = CARTESIAN_POINT('',(-2.525,6.286825748733,-5.E-02));
#4426 = DIRECTION('',(-1.794299837778E-16,-1.,0.));
#4427 = DIRECTION('',(-1.,1.794299837778E-16,0.));
#4428 = ADVANCED_FACE('',(#4429),#4440,.T.);
#4429 = FACE_BOUND('',#4430,.T.);
#4430 = EDGE_LOOP('',(#4431,#4432,#4433,#4439));
#4431 = ORIENTED_EDGE('',*,*,#2929,.F.);
#4432 = ORIENTED_EDGE('',*,*,#4322,.T.);
#4433 = ORIENTED_EDGE('',*,*,#4434,.T.);
#4434 = EDGE_CURVE('',#4315,#4410,#4435,.T.);
#4435 = LINE('',#4436,#4437);
#4436 = CARTESIAN_POINT('',(-5.E-02,2.,6.05));
#4437 = VECTOR('',#4438,1.);
#4438 = DIRECTION('',(-0.5,0.866025403784,0.));
#4439 = ORIENTED_EDGE('',*,*,#4409,.F.);
#4440 = PLANE('',#4441);
#4441 = AXIS2_PLACEMENT_3D('',#4442,#4443,#4444);
#4442 = CARTESIAN_POINT('',(-5.E-02,2.,-5.E-02));
#4443 = DIRECTION('',(-0.866025403784,-0.5,0.));
#4444 = DIRECTION('',(-0.5,0.866025403784,0.));
#4445 = ADVANCED_FACE('',(#4446),#4462,.T.);
#4446 = FACE_BOUND('',#4447,.T.);
#4447 = EDGE_LOOP('',(#4448,#4454,#4455,#4461));
#4448 = ORIENTED_EDGE('',*,*,#4449,.T.);
#4449 = EDGE_CURVE('',#2976,#3670,#4450,.T.);
#4450 = LINE('',#4451,#4452);
#4451 = CARTESIAN_POINT('',(18.06146812439,7.39103603363,-17.25));
#4452 = VECTOR('',#4453,1.);
#4453 = DIRECTION('',(0.,0.,1.));
#4454 = ORIENTED_EDGE('',*,*,#3669,.T.);
#4455 = ORIENTED_EDGE('',*,*,#4456,.F.);
#4456 = EDGE_CURVE('',#2978,#3662,#4457,.T.);
#4457 = LINE('',#4458,#4459);
#4458 = CARTESIAN_POINT('',(18.420440673828,7.231914520264,-17.25));
#4459 = VECTOR('',#4460,1.);
#4460 = DIRECTION('',(0.,0.,1.));
#4461 = ORIENTED_EDGE('',*,*,#2975,.F.);
#4462 = PLANE('',#4463);
#4463 = AXIS2_PLACEMENT_3D('',#4464,#4465,#4466);
#4464 = CARTESIAN_POINT('',(18.240954399109,7.311475276947,-13.25));
#4465 = DIRECTION('',(0.405241156233,0.914209825639,0.));
#4466 = DIRECTION('',(0.914209825639,-0.405241156233,0.));
#4467 = ADVANCED_FACE('',(#4468),#4479,.T.);
#4468 = FACE_BOUND('',#4469,.T.);
#4469 = EDGE_LOOP('',(#4470,#4476,#4477,#4478));
#4470 = ORIENTED_EDGE('',*,*,#4471,.T.);
#4471 = EDGE_CURVE('',#3483,#3678,#4472,.T.);
#4472 = LINE('',#4473,#4474);
#4473 = CARTESIAN_POINT('',(17.695117950439,7.53235244751,-17.25));
#4474 = VECTOR('',#4475,1.);
#4475 = DIRECTION('',(0.,0.,1.));
#4476 = ORIENTED_EDGE('',*,*,#3677,.T.);
#4477 = ORIENTED_EDGE('',*,*,#4449,.F.);
#4478 = ORIENTED_EDGE('',*,*,#3490,.T.);
#4479 = PLANE('',#4480);
#4480 = AXIS2_PLACEMENT_3D('',#4481,#4482,#4483);
#4481 = CARTESIAN_POINT('',(17.878293037415,7.46169424057,-13.25));
#4482 = DIRECTION('',(0.359894055853,0.932993177125,0.));
#4483 = DIRECTION('',(0.932993177125,-0.359894055853,0.));
#4484 = ADVANCED_FACE('',(#4485),#4496,.T.);
#4485 = FACE_BOUND('',#4486,.T.);
#4486 = EDGE_LOOP('',(#4487,#4488,#4494,#4495));
#4487 = ORIENTED_EDGE('',*,*,#3661,.F.);
#4488 = ORIENTED_EDGE('',*,*,#4489,.T.);
#4489 = EDGE_CURVE('',#3654,#2986,#4490,.T.);
#4490 = LINE('',#4491,#4492);
#4491 = CARTESIAN_POINT('',(18.771173477173,7.055370330811,-9.25));
#4492 = VECTOR('',#4493,1.);
#4493 = DIRECTION('',(0.,0.,-1.));
#4494 = ORIENTED_EDGE('',*,*,#2985,.T.);
#4495 = ORIENTED_EDGE('',*,*,#4456,.T.);
#4496 = PLANE('',#4497);
#4497 = AXIS2_PLACEMENT_3D('',#4498,#4499,#4500);
#4498 = CARTESIAN_POINT('',(18.5958070755,7.143642425537,-13.25));
#4499 = DIRECTION('',(0.449611598512,0.893224165864,0.));
#4500 = DIRECTION('',(0.893224165864,-0.449611598512,0.));
#4501 = ADVANCED_FACE('',(#4502),#4513,.T.);
#4502 = FACE_BOUND('',#4503,.T.);
#4503 = EDGE_LOOP('',(#4504,#4505,#4506,#4507));
#4504 = ORIENTED_EDGE('',*,*,#3685,.T.);
#4505 = ORIENTED_EDGE('',*,*,#4471,.F.);
#4506 = ORIENTED_EDGE('',*,*,#3482,.F.);
#4507 = ORIENTED_EDGE('',*,*,#4508,.T.);
#4508 = EDGE_CURVE('',#3475,#3686,#4509,.T.);
#4509 = LINE('',#4510,#4511);
#4510 = CARTESIAN_POINT('',(17.322277069092,7.655522823334,-17.25));
#4511 = VECTOR('',#4512,1.);
#4512 = DIRECTION('',(0.,0.,1.));
#4513 = PLANE('',#4514);
#4514 = AXIS2_PLACEMENT_3D('',#4515,#4516,#4517);
#4515 = CARTESIAN_POINT('',(17.508697509766,7.593937635422,-13.25));
#4516 = DIRECTION('',(0.3136826262,0.949527887963,0.));
#4517 = DIRECTION('',(0.949527887963,-0.3136826262,0.));
#4518 = ADVANCED_FACE('',(#4519),#4530,.T.);
#4519 = FACE_BOUND('',#4520,.T.);
#4520 = EDGE_LOOP('',(#4521,#4522,#4528,#4529));
#4521 = ORIENTED_EDGE('',*,*,#3653,.F.);
#4522 = ORIENTED_EDGE('',*,*,#4523,.T.);
#4523 = EDGE_CURVE('',#3646,#2994,#4524,.T.);
#4524 = LINE('',#4525,#4526);
#4525 = CARTESIAN_POINT('',(19.112821578979,6.861828804016,-9.25));
#4526 = VECTOR('',#4527,1.);
#4527 = DIRECTION('',(0.,0.,-1.));
#4528 = ORIENTED_EDGE('',*,*,#2993,.T.);
#4529 = ORIENTED_EDGE('',*,*,#4489,.F.);
#4530 = PLANE('',#4531);
#4531 = AXIS2_PLACEMENT_3D('',#4532,#4533,#4534);
#4532 = CARTESIAN_POINT('',(18.941997528076,6.958599567413,-13.25));
#4533 = DIRECTION('',(0.492898708405,0.870086698699,0.));
#4534 = DIRECTION('',(0.870086698699,-0.492898708405,0.));
#4535 = ADVANCED_FACE('',(#4536),#4547,.T.);
#4536 = FACE_BOUND('',#4537,.T.);
#4537 = EDGE_LOOP('',(#4538,#4539,#4540,#4546));
#4538 = ORIENTED_EDGE('',*,*,#4508,.F.);
#4539 = ORIENTED_EDGE('',*,*,#3474,.T.);
#4540 = ORIENTED_EDGE('',*,*,#4541,.F.);
#4541 = EDGE_CURVE('',#3694,#3467,#4542,.T.);
#4542 = LINE('',#4543,#4544);
#4543 = CARTESIAN_POINT('',(16.943841934204,7.760250091553,-9.25));
#4544 = VECTOR('',#4545,1.);
#4545 = DIRECTION('',(0.,0.,-1.));
#4546 = ORIENTED_EDGE('',*,*,#3693,.F.);
#4547 = PLANE('',#4548);
#4548 = AXIS2_PLACEMENT_3D('',#4549,#4550,#4551);
#4549 = CARTESIAN_POINT('',(17.133059501648,7.707886457443,-13.25));
#4550 = DIRECTION('',(0.266713140852,0.963775959701,0.));
#4551 = DIRECTION('',(0.963775959701,-0.266713140852,0.));
#4552 = ADVANCED_FACE('',(#4553),#4564,.T.);
#4553 = FACE_BOUND('',#4554,.T.);
#4554 = EDGE_LOOP('',(#4555,#4556,#4562,#4563));
#4555 = ORIENTED_EDGE('',*,*,#3645,.F.);
#4556 = ORIENTED_EDGE('',*,*,#4557,.T.);
#4557 = EDGE_CURVE('',#3638,#3002,#4558,.T.);
#4558 = LINE('',#4559,#4560);
#4559 = CARTESIAN_POINT('',(19.444561004639,6.651756763458,-9.25));
#4560 = VECTOR('',#4561,1.);
#4561 = DIRECTION('',(0.,0.,-1.));
#4562 = ORIENTED_EDGE('',*,*,#3001,.T.);
#4563 = ORIENTED_EDGE('',*,*,#4523,.F.);
#4564 = PLANE('',#4565);
#4565 = AXIS2_PLACEMENT_3D('',#4566,#4567,#4568);
#4566 = CARTESIAN_POINT('',(19.278691291809,6.756792783737,-13.25));
#4567 = DIRECTION('',(0.534998285328,0.844853143864,0.));
#4568 = DIRECTION('',(0.844853143864,-0.534998285328,0.));
#4569 = ADVANCED_FACE('',(#4570),#4581,.T.);
#4570 = FACE_BOUND('',#4571,.T.);
#4571 = EDGE_LOOP('',(#4572,#4578,#4579,#4580));
#4572 = ORIENTED_EDGE('',*,*,#4573,.T.);
#4573 = EDGE_CURVE('',#3459,#3702,#4574,.T.);
#4574 = LINE('',#4575,#4576);
#4575 = CARTESIAN_POINT('',(16.560722351074,7.84628200531,-17.25));
#4576 = VECTOR('',#4577,1.);
#4577 = DIRECTION('',(0.,0.,1.));
#4578 = ORIENTED_EDGE('',*,*,#3701,.T.);
#4579 = ORIENTED_EDGE('',*,*,#4541,.T.);
#4580 = ORIENTED_EDGE('',*,*,#3466,.T.);
#4581 = PLANE('',#4582);
#4582 = AXIS2_PLACEMENT_3D('',#4583,#4584,#4585);
#4583 = CARTESIAN_POINT('',(16.752282142639,7.803266048431,-13.25));
#4584 = DIRECTION('',(0.219100111319,0.975702383527,0.));
#4585 = DIRECTION('',(0.975702383527,-0.219100111319,0.));
#4586 = ADVANCED_FACE('',(#4587),#4598,.T.);
#4587 = FACE_BOUND('',#4588,.T.);
#4588 = EDGE_LOOP('',(#4589,#4590,#4591,#4597));
#4589 = ORIENTED_EDGE('',*,*,#4557,.F.);
#4590 = ORIENTED_EDGE('',*,*,#3637,.F.);
#4591 = ORIENTED_EDGE('',*,*,#4592,.T.);
#4592 = EDGE_CURVE('',#3630,#3010,#4593,.T.);
#4593 = LINE('',#4594,#4595);
#4594 = CARTESIAN_POINT('',(19.765594482422,6.425660133362,-9.25));
#4595 = VECTOR('',#4596,1.);
#4596 = DIRECTION('',(0.,0.,-1.));
#4597 = ORIENTED_EDGE('',*,*,#3009,.T.);
#4598 = PLANE('',#4599);
#4599 = AXIS2_PLACEMENT_3D('',#4600,#4601,#4602);
#4600 = CARTESIAN_POINT('',(19.60507774353,6.53870844841,-13.25));
#4601 = DIRECTION('',(0.575807077134,0.817585597918,0.));
#4602 = DIRECTION('',(0.817585597918,-0.575807077134,0.));
#4603 = ADVANCED_FACE('',(#4604),#4615,.T.);
#4604 = FACE_BOUND('',#4605,.T.);
#4605 = EDGE_LOOP('',(#4606,#4607,#4608,#4614));
#4606 = ORIENTED_EDGE('',*,*,#4573,.F.);
#4607 = ORIENTED_EDGE('',*,*,#3458,.T.);
#4608 = ORIENTED_EDGE('',*,*,#4609,.F.);
#4609 = EDGE_CURVE('',#3710,#3451,#4610,.T.);
#4610 = LINE('',#4611,#4612);
#4611 = CARTESIAN_POINT('',(16.173843383789,7.913412094116,-9.25));
#4612 = VECTOR('',#4613,1.);
#4613 = DIRECTION('',(0.,0.,-1.));
#4614 = ORIENTED_EDGE('',*,*,#3709,.F.);
#4615 = PLANE('',#4616);
#4616 = AXIS2_PLACEMENT_3D('',#4617,#4618,#4619);
#4617 = CARTESIAN_POINT('',(16.367282867432,7.879847049713,-13.25));
#4618 = DIRECTION('',(0.170962432421,0.985277548055,0.));
#4619 = DIRECTION('',(0.985277548055,-0.170962432421,0.));
#4620 = ADVANCED_FACE('',(#4621),#4632,.T.);
#4621 = FACE_BOUND('',#4622,.T.);
#4622 = EDGE_LOOP('',(#4623,#4629,#4630,#4631));
#4623 = ORIENTED_EDGE('',*,*,#4624,.T.);
#4624 = EDGE_CURVE('',#3622,#3018,#4625,.T.);
#4625 = LINE('',#4626,#4627);
#4626 = CARTESIAN_POINT('',(20.075145721436,6.184083461761,-9.25));
#4627 = VECTOR('',#4628,1.);
#4628 = DIRECTION('',(0.,0.,-1.));
#4629 = ORIENTED_EDGE('',*,*,#3017,.F.);
#4630 = ORIENTED_EDGE('',*,*,#4592,.F.);
#4631 = ORIENTED_EDGE('',*,*,#3629,.F.);
#4632 = PLANE('',#4633);
#4633 = AXIS2_PLACEMENT_3D('',#4634,#4635,#4636);
#4634 = CARTESIAN_POINT('',(19.920370101929,6.304871797562,-13.25));
#4635 = DIRECTION('',(0.615232403522,0.7883457932,0.));
#4636 = DIRECTION('',(0.7883457932,-0.615232403522,0.));
#4637 = ADVANCED_FACE('',(#4638),#4649,.T.);
#4638 = FACE_BOUND('',#4639,.T.);
#4639 = EDGE_LOOP('',(#4640,#4641,#4642,#4648));
#4640 = ORIENTED_EDGE('',*,*,#4609,.T.);
#4641 = ORIENTED_EDGE('',*,*,#3450,.T.);
#4642 = ORIENTED_EDGE('',*,*,#4643,.F.);
#4643 = EDGE_CURVE('',#3718,#3443,#4644,.T.);
#4644 = LINE('',#4645,#4646);
#4645 = CARTESIAN_POINT('',(15.784136772156,7.9614777565,-9.25));
#4646 = VECTOR('',#4647,1.);
#4647 = DIRECTION('',(0.,0.,-1.));
#4648 = ORIENTED_EDGE('',*,*,#3717,.T.);
#4649 = PLANE('',#4650);
#4650 = AXIS2_PLACEMENT_3D('',#4651,#4652,#4653);
#4651 = CARTESIAN_POINT('',(15.978990077972,7.937444925308,-13.25));
#4652 = DIRECTION('',(0.122410515389,0.992479554309,0.));
#4653 = DIRECTION('',(0.992479554309,-0.122410515389,0.));
#4654 = ADVANCED_FACE('',(#4655),#4666,.T.);
#4655 = FACE_BOUND('',#4656,.T.);
#4656 = EDGE_LOOP('',(#4657,#4658,#4659,#4660));
#4657 = ORIENTED_EDGE('',*,*,#3025,.T.);
#4658 = ORIENTED_EDGE('',*,*,#4624,.F.);
#4659 = ORIENTED_EDGE('',*,*,#3621,.F.);
#4660 = ORIENTED_EDGE('',*,*,#4661,.T.);
#4661 = EDGE_CURVE('',#3614,#3026,#4662,.T.);
#4662 = LINE('',#4663,#4664);
#4663 = CARTESIAN_POINT('',(20.372470855713,5.927608966827,-9.25));
#4664 = VECTOR('',#4665,1.);
#4665 = DIRECTION('',(0.,0.,-1.));
#4666 = PLANE('',#4667);
#4667 = AXIS2_PLACEMENT_3D('',#4668,#4669,#4670);
#4668 = CARTESIAN_POINT('',(20.223808288574,6.055846214294,-13.25));
#4669 = DIRECTION('',(0.653172945603,0.757208757961,0.));
#4670 = DIRECTION('',(0.757208757961,-0.653172945603,0.));
#4671 = ADVANCED_FACE('',(#4672),#4683,.T.);
#4672 = FACE_BOUND('',#4673,.T.);
#4673 = EDGE_LOOP('',(#4674,#4675,#4681,#4682));
#4674 = ORIENTED_EDGE('',*,*,#3442,.F.);
#4675 = ORIENTED_EDGE('',*,*,#4676,.F.);
#4676 = EDGE_CURVE('',#3726,#3435,#4677,.T.);
#4677 = LINE('',#4678,#4679);
#4678 = CARTESIAN_POINT('',(15.392540931702,7.99036359787,-9.25));
#4679 = VECTOR('',#4680,1.);
#4680 = DIRECTION('',(0.,0.,-1.));
#4681 = ORIENTED_EDGE('',*,*,#3725,.T.);
#4682 = ORIENTED_EDGE('',*,*,#4643,.T.);
#4683 = PLANE('',#4684);
#4684 = AXIS2_PLACEMENT_3D('',#4685,#4686,#4687);
#4685 = CARTESIAN_POINT('',(15.588338851929,7.975920677185,-13.25));
#4686 = DIRECTION('',(7.356455552456E-02,0.997290457274,0.));
#4687 = DIRECTION('',(0.997290457274,-7.356455552456E-02,0.));
#4688 = ADVANCED_FACE('',(#4689),#4700,.T.);
#4689 = FACE_BOUND('',#4690,.T.);
#4690 = EDGE_LOOP('',(#4691,#4692,#4698,#4699));
#4691 = ORIENTED_EDGE('',*,*,#3613,.F.);
#4692 = ORIENTED_EDGE('',*,*,#4693,.T.);
#4693 = EDGE_CURVE('',#3606,#3034,#4694,.T.);
#4694 = LINE('',#4695,#4696);
#4695 = CARTESIAN_POINT('',(20.656854629517,5.656854152679,-9.25));
#4696 = VECTOR('',#4697,1.);
#4697 = DIRECTION('',(0.,0.,-1.));
#4698 = ORIENTED_EDGE('',*,*,#3033,.T.);
#4699 = ORIENTED_EDGE('',*,*,#4661,.F.);
#4700 = PLANE('',#4701);
#4701 = AXIS2_PLACEMENT_3D('',#4702,#4703,#4704);
#4702 = CARTESIAN_POINT('',(20.514662742615,5.792231559753,-13.25));
#4703 = DIRECTION('',(0.689539146706,0.724248413985,0.));
#4704 = DIRECTION('',(0.724248413985,-0.689539146706,0.));
#4705 = ADVANCED_FACE('',(#4706),#4717,.T.);
#4706 = FACE_BOUND('',#4707,.T.);
#4707 = EDGE_LOOP('',(#4708,#4709,#4710,#4716));
#4708 = ORIENTED_EDGE('',*,*,#4676,.T.);
#4709 = ORIENTED_EDGE('',*,*,#3434,.F.);
#4710 = ORIENTED_EDGE('',*,*,#4711,.T.);
#4711 = EDGE_CURVE('',#3427,#3734,#4712,.T.);
#4712 = LINE('',#4713,#4714);
#4713 = CARTESIAN_POINT('',(15.,8.,-17.25));
#4714 = VECTOR('',#4715,1.);
#4715 = DIRECTION('',(0.,0.,1.));
#4716 = ORIENTED_EDGE('',*,*,#3733,.T.);
#4717 = PLANE('',#4718);
#4718 = AXIS2_PLACEMENT_3D('',#4719,#4720,#4721);
#4719 = CARTESIAN_POINT('',(15.196270465851,7.995181798935,-13.25));
#4720 = DIRECTION('',(2.454138921563E-02,0.999698814751,0.));
#4721 = DIRECTION('',(0.999698814751,-2.454138921563E-02,0.));
#4722 = ADVANCED_FACE('',(#4723),#4734,.T.);
#4723 = FACE_BOUND('',#4724,.T.);
#4724 = EDGE_LOOP('',(#4725,#4726,#4727,#4728));
#4725 = ORIENTED_EDGE('',*,*,#3041,.T.);
#4726 = ORIENTED_EDGE('',*,*,#4693,.F.);
#4727 = ORIENTED_EDGE('',*,*,#3605,.T.);
#4728 = ORIENTED_EDGE('',*,*,#4729,.T.);
#4729 = EDGE_CURVE('',#3598,#3042,#4730,.T.);
#4730 = LINE('',#4731,#4732);
#4731 = CARTESIAN_POINT('',(20.92760848999,5.372471809387,-9.25));
#4732 = VECTOR('',#4733,1.);
#4733 = DIRECTION('',(0.,0.,-1.));
#4734 = PLANE('',#4735);
#4735 = AXIS2_PLACEMENT_3D('',#4736,#4737,#4738);
#4736 = CARTESIAN_POINT('',(20.792231559753,5.514662981033,-13.25));
#4737 = DIRECTION('',(0.724247894719,0.68953969211,0.));
#4738 = DIRECTION('',(-0.68953969211,0.724247894719,0.));
#4739 = ADVANCED_FACE('',(#4740),#4751,.T.);
#4740 = FACE_BOUND('',#4741,.T.);
#4741 = EDGE_LOOP('',(#4742,#4743,#4744,#4745));
#4742 = ORIENTED_EDGE('',*,*,#3741,.T.);
#4743 = ORIENTED_EDGE('',*,*,#4711,.F.);
#4744 = ORIENTED_EDGE('',*,*,#3426,.T.);
#4745 = ORIENTED_EDGE('',*,*,#4746,.T.);
#4746 = EDGE_CURVE('',#3419,#3742,#4747,.T.);
#4747 = LINE('',#4748,#4749);
#4748 = CARTESIAN_POINT('',(-15.,8.,-17.25));
#4749 = VECTOR('',#4750,1.);
#4750 = DIRECTION('',(0.,0.,1.));
#4751 = PLANE('',#4752);
#4752 = AXIS2_PLACEMENT_3D('',#4753,#4754,#4755);
#4753 = CARTESIAN_POINT('',(0.,8.,-13.25));
#4754 = DIRECTION('',(0.,1.,0.));
#4755 = DIRECTION('',(0.,0.,1.));
#4756 = ADVANCED_FACE('',(#4757),#4768,.T.);
#4757 = FACE_BOUND('',#4758,.T.);
#4758 = EDGE_LOOP('',(#4759,#4765,#4766,#4767));
#4759 = ORIENTED_EDGE('',*,*,#4760,.F.);
#4760 = EDGE_CURVE('',#3050,#3590,#4761,.T.);
#4761 = LINE('',#4762,#4763);
#4762 = CARTESIAN_POINT('',(21.184083938599,5.075146198273,-17.25));
#4763 = VECTOR('',#4764,1.);
#4764 = DIRECTION('',(0.,0.,1.));
#4765 = ORIENTED_EDGE('',*,*,#3049,.T.);
#4766 = ORIENTED_EDGE('',*,*,#4729,.F.);
#4767 = ORIENTED_EDGE('',*,*,#3597,.T.);
#4768 = PLANE('',#4769);
#4769 = AXIS2_PLACEMENT_3D('',#4770,#4771,#4772);
#4770 = CARTESIAN_POINT('',(21.055846214294,5.22380900383,-13.25));
#4771 = DIRECTION('',(0.757208074824,0.653173737548,0.));
#4772 = DIRECTION('',(-0.653173737548,0.757208074824,0.));
#4773 = ADVANCED_FACE('',(#4774),#4785,.T.);
#4774 = FACE_BOUND('',#4775,.T.);
#4775 = EDGE_LOOP('',(#4776,#4782,#4783,#4784));
#4776 = ORIENTED_EDGE('',*,*,#4777,.T.);
#4777 = EDGE_CURVE('',#3411,#3750,#4778,.T.);
#4778 = LINE('',#4779,#4780);
#4779 = CARTESIAN_POINT('',(-15.39876747131,7.990055561066,-17.25));
#4780 = VECTOR('',#4781,1.);
#4781 = DIRECTION('',(0.,0.,1.));
#4782 = ORIENTED_EDGE('',*,*,#3749,.T.);
#4783 = ORIENTED_EDGE('',*,*,#4746,.F.);
#4784 = ORIENTED_EDGE('',*,*,#3418,.T.);
#4785 = PLANE('',#4786);
#4786 = AXIS2_PLACEMENT_3D('',#4787,#4788,#4789);
#4787 = CARTESIAN_POINT('',(-15.19938373565,7.995027780533,-13.25));
#4788 = DIRECTION('',(-2.493018830202E-02,0.999689194556,0.));
#4789 = DIRECTION('',(0.999689194556,2.493018830202E-02,0.));
#4790 = ADVANCED_FACE('',(#4791),#4802,.T.);
#4791 = FACE_BOUND('',#4792,.T.);
#4792 = EDGE_LOOP('',(#4793,#4794,#4800,#4801));
#4793 = ORIENTED_EDGE('',*,*,#3589,.T.);
#4794 = ORIENTED_EDGE('',*,*,#4795,.F.);
#4795 = EDGE_CURVE('',#3058,#3582,#4796,.T.);
#4796 = LINE('',#4797,#4798);
#4797 = CARTESIAN_POINT('',(21.425661087036,4.765594482422,-17.25));
#4798 = VECTOR('',#4799,1.);
#4799 = DIRECTION('',(0.,0.,1.));
#4800 = ORIENTED_EDGE('',*,*,#3057,.T.);
#4801 = ORIENTED_EDGE('',*,*,#4760,.T.);
#4802 = PLANE('',#4803);
#4803 = AXIS2_PLACEMENT_3D('',#4804,#4805,#4806);
#4804 = CARTESIAN_POINT('',(21.304872512817,4.920370340347,-13.25));
#4805 = DIRECTION('',(0.788345663863,0.615232569252,0.));
#4806 = DIRECTION('',(-0.615232569252,0.788345663863,0.));
#4807 = ADVANCED_FACE('',(#4808),#4819,.T.);
#4808 = FACE_BOUND('',#4809,.T.);
#4809 = EDGE_LOOP('',(#4810,#4811,#4812,#4818));
#4810 = ORIENTED_EDGE('',*,*,#4777,.F.);
#4811 = ORIENTED_EDGE('',*,*,#3410,.T.);
#4812 = ORIENTED_EDGE('',*,*,#4813,.F.);
#4813 = EDGE_CURVE('',#3758,#3403,#4814,.T.);
#4814 = LINE('',#4815,#4816);
#4815 = CARTESIAN_POINT('',(-15.79654312133,7.960246086121,-9.25));
#4816 = VECTOR('',#4817,1.);
#4817 = DIRECTION('',(0.,0.,-1.));
#4818 = ORIENTED_EDGE('',*,*,#3757,.T.);
#4819 = PLANE('',#4820);
#4820 = AXIS2_PLACEMENT_3D('',#4821,#4822,#4823);
#4821 = CARTESIAN_POINT('',(-15.59765529632,7.975150823593,-13.25));
#4822 = DIRECTION('',(-7.473086870406E-02,0.997203739094,0.));
#4823 = DIRECTION('',(0.997203739094,7.473086870406E-02,0.));
#4824 = ADVANCED_FACE('',(#4825),#4836,.T.);
#4825 = FACE_BOUND('',#4826,.T.);
#4826 = EDGE_LOOP('',(#4827,#4828,#4829,#4830));
#4827 = ORIENTED_EDGE('',*,*,#3065,.T.);
#4828 = ORIENTED_EDGE('',*,*,#4795,.T.);
#4829 = ORIENTED_EDGE('',*,*,#3581,.T.);
#4830 = ORIENTED_EDGE('',*,*,#4831,.T.);
#4831 = EDGE_CURVE('',#3574,#3066,#4832,.T.);
#4832 = LINE('',#4833,#4834);
#4833 = CARTESIAN_POINT('',(21.651756286621,4.444561958313,-9.25));
#4834 = VECTOR('',#4835,1.);
#4835 = DIRECTION('',(0.,0.,-1.));
#4836 = PLANE('',#4837);
#4837 = AXIS2_PLACEMENT_3D('',#4838,#4839,#4840);
#4838 = CARTESIAN_POINT('',(21.538708686829,4.605078220367,-13.25));
#4839 = DIRECTION('',(0.817586507739,0.575805785281,0.));
#4840 = DIRECTION('',(-0.575805785281,0.817586507739,0.));
#4841 = ADVANCED_FACE('',(#4842),#4853,.T.);
#4842 = FACE_BOUND('',#4843,.T.);
#4843 = EDGE_LOOP('',(#4844,#4845,#4851,#4852));
#4844 = ORIENTED_EDGE('',*,*,#3402,.T.);
#4845 = ORIENTED_EDGE('',*,*,#4846,.F.);
#4846 = EDGE_CURVE('',#3766,#3395,#4847,.T.);
#4847 = LINE('',#4848,#4849);
#4848 = CARTESIAN_POINT('',(-16.19233894348,7.910646438599,-9.25));
#4849 = VECTOR('',#4850,1.);
#4850 = DIRECTION('',(0.,0.,-1.));
#4851 = ORIENTED_EDGE('',*,*,#3765,.T.);
#4852 = ORIENTED_EDGE('',*,*,#4813,.T.);
#4853 = PLANE('',#4854);
#4854 = AXIS2_PLACEMENT_3D('',#4855,#4856,#4857);
#4855 = CARTESIAN_POINT('',(-15.99444103241,7.93544626236,-13.25));
#4856 = DIRECTION('',(-0.124343694935,0.992239207817,0.));
#4857 = DIRECTION('',(0.992239207817,0.124343694935,0.));
#4858 = ADVANCED_FACE('',(#4859),#4870,.T.);
#4859 = FACE_BOUND('',#4860,.T.);
#4860 = EDGE_LOOP('',(#4861,#4862,#4863,#4864));
#4861 = ORIENTED_EDGE('',*,*,#3073,.T.);
#4862 = ORIENTED_EDGE('',*,*,#4831,.F.);
#4863 = ORIENTED_EDGE('',*,*,#3573,.T.);
#4864 = ORIENTED_EDGE('',*,*,#4865,.F.);
#4865 = EDGE_CURVE('',#3074,#3566,#4866,.T.);
#4866 = LINE('',#4867,#4868);
#4867 = CARTESIAN_POINT('',(21.86182975769,4.112822055817,-17.25));
#4868 = VECTOR('',#4869,1.);
#4869 = DIRECTION('',(0.,0.,1.));
#4870 = PLANE('',#4871);
#4871 = AXIS2_PLACEMENT_3D('',#4872,#4873,#4874);
#4872 = CARTESIAN_POINT('',(21.756793022156,4.278692007065,-13.25));
#4873 = DIRECTION('',(0.844851844769,0.535000336813,0.));
#4874 = DIRECTION('',(-0.535000336813,0.844851844769,0.));
#4875 = ADVANCED_FACE('',(#4876),#4887,.T.);
#4876 = FACE_BOUND('',#4877,.T.);
#4877 = EDGE_LOOP('',(#4878,#4879,#4885,#4886));
#4878 = ORIENTED_EDGE('',*,*,#3394,.T.);
#4879 = ORIENTED_EDGE('',*,*,#4880,.T.);
#4880 = EDGE_CURVE('',#3387,#3774,#4881,.T.);
#4881 = LINE('',#4882,#4883);
#4882 = CARTESIAN_POINT('',(-16.5851688385,7.841380119324,-17.25));
#4883 = VECTOR('',#4884,1.);
#4884 = DIRECTION('',(0.,0.,1.));
#4885 = ORIENTED_EDGE('',*,*,#3773,.T.);
#4886 = ORIENTED_EDGE('',*,*,#4846,.T.);
#4887 = PLANE('',#4888);
#4888 = AXIS2_PLACEMENT_3D('',#4889,#4890,#4891);
#4889 = CARTESIAN_POINT('',(-16.38875389099,7.876013278961,-13.25));
#4890 = DIRECTION('',(-0.173647715596,0.984807834488,0.));
#4891 = DIRECTION('',(0.984807834488,0.173647715596,0.));
#4892 = ADVANCED_FACE('',(#4893),#4904,.T.);
#4893 = FACE_BOUND('',#4894,.T.);
#4894 = EDGE_LOOP('',(#4895,#4896,#4897,#4898));
#4895 = ORIENTED_EDGE('',*,*,#3081,.F.);
#4896 = ORIENTED_EDGE('',*,*,#4865,.T.);
#4897 = ORIENTED_EDGE('',*,*,#3565,.T.);
#4898 = ORIENTED_EDGE('',*,*,#4899,.T.);
#4899 = EDGE_CURVE('',#3558,#3082,#4900,.T.);
#4900 = LINE('',#4901,#4902);
#4901 = CARTESIAN_POINT('',(22.055370330811,3.77117395401,-9.25));
#4902 = VECTOR('',#4903,1.);
#4903 = DIRECTION('',(0.,0.,-1.));
#4904 = PLANE('',#4905);
#4905 = AXIS2_PLACEMENT_3D('',#4906,#4907,#4908);
#4906 = CARTESIAN_POINT('',(21.95860004425,3.941998004913,-13.25));
#4907 = DIRECTION('',(0.870087740305,0.492896869711,0.));
#4908 = DIRECTION('',(-0.492896869711,0.870087740305,0.));
#4909 = ADVANCED_FACE('',(#4910),#4921,.T.);
#4910 = FACE_BOUND('',#4911,.T.);
#4911 = EDGE_LOOP('',(#4912,#4913,#4914,#4920));
#4912 = ORIENTED_EDGE('',*,*,#4880,.F.);
#4913 = ORIENTED_EDGE('',*,*,#3386,.T.);
#4914 = ORIENTED_EDGE('',*,*,#4915,.F.);
#4915 = EDGE_CURVE('',#3782,#3379,#4916,.T.);
#4916 = LINE('',#4917,#4918);
#4917 = CARTESIAN_POINT('',(-16.97406005859,7.752618312836,-9.25));
#4918 = VECTOR('',#4919,1.);
#4919 = DIRECTION('',(0.,0.,-1.));
#4920 = ORIENTED_EDGE('',*,*,#3781,.T.);
#4921 = PLANE('',#4922);
#4922 = AXIS2_PLACEMENT_3D('',#4923,#4924,#4925);
#4923 = CARTESIAN_POINT('',(-16.77961444854,7.79699921608,-13.25));
#4924 = DIRECTION('',(-0.222520751086,0.974927953921,0.));
#4925 = DIRECTION('',(0.974927953921,0.222520751086,0.));
#4926 = ADVANCED_FACE('',(#4927),#4938,.T.);
#4927 = FACE_BOUND('',#4928,.T.);
#4928 = EDGE_LOOP('',(#4929,#4935,#4936,#4937));
#4929 = ORIENTED_EDGE('',*,*,#4930,.T.);
#4930 = EDGE_CURVE('',#3550,#3090,#4931,.T.);
#4931 = LINE('',#4932,#4933);
#4932 = CARTESIAN_POINT('',(22.231914520264,3.420440673828,-9.25));
#4933 = VECTOR('',#4934,1.);
#4934 = DIRECTION('',(0.,0.,-1.));
#4935 = ORIENTED_EDGE('',*,*,#3089,.F.);
#4936 = ORIENTED_EDGE('',*,*,#4899,.F.);
#4937 = ORIENTED_EDGE('',*,*,#3557,.T.);
#4938 = PLANE('',#4939);
#4939 = AXIS2_PLACEMENT_3D('',#4940,#4941,#4942);
#4940 = CARTESIAN_POINT('',(22.143642425537,3.595807313919,-13.25));
#4941 = DIRECTION('',(0.893224411351,0.449611110813,0.));
#4942 = DIRECTION('',(-0.449611110813,0.893224411351,0.));
#4943 = ADVANCED_FACE('',(#4944),#4955,.T.);
#4944 = FACE_BOUND('',#4945,.T.);
#4945 = EDGE_LOOP('',(#4946,#4952,#4953,#4954));
#4946 = ORIENTED_EDGE('',*,*,#4947,.T.);
#4947 = EDGE_CURVE('',#3371,#3790,#4948,.T.);
#4948 = LINE('',#4949,#4950);
#4949 = CARTESIAN_POINT('',(-17.3580417633,7.644582271576,-17.25));
#4950 = VECTOR('',#4951,1.);
#4951 = DIRECTION('',(0.,0.,1.));
#4952 = ORIENTED_EDGE('',*,*,#3789,.T.);
#4953 = ORIENTED_EDGE('',*,*,#4915,.T.);
#4954 = ORIENTED_EDGE('',*,*,#3378,.T.);
#4955 = PLANE('',#4956);
#4956 = AXIS2_PLACEMENT_3D('',#4957,#4958,#4959);
#4957 = CARTESIAN_POINT('',(-17.16605091095,7.698600292206,-13.25));
#4958 = DIRECTION('',(-0.270841260169,0.962624024108,0.));
#4959 = DIRECTION('',(0.962624024108,0.270841260169,0.));
#4960 = ADVANCED_FACE('',(#4961),#4972,.T.);
#4961 = FACE_BOUND('',#4962,.T.);
#4962 = EDGE_LOOP('',(#4963,#4964,#4965,#4966));
#4963 = ORIENTED_EDGE('',*,*,#3097,.T.);
#4964 = ORIENTED_EDGE('',*,*,#4930,.F.);
#4965 = ORIENTED_EDGE('',*,*,#3549,.F.);
#4966 = ORIENTED_EDGE('',*,*,#4967,.T.);
#4967 = EDGE_CURVE('',#3540,#3098,#4968,.T.);
#4968 = LINE('',#4969,#4970);
#4969 = CARTESIAN_POINT('',(22.391036987305,3.061467409134,-9.25));
#4970 = VECTOR('',#4971,1.);
#4971 = DIRECTION('',(0.,0.,-1.));
#4972 = PLANE('',#4973);
#4973 = AXIS2_PLACEMENT_3D('',#4974,#4975,#4976);
#4974 = CARTESIAN_POINT('',(22.311475753784,3.240954041481,-13.25));
#4975 = DIRECTION('',(0.914209224982,0.405242511291,0.));
#4976 = DIRECTION('',(-0.405242511291,0.914209224982,0.));
#4977 = ADVANCED_FACE('',(#4978),#4989,.T.);
#4978 = FACE_BOUND('',#4979,.T.);
#4979 = EDGE_LOOP('',(#4980,#4981,#4982,#4983));
#4980 = ORIENTED_EDGE('',*,*,#3797,.T.);
#4981 = ORIENTED_EDGE('',*,*,#4947,.F.);
#4982 = ORIENTED_EDGE('',*,*,#3370,.F.);
#4983 = ORIENTED_EDGE('',*,*,#4984,.F.);
#4984 = EDGE_CURVE('',#3798,#3363,#4985,.T.);
#4985 = LINE('',#4986,#4987);
#4986 = CARTESIAN_POINT('',(-17.73616027832,7.517540931702,-9.25));
#4987 = VECTOR('',#4988,1.);
#4988 = DIRECTION('',(0.,0.,-1.));
#4989 = PLANE('',#4990);
#4990 = AXIS2_PLACEMENT_3D('',#4991,#4992,#4993);
#4991 = CARTESIAN_POINT('',(-17.54710102081,7.581061601639,-13.25));
#4992 = DIRECTION('',(-0.318487270295,0.947927137844,0.));
#4993 = DIRECTION('',(0.947927137844,0.318487270295,0.));
#4994 = ADVANCED_FACE('',(#4995),#5006,.T.);
#4995 = FACE_BOUND('',#4996,.T.);
#4996 = EDGE_LOOP('',(#4997,#5003,#5004,#5005));
#4997 = ORIENTED_EDGE('',*,*,#4998,.F.);
#4998 = EDGE_CURVE('',#3106,#3542,#4999,.T.);
#4999 = LINE('',#5000,#5001);
#5000 = CARTESIAN_POINT('',(22.53235244751,2.695118904114,-17.25));
#5001 = VECTOR('',#5002,1.);
#5002 = DIRECTION('',(0.,0.,1.));
#5003 = ORIENTED_EDGE('',*,*,#3105,.T.);
#5004 = ORIENTED_EDGE('',*,*,#4967,.F.);
#5005 = ORIENTED_EDGE('',*,*,#3539,.T.);
#5006 = PLANE('',#5007);
#5007 = AXIS2_PLACEMENT_3D('',#5008,#5009,#5010);
#5008 = CARTESIAN_POINT('',(22.461694717407,2.878293156624,-13.25));
#5009 = DIRECTION('',(0.932993442132,0.359893368845,0.));
#5010 = DIRECTION('',(-0.359893368845,0.932993442132,0.));
#5011 = ADVANCED_FACE('',(#5012),#5023,.T.);
#5012 = FACE_BOUND('',#5013,.T.);
#5013 = EDGE_LOOP('',(#5014,#5015,#5016,#5022));
#5014 = ORIENTED_EDGE('',*,*,#4984,.T.);
#5015 = ORIENTED_EDGE('',*,*,#3362,.F.);
#5016 = ORIENTED_EDGE('',*,*,#5017,.T.);
#5017 = EDGE_CURVE('',#3355,#3806,#5018,.T.);
#5018 = LINE('',#5019,#5020);
#5019 = CARTESIAN_POINT('',(-18.10747909545,7.371809482574,-17.25));
#5020 = VECTOR('',#5021,1.);
#5021 = DIRECTION('',(0.,0.,1.));
#5022 = ORIENTED_EDGE('',*,*,#3805,.T.);
#5023 = PLANE('',#5024);
#5024 = AXIS2_PLACEMENT_3D('',#5025,#5026,#5027);
#5025 = CARTESIAN_POINT('',(-17.92181968689,7.444675207138,-13.25));
#5026 = DIRECTION('',(-0.365340051993,0.930874130272,0.));
#5027 = DIRECTION('',(0.930874130272,0.365340051993,0.));
#5028 = ADVANCED_FACE('',(#5029),#5040,.T.);
#5029 = FACE_BOUND('',#5030,.T.);
#5030 = EDGE_LOOP('',(#5031,#5032,#5033,#5034));
#5031 = ORIENTED_EDGE('',*,*,#3113,.F.);
#5032 = ORIENTED_EDGE('',*,*,#4998,.T.);
#5033 = ORIENTED_EDGE('',*,*,#4052,.T.);
#5034 = ORIENTED_EDGE('',*,*,#5035,.T.);
#5035 = EDGE_CURVE('',#4045,#3114,#5036,.T.);
#5036 = LINE('',#5037,#5038);
#5037 = CARTESIAN_POINT('',(22.655523300171,2.32227730751,-9.25));
#5038 = VECTOR('',#5039,1.);
#5039 = DIRECTION('',(0.,0.,-1.));
#5040 = PLANE('',#5041);
#5041 = AXIS2_PLACEMENT_3D('',#5042,#5043,#5044);
#5042 = CARTESIAN_POINT('',(22.59393787384,2.508698105812,-13.25));
#5043 = DIRECTION('',(0.949527705497,0.313683178532,0.));
#5044 = DIRECTION('',(-0.313683178532,0.949527705497,0.));
#5045 = ADVANCED_FACE('',(#5046),#5057,.T.);
#5046 = FACE_BOUND('',#5047,.T.);
#5047 = EDGE_LOOP('',(#5048,#5054,#5055,#5056));
#5048 = ORIENTED_EDGE('',*,*,#5049,.T.);
#5049 = EDGE_CURVE('',#3347,#3814,#5050,.T.);
#5050 = LINE('',#5051,#5052);
#5051 = CARTESIAN_POINT('',(-18.47106933593,7.207750797272,-17.25));
#5052 = VECTOR('',#5053,1.);
#5053 = DIRECTION('',(0.,0.,1.));
#5054 = ORIENTED_EDGE('',*,*,#3813,.T.);
#5055 = ORIENTED_EDGE('',*,*,#5017,.F.);
#5056 = ORIENTED_EDGE('',*,*,#3354,.T.);
#5057 = PLANE('',#5058);
#5058 = AXIS2_PLACEMENT_3D('',#5059,#5060,#5061);
#5059 = CARTESIAN_POINT('',(-18.28927421569,7.289780139923,-13.25));
#5060 = DIRECTION('',(-0.411288188654,0.911505362504,0.));
#5061 = DIRECTION('',(0.911505362504,0.411288188654,0.));
#5062 = ADVANCED_FACE('',(#5063),#5074,.T.);
#5063 = FACE_BOUND('',#5064,.T.);
#5064 = EDGE_LOOP('',(#5065,#5066,#5072,#5073));
#5065 = ORIENTED_EDGE('',*,*,#4044,.F.);
#5066 = ORIENTED_EDGE('',*,*,#5067,.F.);
#5067 = EDGE_CURVE('',#3122,#4037,#5068,.T.);
#5068 = LINE('',#5069,#5070);
#5069 = CARTESIAN_POINT('',(22.760250091553,1.943841457367,-17.25));
#5070 = VECTOR('',#5071,1.);
#5071 = DIRECTION('',(0.,0.,1.));
#5072 = ORIENTED_EDGE('',*,*,#3121,.F.);
#5073 = ORIENTED_EDGE('',*,*,#5035,.F.);
#5074 = PLANE('',#5075);
#5075 = AXIS2_PLACEMENT_3D('',#5076,#5077,#5078);
#5076 = CARTESIAN_POINT('',(22.707886695862,2.133059382439,-13.25));
#5077 = DIRECTION('',(0.963776401436,0.266711544622,0.));
#5078 = DIRECTION('',(-0.266711544622,0.963776401436,0.));
#5079 = ADVANCED_FACE('',(#5080),#5091,.T.);
#5080 = FACE_BOUND('',#5081,.T.);
#5081 = EDGE_LOOP('',(#5082,#5083,#5084,#5085));
#5082 = ORIENTED_EDGE('',*,*,#3821,.T.);
#5083 = ORIENTED_EDGE('',*,*,#5049,.F.);
#5084 = ORIENTED_EDGE('',*,*,#3346,.T.);
#5085 = ORIENTED_EDGE('',*,*,#5086,.T.);
#5086 = EDGE_CURVE('',#3339,#3822,#5087,.T.);
#5087 = LINE('',#5088,#5089);
#5088 = CARTESIAN_POINT('',(-18.82603263855,7.025772571564,-17.25));
#5089 = VECTOR('',#5090,1.);
#5090 = DIRECTION('',(0.,0.,1.));
#5091 = PLANE('',#5092);
#5092 = AXIS2_PLACEMENT_3D('',#5093,#5094,#5095);
#5093 = CARTESIAN_POINT('',(-18.64855098724,7.116761684418,-13.25));
#5094 = DIRECTION('',(-0.456208987007,0.889872665146,0.));
#5095 = DIRECTION('',(0.889872665146,0.456208987007,0.));
#5096 = ADVANCED_FACE('',(#5097),#5108,.T.);
#5097 = FACE_BOUND('',#5098,.T.);
#5098 = EDGE_LOOP('',(#5099,#5100,#5106,#5107));
#5099 = ORIENTED_EDGE('',*,*,#4036,.T.);
#5100 = ORIENTED_EDGE('',*,*,#5101,.F.);
#5101 = EDGE_CURVE('',#3130,#4029,#5102,.T.);
#5102 = LINE('',#5103,#5104);
#5103 = CARTESIAN_POINT('',(22.846282958984,1.560722589493,-17.25));
#5104 = VECTOR('',#5105,1.);
#5105 = DIRECTION('',(0.,0.,1.));
#5106 = ORIENTED_EDGE('',*,*,#3129,.T.);
#5107 = ORIENTED_EDGE('',*,*,#5067,.T.);
#5108 = PLANE('',#5109);
#5109 = AXIS2_PLACEMENT_3D('',#5110,#5111,#5112);
#5110 = CARTESIAN_POINT('',(22.803266525269,1.75228202343,-13.25));
#5111 = DIRECTION('',(0.975701776868,0.219102812889,0.));
#5112 = DIRECTION('',(-0.219102812889,0.975701776868,0.));
#5113 = ADVANCED_FACE('',(#5114),#5125,.T.);
#5114 = FACE_BOUND('',#5115,.T.);
#5115 = EDGE_LOOP('',(#5116,#5122,#5123,#5124));
#5116 = ORIENTED_EDGE('',*,*,#5117,.F.);
#5117 = EDGE_CURVE('',#3830,#3331,#5118,.T.);
#5118 = LINE('',#5119,#5120);
#5119 = CARTESIAN_POINT('',(-19.17148208618,6.826326847076,-9.25));
#5120 = VECTOR('',#5121,1.);
#5121 = DIRECTION('',(0.,0.,-1.));
#5122 = ORIENTED_EDGE('',*,*,#3829,.T.);
#5123 = ORIENTED_EDGE('',*,*,#5086,.F.);
#5124 = ORIENTED_EDGE('',*,*,#3338,.T.);
#5125 = PLANE('',#5126);
#5126 = AXIS2_PLACEMENT_3D('',#5127,#5128,#5129);
#5127 = CARTESIAN_POINT('',(-18.99875736236,6.92604970932,-13.25));
#5128 = DIRECTION('',(-0.500000738746,0.866024977269,0.));
#5129 = DIRECTION('',(0.866024977269,0.500000738746,0.));
#5130 = ADVANCED_FACE('',(#5131),#5142,.T.);
#5131 = FACE_BOUND('',#5132,.T.);
#5132 = EDGE_LOOP('',(#5133,#5139,#5140,#5141));
#5133 = ORIENTED_EDGE('',*,*,#5134,.F.);
#5134 = EDGE_CURVE('',#3138,#4021,#5135,.T.);
#5135 = LINE('',#5136,#5137);
#5136 = CARTESIAN_POINT('',(22.913412094116,1.173843741417,-17.25));
#5137 = VECTOR('',#5138,1.);
#5138 = DIRECTION('',(0.,0.,1.));
#5139 = ORIENTED_EDGE('',*,*,#3137,.T.);
#5140 = ORIENTED_EDGE('',*,*,#5101,.T.);
#5141 = ORIENTED_EDGE('',*,*,#4028,.T.);
#5142 = PLANE('',#5143);
#5143 = AXIS2_PLACEMENT_3D('',#5144,#5145,#5146);
#5144 = CARTESIAN_POINT('',(22.87984752655,1.367283165455,-13.25));
#5145 = DIRECTION('',(0.985277948291,0.170960125792,0.));
#5146 = DIRECTION('',(-0.170960125792,0.985277948291,0.));
#5147 = ADVANCED_FACE('',(#5148),#5159,.T.);
#5148 = FACE_BOUND('',#5149,.T.);
#5149 = EDGE_LOOP('',(#5150,#5151,#5152,#5158));
#5150 = ORIENTED_EDGE('',*,*,#5117,.T.);
#5151 = ORIENTED_EDGE('',*,*,#3330,.T.);
#5152 = ORIENTED_EDGE('',*,*,#5153,.F.);
#5153 = EDGE_CURVE('',#3838,#3323,#5154,.T.);
#5154 = LINE('',#5155,#5156);
#5155 = CARTESIAN_POINT('',(-19.50656127929,6.609910011292,-9.25));
#5156 = VECTOR('',#5157,1.);
#5157 = DIRECTION('',(0.,0.,-1.));
#5158 = ORIENTED_EDGE('',*,*,#3837,.T.);
#5159 = PLANE('',#5160);
#5160 = AXIS2_PLACEMENT_3D('',#5161,#5162,#5163);
#5161 = CARTESIAN_POINT('',(-19.33902168273,6.718118429184,-13.25));
#5162 = DIRECTION('',(-0.542545817292,0.840026211579,0.));
#5163 = DIRECTION('',(0.840026211579,0.542545817292,0.));
#5164 = ADVANCED_FACE('',(#5165),#5176,.T.);
#5165 = FACE_BOUND('',#5166,.T.);
#5166 = EDGE_LOOP('',(#5167,#5168,#5169,#5170));
#5167 = ORIENTED_EDGE('',*,*,#3145,.T.);
#5168 = ORIENTED_EDGE('',*,*,#5134,.T.);
#5169 = ORIENTED_EDGE('',*,*,#4020,.F.);
#5170 = ORIENTED_EDGE('',*,*,#5171,.T.);
#5171 = EDGE_CURVE('',#4013,#3146,#5172,.T.);
#5172 = LINE('',#5173,#5174);
#5173 = CARTESIAN_POINT('',(22.961477279663,0.784137129784,-9.25));
#5174 = VECTOR('',#5175,1.);
#5175 = DIRECTION('',(0.,0.,-1.));
#5176 = PLANE('',#5177);
#5177 = AXIS2_PLACEMENT_3D('',#5178,#5179,#5180);
#5178 = CARTESIAN_POINT('',(22.93744468689,0.9789904356,-13.25));
#5179 = DIRECTION('',(0.992479701843,0.122409319207,0.));
#5180 = DIRECTION('',(-0.122409319207,0.992479701843,0.));
#5181 = ADVANCED_FACE('',(#5182),#5193,.T.);
#5182 = FACE_BOUND('',#5183,.T.);
#5183 = EDGE_LOOP('',(#5184,#5190,#5191,#5192));
#5184 = ORIENTED_EDGE('',*,*,#5185,.F.);
#5185 = EDGE_CURVE('',#3846,#3315,#5186,.T.);
#5186 = LINE('',#5187,#5188);
#5187 = CARTESIAN_POINT('',(-19.83043479919,6.377059936523,-9.25));
#5188 = VECTOR('',#5189,1.);
#5189 = DIRECTION('',(0.,0.,-1.));
#5190 = ORIENTED_EDGE('',*,*,#3845,.T.);
#5191 = ORIENTED_EDGE('',*,*,#5153,.T.);
#5192 = ORIENTED_EDGE('',*,*,#3322,.T.);
#5193 = PLANE('',#5194);
#5194 = AXIS2_PLACEMENT_3D('',#5195,#5196,#5197);
#5195 = CARTESIAN_POINT('',(-19.66849803924,6.493484973907,-13.25));
#5196 = DIRECTION('',(-0.583745112332,0.811936970354,0.));
#5197 = DIRECTION('',(0.811936970354,0.583745112332,0.));
#5198 = ADVANCED_FACE('',(#5199),#5205,.T.);
#5199 = FACE_BOUND('',#5200,.T.);
#5200 = EDGE_LOOP('',(#5201,#5202,#5203,#5204));
#5201 = ORIENTED_EDGE('',*,*,#3153,.F.);
#5202 = ORIENTED_EDGE('',*,*,#5171,.F.);
#5203 = ORIENTED_EDGE('',*,*,#4012,.F.);
#5204 = ORIENTED_EDGE('',*,*,#3517,.F.);
#5205 = PLANE('',#5206);
#5206 = AXIS2_PLACEMENT_3D('',#5207,#5208,#5209);
#5207 = CARTESIAN_POINT('',(22.975920677185,0.588339269161,-13.25));
#5208 = DIRECTION('',(0.997290277442,7.356699340896E-02,0.));
#5209 = DIRECTION('',(-7.356699340896E-02,0.997290277442,0.));
#5210 = ADVANCED_FACE('',(#5211),#5222,.T.);
#5211 = FACE_BOUND('',#5212,.T.);
#5212 = EDGE_LOOP('',(#5213,#5214,#5215,#5216));
#5213 = ORIENTED_EDGE('',*,*,#3853,.T.);
#5214 = ORIENTED_EDGE('',*,*,#5185,.T.);
#5215 = ORIENTED_EDGE('',*,*,#3314,.T.);
#5216 = ORIENTED_EDGE('',*,*,#5217,.T.);
#5217 = EDGE_CURVE('',#3307,#3854,#5218,.T.);
#5218 = LINE('',#5219,#5220);
#5219 = CARTESIAN_POINT('',(-20.14230155944,6.128355503082,-17.25));
#5220 = VECTOR('',#5221,1.);
#5221 = DIRECTION('',(0.,0.,1.));
#5222 = PLANE('',#5223);
#5223 = AXIS2_PLACEMENT_3D('',#5224,#5225,#5226);
#5224 = CARTESIAN_POINT('',(-19.98636817932,6.252707719803,-13.25));
#5225 = DIRECTION('',(-0.623488256071,0.78183271519,0.));
#5226 = DIRECTION('',(0.78183271519,0.623488256071,0.));
#5227 = ADVANCED_FACE('',(#5228),#5239,.T.);
#5228 = FACE_BOUND('',#5229,.T.);
#5229 = EDGE_LOOP('',(#5230,#5236,#5237,#5238));
#5230 = ORIENTED_EDGE('',*,*,#5231,.T.);
#5231 = EDGE_CURVE('',#3299,#3862,#5232,.T.);
#5232 = LINE('',#5233,#5234);
#5233 = CARTESIAN_POINT('',(-20.44138145446,5.864415168762,-17.25));
#5234 = VECTOR('',#5235,1.);
#5235 = DIRECTION('',(0.,0.,1.));
#5236 = ORIENTED_EDGE('',*,*,#3861,.T.);
#5237 = ORIENTED_EDGE('',*,*,#5217,.F.);
#5238 = ORIENTED_EDGE('',*,*,#3306,.T.);
#5239 = PLANE('',#5240);
#5240 = AXIS2_PLACEMENT_3D('',#5241,#5242,#5243);
#5241 = CARTESIAN_POINT('',(-20.29184150695,5.996385335922,-13.25));
#5242 = DIRECTION('',(-0.661686910011,0.749780256555,0.));
#5243 = DIRECTION('',(0.749780256555,0.661686910011,0.));
#5244 = ADVANCED_FACE('',(#5245),#5256,.T.);
#5245 = FACE_BOUND('',#5246,.T.);
#5246 = EDGE_LOOP('',(#5247,#5248,#5249,#5250));
#5247 = ORIENTED_EDGE('',*,*,#3869,.T.);
#5248 = ORIENTED_EDGE('',*,*,#5231,.F.);
#5249 = ORIENTED_EDGE('',*,*,#3298,.T.);
#5250 = ORIENTED_EDGE('',*,*,#5251,.T.);
#5251 = EDGE_CURVE('',#3291,#3870,#5252,.T.);
#5252 = LINE('',#5253,#5254);
#5253 = CARTESIAN_POINT('',(-20.72693443298,5.585894584656,-17.25));
#5254 = VECTOR('',#5255,1.);
#5255 = DIRECTION('',(0.,0.,1.));
#5256 = PLANE('',#5257);
#5257 = AXIS2_PLACEMENT_3D('',#5258,#5259,#5260);
#5258 = CARTESIAN_POINT('',(-20.58415794372,5.725154876709,-13.25));
#5259 = DIRECTION('',(-0.698236907611,0.71586676194,0.));
#5260 = DIRECTION('',(0.71586676194,0.698236907611,0.));
#5261 = ADVANCED_FACE('',(#5262),#5273,.T.);
#5262 = FACE_BOUND('',#5263,.T.);
#5263 = EDGE_LOOP('',(#5264,#5265,#5266,#5272));
#5264 = ORIENTED_EDGE('',*,*,#5251,.F.);
#5265 = ORIENTED_EDGE('',*,*,#3290,.T.);
#5266 = ORIENTED_EDGE('',*,*,#5267,.T.);
#5267 = EDGE_CURVE('',#3283,#3878,#5268,.T.);
#5268 = LINE('',#5269,#5270);
#5269 = CARTESIAN_POINT('',(-20.99824905395,5.293486595154,-17.25));
#5270 = VECTOR('',#5271,1.);
#5271 = DIRECTION('',(0.,0.,1.));
#5272 = ORIENTED_EDGE('',*,*,#3877,.F.);
#5273 = PLANE('',#5274);
#5274 = AXIS2_PLACEMENT_3D('',#5275,#5276,#5277);
#5275 = CARTESIAN_POINT('',(-20.86259174346,5.439690589905,-13.25));
#5276 = DIRECTION('',(-0.733052301543,0.68017227465,0.));
#5277 = DIRECTION('',(-0.68017227465,-0.733052301543,0.));
#5278 = ADVANCED_FACE('',(#5279),#5290,.T.);
#5279 = FACE_BOUND('',#5280,.T.);
#5280 = EDGE_LOOP('',(#5281,#5282,#5288,#5289));
#5281 = ORIENTED_EDGE('',*,*,#3282,.T.);
#5282 = ORIENTED_EDGE('',*,*,#5283,.T.);
#5283 = EDGE_CURVE('',#3275,#3886,#5284,.T.);
#5284 = LINE('',#5285,#5286);
#5285 = CARTESIAN_POINT('',(-21.25465202331,4.987918376923,-17.25));
#5286 = VECTOR('',#5287,1.);
#5287 = DIRECTION('',(0.,0.,1.));
#5288 = ORIENTED_EDGE('',*,*,#3885,.T.);
#5289 = ORIENTED_EDGE('',*,*,#5267,.F.);
#5290 = PLANE('',#5291);
#5291 = AXIS2_PLACEMENT_3D('',#5292,#5293,#5294);
#5292 = CARTESIAN_POINT('',(-21.12645053863,5.140702486038,-13.25));
#5293 = DIRECTION('',(-0.766043467741,0.642788772095,0.));
#5294 = DIRECTION('',(-0.642788772095,-0.766043467741,0.));
#5295 = ADVANCED_FACE('',(#5296),#5307,.T.);
#5296 = FACE_BOUND('',#5297,.T.);
#5297 = EDGE_LOOP('',(#5298,#5304,#5305,#5306));
#5298 = ORIENTED_EDGE('',*,*,#5299,.T.);
#5299 = EDGE_CURVE('',#3267,#3894,#5300,.T.);
#5300 = LINE('',#5301,#5302);
#5301 = CARTESIAN_POINT('',(-21.49550437927,4.669949531555,-17.25));
#5302 = VECTOR('',#5303,1.);
#5303 = DIRECTION('',(0.,0.,1.));
#5304 = ORIENTED_EDGE('',*,*,#3893,.F.);
#5305 = ORIENTED_EDGE('',*,*,#5283,.F.);
#5306 = ORIENTED_EDGE('',*,*,#3274,.T.);
#5307 = PLANE('',#5308);
#5308 = AXIS2_PLACEMENT_3D('',#5309,#5310,#5311);
#5309 = CARTESIAN_POINT('',(-21.37507820129,4.828933954239,-13.25));
#5310 = DIRECTION('',(-0.797132126986,0.603804912308,0.));
#5311 = DIRECTION('',(-0.603804912308,-0.797132126986,0.));
#5312 = ADVANCED_FACE('',(#5313),#5324,.T.);
#5313 = FACE_BOUND('',#5314,.T.);
#5314 = EDGE_LOOP('',(#5315,#5316,#5317,#5318));
#5315 = ORIENTED_EDGE('',*,*,#3178,.F.);
#5316 = ORIENTED_EDGE('',*,*,#4112,.T.);
#5317 = ORIENTED_EDGE('',*,*,#3989,.T.);
#5318 = ORIENTED_EDGE('',*,*,#5319,.T.);
#5319 = EDGE_CURVE('',#3982,#3179,#5320,.T.);
#5320 = LINE('',#5321,#5322);
#5321 = CARTESIAN_POINT('',(-22.97763061523,0.597840726376,-9.25));
#5322 = VECTOR('',#5323,1.);
#5323 = DIRECTION('',(0.,0.,-1.));
#5324 = PLANE('',#5325);
#5325 = AXIS2_PLACEMENT_3D('',#5326,#5327,#5328);
#5326 = CARTESIAN_POINT('',(-22.9875717163,0.398643128574,-13.25));
#5327 = DIRECTION('',(-0.998757030478,4.984369640066E-02,0.));
#5328 = DIRECTION('',(-4.984369640066E-02,-0.998757030478,0.));
#5329 = ADVANCED_FACE('',(#5330),#5341,.T.);
#5330 = FACE_BOUND('',#5331,.T.);
#5331 = EDGE_LOOP('',(#5332,#5333,#5334,#5340));
#5332 = ORIENTED_EDGE('',*,*,#5299,.F.);
#5333 = ORIENTED_EDGE('',*,*,#3266,.T.);
#5334 = ORIENTED_EDGE('',*,*,#5335,.F.);
#5335 = EDGE_CURVE('',#3902,#3259,#5336,.T.);
#5336 = LINE('',#5337,#5338);
#5337 = CARTESIAN_POINT('',(-21.72020721435,4.340370178223,-9.25));
#5338 = VECTOR('',#5339,1.);
#5339 = DIRECTION('',(0.,0.,-1.));
#5340 = ORIENTED_EDGE('',*,*,#3901,.T.);
#5341 = PLANE('',#5342);
#5342 = AXIS2_PLACEMENT_3D('',#5343,#5344,#5345);
#5343 = CARTESIAN_POINT('',(-21.60785579681,4.505159854889,-13.25));
#5344 = DIRECTION('',(-0.826239431577,0.563319094037,0.));
#5345 = DIRECTION('',(-0.563319094037,-0.826239431577,0.));
#5346 = ADVANCED_FACE('',(#5347),#5358,.T.);
#5347 = FACE_BOUND('',#5348,.T.);
#5348 = EDGE_LOOP('',(#5349,#5350,#5351,#5352));
#5349 = ORIENTED_EDGE('',*,*,#3186,.T.);
#5350 = ORIENTED_EDGE('',*,*,#5319,.F.);
#5351 = ORIENTED_EDGE('',*,*,#3981,.T.);
#5352 = ORIENTED_EDGE('',*,*,#5353,.F.);
#5353 = EDGE_CURVE('',#3187,#3974,#5354,.T.);
#5354 = LINE('',#5355,#5356);
#5355 = CARTESIAN_POINT('',(-22.93791389465,0.99474966526,-17.25));
#5356 = VECTOR('',#5357,1.);
#5357 = DIRECTION('',(0.,0.,1.));
#5358 = PLANE('',#5359);
#5359 = AXIS2_PLACEMENT_3D('',#5360,#5361,#5362);
#5360 = CARTESIAN_POINT('',(-22.95777225494,0.796295195818,-13.25));
#5361 = DIRECTION('',(-0.995030777628,9.956782398413E-02,0.));
#5362 = DIRECTION('',(-9.956782398413E-02,-0.995030777628,0.));
#5363 = ADVANCED_FACE('',(#5364),#5375,.T.);
#5364 = FACE_BOUND('',#5365,.T.);
#5365 = EDGE_LOOP('',(#5366,#5367,#5368,#5374));
#5366 = ORIENTED_EDGE('',*,*,#5335,.T.);
#5367 = ORIENTED_EDGE('',*,*,#3258,.T.);
#5368 = ORIENTED_EDGE('',*,*,#5369,.T.);
#5369 = EDGE_CURVE('',#3251,#3910,#5370,.T.);
#5370 = LINE('',#5371,#5372);
#5371 = CARTESIAN_POINT('',(-21.92820358276,4.,-17.25));
#5372 = VECTOR('',#5373,1.);
#5373 = DIRECTION('',(0.,0.,1.));
#5374 = ORIENTED_EDGE('',*,*,#3909,.T.);
#5375 = PLANE('',#5376);
#5376 = AXIS2_PLACEMENT_3D('',#5377,#5378,#5379);
#5377 = CARTESIAN_POINT('',(-21.82420539856,4.170185089111,-13.25));
#5378 = DIRECTION('',(-0.853290343754,0.521436083577,0.));
#5379 = DIRECTION('',(-0.521436083577,-0.853290343754,0.));
#5380 = ADVANCED_FACE('',(#5381),#5392,.T.);
#5381 = FACE_BOUND('',#5382,.T.);
#5382 = EDGE_LOOP('',(#5383,#5389,#5390,#5391));
#5383 = ORIENTED_EDGE('',*,*,#5384,.F.);
#5384 = EDGE_CURVE('',#3195,#3966,#5385,.T.);
#5385 = LINE('',#5386,#5387);
#5386 = CARTESIAN_POINT('',(-22.87846183776,1.389185428619,-17.25));
#5387 = VECTOR('',#5388,1.);
#5388 = DIRECTION('',(0.,0.,1.));
#5389 = ORIENTED_EDGE('',*,*,#3194,.T.);
#5390 = ORIENTED_EDGE('',*,*,#5353,.T.);
#5391 = ORIENTED_EDGE('',*,*,#3973,.T.);
#5392 = PLANE('',#5393);
#5393 = AXIS2_PLACEMENT_3D('',#5394,#5395,#5396);
#5394 = CARTESIAN_POINT('',(-22.90818786621,1.19196754694,-13.25));
#5395 = DIRECTION('',(-0.988830666867,0.149043323443,0.));
#5396 = DIRECTION('',(-0.149043323443,-0.988830666867,0.));
#5397 = ADVANCED_FACE('',(#5398),#5409,.T.);
#5398 = FACE_BOUND('',#5399,.T.);
#5399 = EDGE_LOOP('',(#5400,#5401,#5407,#5408));
#5400 = ORIENTED_EDGE('',*,*,#3250,.F.);
#5401 = ORIENTED_EDGE('',*,*,#5402,.T.);
#5402 = EDGE_CURVE('',#3243,#3918,#5403,.T.);
#5403 = LINE('',#5404,#5405);
#5404 = CARTESIAN_POINT('',(-22.11897468566,3.649685144424,-17.25));
#5405 = VECTOR('',#5406,1.);
#5406 = DIRECTION('',(0.,0.,1.));
#5407 = ORIENTED_EDGE('',*,*,#3917,.T.);
#5408 = ORIENTED_EDGE('',*,*,#5369,.F.);
#5409 = PLANE('',#5410);
#5410 = AXIS2_PLACEMENT_3D('',#5411,#5412,#5413);
#5411 = CARTESIAN_POINT('',(-22.02358913421,3.824842572212,-13.25));
#5412 = DIRECTION('',(-0.87822178355,0.478253592666,0.));
#5413 = DIRECTION('',(-0.478253592666,-0.87822178355,0.));
#5414 = ADVANCED_FACE('',(#5415),#5426,.T.);
#5415 = FACE_BOUND('',#5416,.T.);
#5416 = EDGE_LOOP('',(#5417,#5418,#5419,#5425));
#5417 = ORIENTED_EDGE('',*,*,#5384,.T.);
#5418 = ORIENTED_EDGE('',*,*,#3965,.T.);
#5419 = ORIENTED_EDGE('',*,*,#5420,.F.);
#5420 = EDGE_CURVE('',#3203,#3958,#5421,.T.);
#5421 = LINE('',#5422,#5423);
#5422 = CARTESIAN_POINT('',(-22.79942321777,1.780167460442,-17.25));
#5423 = VECTOR('',#5424,1.);
#5424 = DIRECTION('',(0.,0.,1.));
#5425 = ORIENTED_EDGE('',*,*,#3202,.T.);
#5426 = PLANE('',#5427);
#5427 = AXIS2_PLACEMENT_3D('',#5428,#5429,#5430);
#5428 = CARTESIAN_POINT('',(-22.83894252777,1.58467644453,-13.25));
#5429 = DIRECTION('',(-0.980172537954,0.198145895339,0.));
#5430 = DIRECTION('',(-0.198145895339,-0.980172537954,0.));
#5431 = ADVANCED_FACE('',(#5432),#5443,.T.);
#5432 = FACE_BOUND('',#5433,.T.);
#5433 = EDGE_LOOP('',(#5434,#5435,#5441,#5442));
#5434 = ORIENTED_EDGE('',*,*,#3242,.F.);
#5435 = ORIENTED_EDGE('',*,*,#5436,.T.);
#5436 = EDGE_CURVE('',#3235,#3926,#5437,.T.);
#5437 = LINE('',#5438,#5439);
#5438 = CARTESIAN_POINT('',(-22.29204750061,3.290296792984,-17.25));
#5439 = VECTOR('',#5440,1.);
#5440 = DIRECTION('',(0.,0.,1.));
#5441 = ORIENTED_EDGE('',*,*,#3925,.T.);
#5442 = ORIENTED_EDGE('',*,*,#5402,.F.);
#5443 = PLANE('',#5444);
#5444 = AXIS2_PLACEMENT_3D('',#5445,#5446,#5447);
#5445 = CARTESIAN_POINT('',(-22.20551109314,3.469990968704,-13.25));
#5446 = DIRECTION('',(-0.900968371438,0.433884770035,0.));
#5447 = DIRECTION('',(-0.433884770035,-0.900968371438,0.));
#5448 = ADVANCED_FACE('',(#5449),#5460,.T.);
#5449 = FACE_BOUND('',#5450,.T.);
#5450 = EDGE_LOOP('',(#5451,#5457,#5458,#5459));
#5451 = ORIENTED_EDGE('',*,*,#5452,.T.);
#5452 = EDGE_CURVE('',#3950,#3211,#5453,.T.);
#5453 = LINE('',#5454,#5455);
#5454 = CARTESIAN_POINT('',(-22.70099449157,2.16672372818,-9.25));
#5455 = VECTOR('',#5456,1.);
#5456 = DIRECTION('',(0.,0.,-1.));
#5457 = ORIENTED_EDGE('',*,*,#3210,.T.);
#5458 = ORIENTED_EDGE('',*,*,#5420,.T.);
#5459 = ORIENTED_EDGE('',*,*,#3957,.T.);
#5460 = PLANE('',#5461);
#5461 = AXIS2_PLACEMENT_3D('',#5462,#5463,#5464);
#5462 = CARTESIAN_POINT('',(-22.75020885467,1.973445594311,-13.25));
#5463 = DIRECTION('',(-0.969077642435,0.246755998779,0.));
#5464 = DIRECTION('',(-0.246755998779,-0.969077642435,0.));
#5465 = ADVANCED_FACE('',(#5466),#5477,.T.);
#5466 = FACE_BOUND('',#5467,.T.);
#5467 = EDGE_LOOP('',(#5468,#5474,#5475,#5476));
#5468 = ORIENTED_EDGE('',*,*,#5469,.F.);
#5469 = EDGE_CURVE('',#3934,#3227,#5470,.T.);
#5470 = LINE('',#5471,#5472);
#5471 = CARTESIAN_POINT('',(-22.44698905944,2.922728300095,-9.25));
#5472 = VECTOR('',#5473,1.);
#5473 = DIRECTION('',(0.,0.,-1.));
#5474 = ORIENTED_EDGE('',*,*,#3933,.T.);
#5475 = ORIENTED_EDGE('',*,*,#5436,.F.);
#5476 = ORIENTED_EDGE('',*,*,#3234,.T.);
#5477 = PLANE('',#5478);
#5478 = AXIS2_PLACEMENT_3D('',#5479,#5480,#5481);
#5479 = CARTESIAN_POINT('',(-22.36951828002,3.106512546539,-13.25));
#5480 = DIRECTION('',(-0.921477606284,0.388431488318,0.));
#5481 = DIRECTION('',(-0.388431488318,-0.921477606284,0.));
#5482 = ADVANCED_FACE('',(#5483),#5494,.T.);
#5483 = FACE_BOUND('',#5484,.T.);
#5484 = EDGE_LOOP('',(#5485,#5486,#5487,#5493));
#5485 = ORIENTED_EDGE('',*,*,#5452,.F.);
#5486 = ORIENTED_EDGE('',*,*,#3949,.F.);
#5487 = ORIENTED_EDGE('',*,*,#5488,.F.);
#5488 = EDGE_CURVE('',#3219,#3942,#5489,.T.);
#5489 = LINE('',#5490,#5491);
#5490 = CARTESIAN_POINT('',(-22.58341789245,2.547893285751,-17.25));
#5491 = VECTOR('',#5492,1.);
#5492 = DIRECTION('',(0.,0.,1.));
#5493 = ORIENTED_EDGE('',*,*,#3218,.T.);
#5494 = PLANE('',#5495);
#5495 = AXIS2_PLACEMENT_3D('',#5496,#5497,#5498);
#5496 = CARTESIAN_POINT('',(-22.64220619201,2.357308506966,-13.25));
#5497 = DIRECTION('',(-0.955571844208,0.294758291753,0.));
#5498 = DIRECTION('',(-0.294758291753,-0.955571844208,0.));
#5499 = ADVANCED_FACE('',(#5500),#5506,.T.);
#5500 = FACE_BOUND('',#5501,.T.);
#5501 = EDGE_LOOP('',(#5502,#5503,#5504,#5505));
#5502 = ORIENTED_EDGE('',*,*,#5469,.T.);
#5503 = ORIENTED_EDGE('',*,*,#3226,.F.);
#5504 = ORIENTED_EDGE('',*,*,#5488,.T.);
#5505 = ORIENTED_EDGE('',*,*,#3941,.T.);
#5506 = PLANE('',#5507);
#5507 = AXIS2_PLACEMENT_3D('',#5508,#5509,#5510);
#5508 = CARTESIAN_POINT('',(-22.51520347595,2.735310792923,-13.25));
#5509 = DIRECTION('',(-0.939692584508,0.342020243,0.));
#5510 = DIRECTION('',(-0.342020243,-0.939692584508,0.));
#5511 = ADVANCED_FACE('',(#5512),#5530,.F.);
#5512 = FACE_BOUND('',#5513,.T.);
#5513 = EDGE_LOOP('',(#5514,#5521,#5528,#5529));
#5514 = ORIENTED_EDGE('',*,*,#5515,.T.);
#5515 = EDGE_CURVE('',#3499,#5516,#5518,.T.);
#5516 = VERTEX_POINT('',#5517);
#5517 = CARTESIAN_POINT('',(2.7,-10.,-16.25));
#5518 = B_SPLINE_CURVE_WITH_KNOTS('',1,(#5519,#5520),.UNSPECIFIED.,.F.,
  .F.,(2,2),(-23.1,-5.1),.PIECEWISE_BEZIER_KNOTS.);
#5519 = CARTESIAN_POINT('',(2.7,-10.,-34.25));
#5520 = CARTESIAN_POINT('',(2.7,-10.,-16.25));
#5521 = ORIENTED_EDGE('',*,*,#5522,.T.);
#5522 = EDGE_CURVE('',#5516,#5516,#5523,.T.);
#5523 = CIRCLE('',#5524,2.7);
#5524 = AXIS2_PLACEMENT_3D('',#5525,#5526,#5527);
#5525 = CARTESIAN_POINT('',(0.,-10.,-16.25));
#5526 = DIRECTION('',(-0.,1.224646799147E-16,1.));
#5527 = DIRECTION('',(1.,0.,0.));
#5528 = ORIENTED_EDGE('',*,*,#5515,.F.);
#5529 = ORIENTED_EDGE('',*,*,#3498,.F.);
#5530 = CYLINDRICAL_SURFACE('',#5531,2.7);
#5531 = AXIS2_PLACEMENT_3D('',#5532,#5533,#5534);
#5532 = CARTESIAN_POINT('',(0.,-10.,-11.15));
#5533 = DIRECTION('',(0.,1.224646799147E-16,1.));
#5534 = DIRECTION('',(1.,0.,0.));
#5535 = ADVANCED_FACE('',(#5536),#5561,.T.);
#5536 = FACE_BOUND('',#5537,.T.);
#5537 = EDGE_LOOP('',(#5538,#5546,#5554,#5560));
#5538 = ORIENTED_EDGE('',*,*,#5539,.F.);
#5539 = EDGE_CURVE('',#5540,#4061,#5542,.T.);
#5540 = VERTEX_POINT('',#5541);
#5541 = CARTESIAN_POINT('',(6.,-16.,-11.8));
#5542 = LINE('',#5543,#5544);
#5543 = CARTESIAN_POINT('',(6.,-16.,-11.8));
#5544 = VECTOR('',#5545,1.);
#5545 = DIRECTION('',(0.,0.,1.));
#5546 = ORIENTED_EDGE('',*,*,#5547,.F.);
#5547 = EDGE_CURVE('',#5548,#5540,#5550,.T.);
#5548 = VERTEX_POINT('',#5549);
#5549 = CARTESIAN_POINT('',(-6.,-16.,-11.8));
#5550 = LINE('',#5551,#5552);
#5551 = CARTESIAN_POINT('',(-6.,-16.,-11.8));
#5552 = VECTOR('',#5553,1.);
#5553 = DIRECTION('',(1.,0.,0.));
#5554 = ORIENTED_EDGE('',*,*,#5555,.T.);
#5555 = EDGE_CURVE('',#5548,#4063,#5556,.T.);
#5556 = LINE('',#5557,#5558);
#5557 = CARTESIAN_POINT('',(-6.,-16.,-11.8));
#5558 = VECTOR('',#5559,1.);
#5559 = DIRECTION('',(0.,0.,1.));
#5560 = ORIENTED_EDGE('',*,*,#4060,.F.);
#5561 = PLANE('',#5562);
#5562 = AXIS2_PLACEMENT_3D('',#5563,#5564,#5565);
#5563 = CARTESIAN_POINT('',(-6.,-16.,-11.8));
#5564 = DIRECTION('',(0.,1.,0.));
#5565 = DIRECTION('',(0.,0.,1.));
#5566 = ADVANCED_FACE('',(#5567),#5585,.F.);
#5567 = FACE_BOUND('',#5568,.F.);
#5568 = EDGE_LOOP('',(#5569,#5570,#5578,#5584));
#5569 = ORIENTED_EDGE('',*,*,#5539,.F.);
#5570 = ORIENTED_EDGE('',*,*,#5571,.T.);
#5571 = EDGE_CURVE('',#5540,#5572,#5574,.T.);
#5572 = VERTEX_POINT('',#5573);
#5573 = CARTESIAN_POINT('',(6.,-4.,-11.8));
#5574 = LINE('',#5575,#5576);
#5575 = CARTESIAN_POINT('',(6.,-16.,-11.8));
#5576 = VECTOR('',#5577,1.);
#5577 = DIRECTION('',(0.,1.,0.));
#5578 = ORIENTED_EDGE('',*,*,#5579,.T.);
#5579 = EDGE_CURVE('',#5572,#4079,#5580,.T.);
#5580 = LINE('',#5581,#5582);
#5581 = CARTESIAN_POINT('',(6.,-4.,-11.8));
#5582 = VECTOR('',#5583,1.);
#5583 = DIRECTION('',(0.,0.,1.));
#5584 = ORIENTED_EDGE('',*,*,#4086,.F.);
#5585 = PLANE('',#5586);
#5586 = AXIS2_PLACEMENT_3D('',#5587,#5588,#5589);
#5587 = CARTESIAN_POINT('',(6.,-16.,-11.8));
#5588 = DIRECTION('',(1.,0.,0.));
#5589 = DIRECTION('',(0.,0.,1.));
#5590 = ADVANCED_FACE('',(#5591),#5609,.T.);
#5591 = FACE_BOUND('',#5592,.T.);
#5592 = EDGE_LOOP('',(#5593,#5594,#5602,#5608));
#5593 = ORIENTED_EDGE('',*,*,#5555,.F.);
#5594 = ORIENTED_EDGE('',*,*,#5595,.T.);
#5595 = EDGE_CURVE('',#5548,#5596,#5598,.T.);
#5596 = VERTEX_POINT('',#5597);
#5597 = CARTESIAN_POINT('',(-6.,-4.,-11.8));
#5598 = LINE('',#5599,#5600);
#5599 = CARTESIAN_POINT('',(-6.,-16.,-11.8));
#5600 = VECTOR('',#5601,1.);
#5601 = DIRECTION('',(0.,1.,0.));
#5602 = ORIENTED_EDGE('',*,*,#5603,.T.);
#5603 = EDGE_CURVE('',#5596,#4071,#5604,.T.);
#5604 = LINE('',#5605,#5606);
#5605 = CARTESIAN_POINT('',(-6.,-4.,-11.8));
#5606 = VECTOR('',#5607,1.);
#5607 = DIRECTION('',(0.,0.,1.));
#5608 = ORIENTED_EDGE('',*,*,#4070,.F.);
#5609 = PLANE('',#5610);
#5610 = AXIS2_PLACEMENT_3D('',#5611,#5612,#5613);
#5611 = CARTESIAN_POINT('',(-6.,-16.,-11.8));
#5612 = DIRECTION('',(1.,0.,0.));
#5613 = DIRECTION('',(0.,0.,1.));
#5614 = ADVANCED_FACE('',(#5615),#5626,.F.);
#5615 = FACE_BOUND('',#5616,.F.);
#5616 = EDGE_LOOP('',(#5617,#5618,#5624,#5625));
#5617 = ORIENTED_EDGE('',*,*,#5579,.F.);
#5618 = ORIENTED_EDGE('',*,*,#5619,.F.);
#5619 = EDGE_CURVE('',#5596,#5572,#5620,.T.);
#5620 = LINE('',#5621,#5622);
#5621 = CARTESIAN_POINT('',(-6.,-4.,-11.8));
#5622 = VECTOR('',#5623,1.);
#5623 = DIRECTION('',(1.,0.,0.));
#5624 = ORIENTED_EDGE('',*,*,#5603,.T.);
#5625 = ORIENTED_EDGE('',*,*,#4078,.F.);
#5626 = PLANE('',#5627);
#5627 = AXIS2_PLACEMENT_3D('',#5628,#5629,#5630);
#5628 = CARTESIAN_POINT('',(-6.,-4.,-11.8));
#5629 = DIRECTION('',(0.,1.,0.));
#5630 = DIRECTION('',(0.,0.,1.));
#5631 = ADVANCED_FACE('',(#5632),#5651,.T.);
#5632 = FACE_BOUND('',#5633,.T.);
#5633 = EDGE_LOOP('',(#5634,#5642,#5649,#5650));
#5634 = ORIENTED_EDGE('',*,*,#5635,.T.);
#5635 = EDGE_CURVE('',#4155,#5636,#5638,.T.);
#5636 = VERTEX_POINT('',#5637);
#5637 = CARTESIAN_POINT('',(-0.75,2.,17.005));
#5638 = LINE('',#5639,#5640);
#5639 = CARTESIAN_POINT('',(1.,2.,14.995));
#5640 = VECTOR('',#5641,1.);
#5641 = DIRECTION('',(-0.656643077493,1.608311686068E-16,0.754201477578)
  );
#5642 = ORIENTED_EDGE('',*,*,#5643,.F.);
#5643 = EDGE_CURVE('',#5636,#5636,#5644,.T.);
#5644 = CIRCLE('',#5645,4.25);
#5645 = AXIS2_PLACEMENT_3D('',#5646,#5647,#5648);
#5646 = CARTESIAN_POINT('',(-5.,2.,17.005));
#5647 = DIRECTION('',(0.,0.,1.));
#5648 = DIRECTION('',(1.,0.,0.));
#5649 = ORIENTED_EDGE('',*,*,#5635,.F.);
#5650 = ORIENTED_EDGE('',*,*,#4154,.T.);
#5651 = CONICAL_SURFACE('',#5652,6.,0.716359125723);
#5652 = AXIS2_PLACEMENT_3D('',#5653,#5654,#5655);
#5653 = CARTESIAN_POINT('',(-5.,2.,14.995));
#5654 = DIRECTION('',(-0.,-0.,-1.));
#5655 = DIRECTION('',(1.,0.,0.));
#5656 = ADVANCED_FACE('',(#5657),#5676,.F.);
#5657 = FACE_BOUND('',#5658,.T.);
#5658 = EDGE_LOOP('',(#5659,#5668,#5674,#5675));
#5659 = ORIENTED_EDGE('',*,*,#5660,.T.);
#5660 = EDGE_CURVE('',#5661,#5661,#5663,.T.);
#5661 = VERTEX_POINT('',#5662);
#5662 = CARTESIAN_POINT('',(7.4,8.505,10.));
#5663 = CIRCLE('',#5664,2.4);
#5664 = AXIS2_PLACEMENT_3D('',#5665,#5666,#5667);
#5665 = CARTESIAN_POINT('',(5.,8.505,10.));
#5666 = DIRECTION('',(-0.,1.,2.22044604925E-16));
#5667 = DIRECTION('',(1.,0.,0.));
#5668 = ORIENTED_EDGE('',*,*,#5669,.T.);
#5669 = EDGE_CURVE('',#5661,#4250,#5670,.T.);
#5670 = LINE('',#5671,#5672);
#5671 = CARTESIAN_POINT('',(7.4,35.,10.));
#5672 = VECTOR('',#5673,1.);
#5673 = DIRECTION('',(0.,-1.,-2.22044604925E-16));
#5674 = ORIENTED_EDGE('',*,*,#4249,.F.);
#5675 = ORIENTED_EDGE('',*,*,#5669,.F.);
#5676 = CYLINDRICAL_SURFACE('',#5677,2.4);
#5677 = AXIS2_PLACEMENT_3D('',#5678,#5679,#5680);
#5678 = CARTESIAN_POINT('',(5.,35.,10.));
#5679 = DIRECTION('',(-0.,1.,2.22044604925E-16));
#5680 = DIRECTION('',(1.,0.,0.));
#5681 = ADVANCED_FACE('',(#5682,#5685),#5688,.F.);
#5682 = FACE_BOUND('',#5683,.F.);
#5683 = EDGE_LOOP('',(#5684));
#5684 = ORIENTED_EDGE('',*,*,#4287,.T.);
#5685 = FACE_BOUND('',#5686,.F.);
#5686 = EDGE_LOOP('',(#5687));
#5687 = ORIENTED_EDGE('',*,*,#5660,.T.);
#5688 = PLANE('',#5689);
#5689 = AXIS2_PLACEMENT_3D('',#5690,#5691,#5692);
#5690 = CARTESIAN_POINT('',(5.,8.505,10.));
#5691 = DIRECTION('',(0.,-1.,-2.22044604925E-16));
#5692 = DIRECTION('',(1.,0.,0.));
#5693 = ADVANCED_FACE('',(#5694,#5702),#5713,.F.);
#5694 = FACE_BOUND('',#5695,.F.);
#5695 = EDGE_LOOP('',(#5696,#5697,#5698,#5699,#5700,#5701));
#5696 = ORIENTED_EDGE('',*,*,#4434,.T.);
#5697 = ORIENTED_EDGE('',*,*,#4417,.T.);
#5698 = ORIENTED_EDGE('',*,*,#4393,.T.);
#5699 = ORIENTED_EDGE('',*,*,#4369,.T.);
#5700 = ORIENTED_EDGE('',*,*,#4345,.T.);
#5701 = ORIENTED_EDGE('',*,*,#4314,.T.);
#5702 = FACE_BOUND('',#5703,.F.);
#5703 = EDGE_LOOP('',(#5704));
#5704 = ORIENTED_EDGE('',*,*,#5705,.T.);
#5705 = EDGE_CURVE('',#5706,#5706,#5708,.T.);
#5706 = VERTEX_POINT('',#5707);
#5707 = CARTESIAN_POINT('',(-2.45,2.,6.05));
#5708 = CIRCLE('',#5709,2.55);
#5709 = AXIS2_PLACEMENT_3D('',#5710,#5711,#5712);
#5710 = CARTESIAN_POINT('',(-5.,2.,6.05));
#5711 = DIRECTION('',(0.,0.,-1.));
#5712 = DIRECTION('',(1.,0.,0.));
#5713 = PLANE('',#5714);
#5714 = AXIS2_PLACEMENT_3D('',#5715,#5716,#5717);
#5715 = CARTESIAN_POINT('',(-5.,2.,6.05));
#5716 = DIRECTION('',(0.,0.,1.));
#5717 = DIRECTION('',(1.,0.,0.));
#5718 = ADVANCED_FACE('',(#5719,#5769),#5772,.F.);
#5719 = FACE_BOUND('',#5720,.F.);
#5720 = EDGE_LOOP('',(#5721,#5731,#5739,#5747,#5755,#5763));
#5721 = ORIENTED_EDGE('',*,*,#5722,.T.);
#5722 = EDGE_CURVE('',#5723,#5725,#5727,.T.);
#5723 = VERTEX_POINT('',#5724);
#5724 = CARTESIAN_POINT('',(4.95,-10.,-16.25));
#5725 = VERTEX_POINT('',#5726);
#5726 = CARTESIAN_POINT('',(2.475,-14.28682574873,-16.25));
#5727 = LINE('',#5728,#5729);
#5728 = CARTESIAN_POINT('',(4.95,-10.,-16.25));
#5729 = VECTOR('',#5730,1.);
#5730 = DIRECTION('',(-0.5,-0.866025403784,1.060575238725E-16));
#5731 = ORIENTED_EDGE('',*,*,#5732,.T.);
#5732 = EDGE_CURVE('',#5725,#5733,#5735,.T.);
#5733 = VERTEX_POINT('',#5734);
#5734 = CARTESIAN_POINT('',(-2.475,-14.28682574873,-16.25));
#5735 = LINE('',#5736,#5737);
#5736 = CARTESIAN_POINT('',(2.475,-14.28682574873,-16.25));
#5737 = VECTOR('',#5738,1.);
#5738 = DIRECTION('',(-1.,-1.794299837778E-16,2.197383553045E-32));
#5739 = ORIENTED_EDGE('',*,*,#5740,.T.);
#5740 = EDGE_CURVE('',#5733,#5741,#5743,.T.);
#5741 = VERTEX_POINT('',#5742);
#5742 = CARTESIAN_POINT('',(-4.95,-10.,-16.25));
#5743 = LINE('',#5744,#5745);
#5744 = CARTESIAN_POINT('',(-2.475,-14.28682574873,-16.25));
#5745 = VECTOR('',#5746,1.);
#5746 = DIRECTION('',(-0.5,0.866025403784,-1.060575238725E-16));
#5747 = ORIENTED_EDGE('',*,*,#5748,.T.);
#5748 = EDGE_CURVE('',#5741,#5749,#5751,.T.);
#5749 = VERTEX_POINT('',#5750);
#5750 = CARTESIAN_POINT('',(-2.475,-5.713174251267,-16.25));
#5751 = LINE('',#5752,#5753);
#5752 = CARTESIAN_POINT('',(-4.95,-10.,-16.25));
#5753 = VECTOR('',#5754,1.);
#5754 = DIRECTION('',(0.5,0.866025403784,-1.060575238725E-16));
#5755 = ORIENTED_EDGE('',*,*,#5756,.T.);
#5756 = EDGE_CURVE('',#5749,#5757,#5759,.T.);
#5757 = VERTEX_POINT('',#5758);
#5758 = CARTESIAN_POINT('',(2.475,-5.713174251267,-16.25));
#5759 = LINE('',#5760,#5761);
#5760 = CARTESIAN_POINT('',(-2.475,-5.713174251267,-16.25));
#5761 = VECTOR('',#5762,1.);
#5762 = DIRECTION('',(1.,5.382899513334E-16,-6.592150659136E-32));
#5763 = ORIENTED_EDGE('',*,*,#5764,.T.);
#5764 = EDGE_CURVE('',#5757,#5723,#5765,.T.);
#5765 = LINE('',#5766,#5767);
#5766 = CARTESIAN_POINT('',(2.475,-5.713174251267,-16.25));
#5767 = VECTOR('',#5768,1.);
#5768 = DIRECTION('',(0.5,-0.866025403784,1.060575238725E-16));
#5769 = FACE_BOUND('',#5770,.F.);
#5770 = EDGE_LOOP('',(#5771));
#5771 = ORIENTED_EDGE('',*,*,#5522,.T.);
#5772 = PLANE('',#5773);
#5773 = AXIS2_PLACEMENT_3D('',#5774,#5775,#5776);
#5774 = CARTESIAN_POINT('',(1.794299837778E-16,-10.,-16.25));
#5775 = DIRECTION('',(0.,-1.224646799147E-16,-1.));
#5776 = DIRECTION('',(1.,0.,0.));
#5777 = ADVANCED_FACE('',(#5778,#5784),#5834,.T.);
#5778 = FACE_BOUND('',#5779,.T.);
#5779 = EDGE_LOOP('',(#5780,#5781,#5782,#5783));
#5780 = ORIENTED_EDGE('',*,*,#5595,.F.);
#5781 = ORIENTED_EDGE('',*,*,#5547,.T.);
#5782 = ORIENTED_EDGE('',*,*,#5571,.T.);
#5783 = ORIENTED_EDGE('',*,*,#5619,.F.);
#5784 = FACE_BOUND('',#5785,.T.);
#5785 = EDGE_LOOP('',(#5786,#5796,#5804,#5812,#5820,#5828));
#5786 = ORIENTED_EDGE('',*,*,#5787,.T.);
#5787 = EDGE_CURVE('',#5788,#5790,#5792,.T.);
#5788 = VERTEX_POINT('',#5789);
#5789 = CARTESIAN_POINT('',(2.475,-5.713174251267,-11.8));
#5790 = VERTEX_POINT('',#5791);
#5791 = CARTESIAN_POINT('',(4.95,-10.,-11.8));
#5792 = LINE('',#5793,#5794);
#5793 = CARTESIAN_POINT('',(3.642788105677,-7.735842582774,-11.8));
#5794 = VECTOR('',#5795,1.);
#5795 = DIRECTION('',(0.5,-0.866025403784,0.));
#5796 = ORIENTED_EDGE('',*,*,#5797,.T.);
#5797 = EDGE_CURVE('',#5790,#5798,#5800,.T.);
#5798 = VERTEX_POINT('',#5799);
#5799 = CARTESIAN_POINT('',(2.475,-14.28682574873,-11.8));
#5800 = LINE('',#5801,#5802);
#5801 = CARTESIAN_POINT('',(2.282211894323,-14.62074454286,-11.8));
#5802 = VECTOR('',#5803,1.);
#5803 = DIRECTION('',(-0.5,-0.866025403784,0.));
#5804 = ORIENTED_EDGE('',*,*,#5805,.T.);
#5805 = EDGE_CURVE('',#5798,#5806,#5808,.T.);
#5806 = VERTEX_POINT('',#5807);
#5807 = CARTESIAN_POINT('',(-2.475,-14.28682574873,-11.8));
#5808 = LINE('',#5809,#5810);
#5809 = CARTESIAN_POINT('',(-1.7625,-14.28682574873,-11.8));
#5810 = VECTOR('',#5811,1.);
#5811 = DIRECTION('',(-1.,-1.794299837778E-16,0.));
#5812 = ORIENTED_EDGE('',*,*,#5813,.T.);
#5813 = EDGE_CURVE('',#5806,#5814,#5816,.T.);
#5814 = VERTEX_POINT('',#5815);
#5815 = CARTESIAN_POINT('',(-4.95,-10.,-11.8));
#5816 = LINE('',#5817,#5818);
#5817 = CARTESIAN_POINT('',(-2.544711894323,-14.16608120587,-11.8));
#5818 = VECTOR('',#5819,1.);
#5819 = DIRECTION('',(-0.5,0.866025403784,0.));
#5820 = ORIENTED_EDGE('',*,*,#5821,.T.);
#5821 = EDGE_CURVE('',#5814,#5822,#5824,.T.);
#5822 = VERTEX_POINT('',#5823);
#5823 = CARTESIAN_POINT('',(-2.475,-5.713174251267,-11.8));
#5824 = LINE('',#5825,#5826);
#5825 = CARTESIAN_POINT('',(-6.380288105677,-12.47733166849,-11.8));
#5826 = VECTOR('',#5827,1.);
#5827 = DIRECTION('',(0.5,0.866025403784,0.));
#5828 = ORIENTED_EDGE('',*,*,#5829,.T.);
#5829 = EDGE_CURVE('',#5822,#5788,#5830,.T.);
#5830 = LINE('',#5831,#5832);
#5831 = CARTESIAN_POINT('',(-4.2375,-5.713174251267,-11.8));
#5832 = VECTOR('',#5833,1.);
#5833 = DIRECTION('',(1.,5.382899513334E-16,0.));
#5834 = PLANE('',#5835);
#5835 = AXIS2_PLACEMENT_3D('',#5836,#5837,#5838);
#5836 = CARTESIAN_POINT('',(-6.,-16.,-11.8));
#5837 = DIRECTION('',(0.,0.,1.));
#5838 = DIRECTION('',(1.,0.,0.));
#5839 = ADVANCED_FACE('',(#5840,#5843),#5854,.T.);
#5840 = FACE_BOUND('',#5841,.T.);
#5841 = EDGE_LOOP('',(#5842));
#5842 = ORIENTED_EDGE('',*,*,#5643,.T.);
#5843 = FACE_BOUND('',#5844,.T.);
#5844 = EDGE_LOOP('',(#5845));
#5845 = ORIENTED_EDGE('',*,*,#5846,.T.);
#5846 = EDGE_CURVE('',#5847,#5847,#5849,.T.);
#5847 = VERTEX_POINT('',#5848);
#5848 = CARTESIAN_POINT('',(-2.45,2.,17.005));
#5849 = CIRCLE('',#5850,2.55);
#5850 = AXIS2_PLACEMENT_3D('',#5851,#5852,#5853);
#5851 = CARTESIAN_POINT('',(-5.,2.,17.005));
#5852 = DIRECTION('',(0.,0.,-1.));
#5853 = DIRECTION('',(1.,0.,0.));
#5854 = PLANE('',#5855);
#5855 = AXIS2_PLACEMENT_3D('',#5856,#5857,#5858);
#5856 = CARTESIAN_POINT('',(-5.,2.,17.005));
#5857 = DIRECTION('',(0.,0.,1.));
#5858 = DIRECTION('',(1.,0.,0.));
#5859 = ADVANCED_FACE('',(#5860),#5871,.F.);
#5860 = FACE_BOUND('',#5861,.T.);
#5861 = EDGE_LOOP('',(#5862,#5868,#5869,#5870));
#5862 = ORIENTED_EDGE('',*,*,#5863,.F.);
#5863 = EDGE_CURVE('',#5706,#5847,#5864,.T.);
#5864 = LINE('',#5865,#5866);
#5865 = CARTESIAN_POINT('',(-2.45,2.,-0.5));
#5866 = VECTOR('',#5867,1.);
#5867 = DIRECTION('',(0.,0.,1.));
#5868 = ORIENTED_EDGE('',*,*,#5705,.T.);
#5869 = ORIENTED_EDGE('',*,*,#5863,.T.);
#5870 = ORIENTED_EDGE('',*,*,#5846,.F.);
#5871 = CYLINDRICAL_SURFACE('',#5872,2.55);
#5872 = AXIS2_PLACEMENT_3D('',#5873,#5874,#5875);
#5873 = CARTESIAN_POINT('',(-5.,2.,-0.5));
#5874 = DIRECTION('',(-0.,-0.,-1.));
#5875 = DIRECTION('',(1.,0.,0.));
#5876 = ADVANCED_FACE('',(#5877),#5893,.F.);
#5877 = FACE_BOUND('',#5878,.F.);
#5878 = EDGE_LOOP('',(#5879,#5885,#5886,#5892));
#5879 = ORIENTED_EDGE('',*,*,#5880,.F.);
#5880 = EDGE_CURVE('',#5790,#5723,#5881,.T.);
#5881 = LINE('',#5882,#5883);
#5882 = CARTESIAN_POINT('',(4.95,-10.,-9.15));
#5883 = VECTOR('',#5884,1.);
#5884 = DIRECTION('',(0.,-1.224646799147E-16,-1.));
#5885 = ORIENTED_EDGE('',*,*,#5797,.T.);
#5886 = ORIENTED_EDGE('',*,*,#5887,.T.);
#5887 = EDGE_CURVE('',#5798,#5725,#5888,.T.);
#5888 = LINE('',#5889,#5890);
#5889 = CARTESIAN_POINT('',(2.475,-14.28682574873,-12.25));
#5890 = VECTOR('',#5891,1.);
#5891 = DIRECTION('',(0.,-1.224646799147E-16,-1.));
#5892 = ORIENTED_EDGE('',*,*,#5722,.F.);
#5893 = PLANE('',#5894);
#5894 = AXIS2_PLACEMENT_3D('',#5895,#5896,#5897);
#5895 = CARTESIAN_POINT('',(3.7125,-12.14341287436,-14.025));
#5896 = DIRECTION('',(0.866025403784,-0.5,0.));
#5897 = DIRECTION('',(0.5,0.866025403784,0.));
#5898 = ADVANCED_FACE('',(#5899),#5910,.F.);
#5899 = FACE_BOUND('',#5900,.F.);
#5900 = EDGE_LOOP('',(#5901,#5902,#5903,#5904));
#5901 = ORIENTED_EDGE('',*,*,#5787,.T.);
#5902 = ORIENTED_EDGE('',*,*,#5880,.T.);
#5903 = ORIENTED_EDGE('',*,*,#5764,.F.);
#5904 = ORIENTED_EDGE('',*,*,#5905,.F.);
#5905 = EDGE_CURVE('',#5788,#5757,#5906,.T.);
#5906 = LINE('',#5907,#5908);
#5907 = CARTESIAN_POINT('',(2.475,-5.713174251267,-12.25));
#5908 = VECTOR('',#5909,1.);
#5909 = DIRECTION('',(0.,-1.224646799147E-16,-1.));
#5910 = PLANE('',#5911);
#5911 = AXIS2_PLACEMENT_3D('',#5912,#5913,#5914);
#5912 = CARTESIAN_POINT('',(3.7125,-7.856587125634,-14.025));
#5913 = DIRECTION('',(0.866025403784,0.5,-2.395551801858E-16));
#5914 = DIRECTION('',(-0.5,0.866025403784,0.));
#5915 = ADVANCED_FACE('',(#5916),#5927,.F.);
#5916 = FACE_BOUND('',#5917,.F.);
#5917 = EDGE_LOOP('',(#5918,#5919,#5925,#5926));
#5918 = ORIENTED_EDGE('',*,*,#5805,.T.);
#5919 = ORIENTED_EDGE('',*,*,#5920,.T.);
#5920 = EDGE_CURVE('',#5806,#5733,#5921,.T.);
#5921 = LINE('',#5922,#5923);
#5922 = CARTESIAN_POINT('',(-2.475,-14.28682574873,-12.25));
#5923 = VECTOR('',#5924,1.);
#5924 = DIRECTION('',(0.,-1.224646799147E-16,-1.));
#5925 = ORIENTED_EDGE('',*,*,#5732,.F.);
#5926 = ORIENTED_EDGE('',*,*,#5887,.F.);
#5927 = PLANE('',#5928);
#5928 = AXIS2_PLACEMENT_3D('',#5929,#5930,#5931);
#5929 = CARTESIAN_POINT('',(1.086601258144E-15,-14.28682574873,-14.025)
  );
#5930 = DIRECTION('',(-0.,-1.,-0.));
#5931 = DIRECTION('',(0.,0.,-1.));
#5932 = ADVANCED_FACE('',(#5933),#5944,.F.);
#5933 = FACE_BOUND('',#5934,.F.);
#5934 = EDGE_LOOP('',(#5935,#5936,#5937,#5938));
#5935 = ORIENTED_EDGE('',*,*,#5829,.T.);
#5936 = ORIENTED_EDGE('',*,*,#5905,.T.);
#5937 = ORIENTED_EDGE('',*,*,#5756,.F.);
#5938 = ORIENTED_EDGE('',*,*,#5939,.F.);
#5939 = EDGE_CURVE('',#5822,#5749,#5940,.T.);
#5940 = LINE('',#5941,#5942);
#5941 = CARTESIAN_POINT('',(-2.475,-5.713174251267,-12.25));
#5942 = VECTOR('',#5943,1.);
#5943 = DIRECTION('',(0.,-1.224646799147E-16,-1.));
#5944 = PLANE('',#5945);
#5945 = AXIS2_PLACEMENT_3D('',#5946,#5947,#5948);
#5946 = CARTESIAN_POINT('',(-2.055093683881E-15,-5.713174251267,-14.025)
  );
#5947 = DIRECTION('',(-5.382899513334E-16,1.,0.));
#5948 = DIRECTION('',(1.,5.382899513334E-16,0.));
#5949 = ADVANCED_FACE('',(#5950),#5961,.F.);
#5950 = FACE_BOUND('',#5951,.F.);
#5951 = EDGE_LOOP('',(#5952,#5953,#5959,#5960));
#5952 = ORIENTED_EDGE('',*,*,#5813,.T.);
#5953 = ORIENTED_EDGE('',*,*,#5954,.T.);
#5954 = EDGE_CURVE('',#5814,#5741,#5955,.T.);
#5955 = LINE('',#5956,#5957);
#5956 = CARTESIAN_POINT('',(-4.95,-10.,-12.25));
#5957 = VECTOR('',#5958,1.);
#5958 = DIRECTION('',(0.,-1.224646799147E-16,-1.));
#5959 = ORIENTED_EDGE('',*,*,#5740,.F.);
#5960 = ORIENTED_EDGE('',*,*,#5920,.F.);
#5961 = PLANE('',#5962);
#5962 = AXIS2_PLACEMENT_3D('',#5963,#5964,#5965);
#5963 = CARTESIAN_POINT('',(-3.7125,-12.14341287436,-14.025));
#5964 = DIRECTION('',(-0.866025403784,-0.5,-0.));
#5965 = DIRECTION('',(0.5,-0.866025403784,0.));
#5966 = ADVANCED_FACE('',(#5967),#5973,.F.);
#5967 = FACE_BOUND('',#5968,.F.);
#5968 = EDGE_LOOP('',(#5969,#5970,#5971,#5972));
#5969 = ORIENTED_EDGE('',*,*,#5821,.T.);
#5970 = ORIENTED_EDGE('',*,*,#5939,.T.);
#5971 = ORIENTED_EDGE('',*,*,#5748,.F.);
#5972 = ORIENTED_EDGE('',*,*,#5954,.F.);
#5973 = PLANE('',#5974);
#5974 = AXIS2_PLACEMENT_3D('',#5975,#5976,#5977);
#5975 = CARTESIAN_POINT('',(-3.7125,-7.856587125634,-14.025));
#5976 = DIRECTION('',(-0.866025403784,0.5,0.));
#5977 = DIRECTION('',(-0.5,-0.866025403784,0.));
#5978 = ( GEOMETRIC_REPRESENTATION_CONTEXT(3) 
GLOBAL_UNCERTAINTY_ASSIGNED_CONTEXT((#5982)) 
GLOBAL_UNIT_ASSIGNED_CONTEXT((#5979,#5980,#5981)) REPRESENTATION_CONTEXT
('Context #1','3D Context with UNIT and UNCERTAINTY') );
#5979 = ( LENGTH_UNIT() NAMED_UNIT(*) SI_UNIT(.MILLI.,.METRE.) );
#5980 = ( NAMED_UNIT(*) PLANE_ANGLE_UNIT() SI_UNIT($,.RADIAN.) );
#5981 = ( NAMED_UNIT(*) SI_UNIT($,.STERADIAN.) SOLID_ANGLE_UNIT() );
#5982 = UNCERTAINTY_MEASURE_WITH_UNIT(LENGTH_MEASURE(5.E-06),#5979,
  'distance_accuracy_value','confusion accuracy');
#5983 = PRODUCT_RELATED_PRODUCT_CATEGORY('part',$,(#7));
ENDSEC;
END-ISO-10303-21;
