ISO-10303-21;
HEADER;
FILE_DESCRIPTION(('FreeCAD Model'),'2;1');
FILE_NAME('Open CASCADE Shape Model','2026-03-05T20:32:40',(''),(''),
  'Open CASCADE STEP processor 7.8','FreeCAD','Unknown');
FILE_SCHEMA(('AUTOMOTIVE_DESIGN { 1 0 10303 214 1 1 1 1 }'));
ENDSEC;
DATA;
#1 = APPLICATION_PROTOCOL_DEFINITION('international standard',
  'automotive_design',2000,#2);
#2 = APPLICATION_CONTEXT(
  'core data for automotive mechanical design processes');
#3 = SHAPE_DEFINITION_REPRESENTATION(#4,#10);
#4 = PRODUCT_DEFINITION_SHAPE('','',#5);
#5 = PRODUCT_DEFINITION('design','',#6,#9);
#6 = PRODUCT_DEFINITION_FORMATION('','',#7);
#7 = PRODUCT('idler_end2','idler_end2','',(#8));
#8 = PRODUCT_CONTEXT('',#2,'mechanical');
#9 = PRODUCT_DEFINITION_CONTEXT('part definition',#2,'design');
#10 = SHAPE_REPRESENTATION('',(#11,#15,#19,#23,#27),#31);
#11 = AXIS2_PLACEMENT_3D('',#12,#13,#14);
#12 = CARTESIAN_POINT('',(0.,0.,0.));
#13 = DIRECTION('',(0.,0.,1.));
#14 = DIRECTION('',(1.,0.,-0.));
#15 = AXIS2_PLACEMENT_3D('',#16,#17,#18);
#16 = CARTESIAN_POINT('',(50.,0.,15.));
#17 = DIRECTION('',(0.,-1.,-2.22044604925E-16));
#18 = DIRECTION('',(1.,0.,0.));
#19 = AXIS2_PLACEMENT_3D('',#20,#21,#22);
#20 = CARTESIAN_POINT('',(0.,5.75,0.));
#21 = DIRECTION('',(0.,0.,1.));
#22 = DIRECTION('',(1.,0.,0.));
#23 = AXIS2_PLACEMENT_3D('',#24,#25,#26);
#24 = CARTESIAN_POINT('',(0.,20.,15.));
#25 = DIRECTION('',(0.,-1.,-2.22044604925E-16));
#26 = DIRECTION('',(1.,0.,0.));
#27 = AXIS2_PLACEMENT_3D('',#28,#29,#30);
#28 = CARTESIAN_POINT('',(0.,50.,0.));
#29 = DIRECTION('',(0.,0.,1.));
#30 = DIRECTION('',(1.,0.,0.));
#31 = ( GEOMETRIC_REPRESENTATION_CONTEXT(3) 
GLOBAL_UNCERTAINTY_ASSIGNED_CONTEXT((#35)) GLOBAL_UNIT_ASSIGNED_CONTEXT(
(#32,#33,#34)) REPRESENTATION_CONTEXT('Context #1',
  '3D Context with UNIT and UNCERTAINTY') );
#32 = ( LENGTH_UNIT() NAMED_UNIT(*) SI_UNIT(.MILLI.,.METRE.) );
#33 = ( NAMED_UNIT(*) PLANE_ANGLE_UNIT() SI_UNIT($,.RADIAN.) );
#34 = ( NAMED_UNIT(*) SI_UNIT($,.STERADIAN.) SOLID_ANGLE_UNIT() );
#35 = UNCERTAINTY_MEASURE_WITH_UNIT(LENGTH_MEASURE(2.E-05),#32,
  'distance_accuracy_value','confusion accuracy');
#36 = PRODUCT_RELATED_PRODUCT_CATEGORY('part',$,(#7));
#37 = SHAPE_DEFINITION_REPRESENTATION(#38,#44);
#38 = PRODUCT_DEFINITION_SHAPE('','',#39);
#39 = PRODUCT_DEFINITION('design','',#40,#43);
#40 = PRODUCT_DEFINITION_FORMATION('','',#41);
#41 = PRODUCT('union001','union001','',(#42));
#42 = PRODUCT_CONTEXT('',#2,'mechanical');
#43 = PRODUCT_DEFINITION_CONTEXT('part definition',#2,'design');
#44 = ADVANCED_BREP_SHAPE_REPRESENTATION('',(#11,#45),#286);
#45 = BREP_WITH_VOIDS('',#46,(#233));
#46 = CLOSED_SHELL('',(#47,#80,#100,#120,#145,#170,#179,#199,#224));
#47 = ADVANCED_FACE('',(#48),#75,.T.);
#48 = FACE_BOUND('',#49,.T.);
#49 = EDGE_LOOP('',(#50,#59,#67,#74));
#50 = ORIENTED_EDGE('',*,*,#51,.F.);
#51 = EDGE_CURVE('',#52,#52,#54,.T.);
#52 = VERTEX_POINT('',#53);
#53 = CARTESIAN_POINT('',(9.,-2.204364238465E-15,2.85));
#54 = CIRCLE('',#55,9.);
#55 = AXIS2_PLACEMENT_3D('',#56,#57,#58);
#56 = CARTESIAN_POINT('',(0.,0.,2.85));
#57 = DIRECTION('',(0.,0.,1.));
#58 = DIRECTION('',(1.,0.,0.));
#59 = ORIENTED_EDGE('',*,*,#60,.F.);
#60 = EDGE_CURVE('',#61,#52,#63,.T.);
#61 = VERTEX_POINT('',#62);
#62 = CARTESIAN_POINT('',(12.,-2.939152317954E-15,1.75));
#63 = LINE('',#64,#65);
#64 = CARTESIAN_POINT('',(12.,-2.939152317954E-15,1.75));
#65 = VECTOR('',#66,1.);
#66 = DIRECTION('',(-0.938876315887,2.299583750092E-16,0.344254649158));
#67 = ORIENTED_EDGE('',*,*,#68,.T.);
#68 = EDGE_CURVE('',#61,#61,#69,.T.);
#69 = CIRCLE('',#70,12.);
#70 = AXIS2_PLACEMENT_3D('',#71,#72,#73);
#71 = CARTESIAN_POINT('',(0.,0.,1.75));
#72 = DIRECTION('',(0.,0.,1.));
#73 = DIRECTION('',(1.,0.,0.));
#74 = ORIENTED_EDGE('',*,*,#60,.T.);
#75 = CONICAL_SURFACE('',#76,12.,1.219351532791);
#76 = AXIS2_PLACEMENT_3D('',#77,#78,#79);
#77 = CARTESIAN_POINT('',(0.,0.,1.75));
#78 = DIRECTION('',(-0.,-0.,-1.));
#79 = DIRECTION('',(1.,0.,0.));
#80 = ADVANCED_FACE('',(#81,#84),#95,.T.);
#81 = FACE_BOUND('',#82,.T.);
#82 = EDGE_LOOP('',(#83));
#83 = ORIENTED_EDGE('',*,*,#51,.T.);
#84 = FACE_BOUND('',#85,.T.);
#85 = EDGE_LOOP('',(#86));
#86 = ORIENTED_EDGE('',*,*,#87,.F.);
#87 = EDGE_CURVE('',#88,#88,#90,.T.);
#88 = VERTEX_POINT('',#89);
#89 = CARTESIAN_POINT('',(5.,-1.224646799147E-15,2.85));
#90 = CIRCLE('',#91,5.);
#91 = AXIS2_PLACEMENT_3D('',#92,#93,#94);
#92 = CARTESIAN_POINT('',(0.,0.,2.85));
#93 = DIRECTION('',(0.,0.,1.));
#94 = DIRECTION('',(1.,0.,0.));
#95 = PLANE('',#96);
#96 = AXIS2_PLACEMENT_3D('',#97,#98,#99);
#97 = CARTESIAN_POINT('',(0.,0.,2.85));
#98 = DIRECTION('',(0.,0.,1.));
#99 = DIRECTION('',(1.,0.,0.));
#100 = ADVANCED_FACE('',(#101,#104),#115,.F.);
#101 = FACE_BOUND('',#102,.F.);
#102 = EDGE_LOOP('',(#103));
#103 = ORIENTED_EDGE('',*,*,#68,.T.);
#104 = FACE_BOUND('',#105,.F.);
#105 = EDGE_LOOP('',(#106));
#106 = ORIENTED_EDGE('',*,*,#107,.T.);
#107 = EDGE_CURVE('',#108,#108,#110,.T.);
#108 = VERTEX_POINT('',#109);
#109 = CARTESIAN_POINT('',(3.9,-9.552245033349E-16,1.75));
#110 = CIRCLE('',#111,3.9);
#111 = AXIS2_PLACEMENT_3D('',#112,#113,#114);
#112 = CARTESIAN_POINT('',(0.,0.,1.75));
#113 = DIRECTION('',(0.,0.,-1.));
#114 = DIRECTION('',(1.,0.,0.));
#115 = PLANE('',#116);
#116 = AXIS2_PLACEMENT_3D('',#117,#118,#119);
#117 = CARTESIAN_POINT('',(0.,0.,1.75));
#118 = DIRECTION('',(0.,0.,1.));
#119 = DIRECTION('',(1.,0.,0.));
#120 = ADVANCED_FACE('',(#121),#140,.T.);
#121 = FACE_BOUND('',#122,.T.);
#122 = EDGE_LOOP('',(#123,#132,#138,#139));
#123 = ORIENTED_EDGE('',*,*,#124,.F.);
#124 = EDGE_CURVE('',#125,#125,#127,.T.);
#125 = VERTEX_POINT('',#126);
#126 = CARTESIAN_POINT('',(4.,-9.797174393179E-16,11.85));
#127 = CIRCLE('',#128,4.);
#128 = AXIS2_PLACEMENT_3D('',#129,#130,#131);
#129 = CARTESIAN_POINT('',(0.,0.,11.85));
#130 = DIRECTION('',(0.,0.,1.));
#131 = DIRECTION('',(1.,0.,0.));
#132 = ORIENTED_EDGE('',*,*,#133,.F.);
#133 = EDGE_CURVE('',#88,#125,#134,.T.);
#134 = LINE('',#135,#136);
#135 = CARTESIAN_POINT('',(5.,-1.224646799147E-15,2.85));
#136 = VECTOR('',#137,1.);
#137 = DIRECTION('',(-0.110431526075,2.70479229865E-17,0.993883734674));
#138 = ORIENTED_EDGE('',*,*,#87,.T.);
#139 = ORIENTED_EDGE('',*,*,#133,.T.);
#140 = CONICAL_SURFACE('',#141,5.,0.110657221174);
#141 = AXIS2_PLACEMENT_3D('',#142,#143,#144);
#142 = CARTESIAN_POINT('',(0.,0.,2.85));
#143 = DIRECTION('',(-0.,-0.,-1.));
#144 = DIRECTION('',(1.,0.,0.));
#145 = ADVANCED_FACE('',(#146),#165,.T.);
#146 = FACE_BOUND('',#147,.F.);
#147 = EDGE_LOOP('',(#148,#157,#163,#164));
#148 = ORIENTED_EDGE('',*,*,#149,.T.);
#149 = EDGE_CURVE('',#150,#150,#152,.T.);
#150 = VERTEX_POINT('',#151);
#151 = CARTESIAN_POINT('',(3.9,-9.552245033349E-16,-1.75));
#152 = CIRCLE('',#153,3.9);
#153 = AXIS2_PLACEMENT_3D('',#154,#155,#156);
#154 = CARTESIAN_POINT('',(0.,0.,-1.75));
#155 = DIRECTION('',(0.,0.,-1.));
#156 = DIRECTION('',(1.,0.,0.));
#157 = ORIENTED_EDGE('',*,*,#158,.T.);
#158 = EDGE_CURVE('',#150,#108,#159,.T.);
#159 = LINE('',#160,#161);
#160 = CARTESIAN_POINT('',(3.9,-9.552245033349E-16,-2.15));
#161 = VECTOR('',#162,1.);
#162 = DIRECTION('',(0.,0.,1.));
#163 = ORIENTED_EDGE('',*,*,#107,.F.);
#164 = ORIENTED_EDGE('',*,*,#158,.F.);
#165 = CYLINDRICAL_SURFACE('',#166,3.9);
#166 = AXIS2_PLACEMENT_3D('',#167,#168,#169);
#167 = CARTESIAN_POINT('',(0.,0.,-2.15));
#168 = DIRECTION('',(-0.,-0.,-1.));
#169 = DIRECTION('',(1.,0.,0.));
#170 = ADVANCED_FACE('',(#171),#174,.T.);
#171 = FACE_BOUND('',#172,.T.);
#172 = EDGE_LOOP('',(#173));
#173 = ORIENTED_EDGE('',*,*,#124,.T.);
#174 = PLANE('',#175);
#175 = AXIS2_PLACEMENT_3D('',#176,#177,#178);
#176 = CARTESIAN_POINT('',(0.,0.,11.85));
#177 = DIRECTION('',(0.,0.,1.));
#178 = DIRECTION('',(1.,0.,0.));
#179 = ADVANCED_FACE('',(#180,#191),#194,.T.);
#180 = FACE_BOUND('',#181,.T.);
#181 = EDGE_LOOP('',(#182));
#182 = ORIENTED_EDGE('',*,*,#183,.T.);
#183 = EDGE_CURVE('',#184,#184,#186,.T.);
#184 = VERTEX_POINT('',#185);
#185 = CARTESIAN_POINT('',(12.,-2.939152317954E-15,-1.75));
#186 = CIRCLE('',#187,12.);
#187 = AXIS2_PLACEMENT_3D('',#188,#189,#190);
#188 = CARTESIAN_POINT('',(0.,0.,-1.75));
#189 = DIRECTION('',(0.,0.,1.));
#190 = DIRECTION('',(1.,0.,0.));
#191 = FACE_BOUND('',#192,.T.);
#192 = EDGE_LOOP('',(#193));
#193 = ORIENTED_EDGE('',*,*,#149,.T.);
#194 = PLANE('',#195);
#195 = AXIS2_PLACEMENT_3D('',#196,#197,#198);
#196 = CARTESIAN_POINT('',(0.,0.,-1.75));
#197 = DIRECTION('',(0.,0.,1.));
#198 = DIRECTION('',(1.,0.,0.));
#199 = ADVANCED_FACE('',(#200),#219,.T.);
#200 = FACE_BOUND('',#201,.T.);
#201 = EDGE_LOOP('',(#202,#203,#211,#218));
#202 = ORIENTED_EDGE('',*,*,#183,.F.);
#203 = ORIENTED_EDGE('',*,*,#204,.F.);
#204 = EDGE_CURVE('',#205,#184,#207,.T.);
#205 = VERTEX_POINT('',#206);
#206 = CARTESIAN_POINT('',(9.,-2.204364238465E-15,-2.85));
#207 = LINE('',#208,#209);
#208 = CARTESIAN_POINT('',(9.,-2.204364238465E-15,-2.85));
#209 = VECTOR('',#210,1.);
#210 = DIRECTION('',(0.938876315887,-2.299583750092E-16,0.344254649158)
  );
#211 = ORIENTED_EDGE('',*,*,#212,.T.);
#212 = EDGE_CURVE('',#205,#205,#213,.T.);
#213 = CIRCLE('',#214,9.);
#214 = AXIS2_PLACEMENT_3D('',#215,#216,#217);
#215 = CARTESIAN_POINT('',(0.,0.,-2.85));
#216 = DIRECTION('',(0.,0.,1.));
#217 = DIRECTION('',(1.,0.,0.));
#218 = ORIENTED_EDGE('',*,*,#204,.T.);
#219 = CONICAL_SURFACE('',#220,9.,1.219351532791);
#220 = AXIS2_PLACEMENT_3D('',#221,#222,#223);
#221 = CARTESIAN_POINT('',(0.,0.,-2.85));
#222 = DIRECTION('',(0.,0.,1.));
#223 = DIRECTION('',(1.,0.,0.));
#224 = ADVANCED_FACE('',(#225),#228,.F.);
#225 = FACE_BOUND('',#226,.T.);
#226 = EDGE_LOOP('',(#227));
#227 = ORIENTED_EDGE('',*,*,#212,.F.);
#228 = PLANE('',#229);
#229 = AXIS2_PLACEMENT_3D('',#230,#231,#232);
#230 = CARTESIAN_POINT('',(0.,0.,-2.85));
#231 = DIRECTION('',(0.,0.,1.));
#232 = DIRECTION('',(1.,0.,0.));
#233 = ORIENTED_CLOSED_SHELL('',*,#234,.F.);
#234 = CLOSED_SHELL('',(#235,#252,#277));
#235 = ADVANCED_FACE('',(#236),#247,.T.);
#236 = FACE_BOUND('',#237,.T.);
#237 = EDGE_LOOP('',(#238));
#238 = ORIENTED_EDGE('',*,*,#239,.F.);
#239 = EDGE_CURVE('',#240,#240,#242,.T.);
#240 = VERTEX_POINT('',#241);
#241 = CARTESIAN_POINT('',(2.4,-5.878304635907E-16,1.75));
#242 = CIRCLE('',#243,2.4);
#243 = AXIS2_PLACEMENT_3D('',#244,#245,#246);
#244 = CARTESIAN_POINT('',(0.,0.,1.75));
#245 = DIRECTION('',(0.,0.,-1.));
#246 = DIRECTION('',(1.,0.,0.));
#247 = PLANE('',#248);
#248 = AXIS2_PLACEMENT_3D('',#249,#250,#251);
#249 = CARTESIAN_POINT('',(0.,0.,1.75));
#250 = DIRECTION('',(0.,0.,1.));
#251 = DIRECTION('',(1.,0.,0.));
#252 = ADVANCED_FACE('',(#253),#272,.T.);
#253 = FACE_BOUND('',#254,.F.);
#254 = EDGE_LOOP('',(#255,#264,#270,#271));
#255 = ORIENTED_EDGE('',*,*,#256,.T.);
#256 = EDGE_CURVE('',#257,#257,#259,.T.);
#257 = VERTEX_POINT('',#258);
#258 = CARTESIAN_POINT('',(2.4,-5.878304635907E-16,-1.75));
#259 = CIRCLE('',#260,2.4);
#260 = AXIS2_PLACEMENT_3D('',#261,#262,#263);
#261 = CARTESIAN_POINT('',(0.,0.,-1.75));
#262 = DIRECTION('',(0.,0.,-1.));
#263 = DIRECTION('',(1.,0.,0.));
#264 = ORIENTED_EDGE('',*,*,#265,.T.);
#265 = EDGE_CURVE('',#257,#240,#266,.T.);
#266 = LINE('',#267,#268);
#267 = CARTESIAN_POINT('',(2.4,-5.878304635907E-16,-297.15));
#268 = VECTOR('',#269,1.);
#269 = DIRECTION('',(0.,0.,1.));
#270 = ORIENTED_EDGE('',*,*,#239,.F.);
#271 = ORIENTED_EDGE('',*,*,#265,.F.);
#272 = CYLINDRICAL_SURFACE('',#273,2.4);
#273 = AXIS2_PLACEMENT_3D('',#274,#275,#276);
#274 = CARTESIAN_POINT('',(0.,0.,-297.15));
#275 = DIRECTION('',(-0.,-0.,-1.));
#276 = DIRECTION('',(1.,0.,0.));
#277 = ADVANCED_FACE('',(#278),#281,.F.);
#278 = FACE_BOUND('',#279,.F.);
#279 = EDGE_LOOP('',(#280));
#280 = ORIENTED_EDGE('',*,*,#256,.F.);
#281 = PLANE('',#282);
#282 = AXIS2_PLACEMENT_3D('',#283,#284,#285);
#283 = CARTESIAN_POINT('',(0.,0.,-1.75));
#284 = DIRECTION('',(0.,0.,1.));
#285 = DIRECTION('',(1.,0.,0.));
#286 = ( GEOMETRIC_REPRESENTATION_CONTEXT(3) 
GLOBAL_UNCERTAINTY_ASSIGNED_CONTEXT((#290)) GLOBAL_UNIT_ASSIGNED_CONTEXT
((#287,#288,#289)) REPRESENTATION_CONTEXT('Context #1',
  '3D Context with UNIT and UNCERTAINTY') );
#287 = ( LENGTH_UNIT() NAMED_UNIT(*) SI_UNIT(.MILLI.,.METRE.) );
#288 = ( NAMED_UNIT(*) PLANE_ANGLE_UNIT() SI_UNIT($,.RADIAN.) );
#289 = ( NAMED_UNIT(*) SI_UNIT($,.STERADIAN.) SOLID_ANGLE_UNIT() );
#290 = UNCERTAINTY_MEASURE_WITH_UNIT(LENGTH_MEASURE(1.E-07),#287,
  'distance_accuracy_value','confusion accuracy');
#291 = CONTEXT_DEPENDENT_SHAPE_REPRESENTATION(#292,#294);
#292 = ( REPRESENTATION_RELATIONSHIP('','',#44,#10) 
REPRESENTATION_RELATIONSHIP_WITH_TRANSFORMATION(#293) 
SHAPE_REPRESENTATION_RELATIONSHIP() );
#293 = ITEM_DEFINED_TRANSFORMATION('','',#11,#15);
#294 = PRODUCT_DEFINITION_SHAPE('Placement','Placement of an item',#295
  );
#295 = NEXT_ASSEMBLY_USAGE_OCCURRENCE('1','union001','',#5,#39,$);
#296 = PRODUCT_RELATED_PRODUCT_CATEGORY('part',$,(#41));
#297 = SHAPE_DEFINITION_REPRESENTATION(#298,#304);
#298 = PRODUCT_DEFINITION_SHAPE('','',#299);
#299 = PRODUCT_DEFINITION('design','',#300,#303);
#300 = PRODUCT_DEFINITION_FORMATION('','',#301);
#301 = PRODUCT('Matrix_Union','Matrix_Union','',(#302));
#302 = PRODUCT_CONTEXT('',#2,'mechanical');
#303 = PRODUCT_DEFINITION_CONTEXT('part definition',#2,'design');
#304 = ADVANCED_BREP_SHAPE_REPRESENTATION('',(#11,#305),#785);
#305 = BREP_WITH_VOIDS('',#306,(#722));
#306 = CLOSED_SHELL('',(#307,#373,#406,#449,#474,#505,#529,#568,#579,
    #597,#609,#642,#668,#688,#713));
#307 = ADVANCED_FACE('',(#308),#368,.F.);
#308 = FACE_BOUND('',#309,.F.);
#309 = EDGE_LOOP('',(#310,#320,#328,#336,#344,#353,#361));
#310 = ORIENTED_EDGE('',*,*,#311,.F.);
#311 = EDGE_CURVE('',#312,#314,#316,.T.);
#312 = VERTEX_POINT('',#313);
#313 = CARTESIAN_POINT('',(-4.,-10.1,10.794561780488));
#314 = VERTEX_POINT('',#315);
#315 = CARTESIAN_POINT('',(-4.,-10.1,15.));
#316 = LINE('',#317,#318);
#317 = CARTESIAN_POINT('',(-4.,-10.1,0.));
#318 = VECTOR('',#319,1.);
#319 = DIRECTION('',(0.,0.,1.));
#320 = ORIENTED_EDGE('',*,*,#321,.F.);
#321 = EDGE_CURVE('',#322,#312,#324,.T.);
#322 = VERTEX_POINT('',#323);
#323 = CARTESIAN_POINT('',(-4.,-0.728358571651,0.));
#324 = LINE('',#325,#326);
#325 = CARTESIAN_POINT('',(-4.,-0.415317416138,-0.360570996965));
#326 = VECTOR('',#327,1.);
#327 = DIRECTION('',(0.,-0.655583630846,0.755122574796));
#328 = ORIENTED_EDGE('',*,*,#329,.T.);
#329 = EDGE_CURVE('',#322,#330,#332,.T.);
#330 = VERTEX_POINT('',#331);
#331 = CARTESIAN_POINT('',(-4.,0.,0.));
#332 = LINE('',#333,#334);
#333 = CARTESIAN_POINT('',(-4.,-10.1,0.));
#334 = VECTOR('',#335,1.);
#335 = DIRECTION('',(0.,1.,0.));
#336 = ORIENTED_EDGE('',*,*,#337,.T.);
#337 = EDGE_CURVE('',#330,#338,#340,.T.);
#338 = VERTEX_POINT('',#339);
#339 = CARTESIAN_POINT('',(-4.,1.145051664484E-15,3.686291501015));
#340 = LINE('',#341,#342);
#341 = CARTESIAN_POINT('',(-4.,0.,0.));
#342 = VECTOR('',#343,1.);
#343 = DIRECTION('',(0.,0.,1.));
#344 = ORIENTED_EDGE('',*,*,#345,.T.);
#345 = EDGE_CURVE('',#338,#346,#348,.T.);
#346 = VERTEX_POINT('',#347);
#347 = CARTESIAN_POINT('',(-4.,-1.1,6.937742251701));
#348 = HYPERBOLA('',#349,1.466666666667,4.);
#349 = AXIS2_PLACEMENT_3D('',#350,#351,#352);
#350 = CARTESIAN_POINT('',(-4.,-4.4,15.));
#351 = DIRECTION('',(1.,0.,0.));
#352 = DIRECTION('',(-0.,1.,2.22044604925E-16));
#353 = ORIENTED_EDGE('',*,*,#354,.F.);
#354 = EDGE_CURVE('',#355,#346,#357,.T.);
#355 = VERTEX_POINT('',#356);
#356 = CARTESIAN_POINT('',(-4.,-1.1,12.));
#357 = LINE('',#358,#359);
#358 = CARTESIAN_POINT('',(-4.,-1.1,7.5));
#359 = VECTOR('',#360,1.);
#360 = DIRECTION('',(0.,2.22044604925E-16,-1.));
#361 = ORIENTED_EDGE('',*,*,#362,.T.);
#362 = EDGE_CURVE('',#355,#314,#363,.T.);
#363 = HYPERBOLA('',#364,36.,4.);
#364 = AXIS2_PLACEMENT_3D('',#365,#366,#367);
#365 = CARTESIAN_POINT('',(-4.,-46.1,15.));
#366 = DIRECTION('',(1.,0.,0.));
#367 = DIRECTION('',(-0.,1.,2.22044604925E-16));
#368 = PLANE('',#369);
#369 = AXIS2_PLACEMENT_3D('',#370,#371,#372);
#370 = CARTESIAN_POINT('',(-4.,-10.1,0.));
#371 = DIRECTION('',(1.,0.,0.));
#372 = DIRECTION('',(0.,0.,1.));
#373 = ADVANCED_FACE('',(#374),#401,.T.);
#374 = FACE_BOUND('',#375,.T.);
#375 = EDGE_LOOP('',(#376,#385,#393,#400));
#376 = ORIENTED_EDGE('',*,*,#377,.F.);
#377 = EDGE_CURVE('',#378,#314,#380,.T.);
#378 = VERTEX_POINT('',#379);
#379 = CARTESIAN_POINT('',(4.,-10.1,15.));
#380 = CIRCLE('',#381,4.);
#381 = AXIS2_PLACEMENT_3D('',#382,#383,#384);
#382 = CARTESIAN_POINT('',(0.,-10.1,15.));
#383 = DIRECTION('',(0.,-1.,-2.22044604925E-16));
#384 = DIRECTION('',(1.,0.,0.));
#385 = ORIENTED_EDGE('',*,*,#386,.F.);
#386 = EDGE_CURVE('',#387,#378,#389,.T.);
#387 = VERTEX_POINT('',#388);
#388 = CARTESIAN_POINT('',(5.,-1.1,15.));
#389 = LINE('',#390,#391);
#390 = CARTESIAN_POINT('',(5.,-1.1,15.));
#391 = VECTOR('',#392,1.);
#392 = DIRECTION('',(-0.110431526075,-0.993883734674,-1.936385982205E-16
    ));
#393 = ORIENTED_EDGE('',*,*,#394,.T.);
#394 = EDGE_CURVE('',#387,#355,#395,.T.);
#395 = CIRCLE('',#396,5.);
#396 = AXIS2_PLACEMENT_3D('',#397,#398,#399);
#397 = CARTESIAN_POINT('',(0.,-1.1,15.));
#398 = DIRECTION('',(0.,-1.,-2.22044604925E-16));
#399 = DIRECTION('',(1.,0.,0.));
#400 = ORIENTED_EDGE('',*,*,#362,.T.);
#401 = CONICAL_SURFACE('',#402,5.,0.110657221174);
#402 = AXIS2_PLACEMENT_3D('',#403,#404,#405);
#403 = CARTESIAN_POINT('',(0.,-1.1,15.));
#404 = DIRECTION('',(-0.,1.,2.22044604925E-16));
#405 = DIRECTION('',(1.,0.,0.));
#406 = ADVANCED_FACE('',(#407),#444,.T.);
#407 = FACE_BOUND('',#408,.T.);
#408 = EDGE_LOOP('',(#409,#420,#427,#428,#429,#438));
#409 = ORIENTED_EDGE('',*,*,#410,.T.);
#410 = EDGE_CURVE('',#411,#413,#415,.T.);
#411 = VERTEX_POINT('',#412);
#412 = CARTESIAN_POINT('',(4.,-1.1,6.937742251701));
#413 = VERTEX_POINT('',#414);
#414 = CARTESIAN_POINT('',(9.,-1.1,15.));
#415 = CIRCLE('',#416,9.);
#416 = AXIS2_PLACEMENT_3D('',#417,#418,#419);
#417 = CARTESIAN_POINT('',(0.,-1.1,15.));
#418 = DIRECTION('',(0.,-1.,-2.22044604925E-16));
#419 = DIRECTION('',(1.,0.,0.));
#420 = ORIENTED_EDGE('',*,*,#421,.T.);
#421 = EDGE_CURVE('',#413,#346,#422,.T.);
#422 = CIRCLE('',#423,9.);
#423 = AXIS2_PLACEMENT_3D('',#424,#425,#426);
#424 = CARTESIAN_POINT('',(0.,-1.1,15.));
#425 = DIRECTION('',(0.,-1.,-2.22044604925E-16));
#426 = DIRECTION('',(1.,0.,0.));
#427 = ORIENTED_EDGE('',*,*,#354,.F.);
#428 = ORIENTED_EDGE('',*,*,#394,.F.);
#429 = ORIENTED_EDGE('',*,*,#430,.F.);
#430 = EDGE_CURVE('',#431,#387,#433,.T.);
#431 = VERTEX_POINT('',#432);
#432 = CARTESIAN_POINT('',(4.,-1.1,12.));
#433 = CIRCLE('',#434,5.);
#434 = AXIS2_PLACEMENT_3D('',#435,#436,#437);
#435 = CARTESIAN_POINT('',(0.,-1.1,15.));
#436 = DIRECTION('',(0.,-1.,-2.22044604925E-16));
#437 = DIRECTION('',(1.,0.,0.));
#438 = ORIENTED_EDGE('',*,*,#439,.T.);
#439 = EDGE_CURVE('',#431,#411,#440,.T.);
#440 = LINE('',#441,#442);
#441 = CARTESIAN_POINT('',(4.,-1.1,7.5));
#442 = VECTOR('',#443,1.);
#443 = DIRECTION('',(0.,2.22044604925E-16,-1.));
#444 = PLANE('',#445);
#445 = AXIS2_PLACEMENT_3D('',#446,#447,#448);
#446 = CARTESIAN_POINT('',(0.,-1.1,15.));
#447 = DIRECTION('',(0.,-1.,-2.22044604925E-16));
#448 = DIRECTION('',(1.,0.,0.));
#449 = ADVANCED_FACE('',(#450),#469,.T.);
#450 = FACE_BOUND('',#451,.T.);
#451 = EDGE_LOOP('',(#452,#453,#461,#468));
#452 = ORIENTED_EDGE('',*,*,#421,.F.);
#453 = ORIENTED_EDGE('',*,*,#454,.F.);
#454 = EDGE_CURVE('',#455,#413,#457,.T.);
#455 = VERTEX_POINT('',#456);
#456 = CARTESIAN_POINT('',(12.,-2.22044604925E-16,15.));
#457 = LINE('',#458,#459);
#458 = CARTESIAN_POINT('',(12.,-2.22044604925E-16,15.));
#459 = VECTOR('',#460,1.);
#460 = DIRECTION('',(-0.938876315887,-0.344254649158,1.535184874432E-16)
  );
#461 = ORIENTED_EDGE('',*,*,#462,.T.);
#462 = EDGE_CURVE('',#455,#338,#463,.T.);
#463 = CIRCLE('',#464,12.);
#464 = AXIS2_PLACEMENT_3D('',#465,#466,#467);
#465 = CARTESIAN_POINT('',(0.,-2.22044604925E-16,15.));
#466 = DIRECTION('',(0.,-1.,-2.22044604925E-16));
#467 = DIRECTION('',(1.,0.,0.));
#468 = ORIENTED_EDGE('',*,*,#345,.T.);
#469 = CONICAL_SURFACE('',#470,12.,1.219351532791);
#470 = AXIS2_PLACEMENT_3D('',#471,#472,#473);
#471 = CARTESIAN_POINT('',(0.,-2.22044604925E-16,15.));
#472 = DIRECTION('',(-0.,1.,2.22044604925E-16));
#473 = DIRECTION('',(1.,0.,0.));
#474 = ADVANCED_FACE('',(#475),#500,.F.);
#475 = FACE_BOUND('',#476,.F.);
#476 = EDGE_LOOP('',(#477,#478,#486,#494));
#477 = ORIENTED_EDGE('',*,*,#329,.F.);
#478 = ORIENTED_EDGE('',*,*,#479,.F.);
#479 = EDGE_CURVE('',#480,#322,#482,.T.);
#480 = VERTEX_POINT('',#481);
#481 = CARTESIAN_POINT('',(4.,-0.728358571651,0.));
#482 = LINE('',#483,#484);
#483 = CARTESIAN_POINT('',(-4.,-0.728358571651,5.551115123126E-17));
#484 = VECTOR('',#485,1.);
#485 = DIRECTION('',(-1.,0.,0.));
#486 = ORIENTED_EDGE('',*,*,#487,.T.);
#487 = EDGE_CURVE('',#480,#488,#490,.T.);
#488 = VERTEX_POINT('',#489);
#489 = CARTESIAN_POINT('',(4.,0.,0.));
#490 = LINE('',#491,#492);
#491 = CARTESIAN_POINT('',(4.,-10.1,0.));
#492 = VECTOR('',#493,1.);
#493 = DIRECTION('',(0.,1.,0.));
#494 = ORIENTED_EDGE('',*,*,#495,.F.);
#495 = EDGE_CURVE('',#330,#488,#496,.T.);
#496 = LINE('',#497,#498);
#497 = CARTESIAN_POINT('',(-4.,0.,0.));
#498 = VECTOR('',#499,1.);
#499 = DIRECTION('',(1.,0.,0.));
#500 = PLANE('',#501);
#501 = AXIS2_PLACEMENT_3D('',#502,#503,#504);
#502 = CARTESIAN_POINT('',(-4.,-10.1,0.));
#503 = DIRECTION('',(0.,0.,1.));
#504 = DIRECTION('',(1.,0.,0.));
#505 = ADVANCED_FACE('',(#506),#524,.F.);
#506 = FACE_BOUND('',#507,.F.);
#507 = EDGE_LOOP('',(#508,#516,#517,#518));
#508 = ORIENTED_EDGE('',*,*,#509,.F.);
#509 = EDGE_CURVE('',#480,#510,#512,.T.);
#510 = VERTEX_POINT('',#511);
#511 = CARTESIAN_POINT('',(4.,-10.1,10.794561780488));
#512 = LINE('',#513,#514);
#513 = CARTESIAN_POINT('',(4.,-0.415317416138,-0.360570996965));
#514 = VECTOR('',#515,1.);
#515 = DIRECTION('',(0.,-0.655583630846,0.755122574796));
#516 = ORIENTED_EDGE('',*,*,#479,.T.);
#517 = ORIENTED_EDGE('',*,*,#321,.T.);
#518 = ORIENTED_EDGE('',*,*,#519,.T.);
#519 = EDGE_CURVE('',#312,#510,#520,.T.);
#520 = LINE('',#521,#522);
#521 = CARTESIAN_POINT('',(-4.,-10.1,10.794561780488));
#522 = VECTOR('',#523,1.);
#523 = DIRECTION('',(1.,0.,0.));
#524 = PLANE('',#525);
#525 = AXIS2_PLACEMENT_3D('',#526,#527,#528);
#526 = CARTESIAN_POINT('',(-4.,-0.415317416138,-0.360570996965));
#527 = DIRECTION('',(0.,0.755122574796,0.655583630846));
#528 = DIRECTION('',(0.,-0.655583630846,0.755122574796));
#529 = ADVANCED_FACE('',(#530),#563,.T.);
#530 = FACE_BOUND('',#531,.T.);
#531 = EDGE_LOOP('',(#532,#538,#539,#540,#548,#555,#556));
#532 = ORIENTED_EDGE('',*,*,#533,.F.);
#533 = EDGE_CURVE('',#510,#378,#534,.T.);
#534 = LINE('',#535,#536);
#535 = CARTESIAN_POINT('',(4.,-10.1,0.));
#536 = VECTOR('',#537,1.);
#537 = DIRECTION('',(0.,0.,1.));
#538 = ORIENTED_EDGE('',*,*,#509,.F.);
#539 = ORIENTED_EDGE('',*,*,#487,.T.);
#540 = ORIENTED_EDGE('',*,*,#541,.T.);
#541 = EDGE_CURVE('',#488,#542,#544,.T.);
#542 = VERTEX_POINT('',#543);
#543 = CARTESIAN_POINT('',(4.,1.145051664484E-15,3.686291501015));
#544 = LINE('',#545,#546);
#545 = CARTESIAN_POINT('',(4.,0.,0.));
#546 = VECTOR('',#547,1.);
#547 = DIRECTION('',(0.,0.,1.));
#548 = ORIENTED_EDGE('',*,*,#549,.T.);
#549 = EDGE_CURVE('',#542,#411,#550,.T.);
#550 = HYPERBOLA('',#551,1.466666666667,4.);
#551 = AXIS2_PLACEMENT_3D('',#552,#553,#554);
#552 = CARTESIAN_POINT('',(4.,-4.4,15.));
#553 = DIRECTION('',(1.,0.,0.));
#554 = DIRECTION('',(-0.,1.,2.22044604925E-16));
#555 = ORIENTED_EDGE('',*,*,#439,.F.);
#556 = ORIENTED_EDGE('',*,*,#557,.T.);
#557 = EDGE_CURVE('',#431,#378,#558,.T.);
#558 = HYPERBOLA('',#559,36.,4.);
#559 = AXIS2_PLACEMENT_3D('',#560,#561,#562);
#560 = CARTESIAN_POINT('',(4.,-46.1,15.));
#561 = DIRECTION('',(1.,0.,0.));
#562 = DIRECTION('',(-0.,1.,2.22044604925E-16));
#563 = PLANE('',#564);
#564 = AXIS2_PLACEMENT_3D('',#565,#566,#567);
#565 = CARTESIAN_POINT('',(4.,-10.1,0.));
#566 = DIRECTION('',(1.,0.,0.));
#567 = DIRECTION('',(0.,0.,1.));
#568 = ADVANCED_FACE('',(#569),#574,.T.);
#569 = FACE_BOUND('',#570,.T.);
#570 = EDGE_LOOP('',(#571,#572,#573));
#571 = ORIENTED_EDGE('',*,*,#386,.T.);
#572 = ORIENTED_EDGE('',*,*,#557,.F.);
#573 = ORIENTED_EDGE('',*,*,#430,.T.);
#574 = CONICAL_SURFACE('',#575,5.,0.110657221174);
#575 = AXIS2_PLACEMENT_3D('',#576,#577,#578);
#576 = CARTESIAN_POINT('',(0.,-1.1,15.));
#577 = DIRECTION('',(-0.,1.,2.22044604925E-16));
#578 = DIRECTION('',(1.,0.,0.));
#579 = ADVANCED_FACE('',(#580),#592,.T.);
#580 = FACE_BOUND('',#581,.T.);
#581 = EDGE_LOOP('',(#582,#583,#584,#585));
#582 = ORIENTED_EDGE('',*,*,#454,.T.);
#583 = ORIENTED_EDGE('',*,*,#410,.F.);
#584 = ORIENTED_EDGE('',*,*,#549,.F.);
#585 = ORIENTED_EDGE('',*,*,#586,.T.);
#586 = EDGE_CURVE('',#542,#455,#587,.T.);
#587 = CIRCLE('',#588,12.);
#588 = AXIS2_PLACEMENT_3D('',#589,#590,#591);
#589 = CARTESIAN_POINT('',(0.,-2.22044604925E-16,15.));
#590 = DIRECTION('',(0.,-1.,-2.22044604925E-16));
#591 = DIRECTION('',(1.,0.,0.));
#592 = CONICAL_SURFACE('',#593,12.,1.219351532791);
#593 = AXIS2_PLACEMENT_3D('',#594,#595,#596);
#594 = CARTESIAN_POINT('',(0.,-2.22044604925E-16,15.));
#595 = DIRECTION('',(-0.,1.,2.22044604925E-16));
#596 = DIRECTION('',(1.,0.,0.));
#597 = ADVANCED_FACE('',(#598),#604,.T.);
#598 = FACE_BOUND('',#599,.T.);
#599 = EDGE_LOOP('',(#600,#601,#602,#603));
#600 = ORIENTED_EDGE('',*,*,#519,.T.);
#601 = ORIENTED_EDGE('',*,*,#533,.T.);
#602 = ORIENTED_EDGE('',*,*,#377,.T.);
#603 = ORIENTED_EDGE('',*,*,#311,.F.);
#604 = PLANE('',#605);
#605 = AXIS2_PLACEMENT_3D('',#606,#607,#608);
#606 = CARTESIAN_POINT('',(1.250476621665E-16,-10.1,14.168754842751));
#607 = DIRECTION('',(-0.,-1.,-0.));
#608 = DIRECTION('',(0.,0.,-1.));
#609 = ADVANCED_FACE('',(#610,#617),#637,.T.);
#610 = FACE_BOUND('',#611,.T.);
#611 = EDGE_LOOP('',(#612,#613,#614,#615,#616));
#612 = ORIENTED_EDGE('',*,*,#541,.F.);
#613 = ORIENTED_EDGE('',*,*,#495,.F.);
#614 = ORIENTED_EDGE('',*,*,#337,.T.);
#615 = ORIENTED_EDGE('',*,*,#462,.F.);
#616 = ORIENTED_EDGE('',*,*,#586,.F.);
#617 = FACE_BOUND('',#618,.T.);
#618 = EDGE_LOOP('',(#619,#630));
#619 = ORIENTED_EDGE('',*,*,#620,.F.);
#620 = EDGE_CURVE('',#621,#623,#625,.T.);
#621 = VERTEX_POINT('',#622);
#622 = CARTESIAN_POINT('',(3.9,0.,15.));
#623 = VERTEX_POINT('',#624);
#624 = CARTESIAN_POINT('',(-3.9,3.081860091548E-29,15.));
#625 = CIRCLE('',#626,3.9);
#626 = AXIS2_PLACEMENT_3D('',#627,#628,#629);
#627 = CARTESIAN_POINT('',(0.,0.,15.));
#628 = DIRECTION('',(-0.,1.,2.22044604925E-16));
#629 = DIRECTION('',(1.,0.,0.));
#630 = ORIENTED_EDGE('',*,*,#631,.F.);
#631 = EDGE_CURVE('',#623,#621,#632,.T.);
#632 = CIRCLE('',#633,3.9);
#633 = AXIS2_PLACEMENT_3D('',#634,#635,#636);
#634 = CARTESIAN_POINT('',(0.,0.,15.));
#635 = DIRECTION('',(-0.,1.,2.22044604925E-16));
#636 = DIRECTION('',(1.,0.,0.));
#637 = PLANE('',#638);
#638 = AXIS2_PLACEMENT_3D('',#639,#640,#641);
#639 = CARTESIAN_POINT('',(0.405658511627,-3.184857602806E-16,
    12.848989827624));
#640 = DIRECTION('',(0.,1.,0.));
#641 = DIRECTION('',(0.,-0.,1.));
#642 = ADVANCED_FACE('',(#643),#663,.T.);
#643 = FACE_BOUND('',#644,.F.);
#644 = EDGE_LOOP('',(#645,#653,#660,#661,#662));
#645 = ORIENTED_EDGE('',*,*,#646,.F.);
#646 = EDGE_CURVE('',#647,#621,#649,.T.);
#647 = VERTEX_POINT('',#648);
#648 = CARTESIAN_POINT('',(3.9,3.5,15.));
#649 = LINE('',#650,#651);
#650 = CARTESIAN_POINT('',(3.9,3.9,15.));
#651 = VECTOR('',#652,1.);
#652 = DIRECTION('',(0.,-1.,-2.22044604925E-16));
#653 = ORIENTED_EDGE('',*,*,#654,.T.);
#654 = EDGE_CURVE('',#647,#647,#655,.T.);
#655 = CIRCLE('',#656,3.9);
#656 = AXIS2_PLACEMENT_3D('',#657,#658,#659);
#657 = CARTESIAN_POINT('',(0.,3.5,15.));
#658 = DIRECTION('',(-0.,1.,2.22044604925E-16));
#659 = DIRECTION('',(1.,0.,0.));
#660 = ORIENTED_EDGE('',*,*,#646,.T.);
#661 = ORIENTED_EDGE('',*,*,#631,.F.);
#662 = ORIENTED_EDGE('',*,*,#620,.F.);
#663 = CYLINDRICAL_SURFACE('',#664,3.9);
#664 = AXIS2_PLACEMENT_3D('',#665,#666,#667);
#665 = CARTESIAN_POINT('',(0.,3.9,15.));
#666 = DIRECTION('',(-0.,1.,2.22044604925E-16));
#667 = DIRECTION('',(1.,0.,0.));
#668 = ADVANCED_FACE('',(#669,#680),#683,.T.);
#669 = FACE_BOUND('',#670,.T.);
#670 = EDGE_LOOP('',(#671));
#671 = ORIENTED_EDGE('',*,*,#672,.T.);
#672 = EDGE_CURVE('',#673,#673,#675,.T.);
#673 = VERTEX_POINT('',#674);
#674 = CARTESIAN_POINT('',(12.,3.5,15.));
#675 = CIRCLE('',#676,12.);
#676 = AXIS2_PLACEMENT_3D('',#677,#678,#679);
#677 = CARTESIAN_POINT('',(0.,3.5,15.));
#678 = DIRECTION('',(0.,-1.,-2.22044604925E-16));
#679 = DIRECTION('',(1.,0.,0.));
#680 = FACE_BOUND('',#681,.T.);
#681 = EDGE_LOOP('',(#682));
#682 = ORIENTED_EDGE('',*,*,#654,.T.);
#683 = PLANE('',#684);
#684 = AXIS2_PLACEMENT_3D('',#685,#686,#687);
#685 = CARTESIAN_POINT('',(0.,3.5,15.));
#686 = DIRECTION('',(0.,-1.,-2.22044604925E-16));
#687 = DIRECTION('',(1.,0.,0.));
#688 = ADVANCED_FACE('',(#689),#708,.T.);
#689 = FACE_BOUND('',#690,.T.);
#690 = EDGE_LOOP('',(#691,#692,#700,#707));
#691 = ORIENTED_EDGE('',*,*,#672,.F.);
#692 = ORIENTED_EDGE('',*,*,#693,.F.);
#693 = EDGE_CURVE('',#694,#673,#696,.T.);
#694 = VERTEX_POINT('',#695);
#695 = CARTESIAN_POINT('',(9.,4.6,15.));
#696 = LINE('',#697,#698);
#697 = CARTESIAN_POINT('',(9.,4.6,15.));
#698 = VECTOR('',#699,1.);
#699 = DIRECTION('',(0.938876315887,-0.344254649158,-3.063982625751E-16)
  );
#700 = ORIENTED_EDGE('',*,*,#701,.T.);
#701 = EDGE_CURVE('',#694,#694,#702,.T.);
#702 = CIRCLE('',#703,9.);
#703 = AXIS2_PLACEMENT_3D('',#704,#705,#706);
#704 = CARTESIAN_POINT('',(0.,4.6,15.));
#705 = DIRECTION('',(0.,-1.,-2.22044604925E-16));
#706 = DIRECTION('',(1.,0.,0.));
#707 = ORIENTED_EDGE('',*,*,#693,.T.);
#708 = CONICAL_SURFACE('',#709,9.,1.219351532791);
#709 = AXIS2_PLACEMENT_3D('',#710,#711,#712);
#710 = CARTESIAN_POINT('',(0.,4.6,15.));
#711 = DIRECTION('',(0.,-1.,-2.22044604925E-16));
#712 = DIRECTION('',(1.,0.,0.));
#713 = ADVANCED_FACE('',(#714),#717,.F.);
#714 = FACE_BOUND('',#715,.T.);
#715 = EDGE_LOOP('',(#716));
#716 = ORIENTED_EDGE('',*,*,#701,.F.);
#717 = PLANE('',#718);
#718 = AXIS2_PLACEMENT_3D('',#719,#720,#721);
#719 = CARTESIAN_POINT('',(0.,4.6,15.));
#720 = DIRECTION('',(0.,-1.,-2.22044604925E-16));
#721 = DIRECTION('',(1.,0.,0.));
#722 = ORIENTED_CLOSED_SHELL('',*,#723,.F.);
#723 = CLOSED_SHELL('',(#724,#766,#775));
#724 = ADVANCED_FACE('',(#725),#761,.T.);
#725 = FACE_BOUND('',#726,.F.);
#726 = EDGE_LOOP('',(#727,#737,#744,#745,#754));
#727 = ORIENTED_EDGE('',*,*,#728,.F.);
#728 = EDGE_CURVE('',#729,#731,#733,.T.);
#729 = VERTEX_POINT('',#730);
#730 = CARTESIAN_POINT('',(2.4,3.5,15.));
#731 = VERTEX_POINT('',#732);
#732 = CARTESIAN_POINT('',(2.4,-4.440892098501E-16,15.));
#733 = LINE('',#734,#735);
#734 = CARTESIAN_POINT('',(2.4,298.9,15.));
#735 = VECTOR('',#736,1.);
#736 = DIRECTION('',(0.,-1.,-2.22044604925E-16));
#737 = ORIENTED_EDGE('',*,*,#738,.T.);
#738 = EDGE_CURVE('',#729,#729,#739,.T.);
#739 = CIRCLE('',#740,2.4);
#740 = AXIS2_PLACEMENT_3D('',#741,#742,#743);
#741 = CARTESIAN_POINT('',(0.,3.5,15.));
#742 = DIRECTION('',(-0.,1.,2.22044604925E-16));
#743 = DIRECTION('',(1.,0.,0.));
#744 = ORIENTED_EDGE('',*,*,#728,.T.);
#745 = ORIENTED_EDGE('',*,*,#746,.F.);
#746 = EDGE_CURVE('',#747,#731,#749,.T.);
#747 = VERTEX_POINT('',#748);
#748 = CARTESIAN_POINT('',(-2.4,-2.22044604925E-16,15.));
#749 = CIRCLE('',#750,2.4);
#750 = AXIS2_PLACEMENT_3D('',#751,#752,#753);
#751 = CARTESIAN_POINT('',(0.,-4.440892098501E-16,15.));
#752 = DIRECTION('',(-0.,1.,2.22044604925E-16));
#753 = DIRECTION('',(1.,0.,0.));
#754 = ORIENTED_EDGE('',*,*,#755,.F.);
#755 = EDGE_CURVE('',#731,#747,#756,.T.);
#756 = CIRCLE('',#757,2.4);
#757 = AXIS2_PLACEMENT_3D('',#758,#759,#760);
#758 = CARTESIAN_POINT('',(0.,-4.440892098501E-16,15.));
#759 = DIRECTION('',(-0.,1.,2.22044604925E-16));
#760 = DIRECTION('',(1.,0.,0.));
#761 = CYLINDRICAL_SURFACE('',#762,2.4);
#762 = AXIS2_PLACEMENT_3D('',#763,#764,#765);
#763 = CARTESIAN_POINT('',(0.,298.9,15.));
#764 = DIRECTION('',(-0.,1.,2.22044604925E-16));
#765 = DIRECTION('',(1.,0.,0.));
#766 = ADVANCED_FACE('',(#767),#770,.F.);
#767 = FACE_BOUND('',#768,.F.);
#768 = EDGE_LOOP('',(#769));
#769 = ORIENTED_EDGE('',*,*,#738,.F.);
#770 = PLANE('',#771);
#771 = AXIS2_PLACEMENT_3D('',#772,#773,#774);
#772 = CARTESIAN_POINT('',(0.,3.5,15.));
#773 = DIRECTION('',(0.,-1.,-2.22044604925E-16));
#774 = DIRECTION('',(1.,0.,0.));
#775 = ADVANCED_FACE('',(#776),#780,.T.);
#776 = FACE_BOUND('',#777,.F.);
#777 = EDGE_LOOP('',(#778,#779));
#778 = ORIENTED_EDGE('',*,*,#755,.T.);
#779 = ORIENTED_EDGE('',*,*,#746,.T.);
#780 = PLANE('',#781);
#781 = AXIS2_PLACEMENT_3D('',#782,#783,#784);
#782 = CARTESIAN_POINT('',(0.,-2.22044604925E-16,15.));
#783 = DIRECTION('',(0.,-1.,-2.22044604925E-16));
#784 = DIRECTION('',(1.,0.,0.));
#785 = ( GEOMETRIC_REPRESENTATION_CONTEXT(3) 
GLOBAL_UNCERTAINTY_ASSIGNED_CONTEXT((#789)) GLOBAL_UNIT_ASSIGNED_CONTEXT
((#786,#787,#788)) REPRESENTATION_CONTEXT('Context #1',
  '3D Context with UNIT and UNCERTAINTY') );
#786 = ( LENGTH_UNIT() NAMED_UNIT(*) SI_UNIT(.MILLI.,.METRE.) );
#787 = ( NAMED_UNIT(*) PLANE_ANGLE_UNIT() SI_UNIT($,.RADIAN.) );
#788 = ( NAMED_UNIT(*) SI_UNIT($,.STERADIAN.) SOLID_ANGLE_UNIT() );
#789 = UNCERTAINTY_MEASURE_WITH_UNIT(LENGTH_MEASURE(5.E-06),#786,
  'distance_accuracy_value','confusion accuracy');
#790 = CONTEXT_DEPENDENT_SHAPE_REPRESENTATION(#791,#793);
#791 = ( REPRESENTATION_RELATIONSHIP('','',#304,#10) 
REPRESENTATION_RELATIONSHIP_WITH_TRANSFORMATION(#792) 
SHAPE_REPRESENTATION_RELATIONSHIP() );
#792 = ITEM_DEFINED_TRANSFORMATION('','',#11,#19);
#793 = PRODUCT_DEFINITION_SHAPE('Placement','Placement of an item',#794
  );
#794 = NEXT_ASSEMBLY_USAGE_OCCURRENCE('2','Matrix_Union','',#5,#299,$);
#795 = PRODUCT_RELATED_PRODUCT_CATEGORY('part',$,(#301));
#796 = SHAPE_DEFINITION_REPRESENTATION(#797,#803);
#797 = PRODUCT_DEFINITION_SHAPE('','',#798);
#798 = PRODUCT_DEFINITION('design','',#799,#802);
#799 = PRODUCT_DEFINITION_FORMATION('','',#800);
#800 = PRODUCT('cylinder010','cylinder010','',(#801));
#801 = PRODUCT_CONTEXT('',#2,'mechanical');
#802 = PRODUCT_DEFINITION_CONTEXT('part definition',#2,'design');
#803 = ADVANCED_BREP_SHAPE_REPRESENTATION('',(#11,#804),#857);
#804 = MANIFOLD_SOLID_BREP('',#805);
#805 = CLOSED_SHELL('',(#806,#839,#848));
#806 = ADVANCED_FACE('',(#807),#834,.T.);
#807 = FACE_BOUND('',#808,.F.);
#808 = EDGE_LOOP('',(#809,#819,#826,#827));
#809 = ORIENTED_EDGE('',*,*,#810,.T.);
#810 = EDGE_CURVE('',#811,#813,#815,.T.);
#811 = VERTEX_POINT('',#812);
#812 = CARTESIAN_POINT('',(2.4,-5.878304635907E-16,0.));
#813 = VERTEX_POINT('',#814);
#814 = CARTESIAN_POINT('',(2.4,-5.878304635907E-16,40.));
#815 = LINE('',#816,#817);
#816 = CARTESIAN_POINT('',(2.4,-5.878304635907E-16,0.));
#817 = VECTOR('',#818,1.);
#818 = DIRECTION('',(0.,0.,1.));
#819 = ORIENTED_EDGE('',*,*,#820,.T.);
#820 = EDGE_CURVE('',#813,#813,#821,.T.);
#821 = CIRCLE('',#822,2.4);
#822 = AXIS2_PLACEMENT_3D('',#823,#824,#825);
#823 = CARTESIAN_POINT('',(0.,0.,40.));
#824 = DIRECTION('',(0.,0.,1.));
#825 = DIRECTION('',(1.,0.,-0.));
#826 = ORIENTED_EDGE('',*,*,#810,.F.);
#827 = ORIENTED_EDGE('',*,*,#828,.F.);
#828 = EDGE_CURVE('',#811,#811,#829,.T.);
#829 = CIRCLE('',#830,2.4);
#830 = AXIS2_PLACEMENT_3D('',#831,#832,#833);
#831 = CARTESIAN_POINT('',(0.,0.,0.));
#832 = DIRECTION('',(0.,0.,1.));
#833 = DIRECTION('',(1.,0.,-0.));
#834 = CYLINDRICAL_SURFACE('',#835,2.4);
#835 = AXIS2_PLACEMENT_3D('',#836,#837,#838);
#836 = CARTESIAN_POINT('',(0.,0.,0.));
#837 = DIRECTION('',(-0.,-0.,-1.));
#838 = DIRECTION('',(1.,0.,-0.));
#839 = ADVANCED_FACE('',(#840),#843,.F.);
#840 = FACE_BOUND('',#841,.T.);
#841 = EDGE_LOOP('',(#842));
#842 = ORIENTED_EDGE('',*,*,#828,.F.);
#843 = PLANE('',#844);
#844 = AXIS2_PLACEMENT_3D('',#845,#846,#847);
#845 = CARTESIAN_POINT('',(0.,0.,0.));
#846 = DIRECTION('',(0.,0.,1.));
#847 = DIRECTION('',(1.,0.,-0.));
#848 = ADVANCED_FACE('',(#849),#852,.T.);
#849 = FACE_BOUND('',#850,.F.);
#850 = EDGE_LOOP('',(#851));
#851 = ORIENTED_EDGE('',*,*,#820,.F.);
#852 = PLANE('',#853);
#853 = AXIS2_PLACEMENT_3D('',#854,#855,#856);
#854 = CARTESIAN_POINT('',(0.,0.,40.));
#855 = DIRECTION('',(0.,0.,1.));
#856 = DIRECTION('',(1.,0.,-0.));
#857 = ( GEOMETRIC_REPRESENTATION_CONTEXT(3) 
GLOBAL_UNCERTAINTY_ASSIGNED_CONTEXT((#861)) GLOBAL_UNIT_ASSIGNED_CONTEXT
((#858,#859,#860)) REPRESENTATION_CONTEXT('Context #1',
  '3D Context with UNIT and UNCERTAINTY') );
#858 = ( LENGTH_UNIT() NAMED_UNIT(*) SI_UNIT(.MILLI.,.METRE.) );
#859 = ( NAMED_UNIT(*) PLANE_ANGLE_UNIT() SI_UNIT($,.RADIAN.) );
#860 = ( NAMED_UNIT(*) SI_UNIT($,.STERADIAN.) SOLID_ANGLE_UNIT() );
#861 = UNCERTAINTY_MEASURE_WITH_UNIT(LENGTH_MEASURE(1.E-07),#858,
  'distance_accuracy_value','confusion accuracy');
#862 = CONTEXT_DEPENDENT_SHAPE_REPRESENTATION(#863,#865);
#863 = ( REPRESENTATION_RELATIONSHIP('','',#803,#10) 
REPRESENTATION_RELATIONSHIP_WITH_TRANSFORMATION(#864) 
SHAPE_REPRESENTATION_RELATIONSHIP() );
#864 = ITEM_DEFINED_TRANSFORMATION('','',#11,#23);
#865 = PRODUCT_DEFINITION_SHAPE('Placement','Placement of an item',#866
  );
#866 = NEXT_ASSEMBLY_USAGE_OCCURRENCE('3','cylinder010','',#5,#798,$);
#867 = PRODUCT_RELATED_PRODUCT_CATEGORY('part',$,(#800));
#868 = SHAPE_DEFINITION_REPRESENTATION(#869,#875);
#869 = PRODUCT_DEFINITION_SHAPE('','',#870);
#870 = PRODUCT_DEFINITION('design','',#871,#874);
#871 = PRODUCT_DEFINITION_FORMATION('','',#872);
#872 = PRODUCT('difference009','difference009','',(#873));
#873 = PRODUCT_CONTEXT('',#2,'mechanical');
#874 = PRODUCT_DEFINITION_CONTEXT('part definition',#2,'design');
#875 = ADVANCED_BREP_SHAPE_REPRESENTATION('',(#11,#876),#5169);
#876 = MANIFOLD_SOLID_BREP('',#877);
#877 = CLOSED_SHELL('',(#878,#940,#971,#1229,#1551,#1592,#1617,#1642,
    #1665,#1830,#1871,#1910,#1927,#1966,#1983,#2022,#2039,#2156,#2173,
    #2293,#2366,#2483,#2500,#2539,#2551,#2582,#2606,#2630,#2654,#2678,
    #2695,#2726,#2750,#2774,#2798,#2822,#2839,#2879,#2914,#2938,#2962,
    #2986,#3021,#3054,#3078,#3102,#3119,#3144,#3169,#3194,#3219,#3240,
    #3259,#3284,#3309,#3334,#3389,#3416,#3433,#3458,#3483,#3508,#3525,
    #3542,#3559,#3576,#3601,#3626,#3657,#3681,#3705,#3729,#3753,#3770,
    #3801,#3825,#3849,#3873,#3897,#3914,#3947,#3973,#4014,#4055,#4072,
    #4103,#4127,#4151,#4175,#4199,#4216,#4247,#4271,#4295,#4319,#4343,
    #4360,#4385,#4410,#4427,#4444,#4512,#4531,#4594,#4653,#4712,#4721,
    #4730,#4739,#4759,#4768,#4777,#4786,#4795,#4812,#4829,#4857,#4886,
    #4903,#4914,#4931,#4948,#4970,#4987,#5004,#5021,#5038,#5050,#5072,
    #5089,#5106,#5123,#5140,#5152));
#878 = ADVANCED_FACE('',(#879,#913,#924),#935,.F.);
#879 = FACE_BOUND('',#880,.F.);
#880 = EDGE_LOOP('',(#881,#891,#899,#907));
#881 = ORIENTED_EDGE('',*,*,#882,.F.);
#882 = EDGE_CURVE('',#883,#885,#887,.T.);
#883 = VERTEX_POINT('',#884);
#884 = CARTESIAN_POINT('',(-36.,-12.,0.));
#885 = VERTEX_POINT('',#886);
#886 = CARTESIAN_POINT('',(-36.,-12.,35.));
#887 = LINE('',#888,#889);
#888 = CARTESIAN_POINT('',(-36.,-12.,0.));
#889 = VECTOR('',#890,1.);
#890 = DIRECTION('',(0.,0.,1.));
#891 = ORIENTED_EDGE('',*,*,#892,.T.);
#892 = EDGE_CURVE('',#883,#893,#895,.T.);
#893 = VERTEX_POINT('',#894);
#894 = CARTESIAN_POINT('',(-36.,10.,0.));
#895 = LINE('',#896,#897);
#896 = CARTESIAN_POINT('',(-36.,-12.,0.));
#897 = VECTOR('',#898,1.);
#898 = DIRECTION('',(0.,1.,0.));
#899 = ORIENTED_EDGE('',*,*,#900,.T.);
#900 = EDGE_CURVE('',#893,#901,#903,.T.);
#901 = VERTEX_POINT('',#902);
#902 = CARTESIAN_POINT('',(-36.,10.,35.));
#903 = LINE('',#904,#905);
#904 = CARTESIAN_POINT('',(-36.,10.,0.));
#905 = VECTOR('',#906,1.);
#906 = DIRECTION('',(0.,0.,1.));
#907 = ORIENTED_EDGE('',*,*,#908,.F.);
#908 = EDGE_CURVE('',#885,#901,#909,.T.);
#909 = LINE('',#910,#911);
#910 = CARTESIAN_POINT('',(-36.,-12.,35.));
#911 = VECTOR('',#912,1.);
#912 = DIRECTION('',(0.,1.,0.));
#913 = FACE_BOUND('',#914,.F.);
#914 = EDGE_LOOP('',(#915));
#915 = ORIENTED_EDGE('',*,*,#916,.F.);
#916 = EDGE_CURVE('',#917,#917,#919,.T.);
#917 = VERTEX_POINT('',#918);
#918 = CARTESIAN_POINT('',(-36.,-6.,8.7));
#919 = CIRCLE('',#920,1.7);
#920 = AXIS2_PLACEMENT_3D('',#921,#922,#923);
#921 = CARTESIAN_POINT('',(-36.,-6.,7.));
#922 = DIRECTION('',(1.,0.,2.22044604925E-16));
#923 = DIRECTION('',(-2.22044604925E-16,0.,1.));
#924 = FACE_BOUND('',#925,.F.);
#925 = EDGE_LOOP('',(#926));
#926 = ORIENTED_EDGE('',*,*,#927,.F.);
#927 = EDGE_CURVE('',#928,#928,#930,.T.);
#928 = VERTEX_POINT('',#929);
#929 = CARTESIAN_POINT('',(-36.,-6.,24.7));
#930 = CIRCLE('',#931,1.7);
#931 = AXIS2_PLACEMENT_3D('',#932,#933,#934);
#932 = CARTESIAN_POINT('',(-36.,-6.,23.));
#933 = DIRECTION('',(1.,0.,2.22044604925E-16));
#934 = DIRECTION('',(-2.22044604925E-16,0.,1.));
#935 = PLANE('',#936);
#936 = AXIS2_PLACEMENT_3D('',#937,#938,#939);
#937 = CARTESIAN_POINT('',(-36.,-12.,0.));
#938 = DIRECTION('',(1.,0.,0.));
#939 = DIRECTION('',(0.,0.,1.));
#940 = ADVANCED_FACE('',(#941),#966,.F.);
#941 = FACE_BOUND('',#942,.F.);
#942 = EDGE_LOOP('',(#943,#951,#952,#960));
#943 = ORIENTED_EDGE('',*,*,#944,.F.);
#944 = EDGE_CURVE('',#883,#945,#947,.T.);
#945 = VERTEX_POINT('',#946);
#946 = CARTESIAN_POINT('',(-31.,-12.,0.));
#947 = LINE('',#948,#949);
#948 = CARTESIAN_POINT('',(-36.,-12.,0.));
#949 = VECTOR('',#950,1.);
#950 = DIRECTION('',(1.,0.,0.));
#951 = ORIENTED_EDGE('',*,*,#882,.T.);
#952 = ORIENTED_EDGE('',*,*,#953,.T.);
#953 = EDGE_CURVE('',#885,#954,#956,.T.);
#954 = VERTEX_POINT('',#955);
#955 = CARTESIAN_POINT('',(-31.,-12.,35.));
#956 = LINE('',#957,#958);
#957 = CARTESIAN_POINT('',(-36.,-12.,35.));
#958 = VECTOR('',#959,1.);
#959 = DIRECTION('',(1.,0.,0.));
#960 = ORIENTED_EDGE('',*,*,#961,.T.);
#961 = EDGE_CURVE('',#954,#945,#962,.T.);
#962 = LINE('',#963,#964);
#963 = CARTESIAN_POINT('',(-31.,-12.,-0.25));
#964 = VECTOR('',#965,1.);
#965 = DIRECTION('',(0.,0.,-1.));
#966 = PLANE('',#967);
#967 = AXIS2_PLACEMENT_3D('',#968,#969,#970);
#968 = CARTESIAN_POINT('',(-36.,-12.,0.));
#969 = DIRECTION('',(0.,1.,0.));
#970 = DIRECTION('',(0.,0.,1.));
#971 = ADVANCED_FACE('',(#972,#1124,#1174),#1224,.T.);
#972 = FACE_BOUND('',#973,.T.);
#973 = EDGE_LOOP('',(#974,#975,#976,#984,#993,#1001,#1009,#1017,#1026,
    #1034,#1043,#1051,#1059,#1067,#1076,#1084,#1092,#1100,#1109,#1117));
#974 = ORIENTED_EDGE('',*,*,#908,.F.);
#975 = ORIENTED_EDGE('',*,*,#953,.T.);
#976 = ORIENTED_EDGE('',*,*,#977,.T.);
#977 = EDGE_CURVE('',#954,#978,#980,.T.);
#978 = VERTEX_POINT('',#979);
#979 = CARTESIAN_POINT('',(-31.,-4.079215610874,35.));
#980 = LINE('',#981,#982);
#981 = CARTESIAN_POINT('',(-31.,-9.858230854638,35.));
#982 = VECTOR('',#983,1.);
#983 = DIRECTION('',(0.,1.,0.));
#984 = ORIENTED_EDGE('',*,*,#985,.T.);
#985 = EDGE_CURVE('',#978,#986,#988,.T.);
#986 = VERTEX_POINT('',#987);
#987 = CARTESIAN_POINT('',(-29.,-4.079215610874,35.));
#988 = CIRCLE('',#989,4.2);
#989 = AXIS2_PLACEMENT_3D('',#990,#991,#992);
#990 = CARTESIAN_POINT('',(-30.,0.,35.));
#991 = DIRECTION('',(0.,0.,-1.));
#992 = DIRECTION('',(1.,0.,0.));
#993 = ORIENTED_EDGE('',*,*,#994,.F.);
#994 = EDGE_CURVE('',#995,#986,#997,.T.);
#995 = VERTEX_POINT('',#996);
#996 = CARTESIAN_POINT('',(-29.,-12.,35.));
#997 = LINE('',#998,#999);
#998 = CARTESIAN_POINT('',(-29.,-9.858230854638,35.));
#999 = VECTOR('',#1000,1.);
#1000 = DIRECTION('',(0.,1.,0.));
#1001 = ORIENTED_EDGE('',*,*,#1002,.T.);
#1002 = EDGE_CURVE('',#995,#1003,#1005,.T.);
#1003 = VERTEX_POINT('',#1004);
#1004 = CARTESIAN_POINT('',(-24.,-12.,35.));
#1005 = LINE('',#1006,#1007);
#1006 = CARTESIAN_POINT('',(-36.,-12.,35.));
#1007 = VECTOR('',#1008,1.);
#1008 = DIRECTION('',(1.,0.,0.));
#1009 = ORIENTED_EDGE('',*,*,#1010,.T.);
#1010 = EDGE_CURVE('',#1003,#1011,#1013,.T.);
#1011 = VERTEX_POINT('',#1012);
#1012 = CARTESIAN_POINT('',(-24.,1.,35.));
#1013 = LINE('',#1014,#1015);
#1014 = CARTESIAN_POINT('',(-24.,-9.358230854638,35.));
#1015 = VECTOR('',#1016,1.);
#1016 = DIRECTION('',(0.,1.,0.));
#1017 = ORIENTED_EDGE('',*,*,#1018,.T.);
#1018 = EDGE_CURVE('',#1011,#1019,#1021,.T.);
#1019 = VERTEX_POINT('',#1020);
#1020 = CARTESIAN_POINT('',(-20.,5.,35.));
#1021 = CIRCLE('',#1022,4.);
#1022 = AXIS2_PLACEMENT_3D('',#1023,#1024,#1025);
#1023 = CARTESIAN_POINT('',(-20.,1.,35.));
#1024 = DIRECTION('',(0.,0.,-1.));
#1025 = DIRECTION('',(1.,0.,0.));
#1026 = ORIENTED_EDGE('',*,*,#1027,.F.);
#1027 = EDGE_CURVE('',#1028,#1019,#1030,.T.);
#1028 = VERTEX_POINT('',#1029);
#1029 = CARTESIAN_POINT('',(20.,5.,35.));
#1030 = LINE('',#1031,#1032);
#1031 = CARTESIAN_POINT('',(-10.,5.,35.));
#1032 = VECTOR('',#1033,1.);
#1033 = DIRECTION('',(-1.,0.,0.));
#1034 = ORIENTED_EDGE('',*,*,#1035,.T.);
#1035 = EDGE_CURVE('',#1028,#1036,#1038,.T.);
#1036 = VERTEX_POINT('',#1037);
#1037 = CARTESIAN_POINT('',(24.,1.,35.));
#1038 = CIRCLE('',#1039,4.);
#1039 = AXIS2_PLACEMENT_3D('',#1040,#1041,#1042);
#1040 = CARTESIAN_POINT('',(20.,1.,35.));
#1041 = DIRECTION('',(0.,0.,-1.));
#1042 = DIRECTION('',(1.,0.,0.));
#1043 = ORIENTED_EDGE('',*,*,#1044,.F.);
#1044 = EDGE_CURVE('',#1045,#1036,#1047,.T.);
#1045 = VERTEX_POINT('',#1046);
#1046 = CARTESIAN_POINT('',(24.,-12.,35.));
#1047 = LINE('',#1048,#1049);
#1048 = CARTESIAN_POINT('',(24.,-9.358230854638,35.));
#1049 = VECTOR('',#1050,1.);
#1050 = DIRECTION('',(0.,1.,0.));
#1051 = ORIENTED_EDGE('',*,*,#1052,.T.);
#1052 = EDGE_CURVE('',#1045,#1053,#1055,.T.);
#1053 = VERTEX_POINT('',#1054);
#1054 = CARTESIAN_POINT('',(29.,-12.,35.));
#1055 = LINE('',#1056,#1057);
#1056 = CARTESIAN_POINT('',(-36.,-12.,35.));
#1057 = VECTOR('',#1058,1.);
#1058 = DIRECTION('',(1.,0.,0.));
#1059 = ORIENTED_EDGE('',*,*,#1060,.T.);
#1060 = EDGE_CURVE('',#1053,#1061,#1063,.T.);
#1061 = VERTEX_POINT('',#1062);
#1062 = CARTESIAN_POINT('',(29.,-4.079215610874,35.));
#1063 = LINE('',#1064,#1065);
#1064 = CARTESIAN_POINT('',(29.,-9.858230854638,35.));
#1065 = VECTOR('',#1066,1.);
#1066 = DIRECTION('',(0.,1.,0.));
#1067 = ORIENTED_EDGE('',*,*,#1068,.T.);
#1068 = EDGE_CURVE('',#1061,#1069,#1071,.T.);
#1069 = VERTEX_POINT('',#1070);
#1070 = CARTESIAN_POINT('',(31.,-4.079215610874,35.));
#1071 = CIRCLE('',#1072,4.2);
#1072 = AXIS2_PLACEMENT_3D('',#1073,#1074,#1075);
#1073 = CARTESIAN_POINT('',(30.,0.,35.));
#1074 = DIRECTION('',(0.,0.,-1.));
#1075 = DIRECTION('',(1.,0.,0.));
#1076 = ORIENTED_EDGE('',*,*,#1077,.F.);
#1077 = EDGE_CURVE('',#1078,#1069,#1080,.T.);
#1078 = VERTEX_POINT('',#1079);
#1079 = CARTESIAN_POINT('',(31.,-12.,35.));
#1080 = LINE('',#1081,#1082);
#1081 = CARTESIAN_POINT('',(31.,-9.858230854638,35.));
#1082 = VECTOR('',#1083,1.);
#1083 = DIRECTION('',(0.,1.,0.));
#1084 = ORIENTED_EDGE('',*,*,#1085,.T.);
#1085 = EDGE_CURVE('',#1078,#1086,#1088,.T.);
#1086 = VERTEX_POINT('',#1087);
#1087 = CARTESIAN_POINT('',(36.,-12.,35.));
#1088 = LINE('',#1089,#1090);
#1089 = CARTESIAN_POINT('',(-36.,-12.,35.));
#1090 = VECTOR('',#1091,1.);
#1091 = DIRECTION('',(1.,0.,0.));
#1092 = ORIENTED_EDGE('',*,*,#1093,.T.);
#1093 = EDGE_CURVE('',#1086,#1094,#1096,.T.);
#1094 = VERTEX_POINT('',#1095);
#1095 = CARTESIAN_POINT('',(36.,10.,35.));
#1096 = LINE('',#1097,#1098);
#1097 = CARTESIAN_POINT('',(36.,-12.,35.));
#1098 = VECTOR('',#1099,1.);
#1099 = DIRECTION('',(0.,1.,0.));
#1100 = ORIENTED_EDGE('',*,*,#1101,.T.);
#1101 = EDGE_CURVE('',#1094,#1102,#1104,.T.);
#1102 = VERTEX_POINT('',#1103);
#1103 = CARTESIAN_POINT('',(24.,10.,35.));
#1104 = CIRCLE('',#1105,6.);
#1105 = AXIS2_PLACEMENT_3D('',#1106,#1107,#1108);
#1106 = CARTESIAN_POINT('',(30.,10.,35.));
#1107 = DIRECTION('',(0.,0.,1.));
#1108 = DIRECTION('',(1.,0.,0.));
#1109 = ORIENTED_EDGE('',*,*,#1110,.F.);
#1110 = EDGE_CURVE('',#1111,#1102,#1113,.T.);
#1111 = VERTEX_POINT('',#1112);
#1112 = CARTESIAN_POINT('',(-24.,10.,35.));
#1113 = LINE('',#1114,#1115);
#1114 = CARTESIAN_POINT('',(-36.,10.,35.));
#1115 = VECTOR('',#1116,1.);
#1116 = DIRECTION('',(1.,0.,0.));
#1117 = ORIENTED_EDGE('',*,*,#1118,.T.);
#1118 = EDGE_CURVE('',#1111,#901,#1119,.T.);
#1119 = CIRCLE('',#1120,6.);
#1120 = AXIS2_PLACEMENT_3D('',#1121,#1122,#1123);
#1121 = CARTESIAN_POINT('',(-30.,10.,35.));
#1122 = DIRECTION('',(0.,0.,1.));
#1123 = DIRECTION('',(1.,0.,0.));
#1124 = FACE_BOUND('',#1125,.T.);
#1125 = EDGE_LOOP('',(#1126,#1136,#1144,#1152,#1160,#1168));
#1126 = ORIENTED_EDGE('',*,*,#1127,.T.);
#1127 = EDGE_CURVE('',#1128,#1130,#1132,.T.);
#1128 = VERTEX_POINT('',#1129);
#1129 = CARTESIAN_POINT('',(-31.975,6.579199655051,35.));
#1130 = VERTEX_POINT('',#1131);
#1131 = CARTESIAN_POINT('',(-33.95,10.,35.));
#1132 = LINE('',#1133,#1134);
#1133 = CARTESIAN_POINT('',(-26.61507433121,-2.704463928073,35.));
#1134 = VECTOR('',#1135,1.);
#1135 = DIRECTION('',(-0.5,0.866025403784,0.));
#1136 = ORIENTED_EDGE('',*,*,#1137,.T.);
#1137 = EDGE_CURVE('',#1130,#1138,#1140,.T.);
#1138 = VERTEX_POINT('',#1139);
#1139 = CARTESIAN_POINT('',(-31.975,13.420800344949,35.));
#1140 = LINE('',#1141,#1142);
#1141 = CARTESIAN_POINT('',(-31.80992566878,13.706717473642,35.));
#1142 = VECTOR('',#1143,1.);
#1143 = DIRECTION('',(0.5,0.866025403784,0.));
#1144 = ORIENTED_EDGE('',*,*,#1145,.T.);
#1145 = EDGE_CURVE('',#1138,#1146,#1148,.T.);
#1146 = VERTEX_POINT('',#1147);
#1147 = CARTESIAN_POINT('',(-28.025,13.420800344949,35.));
#1148 = LINE('',#1149,#1150);
#1149 = CARTESIAN_POINT('',(-15.9875,13.420800344949,35.));
#1150 = VECTOR('',#1151,1.);
#1151 = DIRECTION('',(1.,2.248552961266E-16,0.));
#1152 = ORIENTED_EDGE('',*,*,#1153,.T.);
#1153 = EDGE_CURVE('',#1146,#1154,#1156,.T.);
#1154 = VERTEX_POINT('',#1155);
#1155 = CARTESIAN_POINT('',(-26.05,10.,35.));
#1156 = LINE('',#1157,#1158);
#1157 = CARTESIAN_POINT('',(-21.67757433121,2.42673658935,35.));
#1158 = VECTOR('',#1159,1.);
#1159 = DIRECTION('',(0.5,-0.866025403784,0.));
#1160 = ORIENTED_EDGE('',*,*,#1161,.T.);
#1161 = EDGE_CURVE('',#1154,#1162,#1164,.T.);
#1162 = VERTEX_POINT('',#1163);
#1163 = CARTESIAN_POINT('',(-28.025,6.579199655051,35.));
#1164 = LINE('',#1165,#1166);
#1165 = CARTESIAN_POINT('',(-24.89742566878,11.996317301168,35.));
#1166 = VECTOR('',#1167,1.);
#1167 = DIRECTION('',(-0.5,-0.866025403784,0.));
#1168 = ORIENTED_EDGE('',*,*,#1169,.T.);
#1169 = EDGE_CURVE('',#1162,#1128,#1170,.T.);
#1170 = LINE('',#1171,#1172);
#1171 = CARTESIAN_POINT('',(-14.0125,6.579199655051,35.));
#1172 = VECTOR('',#1173,1.);
#1173 = DIRECTION('',(-1.,-5.621382403165E-16,0.));
#1174 = FACE_BOUND('',#1175,.T.);
#1175 = EDGE_LOOP('',(#1176,#1186,#1194,#1202,#1210,#1218));
#1176 = ORIENTED_EDGE('',*,*,#1177,.T.);
#1177 = EDGE_CURVE('',#1178,#1180,#1182,.T.);
#1178 = VERTEX_POINT('',#1179);
#1179 = CARTESIAN_POINT('',(28.025,6.579199655051,35.));
#1180 = VERTEX_POINT('',#1181);
#1181 = CARTESIAN_POINT('',(26.05,10.,35.));
#1182 = LINE('',#1183,#1184);
#1183 = CARTESIAN_POINT('',(25.884925668783,10.285917128694,35.));
#1184 = VECTOR('',#1185,1.);
#1185 = DIRECTION('',(-0.5,0.866025403784,0.));
#1186 = ORIENTED_EDGE('',*,*,#1187,.T.);
#1187 = EDGE_CURVE('',#1180,#1188,#1190,.T.);
#1188 = VERTEX_POINT('',#1189);
#1189 = CARTESIAN_POINT('',(28.025,13.420800344949,35.));
#1190 = LINE('',#1191,#1192);
#1191 = CARTESIAN_POINT('',(20.690074331217,0.716336416876,35.));
#1192 = VECTOR('',#1193,1.);
#1193 = DIRECTION('',(0.5,0.866025403784,0.));
#1194 = ORIENTED_EDGE('',*,*,#1195,.T.);
#1195 = EDGE_CURVE('',#1188,#1196,#1198,.T.);
#1196 = VERTEX_POINT('',#1197);
#1197 = CARTESIAN_POINT('',(31.975,13.420800344949,35.));
#1198 = LINE('',#1199,#1200);
#1199 = CARTESIAN_POINT('',(14.0125,13.420800344949,35.));
#1200 = VECTOR('',#1201,1.);
#1201 = DIRECTION('',(1.,2.248552961266E-16,0.));
#1202 = ORIENTED_EDGE('',*,*,#1203,.T.);
#1203 = EDGE_CURVE('',#1196,#1204,#1206,.T.);
#1204 = VERTEX_POINT('',#1205);
#1205 = CARTESIAN_POINT('',(33.95,10.,35.));
#1206 = LINE('',#1207,#1208);
#1207 = CARTESIAN_POINT('',(30.822425668783,15.417117646116,35.));
#1208 = VECTOR('',#1209,1.);
#1209 = DIRECTION('',(0.5,-0.866025403784,0.));
#1210 = ORIENTED_EDGE('',*,*,#1211,.T.);
#1211 = EDGE_CURVE('',#1204,#1212,#1214,.T.);
#1212 = VERTEX_POINT('',#1213);
#1213 = CARTESIAN_POINT('',(31.975,6.579199655051,35.));
#1214 = LINE('',#1215,#1216);
#1215 = CARTESIAN_POINT('',(27.602574331217,-0.994063755599,35.));
#1216 = VECTOR('',#1217,1.);
#1217 = DIRECTION('',(-0.5,-0.866025403784,0.));
#1218 = ORIENTED_EDGE('',*,*,#1219,.T.);
#1219 = EDGE_CURVE('',#1212,#1178,#1220,.T.);
#1220 = LINE('',#1221,#1222);
#1221 = CARTESIAN_POINT('',(15.9875,6.579199655051,35.));
#1222 = VECTOR('',#1223,1.);
#1223 = DIRECTION('',(-1.,-5.621382403165E-16,0.));
#1224 = PLANE('',#1225);
#1225 = AXIS2_PLACEMENT_3D('',#1226,#1227,#1228);
#1226 = CARTESIAN_POINT('',(0.,0.283538290725,35.));
#1227 = DIRECTION('',(0.,0.,1.));
#1228 = DIRECTION('',(1.,0.,0.));
#1229 = ADVANCED_FACE('',(#1230,#1450,#1502,#1513,#1524,#1535),#1546,.T.
  );
#1230 = FACE_BOUND('',#1231,.T.);
#1231 = EDGE_LOOP('',(#1232,#1233,#1234,#1243,#1251,#1260,#1269,#1277,
    #1285,#1293,#1302,#1311,#1319,#1328,#1336,#1344,#1352,#1361,#1369,
    #1377,#1385,#1394,#1402,#1411,#1419,#1427,#1435,#1444));
#1232 = ORIENTED_EDGE('',*,*,#944,.F.);
#1233 = ORIENTED_EDGE('',*,*,#892,.T.);
#1234 = ORIENTED_EDGE('',*,*,#1235,.F.);
#1235 = EDGE_CURVE('',#1236,#893,#1238,.T.);
#1236 = VERTEX_POINT('',#1237);
#1237 = CARTESIAN_POINT('',(-32.5,15.454356057318,0.));
#1238 = CIRCLE('',#1239,6.);
#1239 = AXIS2_PLACEMENT_3D('',#1240,#1241,#1242);
#1240 = CARTESIAN_POINT('',(-30.,10.,0.));
#1241 = DIRECTION('',(0.,0.,1.));
#1242 = DIRECTION('',(1.,0.,0.));
#1243 = ORIENTED_EDGE('',*,*,#1244,.F.);
#1244 = EDGE_CURVE('',#1245,#1236,#1247,.T.);
#1245 = VERTEX_POINT('',#1246);
#1246 = CARTESIAN_POINT('',(-32.5,45.669872981078,-5.551115123126E-16));
#1247 = LINE('',#1248,#1249);
#1248 = CARTESIAN_POINT('',(-32.5,47.,-1.110223024625E-15));
#1249 = VECTOR('',#1250,1.);
#1250 = DIRECTION('',(-0.,-1.,0.));
#1251 = ORIENTED_EDGE('',*,*,#1252,.F.);
#1252 = EDGE_CURVE('',#1253,#1245,#1255,.T.);
#1253 = VERTEX_POINT('',#1254);
#1254 = CARTESIAN_POINT('',(-25.,50.,0.));
#1255 = CIRCLE('',#1256,5.);
#1256 = AXIS2_PLACEMENT_3D('',#1257,#1258,#1259);
#1257 = CARTESIAN_POINT('',(-30.,50.,0.));
#1258 = DIRECTION('',(0.,0.,1.));
#1259 = DIRECTION('',(1.,0.,0.));
#1260 = ORIENTED_EDGE('',*,*,#1261,.F.);
#1261 = EDGE_CURVE('',#1262,#1253,#1264,.T.);
#1262 = VERTEX_POINT('',#1263);
#1263 = CARTESIAN_POINT('',(-27.5,45.669872981078,0.));
#1264 = CIRCLE('',#1265,5.);
#1265 = AXIS2_PLACEMENT_3D('',#1266,#1267,#1268);
#1266 = CARTESIAN_POINT('',(-30.,50.,0.));
#1267 = DIRECTION('',(0.,0.,1.));
#1268 = DIRECTION('',(1.,0.,0.));
#1269 = ORIENTED_EDGE('',*,*,#1270,.T.);
#1270 = EDGE_CURVE('',#1262,#1271,#1273,.T.);
#1271 = VERTEX_POINT('',#1272);
#1272 = CARTESIAN_POINT('',(-27.5,45.,-6.661338147751E-15));
#1273 = LINE('',#1274,#1275);
#1274 = CARTESIAN_POINT('',(-27.5,47.,0.));
#1275 = VECTOR('',#1276,1.);
#1276 = DIRECTION('',(-0.,-1.,0.));
#1277 = ORIENTED_EDGE('',*,*,#1278,.F.);
#1278 = EDGE_CURVE('',#1279,#1271,#1281,.T.);
#1279 = VERTEX_POINT('',#1280);
#1280 = CARTESIAN_POINT('',(27.5,45.,-6.661338147751E-15));
#1281 = LINE('',#1282,#1283);
#1282 = CARTESIAN_POINT('',(2.5,45.,0.));
#1283 = VECTOR('',#1284,1.);
#1284 = DIRECTION('',(-1.,0.,-2.22044604925E-16));
#1285 = ORIENTED_EDGE('',*,*,#1286,.F.);
#1286 = EDGE_CURVE('',#1287,#1279,#1289,.T.);
#1287 = VERTEX_POINT('',#1288);
#1288 = CARTESIAN_POINT('',(27.5,45.669872981078,0.));
#1289 = LINE('',#1290,#1291);
#1290 = CARTESIAN_POINT('',(27.5,47.,0.));
#1291 = VECTOR('',#1292,1.);
#1292 = DIRECTION('',(0.,-1.,0.));
#1293 = ORIENTED_EDGE('',*,*,#1294,.T.);
#1294 = EDGE_CURVE('',#1287,#1295,#1297,.T.);
#1295 = VERTEX_POINT('',#1296);
#1296 = CARTESIAN_POINT('',(25.,50.,0.));
#1297 = CIRCLE('',#1298,5.);
#1298 = AXIS2_PLACEMENT_3D('',#1299,#1300,#1301);
#1299 = CARTESIAN_POINT('',(30.,50.,0.));
#1300 = DIRECTION('',(0.,0.,-1.));
#1301 = DIRECTION('',(-1.,-0.,-0.));
#1302 = ORIENTED_EDGE('',*,*,#1303,.T.);
#1303 = EDGE_CURVE('',#1295,#1304,#1306,.T.);
#1304 = VERTEX_POINT('',#1305);
#1305 = CARTESIAN_POINT('',(32.5,45.669872981078,-5.551115123126E-16));
#1306 = CIRCLE('',#1307,5.);
#1307 = AXIS2_PLACEMENT_3D('',#1308,#1309,#1310);
#1308 = CARTESIAN_POINT('',(30.,50.,0.));
#1309 = DIRECTION('',(0.,0.,-1.));
#1310 = DIRECTION('',(-1.,-0.,-0.));
#1311 = ORIENTED_EDGE('',*,*,#1312,.T.);
#1312 = EDGE_CURVE('',#1304,#1313,#1315,.T.);
#1313 = VERTEX_POINT('',#1314);
#1314 = CARTESIAN_POINT('',(32.5,15.454356057318,0.));
#1315 = LINE('',#1316,#1317);
#1316 = CARTESIAN_POINT('',(32.5,47.,-1.110223024625E-15));
#1317 = VECTOR('',#1318,1.);
#1318 = DIRECTION('',(0.,-1.,0.));
#1319 = ORIENTED_EDGE('',*,*,#1320,.F.);
#1320 = EDGE_CURVE('',#1321,#1313,#1323,.T.);
#1321 = VERTEX_POINT('',#1322);
#1322 = CARTESIAN_POINT('',(36.,10.,0.));
#1323 = CIRCLE('',#1324,6.);
#1324 = AXIS2_PLACEMENT_3D('',#1325,#1326,#1327);
#1325 = CARTESIAN_POINT('',(30.,10.,0.));
#1326 = DIRECTION('',(0.,0.,1.));
#1327 = DIRECTION('',(1.,0.,0.));
#1328 = ORIENTED_EDGE('',*,*,#1329,.F.);
#1329 = EDGE_CURVE('',#1330,#1321,#1332,.T.);
#1330 = VERTEX_POINT('',#1331);
#1331 = CARTESIAN_POINT('',(36.,-12.,0.));
#1332 = LINE('',#1333,#1334);
#1333 = CARTESIAN_POINT('',(36.,-12.,0.));
#1334 = VECTOR('',#1335,1.);
#1335 = DIRECTION('',(0.,1.,0.));
#1336 = ORIENTED_EDGE('',*,*,#1337,.F.);
#1337 = EDGE_CURVE('',#1338,#1330,#1340,.T.);
#1338 = VERTEX_POINT('',#1339);
#1339 = CARTESIAN_POINT('',(31.,-12.,0.));
#1340 = LINE('',#1341,#1342);
#1341 = CARTESIAN_POINT('',(-36.,-12.,0.));
#1342 = VECTOR('',#1343,1.);
#1343 = DIRECTION('',(1.,0.,0.));
#1344 = ORIENTED_EDGE('',*,*,#1345,.F.);
#1345 = EDGE_CURVE('',#1346,#1338,#1348,.T.);
#1346 = VERTEX_POINT('',#1347);
#1347 = CARTESIAN_POINT('',(31.,-4.079215610874,0.));
#1348 = LINE('',#1349,#1350);
#1349 = CARTESIAN_POINT('',(31.,-9.858230854638,0.));
#1350 = VECTOR('',#1351,1.);
#1351 = DIRECTION('',(0.,-1.,0.));
#1352 = ORIENTED_EDGE('',*,*,#1353,.F.);
#1353 = EDGE_CURVE('',#1354,#1346,#1356,.T.);
#1354 = VERTEX_POINT('',#1355);
#1355 = CARTESIAN_POINT('',(29.,-4.079215610874,0.));
#1356 = CIRCLE('',#1357,4.2);
#1357 = AXIS2_PLACEMENT_3D('',#1358,#1359,#1360);
#1358 = CARTESIAN_POINT('',(30.,0.,0.));
#1359 = DIRECTION('',(0.,0.,-1.));
#1360 = DIRECTION('',(1.,0.,0.));
#1361 = ORIENTED_EDGE('',*,*,#1362,.T.);
#1362 = EDGE_CURVE('',#1354,#1363,#1365,.T.);
#1363 = VERTEX_POINT('',#1364);
#1364 = CARTESIAN_POINT('',(29.,-12.,0.));
#1365 = LINE('',#1366,#1367);
#1366 = CARTESIAN_POINT('',(29.,-9.858230854638,0.));
#1367 = VECTOR('',#1368,1.);
#1368 = DIRECTION('',(0.,-1.,0.));
#1369 = ORIENTED_EDGE('',*,*,#1370,.F.);
#1370 = EDGE_CURVE('',#1371,#1363,#1373,.T.);
#1371 = VERTEX_POINT('',#1372);
#1372 = CARTESIAN_POINT('',(24.,-12.,0.));
#1373 = LINE('',#1374,#1375);
#1374 = CARTESIAN_POINT('',(-36.,-12.,0.));
#1375 = VECTOR('',#1376,1.);
#1376 = DIRECTION('',(1.,0.,0.));
#1377 = ORIENTED_EDGE('',*,*,#1378,.F.);
#1378 = EDGE_CURVE('',#1379,#1371,#1381,.T.);
#1379 = VERTEX_POINT('',#1380);
#1380 = CARTESIAN_POINT('',(24.,1.,0.));
#1381 = LINE('',#1382,#1383);
#1382 = CARTESIAN_POINT('',(24.,-9.358230854638,0.));
#1383 = VECTOR('',#1384,1.);
#1384 = DIRECTION('',(0.,-1.,0.));
#1385 = ORIENTED_EDGE('',*,*,#1386,.F.);
#1386 = EDGE_CURVE('',#1387,#1379,#1389,.T.);
#1387 = VERTEX_POINT('',#1388);
#1388 = CARTESIAN_POINT('',(20.,5.,0.));
#1389 = CIRCLE('',#1390,4.);
#1390 = AXIS2_PLACEMENT_3D('',#1391,#1392,#1393);
#1391 = CARTESIAN_POINT('',(20.,1.,0.));
#1392 = DIRECTION('',(0.,0.,-1.));
#1393 = DIRECTION('',(1.,0.,0.));
#1394 = ORIENTED_EDGE('',*,*,#1395,.F.);
#1395 = EDGE_CURVE('',#1396,#1387,#1398,.T.);
#1396 = VERTEX_POINT('',#1397);
#1397 = CARTESIAN_POINT('',(-20.,5.,0.));
#1398 = LINE('',#1399,#1400);
#1399 = CARTESIAN_POINT('',(-10.,5.,0.));
#1400 = VECTOR('',#1401,1.);
#1401 = DIRECTION('',(1.,0.,0.));
#1402 = ORIENTED_EDGE('',*,*,#1403,.F.);
#1403 = EDGE_CURVE('',#1404,#1396,#1406,.T.);
#1404 = VERTEX_POINT('',#1405);
#1405 = CARTESIAN_POINT('',(-24.,1.,0.));
#1406 = CIRCLE('',#1407,4.);
#1407 = AXIS2_PLACEMENT_3D('',#1408,#1409,#1410);
#1408 = CARTESIAN_POINT('',(-20.,1.,0.));
#1409 = DIRECTION('',(0.,0.,-1.));
#1410 = DIRECTION('',(1.,0.,0.));
#1411 = ORIENTED_EDGE('',*,*,#1412,.T.);
#1412 = EDGE_CURVE('',#1404,#1413,#1415,.T.);
#1413 = VERTEX_POINT('',#1414);
#1414 = CARTESIAN_POINT('',(-24.,-12.,0.));
#1415 = LINE('',#1416,#1417);
#1416 = CARTESIAN_POINT('',(-24.,-9.358230854638,0.));
#1417 = VECTOR('',#1418,1.);
#1418 = DIRECTION('',(0.,-1.,0.));
#1419 = ORIENTED_EDGE('',*,*,#1420,.F.);
#1420 = EDGE_CURVE('',#1421,#1413,#1423,.T.);
#1421 = VERTEX_POINT('',#1422);
#1422 = CARTESIAN_POINT('',(-29.,-12.,0.));
#1423 = LINE('',#1424,#1425);
#1424 = CARTESIAN_POINT('',(-36.,-12.,0.));
#1425 = VECTOR('',#1426,1.);
#1426 = DIRECTION('',(1.,0.,0.));
#1427 = ORIENTED_EDGE('',*,*,#1428,.F.);
#1428 = EDGE_CURVE('',#1429,#1421,#1431,.T.);
#1429 = VERTEX_POINT('',#1430);
#1430 = CARTESIAN_POINT('',(-29.,-4.079215610874,0.));
#1431 = LINE('',#1432,#1433);
#1432 = CARTESIAN_POINT('',(-29.,-9.858230854638,0.));
#1433 = VECTOR('',#1434,1.);
#1434 = DIRECTION('',(0.,-1.,0.));
#1435 = ORIENTED_EDGE('',*,*,#1436,.F.);
#1436 = EDGE_CURVE('',#1437,#1429,#1439,.T.);
#1437 = VERTEX_POINT('',#1438);
#1438 = CARTESIAN_POINT('',(-31.,-4.079215610874,0.));
#1439 = CIRCLE('',#1440,4.2);
#1440 = AXIS2_PLACEMENT_3D('',#1441,#1442,#1443);
#1441 = CARTESIAN_POINT('',(-30.,0.,0.));
#1442 = DIRECTION('',(0.,0.,-1.));
#1443 = DIRECTION('',(1.,0.,0.));
#1444 = ORIENTED_EDGE('',*,*,#1445,.T.);
#1445 = EDGE_CURVE('',#1437,#945,#1446,.T.);
#1446 = LINE('',#1447,#1448);
#1447 = CARTESIAN_POINT('',(-31.,-9.858230854638,0.));
#1448 = VECTOR('',#1449,1.);
#1449 = DIRECTION('',(0.,-1.,0.));
#1450 = FACE_BOUND('',#1451,.T.);
#1451 = EDGE_LOOP('',(#1452,#1463,#1471,#1479,#1487,#1496));
#1452 = ORIENTED_EDGE('',*,*,#1453,.F.);
#1453 = EDGE_CURVE('',#1454,#1456,#1458,.T.);
#1454 = VERTEX_POINT('',#1455);
#1455 = CARTESIAN_POINT('',(27.5,15.454356057318,0.));
#1456 = VERTEX_POINT('',#1457);
#1457 = CARTESIAN_POINT('',(24.,10.,0.));
#1458 = CIRCLE('',#1459,6.);
#1459 = AXIS2_PLACEMENT_3D('',#1460,#1461,#1462);
#1460 = CARTESIAN_POINT('',(30.,10.,0.));
#1461 = DIRECTION('',(0.,0.,1.));
#1462 = DIRECTION('',(1.,0.,0.));
#1463 = ORIENTED_EDGE('',*,*,#1464,.F.);
#1464 = EDGE_CURVE('',#1465,#1454,#1467,.T.);
#1465 = VERTEX_POINT('',#1466);
#1466 = CARTESIAN_POINT('',(27.5,44.,-6.661338147751E-15));
#1467 = LINE('',#1468,#1469);
#1468 = CARTESIAN_POINT('',(27.5,47.,0.));
#1469 = VECTOR('',#1470,1.);
#1470 = DIRECTION('',(0.,-1.,0.));
#1471 = ORIENTED_EDGE('',*,*,#1472,.F.);
#1472 = EDGE_CURVE('',#1473,#1465,#1475,.T.);
#1473 = VERTEX_POINT('',#1474);
#1474 = CARTESIAN_POINT('',(-27.5,44.,-6.661338147751E-15));
#1475 = LINE('',#1476,#1477);
#1476 = CARTESIAN_POINT('',(-2.5,44.,0.));
#1477 = VECTOR('',#1478,1.);
#1478 = DIRECTION('',(1.,0.,-2.22044604925E-16));
#1479 = ORIENTED_EDGE('',*,*,#1480,.T.);
#1480 = EDGE_CURVE('',#1473,#1481,#1483,.T.);
#1481 = VERTEX_POINT('',#1482);
#1482 = CARTESIAN_POINT('',(-27.5,15.454356057318,0.));
#1483 = LINE('',#1484,#1485);
#1484 = CARTESIAN_POINT('',(-27.5,47.,0.));
#1485 = VECTOR('',#1486,1.);
#1486 = DIRECTION('',(-0.,-1.,0.));
#1487 = ORIENTED_EDGE('',*,*,#1488,.F.);
#1488 = EDGE_CURVE('',#1489,#1481,#1491,.T.);
#1489 = VERTEX_POINT('',#1490);
#1490 = CARTESIAN_POINT('',(-24.,10.,0.));
#1491 = CIRCLE('',#1492,6.);
#1492 = AXIS2_PLACEMENT_3D('',#1493,#1494,#1495);
#1493 = CARTESIAN_POINT('',(-30.,10.,0.));
#1494 = DIRECTION('',(0.,0.,1.));
#1495 = DIRECTION('',(1.,0.,0.));
#1496 = ORIENTED_EDGE('',*,*,#1497,.T.);
#1497 = EDGE_CURVE('',#1489,#1456,#1498,.T.);
#1498 = LINE('',#1499,#1500);
#1499 = CARTESIAN_POINT('',(-36.,10.,0.));
#1500 = VECTOR('',#1501,1.);
#1501 = DIRECTION('',(1.,0.,0.));
#1502 = FACE_BOUND('',#1503,.T.);
#1503 = EDGE_LOOP('',(#1504));
#1504 = ORIENTED_EDGE('',*,*,#1505,.T.);
#1505 = EDGE_CURVE('',#1506,#1506,#1508,.T.);
#1506 = VERTEX_POINT('',#1507);
#1507 = CARTESIAN_POINT('',(27.8,10.,0.));
#1508 = CIRCLE('',#1509,2.2);
#1509 = AXIS2_PLACEMENT_3D('',#1510,#1511,#1512);
#1510 = CARTESIAN_POINT('',(30.,10.,0.));
#1511 = DIRECTION('',(-1.224646799147E-16,0.,1.));
#1512 = DIRECTION('',(-1.,0.,-1.224646799147E-16));
#1513 = FACE_BOUND('',#1514,.T.);
#1514 = EDGE_LOOP('',(#1515));
#1515 = ORIENTED_EDGE('',*,*,#1516,.T.);
#1516 = EDGE_CURVE('',#1517,#1517,#1519,.T.);
#1517 = VERTEX_POINT('',#1518);
#1518 = CARTESIAN_POINT('',(-32.2,10.,0.));
#1519 = CIRCLE('',#1520,2.2);
#1520 = AXIS2_PLACEMENT_3D('',#1521,#1522,#1523);
#1521 = CARTESIAN_POINT('',(-30.,10.,0.));
#1522 = DIRECTION('',(-1.224646799147E-16,0.,1.));
#1523 = DIRECTION('',(-1.,0.,-1.224646799147E-16));
#1524 = FACE_BOUND('',#1525,.T.);
#1525 = EDGE_LOOP('',(#1526));
#1526 = ORIENTED_EDGE('',*,*,#1527,.F.);
#1527 = EDGE_CURVE('',#1528,#1528,#1530,.T.);
#1528 = VERTEX_POINT('',#1529);
#1529 = CARTESIAN_POINT('',(31.7,50.,0.));
#1530 = CIRCLE('',#1531,1.7);
#1531 = AXIS2_PLACEMENT_3D('',#1532,#1533,#1534);
#1532 = CARTESIAN_POINT('',(30.,50.,0.));
#1533 = DIRECTION('',(-1.224646799147E-16,0.,-1.));
#1534 = DIRECTION('',(1.,0.,-1.224646799147E-16));
#1535 = FACE_BOUND('',#1536,.T.);
#1536 = EDGE_LOOP('',(#1537));
#1537 = ORIENTED_EDGE('',*,*,#1538,.T.);
#1538 = EDGE_CURVE('',#1539,#1539,#1541,.T.);
#1539 = VERTEX_POINT('',#1540);
#1540 = CARTESIAN_POINT('',(-31.7,50.,0.));
#1541 = CIRCLE('',#1542,1.7);
#1542 = AXIS2_PLACEMENT_3D('',#1543,#1544,#1545);
#1543 = CARTESIAN_POINT('',(-30.,50.,0.));
#1544 = DIRECTION('',(-1.224646799147E-16,0.,1.));
#1545 = DIRECTION('',(-1.,0.,-1.224646799147E-16));
#1546 = PLANE('',#1547);
#1547 = AXIS2_PLACEMENT_3D('',#1548,#1549,#1550);
#1548 = CARTESIAN_POINT('',(-4.317619274529E-16,16.743997937745,
    -5.329070518201E-15));
#1549 = DIRECTION('',(-0.,-0.,-1.));
#1550 = DIRECTION('',(-1.,0.,0.));
#1551 = ADVANCED_FACE('',(#1552),#1587,.T.);
#1552 = FACE_BOUND('',#1553,.F.);
#1553 = EDGE_LOOP('',(#1554,#1555,#1561,#1562,#1563,#1564,#1572,#1581));
#1554 = ORIENTED_EDGE('',*,*,#1488,.F.);
#1555 = ORIENTED_EDGE('',*,*,#1556,.T.);
#1556 = EDGE_CURVE('',#1489,#1111,#1557,.T.);
#1557 = LINE('',#1558,#1559);
#1558 = CARTESIAN_POINT('',(-24.,10.,0.));
#1559 = VECTOR('',#1560,1.);
#1560 = DIRECTION('',(0.,0.,1.));
#1561 = ORIENTED_EDGE('',*,*,#1118,.T.);
#1562 = ORIENTED_EDGE('',*,*,#900,.F.);
#1563 = ORIENTED_EDGE('',*,*,#1235,.F.);
#1564 = ORIENTED_EDGE('',*,*,#1565,.F.);
#1565 = EDGE_CURVE('',#1566,#1236,#1568,.T.);
#1566 = VERTEX_POINT('',#1567);
#1567 = CARTESIAN_POINT('',(-32.5,15.454356057318,30.));
#1568 = LINE('',#1569,#1570);
#1569 = CARTESIAN_POINT('',(-32.5,15.454356057318,0.));
#1570 = VECTOR('',#1571,1.);
#1571 = DIRECTION('',(-0.,-0.,-1.));
#1572 = ORIENTED_EDGE('',*,*,#1573,.T.);
#1573 = EDGE_CURVE('',#1566,#1574,#1576,.T.);
#1574 = VERTEX_POINT('',#1575);
#1575 = CARTESIAN_POINT('',(-27.5,15.454356057318,30.));
#1576 = CIRCLE('',#1577,6.);
#1577 = AXIS2_PLACEMENT_3D('',#1578,#1579,#1580);
#1578 = CARTESIAN_POINT('',(-30.,10.,30.));
#1579 = DIRECTION('',(0.,0.,-1.));
#1580 = DIRECTION('',(1.,0.,0.));
#1581 = ORIENTED_EDGE('',*,*,#1582,.T.);
#1582 = EDGE_CURVE('',#1574,#1481,#1583,.T.);
#1583 = LINE('',#1584,#1585);
#1584 = CARTESIAN_POINT('',(-27.5,15.454356057318,0.));
#1585 = VECTOR('',#1586,1.);
#1586 = DIRECTION('',(-0.,-0.,-1.));
#1587 = CYLINDRICAL_SURFACE('',#1588,6.);
#1588 = AXIS2_PLACEMENT_3D('',#1589,#1590,#1591);
#1589 = CARTESIAN_POINT('',(-30.,10.,0.));
#1590 = DIRECTION('',(-0.,-0.,-1.));
#1591 = DIRECTION('',(1.,0.,0.));
#1592 = ADVANCED_FACE('',(#1593),#1612,.F.);
#1593 = FACE_BOUND('',#1594,.T.);
#1594 = EDGE_LOOP('',(#1595,#1604,#1610,#1611));
#1595 = ORIENTED_EDGE('',*,*,#1596,.T.);
#1596 = EDGE_CURVE('',#1597,#1597,#1599,.T.);
#1597 = VERTEX_POINT('',#1598);
#1598 = CARTESIAN_POINT('',(-31.,-6.,8.7));
#1599 = CIRCLE('',#1600,1.7);
#1600 = AXIS2_PLACEMENT_3D('',#1601,#1602,#1603);
#1601 = CARTESIAN_POINT('',(-31.,-6.,7.));
#1602 = DIRECTION('',(1.,0.,2.22044604925E-16));
#1603 = DIRECTION('',(-2.22044604925E-16,0.,1.));
#1604 = ORIENTED_EDGE('',*,*,#1605,.T.);
#1605 = EDGE_CURVE('',#1597,#917,#1606,.T.);
#1606 = LINE('',#1607,#1608);
#1607 = CARTESIAN_POINT('',(-24.,-6.,8.7));
#1608 = VECTOR('',#1609,1.);
#1609 = DIRECTION('',(-1.,0.,-2.22044604925E-16));
#1610 = ORIENTED_EDGE('',*,*,#916,.F.);
#1611 = ORIENTED_EDGE('',*,*,#1605,.F.);
#1612 = CYLINDRICAL_SURFACE('',#1613,1.7);
#1613 = AXIS2_PLACEMENT_3D('',#1614,#1615,#1616);
#1614 = CARTESIAN_POINT('',(-24.,-6.,7.));
#1615 = DIRECTION('',(1.,-0.,2.22044604925E-16));
#1616 = DIRECTION('',(-2.22044604925E-16,0.,1.));
#1617 = ADVANCED_FACE('',(#1618),#1637,.F.);
#1618 = FACE_BOUND('',#1619,.T.);
#1619 = EDGE_LOOP('',(#1620,#1629,#1635,#1636));
#1620 = ORIENTED_EDGE('',*,*,#1621,.T.);
#1621 = EDGE_CURVE('',#1622,#1622,#1624,.T.);
#1622 = VERTEX_POINT('',#1623);
#1623 = CARTESIAN_POINT('',(-31.,-6.,24.7));
#1624 = CIRCLE('',#1625,1.7);
#1625 = AXIS2_PLACEMENT_3D('',#1626,#1627,#1628);
#1626 = CARTESIAN_POINT('',(-31.,-6.,23.));
#1627 = DIRECTION('',(1.,0.,2.22044604925E-16));
#1628 = DIRECTION('',(-2.22044604925E-16,0.,1.));
#1629 = ORIENTED_EDGE('',*,*,#1630,.T.);
#1630 = EDGE_CURVE('',#1622,#928,#1631,.T.);
#1631 = LINE('',#1632,#1633);
#1632 = CARTESIAN_POINT('',(-24.,-6.,24.7));
#1633 = VECTOR('',#1634,1.);
#1634 = DIRECTION('',(-1.,0.,-2.22044604925E-16));
#1635 = ORIENTED_EDGE('',*,*,#927,.F.);
#1636 = ORIENTED_EDGE('',*,*,#1630,.F.);
#1637 = CYLINDRICAL_SURFACE('',#1638,1.7);
#1638 = AXIS2_PLACEMENT_3D('',#1639,#1640,#1641);
#1639 = CARTESIAN_POINT('',(-24.,-6.,23.));
#1640 = DIRECTION('',(1.,-0.,2.22044604925E-16));
#1641 = DIRECTION('',(-2.22044604925E-16,0.,1.));
#1642 = ADVANCED_FACE('',(#1643,#1654,#1657),#1660,.T.);
#1643 = FACE_BOUND('',#1644,.T.);
#1644 = EDGE_LOOP('',(#1645,#1651,#1652,#1653));
#1645 = ORIENTED_EDGE('',*,*,#1646,.F.);
#1646 = EDGE_CURVE('',#978,#1437,#1647,.T.);
#1647 = LINE('',#1648,#1649);
#1648 = CARTESIAN_POINT('',(-31.,-4.079215610874,-0.5));
#1649 = VECTOR('',#1650,1.);
#1650 = DIRECTION('',(-0.,-0.,-1.));
#1651 = ORIENTED_EDGE('',*,*,#977,.F.);
#1652 = ORIENTED_EDGE('',*,*,#961,.T.);
#1653 = ORIENTED_EDGE('',*,*,#1445,.F.);
#1654 = FACE_BOUND('',#1655,.T.);
#1655 = EDGE_LOOP('',(#1656));
#1656 = ORIENTED_EDGE('',*,*,#1596,.F.);
#1657 = FACE_BOUND('',#1658,.T.);
#1658 = EDGE_LOOP('',(#1659));
#1659 = ORIENTED_EDGE('',*,*,#1621,.F.);
#1660 = PLANE('',#1661);
#1661 = AXIS2_PLACEMENT_3D('',#1662,#1663,#1664);
#1662 = CARTESIAN_POINT('',(-31.,-20.,-0.5));
#1663 = DIRECTION('',(1.,0.,0.));
#1664 = DIRECTION('',(0.,0.,1.));
#1665 = ADVANCED_FACE('',(#1666,#1677,#1688,#1699,#1710,#1721,#1759,
    #1770,#1781,#1792,#1803,#1814),#1825,.T.);
#1666 = FACE_BOUND('',#1667,.T.);
#1667 = EDGE_LOOP('',(#1668,#1669,#1670,#1671));
#1668 = ORIENTED_EDGE('',*,*,#1497,.F.);
#1669 = ORIENTED_EDGE('',*,*,#1556,.T.);
#1670 = ORIENTED_EDGE('',*,*,#1110,.T.);
#1671 = ORIENTED_EDGE('',*,*,#1672,.T.);
#1672 = EDGE_CURVE('',#1102,#1456,#1673,.T.);
#1673 = LINE('',#1674,#1675);
#1674 = CARTESIAN_POINT('',(24.,10.,0.));
#1675 = VECTOR('',#1676,1.);
#1676 = DIRECTION('',(-0.,-0.,-1.));
#1677 = FACE_BOUND('',#1678,.T.);
#1678 = EDGE_LOOP('',(#1679));
#1679 = ORIENTED_EDGE('',*,*,#1680,.T.);
#1680 = EDGE_CURVE('',#1681,#1681,#1683,.T.);
#1681 = VERTEX_POINT('',#1682);
#1682 = CARTESIAN_POINT('',(-18.3,10.,31.9));
#1683 = CIRCLE('',#1684,1.6);
#1684 = AXIS2_PLACEMENT_3D('',#1685,#1686,#1687);
#1685 = CARTESIAN_POINT('',(-19.9,10.,31.9));
#1686 = DIRECTION('',(0.,-1.,2.22044604925E-16));
#1687 = DIRECTION('',(1.,0.,0.));
#1688 = FACE_BOUND('',#1689,.T.);
#1689 = EDGE_LOOP('',(#1690));
#1690 = ORIENTED_EDGE('',*,*,#1691,.T.);
#1691 = EDGE_CURVE('',#1692,#1692,#1694,.T.);
#1692 = VERTEX_POINT('',#1693);
#1693 = CARTESIAN_POINT('',(-15.45,10.,27.05));
#1694 = CIRCLE('',#1695,0.55);
#1695 = AXIS2_PLACEMENT_3D('',#1696,#1697,#1698);
#1696 = CARTESIAN_POINT('',(-16.,10.,27.05));
#1697 = DIRECTION('',(0.,-1.,2.22044604925E-16));
#1698 = DIRECTION('',(1.,0.,0.));
#1699 = FACE_BOUND('',#1700,.T.);
#1700 = EDGE_LOOP('',(#1701));
#1701 = ORIENTED_EDGE('',*,*,#1702,.T.);
#1702 = EDGE_CURVE('',#1703,#1703,#1705,.T.);
#1703 = VERTEX_POINT('',#1704);
#1704 = CARTESIAN_POINT('',(-10.45,10.,27.05));
#1705 = CIRCLE('',#1706,0.55);
#1706 = AXIS2_PLACEMENT_3D('',#1707,#1708,#1709);
#1707 = CARTESIAN_POINT('',(-11.,10.,27.05));
#1708 = DIRECTION('',(0.,-1.,2.22044604925E-16));
#1709 = DIRECTION('',(1.,0.,0.));
#1710 = FACE_BOUND('',#1711,.T.);
#1711 = EDGE_LOOP('',(#1712));
#1712 = ORIENTED_EDGE('',*,*,#1713,.T.);
#1713 = EDGE_CURVE('',#1714,#1714,#1716,.T.);
#1714 = VERTEX_POINT('',#1715);
#1715 = CARTESIAN_POINT('',(-5.45,10.,27.05));
#1716 = CIRCLE('',#1717,0.55);
#1717 = AXIS2_PLACEMENT_3D('',#1718,#1719,#1720);
#1718 = CARTESIAN_POINT('',(-6.,10.,27.05));
#1719 = DIRECTION('',(0.,-1.,2.22044604925E-16));
#1720 = DIRECTION('',(1.,0.,0.));
#1721 = FACE_BOUND('',#1722,.T.);
#1722 = EDGE_LOOP('',(#1723,#1734,#1743,#1752));
#1723 = ORIENTED_EDGE('',*,*,#1724,.T.);
#1724 = EDGE_CURVE('',#1725,#1727,#1729,.T.);
#1725 = VERTEX_POINT('',#1726);
#1726 = CARTESIAN_POINT('',(3.21535181014,10.,24.420960033014));
#1727 = VERTEX_POINT('',#1728);
#1728 = CARTESIAN_POINT('',(9.954545454545,10.,15.));
#1729 = CIRCLE('',#1730,9.954545454545);
#1730 = AXIS2_PLACEMENT_3D('',#1731,#1732,#1733);
#1731 = CARTESIAN_POINT('',(0.,10.,15.));
#1732 = DIRECTION('',(0.,-1.,-2.22044604925E-16));
#1733 = DIRECTION('',(1.,0.,0.));
#1734 = ORIENTED_EDGE('',*,*,#1735,.T.);
#1735 = EDGE_CURVE('',#1727,#1736,#1738,.T.);
#1736 = VERTEX_POINT('',#1737);
#1737 = CARTESIAN_POINT('',(4.053997280486,10.,24.091648984449));
#1738 = CIRCLE('',#1739,9.954545454545);
#1739 = AXIS2_PLACEMENT_3D('',#1740,#1741,#1742);
#1740 = CARTESIAN_POINT('',(0.,10.,15.));
#1741 = DIRECTION('',(0.,-1.,-2.22044604925E-16));
#1742 = DIRECTION('',(1.,0.,0.));
#1743 = ORIENTED_EDGE('',*,*,#1744,.T.);
#1744 = EDGE_CURVE('',#1736,#1745,#1747,.T.);
#1745 = VERTEX_POINT('',#1746);
#1746 = CARTESIAN_POINT('',(4.3,10.,24.55));
#1747 = CIRCLE('',#1748,0.55);
#1748 = AXIS2_PLACEMENT_3D('',#1749,#1750,#1751);
#1749 = CARTESIAN_POINT('',(3.75,10.,24.55));
#1750 = DIRECTION('',(0.,-1.,2.22044604925E-16));
#1751 = DIRECTION('',(1.,0.,0.));
#1752 = ORIENTED_EDGE('',*,*,#1753,.T.);
#1753 = EDGE_CURVE('',#1745,#1725,#1754,.T.);
#1754 = CIRCLE('',#1755,0.55);
#1755 = AXIS2_PLACEMENT_3D('',#1756,#1757,#1758);
#1756 = CARTESIAN_POINT('',(3.75,10.,24.55));
#1757 = DIRECTION('',(0.,-1.,2.22044604925E-16));
#1758 = DIRECTION('',(1.,0.,0.));
#1759 = FACE_BOUND('',#1760,.T.);
#1760 = EDGE_LOOP('',(#1761));
#1761 = ORIENTED_EDGE('',*,*,#1762,.T.);
#1762 = EDGE_CURVE('',#1763,#1763,#1765,.T.);
#1763 = VERTEX_POINT('',#1764);
#1764 = CARTESIAN_POINT('',(0.1,10.,31.9));
#1765 = CIRCLE('',#1766,1.6);
#1766 = AXIS2_PLACEMENT_3D('',#1767,#1768,#1769);
#1767 = CARTESIAN_POINT('',(-1.5,10.,31.9));
#1768 = DIRECTION('',(0.,-1.,2.22044604925E-16));
#1769 = DIRECTION('',(1.,0.,0.));
#1770 = FACE_BOUND('',#1771,.T.);
#1771 = EDGE_LOOP('',(#1772));
#1772 = ORIENTED_EDGE('',*,*,#1773,.T.);
#1773 = EDGE_CURVE('',#1774,#1774,#1776,.T.);
#1774 = VERTEX_POINT('',#1775);
#1775 = CARTESIAN_POINT('',(4.3,10.,27.05));
#1776 = CIRCLE('',#1777,0.55);
#1777 = AXIS2_PLACEMENT_3D('',#1778,#1779,#1780);
#1778 = CARTESIAN_POINT('',(3.75,10.,27.05));
#1779 = DIRECTION('',(0.,-1.,2.22044604925E-16));
#1780 = DIRECTION('',(1.,0.,0.));
#1781 = FACE_BOUND('',#1782,.T.);
#1782 = EDGE_LOOP('',(#1783));
#1783 = ORIENTED_EDGE('',*,*,#1784,.T.);
#1784 = EDGE_CURVE('',#1785,#1785,#1787,.T.);
#1785 = VERTEX_POINT('',#1786);
#1786 = CARTESIAN_POINT('',(4.3,10.,29.55));
#1787 = CIRCLE('',#1788,0.55);
#1788 = AXIS2_PLACEMENT_3D('',#1789,#1790,#1791);
#1789 = CARTESIAN_POINT('',(3.75,10.,29.55));
#1790 = DIRECTION('',(0.,-1.,2.22044604925E-16));
#1791 = DIRECTION('',(1.,0.,0.));
#1792 = FACE_BOUND('',#1793,.T.);
#1793 = EDGE_LOOP('',(#1794));
#1794 = ORIENTED_EDGE('',*,*,#1795,.T.);
#1795 = EDGE_CURVE('',#1796,#1796,#1798,.T.);
#1796 = VERTEX_POINT('',#1797);
#1797 = CARTESIAN_POINT('',(4.3,10.,32.05));
#1798 = CIRCLE('',#1799,0.55);
#1799 = AXIS2_PLACEMENT_3D('',#1800,#1801,#1802);
#1800 = CARTESIAN_POINT('',(3.75,10.,32.05));
#1801 = DIRECTION('',(0.,-1.,2.22044604925E-16));
#1802 = DIRECTION('',(1.,0.,0.));
#1803 = FACE_BOUND('',#1804,.T.);
#1804 = EDGE_LOOP('',(#1805));
#1805 = ORIENTED_EDGE('',*,*,#1806,.T.);
#1806 = EDGE_CURVE('',#1807,#1807,#1809,.T.);
#1807 = VERTEX_POINT('',#1808);
#1808 = CARTESIAN_POINT('',(14.6,10.,21.5));
#1809 = CIRCLE('',#1810,1.6);
#1810 = AXIS2_PLACEMENT_3D('',#1811,#1812,#1813);
#1811 = CARTESIAN_POINT('',(13.,10.,21.5));
#1812 = DIRECTION('',(0.,-1.,2.22044604925E-16));
#1813 = DIRECTION('',(1.,0.,0.));
#1814 = FACE_BOUND('',#1815,.T.);
#1815 = EDGE_LOOP('',(#1816));
#1816 = ORIENTED_EDGE('',*,*,#1817,.T.);
#1817 = EDGE_CURVE('',#1818,#1818,#1820,.T.);
#1818 = VERTEX_POINT('',#1819);
#1819 = CARTESIAN_POINT('',(14.6,10.,31.9));
#1820 = CIRCLE('',#1821,1.6);
#1821 = AXIS2_PLACEMENT_3D('',#1822,#1823,#1824);
#1822 = CARTESIAN_POINT('',(13.,10.,31.9));
#1823 = DIRECTION('',(0.,-1.,2.22044604925E-16));
#1824 = DIRECTION('',(1.,0.,0.));
#1825 = PLANE('',#1826);
#1826 = AXIS2_PLACEMENT_3D('',#1827,#1828,#1829);
#1827 = CARTESIAN_POINT('',(-36.,10.,0.));
#1828 = DIRECTION('',(0.,1.,0.));
#1829 = DIRECTION('',(0.,0.,1.));
#1830 = ADVANCED_FACE('',(#1831),#1866,.T.);
#1831 = FACE_BOUND('',#1832,.F.);
#1832 = EDGE_LOOP('',(#1833,#1834,#1840,#1841,#1842,#1843,#1851,#1860));
#1833 = ORIENTED_EDGE('',*,*,#1320,.F.);
#1834 = ORIENTED_EDGE('',*,*,#1835,.T.);
#1835 = EDGE_CURVE('',#1321,#1094,#1836,.T.);
#1836 = LINE('',#1837,#1838);
#1837 = CARTESIAN_POINT('',(36.,10.,0.));
#1838 = VECTOR('',#1839,1.);
#1839 = DIRECTION('',(0.,0.,1.));
#1840 = ORIENTED_EDGE('',*,*,#1101,.T.);
#1841 = ORIENTED_EDGE('',*,*,#1672,.T.);
#1842 = ORIENTED_EDGE('',*,*,#1453,.F.);
#1843 = ORIENTED_EDGE('',*,*,#1844,.F.);
#1844 = EDGE_CURVE('',#1845,#1454,#1847,.T.);
#1845 = VERTEX_POINT('',#1846);
#1846 = CARTESIAN_POINT('',(27.5,15.454356057318,30.));
#1847 = LINE('',#1848,#1849);
#1848 = CARTESIAN_POINT('',(27.5,15.454356057318,0.));
#1849 = VECTOR('',#1850,1.);
#1850 = DIRECTION('',(-0.,-0.,-1.));
#1851 = ORIENTED_EDGE('',*,*,#1852,.T.);
#1852 = EDGE_CURVE('',#1845,#1853,#1855,.T.);
#1853 = VERTEX_POINT('',#1854);
#1854 = CARTESIAN_POINT('',(32.5,15.454356057318,30.));
#1855 = CIRCLE('',#1856,6.);
#1856 = AXIS2_PLACEMENT_3D('',#1857,#1858,#1859);
#1857 = CARTESIAN_POINT('',(30.,10.,30.));
#1858 = DIRECTION('',(0.,0.,-1.));
#1859 = DIRECTION('',(1.,0.,0.));
#1860 = ORIENTED_EDGE('',*,*,#1861,.T.);
#1861 = EDGE_CURVE('',#1853,#1313,#1862,.T.);
#1862 = LINE('',#1863,#1864);
#1863 = CARTESIAN_POINT('',(32.5,15.454356057318,0.));
#1864 = VECTOR('',#1865,1.);
#1865 = DIRECTION('',(-0.,-0.,-1.));
#1866 = CYLINDRICAL_SURFACE('',#1867,6.);
#1867 = AXIS2_PLACEMENT_3D('',#1868,#1869,#1870);
#1868 = CARTESIAN_POINT('',(30.,10.,0.));
#1869 = DIRECTION('',(-0.,-0.,-1.));
#1870 = DIRECTION('',(1.,0.,0.));
#1871 = ADVANCED_FACE('',(#1872,#1883,#1894),#1905,.T.);
#1872 = FACE_BOUND('',#1873,.T.);
#1873 = EDGE_LOOP('',(#1874,#1880,#1881,#1882));
#1874 = ORIENTED_EDGE('',*,*,#1875,.F.);
#1875 = EDGE_CURVE('',#1330,#1086,#1876,.T.);
#1876 = LINE('',#1877,#1878);
#1877 = CARTESIAN_POINT('',(36.,-12.,0.));
#1878 = VECTOR('',#1879,1.);
#1879 = DIRECTION('',(0.,0.,1.));
#1880 = ORIENTED_EDGE('',*,*,#1329,.T.);
#1881 = ORIENTED_EDGE('',*,*,#1835,.T.);
#1882 = ORIENTED_EDGE('',*,*,#1093,.F.);
#1883 = FACE_BOUND('',#1884,.T.);
#1884 = EDGE_LOOP('',(#1885));
#1885 = ORIENTED_EDGE('',*,*,#1886,.T.);
#1886 = EDGE_CURVE('',#1887,#1887,#1889,.T.);
#1887 = VERTEX_POINT('',#1888);
#1888 = CARTESIAN_POINT('',(36.,-6.,5.3));
#1889 = CIRCLE('',#1890,1.7);
#1890 = AXIS2_PLACEMENT_3D('',#1891,#1892,#1893);
#1891 = CARTESIAN_POINT('',(36.,-6.,7.));
#1892 = DIRECTION('',(-1.,0.,2.22044604925E-16));
#1893 = DIRECTION('',(-2.22044604925E-16,0.,-1.));
#1894 = FACE_BOUND('',#1895,.T.);
#1895 = EDGE_LOOP('',(#1896));
#1896 = ORIENTED_EDGE('',*,*,#1897,.T.);
#1897 = EDGE_CURVE('',#1898,#1898,#1900,.T.);
#1898 = VERTEX_POINT('',#1899);
#1899 = CARTESIAN_POINT('',(36.,-6.,21.3));
#1900 = CIRCLE('',#1901,1.7);
#1901 = AXIS2_PLACEMENT_3D('',#1902,#1903,#1904);
#1902 = CARTESIAN_POINT('',(36.,-6.,23.));
#1903 = DIRECTION('',(-1.,0.,2.22044604925E-16));
#1904 = DIRECTION('',(-2.22044604925E-16,0.,-1.));
#1905 = PLANE('',#1906);
#1906 = AXIS2_PLACEMENT_3D('',#1907,#1908,#1909);
#1907 = CARTESIAN_POINT('',(36.,-12.,0.));
#1908 = DIRECTION('',(1.,0.,0.));
#1909 = DIRECTION('',(0.,0.,1.));
#1910 = ADVANCED_FACE('',(#1911),#1922,.F.);
#1911 = FACE_BOUND('',#1912,.F.);
#1912 = EDGE_LOOP('',(#1913,#1914,#1920,#1921));
#1913 = ORIENTED_EDGE('',*,*,#1337,.F.);
#1914 = ORIENTED_EDGE('',*,*,#1915,.F.);
#1915 = EDGE_CURVE('',#1078,#1338,#1916,.T.);
#1916 = LINE('',#1917,#1918);
#1917 = CARTESIAN_POINT('',(31.,-12.,-0.25));
#1918 = VECTOR('',#1919,1.);
#1919 = DIRECTION('',(0.,0.,-1.));
#1920 = ORIENTED_EDGE('',*,*,#1085,.T.);
#1921 = ORIENTED_EDGE('',*,*,#1875,.F.);
#1922 = PLANE('',#1923);
#1923 = AXIS2_PLACEMENT_3D('',#1924,#1925,#1926);
#1924 = CARTESIAN_POINT('',(-36.,-12.,0.));
#1925 = DIRECTION('',(0.,1.,0.));
#1926 = DIRECTION('',(0.,0.,1.));
#1927 = ADVANCED_FACE('',(#1928,#1939,#1950),#1961,.F.);
#1928 = FACE_BOUND('',#1929,.F.);
#1929 = EDGE_LOOP('',(#1930,#1936,#1937,#1938));
#1930 = ORIENTED_EDGE('',*,*,#1931,.F.);
#1931 = EDGE_CURVE('',#1069,#1346,#1932,.T.);
#1932 = LINE('',#1933,#1934);
#1933 = CARTESIAN_POINT('',(31.,-4.079215610874,-0.5));
#1934 = VECTOR('',#1935,1.);
#1935 = DIRECTION('',(-0.,-0.,-1.));
#1936 = ORIENTED_EDGE('',*,*,#1077,.F.);
#1937 = ORIENTED_EDGE('',*,*,#1915,.T.);
#1938 = ORIENTED_EDGE('',*,*,#1345,.F.);
#1939 = FACE_BOUND('',#1940,.F.);
#1940 = EDGE_LOOP('',(#1941));
#1941 = ORIENTED_EDGE('',*,*,#1942,.T.);
#1942 = EDGE_CURVE('',#1943,#1943,#1945,.T.);
#1943 = VERTEX_POINT('',#1944);
#1944 = CARTESIAN_POINT('',(31.,-6.,5.3));
#1945 = CIRCLE('',#1946,1.7);
#1946 = AXIS2_PLACEMENT_3D('',#1947,#1948,#1949);
#1947 = CARTESIAN_POINT('',(31.,-6.,7.));
#1948 = DIRECTION('',(-1.,0.,2.22044604925E-16));
#1949 = DIRECTION('',(-2.22044604925E-16,0.,-1.));
#1950 = FACE_BOUND('',#1951,.F.);
#1951 = EDGE_LOOP('',(#1952));
#1952 = ORIENTED_EDGE('',*,*,#1953,.T.);
#1953 = EDGE_CURVE('',#1954,#1954,#1956,.T.);
#1954 = VERTEX_POINT('',#1955);
#1955 = CARTESIAN_POINT('',(31.,-6.,21.3));
#1956 = CIRCLE('',#1957,1.7);
#1957 = AXIS2_PLACEMENT_3D('',#1958,#1959,#1960);
#1958 = CARTESIAN_POINT('',(31.,-6.,23.));
#1959 = DIRECTION('',(-1.,0.,2.22044604925E-16));
#1960 = DIRECTION('',(-2.22044604925E-16,0.,-1.));
#1961 = PLANE('',#1962);
#1962 = AXIS2_PLACEMENT_3D('',#1963,#1964,#1965);
#1963 = CARTESIAN_POINT('',(31.,-20.,-0.5));
#1964 = DIRECTION('',(1.,0.,0.));
#1965 = DIRECTION('',(0.,0.,1.));
#1966 = ADVANCED_FACE('',(#1967),#1978,.F.);
#1967 = FACE_BOUND('',#1968,.T.);
#1968 = EDGE_LOOP('',(#1969,#1970,#1971,#1977));
#1969 = ORIENTED_EDGE('',*,*,#1931,.F.);
#1970 = ORIENTED_EDGE('',*,*,#1068,.F.);
#1971 = ORIENTED_EDGE('',*,*,#1972,.T.);
#1972 = EDGE_CURVE('',#1061,#1354,#1973,.T.);
#1973 = LINE('',#1974,#1975);
#1974 = CARTESIAN_POINT('',(29.,-4.079215610874,-0.5));
#1975 = VECTOR('',#1976,1.);
#1976 = DIRECTION('',(-0.,-0.,-1.));
#1977 = ORIENTED_EDGE('',*,*,#1353,.T.);
#1978 = CYLINDRICAL_SURFACE('',#1979,4.2);
#1979 = AXIS2_PLACEMENT_3D('',#1980,#1981,#1982);
#1980 = CARTESIAN_POINT('',(30.,0.,-0.5));
#1981 = DIRECTION('',(-0.,-0.,-1.));
#1982 = DIRECTION('',(1.,0.,0.));
#1983 = ADVANCED_FACE('',(#1984,#1995,#2006),#2017,.T.);
#1984 = FACE_BOUND('',#1985,.T.);
#1985 = EDGE_LOOP('',(#1986,#1987,#1988,#1994));
#1986 = ORIENTED_EDGE('',*,*,#1972,.F.);
#1987 = ORIENTED_EDGE('',*,*,#1060,.F.);
#1988 = ORIENTED_EDGE('',*,*,#1989,.T.);
#1989 = EDGE_CURVE('',#1053,#1363,#1990,.T.);
#1990 = LINE('',#1991,#1992);
#1991 = CARTESIAN_POINT('',(29.,-12.,-0.25));
#1992 = VECTOR('',#1993,1.);
#1993 = DIRECTION('',(0.,0.,-1.));
#1994 = ORIENTED_EDGE('',*,*,#1362,.F.);
#1995 = FACE_BOUND('',#1996,.T.);
#1996 = EDGE_LOOP('',(#1997));
#1997 = ORIENTED_EDGE('',*,*,#1998,.T.);
#1998 = EDGE_CURVE('',#1999,#1999,#2001,.T.);
#1999 = VERTEX_POINT('',#2000);
#2000 = CARTESIAN_POINT('',(29.,-6.,5.3));
#2001 = CIRCLE('',#2002,1.7);
#2002 = AXIS2_PLACEMENT_3D('',#2003,#2004,#2005);
#2003 = CARTESIAN_POINT('',(29.,-6.,7.));
#2004 = DIRECTION('',(-1.,0.,2.22044604925E-16));
#2005 = DIRECTION('',(-2.22044604925E-16,0.,-1.));
#2006 = FACE_BOUND('',#2007,.T.);
#2007 = EDGE_LOOP('',(#2008));
#2008 = ORIENTED_EDGE('',*,*,#2009,.T.);
#2009 = EDGE_CURVE('',#2010,#2010,#2012,.T.);
#2010 = VERTEX_POINT('',#2011);
#2011 = CARTESIAN_POINT('',(29.,-6.,21.3));
#2012 = CIRCLE('',#2013,1.7);
#2013 = AXIS2_PLACEMENT_3D('',#2014,#2015,#2016);
#2014 = CARTESIAN_POINT('',(29.,-6.,23.));
#2015 = DIRECTION('',(-1.,0.,2.22044604925E-16));
#2016 = DIRECTION('',(-2.22044604925E-16,0.,-1.));
#2017 = PLANE('',#2018);
#2018 = AXIS2_PLACEMENT_3D('',#2019,#2020,#2021);
#2019 = CARTESIAN_POINT('',(29.,-20.,-0.5));
#2020 = DIRECTION('',(1.,0.,0.));
#2021 = DIRECTION('',(0.,0.,1.));
#2022 = ADVANCED_FACE('',(#2023),#2034,.F.);
#2023 = FACE_BOUND('',#2024,.F.);
#2024 = EDGE_LOOP('',(#2025,#2026,#2032,#2033));
#2025 = ORIENTED_EDGE('',*,*,#1370,.F.);
#2026 = ORIENTED_EDGE('',*,*,#2027,.F.);
#2027 = EDGE_CURVE('',#1045,#1371,#2028,.T.);
#2028 = LINE('',#2029,#2030);
#2029 = CARTESIAN_POINT('',(24.,-12.,-0.25));
#2030 = VECTOR('',#2031,1.);
#2031 = DIRECTION('',(0.,0.,-1.));
#2032 = ORIENTED_EDGE('',*,*,#1052,.T.);
#2033 = ORIENTED_EDGE('',*,*,#1989,.T.);
#2034 = PLANE('',#2035);
#2035 = AXIS2_PLACEMENT_3D('',#2036,#2037,#2038);
#2036 = CARTESIAN_POINT('',(-36.,-12.,0.));
#2037 = DIRECTION('',(0.,1.,0.));
#2038 = DIRECTION('',(0.,0.,1.));
#2039 = ADVANCED_FACE('',(#2040,#2051,#2101),#2151,.F.);
#2040 = FACE_BOUND('',#2041,.F.);
#2041 = EDGE_LOOP('',(#2042,#2048,#2049,#2050));
#2042 = ORIENTED_EDGE('',*,*,#2043,.T.);
#2043 = EDGE_CURVE('',#1379,#1036,#2044,.T.);
#2044 = LINE('',#2045,#2046);
#2045 = CARTESIAN_POINT('',(24.,1.,-0.5));
#2046 = VECTOR('',#2047,1.);
#2047 = DIRECTION('',(0.,0.,1.));
#2048 = ORIENTED_EDGE('',*,*,#1044,.F.);
#2049 = ORIENTED_EDGE('',*,*,#2027,.T.);
#2050 = ORIENTED_EDGE('',*,*,#1378,.F.);
#2051 = FACE_BOUND('',#2052,.F.);
#2052 = EDGE_LOOP('',(#2053,#2063,#2071,#2079,#2087,#2095));
#2053 = ORIENTED_EDGE('',*,*,#2054,.T.);
#2054 = EDGE_CURVE('',#2055,#2057,#2059,.T.);
#2055 = VERTEX_POINT('',#2056);
#2056 = CARTESIAN_POINT('',(24.,-3.22871870789,8.6));
#2057 = VERTEX_POINT('',#2058);
#2058 = CARTESIAN_POINT('',(24.,-3.22871870789,5.4));
#2059 = LINE('',#2060,#2061);
#2060 = CARTESIAN_POINT('',(24.,-3.22871870789,2.45));
#2061 = VECTOR('',#2062,1.);
#2062 = DIRECTION('',(0.,-2.775557561563E-16,-1.));
#2063 = ORIENTED_EDGE('',*,*,#2064,.T.);
#2064 = EDGE_CURVE('',#2057,#2065,#2067,.T.);
#2065 = VERTEX_POINT('',#2066);
#2066 = CARTESIAN_POINT('',(24.,-6.,3.8));
#2067 = LINE('',#2068,#2069);
#2068 = CARTESIAN_POINT('',(24.,-11.80597730906,0.447917437701));
#2069 = VECTOR('',#2070,1.);
#2070 = DIRECTION('',(0.,-0.866025403784,-0.5));
#2071 = ORIENTED_EDGE('',*,*,#2072,.T.);
#2072 = EDGE_CURVE('',#2065,#2073,#2075,.T.);
#2073 = VERTEX_POINT('',#2074);
#2074 = CARTESIAN_POINT('',(24.,-8.77128129211,5.4));
#2075 = LINE('',#2076,#2077);
#2076 = CARTESIAN_POINT('',(24.,-11.32966333698,6.877082562299));
#2077 = VECTOR('',#2078,1.);
#2078 = DIRECTION('',(0.,-0.866025403784,0.5));
#2079 = ORIENTED_EDGE('',*,*,#2080,.T.);
#2080 = EDGE_CURVE('',#2073,#2081,#2083,.T.);
#2081 = VERTEX_POINT('',#2082);
#2082 = CARTESIAN_POINT('',(24.,-8.77128129211,8.6));
#2083 = LINE('',#2084,#2085);
#2084 = CARTESIAN_POINT('',(24.,-8.77128129211,4.05));
#2085 = VECTOR('',#2086,1.);
#2086 = DIRECTION('',(0.,6.938893903907E-16,1.));
#2087 = ORIENTED_EDGE('',*,*,#2088,.T.);
#2088 = EDGE_CURVE('',#2081,#2089,#2091,.T.);
#2089 = VERTEX_POINT('',#2090);
#2090 = CARTESIAN_POINT('',(24.,-6.,10.2));
#2091 = LINE('',#2092,#2093);
#2092 = CARTESIAN_POINT('',(24.,-13.19161795512,6.047917437701));
#2093 = VECTOR('',#2094,1.);
#2094 = DIRECTION('',(0.,0.866025403784,0.5));
#2095 = ORIENTED_EDGE('',*,*,#2096,.T.);
#2096 = EDGE_CURVE('',#2089,#2055,#2097,.T.);
#2097 = LINE('',#2098,#2099);
#2098 = CARTESIAN_POINT('',(24.,-7.172741398822,10.877082562299));
#2099 = VECTOR('',#2100,1.);
#2100 = DIRECTION('',(0.,0.866025403784,-0.5));
#2101 = FACE_BOUND('',#2102,.F.);
#2102 = EDGE_LOOP('',(#2103,#2113,#2121,#2129,#2137,#2145));
#2103 = ORIENTED_EDGE('',*,*,#2104,.T.);
#2104 = EDGE_CURVE('',#2105,#2107,#2109,.T.);
#2105 = VERTEX_POINT('',#2106);
#2106 = CARTESIAN_POINT('',(24.,-3.22871870789,24.6));
#2107 = VERTEX_POINT('',#2108);
#2108 = CARTESIAN_POINT('',(24.,-3.22871870789,21.4));
#2109 = LINE('',#2110,#2111);
#2110 = CARTESIAN_POINT('',(24.,-3.22871870789,10.45));
#2111 = VECTOR('',#2112,1.);
#2112 = DIRECTION('',(0.,-2.775557561563E-16,-1.));
#2113 = ORIENTED_EDGE('',*,*,#2114,.T.);
#2114 = EDGE_CURVE('',#2107,#2115,#2117,.T.);
#2115 = VERTEX_POINT('',#2116);
#2116 = CARTESIAN_POINT('',(24.,-6.,19.8));
#2117 = LINE('',#2118,#2119);
#2118 = CARTESIAN_POINT('',(24.,-15.2700789242,14.447917437701));
#2119 = VECTOR('',#2120,1.);
#2120 = DIRECTION('',(0.,-0.866025403784,-0.5));
#2121 = ORIENTED_EDGE('',*,*,#2122,.T.);
#2122 = EDGE_CURVE('',#2115,#2123,#2125,.T.);
#2123 = VERTEX_POINT('',#2124);
#2124 = CARTESIAN_POINT('',(24.,-8.77128129211,21.4));
#2125 = LINE('',#2126,#2127);
#2126 = CARTESIAN_POINT('',(24.,-7.865561721849,20.877082562299));
#2127 = VECTOR('',#2128,1.);
#2128 = DIRECTION('',(0.,-0.866025403784,0.5));
#2129 = ORIENTED_EDGE('',*,*,#2130,.T.);
#2130 = EDGE_CURVE('',#2123,#2131,#2133,.T.);
#2131 = VERTEX_POINT('',#2132);
#2132 = CARTESIAN_POINT('',(24.,-8.77128129211,24.6));
#2133 = LINE('',#2134,#2135);
#2134 = CARTESIAN_POINT('',(24.,-8.77128129211,12.05));
#2135 = VECTOR('',#2136,1.);
#2136 = DIRECTION('',(0.,6.938893903907E-16,1.));
#2137 = ORIENTED_EDGE('',*,*,#2138,.T.);
#2138 = EDGE_CURVE('',#2131,#2139,#2141,.T.);
#2139 = VERTEX_POINT('',#2140);
#2140 = CARTESIAN_POINT('',(24.,-6.,26.2));
#2141 = LINE('',#2142,#2143);
#2142 = CARTESIAN_POINT('',(24.,-16.65571957026,20.047917437701));
#2143 = VECTOR('',#2144,1.);
#2144 = DIRECTION('',(0.,0.866025403784,0.5));
#2145 = ORIENTED_EDGE('',*,*,#2146,.T.);
#2146 = EDGE_CURVE('',#2139,#2105,#2147,.T.);
#2147 = LINE('',#2148,#2149);
#2148 = CARTESIAN_POINT('',(24.,-3.708639783684,24.877082562299));
#2149 = VECTOR('',#2150,1.);
#2150 = DIRECTION('',(0.,0.866025403784,-0.5));
#2151 = PLANE('',#2152);
#2152 = AXIS2_PLACEMENT_3D('',#2153,#2154,#2155);
#2153 = CARTESIAN_POINT('',(24.,-19.,-0.5));
#2154 = DIRECTION('',(1.,0.,0.));
#2155 = DIRECTION('',(0.,0.,1.));
#2156 = ADVANCED_FACE('',(#2157),#2168,.F.);
#2157 = FACE_BOUND('',#2158,.T.);
#2158 = EDGE_LOOP('',(#2159,#2160,#2161,#2162));
#2159 = ORIENTED_EDGE('',*,*,#1386,.T.);
#2160 = ORIENTED_EDGE('',*,*,#2043,.T.);
#2161 = ORIENTED_EDGE('',*,*,#1035,.F.);
#2162 = ORIENTED_EDGE('',*,*,#2163,.F.);
#2163 = EDGE_CURVE('',#1387,#1028,#2164,.T.);
#2164 = LINE('',#2165,#2166);
#2165 = CARTESIAN_POINT('',(20.,5.,-0.5));
#2166 = VECTOR('',#2167,1.);
#2167 = DIRECTION('',(0.,0.,1.));
#2168 = CYLINDRICAL_SURFACE('',#2169,4.);
#2169 = AXIS2_PLACEMENT_3D('',#2170,#2171,#2172);
#2170 = CARTESIAN_POINT('',(20.,1.,-0.5));
#2171 = DIRECTION('',(-0.,-0.,-1.));
#2172 = DIRECTION('',(1.,0.,0.));
#2173 = ADVANCED_FACE('',(#2174,#2211,#2255,#2266,#2277),#2288,.F.);
#2174 = FACE_BOUND('',#2175,.F.);
#2175 = EDGE_LOOP('',(#2176,#2177,#2185,#2194,#2203,#2209,#2210));
#2176 = ORIENTED_EDGE('',*,*,#1395,.F.);
#2177 = ORIENTED_EDGE('',*,*,#2178,.T.);
#2178 = EDGE_CURVE('',#1396,#2179,#2181,.T.);
#2179 = VERTEX_POINT('',#2180);
#2180 = CARTESIAN_POINT('',(-20.,5.,30.303128057733));
#2181 = LINE('',#2182,#2183);
#2182 = CARTESIAN_POINT('',(-20.,5.,-0.5));
#2183 = VECTOR('',#2184,1.);
#2184 = DIRECTION('',(0.,0.,1.));
#2185 = ORIENTED_EDGE('',*,*,#2186,.T.);
#2186 = EDGE_CURVE('',#2179,#2187,#2189,.T.);
#2187 = VERTEX_POINT('',#2188);
#2188 = CARTESIAN_POINT('',(-18.3,5.,31.9));
#2189 = CIRCLE('',#2190,1.6);
#2190 = AXIS2_PLACEMENT_3D('',#2191,#2192,#2193);
#2191 = CARTESIAN_POINT('',(-19.9,5.,31.9));
#2192 = DIRECTION('',(0.,-1.,2.22044604925E-16));
#2193 = DIRECTION('',(1.,0.,0.));
#2194 = ORIENTED_EDGE('',*,*,#2195,.T.);
#2195 = EDGE_CURVE('',#2187,#2196,#2198,.T.);
#2196 = VERTEX_POINT('',#2197);
#2197 = CARTESIAN_POINT('',(-20.,5.,33.496871942267));
#2198 = CIRCLE('',#2199,1.6);
#2199 = AXIS2_PLACEMENT_3D('',#2200,#2201,#2202);
#2200 = CARTESIAN_POINT('',(-19.9,5.,31.9));
#2201 = DIRECTION('',(0.,-1.,2.22044604925E-16));
#2202 = DIRECTION('',(1.,0.,0.));
#2203 = ORIENTED_EDGE('',*,*,#2204,.T.);
#2204 = EDGE_CURVE('',#2196,#1019,#2205,.T.);
#2205 = LINE('',#2206,#2207);
#2206 = CARTESIAN_POINT('',(-20.,5.,-0.5));
#2207 = VECTOR('',#2208,1.);
#2208 = DIRECTION('',(0.,0.,1.));
#2209 = ORIENTED_EDGE('',*,*,#1027,.F.);
#2210 = ORIENTED_EDGE('',*,*,#2163,.F.);
#2211 = FACE_BOUND('',#2212,.F.);
#2212 = EDGE_LOOP('',(#2213,#2224,#2232,#2240,#2248));
#2213 = ORIENTED_EDGE('',*,*,#2214,.T.);
#2214 = EDGE_CURVE('',#2215,#2217,#2219,.T.);
#2215 = VERTEX_POINT('',#2216);
#2216 = CARTESIAN_POINT('',(9.954545454545,5.,15.));
#2217 = VERTEX_POINT('',#2218);
#2218 = CARTESIAN_POINT('',(-4.,5.,5.884465171664));
#2219 = CIRCLE('',#2220,9.954545454545);
#2220 = AXIS2_PLACEMENT_3D('',#2221,#2222,#2223);
#2221 = CARTESIAN_POINT('',(0.,5.,15.));
#2222 = DIRECTION('',(0.,-1.,-2.22044604925E-16));
#2223 = DIRECTION('',(1.,0.,0.));
#2224 = ORIENTED_EDGE('',*,*,#2225,.T.);
#2225 = EDGE_CURVE('',#2217,#2226,#2228,.T.);
#2226 = VERTEX_POINT('',#2227);
#2227 = CARTESIAN_POINT('',(-4.,5.,2.492730191587E-02));
#2228 = LINE('',#2229,#2230);
#2229 = CARTESIAN_POINT('',(-4.,5.,-0.25));
#2230 = VECTOR('',#2231,1.);
#2231 = DIRECTION('',(0.,0.,-1.));
#2232 = ORIENTED_EDGE('',*,*,#2233,.T.);
#2233 = EDGE_CURVE('',#2226,#2234,#2236,.T.);
#2234 = VERTEX_POINT('',#2235);
#2235 = CARTESIAN_POINT('',(4.,5.,2.492730191587E-02));
#2236 = LINE('',#2237,#2238);
#2237 = CARTESIAN_POINT('',(-12.,5.,2.492730191587E-02));
#2238 = VECTOR('',#2239,1.);
#2239 = DIRECTION('',(1.,0.,0.));
#2240 = ORIENTED_EDGE('',*,*,#2241,.F.);
#2241 = EDGE_CURVE('',#2242,#2234,#2244,.T.);
#2242 = VERTEX_POINT('',#2243);
#2243 = CARTESIAN_POINT('',(4.,5.,5.884465171664));
#2244 = LINE('',#2245,#2246);
#2245 = CARTESIAN_POINT('',(4.,5.,-0.25));
#2246 = VECTOR('',#2247,1.);
#2247 = DIRECTION('',(0.,0.,-1.));
#2248 = ORIENTED_EDGE('',*,*,#2249,.T.);
#2249 = EDGE_CURVE('',#2242,#2215,#2250,.T.);
#2250 = CIRCLE('',#2251,9.954545454545);
#2251 = AXIS2_PLACEMENT_3D('',#2252,#2253,#2254);
#2252 = CARTESIAN_POINT('',(0.,5.,15.));
#2253 = DIRECTION('',(0.,-1.,-2.22044604925E-16));
#2254 = DIRECTION('',(1.,0.,0.));
#2255 = FACE_BOUND('',#2256,.F.);
#2256 = EDGE_LOOP('',(#2257));
#2257 = ORIENTED_EDGE('',*,*,#2258,.T.);
#2258 = EDGE_CURVE('',#2259,#2259,#2261,.T.);
#2259 = VERTEX_POINT('',#2260);
#2260 = CARTESIAN_POINT('',(0.1,5.,31.9));
#2261 = CIRCLE('',#2262,1.6);
#2262 = AXIS2_PLACEMENT_3D('',#2263,#2264,#2265);
#2263 = CARTESIAN_POINT('',(-1.5,5.,31.9));
#2264 = DIRECTION('',(0.,-1.,2.22044604925E-16));
#2265 = DIRECTION('',(1.,0.,0.));
#2266 = FACE_BOUND('',#2267,.F.);
#2267 = EDGE_LOOP('',(#2268));
#2268 = ORIENTED_EDGE('',*,*,#2269,.T.);
#2269 = EDGE_CURVE('',#2270,#2270,#2272,.T.);
#2270 = VERTEX_POINT('',#2271);
#2271 = CARTESIAN_POINT('',(14.6,5.,21.5));
#2272 = CIRCLE('',#2273,1.6);
#2273 = AXIS2_PLACEMENT_3D('',#2274,#2275,#2276);
#2274 = CARTESIAN_POINT('',(13.,5.,21.5));
#2275 = DIRECTION('',(0.,-1.,2.22044604925E-16));
#2276 = DIRECTION('',(1.,0.,0.));
#2277 = FACE_BOUND('',#2278,.F.);
#2278 = EDGE_LOOP('',(#2279));
#2279 = ORIENTED_EDGE('',*,*,#2280,.T.);
#2280 = EDGE_CURVE('',#2281,#2281,#2283,.T.);
#2281 = VERTEX_POINT('',#2282);
#2282 = CARTESIAN_POINT('',(14.6,5.,31.9));
#2283 = CIRCLE('',#2284,1.6);
#2284 = AXIS2_PLACEMENT_3D('',#2285,#2286,#2287);
#2285 = CARTESIAN_POINT('',(13.,5.,31.9));
#2286 = DIRECTION('',(0.,-1.,2.22044604925E-16));
#2287 = DIRECTION('',(1.,0.,0.));
#2288 = PLANE('',#2289);
#2289 = AXIS2_PLACEMENT_3D('',#2290,#2291,#2292);
#2290 = CARTESIAN_POINT('',(-20.,5.,-0.5));
#2291 = DIRECTION('',(0.,1.,0.));
#2292 = DIRECTION('',(0.,0.,1.));
#2293 = ADVANCED_FACE('',(#2294),#2361,.F.);
#2294 = FACE_BOUND('',#2295,.T.);
#2295 = EDGE_LOOP('',(#2296,#2302,#2303,#2304,#2359,#2360));
#2296 = ORIENTED_EDGE('',*,*,#2297,.F.);
#2297 = EDGE_CURVE('',#1404,#1011,#2298,.T.);
#2298 = LINE('',#2299,#2300);
#2299 = CARTESIAN_POINT('',(-24.,1.,-0.5));
#2300 = VECTOR('',#2301,1.);
#2301 = DIRECTION('',(0.,0.,1.));
#2302 = ORIENTED_EDGE('',*,*,#1403,.T.);
#2303 = ORIENTED_EDGE('',*,*,#2178,.T.);
#2304 = ORIENTED_EDGE('',*,*,#2305,.T.);
#2305 = EDGE_CURVE('',#2179,#2196,#2306,.T.);
#2306 = B_SPLINE_CURVE_WITH_KNOTS('',6,(#2307,#2308,#2309,#2310,#2311,
    #2312,#2313,#2314,#2315,#2316,#2317,#2318,#2319,#2320,#2321,#2322,
    #2323,#2324,#2325,#2326,#2327,#2328,#2329,#2330,#2331,#2332,#2333,
    #2334,#2335,#2336,#2337,#2338,#2339,#2340,#2341,#2342,#2343,#2344,
    #2345,#2346,#2347,#2348,#2349,#2350,#2351,#2352,#2353,#2354,#2355,
    #2356,#2357,#2358),.UNSPECIFIED.,.F.,.F.,(7,5,5,5,5,5,5,5,5,5,7),(0.
    ,0.131720066508,0.197147322574,0.247091185844,0.443744377651,
    0.500048598088,0.556889359758,0.754722808106,0.80410734101,
    0.868961186257,1.),.UNSPECIFIED.);
#2307 = CARTESIAN_POINT('',(-20.,5.,30.303128057733));
#2308 = CARTESIAN_POINT('',(-20.12335570768,5.,30.310852891792));
#2309 = CARTESIAN_POINT('',(-20.24483688456,4.995435012427,
    30.329940025591));
#2310 = CARTESIAN_POINT('',(-20.36277111783,4.986565178401,
    30.359880341489));
#2311 = CARTESIAN_POINT('',(-20.47557783112,4.974017482704,
    30.399740579378));
#2312 = CARTESIAN_POINT('',(-20.58186121097,4.95871978329,
    30.448159789506));
#2313 = CARTESIAN_POINT('',(-20.72953336227,4.933224433227,
    30.530684023542));
#2314 = CARTESIAN_POINT('',(-20.77680732516,4.924309669888,
    30.559810268255));
#2315 = CARTESIAN_POINT('',(-20.82231797513,4.915039001858,
    30.590538776219));
#2316 = CARTESIAN_POINT('',(-20.86604354284,4.90550726269,
    30.622739590637));
#2317 = CARTESIAN_POINT('',(-20.90796929044,4.895805050899,
    30.656289021347));
#2318 = CARTESIAN_POINT('',(-20.97871078774,4.878545969035,
    30.717618620561));
#2319 = CARTESIAN_POINT('',(-21.00828645242,4.871023407583,
    30.744889999965));
#2320 = CARTESIAN_POINT('',(-21.03681542334,4.86348617355,
    30.772836191978));
#2321 = CARTESIAN_POINT('',(-21.06430051981,4.855968578984,
    30.80141370185));
#2322 = CARTESIAN_POINT('',(-21.09074592504,4.848502771623,
    30.830582679821));
#2323 = CARTESIAN_POINT('',(-21.21621363564,4.812044204081,
    30.97734566304));
#2324 = CARTESIAN_POINT('',(-21.3003294326,4.784209977304,
    31.103102906734));
#2325 = CARTESIAN_POINT('',(-21.36867706939,4.759477022496,
    31.235296017782));
#2326 = CARTESIAN_POINT('',(-21.42150196283,4.739261537175,
    31.372173457926));
#2327 = CARTESIAN_POINT('',(-21.45896689548,4.724510740957,
    31.512308673123));
#2328 = CARTESIAN_POINT('',(-21.48736063833,4.713193318358,
    31.695105799906));
#2329 = CARTESIAN_POINT('',(-21.49241643069,4.711163175675,
    31.735938978917));
#2330 = CARTESIAN_POINT('',(-21.4962082018,4.709633104343,
    31.776881368235));
#2331 = CARTESIAN_POINT('',(-21.49873605029,4.70861054576,
    31.817896617735));
#2332 = CARTESIAN_POINT('',(-21.5,4.708099243548,31.858948317936));
#2333 = CARTESIAN_POINT('',(-21.5,4.708099243548,31.941442876897));
#2334 = CARTESIAN_POINT('',(-21.49871184585,4.70862033748,
    31.982885766455));
#2335 = CARTESIAN_POINT('',(-21.49613559138,4.709662476871,
    32.024291152803));
#2336 = CARTESIAN_POINT('',(-21.49227121158,4.711221773581,
    32.065621578666));
#2337 = CARTESIAN_POINT('',(-21.48711860258,4.71329049981,
    32.106839645366));
#2338 = CARTESIAN_POINT('',(-21.45825970158,4.72479006148,
    32.290845871383));
#2339 = CARTESIAN_POINT('',(-21.42026590873,4.739741650292,
    32.431766207905));
#2340 = CARTESIAN_POINT('',(-21.36672800522,4.760210731031,
    32.569364690403));
#2341 = CARTESIAN_POINT('',(-21.29747725538,4.785226802634,
    32.702188992154));
#2342 = CARTESIAN_POINT('',(-21.21226017992,4.813339443464,
    32.828450552431));
#2343 = CARTESIAN_POINT('',(-21.08559834364,4.849957134698,
    32.975106987392));
#2344 = CARTESIAN_POINT('',(-21.05928449695,4.857347817536,
    33.00385541788));
#2345 = CARTESIAN_POINT('',(-21.03195358484,4.864785203716,
    33.032020720645));
#2346 = CARTESIAN_POINT('',(-21.0036016537,4.872238026399,
    33.059564065306));
#2347 = CARTESIAN_POINT('',(-20.97422612123,4.87967294156,
    33.086443100303));
#2348 = CARTESIAN_POINT('',(-20.90390276545,4.8967483377,33.146977990534
    ));
#2349 = CARTESIAN_POINT('',(-20.86220322389,4.906352449142,
    33.180127280777));
#2350 = CARTESIAN_POINT('',(-20.81873580508,4.915783681039,
    33.211944291925));
#2351 = CARTESIAN_POINT('',(-20.77351551129,4.924953510718,
    33.242307980672));
#2352 = CARTESIAN_POINT('',(-20.7265642064,4.933769385304,
    33.271091354441));
#2353 = CARTESIAN_POINT('',(-20.57960636956,4.959041053298,
    33.352855996664));
#2354 = CARTESIAN_POINT('',(-20.4736480446,4.974233493651,
    33.400947595071));
#2355 = CARTESIAN_POINT('',(-20.3611724706,4.986692402207,33.44054407587
    ));
#2356 = CARTESIAN_POINT('',(-20.24362928442,4.99548628513,
    33.470264499496));
#2357 = CARTESIAN_POINT('',(-20.12266113701,5.,33.48919060391));
#2358 = CARTESIAN_POINT('',(-20.,5.,33.496871942267));
#2359 = ORIENTED_EDGE('',*,*,#2204,.T.);
#2360 = ORIENTED_EDGE('',*,*,#1018,.F.);
#2361 = CYLINDRICAL_SURFACE('',#2362,4.);
#2362 = AXIS2_PLACEMENT_3D('',#2363,#2364,#2365);
#2363 = CARTESIAN_POINT('',(-20.,1.,-0.5));
#2364 = DIRECTION('',(-0.,-0.,-1.));
#2365 = DIRECTION('',(1.,0.,0.));
#2366 = ADVANCED_FACE('',(#2367,#2378,#2428),#2478,.T.);
#2367 = FACE_BOUND('',#2368,.T.);
#2368 = EDGE_LOOP('',(#2369,#2370,#2371,#2377));
#2369 = ORIENTED_EDGE('',*,*,#2297,.T.);
#2370 = ORIENTED_EDGE('',*,*,#1010,.F.);
#2371 = ORIENTED_EDGE('',*,*,#2372,.T.);
#2372 = EDGE_CURVE('',#1003,#1413,#2373,.T.);
#2373 = LINE('',#2374,#2375);
#2374 = CARTESIAN_POINT('',(-24.,-12.,-0.25));
#2375 = VECTOR('',#2376,1.);
#2376 = DIRECTION('',(0.,0.,-1.));
#2377 = ORIENTED_EDGE('',*,*,#1412,.F.);
#2378 = FACE_BOUND('',#2379,.T.);
#2379 = EDGE_LOOP('',(#2380,#2390,#2398,#2406,#2414,#2422));
#2380 = ORIENTED_EDGE('',*,*,#2381,.T.);
#2381 = EDGE_CURVE('',#2382,#2384,#2386,.T.);
#2382 = VERTEX_POINT('',#2383);
#2383 = CARTESIAN_POINT('',(-24.,-8.77128129211,8.6));
#2384 = VERTEX_POINT('',#2385);
#2385 = CARTESIAN_POINT('',(-24.,-6.,10.2));
#2386 = LINE('',#2387,#2388);
#2387 = CARTESIAN_POINT('',(-24.,-14.57725860117,5.247917437701));
#2388 = VECTOR('',#2389,1.);
#2389 = DIRECTION('',(0.,0.866025403784,0.5));
#2390 = ORIENTED_EDGE('',*,*,#2391,.T.);
#2391 = EDGE_CURVE('',#2384,#2392,#2394,.T.);
#2392 = VERTEX_POINT('',#2393);
#2393 = CARTESIAN_POINT('',(-24.,-3.22871870789,8.6));
#2394 = LINE('',#2395,#2396);
#2395 = CARTESIAN_POINT('',(-24.,-8.558382044877,11.677082562299));
#2396 = VECTOR('',#2397,1.);
#2397 = DIRECTION('',(0.,0.866025403784,-0.5));
#2398 = ORIENTED_EDGE('',*,*,#2399,.T.);
#2399 = EDGE_CURVE('',#2392,#2400,#2402,.T.);
#2400 = VERTEX_POINT('',#2401);
#2401 = CARTESIAN_POINT('',(-24.,-3.22871870789,5.4));
#2402 = LINE('',#2403,#2404);
#2403 = CARTESIAN_POINT('',(-24.,-3.22871870789,4.05));
#2404 = VECTOR('',#2405,1.);
#2405 = DIRECTION('',(0.,2.775557561563E-16,-1.));
#2406 = ORIENTED_EDGE('',*,*,#2407,.T.);
#2407 = EDGE_CURVE('',#2400,#2408,#2410,.T.);
#2408 = VERTEX_POINT('',#2409);
#2409 = CARTESIAN_POINT('',(-24.,-6.,3.8));
#2410 = LINE('',#2411,#2412);
#2411 = CARTESIAN_POINT('',(-24.,-10.42033666301,1.247917437701));
#2412 = VECTOR('',#2413,1.);
#2413 = DIRECTION('',(0.,-0.866025403784,-0.5));
#2414 = ORIENTED_EDGE('',*,*,#2415,.T.);
#2415 = EDGE_CURVE('',#2408,#2416,#2418,.T.);
#2416 = VERTEX_POINT('',#2417);
#2417 = CARTESIAN_POINT('',(-24.,-8.77128129211,5.4));
#2418 = LINE('',#2419,#2420);
#2419 = CARTESIAN_POINT('',(-24.,-9.944022690932,6.077082562299));
#2420 = VECTOR('',#2421,1.);
#2421 = DIRECTION('',(0.,-0.866025403784,0.5));
#2422 = ORIENTED_EDGE('',*,*,#2423,.T.);
#2423 = EDGE_CURVE('',#2416,#2382,#2424,.T.);
#2424 = LINE('',#2425,#2426);
#2425 = CARTESIAN_POINT('',(-24.,-8.77128129211,2.45));
#2426 = VECTOR('',#2427,1.);
#2427 = DIRECTION('',(0.,-6.938893903907E-16,1.));
#2428 = FACE_BOUND('',#2429,.T.);
#2429 = EDGE_LOOP('',(#2430,#2440,#2448,#2456,#2464,#2472));
#2430 = ORIENTED_EDGE('',*,*,#2431,.T.);
#2431 = EDGE_CURVE('',#2432,#2434,#2436,.T.);
#2432 = VERTEX_POINT('',#2433);
#2433 = CARTESIAN_POINT('',(-24.,-8.77128129211,24.6));
#2434 = VERTEX_POINT('',#2435);
#2435 = CARTESIAN_POINT('',(-24.,-6.,26.2));
#2436 = LINE('',#2437,#2438);
#2437 = CARTESIAN_POINT('',(-24.,-18.04136021631,19.247917437701));
#2438 = VECTOR('',#2439,1.);
#2439 = DIRECTION('',(0.,0.866025403784,0.5));
#2440 = ORIENTED_EDGE('',*,*,#2441,.T.);
#2441 = EDGE_CURVE('',#2434,#2442,#2444,.T.);
#2442 = VERTEX_POINT('',#2443);
#2443 = CARTESIAN_POINT('',(-24.,-3.22871870789,24.6));
#2444 = LINE('',#2445,#2446);
#2445 = CARTESIAN_POINT('',(-24.,-5.094280429739,25.677082562299));
#2446 = VECTOR('',#2447,1.);
#2447 = DIRECTION('',(0.,0.866025403784,-0.5));
#2448 = ORIENTED_EDGE('',*,*,#2449,.T.);
#2449 = EDGE_CURVE('',#2442,#2450,#2452,.T.);
#2450 = VERTEX_POINT('',#2451);
#2451 = CARTESIAN_POINT('',(-24.,-3.22871870789,21.4));
#2452 = LINE('',#2453,#2454);
#2453 = CARTESIAN_POINT('',(-24.,-3.22871870789,12.05));
#2454 = VECTOR('',#2455,1.);
#2455 = DIRECTION('',(0.,2.775557561563E-16,-1.));
#2456 = ORIENTED_EDGE('',*,*,#2457,.T.);
#2457 = EDGE_CURVE('',#2450,#2458,#2460,.T.);
#2458 = VERTEX_POINT('',#2459);
#2459 = CARTESIAN_POINT('',(-24.,-6.,19.8));
#2460 = LINE('',#2461,#2462);
#2461 = CARTESIAN_POINT('',(-24.,-13.88443827815,15.247917437701));
#2462 = VECTOR('',#2463,1.);
#2463 = DIRECTION('',(0.,-0.866025403784,-0.5));
#2464 = ORIENTED_EDGE('',*,*,#2465,.T.);
#2465 = EDGE_CURVE('',#2458,#2466,#2468,.T.);
#2466 = VERTEX_POINT('',#2467);
#2467 = CARTESIAN_POINT('',(-24.,-8.77128129211,21.4));
#2468 = LINE('',#2469,#2470);
#2469 = CARTESIAN_POINT('',(-24.,-6.479921075794,20.077082562299));
#2470 = VECTOR('',#2471,1.);
#2471 = DIRECTION('',(0.,-0.866025403784,0.5));
#2472 = ORIENTED_EDGE('',*,*,#2473,.T.);
#2473 = EDGE_CURVE('',#2466,#2432,#2474,.T.);
#2474 = LINE('',#2475,#2476);
#2475 = CARTESIAN_POINT('',(-24.,-8.77128129211,10.45));
#2476 = VECTOR('',#2477,1.);
#2477 = DIRECTION('',(0.,-6.938893903907E-16,1.));
#2478 = PLANE('',#2479);
#2479 = AXIS2_PLACEMENT_3D('',#2480,#2481,#2482);
#2480 = CARTESIAN_POINT('',(-24.,-19.,-0.5));
#2481 = DIRECTION('',(1.,0.,0.));
#2482 = DIRECTION('',(0.,0.,1.));
#2483 = ADVANCED_FACE('',(#2484),#2495,.F.);
#2484 = FACE_BOUND('',#2485,.F.);
#2485 = EDGE_LOOP('',(#2486,#2487,#2493,#2494));
#2486 = ORIENTED_EDGE('',*,*,#1420,.F.);
#2487 = ORIENTED_EDGE('',*,*,#2488,.F.);
#2488 = EDGE_CURVE('',#995,#1421,#2489,.T.);
#2489 = LINE('',#2490,#2491);
#2490 = CARTESIAN_POINT('',(-29.,-12.,-0.25));
#2491 = VECTOR('',#2492,1.);
#2492 = DIRECTION('',(0.,0.,-1.));
#2493 = ORIENTED_EDGE('',*,*,#1002,.T.);
#2494 = ORIENTED_EDGE('',*,*,#2372,.T.);
#2495 = PLANE('',#2496);
#2496 = AXIS2_PLACEMENT_3D('',#2497,#2498,#2499);
#2497 = CARTESIAN_POINT('',(-36.,-12.,0.));
#2498 = DIRECTION('',(0.,1.,0.));
#2499 = DIRECTION('',(0.,0.,1.));
#2500 = ADVANCED_FACE('',(#2501,#2512,#2523),#2534,.F.);
#2501 = FACE_BOUND('',#2502,.F.);
#2502 = EDGE_LOOP('',(#2503,#2509,#2510,#2511));
#2503 = ORIENTED_EDGE('',*,*,#2504,.F.);
#2504 = EDGE_CURVE('',#986,#1429,#2505,.T.);
#2505 = LINE('',#2506,#2507);
#2506 = CARTESIAN_POINT('',(-29.,-4.079215610874,-0.5));
#2507 = VECTOR('',#2508,1.);
#2508 = DIRECTION('',(-0.,-0.,-1.));
#2509 = ORIENTED_EDGE('',*,*,#994,.F.);
#2510 = ORIENTED_EDGE('',*,*,#2488,.T.);
#2511 = ORIENTED_EDGE('',*,*,#1428,.F.);
#2512 = FACE_BOUND('',#2513,.F.);
#2513 = EDGE_LOOP('',(#2514));
#2514 = ORIENTED_EDGE('',*,*,#2515,.F.);
#2515 = EDGE_CURVE('',#2516,#2516,#2518,.T.);
#2516 = VERTEX_POINT('',#2517);
#2517 = CARTESIAN_POINT('',(-29.,-6.,8.7));
#2518 = CIRCLE('',#2519,1.7);
#2519 = AXIS2_PLACEMENT_3D('',#2520,#2521,#2522);
#2520 = CARTESIAN_POINT('',(-29.,-6.,7.));
#2521 = DIRECTION('',(1.,0.,2.22044604925E-16));
#2522 = DIRECTION('',(-2.22044604925E-16,0.,1.));
#2523 = FACE_BOUND('',#2524,.F.);
#2524 = EDGE_LOOP('',(#2525));
#2525 = ORIENTED_EDGE('',*,*,#2526,.F.);
#2526 = EDGE_CURVE('',#2527,#2527,#2529,.T.);
#2527 = VERTEX_POINT('',#2528);
#2528 = CARTESIAN_POINT('',(-29.,-6.,24.7));
#2529 = CIRCLE('',#2530,1.7);
#2530 = AXIS2_PLACEMENT_3D('',#2531,#2532,#2533);
#2531 = CARTESIAN_POINT('',(-29.,-6.,23.));
#2532 = DIRECTION('',(1.,0.,2.22044604925E-16));
#2533 = DIRECTION('',(-2.22044604925E-16,0.,1.));
#2534 = PLANE('',#2535);
#2535 = AXIS2_PLACEMENT_3D('',#2536,#2537,#2538);
#2536 = CARTESIAN_POINT('',(-29.,-20.,-0.5));
#2537 = DIRECTION('',(1.,0.,0.));
#2538 = DIRECTION('',(0.,0.,1.));
#2539 = ADVANCED_FACE('',(#2540),#2546,.F.);
#2540 = FACE_BOUND('',#2541,.T.);
#2541 = EDGE_LOOP('',(#2542,#2543,#2544,#2545));
#2542 = ORIENTED_EDGE('',*,*,#2504,.F.);
#2543 = ORIENTED_EDGE('',*,*,#985,.F.);
#2544 = ORIENTED_EDGE('',*,*,#1646,.T.);
#2545 = ORIENTED_EDGE('',*,*,#1436,.T.);
#2546 = CYLINDRICAL_SURFACE('',#2547,4.2);
#2547 = AXIS2_PLACEMENT_3D('',#2548,#2549,#2550);
#2548 = CARTESIAN_POINT('',(-30.,0.,-0.5));
#2549 = DIRECTION('',(-0.,-0.,-1.));
#2550 = DIRECTION('',(1.,0.,0.));
#2551 = ADVANCED_FACE('',(#2552),#2577,.T.);
#2552 = FACE_BOUND('',#2553,.T.);
#2553 = EDGE_LOOP('',(#2554,#2555,#2563,#2571));
#2554 = ORIENTED_EDGE('',*,*,#1127,.F.);
#2555 = ORIENTED_EDGE('',*,*,#2556,.T.);
#2556 = EDGE_CURVE('',#1128,#2557,#2559,.T.);
#2557 = VERTEX_POINT('',#2558);
#2558 = CARTESIAN_POINT('',(-31.975,6.579199655051,32.35));
#2559 = LINE('',#2560,#2561);
#2560 = CARTESIAN_POINT('',(-31.975,6.579199655051,35.65));
#2561 = VECTOR('',#2562,1.);
#2562 = DIRECTION('',(1.224646799147E-16,0.,-1.));
#2563 = ORIENTED_EDGE('',*,*,#2564,.T.);
#2564 = EDGE_CURVE('',#2557,#2565,#2567,.T.);
#2565 = VERTEX_POINT('',#2566);
#2566 = CARTESIAN_POINT('',(-33.95,10.,32.35));
#2567 = LINE('',#2568,#2569);
#2568 = CARTESIAN_POINT('',(-31.975,6.579199655051,32.35));
#2569 = VECTOR('',#2570,1.);
#2570 = DIRECTION('',(-0.5,0.866025403784,-6.123233995737E-17));
#2571 = ORIENTED_EDGE('',*,*,#2572,.F.);
#2572 = EDGE_CURVE('',#1130,#2565,#2573,.T.);
#2573 = LINE('',#2574,#2575);
#2574 = CARTESIAN_POINT('',(-33.95,10.,35.65));
#2575 = VECTOR('',#2576,1.);
#2576 = DIRECTION('',(1.224646799147E-16,0.,-1.));
#2577 = PLANE('',#2578);
#2578 = AXIS2_PLACEMENT_3D('',#2579,#2580,#2581);
#2579 = CARTESIAN_POINT('',(-31.975,6.579199655051,35.65));
#2580 = DIRECTION('',(0.866025403784,0.5,1.060575238725E-16));
#2581 = DIRECTION('',(-0.5,0.866025403784,-6.123233995737E-17));
#2582 = ADVANCED_FACE('',(#2583),#2601,.T.);
#2583 = FACE_BOUND('',#2584,.T.);
#2584 = EDGE_LOOP('',(#2585,#2586,#2594,#2600));
#2585 = ORIENTED_EDGE('',*,*,#1169,.F.);
#2586 = ORIENTED_EDGE('',*,*,#2587,.T.);
#2587 = EDGE_CURVE('',#1162,#2588,#2590,.T.);
#2588 = VERTEX_POINT('',#2589);
#2589 = CARTESIAN_POINT('',(-28.025,6.579199655051,32.35));
#2590 = LINE('',#2591,#2592);
#2591 = CARTESIAN_POINT('',(-28.025,6.579199655051,35.65));
#2592 = VECTOR('',#2593,1.);
#2593 = DIRECTION('',(1.224646799147E-16,0.,-1.));
#2594 = ORIENTED_EDGE('',*,*,#2595,.T.);
#2595 = EDGE_CURVE('',#2588,#2557,#2596,.T.);
#2596 = LINE('',#2597,#2598);
#2597 = CARTESIAN_POINT('',(-28.025,6.579199655051,32.35));
#2598 = VECTOR('',#2599,1.);
#2599 = DIRECTION('',(-1.,-5.621382403165E-16,-1.224646799147E-16));
#2600 = ORIENTED_EDGE('',*,*,#2556,.F.);
#2601 = PLANE('',#2602);
#2602 = AXIS2_PLACEMENT_3D('',#2603,#2604,#2605);
#2603 = CARTESIAN_POINT('',(-28.025,6.579199655051,35.65));
#2604 = DIRECTION('',(-5.621382403165E-16,1.,-6.88420796682E-32));
#2605 = DIRECTION('',(-1.,-5.621382403165E-16,-1.224646799147E-16));
#2606 = ADVANCED_FACE('',(#2607),#2625,.T.);
#2607 = FACE_BOUND('',#2608,.T.);
#2608 = EDGE_LOOP('',(#2609,#2610,#2618,#2624));
#2609 = ORIENTED_EDGE('',*,*,#1161,.F.);
#2610 = ORIENTED_EDGE('',*,*,#2611,.T.);
#2611 = EDGE_CURVE('',#1154,#2612,#2614,.T.);
#2612 = VERTEX_POINT('',#2613);
#2613 = CARTESIAN_POINT('',(-26.05,10.,32.35));
#2614 = LINE('',#2615,#2616);
#2615 = CARTESIAN_POINT('',(-26.05,10.,35.65));
#2616 = VECTOR('',#2617,1.);
#2617 = DIRECTION('',(1.224646799147E-16,0.,-1.));
#2618 = ORIENTED_EDGE('',*,*,#2619,.T.);
#2619 = EDGE_CURVE('',#2612,#2588,#2620,.T.);
#2620 = LINE('',#2621,#2622);
#2621 = CARTESIAN_POINT('',(-26.05,10.,32.35));
#2622 = VECTOR('',#2623,1.);
#2623 = DIRECTION('',(-0.5,-0.866025403784,-6.123233995737E-17));
#2624 = ORIENTED_EDGE('',*,*,#2587,.F.);
#2625 = PLANE('',#2626);
#2626 = AXIS2_PLACEMENT_3D('',#2627,#2628,#2629);
#2627 = CARTESIAN_POINT('',(-26.05,10.,35.65));
#2628 = DIRECTION('',(-0.866025403784,0.5,-1.060575238725E-16));
#2629 = DIRECTION('',(-0.5,-0.866025403784,-6.123233995737E-17));
#2630 = ADVANCED_FACE('',(#2631),#2649,.T.);
#2631 = FACE_BOUND('',#2632,.T.);
#2632 = EDGE_LOOP('',(#2633,#2634,#2642,#2648));
#2633 = ORIENTED_EDGE('',*,*,#1153,.F.);
#2634 = ORIENTED_EDGE('',*,*,#2635,.T.);
#2635 = EDGE_CURVE('',#1146,#2636,#2638,.T.);
#2636 = VERTEX_POINT('',#2637);
#2637 = CARTESIAN_POINT('',(-28.025,13.420800344949,32.35));
#2638 = LINE('',#2639,#2640);
#2639 = CARTESIAN_POINT('',(-28.025,13.420800344949,35.65));
#2640 = VECTOR('',#2641,1.);
#2641 = DIRECTION('',(1.224646799147E-16,0.,-1.));
#2642 = ORIENTED_EDGE('',*,*,#2643,.T.);
#2643 = EDGE_CURVE('',#2636,#2612,#2644,.T.);
#2644 = LINE('',#2645,#2646);
#2645 = CARTESIAN_POINT('',(-28.025,13.420800344949,32.35));
#2646 = VECTOR('',#2647,1.);
#2647 = DIRECTION('',(0.5,-0.866025403784,6.123233995737E-17));
#2648 = ORIENTED_EDGE('',*,*,#2611,.F.);
#2649 = PLANE('',#2650);
#2650 = AXIS2_PLACEMENT_3D('',#2651,#2652,#2653);
#2651 = CARTESIAN_POINT('',(-28.025,13.420800344949,35.65));
#2652 = DIRECTION('',(-0.866025403784,-0.5,-1.060575238725E-16));
#2653 = DIRECTION('',(0.5,-0.866025403784,6.123233995737E-17));
#2654 = ADVANCED_FACE('',(#2655),#2673,.T.);
#2655 = FACE_BOUND('',#2656,.T.);
#2656 = EDGE_LOOP('',(#2657,#2658,#2666,#2672));
#2657 = ORIENTED_EDGE('',*,*,#1145,.F.);
#2658 = ORIENTED_EDGE('',*,*,#2659,.T.);
#2659 = EDGE_CURVE('',#1138,#2660,#2662,.T.);
#2660 = VERTEX_POINT('',#2661);
#2661 = CARTESIAN_POINT('',(-31.975,13.420800344949,32.35));
#2662 = LINE('',#2663,#2664);
#2663 = CARTESIAN_POINT('',(-31.975,13.420800344949,35.65));
#2664 = VECTOR('',#2665,1.);
#2665 = DIRECTION('',(1.224646799147E-16,0.,-1.));
#2666 = ORIENTED_EDGE('',*,*,#2667,.T.);
#2667 = EDGE_CURVE('',#2660,#2636,#2668,.T.);
#2668 = LINE('',#2669,#2670);
#2669 = CARTESIAN_POINT('',(-31.975,13.420800344949,32.35));
#2670 = VECTOR('',#2671,1.);
#2671 = DIRECTION('',(1.,2.248552961266E-16,1.224646799147E-16));
#2672 = ORIENTED_EDGE('',*,*,#2635,.F.);
#2673 = PLANE('',#2674);
#2674 = AXIS2_PLACEMENT_3D('',#2675,#2676,#2677);
#2675 = CARTESIAN_POINT('',(-31.975,13.420800344949,35.65));
#2676 = DIRECTION('',(2.248552961266E-16,-1.,2.753683186728E-32));
#2677 = DIRECTION('',(1.,2.248552961266E-16,1.224646799147E-16));
#2678 = ADVANCED_FACE('',(#2679),#2690,.T.);
#2679 = FACE_BOUND('',#2680,.T.);
#2680 = EDGE_LOOP('',(#2681,#2682,#2683,#2689));
#2681 = ORIENTED_EDGE('',*,*,#1137,.F.);
#2682 = ORIENTED_EDGE('',*,*,#2572,.T.);
#2683 = ORIENTED_EDGE('',*,*,#2684,.T.);
#2684 = EDGE_CURVE('',#2565,#2660,#2685,.T.);
#2685 = LINE('',#2686,#2687);
#2686 = CARTESIAN_POINT('',(-33.95,10.,32.35));
#2687 = VECTOR('',#2688,1.);
#2688 = DIRECTION('',(0.5,0.866025403784,6.123233995737E-17));
#2689 = ORIENTED_EDGE('',*,*,#2659,.F.);
#2690 = PLANE('',#2691);
#2691 = AXIS2_PLACEMENT_3D('',#2692,#2693,#2694);
#2692 = CARTESIAN_POINT('',(-33.95,10.,35.65));
#2693 = DIRECTION('',(0.866025403784,-0.5,1.060575238725E-16));
#2694 = DIRECTION('',(0.5,0.866025403784,6.123233995737E-17));
#2695 = ADVANCED_FACE('',(#2696),#2721,.T.);
#2696 = FACE_BOUND('',#2697,.T.);
#2697 = EDGE_LOOP('',(#2698,#2699,#2707,#2715));
#2698 = ORIENTED_EDGE('',*,*,#1177,.F.);
#2699 = ORIENTED_EDGE('',*,*,#2700,.T.);
#2700 = EDGE_CURVE('',#1178,#2701,#2703,.T.);
#2701 = VERTEX_POINT('',#2702);
#2702 = CARTESIAN_POINT('',(28.025,6.579199655051,32.35));
#2703 = LINE('',#2704,#2705);
#2704 = CARTESIAN_POINT('',(28.025,6.579199655051,35.65));
#2705 = VECTOR('',#2706,1.);
#2706 = DIRECTION('',(1.224646799147E-16,0.,-1.));
#2707 = ORIENTED_EDGE('',*,*,#2708,.T.);
#2708 = EDGE_CURVE('',#2701,#2709,#2711,.T.);
#2709 = VERTEX_POINT('',#2710);
#2710 = CARTESIAN_POINT('',(26.05,10.,32.35));
#2711 = LINE('',#2712,#2713);
#2712 = CARTESIAN_POINT('',(28.025,6.579199655051,32.35));
#2713 = VECTOR('',#2714,1.);
#2714 = DIRECTION('',(-0.5,0.866025403784,-6.123233995737E-17));
#2715 = ORIENTED_EDGE('',*,*,#2716,.F.);
#2716 = EDGE_CURVE('',#1180,#2709,#2717,.T.);
#2717 = LINE('',#2718,#2719);
#2718 = CARTESIAN_POINT('',(26.05,10.,35.65));
#2719 = VECTOR('',#2720,1.);
#2720 = DIRECTION('',(1.224646799147E-16,0.,-1.));
#2721 = PLANE('',#2722);
#2722 = AXIS2_PLACEMENT_3D('',#2723,#2724,#2725);
#2723 = CARTESIAN_POINT('',(28.025,6.579199655051,35.65));
#2724 = DIRECTION('',(0.866025403784,0.5,1.060575238725E-16));
#2725 = DIRECTION('',(-0.5,0.866025403784,-6.123233995737E-17));
#2726 = ADVANCED_FACE('',(#2727),#2745,.T.);
#2727 = FACE_BOUND('',#2728,.T.);
#2728 = EDGE_LOOP('',(#2729,#2730,#2738,#2744));
#2729 = ORIENTED_EDGE('',*,*,#1219,.F.);
#2730 = ORIENTED_EDGE('',*,*,#2731,.T.);
#2731 = EDGE_CURVE('',#1212,#2732,#2734,.T.);
#2732 = VERTEX_POINT('',#2733);
#2733 = CARTESIAN_POINT('',(31.975,6.579199655051,32.35));
#2734 = LINE('',#2735,#2736);
#2735 = CARTESIAN_POINT('',(31.975,6.579199655051,35.65));
#2736 = VECTOR('',#2737,1.);
#2737 = DIRECTION('',(1.224646799147E-16,0.,-1.));
#2738 = ORIENTED_EDGE('',*,*,#2739,.T.);
#2739 = EDGE_CURVE('',#2732,#2701,#2740,.T.);
#2740 = LINE('',#2741,#2742);
#2741 = CARTESIAN_POINT('',(31.975,6.579199655051,32.35));
#2742 = VECTOR('',#2743,1.);
#2743 = DIRECTION('',(-1.,-5.621382403165E-16,-1.224646799147E-16));
#2744 = ORIENTED_EDGE('',*,*,#2700,.F.);
#2745 = PLANE('',#2746);
#2746 = AXIS2_PLACEMENT_3D('',#2747,#2748,#2749);
#2747 = CARTESIAN_POINT('',(31.975,6.579199655051,35.65));
#2748 = DIRECTION('',(-5.621382403165E-16,1.,-6.88420796682E-32));
#2749 = DIRECTION('',(-1.,-5.621382403165E-16,-1.224646799147E-16));
#2750 = ADVANCED_FACE('',(#2751),#2769,.T.);
#2751 = FACE_BOUND('',#2752,.T.);
#2752 = EDGE_LOOP('',(#2753,#2754,#2762,#2768));
#2753 = ORIENTED_EDGE('',*,*,#1211,.F.);
#2754 = ORIENTED_EDGE('',*,*,#2755,.T.);
#2755 = EDGE_CURVE('',#1204,#2756,#2758,.T.);
#2756 = VERTEX_POINT('',#2757);
#2757 = CARTESIAN_POINT('',(33.95,10.,32.35));
#2758 = LINE('',#2759,#2760);
#2759 = CARTESIAN_POINT('',(33.95,10.,35.65));
#2760 = VECTOR('',#2761,1.);
#2761 = DIRECTION('',(1.224646799147E-16,0.,-1.));
#2762 = ORIENTED_EDGE('',*,*,#2763,.T.);
#2763 = EDGE_CURVE('',#2756,#2732,#2764,.T.);
#2764 = LINE('',#2765,#2766);
#2765 = CARTESIAN_POINT('',(33.95,10.,32.35));
#2766 = VECTOR('',#2767,1.);
#2767 = DIRECTION('',(-0.5,-0.866025403784,-6.123233995737E-17));
#2768 = ORIENTED_EDGE('',*,*,#2731,.F.);
#2769 = PLANE('',#2770);
#2770 = AXIS2_PLACEMENT_3D('',#2771,#2772,#2773);
#2771 = CARTESIAN_POINT('',(33.95,10.,35.65));
#2772 = DIRECTION('',(-0.866025403784,0.5,-1.060575238725E-16));
#2773 = DIRECTION('',(-0.5,-0.866025403784,-6.123233995737E-17));
#2774 = ADVANCED_FACE('',(#2775),#2793,.T.);
#2775 = FACE_BOUND('',#2776,.T.);
#2776 = EDGE_LOOP('',(#2777,#2778,#2786,#2792));
#2777 = ORIENTED_EDGE('',*,*,#1203,.F.);
#2778 = ORIENTED_EDGE('',*,*,#2779,.T.);
#2779 = EDGE_CURVE('',#1196,#2780,#2782,.T.);
#2780 = VERTEX_POINT('',#2781);
#2781 = CARTESIAN_POINT('',(31.975,13.420800344949,32.35));
#2782 = LINE('',#2783,#2784);
#2783 = CARTESIAN_POINT('',(31.975,13.420800344949,35.65));
#2784 = VECTOR('',#2785,1.);
#2785 = DIRECTION('',(1.224646799147E-16,0.,-1.));
#2786 = ORIENTED_EDGE('',*,*,#2787,.T.);
#2787 = EDGE_CURVE('',#2780,#2756,#2788,.T.);
#2788 = LINE('',#2789,#2790);
#2789 = CARTESIAN_POINT('',(31.975,13.420800344949,32.35));
#2790 = VECTOR('',#2791,1.);
#2791 = DIRECTION('',(0.5,-0.866025403784,6.123233995737E-17));
#2792 = ORIENTED_EDGE('',*,*,#2755,.F.);
#2793 = PLANE('',#2794);
#2794 = AXIS2_PLACEMENT_3D('',#2795,#2796,#2797);
#2795 = CARTESIAN_POINT('',(31.975,13.420800344949,35.65));
#2796 = DIRECTION('',(-0.866025403784,-0.5,-1.060575238725E-16));
#2797 = DIRECTION('',(0.5,-0.866025403784,6.123233995737E-17));
#2798 = ADVANCED_FACE('',(#2799),#2817,.T.);
#2799 = FACE_BOUND('',#2800,.T.);
#2800 = EDGE_LOOP('',(#2801,#2802,#2810,#2816));
#2801 = ORIENTED_EDGE('',*,*,#1195,.F.);
#2802 = ORIENTED_EDGE('',*,*,#2803,.T.);
#2803 = EDGE_CURVE('',#1188,#2804,#2806,.T.);
#2804 = VERTEX_POINT('',#2805);
#2805 = CARTESIAN_POINT('',(28.025,13.420800344949,32.35));
#2806 = LINE('',#2807,#2808);
#2807 = CARTESIAN_POINT('',(28.025,13.420800344949,35.65));
#2808 = VECTOR('',#2809,1.);
#2809 = DIRECTION('',(1.224646799147E-16,0.,-1.));
#2810 = ORIENTED_EDGE('',*,*,#2811,.T.);
#2811 = EDGE_CURVE('',#2804,#2780,#2812,.T.);
#2812 = LINE('',#2813,#2814);
#2813 = CARTESIAN_POINT('',(28.025,13.420800344949,32.35));
#2814 = VECTOR('',#2815,1.);
#2815 = DIRECTION('',(1.,2.248552961266E-16,1.224646799147E-16));
#2816 = ORIENTED_EDGE('',*,*,#2779,.F.);
#2817 = PLANE('',#2818);
#2818 = AXIS2_PLACEMENT_3D('',#2819,#2820,#2821);
#2819 = CARTESIAN_POINT('',(28.025,13.420800344949,35.65));
#2820 = DIRECTION('',(2.248552961266E-16,-1.,2.753683186728E-32));
#2821 = DIRECTION('',(1.,2.248552961266E-16,1.224646799147E-16));
#2822 = ADVANCED_FACE('',(#2823),#2834,.T.);
#2823 = FACE_BOUND('',#2824,.T.);
#2824 = EDGE_LOOP('',(#2825,#2826,#2827,#2833));
#2825 = ORIENTED_EDGE('',*,*,#1187,.F.);
#2826 = ORIENTED_EDGE('',*,*,#2716,.T.);
#2827 = ORIENTED_EDGE('',*,*,#2828,.T.);
#2828 = EDGE_CURVE('',#2709,#2804,#2829,.T.);
#2829 = LINE('',#2830,#2831);
#2830 = CARTESIAN_POINT('',(26.05,10.,32.35));
#2831 = VECTOR('',#2832,1.);
#2832 = DIRECTION('',(0.5,0.866025403784,6.123233995737E-17));
#2833 = ORIENTED_EDGE('',*,*,#2803,.F.);
#2834 = PLANE('',#2835);
#2835 = AXIS2_PLACEMENT_3D('',#2836,#2837,#2838);
#2836 = CARTESIAN_POINT('',(26.05,10.,35.65));
#2837 = DIRECTION('',(0.866025403784,-0.5,1.060575238725E-16));
#2838 = DIRECTION('',(0.5,0.866025403784,6.123233995737E-17));
#2839 = ADVANCED_FACE('',(#2840),#2874,.T.);
#2840 = FACE_BOUND('',#2841,.T.);
#2841 = EDGE_LOOP('',(#2842,#2850,#2851,#2852,#2860,#2868));
#2842 = ORIENTED_EDGE('',*,*,#2843,.T.);
#2843 = EDGE_CURVE('',#2844,#1245,#2846,.T.);
#2844 = VERTEX_POINT('',#2845);
#2845 = CARTESIAN_POINT('',(-32.5,45.669872981078,7.));
#2846 = LINE('',#2847,#2848);
#2847 = CARTESIAN_POINT('',(-32.5,45.669872981078,-5.551115123126E-16));
#2848 = VECTOR('',#2849,1.);
#2849 = DIRECTION('',(-0.,-0.,-1.));
#2850 = ORIENTED_EDGE('',*,*,#1244,.T.);
#2851 = ORIENTED_EDGE('',*,*,#1565,.F.);
#2852 = ORIENTED_EDGE('',*,*,#2853,.T.);
#2853 = EDGE_CURVE('',#1566,#2854,#2856,.T.);
#2854 = VERTEX_POINT('',#2855);
#2855 = CARTESIAN_POINT('',(-32.5,40.,30.));
#2856 = LINE('',#2857,#2858);
#2857 = CARTESIAN_POINT('',(-32.5,13.,30.));
#2858 = VECTOR('',#2859,1.);
#2859 = DIRECTION('',(0.,1.,0.));
#2860 = ORIENTED_EDGE('',*,*,#2861,.T.);
#2861 = EDGE_CURVE('',#2854,#2862,#2864,.T.);
#2862 = VERTEX_POINT('',#2863);
#2863 = CARTESIAN_POINT('',(-32.5,45.,7.));
#2864 = LINE('',#2865,#2866);
#2865 = CARTESIAN_POINT('',(-32.5,40.,30.));
#2866 = VECTOR('',#2867,1.);
#2867 = DIRECTION('',(2.169767396693E-16,0.212429644331,-0.977176363923)
  );
#2868 = ORIENTED_EDGE('',*,*,#2869,.T.);
#2869 = EDGE_CURVE('',#2862,#2844,#2870,.T.);
#2870 = LINE('',#2871,#2872);
#2871 = CARTESIAN_POINT('',(-32.5,45.,7.));
#2872 = VECTOR('',#2873,1.);
#2873 = DIRECTION('',(0.,1.,0.));
#2874 = PLANE('',#2875);
#2875 = AXIS2_PLACEMENT_3D('',#2876,#2877,#2878);
#2876 = CARTESIAN_POINT('',(-32.5,28.710631804178,14.035757816263));
#2877 = DIRECTION('',(-1.,0.,-2.22044604925E-16));
#2878 = DIRECTION('',(-2.22044604925E-16,0.,1.));
#2879 = ADVANCED_FACE('',(#2880),#2909,.T.);
#2880 = FACE_BOUND('',#2881,.F.);
#2881 = EDGE_LOOP('',(#2882,#2890,#2899,#2906,#2907,#2908));
#2882 = ORIENTED_EDGE('',*,*,#2883,.F.);
#2883 = EDGE_CURVE('',#2884,#1262,#2886,.T.);
#2884 = VERTEX_POINT('',#2885);
#2885 = CARTESIAN_POINT('',(-27.5,45.669872981078,7.));
#2886 = LINE('',#2887,#2888);
#2887 = CARTESIAN_POINT('',(-27.5,45.669872981078,5.551115123126E-16));
#2888 = VECTOR('',#2889,1.);
#2889 = DIRECTION('',(-0.,-0.,-1.));
#2890 = ORIENTED_EDGE('',*,*,#2891,.T.);
#2891 = EDGE_CURVE('',#2884,#2892,#2894,.T.);
#2892 = VERTEX_POINT('',#2893);
#2893 = CARTESIAN_POINT('',(-25.,50.,7.));
#2894 = CIRCLE('',#2895,5.);
#2895 = AXIS2_PLACEMENT_3D('',#2896,#2897,#2898);
#2896 = CARTESIAN_POINT('',(-30.,50.,7.));
#2897 = DIRECTION('',(0.,0.,1.));
#2898 = DIRECTION('',(1.,0.,0.));
#2899 = ORIENTED_EDGE('',*,*,#2900,.T.);
#2900 = EDGE_CURVE('',#2892,#2844,#2901,.T.);
#2901 = CIRCLE('',#2902,5.);
#2902 = AXIS2_PLACEMENT_3D('',#2903,#2904,#2905);
#2903 = CARTESIAN_POINT('',(-30.,50.,7.));
#2904 = DIRECTION('',(0.,0.,1.));
#2905 = DIRECTION('',(1.,0.,0.));
#2906 = ORIENTED_EDGE('',*,*,#2843,.T.);
#2907 = ORIENTED_EDGE('',*,*,#1252,.F.);
#2908 = ORIENTED_EDGE('',*,*,#1261,.F.);
#2909 = CYLINDRICAL_SURFACE('',#2910,5.);
#2910 = AXIS2_PLACEMENT_3D('',#2911,#2912,#2913);
#2911 = CARTESIAN_POINT('',(-30.,50.,0.));
#2912 = DIRECTION('',(-0.,-0.,-1.));
#2913 = DIRECTION('',(1.,0.,0.));
#2914 = ADVANCED_FACE('',(#2915),#2933,.F.);
#2915 = FACE_BOUND('',#2916,.F.);
#2916 = EDGE_LOOP('',(#2917,#2918,#2926,#2932));
#2917 = ORIENTED_EDGE('',*,*,#1270,.T.);
#2918 = ORIENTED_EDGE('',*,*,#2919,.F.);
#2919 = EDGE_CURVE('',#2920,#1271,#2922,.T.);
#2920 = VERTEX_POINT('',#2921);
#2921 = CARTESIAN_POINT('',(-27.5,45.,7.));
#2922 = LINE('',#2923,#2924);
#2923 = CARTESIAN_POINT('',(-27.5,45.,7.));
#2924 = VECTOR('',#2925,1.);
#2925 = DIRECTION('',(2.22044604925E-16,0.,-1.));
#2926 = ORIENTED_EDGE('',*,*,#2927,.T.);
#2927 = EDGE_CURVE('',#2920,#2884,#2928,.T.);
#2928 = LINE('',#2929,#2930);
#2929 = CARTESIAN_POINT('',(-27.5,45.,7.));
#2930 = VECTOR('',#2931,1.);
#2931 = DIRECTION('',(0.,1.,0.));
#2932 = ORIENTED_EDGE('',*,*,#2883,.T.);
#2933 = PLANE('',#2934);
#2934 = AXIS2_PLACEMENT_3D('',#2935,#2936,#2937);
#2935 = CARTESIAN_POINT('',(-27.5,28.710631804178,14.035757816263));
#2936 = DIRECTION('',(-1.,0.,-2.22044604925E-16));
#2937 = DIRECTION('',(-2.22044604925E-16,0.,1.));
#2938 = ADVANCED_FACE('',(#2939),#2957,.T.);
#2939 = FACE_BOUND('',#2940,.T.);
#2940 = EDGE_LOOP('',(#2941,#2942,#2943,#2951));
#2941 = ORIENTED_EDGE('',*,*,#1278,.T.);
#2942 = ORIENTED_EDGE('',*,*,#2919,.F.);
#2943 = ORIENTED_EDGE('',*,*,#2944,.T.);
#2944 = EDGE_CURVE('',#2920,#2945,#2947,.T.);
#2945 = VERTEX_POINT('',#2946);
#2946 = CARTESIAN_POINT('',(27.5,45.,7.));
#2947 = LINE('',#2948,#2949);
#2948 = CARTESIAN_POINT('',(-2.5,45.,7.));
#2949 = VECTOR('',#2950,1.);
#2950 = DIRECTION('',(1.,0.,-2.22044604925E-16));
#2951 = ORIENTED_EDGE('',*,*,#2952,.T.);
#2952 = EDGE_CURVE('',#2945,#1279,#2953,.T.);
#2953 = LINE('',#2954,#2955);
#2954 = CARTESIAN_POINT('',(27.5,45.,7.));
#2955 = VECTOR('',#2956,1.);
#2956 = DIRECTION('',(-2.22044604925E-16,0.,-1.));
#2957 = PLANE('',#2958);
#2958 = AXIS2_PLACEMENT_3D('',#2959,#2960,#2961);
#2959 = CARTESIAN_POINT('',(4.584146682323E-16,45.,3.5));
#2960 = DIRECTION('',(0.,1.,0.));
#2961 = DIRECTION('',(0.,0.,1.));
#2962 = ADVANCED_FACE('',(#2963),#2981,.F.);
#2963 = FACE_BOUND('',#2964,.T.);
#2964 = EDGE_LOOP('',(#2965,#2966,#2967,#2975));
#2965 = ORIENTED_EDGE('',*,*,#1286,.T.);
#2966 = ORIENTED_EDGE('',*,*,#2952,.F.);
#2967 = ORIENTED_EDGE('',*,*,#2968,.T.);
#2968 = EDGE_CURVE('',#2945,#2969,#2971,.T.);
#2969 = VERTEX_POINT('',#2970);
#2970 = CARTESIAN_POINT('',(27.5,45.669872981078,7.));
#2971 = LINE('',#2972,#2973);
#2972 = CARTESIAN_POINT('',(27.5,45.,7.));
#2973 = VECTOR('',#2974,1.);
#2974 = DIRECTION('',(0.,1.,0.));
#2975 = ORIENTED_EDGE('',*,*,#2976,.T.);
#2976 = EDGE_CURVE('',#2969,#1287,#2977,.T.);
#2977 = LINE('',#2978,#2979);
#2978 = CARTESIAN_POINT('',(27.5,45.669872981078,5.551115123126E-16));
#2979 = VECTOR('',#2980,1.);
#2980 = DIRECTION('',(0.,0.,-1.));
#2981 = PLANE('',#2982);
#2982 = AXIS2_PLACEMENT_3D('',#2983,#2984,#2985);
#2983 = CARTESIAN_POINT('',(27.5,28.710631804178,14.035757816263));
#2984 = DIRECTION('',(1.,-0.,-2.22044604925E-16));
#2985 = DIRECTION('',(-2.22044604925E-16,0.,-1.));
#2986 = ADVANCED_FACE('',(#2987),#3016,.T.);
#2987 = FACE_BOUND('',#2988,.T.);
#2988 = EDGE_LOOP('',(#2989,#2990,#2999,#3008,#3014,#3015));
#2989 = ORIENTED_EDGE('',*,*,#2976,.F.);
#2990 = ORIENTED_EDGE('',*,*,#2991,.T.);
#2991 = EDGE_CURVE('',#2969,#2992,#2994,.T.);
#2992 = VERTEX_POINT('',#2993);
#2993 = CARTESIAN_POINT('',(25.,50.,7.));
#2994 = CIRCLE('',#2995,5.);
#2995 = AXIS2_PLACEMENT_3D('',#2996,#2997,#2998);
#2996 = CARTESIAN_POINT('',(30.,50.,7.));
#2997 = DIRECTION('',(0.,0.,-1.));
#2998 = DIRECTION('',(-1.,-0.,-0.));
#2999 = ORIENTED_EDGE('',*,*,#3000,.T.);
#3000 = EDGE_CURVE('',#2992,#3001,#3003,.T.);
#3001 = VERTEX_POINT('',#3002);
#3002 = CARTESIAN_POINT('',(32.5,45.669872981078,7.));
#3003 = CIRCLE('',#3004,5.);
#3004 = AXIS2_PLACEMENT_3D('',#3005,#3006,#3007);
#3005 = CARTESIAN_POINT('',(30.,50.,7.));
#3006 = DIRECTION('',(0.,0.,-1.));
#3007 = DIRECTION('',(-1.,-0.,-0.));
#3008 = ORIENTED_EDGE('',*,*,#3009,.T.);
#3009 = EDGE_CURVE('',#3001,#1304,#3010,.T.);
#3010 = LINE('',#3011,#3012);
#3011 = CARTESIAN_POINT('',(32.5,45.669872981078,-5.551115123126E-16));
#3012 = VECTOR('',#3013,1.);
#3013 = DIRECTION('',(0.,0.,-1.));
#3014 = ORIENTED_EDGE('',*,*,#1303,.F.);
#3015 = ORIENTED_EDGE('',*,*,#1294,.F.);
#3016 = CYLINDRICAL_SURFACE('',#3017,5.);
#3017 = AXIS2_PLACEMENT_3D('',#3018,#3019,#3020);
#3018 = CARTESIAN_POINT('',(30.,50.,0.));
#3019 = DIRECTION('',(0.,0.,-1.));
#3020 = DIRECTION('',(-1.,-0.,-0.));
#3021 = ADVANCED_FACE('',(#3022),#3049,.T.);
#3022 = FACE_BOUND('',#3023,.F.);
#3023 = EDGE_LOOP('',(#3024,#3025,#3026,#3027,#3035,#3043));
#3024 = ORIENTED_EDGE('',*,*,#3009,.T.);
#3025 = ORIENTED_EDGE('',*,*,#1312,.T.);
#3026 = ORIENTED_EDGE('',*,*,#1861,.F.);
#3027 = ORIENTED_EDGE('',*,*,#3028,.T.);
#3028 = EDGE_CURVE('',#1853,#3029,#3031,.T.);
#3029 = VERTEX_POINT('',#3030);
#3030 = CARTESIAN_POINT('',(32.5,40.,30.));
#3031 = LINE('',#3032,#3033);
#3032 = CARTESIAN_POINT('',(32.5,13.,30.));
#3033 = VECTOR('',#3034,1.);
#3034 = DIRECTION('',(0.,1.,0.));
#3035 = ORIENTED_EDGE('',*,*,#3036,.T.);
#3036 = EDGE_CURVE('',#3029,#3037,#3039,.T.);
#3037 = VERTEX_POINT('',#3038);
#3038 = CARTESIAN_POINT('',(32.5,45.,7.));
#3039 = LINE('',#3040,#3041);
#3040 = CARTESIAN_POINT('',(32.5,40.,30.));
#3041 = VECTOR('',#3042,1.);
#3042 = DIRECTION('',(-2.169767396693E-16,0.212429644331,-0.977176363923
    ));
#3043 = ORIENTED_EDGE('',*,*,#3044,.T.);
#3044 = EDGE_CURVE('',#3037,#3001,#3045,.T.);
#3045 = LINE('',#3046,#3047);
#3046 = CARTESIAN_POINT('',(32.5,45.,7.));
#3047 = VECTOR('',#3048,1.);
#3048 = DIRECTION('',(0.,1.,0.));
#3049 = PLANE('',#3050);
#3050 = AXIS2_PLACEMENT_3D('',#3051,#3052,#3053);
#3051 = CARTESIAN_POINT('',(32.5,28.710631804178,14.035757816263));
#3052 = DIRECTION('',(1.,-0.,-2.22044604925E-16));
#3053 = DIRECTION('',(-2.22044604925E-16,0.,-1.));
#3054 = ADVANCED_FACE('',(#3055),#3073,.F.);
#3055 = FACE_BOUND('',#3056,.T.);
#3056 = EDGE_LOOP('',(#3057,#3065,#3066,#3067));
#3057 = ORIENTED_EDGE('',*,*,#3058,.F.);
#3058 = EDGE_CURVE('',#1465,#3059,#3061,.T.);
#3059 = VERTEX_POINT('',#3060);
#3060 = CARTESIAN_POINT('',(27.5,37.,30.));
#3061 = LINE('',#3062,#3063);
#3062 = CARTESIAN_POINT('',(27.5,44.,-6.661338147751E-15));
#3063 = VECTOR('',#3064,1.);
#3064 = DIRECTION('',(2.162361866768E-16,-0.227229615606,0.973841209742)
  );
#3065 = ORIENTED_EDGE('',*,*,#1464,.T.);
#3066 = ORIENTED_EDGE('',*,*,#1844,.F.);
#3067 = ORIENTED_EDGE('',*,*,#3068,.T.);
#3068 = EDGE_CURVE('',#1845,#3059,#3069,.T.);
#3069 = LINE('',#3070,#3071);
#3070 = CARTESIAN_POINT('',(27.5,15.,30.));
#3071 = VECTOR('',#3072,1.);
#3072 = DIRECTION('',(0.,1.,0.));
#3073 = PLANE('',#3074);
#3074 = AXIS2_PLACEMENT_3D('',#3075,#3076,#3077);
#3075 = CARTESIAN_POINT('',(27.5,28.710631804178,14.035757816263));
#3076 = DIRECTION('',(1.,-0.,-2.22044604925E-16));
#3077 = DIRECTION('',(-2.22044604925E-16,0.,-1.));
#3078 = ADVANCED_FACE('',(#3079),#3097,.T.);
#3079 = FACE_BOUND('',#3080,.T.);
#3080 = EDGE_LOOP('',(#3081,#3089,#3095,#3096));
#3081 = ORIENTED_EDGE('',*,*,#3082,.T.);
#3082 = EDGE_CURVE('',#3059,#3083,#3085,.T.);
#3083 = VERTEX_POINT('',#3084);
#3084 = CARTESIAN_POINT('',(-27.5,37.,30.));
#3085 = LINE('',#3086,#3087);
#3086 = CARTESIAN_POINT('',(2.5,37.,30.));
#3087 = VECTOR('',#3088,1.);
#3088 = DIRECTION('',(-1.,0.,-2.22044604925E-16));
#3089 = ORIENTED_EDGE('',*,*,#3090,.F.);
#3090 = EDGE_CURVE('',#1473,#3083,#3091,.T.);
#3091 = LINE('',#3092,#3093);
#3092 = CARTESIAN_POINT('',(-27.5,44.,-6.661338147751E-15));
#3093 = VECTOR('',#3094,1.);
#3094 = DIRECTION('',(-2.162361866768E-16,-0.227229615606,0.973841209742
    ));
#3095 = ORIENTED_EDGE('',*,*,#1472,.T.);
#3096 = ORIENTED_EDGE('',*,*,#3058,.T.);
#3097 = PLANE('',#3098);
#3098 = AXIS2_PLACEMENT_3D('',#3099,#3100,#3101);
#3099 = CARTESIAN_POINT('',(6.624655906281E-16,40.5,15.));
#3100 = DIRECTION('',(-0.,-0.973841209742,-0.227229615606));
#3101 = DIRECTION('',(0.,0.227229615606,-0.973841209742));
#3102 = ADVANCED_FACE('',(#3103),#3114,.F.);
#3103 = FACE_BOUND('',#3104,.F.);
#3104 = EDGE_LOOP('',(#3105,#3106,#3107,#3108));
#3105 = ORIENTED_EDGE('',*,*,#3090,.F.);
#3106 = ORIENTED_EDGE('',*,*,#1480,.T.);
#3107 = ORIENTED_EDGE('',*,*,#1582,.F.);
#3108 = ORIENTED_EDGE('',*,*,#3109,.T.);
#3109 = EDGE_CURVE('',#1574,#3083,#3110,.T.);
#3110 = LINE('',#3111,#3112);
#3111 = CARTESIAN_POINT('',(-27.5,15.,30.));
#3112 = VECTOR('',#3113,1.);
#3113 = DIRECTION('',(0.,1.,0.));
#3114 = PLANE('',#3115);
#3115 = AXIS2_PLACEMENT_3D('',#3116,#3117,#3118);
#3116 = CARTESIAN_POINT('',(-27.5,28.710631804178,14.035757816263));
#3117 = DIRECTION('',(-1.,0.,-2.22044604925E-16));
#3118 = DIRECTION('',(-2.22044604925E-16,0.,1.));
#3119 = ADVANCED_FACE('',(#3120),#3139,.F.);
#3120 = FACE_BOUND('',#3121,.T.);
#3121 = EDGE_LOOP('',(#3122,#3130,#3137,#3138));
#3122 = ORIENTED_EDGE('',*,*,#3123,.F.);
#3123 = EDGE_CURVE('',#3124,#1506,#3126,.T.);
#3124 = VERTEX_POINT('',#3125);
#3125 = CARTESIAN_POINT('',(27.8,10.,32.35));
#3126 = LINE('',#3127,#3128);
#3127 = CARTESIAN_POINT('',(27.8,10.,34.));
#3128 = VECTOR('',#3129,1.);
#3129 = DIRECTION('',(1.224646799147E-16,0.,-1.));
#3130 = ORIENTED_EDGE('',*,*,#3131,.T.);
#3131 = EDGE_CURVE('',#3124,#3124,#3132,.T.);
#3132 = CIRCLE('',#3133,2.2);
#3133 = AXIS2_PLACEMENT_3D('',#3134,#3135,#3136);
#3134 = CARTESIAN_POINT('',(30.,10.,32.35));
#3135 = DIRECTION('',(-1.224646799147E-16,-0.,1.));
#3136 = DIRECTION('',(-1.,0.,-1.224646799147E-16));
#3137 = ORIENTED_EDGE('',*,*,#3123,.T.);
#3138 = ORIENTED_EDGE('',*,*,#1505,.F.);
#3139 = CYLINDRICAL_SURFACE('',#3140,2.2);
#3140 = AXIS2_PLACEMENT_3D('',#3141,#3142,#3143);
#3141 = CARTESIAN_POINT('',(30.,10.,34.));
#3142 = DIRECTION('',(-1.224646799147E-16,-0.,1.));
#3143 = DIRECTION('',(-1.,0.,-1.224646799147E-16));
#3144 = ADVANCED_FACE('',(#3145),#3164,.F.);
#3145 = FACE_BOUND('',#3146,.T.);
#3146 = EDGE_LOOP('',(#3147,#3155,#3162,#3163));
#3147 = ORIENTED_EDGE('',*,*,#3148,.F.);
#3148 = EDGE_CURVE('',#3149,#1517,#3151,.T.);
#3149 = VERTEX_POINT('',#3150);
#3150 = CARTESIAN_POINT('',(-32.2,10.,32.35));
#3151 = LINE('',#3152,#3153);
#3152 = CARTESIAN_POINT('',(-32.2,10.,34.));
#3153 = VECTOR('',#3154,1.);
#3154 = DIRECTION('',(1.224646799147E-16,0.,-1.));
#3155 = ORIENTED_EDGE('',*,*,#3156,.T.);
#3156 = EDGE_CURVE('',#3149,#3149,#3157,.T.);
#3157 = CIRCLE('',#3158,2.2);
#3158 = AXIS2_PLACEMENT_3D('',#3159,#3160,#3161);
#3159 = CARTESIAN_POINT('',(-30.,10.,32.35));
#3160 = DIRECTION('',(-1.224646799147E-16,-0.,1.));
#3161 = DIRECTION('',(-1.,0.,-1.224646799147E-16));
#3162 = ORIENTED_EDGE('',*,*,#3148,.T.);
#3163 = ORIENTED_EDGE('',*,*,#1516,.F.);
#3164 = CYLINDRICAL_SURFACE('',#3165,2.2);
#3165 = AXIS2_PLACEMENT_3D('',#3166,#3167,#3168);
#3166 = CARTESIAN_POINT('',(-30.,10.,34.));
#3167 = DIRECTION('',(-1.224646799147E-16,-0.,1.));
#3168 = DIRECTION('',(-1.,0.,-1.224646799147E-16));
#3169 = ADVANCED_FACE('',(#3170),#3189,.F.);
#3170 = FACE_BOUND('',#3171,.F.);
#3171 = EDGE_LOOP('',(#3172,#3180,#3187,#3188));
#3172 = ORIENTED_EDGE('',*,*,#3173,.F.);
#3173 = EDGE_CURVE('',#3174,#1528,#3176,.T.);
#3174 = VERTEX_POINT('',#3175);
#3175 = CARTESIAN_POINT('',(31.7,50.,4.85));
#3176 = LINE('',#3177,#3178);
#3177 = CARTESIAN_POINT('',(31.7,50.,6.));
#3178 = VECTOR('',#3179,1.);
#3179 = DIRECTION('',(-1.224646799147E-16,0.,-1.));
#3180 = ORIENTED_EDGE('',*,*,#3181,.T.);
#3181 = EDGE_CURVE('',#3174,#3174,#3182,.T.);
#3182 = CIRCLE('',#3183,1.7);
#3183 = AXIS2_PLACEMENT_3D('',#3184,#3185,#3186);
#3184 = CARTESIAN_POINT('',(30.,50.,4.85));
#3185 = DIRECTION('',(-1.224646799147E-16,-0.,-1.));
#3186 = DIRECTION('',(1.,0.,-1.224646799147E-16));
#3187 = ORIENTED_EDGE('',*,*,#3173,.T.);
#3188 = ORIENTED_EDGE('',*,*,#1527,.F.);
#3189 = CYLINDRICAL_SURFACE('',#3190,1.7);
#3190 = AXIS2_PLACEMENT_3D('',#3191,#3192,#3193);
#3191 = CARTESIAN_POINT('',(30.,50.,6.));
#3192 = DIRECTION('',(1.224646799147E-16,-0.,1.));
#3193 = DIRECTION('',(1.,0.,-1.224646799147E-16));
#3194 = ADVANCED_FACE('',(#3195),#3214,.F.);
#3195 = FACE_BOUND('',#3196,.T.);
#3196 = EDGE_LOOP('',(#3197,#3205,#3212,#3213));
#3197 = ORIENTED_EDGE('',*,*,#3198,.F.);
#3198 = EDGE_CURVE('',#3199,#1539,#3201,.T.);
#3199 = VERTEX_POINT('',#3200);
#3200 = CARTESIAN_POINT('',(-31.7,50.,4.85));
#3201 = LINE('',#3202,#3203);
#3202 = CARTESIAN_POINT('',(-31.7,50.,6.));
#3203 = VECTOR('',#3204,1.);
#3204 = DIRECTION('',(1.224646799147E-16,0.,-1.));
#3205 = ORIENTED_EDGE('',*,*,#3206,.T.);
#3206 = EDGE_CURVE('',#3199,#3199,#3207,.T.);
#3207 = CIRCLE('',#3208,1.7);
#3208 = AXIS2_PLACEMENT_3D('',#3209,#3210,#3211);
#3209 = CARTESIAN_POINT('',(-30.,50.,4.85));
#3210 = DIRECTION('',(-1.224646799147E-16,-0.,1.));
#3211 = DIRECTION('',(-1.,0.,-1.224646799147E-16));
#3212 = ORIENTED_EDGE('',*,*,#3198,.T.);
#3213 = ORIENTED_EDGE('',*,*,#1538,.F.);
#3214 = CYLINDRICAL_SURFACE('',#3215,1.7);
#3215 = AXIS2_PLACEMENT_3D('',#3216,#3217,#3218);
#3216 = CARTESIAN_POINT('',(-30.,50.,6.));
#3217 = DIRECTION('',(-1.224646799147E-16,-0.,1.));
#3218 = DIRECTION('',(-1.,0.,-1.224646799147E-16));
#3219 = ADVANCED_FACE('',(#3220),#3235,.T.);
#3220 = FACE_BOUND('',#3221,.T.);
#3221 = EDGE_LOOP('',(#3222,#3223,#3224,#3225,#3226,#3227,#3228,#3234));
#3222 = ORIENTED_EDGE('',*,*,#1573,.T.);
#3223 = ORIENTED_EDGE('',*,*,#3109,.T.);
#3224 = ORIENTED_EDGE('',*,*,#3082,.F.);
#3225 = ORIENTED_EDGE('',*,*,#3068,.F.);
#3226 = ORIENTED_EDGE('',*,*,#1852,.T.);
#3227 = ORIENTED_EDGE('',*,*,#3028,.T.);
#3228 = ORIENTED_EDGE('',*,*,#3229,.F.);
#3229 = EDGE_CURVE('',#2854,#3029,#3230,.T.);
#3230 = LINE('',#3231,#3232);
#3231 = CARTESIAN_POINT('',(-2.5,40.,30.));
#3232 = VECTOR('',#3233,1.);
#3233 = DIRECTION('',(1.,0.,-2.22044604925E-16));
#3234 = ORIENTED_EDGE('',*,*,#2853,.F.);
#3235 = PLANE('',#3236);
#3236 = AXIS2_PLACEMENT_3D('',#3237,#3238,#3239);
#3237 = CARTESIAN_POINT('',(-1.533118480076E-15,32.76292895426,30.));
#3238 = DIRECTION('',(0.,0.,1.));
#3239 = DIRECTION('',(1.,0.,0.));
#3240 = ADVANCED_FACE('',(#3241),#3254,.F.);
#3241 = FACE_BOUND('',#3242,.T.);
#3242 = EDGE_LOOP('',(#3243,#3244,#3250,#3251,#3252,#3253));
#3243 = ORIENTED_EDGE('',*,*,#2186,.T.);
#3244 = ORIENTED_EDGE('',*,*,#3245,.T.);
#3245 = EDGE_CURVE('',#2187,#1681,#3246,.T.);
#3246 = LINE('',#3247,#3248);
#3247 = CARTESIAN_POINT('',(-18.3,-6.883382752676E-16,31.9));
#3248 = VECTOR('',#3249,1.);
#3249 = DIRECTION('',(0.,1.,-2.22044604925E-16));
#3250 = ORIENTED_EDGE('',*,*,#1680,.F.);
#3251 = ORIENTED_EDGE('',*,*,#3245,.F.);
#3252 = ORIENTED_EDGE('',*,*,#2195,.T.);
#3253 = ORIENTED_EDGE('',*,*,#2305,.F.);
#3254 = CYLINDRICAL_SURFACE('',#3255,1.6);
#3255 = AXIS2_PLACEMENT_3D('',#3256,#3257,#3258);
#3256 = CARTESIAN_POINT('',(-19.9,-6.883382752676E-16,31.9));
#3257 = DIRECTION('',(-0.,-1.,2.22044604925E-16));
#3258 = DIRECTION('',(1.,0.,0.));
#3259 = ADVANCED_FACE('',(#3260),#3279,.F.);
#3260 = FACE_BOUND('',#3261,.T.);
#3261 = EDGE_LOOP('',(#3262,#3271,#3277,#3278));
#3262 = ORIENTED_EDGE('',*,*,#3263,.F.);
#3263 = EDGE_CURVE('',#3264,#3264,#3266,.T.);
#3264 = VERTEX_POINT('',#3265);
#3265 = CARTESIAN_POINT('',(-15.45,7.9015,27.05));
#3266 = CIRCLE('',#3267,0.55);
#3267 = AXIS2_PLACEMENT_3D('',#3268,#3269,#3270);
#3268 = CARTESIAN_POINT('',(-16.,7.9015,27.05));
#3269 = DIRECTION('',(0.,1.,-2.22044604925E-16));
#3270 = DIRECTION('',(1.,0.,0.));
#3271 = ORIENTED_EDGE('',*,*,#3272,.T.);
#3272 = EDGE_CURVE('',#3264,#1692,#3273,.T.);
#3273 = LINE('',#3274,#3275);
#3274 = CARTESIAN_POINT('',(-15.45,7.9015,27.05));
#3275 = VECTOR('',#3276,1.);
#3276 = DIRECTION('',(0.,1.,-2.22044604925E-16));
#3277 = ORIENTED_EDGE('',*,*,#1691,.F.);
#3278 = ORIENTED_EDGE('',*,*,#3272,.F.);
#3279 = CYLINDRICAL_SURFACE('',#3280,0.55);
#3280 = AXIS2_PLACEMENT_3D('',#3281,#3282,#3283);
#3281 = CARTESIAN_POINT('',(-16.,7.9015,27.05));
#3282 = DIRECTION('',(-0.,-1.,2.22044604925E-16));
#3283 = DIRECTION('',(1.,0.,0.));
#3284 = ADVANCED_FACE('',(#3285),#3304,.F.);
#3285 = FACE_BOUND('',#3286,.T.);
#3286 = EDGE_LOOP('',(#3287,#3296,#3302,#3303));
#3287 = ORIENTED_EDGE('',*,*,#3288,.F.);
#3288 = EDGE_CURVE('',#3289,#3289,#3291,.T.);
#3289 = VERTEX_POINT('',#3290);
#3290 = CARTESIAN_POINT('',(-10.45,7.9015,27.05));
#3291 = CIRCLE('',#3292,0.55);
#3292 = AXIS2_PLACEMENT_3D('',#3293,#3294,#3295);
#3293 = CARTESIAN_POINT('',(-11.,7.9015,27.05));
#3294 = DIRECTION('',(0.,1.,-2.22044604925E-16));
#3295 = DIRECTION('',(1.,0.,0.));
#3296 = ORIENTED_EDGE('',*,*,#3297,.T.);
#3297 = EDGE_CURVE('',#3289,#1703,#3298,.T.);
#3298 = LINE('',#3299,#3300);
#3299 = CARTESIAN_POINT('',(-10.45,7.9015,27.05));
#3300 = VECTOR('',#3301,1.);
#3301 = DIRECTION('',(0.,1.,-2.22044604925E-16));
#3302 = ORIENTED_EDGE('',*,*,#1702,.F.);
#3303 = ORIENTED_EDGE('',*,*,#3297,.F.);
#3304 = CYLINDRICAL_SURFACE('',#3305,0.55);
#3305 = AXIS2_PLACEMENT_3D('',#3306,#3307,#3308);
#3306 = CARTESIAN_POINT('',(-11.,7.9015,27.05));
#3307 = DIRECTION('',(-0.,-1.,2.22044604925E-16));
#3308 = DIRECTION('',(1.,0.,0.));
#3309 = ADVANCED_FACE('',(#3310),#3329,.F.);
#3310 = FACE_BOUND('',#3311,.T.);
#3311 = EDGE_LOOP('',(#3312,#3321,#3327,#3328));
#3312 = ORIENTED_EDGE('',*,*,#3313,.F.);
#3313 = EDGE_CURVE('',#3314,#3314,#3316,.T.);
#3314 = VERTEX_POINT('',#3315);
#3315 = CARTESIAN_POINT('',(-5.45,7.9015,27.05));
#3316 = CIRCLE('',#3317,0.55);
#3317 = AXIS2_PLACEMENT_3D('',#3318,#3319,#3320);
#3318 = CARTESIAN_POINT('',(-6.,7.9015,27.05));
#3319 = DIRECTION('',(0.,1.,-2.22044604925E-16));
#3320 = DIRECTION('',(1.,0.,0.));
#3321 = ORIENTED_EDGE('',*,*,#3322,.T.);
#3322 = EDGE_CURVE('',#3314,#1714,#3323,.T.);
#3323 = LINE('',#3324,#3325);
#3324 = CARTESIAN_POINT('',(-5.45,7.9015,27.05));
#3325 = VECTOR('',#3326,1.);
#3326 = DIRECTION('',(0.,1.,-2.22044604925E-16));
#3327 = ORIENTED_EDGE('',*,*,#1713,.F.);
#3328 = ORIENTED_EDGE('',*,*,#3322,.F.);
#3329 = CYLINDRICAL_SURFACE('',#3330,0.55);
#3330 = AXIS2_PLACEMENT_3D('',#3331,#3332,#3333);
#3331 = CARTESIAN_POINT('',(-6.,7.9015,27.05));
#3332 = DIRECTION('',(-0.,-1.,2.22044604925E-16));
#3333 = DIRECTION('',(1.,0.,0.));
#3334 = ADVANCED_FACE('',(#3335),#3384,.T.);
#3335 = FACE_BOUND('',#3336,.T.);
#3336 = EDGE_LOOP('',(#3337,#3345,#3346,#3375,#3376,#3377));
#3337 = ORIENTED_EDGE('',*,*,#3338,.T.);
#3338 = EDGE_CURVE('',#3339,#1727,#3341,.T.);
#3339 = VERTEX_POINT('',#3340);
#3340 = CARTESIAN_POINT('',(9.,10.35,15.));
#3341 = LINE('',#3342,#3343);
#3342 = CARTESIAN_POINT('',(9.,10.35,15.));
#3343 = VECTOR('',#3344,1.);
#3344 = DIRECTION('',(0.938876315887,-0.344254649158,-3.063982625751E-16
    ));
#3345 = ORIENTED_EDGE('',*,*,#1724,.F.);
#3346 = ORIENTED_EDGE('',*,*,#3347,.F.);
#3347 = EDGE_CURVE('',#1736,#1725,#3348,.T.);
#3348 = B_SPLINE_CURVE_WITH_KNOTS('',5,(#3349,#3350,#3351,#3352,#3353,
    #3354,#3355,#3356,#3357,#3358,#3359,#3360,#3361,#3362,#3363,#3364,
    #3365,#3366,#3367,#3368,#3369,#3370,#3371,#3372,#3373,#3374),
  .UNSPECIFIED.,.F.,.F.,(6,4,4,4,4,4,6),(0.,0.215279587041,
    0.313035879936,0.500648462128,0.686930933757,0.784686310572,1.),
  .UNSPECIFIED.);
#3349 = CARTESIAN_POINT('',(4.053997280486,10.,24.091648984449));
#3350 = CARTESIAN_POINT('',(4.018367659681,10.013234027476,
    24.068017951764));
#3351 = CARTESIAN_POINT('',(3.980020991057,10.025783526938,
    24.047570195997));
#3352 = CARTESIAN_POINT('',(3.939205590981,10.037462008897,
    24.030703810423));
#3353 = CARTESIAN_POINT('',(3.8962907982,10.048034589121,24.017888155447
    ));
#3354 = CARTESIAN_POINT('',(3.831687592467,10.061451464595,
    24.005712752404));
#3355 = CARTESIAN_POINT('',(3.811201865067,10.065363844338,
    24.002826371462));
#3356 = CARTESIAN_POINT('',(3.790461200456,10.068975721504,
    24.000893435707));
#3357 = CARTESIAN_POINT('',(3.769531845533,10.072265342338,
    23.99994430669));
#3358 = CARTESIAN_POINT('',(3.70810703708,10.080867763477,
    24.000112936082));
#3359 = CARTESIAN_POINT('',(3.667300783606,10.085262615188,
    24.003931291405));
#3360 = CARTESIAN_POINT('',(3.626631372041,10.088250902139,
    24.011615147297));
#3361 = CARTESIAN_POINT('',(3.586754341358,10.089733734383,
    24.023161796856));
#3362 = CARTESIAN_POINT('',(3.510137347946,10.089692305128,
    24.053361884083));
#3363 = CARTESIAN_POINT('',(3.47336283923,10.088189279652,
    24.071969997009));
#3364 = CARTESIAN_POINT('',(3.438613758782,10.085203388689,
    24.093894347429));
#3365 = CARTESIAN_POINT('',(3.406360778265,10.08083181879,
    24.118699787004));
#3366 = CARTESIAN_POINT('',(3.361440282667,10.072270876552,
    24.160174264737));
#3367 = CARTESIAN_POINT('',(3.346747730378,10.068981735059,
    24.175109703312));
#3368 = CARTESIAN_POINT('',(3.332862814415,10.065370320298,
    24.190637763459));
#3369 = CARTESIAN_POINT('',(3.319813430742,10.06145838462,
    24.206691120235));
#3370 = CARTESIAN_POINT('',(3.28074755071,10.048041322665,
    24.259574724522));
#3371 = CARTESIAN_POINT('',(3.258013280996,10.037467587754,
    24.298171988623));
#3372 = CARTESIAN_POINT('',(3.239575088071,10.025787522915,
    24.338309899438));
#3373 = CARTESIAN_POINT('',(3.225384245975,10.013236134666,
    24.379392883051));
#3374 = CARTESIAN_POINT('',(3.21535181014,10.,24.420960033014));
#3375 = ORIENTED_EDGE('',*,*,#1735,.F.);
#3376 = ORIENTED_EDGE('',*,*,#3338,.F.);
#3377 = ORIENTED_EDGE('',*,*,#3378,.T.);
#3378 = EDGE_CURVE('',#3339,#3339,#3379,.T.);
#3379 = CIRCLE('',#3380,9.);
#3380 = AXIS2_PLACEMENT_3D('',#3381,#3382,#3383);
#3381 = CARTESIAN_POINT('',(0.,10.35,15.));
#3382 = DIRECTION('',(0.,-1.,-2.22044604925E-16));
#3383 = DIRECTION('',(1.,0.,0.));
#3384 = CONICAL_SURFACE('',#3385,9.,1.219351532791);
#3385 = AXIS2_PLACEMENT_3D('',#3386,#3387,#3388);
#3386 = CARTESIAN_POINT('',(0.,10.35,15.));
#3387 = DIRECTION('',(0.,-1.,-2.22044604925E-16));
#3388 = DIRECTION('',(1.,0.,0.));
#3389 = ADVANCED_FACE('',(#3390),#3411,.F.);
#3390 = FACE_BOUND('',#3391,.T.);
#3391 = EDGE_LOOP('',(#3392,#3401,#3407,#3408,#3409,#3410));
#3392 = ORIENTED_EDGE('',*,*,#3393,.F.);
#3393 = EDGE_CURVE('',#3394,#3394,#3396,.T.);
#3394 = VERTEX_POINT('',#3395);
#3395 = CARTESIAN_POINT('',(4.3,7.9015,24.55));
#3396 = CIRCLE('',#3397,0.55);
#3397 = AXIS2_PLACEMENT_3D('',#3398,#3399,#3400);
#3398 = CARTESIAN_POINT('',(3.75,7.9015,24.55));
#3399 = DIRECTION('',(0.,1.,-2.22044604925E-16));
#3400 = DIRECTION('',(1.,0.,0.));
#3401 = ORIENTED_EDGE('',*,*,#3402,.T.);
#3402 = EDGE_CURVE('',#3394,#1745,#3403,.T.);
#3403 = LINE('',#3404,#3405);
#3404 = CARTESIAN_POINT('',(4.3,7.9015,24.55));
#3405 = VECTOR('',#3406,1.);
#3406 = DIRECTION('',(0.,1.,-2.22044604925E-16));
#3407 = ORIENTED_EDGE('',*,*,#1744,.F.);
#3408 = ORIENTED_EDGE('',*,*,#3347,.T.);
#3409 = ORIENTED_EDGE('',*,*,#1753,.F.);
#3410 = ORIENTED_EDGE('',*,*,#3402,.F.);
#3411 = CYLINDRICAL_SURFACE('',#3412,0.55);
#3412 = AXIS2_PLACEMENT_3D('',#3413,#3414,#3415);
#3413 = CARTESIAN_POINT('',(3.75,7.9015,24.55));
#3414 = DIRECTION('',(-0.,-1.,2.22044604925E-16));
#3415 = DIRECTION('',(1.,0.,0.));
#3416 = ADVANCED_FACE('',(#3417),#3428,.F.);
#3417 = FACE_BOUND('',#3418,.T.);
#3418 = EDGE_LOOP('',(#3419,#3420,#3426,#3427));
#3419 = ORIENTED_EDGE('',*,*,#2258,.T.);
#3420 = ORIENTED_EDGE('',*,*,#3421,.T.);
#3421 = EDGE_CURVE('',#2259,#1763,#3422,.T.);
#3422 = LINE('',#3423,#3424);
#3423 = CARTESIAN_POINT('',(0.1,-6.883382752676E-16,31.9));
#3424 = VECTOR('',#3425,1.);
#3425 = DIRECTION('',(0.,1.,-2.22044604925E-16));
#3426 = ORIENTED_EDGE('',*,*,#1762,.F.);
#3427 = ORIENTED_EDGE('',*,*,#3421,.F.);
#3428 = CYLINDRICAL_SURFACE('',#3429,1.6);
#3429 = AXIS2_PLACEMENT_3D('',#3430,#3431,#3432);
#3430 = CARTESIAN_POINT('',(-1.5,-6.883382752676E-16,31.9));
#3431 = DIRECTION('',(-0.,-1.,2.22044604925E-16));
#3432 = DIRECTION('',(1.,0.,0.));
#3433 = ADVANCED_FACE('',(#3434),#3453,.F.);
#3434 = FACE_BOUND('',#3435,.T.);
#3435 = EDGE_LOOP('',(#3436,#3445,#3451,#3452));
#3436 = ORIENTED_EDGE('',*,*,#3437,.F.);
#3437 = EDGE_CURVE('',#3438,#3438,#3440,.T.);
#3438 = VERTEX_POINT('',#3439);
#3439 = CARTESIAN_POINT('',(4.3,7.9015,27.05));
#3440 = CIRCLE('',#3441,0.55);
#3441 = AXIS2_PLACEMENT_3D('',#3442,#3443,#3444);
#3442 = CARTESIAN_POINT('',(3.75,7.9015,27.05));
#3443 = DIRECTION('',(0.,1.,-2.22044604925E-16));
#3444 = DIRECTION('',(1.,0.,0.));
#3445 = ORIENTED_EDGE('',*,*,#3446,.T.);
#3446 = EDGE_CURVE('',#3438,#1774,#3447,.T.);
#3447 = LINE('',#3448,#3449);
#3448 = CARTESIAN_POINT('',(4.3,7.9015,27.05));
#3449 = VECTOR('',#3450,1.);
#3450 = DIRECTION('',(0.,1.,-2.22044604925E-16));
#3451 = ORIENTED_EDGE('',*,*,#1773,.F.);
#3452 = ORIENTED_EDGE('',*,*,#3446,.F.);
#3453 = CYLINDRICAL_SURFACE('',#3454,0.55);
#3454 = AXIS2_PLACEMENT_3D('',#3455,#3456,#3457);
#3455 = CARTESIAN_POINT('',(3.75,7.9015,27.05));
#3456 = DIRECTION('',(-0.,-1.,2.22044604925E-16));
#3457 = DIRECTION('',(1.,0.,0.));
#3458 = ADVANCED_FACE('',(#3459),#3478,.F.);
#3459 = FACE_BOUND('',#3460,.T.);
#3460 = EDGE_LOOP('',(#3461,#3470,#3476,#3477));
#3461 = ORIENTED_EDGE('',*,*,#3462,.F.);
#3462 = EDGE_CURVE('',#3463,#3463,#3465,.T.);
#3463 = VERTEX_POINT('',#3464);
#3464 = CARTESIAN_POINT('',(4.3,7.9015,29.55));
#3465 = CIRCLE('',#3466,0.55);
#3466 = AXIS2_PLACEMENT_3D('',#3467,#3468,#3469);
#3467 = CARTESIAN_POINT('',(3.75,7.9015,29.55));
#3468 = DIRECTION('',(0.,1.,-2.22044604925E-16));
#3469 = DIRECTION('',(1.,0.,0.));
#3470 = ORIENTED_EDGE('',*,*,#3471,.T.);
#3471 = EDGE_CURVE('',#3463,#1785,#3472,.T.);
#3472 = LINE('',#3473,#3474);
#3473 = CARTESIAN_POINT('',(4.3,7.9015,29.55));
#3474 = VECTOR('',#3475,1.);
#3475 = DIRECTION('',(0.,1.,-2.22044604925E-16));
#3476 = ORIENTED_EDGE('',*,*,#1784,.F.);
#3477 = ORIENTED_EDGE('',*,*,#3471,.F.);
#3478 = CYLINDRICAL_SURFACE('',#3479,0.55);
#3479 = AXIS2_PLACEMENT_3D('',#3480,#3481,#3482);
#3480 = CARTESIAN_POINT('',(3.75,7.9015,29.55));
#3481 = DIRECTION('',(-0.,-1.,2.22044604925E-16));
#3482 = DIRECTION('',(1.,0.,0.));
#3483 = ADVANCED_FACE('',(#3484),#3503,.F.);
#3484 = FACE_BOUND('',#3485,.T.);
#3485 = EDGE_LOOP('',(#3486,#3495,#3501,#3502));
#3486 = ORIENTED_EDGE('',*,*,#3487,.F.);
#3487 = EDGE_CURVE('',#3488,#3488,#3490,.T.);
#3488 = VERTEX_POINT('',#3489);
#3489 = CARTESIAN_POINT('',(4.3,7.9015,32.05));
#3490 = CIRCLE('',#3491,0.55);
#3491 = AXIS2_PLACEMENT_3D('',#3492,#3493,#3494);
#3492 = CARTESIAN_POINT('',(3.75,7.9015,32.05));
#3493 = DIRECTION('',(0.,1.,-2.22044604925E-16));
#3494 = DIRECTION('',(1.,0.,0.));
#3495 = ORIENTED_EDGE('',*,*,#3496,.T.);
#3496 = EDGE_CURVE('',#3488,#1796,#3497,.T.);
#3497 = LINE('',#3498,#3499);
#3498 = CARTESIAN_POINT('',(4.3,7.9015,32.05));
#3499 = VECTOR('',#3500,1.);
#3500 = DIRECTION('',(0.,1.,-2.22044604925E-16));
#3501 = ORIENTED_EDGE('',*,*,#1795,.F.);
#3502 = ORIENTED_EDGE('',*,*,#3496,.F.);
#3503 = CYLINDRICAL_SURFACE('',#3504,0.55);
#3504 = AXIS2_PLACEMENT_3D('',#3505,#3506,#3507);
#3505 = CARTESIAN_POINT('',(3.75,7.9015,32.05));
#3506 = DIRECTION('',(-0.,-1.,2.22044604925E-16));
#3507 = DIRECTION('',(1.,0.,0.));
#3508 = ADVANCED_FACE('',(#3509),#3520,.F.);
#3509 = FACE_BOUND('',#3510,.T.);
#3510 = EDGE_LOOP('',(#3511,#3512,#3518,#3519));
#3511 = ORIENTED_EDGE('',*,*,#2269,.T.);
#3512 = ORIENTED_EDGE('',*,*,#3513,.T.);
#3513 = EDGE_CURVE('',#2270,#1807,#3514,.T.);
#3514 = LINE('',#3515,#3516);
#3515 = CARTESIAN_POINT('',(14.6,-2.997602166488E-15,21.5));
#3516 = VECTOR('',#3517,1.);
#3517 = DIRECTION('',(0.,1.,-2.22044604925E-16));
#3518 = ORIENTED_EDGE('',*,*,#1806,.F.);
#3519 = ORIENTED_EDGE('',*,*,#3513,.F.);
#3520 = CYLINDRICAL_SURFACE('',#3521,1.6);
#3521 = AXIS2_PLACEMENT_3D('',#3522,#3523,#3524);
#3522 = CARTESIAN_POINT('',(13.,-2.997602166488E-15,21.5));
#3523 = DIRECTION('',(-0.,-1.,2.22044604925E-16));
#3524 = DIRECTION('',(1.,0.,0.));
#3525 = ADVANCED_FACE('',(#3526),#3537,.F.);
#3526 = FACE_BOUND('',#3527,.T.);
#3527 = EDGE_LOOP('',(#3528,#3529,#3535,#3536));
#3528 = ORIENTED_EDGE('',*,*,#2280,.T.);
#3529 = ORIENTED_EDGE('',*,*,#3530,.T.);
#3530 = EDGE_CURVE('',#2281,#1818,#3531,.T.);
#3531 = LINE('',#3532,#3533);
#3532 = CARTESIAN_POINT('',(14.6,-6.883382752676E-16,31.9));
#3533 = VECTOR('',#3534,1.);
#3534 = DIRECTION('',(0.,1.,-2.22044604925E-16));
#3535 = ORIENTED_EDGE('',*,*,#1817,.F.);
#3536 = ORIENTED_EDGE('',*,*,#3530,.F.);
#3537 = CYLINDRICAL_SURFACE('',#3538,1.6);
#3538 = AXIS2_PLACEMENT_3D('',#3539,#3540,#3541);
#3539 = CARTESIAN_POINT('',(13.,-6.883382752676E-16,31.9));
#3540 = DIRECTION('',(-0.,-1.,2.22044604925E-16));
#3541 = DIRECTION('',(1.,0.,0.));
#3542 = ADVANCED_FACE('',(#3543),#3554,.F.);
#3543 = FACE_BOUND('',#3544,.T.);
#3544 = EDGE_LOOP('',(#3545,#3546,#3552,#3553));
#3545 = ORIENTED_EDGE('',*,*,#1942,.T.);
#3546 = ORIENTED_EDGE('',*,*,#3547,.T.);
#3547 = EDGE_CURVE('',#1943,#1887,#3548,.T.);
#3548 = LINE('',#3549,#3550);
#3549 = CARTESIAN_POINT('',(24.,-6.,5.3));
#3550 = VECTOR('',#3551,1.);
#3551 = DIRECTION('',(1.,0.,-2.22044604925E-16));
#3552 = ORIENTED_EDGE('',*,*,#1886,.F.);
#3553 = ORIENTED_EDGE('',*,*,#3547,.F.);
#3554 = CYLINDRICAL_SURFACE('',#3555,1.7);
#3555 = AXIS2_PLACEMENT_3D('',#3556,#3557,#3558);
#3556 = CARTESIAN_POINT('',(24.,-6.,7.));
#3557 = DIRECTION('',(-1.,-0.,2.22044604925E-16));
#3558 = DIRECTION('',(-2.22044604925E-16,0.,-1.));
#3559 = ADVANCED_FACE('',(#3560),#3571,.F.);
#3560 = FACE_BOUND('',#3561,.T.);
#3561 = EDGE_LOOP('',(#3562,#3563,#3569,#3570));
#3562 = ORIENTED_EDGE('',*,*,#1953,.T.);
#3563 = ORIENTED_EDGE('',*,*,#3564,.T.);
#3564 = EDGE_CURVE('',#1954,#1898,#3565,.T.);
#3565 = LINE('',#3566,#3567);
#3566 = CARTESIAN_POINT('',(24.,-6.,21.3));
#3567 = VECTOR('',#3568,1.);
#3568 = DIRECTION('',(1.,0.,-2.22044604925E-16));
#3569 = ORIENTED_EDGE('',*,*,#1897,.F.);
#3570 = ORIENTED_EDGE('',*,*,#3564,.F.);
#3571 = CYLINDRICAL_SURFACE('',#3572,1.7);
#3572 = AXIS2_PLACEMENT_3D('',#3573,#3574,#3575);
#3573 = CARTESIAN_POINT('',(24.,-6.,23.));
#3574 = DIRECTION('',(-1.,-0.,2.22044604925E-16));
#3575 = DIRECTION('',(-2.22044604925E-16,0.,-1.));
#3576 = ADVANCED_FACE('',(#3577),#3596,.F.);
#3577 = FACE_BOUND('',#3578,.T.);
#3578 = EDGE_LOOP('',(#3579,#3587,#3594,#3595));
#3579 = ORIENTED_EDGE('',*,*,#3580,.F.);
#3580 = EDGE_CURVE('',#3581,#1999,#3583,.T.);
#3581 = VERTEX_POINT('',#3582);
#3582 = CARTESIAN_POINT('',(25.15,-6.,5.3));
#3583 = LINE('',#3584,#3585);
#3584 = CARTESIAN_POINT('',(24.,-6.,5.3));
#3585 = VECTOR('',#3586,1.);
#3586 = DIRECTION('',(1.,0.,-2.22044604925E-16));
#3587 = ORIENTED_EDGE('',*,*,#3588,.T.);
#3588 = EDGE_CURVE('',#3581,#3581,#3589,.T.);
#3589 = CIRCLE('',#3590,1.7);
#3590 = AXIS2_PLACEMENT_3D('',#3591,#3592,#3593);
#3591 = CARTESIAN_POINT('',(25.15,-6.,7.));
#3592 = DIRECTION('',(-1.,-0.,2.22044604925E-16));
#3593 = DIRECTION('',(-2.22044604925E-16,0.,-1.));
#3594 = ORIENTED_EDGE('',*,*,#3580,.T.);
#3595 = ORIENTED_EDGE('',*,*,#1998,.F.);
#3596 = CYLINDRICAL_SURFACE('',#3597,1.7);
#3597 = AXIS2_PLACEMENT_3D('',#3598,#3599,#3600);
#3598 = CARTESIAN_POINT('',(24.,-6.,7.));
#3599 = DIRECTION('',(-1.,-0.,2.22044604925E-16));
#3600 = DIRECTION('',(-2.22044604925E-16,0.,-1.));
#3601 = ADVANCED_FACE('',(#3602),#3621,.F.);
#3602 = FACE_BOUND('',#3603,.T.);
#3603 = EDGE_LOOP('',(#3604,#3612,#3619,#3620));
#3604 = ORIENTED_EDGE('',*,*,#3605,.F.);
#3605 = EDGE_CURVE('',#3606,#2010,#3608,.T.);
#3606 = VERTEX_POINT('',#3607);
#3607 = CARTESIAN_POINT('',(25.15,-6.,21.3));
#3608 = LINE('',#3609,#3610);
#3609 = CARTESIAN_POINT('',(24.,-6.,21.3));
#3610 = VECTOR('',#3611,1.);
#3611 = DIRECTION('',(1.,0.,-2.22044604925E-16));
#3612 = ORIENTED_EDGE('',*,*,#3613,.T.);
#3613 = EDGE_CURVE('',#3606,#3606,#3614,.T.);
#3614 = CIRCLE('',#3615,1.7);
#3615 = AXIS2_PLACEMENT_3D('',#3616,#3617,#3618);
#3616 = CARTESIAN_POINT('',(25.15,-6.,23.));
#3617 = DIRECTION('',(-1.,-0.,2.22044604925E-16));
#3618 = DIRECTION('',(-2.22044604925E-16,0.,-1.));
#3619 = ORIENTED_EDGE('',*,*,#3605,.T.);
#3620 = ORIENTED_EDGE('',*,*,#2009,.F.);
#3621 = CYLINDRICAL_SURFACE('',#3622,1.7);
#3622 = AXIS2_PLACEMENT_3D('',#3623,#3624,#3625);
#3623 = CARTESIAN_POINT('',(24.,-6.,23.));
#3624 = DIRECTION('',(-1.,-0.,2.22044604925E-16));
#3625 = DIRECTION('',(-2.22044604925E-16,0.,-1.));
#3626 = ADVANCED_FACE('',(#3627),#3652,.T.);
#3627 = FACE_BOUND('',#3628,.T.);
#3628 = EDGE_LOOP('',(#3629,#3630,#3638,#3646));
#3629 = ORIENTED_EDGE('',*,*,#2054,.T.);
#3630 = ORIENTED_EDGE('',*,*,#3631,.T.);
#3631 = EDGE_CURVE('',#2057,#3632,#3634,.T.);
#3632 = VERTEX_POINT('',#3633);
#3633 = CARTESIAN_POINT('',(25.15,-3.22871870789,5.4));
#3634 = LINE('',#3635,#3636);
#3635 = CARTESIAN_POINT('',(22.85,-3.22871870789,5.4));
#3636 = VECTOR('',#3637,1.);
#3637 = DIRECTION('',(1.,0.,-2.22044604925E-16));
#3638 = ORIENTED_EDGE('',*,*,#3639,.T.);
#3639 = EDGE_CURVE('',#3632,#3640,#3642,.T.);
#3640 = VERTEX_POINT('',#3641);
#3641 = CARTESIAN_POINT('',(25.15,-3.22871870789,8.6));
#3642 = LINE('',#3643,#3644);
#3643 = CARTESIAN_POINT('',(25.15,-3.22871870789,5.4));
#3644 = VECTOR('',#3645,1.);
#3645 = DIRECTION('',(2.22044604925E-16,2.775557561563E-16,1.));
#3646 = ORIENTED_EDGE('',*,*,#3647,.F.);
#3647 = EDGE_CURVE('',#2055,#3640,#3648,.T.);
#3648 = LINE('',#3649,#3650);
#3649 = CARTESIAN_POINT('',(22.85,-3.22871870789,8.6));
#3650 = VECTOR('',#3651,1.);
#3651 = DIRECTION('',(1.,0.,-2.22044604925E-16));
#3652 = PLANE('',#3653);
#3653 = AXIS2_PLACEMENT_3D('',#3654,#3655,#3656);
#3654 = CARTESIAN_POINT('',(22.85,-3.22871870789,5.4));
#3655 = DIRECTION('',(6.162975822039E-32,-1.,2.775557561563E-16));
#3656 = DIRECTION('',(2.22044604925E-16,2.775557561563E-16,1.));
#3657 = ADVANCED_FACE('',(#3658),#3676,.T.);
#3658 = FACE_BOUND('',#3659,.T.);
#3659 = EDGE_LOOP('',(#3660,#3661,#3662,#3670));
#3660 = ORIENTED_EDGE('',*,*,#2096,.T.);
#3661 = ORIENTED_EDGE('',*,*,#3647,.T.);
#3662 = ORIENTED_EDGE('',*,*,#3663,.T.);
#3663 = EDGE_CURVE('',#3640,#3664,#3666,.T.);
#3664 = VERTEX_POINT('',#3665);
#3665 = CARTESIAN_POINT('',(25.15,-6.,10.2));
#3666 = LINE('',#3667,#3668);
#3667 = CARTESIAN_POINT('',(25.15,-3.22871870789,8.6));
#3668 = VECTOR('',#3669,1.);
#3669 = DIRECTION('',(1.110223024625E-16,-0.866025403784,0.5));
#3670 = ORIENTED_EDGE('',*,*,#3671,.F.);
#3671 = EDGE_CURVE('',#2089,#3664,#3672,.T.);
#3672 = LINE('',#3673,#3674);
#3673 = CARTESIAN_POINT('',(22.85,-6.,10.2));
#3674 = VECTOR('',#3675,1.);
#3675 = DIRECTION('',(1.,0.,-2.22044604925E-16));
#3676 = PLANE('',#3677);
#3677 = AXIS2_PLACEMENT_3D('',#3678,#3679,#3680);
#3678 = CARTESIAN_POINT('',(22.85,-3.22871870789,8.6));
#3679 = DIRECTION('',(-1.922962686384E-16,-0.5,-0.866025403784));
#3680 = DIRECTION('',(1.110223024625E-16,-0.866025403784,0.5));
#3681 = ADVANCED_FACE('',(#3682),#3700,.T.);
#3682 = FACE_BOUND('',#3683,.T.);
#3683 = EDGE_LOOP('',(#3684,#3685,#3686,#3694));
#3684 = ORIENTED_EDGE('',*,*,#2088,.T.);
#3685 = ORIENTED_EDGE('',*,*,#3671,.T.);
#3686 = ORIENTED_EDGE('',*,*,#3687,.T.);
#3687 = EDGE_CURVE('',#3664,#3688,#3690,.T.);
#3688 = VERTEX_POINT('',#3689);
#3689 = CARTESIAN_POINT('',(25.15,-8.77128129211,8.6));
#3690 = LINE('',#3691,#3692);
#3691 = CARTESIAN_POINT('',(25.15,-6.,10.2));
#3692 = VECTOR('',#3693,1.);
#3693 = DIRECTION('',(-1.110223024625E-16,-0.866025403784,-0.5));
#3694 = ORIENTED_EDGE('',*,*,#3695,.F.);
#3695 = EDGE_CURVE('',#2081,#3688,#3696,.T.);
#3696 = LINE('',#3697,#3698);
#3697 = CARTESIAN_POINT('',(22.85,-8.77128129211,8.6));
#3698 = VECTOR('',#3699,1.);
#3699 = DIRECTION('',(1.,0.,-2.22044604925E-16));
#3700 = PLANE('',#3701);
#3701 = AXIS2_PLACEMENT_3D('',#3702,#3703,#3704);
#3702 = CARTESIAN_POINT('',(22.85,-6.,10.2));
#3703 = DIRECTION('',(-1.922962686384E-16,0.5,-0.866025403784));
#3704 = DIRECTION('',(-1.110223024625E-16,-0.866025403784,-0.5));
#3705 = ADVANCED_FACE('',(#3706),#3724,.T.);
#3706 = FACE_BOUND('',#3707,.T.);
#3707 = EDGE_LOOP('',(#3708,#3709,#3710,#3718));
#3708 = ORIENTED_EDGE('',*,*,#2080,.T.);
#3709 = ORIENTED_EDGE('',*,*,#3695,.T.);
#3710 = ORIENTED_EDGE('',*,*,#3711,.T.);
#3711 = EDGE_CURVE('',#3688,#3712,#3714,.T.);
#3712 = VERTEX_POINT('',#3713);
#3713 = CARTESIAN_POINT('',(25.15,-8.77128129211,5.4));
#3714 = LINE('',#3715,#3716);
#3715 = CARTESIAN_POINT('',(25.15,-8.77128129211,8.6));
#3716 = VECTOR('',#3717,1.);
#3717 = DIRECTION('',(-2.22044604925E-16,-6.938893903907E-16,-1.));
#3718 = ORIENTED_EDGE('',*,*,#3719,.F.);
#3719 = EDGE_CURVE('',#2073,#3712,#3720,.T.);
#3720 = LINE('',#3721,#3722);
#3721 = CARTESIAN_POINT('',(22.85,-8.77128129211,5.4));
#3722 = VECTOR('',#3723,1.);
#3723 = DIRECTION('',(1.,0.,-2.22044604925E-16));
#3724 = PLANE('',#3725);
#3725 = AXIS2_PLACEMENT_3D('',#3726,#3727,#3728);
#3726 = CARTESIAN_POINT('',(22.85,-8.77128129211,8.6));
#3727 = DIRECTION('',(-1.54074395551E-31,1.,-6.938893903907E-16));
#3728 = DIRECTION('',(-2.22044604925E-16,-6.938893903907E-16,-1.));
#3729 = ADVANCED_FACE('',(#3730),#3748,.T.);
#3730 = FACE_BOUND('',#3731,.T.);
#3731 = EDGE_LOOP('',(#3732,#3733,#3734,#3742));
#3732 = ORIENTED_EDGE('',*,*,#2072,.T.);
#3733 = ORIENTED_EDGE('',*,*,#3719,.T.);
#3734 = ORIENTED_EDGE('',*,*,#3735,.T.);
#3735 = EDGE_CURVE('',#3712,#3736,#3738,.T.);
#3736 = VERTEX_POINT('',#3737);
#3737 = CARTESIAN_POINT('',(25.15,-6.,3.8));
#3738 = LINE('',#3739,#3740);
#3739 = CARTESIAN_POINT('',(25.15,-8.77128129211,5.4));
#3740 = VECTOR('',#3741,1.);
#3741 = DIRECTION('',(-1.110223024625E-16,0.866025403784,-0.5));
#3742 = ORIENTED_EDGE('',*,*,#3743,.F.);
#3743 = EDGE_CURVE('',#2065,#3736,#3744,.T.);
#3744 = LINE('',#3745,#3746);
#3745 = CARTESIAN_POINT('',(22.85,-6.,3.8));
#3746 = VECTOR('',#3747,1.);
#3747 = DIRECTION('',(1.,0.,-2.22044604925E-16));
#3748 = PLANE('',#3749);
#3749 = AXIS2_PLACEMENT_3D('',#3750,#3751,#3752);
#3750 = CARTESIAN_POINT('',(22.85,-8.77128129211,5.4));
#3751 = DIRECTION('',(1.922962686384E-16,0.5,0.866025403784));
#3752 = DIRECTION('',(-1.110223024625E-16,0.866025403784,-0.5));
#3753 = ADVANCED_FACE('',(#3754),#3765,.T.);
#3754 = FACE_BOUND('',#3755,.T.);
#3755 = EDGE_LOOP('',(#3756,#3757,#3758,#3764));
#3756 = ORIENTED_EDGE('',*,*,#2064,.T.);
#3757 = ORIENTED_EDGE('',*,*,#3743,.T.);
#3758 = ORIENTED_EDGE('',*,*,#3759,.T.);
#3759 = EDGE_CURVE('',#3736,#3632,#3760,.T.);
#3760 = LINE('',#3761,#3762);
#3761 = CARTESIAN_POINT('',(25.15,-6.,3.8));
#3762 = VECTOR('',#3763,1.);
#3763 = DIRECTION('',(1.110223024625E-16,0.866025403784,0.5));
#3764 = ORIENTED_EDGE('',*,*,#3631,.F.);
#3765 = PLANE('',#3766);
#3766 = AXIS2_PLACEMENT_3D('',#3767,#3768,#3769);
#3767 = CARTESIAN_POINT('',(22.85,-6.,3.8));
#3768 = DIRECTION('',(1.922962686384E-16,-0.5,0.866025403784));
#3769 = DIRECTION('',(1.110223024625E-16,0.866025403784,0.5));
#3770 = ADVANCED_FACE('',(#3771),#3796,.T.);
#3771 = FACE_BOUND('',#3772,.T.);
#3772 = EDGE_LOOP('',(#3773,#3774,#3782,#3790));
#3773 = ORIENTED_EDGE('',*,*,#2104,.T.);
#3774 = ORIENTED_EDGE('',*,*,#3775,.T.);
#3775 = EDGE_CURVE('',#2107,#3776,#3778,.T.);
#3776 = VERTEX_POINT('',#3777);
#3777 = CARTESIAN_POINT('',(25.15,-3.22871870789,21.4));
#3778 = LINE('',#3779,#3780);
#3779 = CARTESIAN_POINT('',(22.85,-3.22871870789,21.4));
#3780 = VECTOR('',#3781,1.);
#3781 = DIRECTION('',(1.,0.,-2.22044604925E-16));
#3782 = ORIENTED_EDGE('',*,*,#3783,.T.);
#3783 = EDGE_CURVE('',#3776,#3784,#3786,.T.);
#3784 = VERTEX_POINT('',#3785);
#3785 = CARTESIAN_POINT('',(25.15,-3.22871870789,24.6));
#3786 = LINE('',#3787,#3788);
#3787 = CARTESIAN_POINT('',(25.15,-3.22871870789,21.4));
#3788 = VECTOR('',#3789,1.);
#3789 = DIRECTION('',(2.22044604925E-16,2.775557561563E-16,1.));
#3790 = ORIENTED_EDGE('',*,*,#3791,.F.);
#3791 = EDGE_CURVE('',#2105,#3784,#3792,.T.);
#3792 = LINE('',#3793,#3794);
#3793 = CARTESIAN_POINT('',(22.85,-3.22871870789,24.6));
#3794 = VECTOR('',#3795,1.);
#3795 = DIRECTION('',(1.,0.,-2.22044604925E-16));
#3796 = PLANE('',#3797);
#3797 = AXIS2_PLACEMENT_3D('',#3798,#3799,#3800);
#3798 = CARTESIAN_POINT('',(22.85,-3.22871870789,21.4));
#3799 = DIRECTION('',(6.162975822039E-32,-1.,2.775557561563E-16));
#3800 = DIRECTION('',(2.22044604925E-16,2.775557561563E-16,1.));
#3801 = ADVANCED_FACE('',(#3802),#3820,.T.);
#3802 = FACE_BOUND('',#3803,.T.);
#3803 = EDGE_LOOP('',(#3804,#3805,#3806,#3814));
#3804 = ORIENTED_EDGE('',*,*,#2146,.T.);
#3805 = ORIENTED_EDGE('',*,*,#3791,.T.);
#3806 = ORIENTED_EDGE('',*,*,#3807,.T.);
#3807 = EDGE_CURVE('',#3784,#3808,#3810,.T.);
#3808 = VERTEX_POINT('',#3809);
#3809 = CARTESIAN_POINT('',(25.15,-6.,26.2));
#3810 = LINE('',#3811,#3812);
#3811 = CARTESIAN_POINT('',(25.15,-3.22871870789,24.6));
#3812 = VECTOR('',#3813,1.);
#3813 = DIRECTION('',(1.110223024625E-16,-0.866025403784,0.5));
#3814 = ORIENTED_EDGE('',*,*,#3815,.F.);
#3815 = EDGE_CURVE('',#2139,#3808,#3816,.T.);
#3816 = LINE('',#3817,#3818);
#3817 = CARTESIAN_POINT('',(22.85,-6.,26.2));
#3818 = VECTOR('',#3819,1.);
#3819 = DIRECTION('',(1.,0.,-2.22044604925E-16));
#3820 = PLANE('',#3821);
#3821 = AXIS2_PLACEMENT_3D('',#3822,#3823,#3824);
#3822 = CARTESIAN_POINT('',(22.85,-3.22871870789,24.6));
#3823 = DIRECTION('',(-1.922962686384E-16,-0.5,-0.866025403784));
#3824 = DIRECTION('',(1.110223024625E-16,-0.866025403784,0.5));
#3825 = ADVANCED_FACE('',(#3826),#3844,.T.);
#3826 = FACE_BOUND('',#3827,.T.);
#3827 = EDGE_LOOP('',(#3828,#3829,#3830,#3838));
#3828 = ORIENTED_EDGE('',*,*,#2138,.T.);
#3829 = ORIENTED_EDGE('',*,*,#3815,.T.);
#3830 = ORIENTED_EDGE('',*,*,#3831,.T.);
#3831 = EDGE_CURVE('',#3808,#3832,#3834,.T.);
#3832 = VERTEX_POINT('',#3833);
#3833 = CARTESIAN_POINT('',(25.15,-8.77128129211,24.6));
#3834 = LINE('',#3835,#3836);
#3835 = CARTESIAN_POINT('',(25.15,-6.,26.2));
#3836 = VECTOR('',#3837,1.);
#3837 = DIRECTION('',(-1.110223024625E-16,-0.866025403784,-0.5));
#3838 = ORIENTED_EDGE('',*,*,#3839,.F.);
#3839 = EDGE_CURVE('',#2131,#3832,#3840,.T.);
#3840 = LINE('',#3841,#3842);
#3841 = CARTESIAN_POINT('',(22.85,-8.77128129211,24.6));
#3842 = VECTOR('',#3843,1.);
#3843 = DIRECTION('',(1.,0.,-2.22044604925E-16));
#3844 = PLANE('',#3845);
#3845 = AXIS2_PLACEMENT_3D('',#3846,#3847,#3848);
#3846 = CARTESIAN_POINT('',(22.85,-6.,26.2));
#3847 = DIRECTION('',(-1.922962686384E-16,0.5,-0.866025403784));
#3848 = DIRECTION('',(-1.110223024625E-16,-0.866025403784,-0.5));
#3849 = ADVANCED_FACE('',(#3850),#3868,.T.);
#3850 = FACE_BOUND('',#3851,.T.);
#3851 = EDGE_LOOP('',(#3852,#3853,#3854,#3862));
#3852 = ORIENTED_EDGE('',*,*,#2130,.T.);
#3853 = ORIENTED_EDGE('',*,*,#3839,.T.);
#3854 = ORIENTED_EDGE('',*,*,#3855,.T.);
#3855 = EDGE_CURVE('',#3832,#3856,#3858,.T.);
#3856 = VERTEX_POINT('',#3857);
#3857 = CARTESIAN_POINT('',(25.15,-8.77128129211,21.4));
#3858 = LINE('',#3859,#3860);
#3859 = CARTESIAN_POINT('',(25.15,-8.77128129211,24.6));
#3860 = VECTOR('',#3861,1.);
#3861 = DIRECTION('',(-2.22044604925E-16,-6.938893903907E-16,-1.));
#3862 = ORIENTED_EDGE('',*,*,#3863,.F.);
#3863 = EDGE_CURVE('',#2123,#3856,#3864,.T.);
#3864 = LINE('',#3865,#3866);
#3865 = CARTESIAN_POINT('',(22.85,-8.77128129211,21.4));
#3866 = VECTOR('',#3867,1.);
#3867 = DIRECTION('',(1.,0.,-2.22044604925E-16));
#3868 = PLANE('',#3869);
#3869 = AXIS2_PLACEMENT_3D('',#3870,#3871,#3872);
#3870 = CARTESIAN_POINT('',(22.85,-8.77128129211,24.6));
#3871 = DIRECTION('',(-1.54074395551E-31,1.,-6.938893903907E-16));
#3872 = DIRECTION('',(-2.22044604925E-16,-6.938893903907E-16,-1.));
#3873 = ADVANCED_FACE('',(#3874),#3892,.T.);
#3874 = FACE_BOUND('',#3875,.T.);
#3875 = EDGE_LOOP('',(#3876,#3877,#3878,#3886));
#3876 = ORIENTED_EDGE('',*,*,#2122,.T.);
#3877 = ORIENTED_EDGE('',*,*,#3863,.T.);
#3878 = ORIENTED_EDGE('',*,*,#3879,.T.);
#3879 = EDGE_CURVE('',#3856,#3880,#3882,.T.);
#3880 = VERTEX_POINT('',#3881);
#3881 = CARTESIAN_POINT('',(25.15,-6.,19.8));
#3882 = LINE('',#3883,#3884);
#3883 = CARTESIAN_POINT('',(25.15,-8.77128129211,21.4));
#3884 = VECTOR('',#3885,1.);
#3885 = DIRECTION('',(-1.110223024625E-16,0.866025403784,-0.5));
#3886 = ORIENTED_EDGE('',*,*,#3887,.F.);
#3887 = EDGE_CURVE('',#2115,#3880,#3888,.T.);
#3888 = LINE('',#3889,#3890);
#3889 = CARTESIAN_POINT('',(22.85,-6.,19.8));
#3890 = VECTOR('',#3891,1.);
#3891 = DIRECTION('',(1.,0.,-2.22044604925E-16));
#3892 = PLANE('',#3893);
#3893 = AXIS2_PLACEMENT_3D('',#3894,#3895,#3896);
#3894 = CARTESIAN_POINT('',(22.85,-8.77128129211,21.4));
#3895 = DIRECTION('',(1.922962686384E-16,0.5,0.866025403784));
#3896 = DIRECTION('',(-1.110223024625E-16,0.866025403784,-0.5));
#3897 = ADVANCED_FACE('',(#3898),#3909,.T.);
#3898 = FACE_BOUND('',#3899,.T.);
#3899 = EDGE_LOOP('',(#3900,#3901,#3902,#3908));
#3900 = ORIENTED_EDGE('',*,*,#2114,.T.);
#3901 = ORIENTED_EDGE('',*,*,#3887,.T.);
#3902 = ORIENTED_EDGE('',*,*,#3903,.T.);
#3903 = EDGE_CURVE('',#3880,#3776,#3904,.T.);
#3904 = LINE('',#3905,#3906);
#3905 = CARTESIAN_POINT('',(25.15,-6.,19.8));
#3906 = VECTOR('',#3907,1.);
#3907 = DIRECTION('',(1.110223024625E-16,0.866025403784,0.5));
#3908 = ORIENTED_EDGE('',*,*,#3775,.F.);
#3909 = PLANE('',#3910);
#3910 = AXIS2_PLACEMENT_3D('',#3911,#3912,#3913);
#3911 = CARTESIAN_POINT('',(22.85,-6.,19.8));
#3912 = DIRECTION('',(1.922962686384E-16,-0.5,0.866025403784));
#3913 = DIRECTION('',(1.110223024625E-16,0.866025403784,0.5));
#3914 = ADVANCED_FACE('',(#3915),#3942,.T.);
#3915 = FACE_BOUND('',#3916,.T.);
#3916 = EDGE_LOOP('',(#3917,#3928,#3934,#3935));
#3917 = ORIENTED_EDGE('',*,*,#3918,.F.);
#3918 = EDGE_CURVE('',#3919,#3921,#3923,.T.);
#3919 = VERTEX_POINT('',#3920);
#3920 = CARTESIAN_POINT('',(9.,4.65,15.));
#3921 = VERTEX_POINT('',#3922);
#3922 = CARTESIAN_POINT('',(-4.,4.65,6.937742251701));
#3923 = CIRCLE('',#3924,9.);
#3924 = AXIS2_PLACEMENT_3D('',#3925,#3926,#3927);
#3925 = CARTESIAN_POINT('',(0.,4.65,15.));
#3926 = DIRECTION('',(0.,-1.,-2.22044604925E-16));
#3927 = DIRECTION('',(1.,0.,0.));
#3928 = ORIENTED_EDGE('',*,*,#3929,.F.);
#3929 = EDGE_CURVE('',#2215,#3919,#3930,.T.);
#3930 = LINE('',#3931,#3932);
#3931 = CARTESIAN_POINT('',(12.,5.75,15.));
#3932 = VECTOR('',#3933,1.);
#3933 = DIRECTION('',(-0.938876315887,-0.344254649158,1.535184874432E-16
    ));
#3934 = ORIENTED_EDGE('',*,*,#2214,.T.);
#3935 = ORIENTED_EDGE('',*,*,#3936,.T.);
#3936 = EDGE_CURVE('',#2217,#3921,#3937,.T.);
#3937 = HYPERBOLA('',#3938,1.466666666667,4.);
#3938 = AXIS2_PLACEMENT_3D('',#3939,#3940,#3941);
#3939 = CARTESIAN_POINT('',(-4.,1.35,15.));
#3940 = DIRECTION('',(1.,0.,-0.));
#3941 = DIRECTION('',(0.,1.,2.22044604925E-16));
#3942 = CONICAL_SURFACE('',#3943,12.,1.219351532791);
#3943 = AXIS2_PLACEMENT_3D('',#3944,#3945,#3946);
#3944 = CARTESIAN_POINT('',(0.,5.75,15.));
#3945 = DIRECTION('',(-0.,1.,2.22044604925E-16));
#3946 = DIRECTION('',(1.,0.,0.));
#3947 = ADVANCED_FACE('',(#3948),#3968,.T.);
#3948 = FACE_BOUND('',#3949,.T.);
#3949 = EDGE_LOOP('',(#3950,#3951,#3952,#3961));
#3950 = ORIENTED_EDGE('',*,*,#2249,.T.);
#3951 = ORIENTED_EDGE('',*,*,#3929,.T.);
#3952 = ORIENTED_EDGE('',*,*,#3953,.F.);
#3953 = EDGE_CURVE('',#3954,#3919,#3956,.T.);
#3954 = VERTEX_POINT('',#3955);
#3955 = CARTESIAN_POINT('',(4.,4.65,6.937742251701));
#3956 = CIRCLE('',#3957,9.);
#3957 = AXIS2_PLACEMENT_3D('',#3958,#3959,#3960);
#3958 = CARTESIAN_POINT('',(0.,4.65,15.));
#3959 = DIRECTION('',(0.,-1.,-2.22044604925E-16));
#3960 = DIRECTION('',(1.,0.,0.));
#3961 = ORIENTED_EDGE('',*,*,#3962,.F.);
#3962 = EDGE_CURVE('',#2242,#3954,#3963,.T.);
#3963 = HYPERBOLA('',#3964,1.466666666667,4.);
#3964 = AXIS2_PLACEMENT_3D('',#3965,#3966,#3967);
#3965 = CARTESIAN_POINT('',(4.,1.35,15.));
#3966 = DIRECTION('',(1.,0.,-0.));
#3967 = DIRECTION('',(0.,1.,2.22044604925E-16));
#3968 = CONICAL_SURFACE('',#3969,12.,1.219351532791);
#3969 = AXIS2_PLACEMENT_3D('',#3970,#3971,#3972);
#3970 = CARTESIAN_POINT('',(0.,5.75,15.));
#3971 = DIRECTION('',(-0.,1.,2.22044604925E-16));
#3972 = DIRECTION('',(1.,0.,0.));
#3973 = ADVANCED_FACE('',(#3974),#4009,.F.);
#3974 = FACE_BOUND('',#3975,.F.);
#3975 = EDGE_LOOP('',(#3976,#3986,#3992,#3993,#3994,#4002));
#3976 = ORIENTED_EDGE('',*,*,#3977,.F.);
#3977 = EDGE_CURVE('',#3978,#3980,#3982,.T.);
#3978 = VERTEX_POINT('',#3979);
#3979 = CARTESIAN_POINT('',(-4.,-4.35,10.794561780488));
#3980 = VERTEX_POINT('',#3981);
#3981 = CARTESIAN_POINT('',(-4.,-4.35,15.));
#3982 = LINE('',#3983,#3984);
#3983 = CARTESIAN_POINT('',(-4.,-4.35,0.));
#3984 = VECTOR('',#3985,1.);
#3985 = DIRECTION('',(0.,0.,1.));
#3986 = ORIENTED_EDGE('',*,*,#3987,.F.);
#3987 = EDGE_CURVE('',#2226,#3978,#3988,.T.);
#3988 = LINE('',#3989,#3990);
#3989 = CARTESIAN_POINT('',(-4.,5.334682583862,-0.360570996965));
#3990 = VECTOR('',#3991,1.);
#3991 = DIRECTION('',(0.,-0.655583630846,0.755122574796));
#3992 = ORIENTED_EDGE('',*,*,#2225,.F.);
#3993 = ORIENTED_EDGE('',*,*,#3936,.T.);
#3994 = ORIENTED_EDGE('',*,*,#3995,.F.);
#3995 = EDGE_CURVE('',#3996,#3921,#3998,.T.);
#3996 = VERTEX_POINT('',#3997);
#3997 = CARTESIAN_POINT('',(-4.,4.65,12.));
#3998 = LINE('',#3999,#4000);
#3999 = CARTESIAN_POINT('',(-4.,4.65,7.5));
#4000 = VECTOR('',#4001,1.);
#4001 = DIRECTION('',(0.,2.22044604925E-16,-1.));
#4002 = ORIENTED_EDGE('',*,*,#4003,.T.);
#4003 = EDGE_CURVE('',#3996,#3980,#4004,.T.);
#4004 = HYPERBOLA('',#4005,36.,4.);
#4005 = AXIS2_PLACEMENT_3D('',#4006,#4007,#4008);
#4006 = CARTESIAN_POINT('',(-4.,-40.35,15.));
#4007 = DIRECTION('',(1.,0.,-0.));
#4008 = DIRECTION('',(0.,1.,2.22044604925E-16));
#4009 = PLANE('',#4010);
#4010 = AXIS2_PLACEMENT_3D('',#4011,#4012,#4013);
#4011 = CARTESIAN_POINT('',(-4.,-4.35,0.));
#4012 = DIRECTION('',(1.,0.,0.));
#4013 = DIRECTION('',(0.,0.,1.));
#4014 = ADVANCED_FACE('',(#4015),#4050,.T.);
#4015 = FACE_BOUND('',#4016,.T.);
#4016 = EDGE_LOOP('',(#4017,#4027,#4033,#4034,#4035,#4043));
#4017 = ORIENTED_EDGE('',*,*,#4018,.F.);
#4018 = EDGE_CURVE('',#4019,#4021,#4023,.T.);
#4019 = VERTEX_POINT('',#4020);
#4020 = CARTESIAN_POINT('',(4.,-4.35,10.794561780488));
#4021 = VERTEX_POINT('',#4022);
#4022 = CARTESIAN_POINT('',(4.,-4.35,15.));
#4023 = LINE('',#4024,#4025);
#4024 = CARTESIAN_POINT('',(4.,-4.35,0.));
#4025 = VECTOR('',#4026,1.);
#4026 = DIRECTION('',(0.,0.,1.));
#4027 = ORIENTED_EDGE('',*,*,#4028,.F.);
#4028 = EDGE_CURVE('',#2234,#4019,#4029,.T.);
#4029 = LINE('',#4030,#4031);
#4030 = CARTESIAN_POINT('',(4.,5.334682583862,-0.360570996965));
#4031 = VECTOR('',#4032,1.);
#4032 = DIRECTION('',(0.,-0.655583630846,0.755122574796));
#4033 = ORIENTED_EDGE('',*,*,#2241,.F.);
#4034 = ORIENTED_EDGE('',*,*,#3962,.T.);
#4035 = ORIENTED_EDGE('',*,*,#4036,.F.);
#4036 = EDGE_CURVE('',#4037,#3954,#4039,.T.);
#4037 = VERTEX_POINT('',#4038);
#4038 = CARTESIAN_POINT('',(4.,4.65,12.));
#4039 = LINE('',#4040,#4041);
#4040 = CARTESIAN_POINT('',(4.,4.65,7.5));
#4041 = VECTOR('',#4042,1.);
#4042 = DIRECTION('',(0.,2.22044604925E-16,-1.));
#4043 = ORIENTED_EDGE('',*,*,#4044,.T.);
#4044 = EDGE_CURVE('',#4037,#4021,#4045,.T.);
#4045 = HYPERBOLA('',#4046,36.,4.);
#4046 = AXIS2_PLACEMENT_3D('',#4047,#4048,#4049);
#4047 = CARTESIAN_POINT('',(4.,-40.35,15.));
#4048 = DIRECTION('',(1.,0.,-0.));
#4049 = DIRECTION('',(0.,1.,2.22044604925E-16));
#4050 = PLANE('',#4051);
#4051 = AXIS2_PLACEMENT_3D('',#4052,#4053,#4054);
#4052 = CARTESIAN_POINT('',(4.,-4.35,0.));
#4053 = DIRECTION('',(1.,0.,0.));
#4054 = DIRECTION('',(0.,0.,1.));
#4055 = ADVANCED_FACE('',(#4056),#4067,.F.);
#4056 = FACE_BOUND('',#4057,.F.);
#4057 = EDGE_LOOP('',(#4058,#4059,#4060,#4061));
#4058 = ORIENTED_EDGE('',*,*,#4028,.F.);
#4059 = ORIENTED_EDGE('',*,*,#2233,.F.);
#4060 = ORIENTED_EDGE('',*,*,#3987,.T.);
#4061 = ORIENTED_EDGE('',*,*,#4062,.T.);
#4062 = EDGE_CURVE('',#3978,#4019,#4063,.T.);
#4063 = LINE('',#4064,#4065);
#4064 = CARTESIAN_POINT('',(-4.,-4.35,10.794561780488));
#4065 = VECTOR('',#4066,1.);
#4066 = DIRECTION('',(1.,0.,0.));
#4067 = PLANE('',#4068);
#4068 = AXIS2_PLACEMENT_3D('',#4069,#4070,#4071);
#4069 = CARTESIAN_POINT('',(-4.,5.334682583862,-0.360570996965));
#4070 = DIRECTION('',(0.,0.755122574796,0.655583630846));
#4071 = DIRECTION('',(0.,-0.655583630846,0.755122574796));
#4072 = ADVANCED_FACE('',(#4073),#4098,.T.);
#4073 = FACE_BOUND('',#4074,.T.);
#4074 = EDGE_LOOP('',(#4075,#4076,#4084,#4092));
#4075 = ORIENTED_EDGE('',*,*,#2381,.F.);
#4076 = ORIENTED_EDGE('',*,*,#4077,.T.);
#4077 = EDGE_CURVE('',#2382,#4078,#4080,.T.);
#4078 = VERTEX_POINT('',#4079);
#4079 = CARTESIAN_POINT('',(-25.15,-8.77128129211,8.6));
#4080 = LINE('',#4081,#4082);
#4081 = CARTESIAN_POINT('',(-22.85,-8.77128129211,8.6));
#4082 = VECTOR('',#4083,1.);
#4083 = DIRECTION('',(-1.,0.,-2.22044604925E-16));
#4084 = ORIENTED_EDGE('',*,*,#4085,.T.);
#4085 = EDGE_CURVE('',#4078,#4086,#4088,.T.);
#4086 = VERTEX_POINT('',#4087);
#4087 = CARTESIAN_POINT('',(-25.15,-6.,10.2));
#4088 = LINE('',#4089,#4090);
#4089 = CARTESIAN_POINT('',(-25.15,-8.77128129211,8.6));
#4090 = VECTOR('',#4091,1.);
#4091 = DIRECTION('',(-1.110223024625E-16,0.866025403784,0.5));
#4092 = ORIENTED_EDGE('',*,*,#4093,.F.);
#4093 = EDGE_CURVE('',#2384,#4086,#4094,.T.);
#4094 = LINE('',#4095,#4096);
#4095 = CARTESIAN_POINT('',(-22.85,-6.,10.2));
#4096 = VECTOR('',#4097,1.);
#4097 = DIRECTION('',(-1.,0.,-2.22044604925E-16));
#4098 = PLANE('',#4099);
#4099 = AXIS2_PLACEMENT_3D('',#4100,#4101,#4102);
#4100 = CARTESIAN_POINT('',(-22.85,-8.77128129211,8.6));
#4101 = DIRECTION('',(1.922962686384E-16,0.5,-0.866025403784));
#4102 = DIRECTION('',(-1.110223024625E-16,0.866025403784,0.5));
#4103 = ADVANCED_FACE('',(#4104),#4122,.T.);
#4104 = FACE_BOUND('',#4105,.T.);
#4105 = EDGE_LOOP('',(#4106,#4107,#4115,#4121));
#4106 = ORIENTED_EDGE('',*,*,#2423,.F.);
#4107 = ORIENTED_EDGE('',*,*,#4108,.T.);
#4108 = EDGE_CURVE('',#2416,#4109,#4111,.T.);
#4109 = VERTEX_POINT('',#4110);
#4110 = CARTESIAN_POINT('',(-25.15,-8.77128129211,5.4));
#4111 = LINE('',#4112,#4113);
#4112 = CARTESIAN_POINT('',(-22.85,-8.77128129211,5.4));
#4113 = VECTOR('',#4114,1.);
#4114 = DIRECTION('',(-1.,0.,-2.22044604925E-16));
#4115 = ORIENTED_EDGE('',*,*,#4116,.T.);
#4116 = EDGE_CURVE('',#4109,#4078,#4117,.T.);
#4117 = LINE('',#4118,#4119);
#4118 = CARTESIAN_POINT('',(-25.15,-8.77128129211,5.4));
#4119 = VECTOR('',#4120,1.);
#4120 = DIRECTION('',(-2.22044604925E-16,-6.938893903907E-16,1.));
#4121 = ORIENTED_EDGE('',*,*,#4077,.F.);
#4122 = PLANE('',#4123);
#4123 = AXIS2_PLACEMENT_3D('',#4124,#4125,#4126);
#4124 = CARTESIAN_POINT('',(-22.85,-8.77128129211,5.4));
#4125 = DIRECTION('',(-1.54074395551E-31,1.,6.938893903907E-16));
#4126 = DIRECTION('',(-2.22044604925E-16,-6.938893903907E-16,1.));
#4127 = ADVANCED_FACE('',(#4128),#4146,.T.);
#4128 = FACE_BOUND('',#4129,.T.);
#4129 = EDGE_LOOP('',(#4130,#4131,#4139,#4145));
#4130 = ORIENTED_EDGE('',*,*,#2415,.F.);
#4131 = ORIENTED_EDGE('',*,*,#4132,.T.);
#4132 = EDGE_CURVE('',#2408,#4133,#4135,.T.);
#4133 = VERTEX_POINT('',#4134);
#4134 = CARTESIAN_POINT('',(-25.15,-6.,3.8));
#4135 = LINE('',#4136,#4137);
#4136 = CARTESIAN_POINT('',(-22.85,-6.,3.8));
#4137 = VECTOR('',#4138,1.);
#4138 = DIRECTION('',(-1.,0.,-2.22044604925E-16));
#4139 = ORIENTED_EDGE('',*,*,#4140,.T.);
#4140 = EDGE_CURVE('',#4133,#4109,#4141,.T.);
#4141 = LINE('',#4142,#4143);
#4142 = CARTESIAN_POINT('',(-25.15,-6.,3.8));
#4143 = VECTOR('',#4144,1.);
#4144 = DIRECTION('',(-1.110223024625E-16,-0.866025403784,0.5));
#4145 = ORIENTED_EDGE('',*,*,#4108,.F.);
#4146 = PLANE('',#4147);
#4147 = AXIS2_PLACEMENT_3D('',#4148,#4149,#4150);
#4148 = CARTESIAN_POINT('',(-22.85,-6.,3.8));
#4149 = DIRECTION('',(-1.922962686384E-16,0.5,0.866025403784));
#4150 = DIRECTION('',(-1.110223024625E-16,-0.866025403784,0.5));
#4151 = ADVANCED_FACE('',(#4152),#4170,.T.);
#4152 = FACE_BOUND('',#4153,.T.);
#4153 = EDGE_LOOP('',(#4154,#4155,#4163,#4169));
#4154 = ORIENTED_EDGE('',*,*,#2407,.F.);
#4155 = ORIENTED_EDGE('',*,*,#4156,.T.);
#4156 = EDGE_CURVE('',#2400,#4157,#4159,.T.);
#4157 = VERTEX_POINT('',#4158);
#4158 = CARTESIAN_POINT('',(-25.15,-3.22871870789,5.4));
#4159 = LINE('',#4160,#4161);
#4160 = CARTESIAN_POINT('',(-22.85,-3.22871870789,5.4));
#4161 = VECTOR('',#4162,1.);
#4162 = DIRECTION('',(-1.,0.,-2.22044604925E-16));
#4163 = ORIENTED_EDGE('',*,*,#4164,.T.);
#4164 = EDGE_CURVE('',#4157,#4133,#4165,.T.);
#4165 = LINE('',#4166,#4167);
#4166 = CARTESIAN_POINT('',(-25.15,-3.22871870789,5.4));
#4167 = VECTOR('',#4168,1.);
#4168 = DIRECTION('',(1.110223024625E-16,-0.866025403784,-0.5));
#4169 = ORIENTED_EDGE('',*,*,#4132,.F.);
#4170 = PLANE('',#4171);
#4171 = AXIS2_PLACEMENT_3D('',#4172,#4173,#4174);
#4172 = CARTESIAN_POINT('',(-22.85,-3.22871870789,5.4));
#4173 = DIRECTION('',(-1.922962686384E-16,-0.5,0.866025403784));
#4174 = DIRECTION('',(1.110223024625E-16,-0.866025403784,-0.5));
#4175 = ADVANCED_FACE('',(#4176),#4194,.T.);
#4176 = FACE_BOUND('',#4177,.T.);
#4177 = EDGE_LOOP('',(#4178,#4179,#4187,#4193));
#4178 = ORIENTED_EDGE('',*,*,#2399,.F.);
#4179 = ORIENTED_EDGE('',*,*,#4180,.T.);
#4180 = EDGE_CURVE('',#2392,#4181,#4183,.T.);
#4181 = VERTEX_POINT('',#4182);
#4182 = CARTESIAN_POINT('',(-25.15,-3.22871870789,8.6));
#4183 = LINE('',#4184,#4185);
#4184 = CARTESIAN_POINT('',(-22.85,-3.22871870789,8.6));
#4185 = VECTOR('',#4186,1.);
#4186 = DIRECTION('',(-1.,0.,-2.22044604925E-16));
#4187 = ORIENTED_EDGE('',*,*,#4188,.T.);
#4188 = EDGE_CURVE('',#4181,#4157,#4189,.T.);
#4189 = LINE('',#4190,#4191);
#4190 = CARTESIAN_POINT('',(-25.15,-3.22871870789,8.6));
#4191 = VECTOR('',#4192,1.);
#4192 = DIRECTION('',(2.22044604925E-16,2.775557561563E-16,-1.));
#4193 = ORIENTED_EDGE('',*,*,#4156,.F.);
#4194 = PLANE('',#4195);
#4195 = AXIS2_PLACEMENT_3D('',#4196,#4197,#4198);
#4196 = CARTESIAN_POINT('',(-22.85,-3.22871870789,8.6));
#4197 = DIRECTION('',(6.162975822039E-32,-1.,-2.775557561563E-16));
#4198 = DIRECTION('',(2.22044604925E-16,2.775557561563E-16,-1.));
#4199 = ADVANCED_FACE('',(#4200),#4211,.T.);
#4200 = FACE_BOUND('',#4201,.T.);
#4201 = EDGE_LOOP('',(#4202,#4203,#4204,#4210));
#4202 = ORIENTED_EDGE('',*,*,#2391,.F.);
#4203 = ORIENTED_EDGE('',*,*,#4093,.T.);
#4204 = ORIENTED_EDGE('',*,*,#4205,.T.);
#4205 = EDGE_CURVE('',#4086,#4181,#4206,.T.);
#4206 = LINE('',#4207,#4208);
#4207 = CARTESIAN_POINT('',(-25.15,-6.,10.2));
#4208 = VECTOR('',#4209,1.);
#4209 = DIRECTION('',(1.110223024625E-16,0.866025403784,-0.5));
#4210 = ORIENTED_EDGE('',*,*,#4180,.F.);
#4211 = PLANE('',#4212);
#4212 = AXIS2_PLACEMENT_3D('',#4213,#4214,#4215);
#4213 = CARTESIAN_POINT('',(-22.85,-6.,10.2));
#4214 = DIRECTION('',(1.922962686384E-16,-0.5,-0.866025403784));
#4215 = DIRECTION('',(1.110223024625E-16,0.866025403784,-0.5));
#4216 = ADVANCED_FACE('',(#4217),#4242,.T.);
#4217 = FACE_BOUND('',#4218,.T.);
#4218 = EDGE_LOOP('',(#4219,#4220,#4228,#4236));
#4219 = ORIENTED_EDGE('',*,*,#2431,.F.);
#4220 = ORIENTED_EDGE('',*,*,#4221,.T.);
#4221 = EDGE_CURVE('',#2432,#4222,#4224,.T.);
#4222 = VERTEX_POINT('',#4223);
#4223 = CARTESIAN_POINT('',(-25.15,-8.77128129211,24.6));
#4224 = LINE('',#4225,#4226);
#4225 = CARTESIAN_POINT('',(-22.85,-8.77128129211,24.6));
#4226 = VECTOR('',#4227,1.);
#4227 = DIRECTION('',(-1.,0.,-2.22044604925E-16));
#4228 = ORIENTED_EDGE('',*,*,#4229,.T.);
#4229 = EDGE_CURVE('',#4222,#4230,#4232,.T.);
#4230 = VERTEX_POINT('',#4231);
#4231 = CARTESIAN_POINT('',(-25.15,-6.,26.2));
#4232 = LINE('',#4233,#4234);
#4233 = CARTESIAN_POINT('',(-25.15,-8.77128129211,24.6));
#4234 = VECTOR('',#4235,1.);
#4235 = DIRECTION('',(-1.110223024625E-16,0.866025403784,0.5));
#4236 = ORIENTED_EDGE('',*,*,#4237,.F.);
#4237 = EDGE_CURVE('',#2434,#4230,#4238,.T.);
#4238 = LINE('',#4239,#4240);
#4239 = CARTESIAN_POINT('',(-22.85,-6.,26.2));
#4240 = VECTOR('',#4241,1.);
#4241 = DIRECTION('',(-1.,0.,-2.22044604925E-16));
#4242 = PLANE('',#4243);
#4243 = AXIS2_PLACEMENT_3D('',#4244,#4245,#4246);
#4244 = CARTESIAN_POINT('',(-22.85,-8.77128129211,24.6));
#4245 = DIRECTION('',(1.922962686384E-16,0.5,-0.866025403784));
#4246 = DIRECTION('',(-1.110223024625E-16,0.866025403784,0.5));
#4247 = ADVANCED_FACE('',(#4248),#4266,.T.);
#4248 = FACE_BOUND('',#4249,.T.);
#4249 = EDGE_LOOP('',(#4250,#4251,#4259,#4265));
#4250 = ORIENTED_EDGE('',*,*,#2473,.F.);
#4251 = ORIENTED_EDGE('',*,*,#4252,.T.);
#4252 = EDGE_CURVE('',#2466,#4253,#4255,.T.);
#4253 = VERTEX_POINT('',#4254);
#4254 = CARTESIAN_POINT('',(-25.15,-8.77128129211,21.4));
#4255 = LINE('',#4256,#4257);
#4256 = CARTESIAN_POINT('',(-22.85,-8.77128129211,21.4));
#4257 = VECTOR('',#4258,1.);
#4258 = DIRECTION('',(-1.,0.,-2.22044604925E-16));
#4259 = ORIENTED_EDGE('',*,*,#4260,.T.);
#4260 = EDGE_CURVE('',#4253,#4222,#4261,.T.);
#4261 = LINE('',#4262,#4263);
#4262 = CARTESIAN_POINT('',(-25.15,-8.77128129211,21.4));
#4263 = VECTOR('',#4264,1.);
#4264 = DIRECTION('',(-2.22044604925E-16,-6.938893903907E-16,1.));
#4265 = ORIENTED_EDGE('',*,*,#4221,.F.);
#4266 = PLANE('',#4267);
#4267 = AXIS2_PLACEMENT_3D('',#4268,#4269,#4270);
#4268 = CARTESIAN_POINT('',(-22.85,-8.77128129211,21.4));
#4269 = DIRECTION('',(-1.54074395551E-31,1.,6.938893903907E-16));
#4270 = DIRECTION('',(-2.22044604925E-16,-6.938893903907E-16,1.));
#4271 = ADVANCED_FACE('',(#4272),#4290,.T.);
#4272 = FACE_BOUND('',#4273,.T.);
#4273 = EDGE_LOOP('',(#4274,#4275,#4283,#4289));
#4274 = ORIENTED_EDGE('',*,*,#2465,.F.);
#4275 = ORIENTED_EDGE('',*,*,#4276,.T.);
#4276 = EDGE_CURVE('',#2458,#4277,#4279,.T.);
#4277 = VERTEX_POINT('',#4278);
#4278 = CARTESIAN_POINT('',(-25.15,-6.,19.8));
#4279 = LINE('',#4280,#4281);
#4280 = CARTESIAN_POINT('',(-22.85,-6.,19.8));
#4281 = VECTOR('',#4282,1.);
#4282 = DIRECTION('',(-1.,0.,-2.22044604925E-16));
#4283 = ORIENTED_EDGE('',*,*,#4284,.T.);
#4284 = EDGE_CURVE('',#4277,#4253,#4285,.T.);
#4285 = LINE('',#4286,#4287);
#4286 = CARTESIAN_POINT('',(-25.15,-6.,19.8));
#4287 = VECTOR('',#4288,1.);
#4288 = DIRECTION('',(-1.110223024625E-16,-0.866025403784,0.5));
#4289 = ORIENTED_EDGE('',*,*,#4252,.F.);
#4290 = PLANE('',#4291);
#4291 = AXIS2_PLACEMENT_3D('',#4292,#4293,#4294);
#4292 = CARTESIAN_POINT('',(-22.85,-6.,19.8));
#4293 = DIRECTION('',(-1.922962686384E-16,0.5,0.866025403784));
#4294 = DIRECTION('',(-1.110223024625E-16,-0.866025403784,0.5));
#4295 = ADVANCED_FACE('',(#4296),#4314,.T.);
#4296 = FACE_BOUND('',#4297,.T.);
#4297 = EDGE_LOOP('',(#4298,#4299,#4307,#4313));
#4298 = ORIENTED_EDGE('',*,*,#2457,.F.);
#4299 = ORIENTED_EDGE('',*,*,#4300,.T.);
#4300 = EDGE_CURVE('',#2450,#4301,#4303,.T.);
#4301 = VERTEX_POINT('',#4302);
#4302 = CARTESIAN_POINT('',(-25.15,-3.22871870789,21.4));
#4303 = LINE('',#4304,#4305);
#4304 = CARTESIAN_POINT('',(-22.85,-3.22871870789,21.4));
#4305 = VECTOR('',#4306,1.);
#4306 = DIRECTION('',(-1.,0.,-2.22044604925E-16));
#4307 = ORIENTED_EDGE('',*,*,#4308,.T.);
#4308 = EDGE_CURVE('',#4301,#4277,#4309,.T.);
#4309 = LINE('',#4310,#4311);
#4310 = CARTESIAN_POINT('',(-25.15,-3.22871870789,21.4));
#4311 = VECTOR('',#4312,1.);
#4312 = DIRECTION('',(1.110223024625E-16,-0.866025403784,-0.5));
#4313 = ORIENTED_EDGE('',*,*,#4276,.F.);
#4314 = PLANE('',#4315);
#4315 = AXIS2_PLACEMENT_3D('',#4316,#4317,#4318);
#4316 = CARTESIAN_POINT('',(-22.85,-3.22871870789,21.4));
#4317 = DIRECTION('',(-1.922962686384E-16,-0.5,0.866025403784));
#4318 = DIRECTION('',(1.110223024625E-16,-0.866025403784,-0.5));
#4319 = ADVANCED_FACE('',(#4320),#4338,.T.);
#4320 = FACE_BOUND('',#4321,.T.);
#4321 = EDGE_LOOP('',(#4322,#4323,#4331,#4337));
#4322 = ORIENTED_EDGE('',*,*,#2449,.F.);
#4323 = ORIENTED_EDGE('',*,*,#4324,.T.);
#4324 = EDGE_CURVE('',#2442,#4325,#4327,.T.);
#4325 = VERTEX_POINT('',#4326);
#4326 = CARTESIAN_POINT('',(-25.15,-3.22871870789,24.6));
#4327 = LINE('',#4328,#4329);
#4328 = CARTESIAN_POINT('',(-22.85,-3.22871870789,24.6));
#4329 = VECTOR('',#4330,1.);
#4330 = DIRECTION('',(-1.,0.,-2.22044604925E-16));
#4331 = ORIENTED_EDGE('',*,*,#4332,.T.);
#4332 = EDGE_CURVE('',#4325,#4301,#4333,.T.);
#4333 = LINE('',#4334,#4335);
#4334 = CARTESIAN_POINT('',(-25.15,-3.22871870789,24.6));
#4335 = VECTOR('',#4336,1.);
#4336 = DIRECTION('',(2.22044604925E-16,2.775557561563E-16,-1.));
#4337 = ORIENTED_EDGE('',*,*,#4300,.F.);
#4338 = PLANE('',#4339);
#4339 = AXIS2_PLACEMENT_3D('',#4340,#4341,#4342);
#4340 = CARTESIAN_POINT('',(-22.85,-3.22871870789,24.6));
#4341 = DIRECTION('',(6.162975822039E-32,-1.,-2.775557561563E-16));
#4342 = DIRECTION('',(2.22044604925E-16,2.775557561563E-16,-1.));
#4343 = ADVANCED_FACE('',(#4344),#4355,.T.);
#4344 = FACE_BOUND('',#4345,.T.);
#4345 = EDGE_LOOP('',(#4346,#4347,#4348,#4354));
#4346 = ORIENTED_EDGE('',*,*,#2441,.F.);
#4347 = ORIENTED_EDGE('',*,*,#4237,.T.);
#4348 = ORIENTED_EDGE('',*,*,#4349,.T.);
#4349 = EDGE_CURVE('',#4230,#4325,#4350,.T.);
#4350 = LINE('',#4351,#4352);
#4351 = CARTESIAN_POINT('',(-25.15,-6.,26.2));
#4352 = VECTOR('',#4353,1.);
#4353 = DIRECTION('',(1.110223024625E-16,0.866025403784,-0.5));
#4354 = ORIENTED_EDGE('',*,*,#4324,.F.);
#4355 = PLANE('',#4356);
#4356 = AXIS2_PLACEMENT_3D('',#4357,#4358,#4359);
#4357 = CARTESIAN_POINT('',(-22.85,-6.,26.2));
#4358 = DIRECTION('',(1.922962686384E-16,-0.5,-0.866025403784));
#4359 = DIRECTION('',(1.110223024625E-16,0.866025403784,-0.5));
#4360 = ADVANCED_FACE('',(#4361),#4380,.F.);
#4361 = FACE_BOUND('',#4362,.T.);
#4362 = EDGE_LOOP('',(#4363,#4371,#4378,#4379));
#4363 = ORIENTED_EDGE('',*,*,#4364,.F.);
#4364 = EDGE_CURVE('',#4365,#2516,#4367,.T.);
#4365 = VERTEX_POINT('',#4366);
#4366 = CARTESIAN_POINT('',(-25.15,-6.,8.7));
#4367 = LINE('',#4368,#4369);
#4368 = CARTESIAN_POINT('',(-24.,-6.,8.7));
#4369 = VECTOR('',#4370,1.);
#4370 = DIRECTION('',(-1.,0.,-2.22044604925E-16));
#4371 = ORIENTED_EDGE('',*,*,#4372,.T.);
#4372 = EDGE_CURVE('',#4365,#4365,#4373,.T.);
#4373 = CIRCLE('',#4374,1.7);
#4374 = AXIS2_PLACEMENT_3D('',#4375,#4376,#4377);
#4375 = CARTESIAN_POINT('',(-25.15,-6.,7.));
#4376 = DIRECTION('',(1.,0.,2.22044604925E-16));
#4377 = DIRECTION('',(-2.22044604925E-16,0.,1.));
#4378 = ORIENTED_EDGE('',*,*,#4364,.T.);
#4379 = ORIENTED_EDGE('',*,*,#2515,.F.);
#4380 = CYLINDRICAL_SURFACE('',#4381,1.7);
#4381 = AXIS2_PLACEMENT_3D('',#4382,#4383,#4384);
#4382 = CARTESIAN_POINT('',(-24.,-6.,7.));
#4383 = DIRECTION('',(1.,-0.,2.22044604925E-16));
#4384 = DIRECTION('',(-2.22044604925E-16,0.,1.));
#4385 = ADVANCED_FACE('',(#4386),#4405,.F.);
#4386 = FACE_BOUND('',#4387,.T.);
#4387 = EDGE_LOOP('',(#4388,#4396,#4403,#4404));
#4388 = ORIENTED_EDGE('',*,*,#4389,.F.);
#4389 = EDGE_CURVE('',#4390,#2527,#4392,.T.);
#4390 = VERTEX_POINT('',#4391);
#4391 = CARTESIAN_POINT('',(-25.15,-6.,24.7));
#4392 = LINE('',#4393,#4394);
#4393 = CARTESIAN_POINT('',(-24.,-6.,24.7));
#4394 = VECTOR('',#4395,1.);
#4395 = DIRECTION('',(-1.,0.,-2.22044604925E-16));
#4396 = ORIENTED_EDGE('',*,*,#4397,.T.);
#4397 = EDGE_CURVE('',#4390,#4390,#4398,.T.);
#4398 = CIRCLE('',#4399,1.7);
#4399 = AXIS2_PLACEMENT_3D('',#4400,#4401,#4402);
#4400 = CARTESIAN_POINT('',(-25.15,-6.,23.));
#4401 = DIRECTION('',(1.,0.,2.22044604925E-16));
#4402 = DIRECTION('',(-2.22044604925E-16,0.,1.));
#4403 = ORIENTED_EDGE('',*,*,#4389,.T.);
#4404 = ORIENTED_EDGE('',*,*,#2526,.F.);
#4405 = CYLINDRICAL_SURFACE('',#4406,1.7);
#4406 = AXIS2_PLACEMENT_3D('',#4407,#4408,#4409);
#4407 = CARTESIAN_POINT('',(-24.,-6.,23.));
#4408 = DIRECTION('',(1.,-0.,2.22044604925E-16));
#4409 = DIRECTION('',(-2.22044604925E-16,0.,1.));
#4410 = ADVANCED_FACE('',(#4411,#4419),#4422,.F.);
#4411 = FACE_BOUND('',#4412,.F.);
#4412 = EDGE_LOOP('',(#4413,#4414,#4415,#4416,#4417,#4418));
#4413 = ORIENTED_EDGE('',*,*,#2684,.T.);
#4414 = ORIENTED_EDGE('',*,*,#2667,.T.);
#4415 = ORIENTED_EDGE('',*,*,#2643,.T.);
#4416 = ORIENTED_EDGE('',*,*,#2619,.T.);
#4417 = ORIENTED_EDGE('',*,*,#2595,.T.);
#4418 = ORIENTED_EDGE('',*,*,#2564,.T.);
#4419 = FACE_BOUND('',#4420,.F.);
#4420 = EDGE_LOOP('',(#4421));
#4421 = ORIENTED_EDGE('',*,*,#3156,.T.);
#4422 = PLANE('',#4423);
#4423 = AXIS2_PLACEMENT_3D('',#4424,#4425,#4426);
#4424 = CARTESIAN_POINT('',(-30.,10.,32.35));
#4425 = DIRECTION('',(1.224646799147E-16,0.,-1.));
#4426 = DIRECTION('',(-1.,0.,-1.224646799147E-16));
#4427 = ADVANCED_FACE('',(#4428,#4436),#4439,.F.);
#4428 = FACE_BOUND('',#4429,.F.);
#4429 = EDGE_LOOP('',(#4430,#4431,#4432,#4433,#4434,#4435));
#4430 = ORIENTED_EDGE('',*,*,#2828,.T.);
#4431 = ORIENTED_EDGE('',*,*,#2811,.T.);
#4432 = ORIENTED_EDGE('',*,*,#2787,.T.);
#4433 = ORIENTED_EDGE('',*,*,#2763,.T.);
#4434 = ORIENTED_EDGE('',*,*,#2739,.T.);
#4435 = ORIENTED_EDGE('',*,*,#2708,.T.);
#4436 = FACE_BOUND('',#4437,.F.);
#4437 = EDGE_LOOP('',(#4438));
#4438 = ORIENTED_EDGE('',*,*,#3131,.T.);
#4439 = PLANE('',#4440);
#4440 = AXIS2_PLACEMENT_3D('',#4441,#4442,#4443);
#4441 = CARTESIAN_POINT('',(30.,10.,32.35));
#4442 = DIRECTION('',(1.224646799147E-16,0.,-1.));
#4443 = DIRECTION('',(-1.,0.,-1.224646799147E-16));
#4444 = ADVANCED_FACE('',(#4445,#4457),#4507,.T.);
#4445 = FACE_BOUND('',#4446,.T.);
#4446 = EDGE_LOOP('',(#4447,#4448,#4454,#4455,#4456));
#4447 = ORIENTED_EDGE('',*,*,#2869,.F.);
#4448 = ORIENTED_EDGE('',*,*,#4449,.F.);
#4449 = EDGE_CURVE('',#2920,#2862,#4450,.T.);
#4450 = LINE('',#4451,#4452);
#4451 = CARTESIAN_POINT('',(-27.5,45.,7.));
#4452 = VECTOR('',#4453,1.);
#4453 = DIRECTION('',(-1.,0.,-2.22044604925E-16));
#4454 = ORIENTED_EDGE('',*,*,#2927,.T.);
#4455 = ORIENTED_EDGE('',*,*,#2891,.T.);
#4456 = ORIENTED_EDGE('',*,*,#2900,.T.);
#4457 = FACE_BOUND('',#4458,.T.);
#4458 = EDGE_LOOP('',(#4459,#4469,#4477,#4485,#4493,#4501));
#4459 = ORIENTED_EDGE('',*,*,#4460,.T.);
#4460 = EDGE_CURVE('',#4461,#4463,#4465,.T.);
#4461 = VERTEX_POINT('',#4462);
#4462 = CARTESIAN_POINT('',(-31.6,47.22871870789,7.));
#4463 = VERTEX_POINT('',#4464);
#4464 = CARTESIAN_POINT('',(-33.2,50.,7.));
#4465 = LINE('',#4466,#4467);
#4466 = CARTESIAN_POINT('',(-32.,47.921539030917,7.));
#4467 = VECTOR('',#4468,1.);
#4468 = DIRECTION('',(-0.5,0.866025403784,0.));
#4469 = ORIENTED_EDGE('',*,*,#4470,.T.);
#4470 = EDGE_CURVE('',#4463,#4471,#4473,.T.);
#4471 = VERTEX_POINT('',#4472);
#4472 = CARTESIAN_POINT('',(-31.6,52.77128129211,7.));
#4473 = LINE('',#4474,#4475);
#4474 = CARTESIAN_POINT('',(-32.8,50.692820323028,7.));
#4475 = VECTOR('',#4476,1.);
#4476 = DIRECTION('',(0.5,0.866025403784,0.));
#4477 = ORIENTED_EDGE('',*,*,#4478,.T.);
#4478 = EDGE_CURVE('',#4471,#4479,#4481,.T.);
#4479 = VERTEX_POINT('',#4480);
#4480 = CARTESIAN_POINT('',(-28.4,52.77128129211,7.));
#4481 = LINE('',#4482,#4483);
#4482 = CARTESIAN_POINT('',(-30.8,52.77128129211,7.));
#4483 = VECTOR('',#4484,1.);
#4484 = DIRECTION('',(1.,2.775557561563E-16,0.));
#4485 = ORIENTED_EDGE('',*,*,#4486,.T.);
#4486 = EDGE_CURVE('',#4479,#4487,#4489,.T.);
#4487 = VERTEX_POINT('',#4488);
#4488 = CARTESIAN_POINT('',(-26.8,50.,7.));
#4489 = LINE('',#4490,#4491);
#4490 = CARTESIAN_POINT('',(-28.,52.078460969083,7.));
#4491 = VECTOR('',#4492,1.);
#4492 = DIRECTION('',(0.5,-0.866025403784,0.));
#4493 = ORIENTED_EDGE('',*,*,#4494,.T.);
#4494 = EDGE_CURVE('',#4487,#4495,#4497,.T.);
#4495 = VERTEX_POINT('',#4496);
#4496 = CARTESIAN_POINT('',(-28.4,47.22871870789,7.));
#4497 = LINE('',#4498,#4499);
#4498 = CARTESIAN_POINT('',(-27.2,49.307179676972,7.));
#4499 = VECTOR('',#4500,1.);
#4500 = DIRECTION('',(-0.5,-0.866025403784,0.));
#4501 = ORIENTED_EDGE('',*,*,#4502,.T.);
#4502 = EDGE_CURVE('',#4495,#4461,#4503,.T.);
#4503 = LINE('',#4504,#4505);
#4504 = CARTESIAN_POINT('',(-29.2,47.22871870789,7.));
#4505 = VECTOR('',#4506,1.);
#4506 = DIRECTION('',(-1.,-6.938893903907E-16,0.));
#4507 = PLANE('',#4508);
#4508 = AXIS2_PLACEMENT_3D('',#4509,#4510,#4511);
#4509 = CARTESIAN_POINT('',(-29.84638561576,49.518907758148,7.));
#4510 = DIRECTION('',(0.,0.,1.));
#4511 = DIRECTION('',(1.,0.,0.));
#4512 = ADVANCED_FACE('',(#4513),#4526,.T.);
#4513 = FACE_BOUND('',#4514,.T.);
#4514 = EDGE_LOOP('',(#4515,#4516,#4517,#4523,#4524,#4525));
#4515 = ORIENTED_EDGE('',*,*,#3229,.T.);
#4516 = ORIENTED_EDGE('',*,*,#3036,.T.);
#4517 = ORIENTED_EDGE('',*,*,#4518,.F.);
#4518 = EDGE_CURVE('',#2945,#3037,#4519,.T.);
#4519 = LINE('',#4520,#4521);
#4520 = CARTESIAN_POINT('',(27.5,45.,7.));
#4521 = VECTOR('',#4522,1.);
#4522 = DIRECTION('',(1.,0.,-2.22044604925E-16));
#4523 = ORIENTED_EDGE('',*,*,#2944,.F.);
#4524 = ORIENTED_EDGE('',*,*,#4449,.T.);
#4525 = ORIENTED_EDGE('',*,*,#2861,.F.);
#4526 = PLANE('',#4527);
#4527 = AXIS2_PLACEMENT_3D('',#4528,#4529,#4530);
#4528 = CARTESIAN_POINT('',(-6.420286152339E-16,42.5,18.5));
#4529 = DIRECTION('',(0.,0.977176363923,0.212429644331));
#4530 = DIRECTION('',(0.,-0.212429644331,0.977176363923));
#4531 = ADVANCED_FACE('',(#4532,#4539),#4589,.T.);
#4532 = FACE_BOUND('',#4533,.F.);
#4533 = EDGE_LOOP('',(#4534,#4535,#4536,#4537,#4538));
#4534 = ORIENTED_EDGE('',*,*,#3044,.F.);
#4535 = ORIENTED_EDGE('',*,*,#4518,.F.);
#4536 = ORIENTED_EDGE('',*,*,#2968,.T.);
#4537 = ORIENTED_EDGE('',*,*,#2991,.T.);
#4538 = ORIENTED_EDGE('',*,*,#3000,.T.);
#4539 = FACE_BOUND('',#4540,.F.);
#4540 = EDGE_LOOP('',(#4541,#4551,#4559,#4567,#4575,#4583));
#4541 = ORIENTED_EDGE('',*,*,#4542,.T.);
#4542 = EDGE_CURVE('',#4543,#4545,#4547,.T.);
#4543 = VERTEX_POINT('',#4544);
#4544 = CARTESIAN_POINT('',(31.6,47.22871870789,7.));
#4545 = VERTEX_POINT('',#4546);
#4546 = CARTESIAN_POINT('',(33.2,50.,7.));
#4547 = LINE('',#4548,#4549);
#4548 = CARTESIAN_POINT('',(32.,47.921539030917,7.));
#4549 = VECTOR('',#4550,1.);
#4550 = DIRECTION('',(0.5,0.866025403784,0.));
#4551 = ORIENTED_EDGE('',*,*,#4552,.T.);
#4552 = EDGE_CURVE('',#4545,#4553,#4555,.T.);
#4553 = VERTEX_POINT('',#4554);
#4554 = CARTESIAN_POINT('',(31.6,52.77128129211,7.));
#4555 = LINE('',#4556,#4557);
#4556 = CARTESIAN_POINT('',(32.8,50.692820323028,7.));
#4557 = VECTOR('',#4558,1.);
#4558 = DIRECTION('',(-0.5,0.866025403784,0.));
#4559 = ORIENTED_EDGE('',*,*,#4560,.T.);
#4560 = EDGE_CURVE('',#4553,#4561,#4563,.T.);
#4561 = VERTEX_POINT('',#4562);
#4562 = CARTESIAN_POINT('',(28.4,52.77128129211,7.));
#4563 = LINE('',#4564,#4565);
#4564 = CARTESIAN_POINT('',(30.8,52.77128129211,7.));
#4565 = VECTOR('',#4566,1.);
#4566 = DIRECTION('',(-1.,2.775557561563E-16,0.));
#4567 = ORIENTED_EDGE('',*,*,#4568,.T.);
#4568 = EDGE_CURVE('',#4561,#4569,#4571,.T.);
#4569 = VERTEX_POINT('',#4570);
#4570 = CARTESIAN_POINT('',(26.8,50.,7.));
#4571 = LINE('',#4572,#4573);
#4572 = CARTESIAN_POINT('',(28.,52.078460969083,7.));
#4573 = VECTOR('',#4574,1.);
#4574 = DIRECTION('',(-0.5,-0.866025403784,-0.));
#4575 = ORIENTED_EDGE('',*,*,#4576,.T.);
#4576 = EDGE_CURVE('',#4569,#4577,#4579,.T.);
#4577 = VERTEX_POINT('',#4578);
#4578 = CARTESIAN_POINT('',(28.4,47.22871870789,7.));
#4579 = LINE('',#4580,#4581);
#4580 = CARTESIAN_POINT('',(27.2,49.307179676972,7.));
#4581 = VECTOR('',#4582,1.);
#4582 = DIRECTION('',(0.5,-0.866025403784,0.));
#4583 = ORIENTED_EDGE('',*,*,#4584,.T.);
#4584 = EDGE_CURVE('',#4577,#4543,#4585,.T.);
#4585 = LINE('',#4586,#4587);
#4586 = CARTESIAN_POINT('',(29.2,47.22871870789,7.));
#4587 = VECTOR('',#4588,1.);
#4588 = DIRECTION('',(1.,-6.938893903907E-16,0.));
#4589 = PLANE('',#4590);
#4590 = AXIS2_PLACEMENT_3D('',#4591,#4592,#4593);
#4591 = CARTESIAN_POINT('',(29.84638561576,49.518907758148,7.));
#4592 = DIRECTION('',(0.,0.,1.));
#4593 = DIRECTION('',(1.,0.,0.));
#4594 = ADVANCED_FACE('',(#4595,#4645),#4648,.F.);
#4595 = FACE_BOUND('',#4596,.T.);
#4596 = EDGE_LOOP('',(#4597,#4607,#4615,#4623,#4631,#4639));
#4597 = ORIENTED_EDGE('',*,*,#4598,.T.);
#4598 = EDGE_CURVE('',#4599,#4601,#4603,.T.);
#4599 = VERTEX_POINT('',#4600);
#4600 = CARTESIAN_POINT('',(33.2,50.,4.85));
#4601 = VERTEX_POINT('',#4602);
#4602 = CARTESIAN_POINT('',(31.6,52.77128129211,4.85));
#4603 = LINE('',#4604,#4605);
#4604 = CARTESIAN_POINT('',(33.2,50.,4.85));
#4605 = VECTOR('',#4606,1.);
#4606 = DIRECTION('',(-0.5,0.866025403784,6.123233995737E-17));
#4607 = ORIENTED_EDGE('',*,*,#4608,.T.);
#4608 = EDGE_CURVE('',#4601,#4609,#4611,.T.);
#4609 = VERTEX_POINT('',#4610);
#4610 = CARTESIAN_POINT('',(28.4,52.77128129211,4.85));
#4611 = LINE('',#4612,#4613);
#4612 = CARTESIAN_POINT('',(31.6,52.77128129211,4.85));
#4613 = VECTOR('',#4614,1.);
#4614 = DIRECTION('',(-1.,2.775557561563E-16,1.224646799147E-16));
#4615 = ORIENTED_EDGE('',*,*,#4616,.T.);
#4616 = EDGE_CURVE('',#4609,#4617,#4619,.T.);
#4617 = VERTEX_POINT('',#4618);
#4618 = CARTESIAN_POINT('',(26.8,50.,4.85));
#4619 = LINE('',#4620,#4621);
#4620 = CARTESIAN_POINT('',(28.4,52.77128129211,4.85));
#4621 = VECTOR('',#4622,1.);
#4622 = DIRECTION('',(-0.5,-0.866025403784,6.123233995737E-17));
#4623 = ORIENTED_EDGE('',*,*,#4624,.T.);
#4624 = EDGE_CURVE('',#4617,#4625,#4627,.T.);
#4625 = VERTEX_POINT('',#4626);
#4626 = CARTESIAN_POINT('',(28.4,47.22871870789,4.85));
#4627 = LINE('',#4628,#4629);
#4628 = CARTESIAN_POINT('',(26.8,50.,4.85));
#4629 = VECTOR('',#4630,1.);
#4630 = DIRECTION('',(0.5,-0.866025403784,-6.123233995737E-17));
#4631 = ORIENTED_EDGE('',*,*,#4632,.T.);
#4632 = EDGE_CURVE('',#4625,#4633,#4635,.T.);
#4633 = VERTEX_POINT('',#4634);
#4634 = CARTESIAN_POINT('',(31.6,47.22871870789,4.85));
#4635 = LINE('',#4636,#4637);
#4636 = CARTESIAN_POINT('',(28.4,47.22871870789,4.85));
#4637 = VECTOR('',#4638,1.);
#4638 = DIRECTION('',(1.,-6.938893903907E-16,-1.224646799147E-16));
#4639 = ORIENTED_EDGE('',*,*,#4640,.T.);
#4640 = EDGE_CURVE('',#4633,#4599,#4641,.T.);
#4641 = LINE('',#4642,#4643);
#4642 = CARTESIAN_POINT('',(31.6,47.22871870789,4.85));
#4643 = VECTOR('',#4644,1.);
#4644 = DIRECTION('',(0.5,0.866025403784,-6.123233995737E-17));
#4645 = FACE_BOUND('',#4646,.T.);
#4646 = EDGE_LOOP('',(#4647));
#4647 = ORIENTED_EDGE('',*,*,#3181,.T.);
#4648 = PLANE('',#4649);
#4649 = AXIS2_PLACEMENT_3D('',#4650,#4651,#4652);
#4650 = CARTESIAN_POINT('',(30.,50.,4.85));
#4651 = DIRECTION('',(-1.224646799147E-16,0.,-1.));
#4652 = DIRECTION('',(-1.,0.,1.224646799147E-16));
#4653 = ADVANCED_FACE('',(#4654,#4704),#4707,.F.);
#4654 = FACE_BOUND('',#4655,.F.);
#4655 = EDGE_LOOP('',(#4656,#4666,#4674,#4682,#4690,#4698));
#4656 = ORIENTED_EDGE('',*,*,#4657,.T.);
#4657 = EDGE_CURVE('',#4658,#4660,#4662,.T.);
#4658 = VERTEX_POINT('',#4659);
#4659 = CARTESIAN_POINT('',(-33.2,50.,4.85));
#4660 = VERTEX_POINT('',#4661);
#4661 = CARTESIAN_POINT('',(-31.6,52.77128129211,4.85));
#4662 = LINE('',#4663,#4664);
#4663 = CARTESIAN_POINT('',(-33.2,50.,4.85));
#4664 = VECTOR('',#4665,1.);
#4665 = DIRECTION('',(0.5,0.866025403784,6.123233995737E-17));
#4666 = ORIENTED_EDGE('',*,*,#4667,.T.);
#4667 = EDGE_CURVE('',#4660,#4668,#4670,.T.);
#4668 = VERTEX_POINT('',#4669);
#4669 = CARTESIAN_POINT('',(-28.4,52.77128129211,4.85));
#4670 = LINE('',#4671,#4672);
#4671 = CARTESIAN_POINT('',(-31.6,52.77128129211,4.85));
#4672 = VECTOR('',#4673,1.);
#4673 = DIRECTION('',(1.,2.775557561563E-16,1.224646799147E-16));
#4674 = ORIENTED_EDGE('',*,*,#4675,.T.);
#4675 = EDGE_CURVE('',#4668,#4676,#4678,.T.);
#4676 = VERTEX_POINT('',#4677);
#4677 = CARTESIAN_POINT('',(-26.8,50.,4.85));
#4678 = LINE('',#4679,#4680);
#4679 = CARTESIAN_POINT('',(-28.4,52.77128129211,4.85));
#4680 = VECTOR('',#4681,1.);
#4681 = DIRECTION('',(0.5,-0.866025403784,6.123233995737E-17));
#4682 = ORIENTED_EDGE('',*,*,#4683,.T.);
#4683 = EDGE_CURVE('',#4676,#4684,#4686,.T.);
#4684 = VERTEX_POINT('',#4685);
#4685 = CARTESIAN_POINT('',(-28.4,47.22871870789,4.85));
#4686 = LINE('',#4687,#4688);
#4687 = CARTESIAN_POINT('',(-26.8,50.,4.85));
#4688 = VECTOR('',#4689,1.);
#4689 = DIRECTION('',(-0.5,-0.866025403784,-6.123233995737E-17));
#4690 = ORIENTED_EDGE('',*,*,#4691,.T.);
#4691 = EDGE_CURVE('',#4684,#4692,#4694,.T.);
#4692 = VERTEX_POINT('',#4693);
#4693 = CARTESIAN_POINT('',(-31.6,47.22871870789,4.85));
#4694 = LINE('',#4695,#4696);
#4695 = CARTESIAN_POINT('',(-28.4,47.22871870789,4.85));
#4696 = VECTOR('',#4697,1.);
#4697 = DIRECTION('',(-1.,-6.938893903907E-16,-1.224646799147E-16));
#4698 = ORIENTED_EDGE('',*,*,#4699,.T.);
#4699 = EDGE_CURVE('',#4692,#4658,#4700,.T.);
#4700 = LINE('',#4701,#4702);
#4701 = CARTESIAN_POINT('',(-31.6,47.22871870789,4.85));
#4702 = VECTOR('',#4703,1.);
#4703 = DIRECTION('',(-0.5,0.866025403784,-6.123233995737E-17));
#4704 = FACE_BOUND('',#4705,.F.);
#4705 = EDGE_LOOP('',(#4706));
#4706 = ORIENTED_EDGE('',*,*,#3206,.T.);
#4707 = PLANE('',#4708);
#4708 = AXIS2_PLACEMENT_3D('',#4709,#4710,#4711);
#4709 = CARTESIAN_POINT('',(-30.,50.,4.85));
#4710 = DIRECTION('',(1.224646799147E-16,0.,-1.));
#4711 = DIRECTION('',(-1.,0.,-1.224646799147E-16));
#4712 = ADVANCED_FACE('',(#4713),#4716,.T.);
#4713 = FACE_BOUND('',#4714,.F.);
#4714 = EDGE_LOOP('',(#4715));
#4715 = ORIENTED_EDGE('',*,*,#3263,.F.);
#4716 = PLANE('',#4717);
#4717 = AXIS2_PLACEMENT_3D('',#4718,#4719,#4720);
#4718 = CARTESIAN_POINT('',(-16.,7.9015,27.05));
#4719 = DIRECTION('',(0.,1.,-2.22044604925E-16));
#4720 = DIRECTION('',(1.,0.,0.));
#4721 = ADVANCED_FACE('',(#4722),#4725,.T.);
#4722 = FACE_BOUND('',#4723,.F.);
#4723 = EDGE_LOOP('',(#4724));
#4724 = ORIENTED_EDGE('',*,*,#3288,.F.);
#4725 = PLANE('',#4726);
#4726 = AXIS2_PLACEMENT_3D('',#4727,#4728,#4729);
#4727 = CARTESIAN_POINT('',(-11.,7.9015,27.05));
#4728 = DIRECTION('',(0.,1.,-2.22044604925E-16));
#4729 = DIRECTION('',(1.,0.,0.));
#4730 = ADVANCED_FACE('',(#4731),#4734,.T.);
#4731 = FACE_BOUND('',#4732,.F.);
#4732 = EDGE_LOOP('',(#4733));
#4733 = ORIENTED_EDGE('',*,*,#3313,.F.);
#4734 = PLANE('',#4735);
#4735 = AXIS2_PLACEMENT_3D('',#4736,#4737,#4738);
#4736 = CARTESIAN_POINT('',(-6.,7.9015,27.05));
#4737 = DIRECTION('',(0.,1.,-2.22044604925E-16));
#4738 = DIRECTION('',(1.,0.,0.));
#4739 = ADVANCED_FACE('',(#4740,#4743),#4754,.F.);
#4740 = FACE_BOUND('',#4741,.F.);
#4741 = EDGE_LOOP('',(#4742));
#4742 = ORIENTED_EDGE('',*,*,#3378,.T.);
#4743 = FACE_BOUND('',#4744,.F.);
#4744 = EDGE_LOOP('',(#4745));
#4745 = ORIENTED_EDGE('',*,*,#4746,.T.);
#4746 = EDGE_CURVE('',#4747,#4747,#4749,.T.);
#4747 = VERTEX_POINT('',#4748);
#4748 = CARTESIAN_POINT('',(2.4,10.35,15.));
#4749 = CIRCLE('',#4750,2.4);
#4750 = AXIS2_PLACEMENT_3D('',#4751,#4752,#4753);
#4751 = CARTESIAN_POINT('',(0.,10.35,15.));
#4752 = DIRECTION('',(-0.,1.,2.22044604925E-16));
#4753 = DIRECTION('',(1.,0.,0.));
#4754 = PLANE('',#4755);
#4755 = AXIS2_PLACEMENT_3D('',#4756,#4757,#4758);
#4756 = CARTESIAN_POINT('',(0.,10.35,15.));
#4757 = DIRECTION('',(0.,-1.,-2.22044604925E-16));
#4758 = DIRECTION('',(1.,0.,0.));
#4759 = ADVANCED_FACE('',(#4760),#4763,.T.);
#4760 = FACE_BOUND('',#4761,.F.);
#4761 = EDGE_LOOP('',(#4762));
#4762 = ORIENTED_EDGE('',*,*,#3393,.F.);
#4763 = PLANE('',#4764);
#4764 = AXIS2_PLACEMENT_3D('',#4765,#4766,#4767);
#4765 = CARTESIAN_POINT('',(3.75,7.9015,24.55));
#4766 = DIRECTION('',(0.,1.,-2.22044604925E-16));
#4767 = DIRECTION('',(1.,0.,0.));
#4768 = ADVANCED_FACE('',(#4769),#4772,.T.);
#4769 = FACE_BOUND('',#4770,.F.);
#4770 = EDGE_LOOP('',(#4771));
#4771 = ORIENTED_EDGE('',*,*,#3437,.F.);
#4772 = PLANE('',#4773);
#4773 = AXIS2_PLACEMENT_3D('',#4774,#4775,#4776);
#4774 = CARTESIAN_POINT('',(3.75,7.9015,27.05));
#4775 = DIRECTION('',(0.,1.,-2.22044604925E-16));
#4776 = DIRECTION('',(1.,0.,0.));
#4777 = ADVANCED_FACE('',(#4778),#4781,.T.);
#4778 = FACE_BOUND('',#4779,.F.);
#4779 = EDGE_LOOP('',(#4780));
#4780 = ORIENTED_EDGE('',*,*,#3462,.F.);
#4781 = PLANE('',#4782);
#4782 = AXIS2_PLACEMENT_3D('',#4783,#4784,#4785);
#4783 = CARTESIAN_POINT('',(3.75,7.9015,29.55));
#4784 = DIRECTION('',(0.,1.,-2.22044604925E-16));
#4785 = DIRECTION('',(1.,0.,0.));
#4786 = ADVANCED_FACE('',(#4787),#4790,.T.);
#4787 = FACE_BOUND('',#4788,.F.);
#4788 = EDGE_LOOP('',(#4789));
#4789 = ORIENTED_EDGE('',*,*,#3487,.F.);
#4790 = PLANE('',#4791);
#4791 = AXIS2_PLACEMENT_3D('',#4792,#4793,#4794);
#4792 = CARTESIAN_POINT('',(3.75,7.9015,32.05));
#4793 = DIRECTION('',(0.,1.,-2.22044604925E-16));
#4794 = DIRECTION('',(1.,0.,0.));
#4795 = ADVANCED_FACE('',(#4796,#4804),#4807,.F.);
#4796 = FACE_BOUND('',#4797,.F.);
#4797 = EDGE_LOOP('',(#4798,#4799,#4800,#4801,#4802,#4803));
#4798 = ORIENTED_EDGE('',*,*,#3759,.T.);
#4799 = ORIENTED_EDGE('',*,*,#3639,.T.);
#4800 = ORIENTED_EDGE('',*,*,#3663,.T.);
#4801 = ORIENTED_EDGE('',*,*,#3687,.T.);
#4802 = ORIENTED_EDGE('',*,*,#3711,.T.);
#4803 = ORIENTED_EDGE('',*,*,#3735,.T.);
#4804 = FACE_BOUND('',#4805,.F.);
#4805 = EDGE_LOOP('',(#4806));
#4806 = ORIENTED_EDGE('',*,*,#3588,.T.);
#4807 = PLANE('',#4808);
#4808 = AXIS2_PLACEMENT_3D('',#4809,#4810,#4811);
#4809 = CARTESIAN_POINT('',(25.15,-6.,7.));
#4810 = DIRECTION('',(1.,0.,-2.22044604925E-16));
#4811 = DIRECTION('',(-2.22044604925E-16,0.,-1.));
#4812 = ADVANCED_FACE('',(#4813,#4821),#4824,.F.);
#4813 = FACE_BOUND('',#4814,.F.);
#4814 = EDGE_LOOP('',(#4815,#4816,#4817,#4818,#4819,#4820));
#4815 = ORIENTED_EDGE('',*,*,#3903,.T.);
#4816 = ORIENTED_EDGE('',*,*,#3783,.T.);
#4817 = ORIENTED_EDGE('',*,*,#3807,.T.);
#4818 = ORIENTED_EDGE('',*,*,#3831,.T.);
#4819 = ORIENTED_EDGE('',*,*,#3855,.T.);
#4820 = ORIENTED_EDGE('',*,*,#3879,.T.);
#4821 = FACE_BOUND('',#4822,.F.);
#4822 = EDGE_LOOP('',(#4823));
#4823 = ORIENTED_EDGE('',*,*,#3613,.T.);
#4824 = PLANE('',#4825);
#4825 = AXIS2_PLACEMENT_3D('',#4826,#4827,#4828);
#4826 = CARTESIAN_POINT('',(25.15,-6.,23.));
#4827 = DIRECTION('',(1.,0.,-2.22044604925E-16));
#4828 = DIRECTION('',(-2.22044604925E-16,0.,-1.));
#4829 = ADVANCED_FACE('',(#4830),#4852,.T.);
#4830 = FACE_BOUND('',#4831,.T.);
#4831 = EDGE_LOOP('',(#4832,#4833,#4834,#4835,#4844,#4851));
#4832 = ORIENTED_EDGE('',*,*,#3953,.T.);
#4833 = ORIENTED_EDGE('',*,*,#3918,.T.);
#4834 = ORIENTED_EDGE('',*,*,#3995,.F.);
#4835 = ORIENTED_EDGE('',*,*,#4836,.F.);
#4836 = EDGE_CURVE('',#4837,#3996,#4839,.T.);
#4837 = VERTEX_POINT('',#4838);
#4838 = CARTESIAN_POINT('',(5.,4.65,15.));
#4839 = CIRCLE('',#4840,5.);
#4840 = AXIS2_PLACEMENT_3D('',#4841,#4842,#4843);
#4841 = CARTESIAN_POINT('',(0.,4.65,15.));
#4842 = DIRECTION('',(0.,-1.,-2.22044604925E-16));
#4843 = DIRECTION('',(1.,0.,0.));
#4844 = ORIENTED_EDGE('',*,*,#4845,.F.);
#4845 = EDGE_CURVE('',#4037,#4837,#4846,.T.);
#4846 = CIRCLE('',#4847,5.);
#4847 = AXIS2_PLACEMENT_3D('',#4848,#4849,#4850);
#4848 = CARTESIAN_POINT('',(0.,4.65,15.));
#4849 = DIRECTION('',(0.,-1.,-2.22044604925E-16));
#4850 = DIRECTION('',(1.,0.,0.));
#4851 = ORIENTED_EDGE('',*,*,#4036,.T.);
#4852 = PLANE('',#4853);
#4853 = AXIS2_PLACEMENT_3D('',#4854,#4855,#4856);
#4854 = CARTESIAN_POINT('',(0.,4.65,15.));
#4855 = DIRECTION('',(0.,-1.,-2.22044604925E-16));
#4856 = DIRECTION('',(1.,0.,0.));
#4857 = ADVANCED_FACE('',(#4858,#4870),#4881,.T.);
#4858 = FACE_BOUND('',#4859,.T.);
#4859 = EDGE_LOOP('',(#4860,#4861,#4862,#4869));
#4860 = ORIENTED_EDGE('',*,*,#4062,.T.);
#4861 = ORIENTED_EDGE('',*,*,#4018,.T.);
#4862 = ORIENTED_EDGE('',*,*,#4863,.T.);
#4863 = EDGE_CURVE('',#4021,#3980,#4864,.T.);
#4864 = CIRCLE('',#4865,4.);
#4865 = AXIS2_PLACEMENT_3D('',#4866,#4867,#4868);
#4866 = CARTESIAN_POINT('',(0.,-4.35,15.));
#4867 = DIRECTION('',(0.,-1.,-2.22044604925E-16));
#4868 = DIRECTION('',(1.,0.,0.));
#4869 = ORIENTED_EDGE('',*,*,#3977,.F.);
#4870 = FACE_BOUND('',#4871,.T.);
#4871 = EDGE_LOOP('',(#4872));
#4872 = ORIENTED_EDGE('',*,*,#4873,.T.);
#4873 = EDGE_CURVE('',#4874,#4874,#4876,.T.);
#4874 = VERTEX_POINT('',#4875);
#4875 = CARTESIAN_POINT('',(2.4,-4.35,15.));
#4876 = CIRCLE('',#4877,2.4);
#4877 = AXIS2_PLACEMENT_3D('',#4878,#4879,#4880);
#4878 = CARTESIAN_POINT('',(0.,-4.35,15.));
#4879 = DIRECTION('',(-0.,1.,2.22044604925E-16));
#4880 = DIRECTION('',(1.,0.,0.));
#4881 = PLANE('',#4882);
#4882 = AXIS2_PLACEMENT_3D('',#4883,#4884,#4885);
#4883 = CARTESIAN_POINT('',(1.250476621665E-16,-4.35,14.168754842751));
#4884 = DIRECTION('',(-0.,-1.,-0.));
#4885 = DIRECTION('',(0.,0.,-1.));
#4886 = ADVANCED_FACE('',(#4887),#4898,.T.);
#4887 = FACE_BOUND('',#4888,.T.);
#4888 = EDGE_LOOP('',(#4889,#4890,#4896,#4897));
#4889 = ORIENTED_EDGE('',*,*,#4863,.F.);
#4890 = ORIENTED_EDGE('',*,*,#4891,.F.);
#4891 = EDGE_CURVE('',#4837,#4021,#4892,.T.);
#4892 = LINE('',#4893,#4894);
#4893 = CARTESIAN_POINT('',(5.,4.65,15.));
#4894 = VECTOR('',#4895,1.);
#4895 = DIRECTION('',(-0.110431526075,-0.993883734674,
    -1.936385982205E-16));
#4896 = ORIENTED_EDGE('',*,*,#4836,.T.);
#4897 = ORIENTED_EDGE('',*,*,#4003,.T.);
#4898 = CONICAL_SURFACE('',#4899,5.,0.110657221174);
#4899 = AXIS2_PLACEMENT_3D('',#4900,#4901,#4902);
#4900 = CARTESIAN_POINT('',(0.,4.65,15.));
#4901 = DIRECTION('',(-0.,1.,2.22044604925E-16));
#4902 = DIRECTION('',(1.,0.,0.));
#4903 = ADVANCED_FACE('',(#4904),#4909,.T.);
#4904 = FACE_BOUND('',#4905,.T.);
#4905 = EDGE_LOOP('',(#4906,#4907,#4908));
#4906 = ORIENTED_EDGE('',*,*,#4891,.T.);
#4907 = ORIENTED_EDGE('',*,*,#4044,.F.);
#4908 = ORIENTED_EDGE('',*,*,#4845,.T.);
#4909 = CONICAL_SURFACE('',#4910,5.,0.110657221174);
#4910 = AXIS2_PLACEMENT_3D('',#4911,#4912,#4913);
#4911 = CARTESIAN_POINT('',(0.,4.65,15.));
#4912 = DIRECTION('',(-0.,1.,2.22044604925E-16));
#4913 = DIRECTION('',(1.,0.,0.));
#4914 = ADVANCED_FACE('',(#4915,#4923),#4926,.F.);
#4915 = FACE_BOUND('',#4916,.F.);
#4916 = EDGE_LOOP('',(#4917,#4918,#4919,#4920,#4921,#4922));
#4917 = ORIENTED_EDGE('',*,*,#4205,.T.);
#4918 = ORIENTED_EDGE('',*,*,#4188,.T.);
#4919 = ORIENTED_EDGE('',*,*,#4164,.T.);
#4920 = ORIENTED_EDGE('',*,*,#4140,.T.);
#4921 = ORIENTED_EDGE('',*,*,#4116,.T.);
#4922 = ORIENTED_EDGE('',*,*,#4085,.T.);
#4923 = FACE_BOUND('',#4924,.F.);
#4924 = EDGE_LOOP('',(#4925));
#4925 = ORIENTED_EDGE('',*,*,#4372,.T.);
#4926 = PLANE('',#4927);
#4927 = AXIS2_PLACEMENT_3D('',#4928,#4929,#4930);
#4928 = CARTESIAN_POINT('',(-25.15,-6.,7.));
#4929 = DIRECTION('',(-1.,0.,-2.22044604925E-16));
#4930 = DIRECTION('',(-2.22044604925E-16,0.,1.));
#4931 = ADVANCED_FACE('',(#4932,#4940),#4943,.F.);
#4932 = FACE_BOUND('',#4933,.F.);
#4933 = EDGE_LOOP('',(#4934,#4935,#4936,#4937,#4938,#4939));
#4934 = ORIENTED_EDGE('',*,*,#4349,.T.);
#4935 = ORIENTED_EDGE('',*,*,#4332,.T.);
#4936 = ORIENTED_EDGE('',*,*,#4308,.T.);
#4937 = ORIENTED_EDGE('',*,*,#4284,.T.);
#4938 = ORIENTED_EDGE('',*,*,#4260,.T.);
#4939 = ORIENTED_EDGE('',*,*,#4229,.T.);
#4940 = FACE_BOUND('',#4941,.F.);
#4941 = EDGE_LOOP('',(#4942));
#4942 = ORIENTED_EDGE('',*,*,#4397,.T.);
#4943 = PLANE('',#4944);
#4944 = AXIS2_PLACEMENT_3D('',#4945,#4946,#4947);
#4945 = CARTESIAN_POINT('',(-25.15,-6.,23.));
#4946 = DIRECTION('',(-1.,0.,-2.22044604925E-16));
#4947 = DIRECTION('',(-2.22044604925E-16,0.,1.));
#4948 = ADVANCED_FACE('',(#4949),#4965,.T.);
#4949 = FACE_BOUND('',#4950,.T.);
#4950 = EDGE_LOOP('',(#4951,#4952,#4958,#4959));
#4951 = ORIENTED_EDGE('',*,*,#4460,.F.);
#4952 = ORIENTED_EDGE('',*,*,#4953,.T.);
#4953 = EDGE_CURVE('',#4461,#4692,#4954,.T.);
#4954 = LINE('',#4955,#4956);
#4955 = CARTESIAN_POINT('',(-31.6,47.22871870789,7.15));
#4956 = VECTOR('',#4957,1.);
#4957 = DIRECTION('',(1.224646799147E-16,0.,-1.));
#4958 = ORIENTED_EDGE('',*,*,#4699,.T.);
#4959 = ORIENTED_EDGE('',*,*,#4960,.F.);
#4960 = EDGE_CURVE('',#4463,#4658,#4961,.T.);
#4961 = LINE('',#4962,#4963);
#4962 = CARTESIAN_POINT('',(-33.2,50.,7.15));
#4963 = VECTOR('',#4964,1.);
#4964 = DIRECTION('',(1.224646799147E-16,0.,-1.));
#4965 = PLANE('',#4966);
#4966 = AXIS2_PLACEMENT_3D('',#4967,#4968,#4969);
#4967 = CARTESIAN_POINT('',(-31.6,47.22871870789,7.15));
#4968 = DIRECTION('',(0.866025403784,0.5,1.060575238725E-16));
#4969 = DIRECTION('',(-0.5,0.866025403784,-6.123233995737E-17));
#4970 = ADVANCED_FACE('',(#4971),#4982,.T.);
#4971 = FACE_BOUND('',#4972,.T.);
#4972 = EDGE_LOOP('',(#4973,#4974,#4975,#4976));
#4973 = ORIENTED_EDGE('',*,*,#4470,.F.);
#4974 = ORIENTED_EDGE('',*,*,#4960,.T.);
#4975 = ORIENTED_EDGE('',*,*,#4657,.T.);
#4976 = ORIENTED_EDGE('',*,*,#4977,.F.);
#4977 = EDGE_CURVE('',#4471,#4660,#4978,.T.);
#4978 = LINE('',#4979,#4980);
#4979 = CARTESIAN_POINT('',(-31.6,52.77128129211,7.15));
#4980 = VECTOR('',#4981,1.);
#4981 = DIRECTION('',(1.224646799147E-16,0.,-1.));
#4982 = PLANE('',#4983);
#4983 = AXIS2_PLACEMENT_3D('',#4984,#4985,#4986);
#4984 = CARTESIAN_POINT('',(-33.2,50.,7.15));
#4985 = DIRECTION('',(0.866025403784,-0.5,1.060575238725E-16));
#4986 = DIRECTION('',(0.5,0.866025403784,6.123233995737E-17));
#4987 = ADVANCED_FACE('',(#4988),#4999,.T.);
#4988 = FACE_BOUND('',#4989,.T.);
#4989 = EDGE_LOOP('',(#4990,#4991,#4992,#4993));
#4990 = ORIENTED_EDGE('',*,*,#4478,.F.);
#4991 = ORIENTED_EDGE('',*,*,#4977,.T.);
#4992 = ORIENTED_EDGE('',*,*,#4667,.T.);
#4993 = ORIENTED_EDGE('',*,*,#4994,.F.);
#4994 = EDGE_CURVE('',#4479,#4668,#4995,.T.);
#4995 = LINE('',#4996,#4997);
#4996 = CARTESIAN_POINT('',(-28.4,52.77128129211,7.15));
#4997 = VECTOR('',#4998,1.);
#4998 = DIRECTION('',(1.224646799147E-16,0.,-1.));
#4999 = PLANE('',#5000);
#5000 = AXIS2_PLACEMENT_3D('',#5001,#5002,#5003);
#5001 = CARTESIAN_POINT('',(-31.6,52.77128129211,7.15));
#5002 = DIRECTION('',(2.775557561563E-16,-1.,3.399077683617E-32));
#5003 = DIRECTION('',(1.,2.775557561563E-16,1.224646799147E-16));
#5004 = ADVANCED_FACE('',(#5005),#5016,.T.);
#5005 = FACE_BOUND('',#5006,.T.);
#5006 = EDGE_LOOP('',(#5007,#5008,#5009,#5010));
#5007 = ORIENTED_EDGE('',*,*,#4486,.F.);
#5008 = ORIENTED_EDGE('',*,*,#4994,.T.);
#5009 = ORIENTED_EDGE('',*,*,#4675,.T.);
#5010 = ORIENTED_EDGE('',*,*,#5011,.F.);
#5011 = EDGE_CURVE('',#4487,#4676,#5012,.T.);
#5012 = LINE('',#5013,#5014);
#5013 = CARTESIAN_POINT('',(-26.8,50.,7.15));
#5014 = VECTOR('',#5015,1.);
#5015 = DIRECTION('',(1.224646799147E-16,0.,-1.));
#5016 = PLANE('',#5017);
#5017 = AXIS2_PLACEMENT_3D('',#5018,#5019,#5020);
#5018 = CARTESIAN_POINT('',(-28.4,52.77128129211,7.15));
#5019 = DIRECTION('',(-0.866025403784,-0.5,-1.060575238725E-16));
#5020 = DIRECTION('',(0.5,-0.866025403784,6.123233995737E-17));
#5021 = ADVANCED_FACE('',(#5022),#5033,.T.);
#5022 = FACE_BOUND('',#5023,.T.);
#5023 = EDGE_LOOP('',(#5024,#5025,#5026,#5027));
#5024 = ORIENTED_EDGE('',*,*,#4494,.F.);
#5025 = ORIENTED_EDGE('',*,*,#5011,.T.);
#5026 = ORIENTED_EDGE('',*,*,#4683,.T.);
#5027 = ORIENTED_EDGE('',*,*,#5028,.F.);
#5028 = EDGE_CURVE('',#4495,#4684,#5029,.T.);
#5029 = LINE('',#5030,#5031);
#5030 = CARTESIAN_POINT('',(-28.4,47.22871870789,7.15));
#5031 = VECTOR('',#5032,1.);
#5032 = DIRECTION('',(1.224646799147E-16,0.,-1.));
#5033 = PLANE('',#5034);
#5034 = AXIS2_PLACEMENT_3D('',#5035,#5036,#5037);
#5035 = CARTESIAN_POINT('',(-26.8,50.,7.15));
#5036 = DIRECTION('',(-0.866025403784,0.5,-1.060575238725E-16));
#5037 = DIRECTION('',(-0.5,-0.866025403784,-6.123233995737E-17));
#5038 = ADVANCED_FACE('',(#5039),#5045,.T.);
#5039 = FACE_BOUND('',#5040,.T.);
#5040 = EDGE_LOOP('',(#5041,#5042,#5043,#5044));
#5041 = ORIENTED_EDGE('',*,*,#4502,.F.);
#5042 = ORIENTED_EDGE('',*,*,#5028,.T.);
#5043 = ORIENTED_EDGE('',*,*,#4691,.T.);
#5044 = ORIENTED_EDGE('',*,*,#4953,.F.);
#5045 = PLANE('',#5046);
#5046 = AXIS2_PLACEMENT_3D('',#5047,#5048,#5049);
#5047 = CARTESIAN_POINT('',(-28.4,47.22871870789,7.15));
#5048 = DIRECTION('',(-6.938893903907E-16,1.,-8.497694209043E-32));
#5049 = DIRECTION('',(-1.,-6.938893903907E-16,-1.224646799147E-16));
#5050 = ADVANCED_FACE('',(#5051),#5067,.T.);
#5051 = FACE_BOUND('',#5052,.F.);
#5052 = EDGE_LOOP('',(#5053,#5054,#5060,#5061));
#5053 = ORIENTED_EDGE('',*,*,#4542,.F.);
#5054 = ORIENTED_EDGE('',*,*,#5055,.T.);
#5055 = EDGE_CURVE('',#4543,#4633,#5056,.T.);
#5056 = LINE('',#5057,#5058);
#5057 = CARTESIAN_POINT('',(31.6,47.22871870789,7.15));
#5058 = VECTOR('',#5059,1.);
#5059 = DIRECTION('',(-1.224646799147E-16,0.,-1.));
#5060 = ORIENTED_EDGE('',*,*,#4640,.T.);
#5061 = ORIENTED_EDGE('',*,*,#5062,.F.);
#5062 = EDGE_CURVE('',#4545,#4599,#5063,.T.);
#5063 = LINE('',#5064,#5065);
#5064 = CARTESIAN_POINT('',(33.2,50.,7.15));
#5065 = VECTOR('',#5066,1.);
#5066 = DIRECTION('',(-1.224646799147E-16,0.,-1.));
#5067 = PLANE('',#5068);
#5068 = AXIS2_PLACEMENT_3D('',#5069,#5070,#5071);
#5069 = CARTESIAN_POINT('',(31.6,47.22871870789,7.15));
#5070 = DIRECTION('',(-0.866025403784,0.5,1.060575238725E-16));
#5071 = DIRECTION('',(-0.5,-0.866025403784,6.123233995737E-17));
#5072 = ADVANCED_FACE('',(#5073),#5084,.T.);
#5073 = FACE_BOUND('',#5074,.F.);
#5074 = EDGE_LOOP('',(#5075,#5076,#5077,#5078));
#5075 = ORIENTED_EDGE('',*,*,#4552,.F.);
#5076 = ORIENTED_EDGE('',*,*,#5062,.T.);
#5077 = ORIENTED_EDGE('',*,*,#4598,.T.);
#5078 = ORIENTED_EDGE('',*,*,#5079,.F.);
#5079 = EDGE_CURVE('',#4553,#4601,#5080,.T.);
#5080 = LINE('',#5081,#5082);
#5081 = CARTESIAN_POINT('',(31.6,52.77128129211,7.15));
#5082 = VECTOR('',#5083,1.);
#5083 = DIRECTION('',(-1.224646799147E-16,0.,-1.));
#5084 = PLANE('',#5085);
#5085 = AXIS2_PLACEMENT_3D('',#5086,#5087,#5088);
#5086 = CARTESIAN_POINT('',(33.2,50.,7.15));
#5087 = DIRECTION('',(-0.866025403784,-0.5,1.060575238725E-16));
#5088 = DIRECTION('',(0.5,-0.866025403784,-6.123233995737E-17));
#5089 = ADVANCED_FACE('',(#5090),#5101,.T.);
#5090 = FACE_BOUND('',#5091,.F.);
#5091 = EDGE_LOOP('',(#5092,#5093,#5094,#5095));
#5092 = ORIENTED_EDGE('',*,*,#4560,.F.);
#5093 = ORIENTED_EDGE('',*,*,#5079,.T.);
#5094 = ORIENTED_EDGE('',*,*,#4608,.T.);
#5095 = ORIENTED_EDGE('',*,*,#5096,.F.);
#5096 = EDGE_CURVE('',#4561,#4609,#5097,.T.);
#5097 = LINE('',#5098,#5099);
#5098 = CARTESIAN_POINT('',(28.4,52.77128129211,7.15));
#5099 = VECTOR('',#5100,1.);
#5100 = DIRECTION('',(-1.224646799147E-16,0.,-1.));
#5101 = PLANE('',#5102);
#5102 = AXIS2_PLACEMENT_3D('',#5103,#5104,#5105);
#5103 = CARTESIAN_POINT('',(31.6,52.77128129211,7.15));
#5104 = DIRECTION('',(-2.775557561563E-16,-1.,3.399077683617E-32));
#5105 = DIRECTION('',(1.,-2.775557561563E-16,-1.224646799147E-16));
#5106 = ADVANCED_FACE('',(#5107),#5118,.T.);
#5107 = FACE_BOUND('',#5108,.F.);
#5108 = EDGE_LOOP('',(#5109,#5110,#5111,#5112));
#5109 = ORIENTED_EDGE('',*,*,#4568,.F.);
#5110 = ORIENTED_EDGE('',*,*,#5096,.T.);
#5111 = ORIENTED_EDGE('',*,*,#4616,.T.);
#5112 = ORIENTED_EDGE('',*,*,#5113,.F.);
#5113 = EDGE_CURVE('',#4569,#4617,#5114,.T.);
#5114 = LINE('',#5115,#5116);
#5115 = CARTESIAN_POINT('',(26.8,50.,7.15));
#5116 = VECTOR('',#5117,1.);
#5117 = DIRECTION('',(-1.224646799147E-16,0.,-1.));
#5118 = PLANE('',#5119);
#5119 = AXIS2_PLACEMENT_3D('',#5120,#5121,#5122);
#5120 = CARTESIAN_POINT('',(28.4,52.77128129211,7.15));
#5121 = DIRECTION('',(0.866025403784,-0.5,-1.060575238725E-16));
#5122 = DIRECTION('',(0.5,0.866025403784,-6.123233995737E-17));
#5123 = ADVANCED_FACE('',(#5124),#5135,.T.);
#5124 = FACE_BOUND('',#5125,.F.);
#5125 = EDGE_LOOP('',(#5126,#5127,#5128,#5129));
#5126 = ORIENTED_EDGE('',*,*,#4576,.F.);
#5127 = ORIENTED_EDGE('',*,*,#5113,.T.);
#5128 = ORIENTED_EDGE('',*,*,#4624,.T.);
#5129 = ORIENTED_EDGE('',*,*,#5130,.F.);
#5130 = EDGE_CURVE('',#4577,#4625,#5131,.T.);
#5131 = LINE('',#5132,#5133);
#5132 = CARTESIAN_POINT('',(28.4,47.22871870789,7.15));
#5133 = VECTOR('',#5134,1.);
#5134 = DIRECTION('',(-1.224646799147E-16,0.,-1.));
#5135 = PLANE('',#5136);
#5136 = AXIS2_PLACEMENT_3D('',#5137,#5138,#5139);
#5137 = CARTESIAN_POINT('',(26.8,50.,7.15));
#5138 = DIRECTION('',(0.866025403784,0.5,-1.060575238725E-16));
#5139 = DIRECTION('',(-0.5,0.866025403784,6.123233995737E-17));
#5140 = ADVANCED_FACE('',(#5141),#5147,.T.);
#5141 = FACE_BOUND('',#5142,.F.);
#5142 = EDGE_LOOP('',(#5143,#5144,#5145,#5146));
#5143 = ORIENTED_EDGE('',*,*,#4584,.F.);
#5144 = ORIENTED_EDGE('',*,*,#5130,.T.);
#5145 = ORIENTED_EDGE('',*,*,#4632,.T.);
#5146 = ORIENTED_EDGE('',*,*,#5055,.F.);
#5147 = PLANE('',#5148);
#5148 = AXIS2_PLACEMENT_3D('',#5149,#5150,#5151);
#5149 = CARTESIAN_POINT('',(28.4,47.22871870789,7.15));
#5150 = DIRECTION('',(6.938893903907E-16,1.,-8.497694209043E-32));
#5151 = DIRECTION('',(-1.,6.938893903907E-16,1.224646799147E-16));
#5152 = ADVANCED_FACE('',(#5153),#5164,.F.);
#5153 = FACE_BOUND('',#5154,.T.);
#5154 = EDGE_LOOP('',(#5155,#5156,#5162,#5163));
#5155 = ORIENTED_EDGE('',*,*,#4746,.T.);
#5156 = ORIENTED_EDGE('',*,*,#5157,.T.);
#5157 = EDGE_CURVE('',#4747,#4874,#5158,.T.);
#5158 = LINE('',#5159,#5160);
#5159 = CARTESIAN_POINT('',(2.4,28.,15.));
#5160 = VECTOR('',#5161,1.);
#5161 = DIRECTION('',(0.,-1.,-2.22044604925E-16));
#5162 = ORIENTED_EDGE('',*,*,#4873,.F.);
#5163 = ORIENTED_EDGE('',*,*,#5157,.F.);
#5164 = CYLINDRICAL_SURFACE('',#5165,2.4);
#5165 = AXIS2_PLACEMENT_3D('',#5166,#5167,#5168);
#5166 = CARTESIAN_POINT('',(0.,28.,15.));
#5167 = DIRECTION('',(-0.,1.,2.22044604925E-16));
#5168 = DIRECTION('',(1.,0.,0.));
#5169 = ( GEOMETRIC_REPRESENTATION_CONTEXT(3) 
GLOBAL_UNCERTAINTY_ASSIGNED_CONTEXT((#5173)) 
GLOBAL_UNIT_ASSIGNED_CONTEXT((#5170,#5171,#5172)) REPRESENTATION_CONTEXT
('Context #1','3D Context with UNIT and UNCERTAINTY') );
#5170 = ( LENGTH_UNIT() NAMED_UNIT(*) SI_UNIT(.MILLI.,.METRE.) );
#5171 = ( NAMED_UNIT(*) PLANE_ANGLE_UNIT() SI_UNIT($,.RADIAN.) );
#5172 = ( NAMED_UNIT(*) SI_UNIT($,.STERADIAN.) SOLID_ANGLE_UNIT() );
#5173 = UNCERTAINTY_MEASURE_WITH_UNIT(LENGTH_MEASURE(2.E-05),#5170,
  'distance_accuracy_value','confusion accuracy');
#5174 = CONTEXT_DEPENDENT_SHAPE_REPRESENTATION(#5175,#5177);
#5175 = ( REPRESENTATION_RELATIONSHIP('','',#875,#10) 
REPRESENTATION_RELATIONSHIP_WITH_TRANSFORMATION(#5176) 
SHAPE_REPRESENTATION_RELATIONSHIP() );
#5176 = ITEM_DEFINED_TRANSFORMATION('','',#11,#27);
#5177 = PRODUCT_DEFINITION_SHAPE('Placement','Placement of an item',
  #5178);
#5178 = NEXT_ASSEMBLY_USAGE_OCCURRENCE('4','difference009','',#5,#870,$
  );
#5179 = PRODUCT_RELATED_PRODUCT_CATEGORY('part',$,(#872));
ENDSEC;
END-ISO-10303-21;
