ISO-10303-21;
HEADER;
FILE_DESCRIPTION(('FreeCAD Model'),'2;1');
FILE_NAME('Open CASCADE Shape Model','2026-03-05T20:32:32',(''),(''),
  'Open CASCADE STEP processor 7.8','FreeCAD','Unknown');
FILE_SCHEMA(('AUTOMOTIVE_DESIGN { 1 0 10303 214 1 1 1 1 }'));
ENDSEC;
DATA;
#1 = APPLICATION_PROTOCOL_DEFINITION('international standard',
  'automotive_design',2000,#2);
#2 = APPLICATION_CONTEXT(
  'core data for automotive mechanical design processes');
#3 = SHAPE_DEFINITION_REPRESENTATION(#4,#10);
#4 = PRODUCT_DEFINITION_SHAPE('','',#5);
#5 = PRODUCT_DEFINITION('design','',#6,#9);
#6 = PRODUCT_DEFINITION_FORMATION('','',#7);
#7 = PRODUCT('idler_end','idler_end','',(#8));
#8 = PRODUCT_CONTEXT('',#2,'mechanical');
#9 = PRODUCT_DEFINITION_CONTEXT('part definition',#2,'design');
#10 = SHAPE_REPRESENTATION('',(#11,#15,#19,#23,#27,#31,#35,#39),#43);
#11 = AXIS2_PLACEMENT_3D('',#12,#13,#14);
#12 = CARTESIAN_POINT('',(0.,0.,0.));
#13 = DIRECTION('',(0.,0.,1.));
#14 = DIRECTION('',(1.,0.,-0.));
#15 = AXIS2_PLACEMENT_3D('',#16,#17,#18);
#16 = CARTESIAN_POINT('',(0.,0.,0.));
#17 = DIRECTION('',(0.,-0.999390827019,-3.48994967025E-02));
#18 = DIRECTION('',(1.,0.,0.));
#19 = AXIS2_PLACEMENT_3D('',#20,#21,#22);
#20 = CARTESIAN_POINT('',(0.,49.987816540382,0.69798993405));
#21 = DIRECTION('',(0.,-0.999390827019,-3.48994967025E-02));
#22 = DIRECTION('',(1.,0.,0.));
#23 = AXIS2_PLACEMENT_3D('',#24,#25,#26);
#24 = CARTESIAN_POINT('',(15.,80.,0.));
#25 = DIRECTION('',(-1.,0.,-2.22044604925E-16));
#26 = DIRECTION('',(-2.22044604925E-16,0.,1.));
#27 = AXIS2_PLACEMENT_3D('',#28,#29,#30);
#28 = CARTESIAN_POINT('',(0.,135.,0.));
#29 = DIRECTION('',(0.,-1.,0.));
#30 = DIRECTION('',(0.,0.,1.));
#31 = AXIS2_PLACEMENT_3D('',#32,#33,#34);
#32 = CARTESIAN_POINT('',(15.,160.,12.));
#33 = DIRECTION('',(1.224646799147E-16,0.,-1.));
#34 = DIRECTION('',(1.,1.224646799147E-16,1.224646799147E-16));
#35 = AXIS2_PLACEMENT_3D('',#36,#37,#38);
#36 = CARTESIAN_POINT('',(15.,180.,13.));
#37 = DIRECTION('',(1.224646799147E-16,0.,-1.));
#38 = DIRECTION('',(1.,1.224646799147E-16,1.224646799147E-16));
#39 = AXIS2_PLACEMENT_3D('',#40,#41,#42);
#40 = CARTESIAN_POINT('',(0.,200.,0.));
#41 = DIRECTION('',(0.,0.,1.));
#42 = DIRECTION('',(1.,0.,0.));
#43 = ( GEOMETRIC_REPRESENTATION_CONTEXT(3) 
GLOBAL_UNCERTAINTY_ASSIGNED_CONTEXT((#47)) GLOBAL_UNIT_ASSIGNED_CONTEXT(
(#44,#45,#46)) REPRESENTATION_CONTEXT('Context #1',
  '3D Context with UNIT and UNCERTAINTY') );
#44 = ( LENGTH_UNIT() NAMED_UNIT(*) SI_UNIT(.MILLI.,.METRE.) );
#45 = ( NAMED_UNIT(*) PLANE_ANGLE_UNIT() SI_UNIT($,.RADIAN.) );
#46 = ( NAMED_UNIT(*) SI_UNIT($,.STERADIAN.) SOLID_ANGLE_UNIT() );
#47 = UNCERTAINTY_MEASURE_WITH_UNIT(LENGTH_MEASURE(1.E-05),#44,
  'distance_accuracy_value','confusion accuracy');
#48 = PRODUCT_RELATED_PRODUCT_CATEGORY('part',$,(#7));
#49 = SHAPE_DEFINITION_REPRESENTATION(#50,#56);
#50 = PRODUCT_DEFINITION_SHAPE('','',#51);
#51 = PRODUCT_DEFINITION('design','',#52,#55);
#52 = PRODUCT_DEFINITION_FORMATION('','',#53);
#53 = PRODUCT('union','union','',(#54));
#54 = PRODUCT_CONTEXT('',#2,'mechanical');
#55 = PRODUCT_DEFINITION_CONTEXT('part definition',#2,'design');
#56 = SHAPE_REPRESENTATION('',(#11,#57,#110),#163);
#57 = MANIFOLD_SOLID_BREP('',#58);
#58 = CLOSED_SHELL('',(#59,#92,#101));
#59 = ADVANCED_FACE('',(#60),#87,.T.);
#60 = FACE_BOUND('',#61,.T.);
#61 = EDGE_LOOP('',(#62,#71,#79,#86));
#62 = ORIENTED_EDGE('',*,*,#63,.F.);
#63 = EDGE_CURVE('',#64,#64,#66,.T.);
#64 = VERTEX_POINT('',#65);
#65 = CARTESIAN_POINT('',(9.,-2.204364238465E-15,2.85));
#66 = CIRCLE('',#67,9.);
#67 = AXIS2_PLACEMENT_3D('',#68,#69,#70);
#68 = CARTESIAN_POINT('',(0.,0.,2.85));
#69 = DIRECTION('',(0.,0.,1.));
#70 = DIRECTION('',(1.,0.,0.));
#71 = ORIENTED_EDGE('',*,*,#72,.F.);
#72 = EDGE_CURVE('',#73,#64,#75,.T.);
#73 = VERTEX_POINT('',#74);
#74 = CARTESIAN_POINT('',(12.,-2.939152317954E-15,1.75));
#75 = LINE('',#76,#77);
#76 = CARTESIAN_POINT('',(12.,-2.939152317954E-15,1.75));
#77 = VECTOR('',#78,1.);
#78 = DIRECTION('',(-0.938876315887,2.299583750092E-16,0.344254649158));
#79 = ORIENTED_EDGE('',*,*,#80,.T.);
#80 = EDGE_CURVE('',#73,#73,#81,.T.);
#81 = CIRCLE('',#82,12.);
#82 = AXIS2_PLACEMENT_3D('',#83,#84,#85);
#83 = CARTESIAN_POINT('',(0.,0.,1.75));
#84 = DIRECTION('',(0.,0.,1.));
#85 = DIRECTION('',(1.,0.,0.));
#86 = ORIENTED_EDGE('',*,*,#72,.T.);
#87 = CONICAL_SURFACE('',#88,12.,1.219351532791);
#88 = AXIS2_PLACEMENT_3D('',#89,#90,#91);
#89 = CARTESIAN_POINT('',(0.,0.,1.75));
#90 = DIRECTION('',(-0.,-0.,-1.));
#91 = DIRECTION('',(1.,0.,0.));
#92 = ADVANCED_FACE('',(#93),#96,.T.);
#93 = FACE_BOUND('',#94,.T.);
#94 = EDGE_LOOP('',(#95));
#95 = ORIENTED_EDGE('',*,*,#63,.T.);
#96 = PLANE('',#97);
#97 = AXIS2_PLACEMENT_3D('',#98,#99,#100);
#98 = CARTESIAN_POINT('',(0.,0.,2.85));
#99 = DIRECTION('',(0.,0.,1.));
#100 = DIRECTION('',(1.,0.,0.));
#101 = ADVANCED_FACE('',(#102),#105,.F.);
#102 = FACE_BOUND('',#103,.T.);
#103 = EDGE_LOOP('',(#104));
#104 = ORIENTED_EDGE('',*,*,#80,.F.);
#105 = PLANE('',#106);
#106 = AXIS2_PLACEMENT_3D('',#107,#108,#109);
#107 = CARTESIAN_POINT('',(0.,0.,1.75));
#108 = DIRECTION('',(0.,0.,1.));
#109 = DIRECTION('',(1.,0.,0.));
#110 = MANIFOLD_SOLID_BREP('',#111);
#111 = CLOSED_SHELL('',(#112,#145,#154));
#112 = ADVANCED_FACE('',(#113),#140,.T.);
#113 = FACE_BOUND('',#114,.T.);
#114 = EDGE_LOOP('',(#115,#124,#132,#139));
#115 = ORIENTED_EDGE('',*,*,#116,.F.);
#116 = EDGE_CURVE('',#117,#117,#119,.T.);
#117 = VERTEX_POINT('',#118);
#118 = CARTESIAN_POINT('',(12.,-2.939152317954E-15,-1.75));
#119 = CIRCLE('',#120,12.);
#120 = AXIS2_PLACEMENT_3D('',#121,#122,#123);
#121 = CARTESIAN_POINT('',(0.,0.,-1.75));
#122 = DIRECTION('',(0.,0.,1.));
#123 = DIRECTION('',(1.,0.,0.));
#124 = ORIENTED_EDGE('',*,*,#125,.F.);
#125 = EDGE_CURVE('',#126,#117,#128,.T.);
#126 = VERTEX_POINT('',#127);
#127 = CARTESIAN_POINT('',(9.,-2.204364238465E-15,-2.85));
#128 = LINE('',#129,#130);
#129 = CARTESIAN_POINT('',(9.,-2.204364238465E-15,-2.85));
#130 = VECTOR('',#131,1.);
#131 = DIRECTION('',(0.938876315887,-2.299583750092E-16,0.344254649158)
  );
#132 = ORIENTED_EDGE('',*,*,#133,.T.);
#133 = EDGE_CURVE('',#126,#126,#134,.T.);
#134 = CIRCLE('',#135,9.);
#135 = AXIS2_PLACEMENT_3D('',#136,#137,#138);
#136 = CARTESIAN_POINT('',(0.,0.,-2.85));
#137 = DIRECTION('',(0.,0.,1.));
#138 = DIRECTION('',(1.,0.,0.));
#139 = ORIENTED_EDGE('',*,*,#125,.T.);
#140 = CONICAL_SURFACE('',#141,9.,1.219351532791);
#141 = AXIS2_PLACEMENT_3D('',#142,#143,#144);
#142 = CARTESIAN_POINT('',(0.,0.,-2.85));
#143 = DIRECTION('',(0.,0.,1.));
#144 = DIRECTION('',(1.,0.,0.));
#145 = ADVANCED_FACE('',(#146),#149,.T.);
#146 = FACE_BOUND('',#147,.T.);
#147 = EDGE_LOOP('',(#148));
#148 = ORIENTED_EDGE('',*,*,#116,.T.);
#149 = PLANE('',#150);
#150 = AXIS2_PLACEMENT_3D('',#151,#152,#153);
#151 = CARTESIAN_POINT('',(0.,0.,-1.75));
#152 = DIRECTION('',(0.,0.,1.));
#153 = DIRECTION('',(1.,0.,0.));
#154 = ADVANCED_FACE('',(#155),#158,.F.);
#155 = FACE_BOUND('',#156,.T.);
#156 = EDGE_LOOP('',(#157));
#157 = ORIENTED_EDGE('',*,*,#133,.F.);
#158 = PLANE('',#159);
#159 = AXIS2_PLACEMENT_3D('',#160,#161,#162);
#160 = CARTESIAN_POINT('',(0.,0.,-2.85));
#161 = DIRECTION('',(0.,0.,1.));
#162 = DIRECTION('',(1.,0.,0.));
#163 = ( GEOMETRIC_REPRESENTATION_CONTEXT(3) 
GLOBAL_UNCERTAINTY_ASSIGNED_CONTEXT((#167)) GLOBAL_UNIT_ASSIGNED_CONTEXT
((#164,#165,#166)) REPRESENTATION_CONTEXT('Context #1',
  '3D Context with UNIT and UNCERTAINTY') );
#164 = ( LENGTH_UNIT() NAMED_UNIT(*) SI_UNIT(.MILLI.,.METRE.) );
#165 = ( NAMED_UNIT(*) PLANE_ANGLE_UNIT() SI_UNIT($,.RADIAN.) );
#166 = ( NAMED_UNIT(*) SI_UNIT($,.STERADIAN.) SOLID_ANGLE_UNIT() );
#167 = UNCERTAINTY_MEASURE_WITH_UNIT(LENGTH_MEASURE(1.E-07),#164,
  'distance_accuracy_value','confusion accuracy');
#168 = CONTEXT_DEPENDENT_SHAPE_REPRESENTATION(#169,#171);
#169 = ( REPRESENTATION_RELATIONSHIP('','',#56,#10) 
REPRESENTATION_RELATIONSHIP_WITH_TRANSFORMATION(#170) 
SHAPE_REPRESENTATION_RELATIONSHIP() );
#170 = ITEM_DEFINED_TRANSFORMATION('','',#11,#15);
#171 = PRODUCT_DEFINITION_SHAPE('Placement','Placement of an item',#172
  );
#172 = NEXT_ASSEMBLY_USAGE_OCCURRENCE('1','union','',#5,#51,$);
#173 = PRODUCT_RELATED_PRODUCT_CATEGORY('part',$,(#53));
#174 = SHAPE_DEFINITION_REPRESENTATION(#175,#181);
#175 = PRODUCT_DEFINITION_SHAPE('','',#176);
#176 = PRODUCT_DEFINITION('design','',#177,#180);
#177 = PRODUCT_DEFINITION_FORMATION('','',#178);
#178 = PRODUCT('cylinder002','cylinder002','',(#179));
#179 = PRODUCT_CONTEXT('',#2,'mechanical');
#180 = PRODUCT_DEFINITION_CONTEXT('part definition',#2,'design');
#181 = ADVANCED_BREP_SHAPE_REPRESENTATION('',(#11,#182),#235);
#182 = MANIFOLD_SOLID_BREP('',#183);
#183 = CLOSED_SHELL('',(#184,#217,#226));
#184 = ADVANCED_FACE('',(#185),#212,.T.);
#185 = FACE_BOUND('',#186,.F.);
#186 = EDGE_LOOP('',(#187,#197,#204,#205));
#187 = ORIENTED_EDGE('',*,*,#188,.T.);
#188 = EDGE_CURVE('',#189,#191,#193,.T.);
#189 = VERTEX_POINT('',#190);
#190 = CARTESIAN_POINT('',(4.,-9.797174393179E-16,0.));
#191 = VERTEX_POINT('',#192);
#192 = CARTESIAN_POINT('',(4.,-9.797174393179E-16,40.));
#193 = LINE('',#194,#195);
#194 = CARTESIAN_POINT('',(4.,-9.797174393179E-16,0.));
#195 = VECTOR('',#196,1.);
#196 = DIRECTION('',(0.,0.,1.));
#197 = ORIENTED_EDGE('',*,*,#198,.T.);
#198 = EDGE_CURVE('',#191,#191,#199,.T.);
#199 = CIRCLE('',#200,4.);
#200 = AXIS2_PLACEMENT_3D('',#201,#202,#203);
#201 = CARTESIAN_POINT('',(0.,0.,40.));
#202 = DIRECTION('',(0.,0.,1.));
#203 = DIRECTION('',(1.,0.,-0.));
#204 = ORIENTED_EDGE('',*,*,#188,.F.);
#205 = ORIENTED_EDGE('',*,*,#206,.F.);
#206 = EDGE_CURVE('',#189,#189,#207,.T.);
#207 = CIRCLE('',#208,4.);
#208 = AXIS2_PLACEMENT_3D('',#209,#210,#211);
#209 = CARTESIAN_POINT('',(0.,0.,0.));
#210 = DIRECTION('',(0.,0.,1.));
#211 = DIRECTION('',(1.,0.,-0.));
#212 = CYLINDRICAL_SURFACE('',#213,4.);
#213 = AXIS2_PLACEMENT_3D('',#214,#215,#216);
#214 = CARTESIAN_POINT('',(0.,0.,0.));
#215 = DIRECTION('',(-0.,-0.,-1.));
#216 = DIRECTION('',(1.,0.,-0.));
#217 = ADVANCED_FACE('',(#218),#221,.F.);
#218 = FACE_BOUND('',#219,.T.);
#219 = EDGE_LOOP('',(#220));
#220 = ORIENTED_EDGE('',*,*,#206,.F.);
#221 = PLANE('',#222);
#222 = AXIS2_PLACEMENT_3D('',#223,#224,#225);
#223 = CARTESIAN_POINT('',(0.,0.,0.));
#224 = DIRECTION('',(0.,0.,1.));
#225 = DIRECTION('',(1.,0.,-0.));
#226 = ADVANCED_FACE('',(#227),#230,.T.);
#227 = FACE_BOUND('',#228,.F.);
#228 = EDGE_LOOP('',(#229));
#229 = ORIENTED_EDGE('',*,*,#198,.F.);
#230 = PLANE('',#231);
#231 = AXIS2_PLACEMENT_3D('',#232,#233,#234);
#232 = CARTESIAN_POINT('',(0.,0.,40.));
#233 = DIRECTION('',(0.,0.,1.));
#234 = DIRECTION('',(1.,0.,-0.));
#235 = ( GEOMETRIC_REPRESENTATION_CONTEXT(3) 
GLOBAL_UNCERTAINTY_ASSIGNED_CONTEXT((#239)) GLOBAL_UNIT_ASSIGNED_CONTEXT
((#236,#237,#238)) REPRESENTATION_CONTEXT('Context #1',
  '3D Context with UNIT and UNCERTAINTY') );
#236 = ( LENGTH_UNIT() NAMED_UNIT(*) SI_UNIT(.MILLI.,.METRE.) );
#237 = ( NAMED_UNIT(*) PLANE_ANGLE_UNIT() SI_UNIT($,.RADIAN.) );
#238 = ( NAMED_UNIT(*) SI_UNIT($,.STERADIAN.) SOLID_ANGLE_UNIT() );
#239 = UNCERTAINTY_MEASURE_WITH_UNIT(LENGTH_MEASURE(1.E-07),#236,
  'distance_accuracy_value','confusion accuracy');
#240 = CONTEXT_DEPENDENT_SHAPE_REPRESENTATION(#241,#243);
#241 = ( REPRESENTATION_RELATIONSHIP('','',#181,#10) 
REPRESENTATION_RELATIONSHIP_WITH_TRANSFORMATION(#242) 
SHAPE_REPRESENTATION_RELATIONSHIP() );
#242 = ITEM_DEFINED_TRANSFORMATION('','',#11,#19);
#243 = PRODUCT_DEFINITION_SHAPE('Placement','Placement of an item',#244
  );
#244 = NEXT_ASSEMBLY_USAGE_OCCURRENCE('2','cylinder002','',#5,#176,$);
#245 = PRODUCT_RELATED_PRODUCT_CATEGORY('part',$,(#178));
#246 = SHAPE_DEFINITION_REPRESENTATION(#247,#253);
#247 = PRODUCT_DEFINITION_SHAPE('','',#248);
#248 = PRODUCT_DEFINITION('design','',#249,#252);
#249 = PRODUCT_DEFINITION_FORMATION('','',#250);
#250 = PRODUCT('polyhedron','polyhedron','',(#251));
#251 = PRODUCT_CONTEXT('',#2,'mechanical');
#252 = PRODUCT_DEFINITION_CONTEXT('part definition',#2,'design');
#253 = ADVANCED_BREP_SHAPE_REPRESENTATION('',(#11,#254),#536);
#254 = MANIFOLD_SOLID_BREP('',#255);
#255 = CLOSED_SHELL('',(#256,#328,#359,#422,#439,#456,#473,#490,#507,
    #524));
#256 = ADVANCED_FACE('',(#257),#323,.F.);
#257 = FACE_BOUND('',#258,.F.);
#258 = EDGE_LOOP('',(#259,#269,#277,#285,#293,#301,#309,#317));
#259 = ORIENTED_EDGE('',*,*,#260,.T.);
#260 = EDGE_CURVE('',#261,#263,#265,.T.);
#261 = VERTEX_POINT('',#262);
#262 = CARTESIAN_POINT('',(14.,13.,0.));
#263 = VERTEX_POINT('',#264);
#264 = CARTESIAN_POINT('',(0.,13.,0.));
#265 = LINE('',#266,#267);
#266 = CARTESIAN_POINT('',(14.,13.,0.));
#267 = VECTOR('',#268,1.);
#268 = DIRECTION('',(-1.,0.,0.));
#269 = ORIENTED_EDGE('',*,*,#270,.T.);
#270 = EDGE_CURVE('',#263,#271,#273,.T.);
#271 = VERTEX_POINT('',#272);
#272 = CARTESIAN_POINT('',(0.,8.,0.));
#273 = LINE('',#274,#275);
#274 = CARTESIAN_POINT('',(0.,13.,0.));
#275 = VECTOR('',#276,1.);
#276 = DIRECTION('',(0.,-1.,0.));
#277 = ORIENTED_EDGE('',*,*,#278,.T.);
#278 = EDGE_CURVE('',#271,#279,#281,.T.);
#279 = VERTEX_POINT('',#280);
#280 = CARTESIAN_POINT('',(9.,3.5,0.));
#281 = LINE('',#282,#283);
#282 = CARTESIAN_POINT('',(0.,8.,0.));
#283 = VECTOR('',#284,1.);
#284 = DIRECTION('',(0.894427191,-0.4472135955,0.));
#285 = ORIENTED_EDGE('',*,*,#286,.T.);
#286 = EDGE_CURVE('',#279,#287,#289,.T.);
#287 = VERTEX_POINT('',#288);
#288 = CARTESIAN_POINT('',(9.,2.5,0.));
#289 = LINE('',#290,#291);
#290 = CARTESIAN_POINT('',(9.,3.5,0.));
#291 = VECTOR('',#292,1.);
#292 = DIRECTION('',(0.,-1.,0.));
#293 = ORIENTED_EDGE('',*,*,#294,.T.);
#294 = EDGE_CURVE('',#287,#295,#297,.T.);
#295 = VERTEX_POINT('',#296);
#296 = CARTESIAN_POINT('',(0.,-8.,0.));
#297 = LINE('',#298,#299);
#298 = CARTESIAN_POINT('',(9.,2.5,0.));
#299 = VECTOR('',#300,1.);
#300 = DIRECTION('',(-0.650791373456,-0.759256602365,0.));
#301 = ORIENTED_EDGE('',*,*,#302,.T.);
#302 = EDGE_CURVE('',#295,#303,#305,.T.);
#303 = VERTEX_POINT('',#304);
#304 = CARTESIAN_POINT('',(0.,-13.,0.));
#305 = LINE('',#306,#307);
#306 = CARTESIAN_POINT('',(0.,-8.,0.));
#307 = VECTOR('',#308,1.);
#308 = DIRECTION('',(0.,-1.,0.));
#309 = ORIENTED_EDGE('',*,*,#310,.T.);
#310 = EDGE_CURVE('',#303,#311,#313,.T.);
#311 = VERTEX_POINT('',#312);
#312 = CARTESIAN_POINT('',(14.,-13.,0.));
#313 = LINE('',#314,#315);
#314 = CARTESIAN_POINT('',(0.,-13.,0.));
#315 = VECTOR('',#316,1.);
#316 = DIRECTION('',(1.,0.,0.));
#317 = ORIENTED_EDGE('',*,*,#318,.T.);
#318 = EDGE_CURVE('',#311,#261,#319,.T.);
#319 = LINE('',#320,#321);
#320 = CARTESIAN_POINT('',(14.,-13.,0.));
#321 = VECTOR('',#322,1.);
#322 = DIRECTION('',(0.,1.,0.));
#323 = PLANE('',#324);
#324 = AXIS2_PLACEMENT_3D('',#325,#326,#327);
#325 = CARTESIAN_POINT('',(7.610529338539,0.256803030114,0.));
#326 = DIRECTION('',(0.,0.,1.));
#327 = DIRECTION('',(1.,0.,-0.));
#328 = ADVANCED_FACE('',(#329),#354,.T.);
#329 = FACE_BOUND('',#330,.T.);
#330 = EDGE_LOOP('',(#331,#332,#340,#348));
#331 = ORIENTED_EDGE('',*,*,#260,.T.);
#332 = ORIENTED_EDGE('',*,*,#333,.T.);
#333 = EDGE_CURVE('',#263,#334,#336,.T.);
#334 = VERTEX_POINT('',#335);
#335 = CARTESIAN_POINT('',(0.,13.,30.));
#336 = LINE('',#337,#338);
#337 = CARTESIAN_POINT('',(0.,13.,0.));
#338 = VECTOR('',#339,1.);
#339 = DIRECTION('',(0.,0.,1.));
#340 = ORIENTED_EDGE('',*,*,#341,.T.);
#341 = EDGE_CURVE('',#334,#342,#344,.T.);
#342 = VERTEX_POINT('',#343);
#343 = CARTESIAN_POINT('',(14.,13.,30.));
#344 = LINE('',#345,#346);
#345 = CARTESIAN_POINT('',(0.,13.,30.));
#346 = VECTOR('',#347,1.);
#347 = DIRECTION('',(1.,0.,0.));
#348 = ORIENTED_EDGE('',*,*,#349,.T.);
#349 = EDGE_CURVE('',#342,#261,#350,.T.);
#350 = LINE('',#351,#352);
#351 = CARTESIAN_POINT('',(14.,13.,30.));
#352 = VECTOR('',#353,1.);
#353 = DIRECTION('',(0.,0.,-1.));
#354 = PLANE('',#355);
#355 = AXIS2_PLACEMENT_3D('',#356,#357,#358);
#356 = CARTESIAN_POINT('',(7.,13.,15.));
#357 = DIRECTION('',(0.,1.,0.));
#358 = DIRECTION('',(0.,-0.,1.));
#359 = ADVANCED_FACE('',(#360),#417,.F.);
#360 = FACE_BOUND('',#361,.F.);
#361 = EDGE_LOOP('',(#362,#372,#380,#388,#396,#404,#410,#411));
#362 = ORIENTED_EDGE('',*,*,#363,.T.);
#363 = EDGE_CURVE('',#364,#366,#368,.T.);
#364 = VERTEX_POINT('',#365);
#365 = CARTESIAN_POINT('',(14.,-13.,30.));
#366 = VERTEX_POINT('',#367);
#367 = CARTESIAN_POINT('',(0.,-13.,30.));
#368 = LINE('',#369,#370);
#369 = CARTESIAN_POINT('',(14.,-13.,30.));
#370 = VECTOR('',#371,1.);
#371 = DIRECTION('',(-1.,0.,0.));
#372 = ORIENTED_EDGE('',*,*,#373,.T.);
#373 = EDGE_CURVE('',#366,#374,#376,.T.);
#374 = VERTEX_POINT('',#375);
#375 = CARTESIAN_POINT('',(0.,-8.,30.));
#376 = LINE('',#377,#378);
#377 = CARTESIAN_POINT('',(0.,-13.,30.));
#378 = VECTOR('',#379,1.);
#379 = DIRECTION('',(0.,1.,0.));
#380 = ORIENTED_EDGE('',*,*,#381,.T.);
#381 = EDGE_CURVE('',#374,#382,#384,.T.);
#382 = VERTEX_POINT('',#383);
#383 = CARTESIAN_POINT('',(9.,2.5,30.));
#384 = LINE('',#385,#386);
#385 = CARTESIAN_POINT('',(0.,-8.,30.));
#386 = VECTOR('',#387,1.);
#387 = DIRECTION('',(0.650791373456,0.759256602365,0.));
#388 = ORIENTED_EDGE('',*,*,#389,.T.);
#389 = EDGE_CURVE('',#382,#390,#392,.T.);
#390 = VERTEX_POINT('',#391);
#391 = CARTESIAN_POINT('',(9.,3.5,30.));
#392 = LINE('',#393,#394);
#393 = CARTESIAN_POINT('',(9.,2.5,30.));
#394 = VECTOR('',#395,1.);
#395 = DIRECTION('',(0.,1.,0.));
#396 = ORIENTED_EDGE('',*,*,#397,.T.);
#397 = EDGE_CURVE('',#390,#398,#400,.T.);
#398 = VERTEX_POINT('',#399);
#399 = CARTESIAN_POINT('',(0.,8.,30.));
#400 = LINE('',#401,#402);
#401 = CARTESIAN_POINT('',(9.,3.5,30.));
#402 = VECTOR('',#403,1.);
#403 = DIRECTION('',(-0.894427191,0.4472135955,0.));
#404 = ORIENTED_EDGE('',*,*,#405,.T.);
#405 = EDGE_CURVE('',#398,#334,#406,.T.);
#406 = LINE('',#407,#408);
#407 = CARTESIAN_POINT('',(0.,8.,30.));
#408 = VECTOR('',#409,1.);
#409 = DIRECTION('',(0.,1.,0.));
#410 = ORIENTED_EDGE('',*,*,#341,.T.);
#411 = ORIENTED_EDGE('',*,*,#412,.T.);
#412 = EDGE_CURVE('',#342,#364,#413,.T.);
#413 = LINE('',#414,#415);
#414 = CARTESIAN_POINT('',(14.,13.,30.));
#415 = VECTOR('',#416,1.);
#416 = DIRECTION('',(0.,-1.,0.));
#417 = PLANE('',#418);
#418 = AXIS2_PLACEMENT_3D('',#419,#420,#421);
#419 = CARTESIAN_POINT('',(7.610529338539,0.256803030114,30.));
#420 = DIRECTION('',(-0.,-0.,-1.));
#421 = DIRECTION('',(-1.,0.,0.));
#422 = ADVANCED_FACE('',(#423),#434,.T.);
#423 = FACE_BOUND('',#424,.T.);
#424 = EDGE_LOOP('',(#425,#426,#432,#433));
#425 = ORIENTED_EDGE('',*,*,#270,.T.);
#426 = ORIENTED_EDGE('',*,*,#427,.T.);
#427 = EDGE_CURVE('',#271,#398,#428,.T.);
#428 = LINE('',#429,#430);
#429 = CARTESIAN_POINT('',(0.,8.,0.));
#430 = VECTOR('',#431,1.);
#431 = DIRECTION('',(0.,0.,1.));
#432 = ORIENTED_EDGE('',*,*,#405,.T.);
#433 = ORIENTED_EDGE('',*,*,#333,.F.);
#434 = PLANE('',#435);
#435 = AXIS2_PLACEMENT_3D('',#436,#437,#438);
#436 = CARTESIAN_POINT('',(0.,10.5,15.));
#437 = DIRECTION('',(-1.,-0.,-0.));
#438 = DIRECTION('',(0.,0.,-1.));
#439 = ADVANCED_FACE('',(#440),#451,.T.);
#440 = FACE_BOUND('',#441,.T.);
#441 = EDGE_LOOP('',(#442,#443,#449,#450));
#442 = ORIENTED_EDGE('',*,*,#278,.T.);
#443 = ORIENTED_EDGE('',*,*,#444,.T.);
#444 = EDGE_CURVE('',#279,#390,#445,.T.);
#445 = LINE('',#446,#447);
#446 = CARTESIAN_POINT('',(9.,3.5,0.));
#447 = VECTOR('',#448,1.);
#448 = DIRECTION('',(0.,0.,1.));
#449 = ORIENTED_EDGE('',*,*,#397,.T.);
#450 = ORIENTED_EDGE('',*,*,#427,.F.);
#451 = PLANE('',#452);
#452 = AXIS2_PLACEMENT_3D('',#453,#454,#455);
#453 = CARTESIAN_POINT('',(4.5,5.75,15.));
#454 = DIRECTION('',(-0.4472135955,-0.894427191,-0.));
#455 = DIRECTION('',(-0.894427191,0.4472135955,0.));
#456 = ADVANCED_FACE('',(#457),#468,.T.);
#457 = FACE_BOUND('',#458,.T.);
#458 = EDGE_LOOP('',(#459,#460,#466,#467));
#459 = ORIENTED_EDGE('',*,*,#286,.T.);
#460 = ORIENTED_EDGE('',*,*,#461,.T.);
#461 = EDGE_CURVE('',#287,#382,#462,.T.);
#462 = LINE('',#463,#464);
#463 = CARTESIAN_POINT('',(9.,2.5,0.));
#464 = VECTOR('',#465,1.);
#465 = DIRECTION('',(0.,0.,1.));
#466 = ORIENTED_EDGE('',*,*,#389,.T.);
#467 = ORIENTED_EDGE('',*,*,#444,.F.);
#468 = PLANE('',#469);
#469 = AXIS2_PLACEMENT_3D('',#470,#471,#472);
#470 = CARTESIAN_POINT('',(9.,3.,15.));
#471 = DIRECTION('',(-1.,-0.,-0.));
#472 = DIRECTION('',(0.,0.,-1.));
#473 = ADVANCED_FACE('',(#474),#485,.T.);
#474 = FACE_BOUND('',#475,.T.);
#475 = EDGE_LOOP('',(#476,#477,#483,#484));
#476 = ORIENTED_EDGE('',*,*,#294,.T.);
#477 = ORIENTED_EDGE('',*,*,#478,.T.);
#478 = EDGE_CURVE('',#295,#374,#479,.T.);
#479 = LINE('',#480,#481);
#480 = CARTESIAN_POINT('',(0.,-8.,0.));
#481 = VECTOR('',#482,1.);
#482 = DIRECTION('',(0.,0.,1.));
#483 = ORIENTED_EDGE('',*,*,#381,.T.);
#484 = ORIENTED_EDGE('',*,*,#461,.F.);
#485 = PLANE('',#486);
#486 = AXIS2_PLACEMENT_3D('',#487,#488,#489);
#487 = CARTESIAN_POINT('',(4.5,-2.75,15.));
#488 = DIRECTION('',(-0.759256602365,0.650791373456,-0.));
#489 = DIRECTION('',(-0.650791373456,-0.759256602365,0.));
#490 = ADVANCED_FACE('',(#491),#502,.T.);
#491 = FACE_BOUND('',#492,.T.);
#492 = EDGE_LOOP('',(#493,#494,#500,#501));
#493 = ORIENTED_EDGE('',*,*,#302,.T.);
#494 = ORIENTED_EDGE('',*,*,#495,.T.);
#495 = EDGE_CURVE('',#303,#366,#496,.T.);
#496 = LINE('',#497,#498);
#497 = CARTESIAN_POINT('',(0.,-13.,0.));
#498 = VECTOR('',#499,1.);
#499 = DIRECTION('',(0.,0.,1.));
#500 = ORIENTED_EDGE('',*,*,#373,.T.);
#501 = ORIENTED_EDGE('',*,*,#478,.F.);
#502 = PLANE('',#503);
#503 = AXIS2_PLACEMENT_3D('',#504,#505,#506);
#504 = CARTESIAN_POINT('',(0.,-10.5,15.));
#505 = DIRECTION('',(-1.,-0.,-0.));
#506 = DIRECTION('',(0.,0.,-1.));
#507 = ADVANCED_FACE('',(#508),#519,.T.);
#508 = FACE_BOUND('',#509,.T.);
#509 = EDGE_LOOP('',(#510,#511,#517,#518));
#510 = ORIENTED_EDGE('',*,*,#310,.T.);
#511 = ORIENTED_EDGE('',*,*,#512,.T.);
#512 = EDGE_CURVE('',#311,#364,#513,.T.);
#513 = LINE('',#514,#515);
#514 = CARTESIAN_POINT('',(14.,-13.,0.));
#515 = VECTOR('',#516,1.);
#516 = DIRECTION('',(0.,0.,1.));
#517 = ORIENTED_EDGE('',*,*,#363,.T.);
#518 = ORIENTED_EDGE('',*,*,#495,.F.);
#519 = PLANE('',#520);
#520 = AXIS2_PLACEMENT_3D('',#521,#522,#523);
#521 = CARTESIAN_POINT('',(7.,-13.,15.));
#522 = DIRECTION('',(-0.,-1.,-0.));
#523 = DIRECTION('',(0.,0.,-1.));
#524 = ADVANCED_FACE('',(#525),#531,.T.);
#525 = FACE_BOUND('',#526,.T.);
#526 = EDGE_LOOP('',(#527,#528,#529,#530));
#527 = ORIENTED_EDGE('',*,*,#318,.T.);
#528 = ORIENTED_EDGE('',*,*,#349,.F.);
#529 = ORIENTED_EDGE('',*,*,#412,.T.);
#530 = ORIENTED_EDGE('',*,*,#512,.F.);
#531 = PLANE('',#532);
#532 = AXIS2_PLACEMENT_3D('',#533,#534,#535);
#533 = CARTESIAN_POINT('',(14.,0.,15.));
#534 = DIRECTION('',(1.,0.,0.));
#535 = DIRECTION('',(-0.,0.,1.));
#536 = ( GEOMETRIC_REPRESENTATION_CONTEXT(3) 
GLOBAL_UNCERTAINTY_ASSIGNED_CONTEXT((#540)) GLOBAL_UNIT_ASSIGNED_CONTEXT
((#537,#538,#539)) REPRESENTATION_CONTEXT('Context #1',
  '3D Context with UNIT and UNCERTAINTY') );
#537 = ( LENGTH_UNIT() NAMED_UNIT(*) SI_UNIT(.MILLI.,.METRE.) );
#538 = ( NAMED_UNIT(*) PLANE_ANGLE_UNIT() SI_UNIT($,.RADIAN.) );
#539 = ( NAMED_UNIT(*) SI_UNIT($,.STERADIAN.) SOLID_ANGLE_UNIT() );
#540 = UNCERTAINTY_MEASURE_WITH_UNIT(LENGTH_MEASURE(1.E-07),#537,
  'distance_accuracy_value','confusion accuracy');
#541 = CONTEXT_DEPENDENT_SHAPE_REPRESENTATION(#542,#544);
#542 = ( REPRESENTATION_RELATIONSHIP('','',#253,#10) 
REPRESENTATION_RELATIONSHIP_WITH_TRANSFORMATION(#543) 
SHAPE_REPRESENTATION_RELATIONSHIP() );
#543 = ITEM_DEFINED_TRANSFORMATION('','',#11,#23);
#544 = PRODUCT_DEFINITION_SHAPE('Placement','Placement of an item',#545
  );
#545 = NEXT_ASSEMBLY_USAGE_OCCURRENCE('3','polyhedron','',#5,#248,$);
#546 = PRODUCT_RELATED_PRODUCT_CATEGORY('part',$,(#250));
#547 = SHAPE_DEFINITION_REPRESENTATION(#548,#554);
#548 = PRODUCT_DEFINITION_SHAPE('','',#549);
#549 = PRODUCT_DEFINITION('design','',#550,#553);
#550 = PRODUCT_DEFINITION_FORMATION('','',#551);
#551 = PRODUCT('polyhedron001','polyhedron001','',(#552));
#552 = PRODUCT_CONTEXT('',#2,'mechanical');
#553 = PRODUCT_DEFINITION_CONTEXT('part definition',#2,'design');
#554 = ADVANCED_BREP_SHAPE_REPRESENTATION('',(#11,#555),#837);
#555 = MANIFOLD_SOLID_BREP('',#556);
#556 = CLOSED_SHELL('',(#557,#629,#660,#723,#740,#757,#774,#791,#808,
    #825));
#557 = ADVANCED_FACE('',(#558),#624,.F.);
#558 = FACE_BOUND('',#559,.F.);
#559 = EDGE_LOOP('',(#560,#570,#578,#586,#594,#602,#610,#618));
#560 = ORIENTED_EDGE('',*,*,#561,.T.);
#561 = EDGE_CURVE('',#562,#564,#566,.T.);
#562 = VERTEX_POINT('',#563);
#563 = CARTESIAN_POINT('',(14.,17.,0.));
#564 = VERTEX_POINT('',#565);
#565 = CARTESIAN_POINT('',(0.,17.,0.));
#566 = LINE('',#567,#568);
#567 = CARTESIAN_POINT('',(14.,17.,0.));
#568 = VECTOR('',#569,1.);
#569 = DIRECTION('',(-1.,0.,0.));
#570 = ORIENTED_EDGE('',*,*,#571,.T.);
#571 = EDGE_CURVE('',#564,#572,#574,.T.);
#572 = VERTEX_POINT('',#573);
#573 = CARTESIAN_POINT('',(0.,12.,0.));
#574 = LINE('',#575,#576);
#575 = CARTESIAN_POINT('',(0.,17.,0.));
#576 = VECTOR('',#577,1.);
#577 = DIRECTION('',(0.,-1.,0.));
#578 = ORIENTED_EDGE('',*,*,#579,.T.);
#579 = EDGE_CURVE('',#572,#580,#582,.T.);
#580 = VERTEX_POINT('',#581);
#581 = CARTESIAN_POINT('',(9.,5.,0.));
#582 = LINE('',#583,#584);
#583 = CARTESIAN_POINT('',(0.,12.,0.));
#584 = VECTOR('',#585,1.);
#585 = DIRECTION('',(0.789352217376,-0.613940613515,0.));
#586 = ORIENTED_EDGE('',*,*,#587,.T.);
#587 = EDGE_CURVE('',#580,#588,#590,.T.);
#588 = VERTEX_POINT('',#589);
#589 = CARTESIAN_POINT('',(9.,-5.,0.));
#590 = LINE('',#591,#592);
#591 = CARTESIAN_POINT('',(9.,5.,0.));
#592 = VECTOR('',#593,1.);
#593 = DIRECTION('',(0.,-1.,0.));
#594 = ORIENTED_EDGE('',*,*,#595,.T.);
#595 = EDGE_CURVE('',#588,#596,#598,.T.);
#596 = VERTEX_POINT('',#597);
#597 = CARTESIAN_POINT('',(0.,-12.,0.));
#598 = LINE('',#599,#600);
#599 = CARTESIAN_POINT('',(9.,-5.,0.));
#600 = VECTOR('',#601,1.);
#601 = DIRECTION('',(-0.789352217376,-0.613940613515,0.));
#602 = ORIENTED_EDGE('',*,*,#603,.T.);
#603 = EDGE_CURVE('',#596,#604,#606,.T.);
#604 = VERTEX_POINT('',#605);
#605 = CARTESIAN_POINT('',(0.,-17.,0.));
#606 = LINE('',#607,#608);
#607 = CARTESIAN_POINT('',(0.,-12.,0.));
#608 = VECTOR('',#609,1.);
#609 = DIRECTION('',(0.,-1.,0.));
#610 = ORIENTED_EDGE('',*,*,#611,.T.);
#611 = EDGE_CURVE('',#604,#612,#614,.T.);
#612 = VERTEX_POINT('',#613);
#613 = CARTESIAN_POINT('',(14.,-17.,0.));
#614 = LINE('',#615,#616);
#615 = CARTESIAN_POINT('',(0.,-17.,0.));
#616 = VECTOR('',#617,1.);
#617 = DIRECTION('',(1.,0.,0.));
#618 = ORIENTED_EDGE('',*,*,#619,.T.);
#619 = EDGE_CURVE('',#612,#562,#620,.T.);
#620 = LINE('',#621,#622);
#621 = CARTESIAN_POINT('',(14.,-17.,0.));
#622 = VECTOR('',#623,1.);
#623 = DIRECTION('',(0.,1.,0.));
#624 = PLANE('',#625);
#625 = AXIS2_PLACEMENT_3D('',#626,#627,#628);
#626 = CARTESIAN_POINT('',(8.249874461431,0.,0.));
#627 = DIRECTION('',(0.,0.,1.));
#628 = DIRECTION('',(1.,0.,-0.));
#629 = ADVANCED_FACE('',(#630),#655,.T.);
#630 = FACE_BOUND('',#631,.T.);
#631 = EDGE_LOOP('',(#632,#633,#641,#649));
#632 = ORIENTED_EDGE('',*,*,#561,.T.);
#633 = ORIENTED_EDGE('',*,*,#634,.T.);
#634 = EDGE_CURVE('',#564,#635,#637,.T.);
#635 = VERTEX_POINT('',#636);
#636 = CARTESIAN_POINT('',(0.,17.,30.));
#637 = LINE('',#638,#639);
#638 = CARTESIAN_POINT('',(0.,17.,0.));
#639 = VECTOR('',#640,1.);
#640 = DIRECTION('',(0.,0.,1.));
#641 = ORIENTED_EDGE('',*,*,#642,.T.);
#642 = EDGE_CURVE('',#635,#643,#645,.T.);
#643 = VERTEX_POINT('',#644);
#644 = CARTESIAN_POINT('',(14.,17.,30.));
#645 = LINE('',#646,#647);
#646 = CARTESIAN_POINT('',(0.,17.,30.));
#647 = VECTOR('',#648,1.);
#648 = DIRECTION('',(1.,0.,0.));
#649 = ORIENTED_EDGE('',*,*,#650,.T.);
#650 = EDGE_CURVE('',#643,#562,#651,.T.);
#651 = LINE('',#652,#653);
#652 = CARTESIAN_POINT('',(14.,17.,30.));
#653 = VECTOR('',#654,1.);
#654 = DIRECTION('',(0.,0.,-1.));
#655 = PLANE('',#656);
#656 = AXIS2_PLACEMENT_3D('',#657,#658,#659);
#657 = CARTESIAN_POINT('',(7.,17.,15.));
#658 = DIRECTION('',(0.,1.,0.));
#659 = DIRECTION('',(0.,-0.,1.));
#660 = ADVANCED_FACE('',(#661),#718,.F.);
#661 = FACE_BOUND('',#662,.F.);
#662 = EDGE_LOOP('',(#663,#673,#681,#689,#697,#705,#711,#712));
#663 = ORIENTED_EDGE('',*,*,#664,.T.);
#664 = EDGE_CURVE('',#665,#667,#669,.T.);
#665 = VERTEX_POINT('',#666);
#666 = CARTESIAN_POINT('',(14.,-17.,30.));
#667 = VERTEX_POINT('',#668);
#668 = CARTESIAN_POINT('',(0.,-17.,30.));
#669 = LINE('',#670,#671);
#670 = CARTESIAN_POINT('',(14.,-17.,30.));
#671 = VECTOR('',#672,1.);
#672 = DIRECTION('',(-1.,0.,0.));
#673 = ORIENTED_EDGE('',*,*,#674,.T.);
#674 = EDGE_CURVE('',#667,#675,#677,.T.);
#675 = VERTEX_POINT('',#676);
#676 = CARTESIAN_POINT('',(0.,-12.,30.));
#677 = LINE('',#678,#679);
#678 = CARTESIAN_POINT('',(0.,-17.,30.));
#679 = VECTOR('',#680,1.);
#680 = DIRECTION('',(0.,1.,0.));
#681 = ORIENTED_EDGE('',*,*,#682,.T.);
#682 = EDGE_CURVE('',#675,#683,#685,.T.);
#683 = VERTEX_POINT('',#684);
#684 = CARTESIAN_POINT('',(9.,-5.,30.));
#685 = LINE('',#686,#687);
#686 = CARTESIAN_POINT('',(0.,-12.,30.));
#687 = VECTOR('',#688,1.);
#688 = DIRECTION('',(0.789352217376,0.613940613515,0.));
#689 = ORIENTED_EDGE('',*,*,#690,.T.);
#690 = EDGE_CURVE('',#683,#691,#693,.T.);
#691 = VERTEX_POINT('',#692);
#692 = CARTESIAN_POINT('',(9.,5.,30.));
#693 = LINE('',#694,#695);
#694 = CARTESIAN_POINT('',(9.,-5.,30.));
#695 = VECTOR('',#696,1.);
#696 = DIRECTION('',(0.,1.,0.));
#697 = ORIENTED_EDGE('',*,*,#698,.T.);
#698 = EDGE_CURVE('',#691,#699,#701,.T.);
#699 = VERTEX_POINT('',#700);
#700 = CARTESIAN_POINT('',(0.,12.,30.));
#701 = LINE('',#702,#703);
#702 = CARTESIAN_POINT('',(9.,5.,30.));
#703 = VECTOR('',#704,1.);
#704 = DIRECTION('',(-0.789352217376,0.613940613515,0.));
#705 = ORIENTED_EDGE('',*,*,#706,.T.);
#706 = EDGE_CURVE('',#699,#635,#707,.T.);
#707 = LINE('',#708,#709);
#708 = CARTESIAN_POINT('',(0.,12.,30.));
#709 = VECTOR('',#710,1.);
#710 = DIRECTION('',(0.,1.,0.));
#711 = ORIENTED_EDGE('',*,*,#642,.T.);
#712 = ORIENTED_EDGE('',*,*,#713,.T.);
#713 = EDGE_CURVE('',#643,#665,#714,.T.);
#714 = LINE('',#715,#716);
#715 = CARTESIAN_POINT('',(14.,17.,30.));
#716 = VECTOR('',#717,1.);
#717 = DIRECTION('',(0.,-1.,0.));
#718 = PLANE('',#719);
#719 = AXIS2_PLACEMENT_3D('',#720,#721,#722);
#720 = CARTESIAN_POINT('',(8.249874461431,0.,30.));
#721 = DIRECTION('',(-0.,-0.,-1.));
#722 = DIRECTION('',(-1.,0.,0.));
#723 = ADVANCED_FACE('',(#724),#735,.T.);
#724 = FACE_BOUND('',#725,.T.);
#725 = EDGE_LOOP('',(#726,#727,#733,#734));
#726 = ORIENTED_EDGE('',*,*,#571,.T.);
#727 = ORIENTED_EDGE('',*,*,#728,.T.);
#728 = EDGE_CURVE('',#572,#699,#729,.T.);
#729 = LINE('',#730,#731);
#730 = CARTESIAN_POINT('',(0.,12.,0.));
#731 = VECTOR('',#732,1.);
#732 = DIRECTION('',(0.,0.,1.));
#733 = ORIENTED_EDGE('',*,*,#706,.T.);
#734 = ORIENTED_EDGE('',*,*,#634,.F.);
#735 = PLANE('',#736);
#736 = AXIS2_PLACEMENT_3D('',#737,#738,#739);
#737 = CARTESIAN_POINT('',(0.,14.5,15.));
#738 = DIRECTION('',(-1.,-0.,-0.));
#739 = DIRECTION('',(0.,0.,-1.));
#740 = ADVANCED_FACE('',(#741),#752,.T.);
#741 = FACE_BOUND('',#742,.T.);
#742 = EDGE_LOOP('',(#743,#744,#750,#751));
#743 = ORIENTED_EDGE('',*,*,#579,.T.);
#744 = ORIENTED_EDGE('',*,*,#745,.T.);
#745 = EDGE_CURVE('',#580,#691,#746,.T.);
#746 = LINE('',#747,#748);
#747 = CARTESIAN_POINT('',(9.,5.,0.));
#748 = VECTOR('',#749,1.);
#749 = DIRECTION('',(0.,0.,1.));
#750 = ORIENTED_EDGE('',*,*,#698,.T.);
#751 = ORIENTED_EDGE('',*,*,#728,.F.);
#752 = PLANE('',#753);
#753 = AXIS2_PLACEMENT_3D('',#754,#755,#756);
#754 = CARTESIAN_POINT('',(4.5,8.5,15.));
#755 = DIRECTION('',(-0.613940613515,-0.789352217376,-0.));
#756 = DIRECTION('',(-0.789352217376,0.613940613515,0.));
#757 = ADVANCED_FACE('',(#758),#769,.T.);
#758 = FACE_BOUND('',#759,.T.);
#759 = EDGE_LOOP('',(#760,#761,#767,#768));
#760 = ORIENTED_EDGE('',*,*,#587,.T.);
#761 = ORIENTED_EDGE('',*,*,#762,.T.);
#762 = EDGE_CURVE('',#588,#683,#763,.T.);
#763 = LINE('',#764,#765);
#764 = CARTESIAN_POINT('',(9.,-5.,0.));
#765 = VECTOR('',#766,1.);
#766 = DIRECTION('',(0.,0.,1.));
#767 = ORIENTED_EDGE('',*,*,#690,.T.);
#768 = ORIENTED_EDGE('',*,*,#745,.F.);
#769 = PLANE('',#770);
#770 = AXIS2_PLACEMENT_3D('',#771,#772,#773);
#771 = CARTESIAN_POINT('',(9.,0.,15.));
#772 = DIRECTION('',(-1.,-0.,-0.));
#773 = DIRECTION('',(0.,0.,-1.));
#774 = ADVANCED_FACE('',(#775),#786,.T.);
#775 = FACE_BOUND('',#776,.T.);
#776 = EDGE_LOOP('',(#777,#778,#784,#785));
#777 = ORIENTED_EDGE('',*,*,#595,.T.);
#778 = ORIENTED_EDGE('',*,*,#779,.T.);
#779 = EDGE_CURVE('',#596,#675,#780,.T.);
#780 = LINE('',#781,#782);
#781 = CARTESIAN_POINT('',(0.,-12.,0.));
#782 = VECTOR('',#783,1.);
#783 = DIRECTION('',(0.,0.,1.));
#784 = ORIENTED_EDGE('',*,*,#682,.T.);
#785 = ORIENTED_EDGE('',*,*,#762,.F.);
#786 = PLANE('',#787);
#787 = AXIS2_PLACEMENT_3D('',#788,#789,#790);
#788 = CARTESIAN_POINT('',(4.5,-8.5,15.));
#789 = DIRECTION('',(-0.613940613515,0.789352217376,0.));
#790 = DIRECTION('',(0.789352217376,0.613940613515,0.));
#791 = ADVANCED_FACE('',(#792),#803,.T.);
#792 = FACE_BOUND('',#793,.T.);
#793 = EDGE_LOOP('',(#794,#795,#801,#802));
#794 = ORIENTED_EDGE('',*,*,#603,.T.);
#795 = ORIENTED_EDGE('',*,*,#796,.T.);
#796 = EDGE_CURVE('',#604,#667,#797,.T.);
#797 = LINE('',#798,#799);
#798 = CARTESIAN_POINT('',(0.,-17.,0.));
#799 = VECTOR('',#800,1.);
#800 = DIRECTION('',(0.,0.,1.));
#801 = ORIENTED_EDGE('',*,*,#674,.T.);
#802 = ORIENTED_EDGE('',*,*,#779,.F.);
#803 = PLANE('',#804);
#804 = AXIS2_PLACEMENT_3D('',#805,#806,#807);
#805 = CARTESIAN_POINT('',(0.,-14.5,15.));
#806 = DIRECTION('',(-1.,-0.,-0.));
#807 = DIRECTION('',(0.,0.,-1.));
#808 = ADVANCED_FACE('',(#809),#820,.T.);
#809 = FACE_BOUND('',#810,.T.);
#810 = EDGE_LOOP('',(#811,#812,#818,#819));
#811 = ORIENTED_EDGE('',*,*,#611,.T.);
#812 = ORIENTED_EDGE('',*,*,#813,.T.);
#813 = EDGE_CURVE('',#612,#665,#814,.T.);
#814 = LINE('',#815,#816);
#815 = CARTESIAN_POINT('',(14.,-17.,0.));
#816 = VECTOR('',#817,1.);
#817 = DIRECTION('',(0.,0.,1.));
#818 = ORIENTED_EDGE('',*,*,#664,.T.);
#819 = ORIENTED_EDGE('',*,*,#796,.F.);
#820 = PLANE('',#821);
#821 = AXIS2_PLACEMENT_3D('',#822,#823,#824);
#822 = CARTESIAN_POINT('',(7.,-17.,15.));
#823 = DIRECTION('',(-0.,-1.,-0.));
#824 = DIRECTION('',(0.,0.,-1.));
#825 = ADVANCED_FACE('',(#826),#832,.T.);
#826 = FACE_BOUND('',#827,.T.);
#827 = EDGE_LOOP('',(#828,#829,#830,#831));
#828 = ORIENTED_EDGE('',*,*,#619,.T.);
#829 = ORIENTED_EDGE('',*,*,#650,.F.);
#830 = ORIENTED_EDGE('',*,*,#713,.T.);
#831 = ORIENTED_EDGE('',*,*,#813,.F.);
#832 = PLANE('',#833);
#833 = AXIS2_PLACEMENT_3D('',#834,#835,#836);
#834 = CARTESIAN_POINT('',(14.,0.,15.));
#835 = DIRECTION('',(1.,0.,0.));
#836 = DIRECTION('',(-0.,0.,1.));
#837 = ( GEOMETRIC_REPRESENTATION_CONTEXT(3) 
GLOBAL_UNCERTAINTY_ASSIGNED_CONTEXT((#841)) GLOBAL_UNIT_ASSIGNED_CONTEXT
((#838,#839,#840)) REPRESENTATION_CONTEXT('Context #1',
  '3D Context with UNIT and UNCERTAINTY') );
#838 = ( LENGTH_UNIT() NAMED_UNIT(*) SI_UNIT(.MILLI.,.METRE.) );
#839 = ( NAMED_UNIT(*) PLANE_ANGLE_UNIT() SI_UNIT($,.RADIAN.) );
#840 = ( NAMED_UNIT(*) SI_UNIT($,.STERADIAN.) SOLID_ANGLE_UNIT() );
#841 = UNCERTAINTY_MEASURE_WITH_UNIT(LENGTH_MEASURE(1.E-07),#838,
  'distance_accuracy_value','confusion accuracy');
#842 = CONTEXT_DEPENDENT_SHAPE_REPRESENTATION(#843,#845);
#843 = ( REPRESENTATION_RELATIONSHIP('','',#554,#10) 
REPRESENTATION_RELATIONSHIP_WITH_TRANSFORMATION(#844) 
SHAPE_REPRESENTATION_RELATIONSHIP() );
#844 = ITEM_DEFINED_TRANSFORMATION('','',#11,#27);
#845 = PRODUCT_DEFINITION_SHAPE('Placement','Placement of an item',#846
  );
#846 = NEXT_ASSEMBLY_USAGE_OCCURRENCE('4','polyhedron001','',#5,#549,$);
#847 = PRODUCT_RELATED_PRODUCT_CATEGORY('part',$,(#551));
#848 = SHAPE_DEFINITION_REPRESENTATION(#849,#855);
#849 = PRODUCT_DEFINITION_SHAPE('','',#850);
#850 = PRODUCT_DEFINITION('design','',#851,#854);
#851 = PRODUCT_DEFINITION_FORMATION('','',#852);
#852 = PRODUCT('difference001','difference001','',(#853));
#853 = PRODUCT_CONTEXT('',#2,'mechanical');
#854 = PRODUCT_DEFINITION_CONTEXT('part definition',#2,'design');
#855 = ADVANCED_BREP_SHAPE_REPRESENTATION('',(#11,#856),#1441);
#856 = MANIFOLD_SOLID_BREP('',#857);
#857 = CLOSED_SHELL('',(#858,#927,#969,#1055,#1079,#1154,#1197,#1231,
    #1266,#1292,#1320,#1346,#1365,#1398,#1420,#1432));
#858 = ADVANCED_FACE('',(#859),#922,.T.);
#859 = FACE_BOUND('',#860,.F.);
#860 = EDGE_LOOP('',(#861,#871,#880,#889,#898,#906,#915));
#861 = ORIENTED_EDGE('',*,*,#862,.F.);
#862 = EDGE_CURVE('',#863,#865,#867,.T.);
#863 = VERTEX_POINT('',#864);
#864 = CARTESIAN_POINT('',(8.,4.,1.142857142857));
#865 = VERTEX_POINT('',#866);
#866 = CARTESIAN_POINT('',(8.,4.,-5.));
#867 = LINE('',#868,#869);
#868 = CARTESIAN_POINT('',(8.,4.,-5.));
#869 = VECTOR('',#870,1.);
#870 = DIRECTION('',(-0.,-0.,-1.));
#871 = ORIENTED_EDGE('',*,*,#872,.F.);
#872 = EDGE_CURVE('',#873,#863,#875,.T.);
#873 = VERTEX_POINT('',#874);
#874 = CARTESIAN_POINT('',(12.,8.,-4.));
#875 = ELLIPSE('',#876,6.515288143424,4.);
#876 = AXIS2_PLACEMENT_3D('',#877,#878,#879);
#877 = CARTESIAN_POINT('',(8.,8.,1.142857142857));
#878 = DIRECTION('',(-0.789352217376,-0.,-0.613940613515));
#879 = DIRECTION('',(0.613940613515,0.,-0.789352217376));
#880 = ORIENTED_EDGE('',*,*,#881,.F.);
#881 = EDGE_CURVE('',#882,#873,#884,.T.);
#882 = VERTEX_POINT('',#883);
#883 = CARTESIAN_POINT('',(10.559467294288,11.073943260614,
    -2.147886521227));
#884 = ELLIPSE('',#885,6.515288143424,4.);
#885 = AXIS2_PLACEMENT_3D('',#886,#887,#888);
#886 = CARTESIAN_POINT('',(8.,8.,1.142857142857));
#887 = DIRECTION('',(-0.789352217376,-0.,-0.613940613515));
#888 = DIRECTION('',(0.613940613515,0.,-0.789352217376));
#889 = ORIENTED_EDGE('',*,*,#890,.F.);
#890 = EDGE_CURVE('',#891,#882,#893,.T.);
#891 = VERTEX_POINT('',#892);
#892 = CARTESIAN_POINT('',(8.,12.,-4.));
#893 = ELLIPSE('',#894,8.944271909999,4.);
#894 = AXIS2_PLACEMENT_3D('',#895,#896,#897);
#895 = CARTESIAN_POINT('',(8.,8.,4.));
#896 = DIRECTION('',(9.930136612989E-17,-0.894427191,-0.4472135955));
#897 = DIRECTION('',(-4.965068306495E-17,0.4472135955,-0.894427191));
#898 = ORIENTED_EDGE('',*,*,#899,.F.);
#899 = EDGE_CURVE('',#900,#891,#902,.T.);
#900 = VERTEX_POINT('',#901);
#901 = CARTESIAN_POINT('',(8.,12.,-5.));
#902 = LINE('',#903,#904);
#903 = CARTESIAN_POINT('',(8.,12.,-5.));
#904 = VECTOR('',#905,1.);
#905 = DIRECTION('',(0.,0.,1.));
#906 = ORIENTED_EDGE('',*,*,#907,.F.);
#907 = EDGE_CURVE('',#908,#900,#910,.T.);
#908 = VERTEX_POINT('',#909);
#909 = CARTESIAN_POINT('',(12.,8.,-5.));
#910 = CIRCLE('',#911,4.);
#911 = AXIS2_PLACEMENT_3D('',#912,#913,#914);
#912 = CARTESIAN_POINT('',(8.,8.,-5.));
#913 = DIRECTION('',(0.,0.,1.));
#914 = DIRECTION('',(1.,0.,0.));
#915 = ORIENTED_EDGE('',*,*,#916,.F.);
#916 = EDGE_CURVE('',#865,#908,#917,.T.);
#917 = CIRCLE('',#918,4.);
#918 = AXIS2_PLACEMENT_3D('',#919,#920,#921);
#919 = CARTESIAN_POINT('',(8.,8.,-5.));
#920 = DIRECTION('',(0.,0.,1.));
#921 = DIRECTION('',(1.,0.,0.));
#922 = CYLINDRICAL_SURFACE('',#923,4.);
#923 = AXIS2_PLACEMENT_3D('',#924,#925,#926);
#924 = CARTESIAN_POINT('',(8.,8.,-5.));
#925 = DIRECTION('',(-0.,-0.,-1.));
#926 = DIRECTION('',(1.,0.,0.));
#927 = ADVANCED_FACE('',(#928),#964,.F.);
#928 = FACE_BOUND('',#929,.T.);
#929 = EDGE_LOOP('',(#930,#931,#940,#949,#957));
#930 = ORIENTED_EDGE('',*,*,#862,.F.);
#931 = ORIENTED_EDGE('',*,*,#932,.F.);
#932 = EDGE_CURVE('',#933,#863,#935,.T.);
#933 = VERTEX_POINT('',#934);
#934 = CARTESIAN_POINT('',(6.791322082992,3.813016875512,2.696871607582)
  );
#935 = ELLIPSE('',#936,6.515288143424,4.);
#936 = AXIS2_PLACEMENT_3D('',#937,#938,#939);
#937 = CARTESIAN_POINT('',(8.,0.,1.142857142857));
#938 = DIRECTION('',(-0.789352217376,0.,-0.613940613515));
#939 = DIRECTION('',(0.613940613515,0.,-0.789352217376));
#940 = ORIENTED_EDGE('',*,*,#941,.F.);
#941 = EDGE_CURVE('',#942,#933,#944,.T.);
#942 = VERTEX_POINT('',#943);
#943 = CARTESIAN_POINT('',(4.,-9.797174393179E-16,-0.571428571429));
#944 = ELLIPSE('',#945,5.268311118453,4.);
#945 = AXIS2_PLACEMENT_3D('',#946,#947,#948);
#946 = CARTESIAN_POINT('',(8.,0.,-0.571428571429));
#947 = DIRECTION('',(1.685888323089E-16,0.650791373456,-0.759256602365)
  );
#948 = DIRECTION('',(-1.966869710271E-16,-0.759256602365,-0.650791373456
    ));
#949 = ORIENTED_EDGE('',*,*,#950,.F.);
#950 = EDGE_CURVE('',#951,#942,#953,.T.);
#951 = VERTEX_POINT('',#952);
#952 = CARTESIAN_POINT('',(4.,-9.797174393179E-16,-5.));
#953 = LINE('',#954,#955);
#954 = CARTESIAN_POINT('',(4.,-9.797174393179E-16,-5.));
#955 = VECTOR('',#956,1.);
#956 = DIRECTION('',(0.,0.,1.));
#957 = ORIENTED_EDGE('',*,*,#958,.T.);
#958 = EDGE_CURVE('',#951,#865,#959,.T.);
#959 = CIRCLE('',#960,4.);
#960 = AXIS2_PLACEMENT_3D('',#961,#962,#963);
#961 = CARTESIAN_POINT('',(8.,0.,-5.));
#962 = DIRECTION('',(0.,0.,-1.));
#963 = DIRECTION('',(1.,0.,0.));
#964 = CYLINDRICAL_SURFACE('',#965,4.);
#965 = AXIS2_PLACEMENT_3D('',#966,#967,#968);
#966 = CARTESIAN_POINT('',(8.,0.,-5.5));
#967 = DIRECTION('',(-0.,-0.,-1.));
#968 = DIRECTION('',(1.,0.,0.));
#969 = ADVANCED_FACE('',(#970,#1008,#1028,#1039),#1050,.T.);
#970 = FACE_BOUND('',#971,.T.);
#971 = EDGE_LOOP('',(#972,#983,#992,#998,#999,#1000,#1001));
#972 = ORIENTED_EDGE('',*,*,#973,.F.);
#973 = EDGE_CURVE('',#974,#976,#978,.T.);
#974 = VERTEX_POINT('',#975);
#975 = CARTESIAN_POINT('',(-8.,4.,-5.));
#976 = VERTEX_POINT('',#977);
#977 = CARTESIAN_POINT('',(-4.,-1.09889194683E-13,-5.));
#978 = CIRCLE('',#979,4.);
#979 = AXIS2_PLACEMENT_3D('',#980,#981,#982);
#980 = CARTESIAN_POINT('',(-8.,0.,-5.));
#981 = DIRECTION('',(0.,0.,-1.));
#982 = DIRECTION('',(1.,0.,0.));
#983 = ORIENTED_EDGE('',*,*,#984,.F.);
#984 = EDGE_CURVE('',#985,#974,#987,.T.);
#985 = VERTEX_POINT('',#986);
#986 = CARTESIAN_POINT('',(-8.,12.,-5.));
#987 = CIRCLE('',#988,4.);
#988 = AXIS2_PLACEMENT_3D('',#989,#990,#991);
#989 = CARTESIAN_POINT('',(-8.,8.,-5.));
#990 = DIRECTION('',(0.,0.,1.));
#991 = DIRECTION('',(1.,0.,0.));
#992 = ORIENTED_EDGE('',*,*,#993,.T.);
#993 = EDGE_CURVE('',#985,#900,#994,.T.);
#994 = LINE('',#995,#996);
#995 = CARTESIAN_POINT('',(-8.,12.,-5.));
#996 = VECTOR('',#997,1.);
#997 = DIRECTION('',(1.,0.,0.));
#998 = ORIENTED_EDGE('',*,*,#907,.F.);
#999 = ORIENTED_EDGE('',*,*,#916,.F.);
#1000 = ORIENTED_EDGE('',*,*,#958,.F.);
#1001 = ORIENTED_EDGE('',*,*,#1002,.F.);
#1002 = EDGE_CURVE('',#976,#951,#1003,.T.);
#1003 = CIRCLE('',#1004,4.);
#1004 = AXIS2_PLACEMENT_3D('',#1005,#1006,#1007);
#1005 = CARTESIAN_POINT('',(0.,0.,-5.));
#1006 = DIRECTION('',(0.,0.,1.));
#1007 = DIRECTION('',(1.,0.,0.));
#1008 = FACE_BOUND('',#1009,.T.);
#1009 = EDGE_LOOP('',(#1010,#1021));
#1010 = ORIENTED_EDGE('',*,*,#1011,.F.);
#1011 = EDGE_CURVE('',#1012,#1014,#1016,.T.);
#1012 = VERTEX_POINT('',#1013);
#1013 = CARTESIAN_POINT('',(-1.5,0.,-5.));
#1014 = VERTEX_POINT('',#1015);
#1015 = CARTESIAN_POINT('',(1.5,-1.836970198721E-16,-5.));
#1016 = CIRCLE('',#1017,1.5);
#1017 = AXIS2_PLACEMENT_3D('',#1018,#1019,#1020);
#1018 = CARTESIAN_POINT('',(0.,0.,-5.));
#1019 = DIRECTION('',(0.,0.,-1.));
#1020 = DIRECTION('',(1.,0.,0.));
#1021 = ORIENTED_EDGE('',*,*,#1022,.F.);
#1022 = EDGE_CURVE('',#1014,#1012,#1023,.T.);
#1023 = CIRCLE('',#1024,1.5);
#1024 = AXIS2_PLACEMENT_3D('',#1025,#1026,#1027);
#1025 = CARTESIAN_POINT('',(0.,0.,-5.));
#1026 = DIRECTION('',(0.,0.,-1.));
#1027 = DIRECTION('',(1.,0.,0.));
#1028 = FACE_BOUND('',#1029,.T.);
#1029 = EDGE_LOOP('',(#1030));
#1030 = ORIENTED_EDGE('',*,*,#1031,.F.);
#1031 = EDGE_CURVE('',#1032,#1032,#1034,.T.);
#1032 = VERTEX_POINT('',#1033);
#1033 = CARTESIAN_POINT('',(9.7,8.,-5.));
#1034 = CIRCLE('',#1035,1.7);
#1035 = AXIS2_PLACEMENT_3D('',#1036,#1037,#1038);
#1036 = CARTESIAN_POINT('',(8.,8.,-5.));
#1037 = DIRECTION('',(0.,0.,-1.));
#1038 = DIRECTION('',(1.,0.,0.));
#1039 = FACE_BOUND('',#1040,.T.);
#1040 = EDGE_LOOP('',(#1041));
#1041 = ORIENTED_EDGE('',*,*,#1042,.F.);
#1042 = EDGE_CURVE('',#1043,#1043,#1045,.T.);
#1043 = VERTEX_POINT('',#1044);
#1044 = CARTESIAN_POINT('',(-6.3,8.,-5.));
#1045 = CIRCLE('',#1046,1.7);
#1046 = AXIS2_PLACEMENT_3D('',#1047,#1048,#1049);
#1047 = CARTESIAN_POINT('',(-8.,8.,-5.));
#1048 = DIRECTION('',(0.,0.,-1.));
#1049 = DIRECTION('',(1.,0.,0.));
#1050 = PLANE('',#1051);
#1051 = AXIS2_PLACEMENT_3D('',#1052,#1053,#1054);
#1052 = CARTESIAN_POINT('',(9.621467360742E-02,5.490434144899,-5.));
#1053 = DIRECTION('',(-0.,-0.,-1.));
#1054 = DIRECTION('',(-1.,0.,0.));
#1055 = ADVANCED_FACE('',(#1056),#1074,.T.);
#1056 = FACE_BOUND('',#1057,.T.);
#1057 = EDGE_LOOP('',(#1058,#1059,#1067,#1073));
#1058 = ORIENTED_EDGE('',*,*,#993,.F.);
#1059 = ORIENTED_EDGE('',*,*,#1060,.T.);
#1060 = EDGE_CURVE('',#985,#1061,#1063,.T.);
#1061 = VERTEX_POINT('',#1062);
#1062 = CARTESIAN_POINT('',(-8.,12.,-4.));
#1063 = LINE('',#1064,#1065);
#1064 = CARTESIAN_POINT('',(-8.,12.,-5.));
#1065 = VECTOR('',#1066,1.);
#1066 = DIRECTION('',(0.,0.,1.));
#1067 = ORIENTED_EDGE('',*,*,#1068,.F.);
#1068 = EDGE_CURVE('',#891,#1061,#1069,.T.);
#1069 = LINE('',#1070,#1071);
#1070 = CARTESIAN_POINT('',(15.,12.,-4.));
#1071 = VECTOR('',#1072,1.);
#1072 = DIRECTION('',(-1.,0.,-2.22044604925E-16));
#1073 = ORIENTED_EDGE('',*,*,#899,.F.);
#1074 = PLANE('',#1075);
#1075 = AXIS2_PLACEMENT_3D('',#1076,#1077,#1078);
#1076 = CARTESIAN_POINT('',(-8.,12.,-5.));
#1077 = DIRECTION('',(0.,1.,0.));
#1078 = DIRECTION('',(0.,0.,1.));
#1079 = ADVANCED_FACE('',(#1080),#1149,.F.);
#1080 = FACE_BOUND('',#1081,.F.);
#1081 = EDGE_LOOP('',(#1082,#1083,#1084,#1092,#1101,#1109,#1117,#1125,
    #1134,#1142));
#1082 = ORIENTED_EDGE('',*,*,#1068,.F.);
#1083 = ORIENTED_EDGE('',*,*,#890,.T.);
#1084 = ORIENTED_EDGE('',*,*,#1085,.F.);
#1085 = EDGE_CURVE('',#1086,#882,#1088,.T.);
#1086 = VERTEX_POINT('',#1087);
#1087 = CARTESIAN_POINT('',(8.361680283732,9.661080182399,0.677839635202
    ));
#1088 = LINE('',#1089,#1090);
#1089 = CARTESIAN_POINT('',(6.511231281198,8.471505823627,3.056988352745
    ));
#1090 = VECTOR('',#1091,1.);
#1091 = DIRECTION('',(0.571071911514,0.367117657402,-0.734235314803));
#1092 = ORIENTED_EDGE('',*,*,#1093,.F.);
#1093 = EDGE_CURVE('',#1094,#1086,#1096,.T.);
#1094 = VERTEX_POINT('',#1095);
#1095 = CARTESIAN_POINT('',(6.338680727098,8.36058046742,3.278839065159)
  );
#1096 = ELLIPSE('',#1097,3.80131556175,1.7);
#1097 = AXIS2_PLACEMENT_3D('',#1098,#1099,#1100);
#1098 = CARTESIAN_POINT('',(8.,8.,4.));
#1099 = DIRECTION('',(9.930136612989E-17,-0.894427191,-0.4472135955));
#1100 = DIRECTION('',(-4.965068306495E-17,0.4472135955,-0.894427191));
#1101 = ORIENTED_EDGE('',*,*,#1102,.F.);
#1102 = EDGE_CURVE('',#1103,#1094,#1105,.T.);
#1103 = VERTEX_POINT('',#1104);
#1104 = CARTESIAN_POINT('',(5.,7.5,5.));
#1105 = LINE('',#1106,#1107);
#1106 = CARTESIAN_POINT('',(6.511231281198,8.471505823627,3.056988352745
    ));
#1107 = VECTOR('',#1108,1.);
#1108 = DIRECTION('',(0.571071911514,0.367117657402,-0.734235314803));
#1109 = ORIENTED_EDGE('',*,*,#1110,.T.);
#1110 = EDGE_CURVE('',#1103,#1111,#1113,.T.);
#1111 = VERTEX_POINT('',#1112);
#1112 = CARTESIAN_POINT('',(-5.,7.5,5.));
#1113 = LINE('',#1114,#1115);
#1114 = CARTESIAN_POINT('',(15.,7.5,5.));
#1115 = VECTOR('',#1116,1.);
#1116 = DIRECTION('',(-1.,0.,-2.22044604925E-16));
#1117 = ORIENTED_EDGE('',*,*,#1118,.F.);
#1118 = EDGE_CURVE('',#1119,#1111,#1121,.T.);
#1119 = VERTEX_POINT('',#1120);
#1120 = CARTESIAN_POINT('',(-6.338680727098,8.36058046742,3.278839065159
    ));
#1121 = LINE('',#1122,#1123);
#1122 = CARTESIAN_POINT('',(-6.511231281198,8.471505823627,
    3.056988352745));
#1123 = VECTOR('',#1124,1.);
#1124 = DIRECTION('',(0.571071911514,-0.367117657402,0.734235314803));
#1125 = ORIENTED_EDGE('',*,*,#1126,.F.);
#1126 = EDGE_CURVE('',#1127,#1119,#1129,.T.);
#1127 = VERTEX_POINT('',#1128);
#1128 = CARTESIAN_POINT('',(-8.361680283732,9.661080182399,
    0.677839635202));
#1129 = ELLIPSE('',#1130,3.80131556175,1.7);
#1130 = AXIS2_PLACEMENT_3D('',#1131,#1132,#1133);
#1131 = CARTESIAN_POINT('',(-8.,8.,4.));
#1132 = DIRECTION('',(9.930136612989E-17,-0.894427191,-0.4472135955));
#1133 = DIRECTION('',(-4.965068306495E-17,0.4472135955,-0.894427191));
#1134 = ORIENTED_EDGE('',*,*,#1135,.F.);
#1135 = EDGE_CURVE('',#1136,#1127,#1138,.T.);
#1136 = VERTEX_POINT('',#1137);
#1137 = CARTESIAN_POINT('',(-10.55946729428,11.073943260614,
    -2.147886521227));
#1138 = LINE('',#1139,#1140);
#1139 = CARTESIAN_POINT('',(-6.511231281198,8.471505823627,
    3.056988352745));
#1140 = VECTOR('',#1141,1.);
#1141 = DIRECTION('',(0.571071911514,-0.367117657402,0.734235314803));
#1142 = ORIENTED_EDGE('',*,*,#1143,.T.);
#1143 = EDGE_CURVE('',#1136,#1061,#1144,.T.);
#1144 = ELLIPSE('',#1145,8.944271909999,4.);
#1145 = AXIS2_PLACEMENT_3D('',#1146,#1147,#1148);
#1146 = CARTESIAN_POINT('',(-8.,8.,4.));
#1147 = DIRECTION('',(9.930136612989E-17,-0.894427191,-0.4472135955));
#1148 = DIRECTION('',(-4.965068306495E-17,0.4472135955,-0.894427191));
#1149 = PLANE('',#1150);
#1150 = AXIS2_PLACEMENT_3D('',#1151,#1152,#1153);
#1151 = CARTESIAN_POINT('',(1.7763568394E-15,9.75,0.5));
#1152 = DIRECTION('',(9.930136612989E-17,-0.894427191,-0.4472135955));
#1153 = DIRECTION('',(1.986027322598E-16,0.4472135955,-0.894427191));
#1154 = ADVANCED_FACE('',(#1155),#1192,.F.);
#1155 = FACE_BOUND('',#1156,.F.);
#1156 = EDGE_LOOP('',(#1157,#1165,#1166,#1175,#1182,#1183,#1184,#1185,
    #1186));
#1157 = ORIENTED_EDGE('',*,*,#1158,.F.);
#1158 = EDGE_CURVE('',#1103,#1159,#1161,.T.);
#1159 = VERTEX_POINT('',#1160);
#1160 = CARTESIAN_POINT('',(5.,6.5,5.));
#1161 = LINE('',#1162,#1163);
#1162 = CARTESIAN_POINT('',(5.,19.,5.));
#1163 = VECTOR('',#1164,1.);
#1164 = DIRECTION('',(0.,-1.,0.));
#1165 = ORIENTED_EDGE('',*,*,#1102,.T.);
#1166 = ORIENTED_EDGE('',*,*,#1167,.F.);
#1167 = EDGE_CURVE('',#1168,#1094,#1170,.T.);
#1168 = VERTEX_POINT('',#1169);
#1169 = CARTESIAN_POINT('',(9.7,8.,-1.042857142857));
#1170 = ELLIPSE('',#1171,2.768997460955,1.7);
#1171 = AXIS2_PLACEMENT_3D('',#1172,#1173,#1174);
#1172 = CARTESIAN_POINT('',(8.,8.,1.142857142857));
#1173 = DIRECTION('',(-0.789352217376,0.,-0.613940613515));
#1174 = DIRECTION('',(0.613940613515,0.,-0.789352217376));
#1175 = ORIENTED_EDGE('',*,*,#1176,.F.);
#1176 = EDGE_CURVE('',#1086,#1168,#1177,.T.);
#1177 = ELLIPSE('',#1178,2.768997460955,1.7);
#1178 = AXIS2_PLACEMENT_3D('',#1179,#1180,#1181);
#1179 = CARTESIAN_POINT('',(8.,8.,1.142857142857));
#1180 = DIRECTION('',(-0.789352217376,0.,-0.613940613515));
#1181 = DIRECTION('',(0.613940613515,0.,-0.789352217376));
#1182 = ORIENTED_EDGE('',*,*,#1085,.T.);
#1183 = ORIENTED_EDGE('',*,*,#881,.T.);
#1184 = ORIENTED_EDGE('',*,*,#872,.T.);
#1185 = ORIENTED_EDGE('',*,*,#932,.F.);
#1186 = ORIENTED_EDGE('',*,*,#1187,.T.);
#1187 = EDGE_CURVE('',#933,#1159,#1188,.T.);
#1188 = LINE('',#1189,#1190);
#1189 = CARTESIAN_POINT('',(7.212539021852,3.181191467222,2.155306971904
    ));
#1190 = VECTOR('',#1191,1.);
#1191 = DIRECTION('',(-0.451612903226,0.677419354839,0.58064516129));
#1192 = PLANE('',#1193);
#1193 = AXIS2_PLACEMENT_3D('',#1194,#1195,#1196);
#1194 = CARTESIAN_POINT('',(8.5,4.,0.5));
#1195 = DIRECTION('',(-0.789352217376,0.,-0.613940613515));
#1196 = DIRECTION('',(-0.613940613515,0.,0.789352217376));
#1197 = ADVANCED_FACE('',(#1198),#1226,.T.);
#1198 = FACE_BOUND('',#1199,.F.);
#1199 = EDGE_LOOP('',(#1200,#1201,#1202,#1210,#1219));
#1200 = ORIENTED_EDGE('',*,*,#950,.F.);
#1201 = ORIENTED_EDGE('',*,*,#1002,.F.);
#1202 = ORIENTED_EDGE('',*,*,#1203,.F.);
#1203 = EDGE_CURVE('',#1204,#976,#1206,.T.);
#1204 = VERTEX_POINT('',#1205);
#1205 = CARTESIAN_POINT('',(-4.,0.,-0.571428571429));
#1206 = LINE('',#1207,#1208);
#1207 = CARTESIAN_POINT('',(-4.,0.,-5.));
#1208 = VECTOR('',#1209,1.);
#1209 = DIRECTION('',(-0.,-0.,-1.));
#1210 = ORIENTED_EDGE('',*,*,#1211,.F.);
#1211 = EDGE_CURVE('',#1212,#1204,#1214,.T.);
#1212 = VERTEX_POINT('',#1213);
#1213 = CARTESIAN_POINT('',(0.,-4.,-4.));
#1214 = ELLIPSE('',#1215,5.268311118453,4.);
#1215 = AXIS2_PLACEMENT_3D('',#1216,#1217,#1218);
#1216 = CARTESIAN_POINT('',(0.,0.,-0.571428571429));
#1217 = DIRECTION('',(1.685888323089E-16,0.650791373456,-0.759256602365)
  );
#1218 = DIRECTION('',(-1.966869710271E-16,-0.759256602365,
    -0.650791373456));
#1219 = ORIENTED_EDGE('',*,*,#1220,.F.);
#1220 = EDGE_CURVE('',#942,#1212,#1221,.T.);
#1221 = ELLIPSE('',#1222,5.268311118453,4.);
#1222 = AXIS2_PLACEMENT_3D('',#1223,#1224,#1225);
#1223 = CARTESIAN_POINT('',(0.,0.,-0.571428571429));
#1224 = DIRECTION('',(1.685888323089E-16,0.650791373456,-0.759256602365)
  );
#1225 = DIRECTION('',(-1.966869710271E-16,-0.759256602365,
    -0.650791373456));
#1226 = CYLINDRICAL_SURFACE('',#1227,4.);
#1227 = AXIS2_PLACEMENT_3D('',#1228,#1229,#1230);
#1228 = CARTESIAN_POINT('',(0.,0.,-5.));
#1229 = DIRECTION('',(-0.,-0.,-1.));
#1230 = DIRECTION('',(1.,0.,0.));
#1231 = ADVANCED_FACE('',(#1232),#1261,.F.);
#1232 = FACE_BOUND('',#1233,.F.);
#1233 = EDGE_LOOP('',(#1234,#1242,#1243,#1244,#1245,#1246,#1255));
#1234 = ORIENTED_EDGE('',*,*,#1235,.F.);
#1235 = EDGE_CURVE('',#1159,#1236,#1238,.T.);
#1236 = VERTEX_POINT('',#1237);
#1237 = CARTESIAN_POINT('',(-5.,6.5,5.));
#1238 = LINE('',#1239,#1240);
#1239 = CARTESIAN_POINT('',(15.,6.5,5.));
#1240 = VECTOR('',#1241,1.);
#1241 = DIRECTION('',(-1.,0.,-2.22044604925E-16));
#1242 = ORIENTED_EDGE('',*,*,#1187,.F.);
#1243 = ORIENTED_EDGE('',*,*,#941,.F.);
#1244 = ORIENTED_EDGE('',*,*,#1220,.T.);
#1245 = ORIENTED_EDGE('',*,*,#1211,.T.);
#1246 = ORIENTED_EDGE('',*,*,#1247,.F.);
#1247 = EDGE_CURVE('',#1248,#1204,#1250,.T.);
#1248 = VERTEX_POINT('',#1249);
#1249 = CARTESIAN_POINT('',(-6.791322082992,3.813016875512,
    2.696871607582));
#1250 = ELLIPSE('',#1251,5.268311118453,4.);
#1251 = AXIS2_PLACEMENT_3D('',#1252,#1253,#1254);
#1252 = CARTESIAN_POINT('',(-8.,0.,-0.571428571429));
#1253 = DIRECTION('',(1.685888323089E-16,0.650791373456,-0.759256602365)
  );
#1254 = DIRECTION('',(-1.966869710271E-16,-0.759256602365,
    -0.650791373456));
#1255 = ORIENTED_EDGE('',*,*,#1256,.F.);
#1256 = EDGE_CURVE('',#1236,#1248,#1257,.T.);
#1257 = LINE('',#1258,#1259);
#1258 = CARTESIAN_POINT('',(-7.212539021852,3.181191467222,
    2.155306971904));
#1259 = VECTOR('',#1260,1.);
#1260 = DIRECTION('',(-0.451612903226,-0.677419354839,-0.58064516129));
#1261 = PLANE('',#1262);
#1262 = AXIS2_PLACEMENT_3D('',#1263,#1264,#1265);
#1263 = CARTESIAN_POINT('',(0.,1.25,0.5));
#1264 = DIRECTION('',(1.685888323089E-16,0.650791373456,-0.759256602365)
  );
#1265 = DIRECTION('',(1.445047134076E-16,-0.759256602365,-0.650791373456
    ));
#1266 = ADVANCED_FACE('',(#1267),#1287,.F.);
#1267 = FACE_BOUND('',#1268,.T.);
#1268 = EDGE_LOOP('',(#1269,#1270,#1271,#1272,#1281));
#1269 = ORIENTED_EDGE('',*,*,#973,.T.);
#1270 = ORIENTED_EDGE('',*,*,#1203,.F.);
#1271 = ORIENTED_EDGE('',*,*,#1247,.F.);
#1272 = ORIENTED_EDGE('',*,*,#1273,.F.);
#1273 = EDGE_CURVE('',#1274,#1248,#1276,.T.);
#1274 = VERTEX_POINT('',#1275);
#1275 = CARTESIAN_POINT('',(-8.,4.,1.142857142857));
#1276 = ELLIPSE('',#1277,6.515288143424,4.);
#1277 = AXIS2_PLACEMENT_3D('',#1278,#1279,#1280);
#1278 = CARTESIAN_POINT('',(-8.,0.,1.142857142857));
#1279 = DIRECTION('',(0.789352217376,0.,-0.613940613515));
#1280 = DIRECTION('',(-0.613940613515,0.,-0.789352217376));
#1281 = ORIENTED_EDGE('',*,*,#1282,.T.);
#1282 = EDGE_CURVE('',#1274,#974,#1283,.T.);
#1283 = LINE('',#1284,#1285);
#1284 = CARTESIAN_POINT('',(-8.,4.,-5.));
#1285 = VECTOR('',#1286,1.);
#1286 = DIRECTION('',(-0.,-0.,-1.));
#1287 = CYLINDRICAL_SURFACE('',#1288,4.);
#1288 = AXIS2_PLACEMENT_3D('',#1289,#1290,#1291);
#1289 = CARTESIAN_POINT('',(-8.,0.,-5.5));
#1290 = DIRECTION('',(-0.,-0.,-1.));
#1291 = DIRECTION('',(1.,0.,0.));
#1292 = ADVANCED_FACE('',(#1293),#1315,.T.);
#1293 = FACE_BOUND('',#1294,.F.);
#1294 = EDGE_LOOP('',(#1295,#1296,#1297,#1298,#1307,#1314));
#1295 = ORIENTED_EDGE('',*,*,#984,.F.);
#1296 = ORIENTED_EDGE('',*,*,#1060,.T.);
#1297 = ORIENTED_EDGE('',*,*,#1143,.F.);
#1298 = ORIENTED_EDGE('',*,*,#1299,.F.);
#1299 = EDGE_CURVE('',#1300,#1136,#1302,.T.);
#1300 = VERTEX_POINT('',#1301);
#1301 = CARTESIAN_POINT('',(-12.,8.,-4.));
#1302 = ELLIPSE('',#1303,6.515288143424,4.);
#1303 = AXIS2_PLACEMENT_3D('',#1304,#1305,#1306);
#1304 = CARTESIAN_POINT('',(-8.,8.,1.142857142857));
#1305 = DIRECTION('',(0.789352217376,0.,-0.613940613515));
#1306 = DIRECTION('',(-0.613940613515,0.,-0.789352217376));
#1307 = ORIENTED_EDGE('',*,*,#1308,.F.);
#1308 = EDGE_CURVE('',#1274,#1300,#1309,.T.);
#1309 = ELLIPSE('',#1310,6.515288143424,4.);
#1310 = AXIS2_PLACEMENT_3D('',#1311,#1312,#1313);
#1311 = CARTESIAN_POINT('',(-8.,8.,1.142857142857));
#1312 = DIRECTION('',(0.789352217376,0.,-0.613940613515));
#1313 = DIRECTION('',(-0.613940613515,0.,-0.789352217376));
#1314 = ORIENTED_EDGE('',*,*,#1282,.T.);
#1315 = CYLINDRICAL_SURFACE('',#1316,4.);
#1316 = AXIS2_PLACEMENT_3D('',#1317,#1318,#1319);
#1317 = CARTESIAN_POINT('',(-8.,8.,-5.));
#1318 = DIRECTION('',(-0.,-0.,-1.));
#1319 = DIRECTION('',(1.,0.,0.));
#1320 = ADVANCED_FACE('',(#1321),#1341,.T.);
#1321 = FACE_BOUND('',#1322,.F.);
#1322 = EDGE_LOOP('',(#1323,#1332,#1338,#1339,#1340));
#1323 = ORIENTED_EDGE('',*,*,#1324,.F.);
#1324 = EDGE_CURVE('',#1325,#1325,#1327,.T.);
#1325 = VERTEX_POINT('',#1326);
#1326 = CARTESIAN_POINT('',(1.5,-3.673940397442E-16,-5.75));
#1327 = CIRCLE('',#1328,1.5);
#1328 = AXIS2_PLACEMENT_3D('',#1329,#1330,#1331);
#1329 = CARTESIAN_POINT('',(0.,0.,-5.75));
#1330 = DIRECTION('',(0.,0.,1.));
#1331 = DIRECTION('',(1.,0.,0.));
#1332 = ORIENTED_EDGE('',*,*,#1333,.T.);
#1333 = EDGE_CURVE('',#1325,#1014,#1334,.T.);
#1334 = LINE('',#1335,#1336);
#1335 = CARTESIAN_POINT('',(1.5,-3.673940397442E-16,-5.75));
#1336 = VECTOR('',#1337,1.);
#1337 = DIRECTION('',(0.,0.,1.));
#1338 = ORIENTED_EDGE('',*,*,#1011,.F.);
#1339 = ORIENTED_EDGE('',*,*,#1022,.F.);
#1340 = ORIENTED_EDGE('',*,*,#1333,.F.);
#1341 = CYLINDRICAL_SURFACE('',#1342,1.5);
#1342 = AXIS2_PLACEMENT_3D('',#1343,#1344,#1345);
#1343 = CARTESIAN_POINT('',(0.,0.,-5.75));
#1344 = DIRECTION('',(-0.,-0.,-1.));
#1345 = DIRECTION('',(1.,0.,0.));
#1346 = ADVANCED_FACE('',(#1347),#1360,.F.);
#1347 = FACE_BOUND('',#1348,.T.);
#1348 = EDGE_LOOP('',(#1349,#1350,#1356,#1357,#1358,#1359));
#1349 = ORIENTED_EDGE('',*,*,#1031,.T.);
#1350 = ORIENTED_EDGE('',*,*,#1351,.T.);
#1351 = EDGE_CURVE('',#1032,#1168,#1352,.T.);
#1352 = LINE('',#1353,#1354);
#1353 = CARTESIAN_POINT('',(9.7,8.,-5.5));
#1354 = VECTOR('',#1355,1.);
#1355 = DIRECTION('',(0.,0.,1.));
#1356 = ORIENTED_EDGE('',*,*,#1176,.F.);
#1357 = ORIENTED_EDGE('',*,*,#1093,.F.);
#1358 = ORIENTED_EDGE('',*,*,#1167,.F.);
#1359 = ORIENTED_EDGE('',*,*,#1351,.F.);
#1360 = CYLINDRICAL_SURFACE('',#1361,1.7);
#1361 = AXIS2_PLACEMENT_3D('',#1362,#1363,#1364);
#1362 = CARTESIAN_POINT('',(8.,8.,-5.5));
#1363 = DIRECTION('',(-0.,-0.,-1.));
#1364 = DIRECTION('',(1.,0.,0.));
#1365 = ADVANCED_FACE('',(#1366),#1393,.F.);
#1366 = FACE_BOUND('',#1367,.T.);
#1367 = EDGE_LOOP('',(#1368,#1369,#1377,#1384,#1385,#1392));
#1368 = ORIENTED_EDGE('',*,*,#1042,.T.);
#1369 = ORIENTED_EDGE('',*,*,#1370,.T.);
#1370 = EDGE_CURVE('',#1043,#1371,#1373,.T.);
#1371 = VERTEX_POINT('',#1372);
#1372 = CARTESIAN_POINT('',(-6.3,8.,3.328571428571));
#1373 = LINE('',#1374,#1375);
#1374 = CARTESIAN_POINT('',(-6.3,8.,-5.5));
#1375 = VECTOR('',#1376,1.);
#1376 = DIRECTION('',(0.,0.,1.));
#1377 = ORIENTED_EDGE('',*,*,#1378,.F.);
#1378 = EDGE_CURVE('',#1119,#1371,#1379,.T.);
#1379 = ELLIPSE('',#1380,2.768997460955,1.7);
#1380 = AXIS2_PLACEMENT_3D('',#1381,#1382,#1383);
#1381 = CARTESIAN_POINT('',(-8.,8.,1.142857142857));
#1382 = DIRECTION('',(0.789352217376,0.,-0.613940613515));
#1383 = DIRECTION('',(-0.613940613515,0.,-0.789352217376));
#1384 = ORIENTED_EDGE('',*,*,#1126,.F.);
#1385 = ORIENTED_EDGE('',*,*,#1386,.F.);
#1386 = EDGE_CURVE('',#1371,#1127,#1387,.T.);
#1387 = ELLIPSE('',#1388,2.768997460955,1.7);
#1388 = AXIS2_PLACEMENT_3D('',#1389,#1390,#1391);
#1389 = CARTESIAN_POINT('',(-8.,8.,1.142857142857));
#1390 = DIRECTION('',(0.789352217376,0.,-0.613940613515));
#1391 = DIRECTION('',(-0.613940613515,0.,-0.789352217376));
#1392 = ORIENTED_EDGE('',*,*,#1370,.F.);
#1393 = CYLINDRICAL_SURFACE('',#1394,1.7);
#1394 = AXIS2_PLACEMENT_3D('',#1395,#1396,#1397);
#1395 = CARTESIAN_POINT('',(-8.,8.,-5.5));
#1396 = DIRECTION('',(-0.,-0.,-1.));
#1397 = DIRECTION('',(1.,0.,0.));
#1398 = ADVANCED_FACE('',(#1399),#1415,.F.);
#1399 = FACE_BOUND('',#1400,.F.);
#1400 = EDGE_LOOP('',(#1401,#1402,#1403,#1404,#1405,#1406,#1407,#1408,
    #1414));
#1401 = ORIENTED_EDGE('',*,*,#1273,.F.);
#1402 = ORIENTED_EDGE('',*,*,#1308,.T.);
#1403 = ORIENTED_EDGE('',*,*,#1299,.T.);
#1404 = ORIENTED_EDGE('',*,*,#1135,.T.);
#1405 = ORIENTED_EDGE('',*,*,#1386,.F.);
#1406 = ORIENTED_EDGE('',*,*,#1378,.F.);
#1407 = ORIENTED_EDGE('',*,*,#1118,.T.);
#1408 = ORIENTED_EDGE('',*,*,#1409,.T.);
#1409 = EDGE_CURVE('',#1111,#1236,#1410,.T.);
#1410 = LINE('',#1411,#1412);
#1411 = CARTESIAN_POINT('',(-5.,19.,5.));
#1412 = VECTOR('',#1413,1.);
#1413 = DIRECTION('',(0.,-1.,0.));
#1414 = ORIENTED_EDGE('',*,*,#1256,.T.);
#1415 = PLANE('',#1416);
#1416 = AXIS2_PLACEMENT_3D('',#1417,#1418,#1419);
#1417 = CARTESIAN_POINT('',(-8.5,4.,0.5));
#1418 = DIRECTION('',(0.789352217376,0.,-0.613940613515));
#1419 = DIRECTION('',(-0.613940613515,0.,-0.789352217376));
#1420 = ADVANCED_FACE('',(#1421),#1427,.T.);
#1421 = FACE_BOUND('',#1422,.T.);
#1422 = EDGE_LOOP('',(#1423,#1424,#1425,#1426));
#1423 = ORIENTED_EDGE('',*,*,#1158,.F.);
#1424 = ORIENTED_EDGE('',*,*,#1110,.T.);
#1425 = ORIENTED_EDGE('',*,*,#1409,.T.);
#1426 = ORIENTED_EDGE('',*,*,#1235,.F.);
#1427 = PLANE('',#1428);
#1428 = AXIS2_PLACEMENT_3D('',#1429,#1430,#1431);
#1429 = CARTESIAN_POINT('',(9.621467360742E-02,5.490434144899,5.));
#1430 = DIRECTION('',(0.,0.,1.));
#1431 = DIRECTION('',(1.,0.,0.));
#1432 = ADVANCED_FACE('',(#1433),#1436,.F.);
#1433 = FACE_BOUND('',#1434,.T.);
#1434 = EDGE_LOOP('',(#1435));
#1435 = ORIENTED_EDGE('',*,*,#1324,.F.);
#1436 = PLANE('',#1437);
#1437 = AXIS2_PLACEMENT_3D('',#1438,#1439,#1440);
#1438 = CARTESIAN_POINT('',(0.,0.,-5.75));
#1439 = DIRECTION('',(0.,0.,1.));
#1440 = DIRECTION('',(1.,0.,0.));
#1441 = ( GEOMETRIC_REPRESENTATION_CONTEXT(3) 
GLOBAL_UNCERTAINTY_ASSIGNED_CONTEXT((#1445)) 
GLOBAL_UNIT_ASSIGNED_CONTEXT((#1442,#1443,#1444)) REPRESENTATION_CONTEXT
('Context #1','3D Context with UNIT and UNCERTAINTY') );
#1442 = ( LENGTH_UNIT() NAMED_UNIT(*) SI_UNIT(.MILLI.,.METRE.) );
#1443 = ( NAMED_UNIT(*) PLANE_ANGLE_UNIT() SI_UNIT($,.RADIAN.) );
#1444 = ( NAMED_UNIT(*) SI_UNIT($,.STERADIAN.) SOLID_ANGLE_UNIT() );
#1445 = UNCERTAINTY_MEASURE_WITH_UNIT(LENGTH_MEASURE(1.E-05),#1442,
  'distance_accuracy_value','confusion accuracy');
#1446 = CONTEXT_DEPENDENT_SHAPE_REPRESENTATION(#1447,#1449);
#1447 = ( REPRESENTATION_RELATIONSHIP('','',#855,#10) 
REPRESENTATION_RELATIONSHIP_WITH_TRANSFORMATION(#1448) 
SHAPE_REPRESENTATION_RELATIONSHIP() );
#1448 = ITEM_DEFINED_TRANSFORMATION('','',#11,#31);
#1449 = PRODUCT_DEFINITION_SHAPE('Placement','Placement of an item',
  #1450);
#1450 = NEXT_ASSEMBLY_USAGE_OCCURRENCE('5','difference001','',#5,#850,$
  );
#1451 = PRODUCT_RELATED_PRODUCT_CATEGORY('part',$,(#852));
#1452 = SHAPE_DEFINITION_REPRESENTATION(#1453,#1459);
#1453 = PRODUCT_DEFINITION_SHAPE('','',#1454);
#1454 = PRODUCT_DEFINITION('design','',#1455,#1458);
#1455 = PRODUCT_DEFINITION_FORMATION('','',#1456);
#1456 = PRODUCT('union004','union004','',(#1457));
#1457 = PRODUCT_CONTEXT('',#2,'mechanical');
#1458 = PRODUCT_DEFINITION_CONTEXT('part definition',#2,'design');
#1459 = SHAPE_REPRESENTATION('',(#11,#1460,#1513),#1566);
#1460 = MANIFOLD_SOLID_BREP('',#1461);
#1461 = CLOSED_SHELL('',(#1462,#1495,#1504));
#1462 = ADVANCED_FACE('',(#1463),#1490,.T.);
#1463 = FACE_BOUND('',#1464,.F.);
#1464 = EDGE_LOOP('',(#1465,#1475,#1482,#1483));
#1465 = ORIENTED_EDGE('',*,*,#1466,.T.);
#1466 = EDGE_CURVE('',#1467,#1469,#1471,.T.);
#1467 = VERTEX_POINT('',#1468);
#1468 = CARTESIAN_POINT('',(9.7,8.,-4.5));
#1469 = VERTEX_POINT('',#1470);
#1470 = CARTESIAN_POINT('',(9.7,8.,4.5));
#1471 = LINE('',#1472,#1473);
#1472 = CARTESIAN_POINT('',(9.7,8.,-4.5));
#1473 = VECTOR('',#1474,1.);
#1474 = DIRECTION('',(0.,0.,1.));
#1475 = ORIENTED_EDGE('',*,*,#1476,.T.);
#1476 = EDGE_CURVE('',#1469,#1469,#1477,.T.);
#1477 = CIRCLE('',#1478,1.7);
#1478 = AXIS2_PLACEMENT_3D('',#1479,#1480,#1481);
#1479 = CARTESIAN_POINT('',(8.,8.,4.5));
#1480 = DIRECTION('',(0.,0.,1.));
#1481 = DIRECTION('',(1.,0.,0.));
#1482 = ORIENTED_EDGE('',*,*,#1466,.F.);
#1483 = ORIENTED_EDGE('',*,*,#1484,.F.);
#1484 = EDGE_CURVE('',#1467,#1467,#1485,.T.);
#1485 = CIRCLE('',#1486,1.7);
#1486 = AXIS2_PLACEMENT_3D('',#1487,#1488,#1489);
#1487 = CARTESIAN_POINT('',(8.,8.,-4.5));
#1488 = DIRECTION('',(0.,0.,1.));
#1489 = DIRECTION('',(1.,0.,0.));
#1490 = CYLINDRICAL_SURFACE('',#1491,1.7);
#1491 = AXIS2_PLACEMENT_3D('',#1492,#1493,#1494);
#1492 = CARTESIAN_POINT('',(8.,8.,-4.5));
#1493 = DIRECTION('',(-0.,-0.,-1.));
#1494 = DIRECTION('',(1.,0.,0.));
#1495 = ADVANCED_FACE('',(#1496),#1499,.F.);
#1496 = FACE_BOUND('',#1497,.T.);
#1497 = EDGE_LOOP('',(#1498));
#1498 = ORIENTED_EDGE('',*,*,#1484,.F.);
#1499 = PLANE('',#1500);
#1500 = AXIS2_PLACEMENT_3D('',#1501,#1502,#1503);
#1501 = CARTESIAN_POINT('',(8.,8.,-4.5));
#1502 = DIRECTION('',(0.,0.,1.));
#1503 = DIRECTION('',(1.,0.,0.));
#1504 = ADVANCED_FACE('',(#1505),#1508,.T.);
#1505 = FACE_BOUND('',#1506,.F.);
#1506 = EDGE_LOOP('',(#1507));
#1507 = ORIENTED_EDGE('',*,*,#1476,.F.);
#1508 = PLANE('',#1509);
#1509 = AXIS2_PLACEMENT_3D('',#1510,#1511,#1512);
#1510 = CARTESIAN_POINT('',(8.,8.,4.5));
#1511 = DIRECTION('',(0.,0.,1.));
#1512 = DIRECTION('',(1.,0.,0.));
#1513 = MANIFOLD_SOLID_BREP('',#1514);
#1514 = CLOSED_SHELL('',(#1515,#1548,#1557));
#1515 = ADVANCED_FACE('',(#1516),#1543,.T.);
#1516 = FACE_BOUND('',#1517,.F.);
#1517 = EDGE_LOOP('',(#1518,#1528,#1535,#1536));
#1518 = ORIENTED_EDGE('',*,*,#1519,.T.);
#1519 = EDGE_CURVE('',#1520,#1522,#1524,.T.);
#1520 = VERTEX_POINT('',#1521);
#1521 = CARTESIAN_POINT('',(-6.3,8.,-4.5));
#1522 = VERTEX_POINT('',#1523);
#1523 = CARTESIAN_POINT('',(-6.3,8.,4.5));
#1524 = LINE('',#1525,#1526);
#1525 = CARTESIAN_POINT('',(-6.3,8.,-4.5));
#1526 = VECTOR('',#1527,1.);
#1527 = DIRECTION('',(0.,0.,1.));
#1528 = ORIENTED_EDGE('',*,*,#1529,.T.);
#1529 = EDGE_CURVE('',#1522,#1522,#1530,.T.);
#1530 = CIRCLE('',#1531,1.7);
#1531 = AXIS2_PLACEMENT_3D('',#1532,#1533,#1534);
#1532 = CARTESIAN_POINT('',(-8.,8.,4.5));
#1533 = DIRECTION('',(0.,0.,1.));
#1534 = DIRECTION('',(1.,0.,0.));
#1535 = ORIENTED_EDGE('',*,*,#1519,.F.);
#1536 = ORIENTED_EDGE('',*,*,#1537,.F.);
#1537 = EDGE_CURVE('',#1520,#1520,#1538,.T.);
#1538 = CIRCLE('',#1539,1.7);
#1539 = AXIS2_PLACEMENT_3D('',#1540,#1541,#1542);
#1540 = CARTESIAN_POINT('',(-8.,8.,-4.5));
#1541 = DIRECTION('',(0.,0.,1.));
#1542 = DIRECTION('',(1.,0.,0.));
#1543 = CYLINDRICAL_SURFACE('',#1544,1.7);
#1544 = AXIS2_PLACEMENT_3D('',#1545,#1546,#1547);
#1545 = CARTESIAN_POINT('',(-8.,8.,-4.5));
#1546 = DIRECTION('',(-0.,-0.,-1.));
#1547 = DIRECTION('',(1.,0.,0.));
#1548 = ADVANCED_FACE('',(#1549),#1552,.F.);
#1549 = FACE_BOUND('',#1550,.T.);
#1550 = EDGE_LOOP('',(#1551));
#1551 = ORIENTED_EDGE('',*,*,#1537,.F.);
#1552 = PLANE('',#1553);
#1553 = AXIS2_PLACEMENT_3D('',#1554,#1555,#1556);
#1554 = CARTESIAN_POINT('',(-8.,8.,-4.5));
#1555 = DIRECTION('',(0.,0.,1.));
#1556 = DIRECTION('',(1.,0.,0.));
#1557 = ADVANCED_FACE('',(#1558),#1561,.T.);
#1558 = FACE_BOUND('',#1559,.F.);
#1559 = EDGE_LOOP('',(#1560));
#1560 = ORIENTED_EDGE('',*,*,#1529,.F.);
#1561 = PLANE('',#1562);
#1562 = AXIS2_PLACEMENT_3D('',#1563,#1564,#1565);
#1563 = CARTESIAN_POINT('',(-8.,8.,4.5));
#1564 = DIRECTION('',(0.,0.,1.));
#1565 = DIRECTION('',(1.,0.,0.));
#1566 = ( GEOMETRIC_REPRESENTATION_CONTEXT(3) 
GLOBAL_UNCERTAINTY_ASSIGNED_CONTEXT((#1570)) 
GLOBAL_UNIT_ASSIGNED_CONTEXT((#1567,#1568,#1569)) REPRESENTATION_CONTEXT
('Context #1','3D Context with UNIT and UNCERTAINTY') );
#1567 = ( LENGTH_UNIT() NAMED_UNIT(*) SI_UNIT(.MILLI.,.METRE.) );
#1568 = ( NAMED_UNIT(*) PLANE_ANGLE_UNIT() SI_UNIT($,.RADIAN.) );
#1569 = ( NAMED_UNIT(*) SI_UNIT($,.STERADIAN.) SOLID_ANGLE_UNIT() );
#1570 = UNCERTAINTY_MEASURE_WITH_UNIT(LENGTH_MEASURE(1.E-07),#1567,
  'distance_accuracy_value','confusion accuracy');
#1571 = CONTEXT_DEPENDENT_SHAPE_REPRESENTATION(#1572,#1574);
#1572 = ( REPRESENTATION_RELATIONSHIP('','',#1459,#10) 
REPRESENTATION_RELATIONSHIP_WITH_TRANSFORMATION(#1573) 
SHAPE_REPRESENTATION_RELATIONSHIP() );
#1573 = ITEM_DEFINED_TRANSFORMATION('','',#11,#35);
#1574 = PRODUCT_DEFINITION_SHAPE('Placement','Placement of an item',
  #1575);
#1575 = NEXT_ASSEMBLY_USAGE_OCCURRENCE('6','union004','',#5,#1454,$);
#1576 = PRODUCT_RELATED_PRODUCT_CATEGORY('part',$,(#1456));
#1577 = SHAPE_DEFINITION_REPRESENTATION(#1578,#1584);
#1578 = PRODUCT_DEFINITION_SHAPE('','',#1579);
#1579 = PRODUCT_DEFINITION('design','',#1580,#1583);
#1580 = PRODUCT_DEFINITION_FORMATION('','',#1581);
#1581 = PRODUCT('difference006','difference006','',(#1582));
#1582 = PRODUCT_CONTEXT('',#2,'mechanical');
#1583 = PRODUCT_DEFINITION_CONTEXT('part definition',#2,'design');
#1584 = ADVANCED_BREP_SHAPE_REPRESENTATION('',(#11,#1585),#5458);
#1585 = MANIFOLD_SOLID_BREP('',#1586);
#1586 = CLOSED_SHELL('',(#1587,#1649,#1680,#1938,#2226,#2267,#2292,#2317
    ,#2340,#2489,#2530,#2569,#2586,#2625,#2642,#2681,#2698,#2815,#2832,
    #2919,#2992,#3109,#3126,#3165,#3177,#3208,#3232,#3256,#3280,#3304,
    #3321,#3352,#3376,#3400,#3424,#3448,#3465,#3497,#3532,#3557,#3589,
    #3624,#3649,#3674,#3699,#3724,#3749,#3766,#3785,#3810,#3835,#3860,
    #3885,#3910,#3927,#3952,#3977,#4002,#4019,#4036,#4053,#4070,#4087,
    #4112,#4137,#4168,#4192,#4216,#4240,#4264,#4281,#4312,#4336,#4360,
    #4384,#4408,#4425,#4450,#4481,#4505,#4529,#4553,#4577,#4594,#4625,
    #4649,#4673,#4697,#4721,#4738,#4763,#4788,#4805,#4822,#4885,#4948,
    #5007,#5066,#5075,#5084,#5093,#5113,#5122,#5131,#5140,#5149,#5166,
    #5183,#5203,#5220,#5237,#5259,#5276,#5293,#5310,#5327,#5339,#5361,
    #5378,#5395,#5412,#5429,#5441));
#1587 = ADVANCED_FACE('',(#1588,#1622,#1633),#1644,.F.);
#1588 = FACE_BOUND('',#1589,.F.);
#1589 = EDGE_LOOP('',(#1590,#1600,#1608,#1616));
#1590 = ORIENTED_EDGE('',*,*,#1591,.F.);
#1591 = EDGE_CURVE('',#1592,#1594,#1596,.T.);
#1592 = VERTEX_POINT('',#1593);
#1593 = CARTESIAN_POINT('',(-36.,-12.,0.));
#1594 = VERTEX_POINT('',#1595);
#1595 = CARTESIAN_POINT('',(-36.,-12.,35.));
#1596 = LINE('',#1597,#1598);
#1597 = CARTESIAN_POINT('',(-36.,-12.,0.));
#1598 = VECTOR('',#1599,1.);
#1599 = DIRECTION('',(0.,0.,1.));
#1600 = ORIENTED_EDGE('',*,*,#1601,.T.);
#1601 = EDGE_CURVE('',#1592,#1602,#1604,.T.);
#1602 = VERTEX_POINT('',#1603);
#1603 = CARTESIAN_POINT('',(-36.,10.,0.));
#1604 = LINE('',#1605,#1606);
#1605 = CARTESIAN_POINT('',(-36.,-12.,0.));
#1606 = VECTOR('',#1607,1.);
#1607 = DIRECTION('',(0.,1.,0.));
#1608 = ORIENTED_EDGE('',*,*,#1609,.T.);
#1609 = EDGE_CURVE('',#1602,#1610,#1612,.T.);
#1610 = VERTEX_POINT('',#1611);
#1611 = CARTESIAN_POINT('',(-36.,10.,35.));
#1612 = LINE('',#1613,#1614);
#1613 = CARTESIAN_POINT('',(-36.,10.,0.));
#1614 = VECTOR('',#1615,1.);
#1615 = DIRECTION('',(0.,0.,1.));
#1616 = ORIENTED_EDGE('',*,*,#1617,.F.);
#1617 = EDGE_CURVE('',#1594,#1610,#1618,.T.);
#1618 = LINE('',#1619,#1620);
#1619 = CARTESIAN_POINT('',(-36.,-12.,35.));
#1620 = VECTOR('',#1621,1.);
#1621 = DIRECTION('',(0.,1.,0.));
#1622 = FACE_BOUND('',#1623,.F.);
#1623 = EDGE_LOOP('',(#1624));
#1624 = ORIENTED_EDGE('',*,*,#1625,.F.);
#1625 = EDGE_CURVE('',#1626,#1626,#1628,.T.);
#1626 = VERTEX_POINT('',#1627);
#1627 = CARTESIAN_POINT('',(-36.,-6.,8.7));
#1628 = CIRCLE('',#1629,1.7);
#1629 = AXIS2_PLACEMENT_3D('',#1630,#1631,#1632);
#1630 = CARTESIAN_POINT('',(-36.,-6.,7.));
#1631 = DIRECTION('',(1.,0.,2.22044604925E-16));
#1632 = DIRECTION('',(-2.22044604925E-16,0.,1.));
#1633 = FACE_BOUND('',#1634,.F.);
#1634 = EDGE_LOOP('',(#1635));
#1635 = ORIENTED_EDGE('',*,*,#1636,.F.);
#1636 = EDGE_CURVE('',#1637,#1637,#1639,.T.);
#1637 = VERTEX_POINT('',#1638);
#1638 = CARTESIAN_POINT('',(-36.,-6.,24.7));
#1639 = CIRCLE('',#1640,1.7);
#1640 = AXIS2_PLACEMENT_3D('',#1641,#1642,#1643);
#1641 = CARTESIAN_POINT('',(-36.,-6.,23.));
#1642 = DIRECTION('',(1.,0.,2.22044604925E-16));
#1643 = DIRECTION('',(-2.22044604925E-16,0.,1.));
#1644 = PLANE('',#1645);
#1645 = AXIS2_PLACEMENT_3D('',#1646,#1647,#1648);
#1646 = CARTESIAN_POINT('',(-36.,-12.,0.));
#1647 = DIRECTION('',(1.,0.,0.));
#1648 = DIRECTION('',(0.,0.,1.));
#1649 = ADVANCED_FACE('',(#1650),#1675,.F.);
#1650 = FACE_BOUND('',#1651,.F.);
#1651 = EDGE_LOOP('',(#1652,#1660,#1661,#1669));
#1652 = ORIENTED_EDGE('',*,*,#1653,.F.);
#1653 = EDGE_CURVE('',#1592,#1654,#1656,.T.);
#1654 = VERTEX_POINT('',#1655);
#1655 = CARTESIAN_POINT('',(-31.,-12.,0.));
#1656 = LINE('',#1657,#1658);
#1657 = CARTESIAN_POINT('',(-36.,-12.,0.));
#1658 = VECTOR('',#1659,1.);
#1659 = DIRECTION('',(1.,0.,0.));
#1660 = ORIENTED_EDGE('',*,*,#1591,.T.);
#1661 = ORIENTED_EDGE('',*,*,#1662,.T.);
#1662 = EDGE_CURVE('',#1594,#1663,#1665,.T.);
#1663 = VERTEX_POINT('',#1664);
#1664 = CARTESIAN_POINT('',(-31.,-12.,35.));
#1665 = LINE('',#1666,#1667);
#1666 = CARTESIAN_POINT('',(-36.,-12.,35.));
#1667 = VECTOR('',#1668,1.);
#1668 = DIRECTION('',(1.,0.,0.));
#1669 = ORIENTED_EDGE('',*,*,#1670,.T.);
#1670 = EDGE_CURVE('',#1663,#1654,#1671,.T.);
#1671 = LINE('',#1672,#1673);
#1672 = CARTESIAN_POINT('',(-31.,-12.,-0.25));
#1673 = VECTOR('',#1674,1.);
#1674 = DIRECTION('',(0.,0.,-1.));
#1675 = PLANE('',#1676);
#1676 = AXIS2_PLACEMENT_3D('',#1677,#1678,#1679);
#1677 = CARTESIAN_POINT('',(-36.,-12.,0.));
#1678 = DIRECTION('',(0.,1.,0.));
#1679 = DIRECTION('',(0.,0.,1.));
#1680 = ADVANCED_FACE('',(#1681,#1833,#1883),#1933,.T.);
#1681 = FACE_BOUND('',#1682,.T.);
#1682 = EDGE_LOOP('',(#1683,#1684,#1685,#1693,#1702,#1710,#1718,#1726,
    #1735,#1743,#1752,#1760,#1768,#1776,#1785,#1793,#1801,#1809,#1818,
    #1826));
#1683 = ORIENTED_EDGE('',*,*,#1617,.F.);
#1684 = ORIENTED_EDGE('',*,*,#1662,.T.);
#1685 = ORIENTED_EDGE('',*,*,#1686,.T.);
#1686 = EDGE_CURVE('',#1663,#1687,#1689,.T.);
#1687 = VERTEX_POINT('',#1688);
#1688 = CARTESIAN_POINT('',(-31.,-4.079215610874,35.));
#1689 = LINE('',#1690,#1691);
#1690 = CARTESIAN_POINT('',(-31.,-9.858230854638,35.));
#1691 = VECTOR('',#1692,1.);
#1692 = DIRECTION('',(0.,1.,0.));
#1693 = ORIENTED_EDGE('',*,*,#1694,.T.);
#1694 = EDGE_CURVE('',#1687,#1695,#1697,.T.);
#1695 = VERTEX_POINT('',#1696);
#1696 = CARTESIAN_POINT('',(-29.,-4.079215610874,35.));
#1697 = CIRCLE('',#1698,4.2);
#1698 = AXIS2_PLACEMENT_3D('',#1699,#1700,#1701);
#1699 = CARTESIAN_POINT('',(-30.,0.,35.));
#1700 = DIRECTION('',(0.,0.,-1.));
#1701 = DIRECTION('',(1.,0.,0.));
#1702 = ORIENTED_EDGE('',*,*,#1703,.F.);
#1703 = EDGE_CURVE('',#1704,#1695,#1706,.T.);
#1704 = VERTEX_POINT('',#1705);
#1705 = CARTESIAN_POINT('',(-29.,-12.,35.));
#1706 = LINE('',#1707,#1708);
#1707 = CARTESIAN_POINT('',(-29.,-9.858230854638,35.));
#1708 = VECTOR('',#1709,1.);
#1709 = DIRECTION('',(0.,1.,0.));
#1710 = ORIENTED_EDGE('',*,*,#1711,.T.);
#1711 = EDGE_CURVE('',#1704,#1712,#1714,.T.);
#1712 = VERTEX_POINT('',#1713);
#1713 = CARTESIAN_POINT('',(-24.,-12.,35.));
#1714 = LINE('',#1715,#1716);
#1715 = CARTESIAN_POINT('',(-36.,-12.,35.));
#1716 = VECTOR('',#1717,1.);
#1717 = DIRECTION('',(1.,0.,0.));
#1718 = ORIENTED_EDGE('',*,*,#1719,.T.);
#1719 = EDGE_CURVE('',#1712,#1720,#1722,.T.);
#1720 = VERTEX_POINT('',#1721);
#1721 = CARTESIAN_POINT('',(-24.,1.,35.));
#1722 = LINE('',#1723,#1724);
#1723 = CARTESIAN_POINT('',(-24.,-9.358230854638,35.));
#1724 = VECTOR('',#1725,1.);
#1725 = DIRECTION('',(0.,1.,0.));
#1726 = ORIENTED_EDGE('',*,*,#1727,.T.);
#1727 = EDGE_CURVE('',#1720,#1728,#1730,.T.);
#1728 = VERTEX_POINT('',#1729);
#1729 = CARTESIAN_POINT('',(-20.,5.,35.));
#1730 = CIRCLE('',#1731,4.);
#1731 = AXIS2_PLACEMENT_3D('',#1732,#1733,#1734);
#1732 = CARTESIAN_POINT('',(-20.,1.,35.));
#1733 = DIRECTION('',(0.,0.,-1.));
#1734 = DIRECTION('',(1.,0.,0.));
#1735 = ORIENTED_EDGE('',*,*,#1736,.F.);
#1736 = EDGE_CURVE('',#1737,#1728,#1739,.T.);
#1737 = VERTEX_POINT('',#1738);
#1738 = CARTESIAN_POINT('',(20.,5.,35.));
#1739 = LINE('',#1740,#1741);
#1740 = CARTESIAN_POINT('',(-10.,5.,35.));
#1741 = VECTOR('',#1742,1.);
#1742 = DIRECTION('',(-1.,0.,0.));
#1743 = ORIENTED_EDGE('',*,*,#1744,.T.);
#1744 = EDGE_CURVE('',#1737,#1745,#1747,.T.);
#1745 = VERTEX_POINT('',#1746);
#1746 = CARTESIAN_POINT('',(24.,1.,35.));
#1747 = CIRCLE('',#1748,4.);
#1748 = AXIS2_PLACEMENT_3D('',#1749,#1750,#1751);
#1749 = CARTESIAN_POINT('',(20.,1.,35.));
#1750 = DIRECTION('',(0.,0.,-1.));
#1751 = DIRECTION('',(1.,0.,0.));
#1752 = ORIENTED_EDGE('',*,*,#1753,.F.);
#1753 = EDGE_CURVE('',#1754,#1745,#1756,.T.);
#1754 = VERTEX_POINT('',#1755);
#1755 = CARTESIAN_POINT('',(24.,-12.,35.));
#1756 = LINE('',#1757,#1758);
#1757 = CARTESIAN_POINT('',(24.,-9.358230854638,35.));
#1758 = VECTOR('',#1759,1.);
#1759 = DIRECTION('',(0.,1.,0.));
#1760 = ORIENTED_EDGE('',*,*,#1761,.T.);
#1761 = EDGE_CURVE('',#1754,#1762,#1764,.T.);
#1762 = VERTEX_POINT('',#1763);
#1763 = CARTESIAN_POINT('',(29.,-12.,35.));
#1764 = LINE('',#1765,#1766);
#1765 = CARTESIAN_POINT('',(-36.,-12.,35.));
#1766 = VECTOR('',#1767,1.);
#1767 = DIRECTION('',(1.,0.,0.));
#1768 = ORIENTED_EDGE('',*,*,#1769,.T.);
#1769 = EDGE_CURVE('',#1762,#1770,#1772,.T.);
#1770 = VERTEX_POINT('',#1771);
#1771 = CARTESIAN_POINT('',(29.,-4.079215610874,35.));
#1772 = LINE('',#1773,#1774);
#1773 = CARTESIAN_POINT('',(29.,-9.858230854638,35.));
#1774 = VECTOR('',#1775,1.);
#1775 = DIRECTION('',(0.,1.,0.));
#1776 = ORIENTED_EDGE('',*,*,#1777,.T.);
#1777 = EDGE_CURVE('',#1770,#1778,#1780,.T.);
#1778 = VERTEX_POINT('',#1779);
#1779 = CARTESIAN_POINT('',(31.,-4.079215610874,35.));
#1780 = CIRCLE('',#1781,4.2);
#1781 = AXIS2_PLACEMENT_3D('',#1782,#1783,#1784);
#1782 = CARTESIAN_POINT('',(30.,0.,35.));
#1783 = DIRECTION('',(0.,0.,-1.));
#1784 = DIRECTION('',(1.,0.,0.));
#1785 = ORIENTED_EDGE('',*,*,#1786,.F.);
#1786 = EDGE_CURVE('',#1787,#1778,#1789,.T.);
#1787 = VERTEX_POINT('',#1788);
#1788 = CARTESIAN_POINT('',(31.,-12.,35.));
#1789 = LINE('',#1790,#1791);
#1790 = CARTESIAN_POINT('',(31.,-9.858230854638,35.));
#1791 = VECTOR('',#1792,1.);
#1792 = DIRECTION('',(0.,1.,0.));
#1793 = ORIENTED_EDGE('',*,*,#1794,.T.);
#1794 = EDGE_CURVE('',#1787,#1795,#1797,.T.);
#1795 = VERTEX_POINT('',#1796);
#1796 = CARTESIAN_POINT('',(36.,-12.,35.));
#1797 = LINE('',#1798,#1799);
#1798 = CARTESIAN_POINT('',(-36.,-12.,35.));
#1799 = VECTOR('',#1800,1.);
#1800 = DIRECTION('',(1.,0.,0.));
#1801 = ORIENTED_EDGE('',*,*,#1802,.T.);
#1802 = EDGE_CURVE('',#1795,#1803,#1805,.T.);
#1803 = VERTEX_POINT('',#1804);
#1804 = CARTESIAN_POINT('',(36.,10.,35.));
#1805 = LINE('',#1806,#1807);
#1806 = CARTESIAN_POINT('',(36.,-12.,35.));
#1807 = VECTOR('',#1808,1.);
#1808 = DIRECTION('',(0.,1.,0.));
#1809 = ORIENTED_EDGE('',*,*,#1810,.T.);
#1810 = EDGE_CURVE('',#1803,#1811,#1813,.T.);
#1811 = VERTEX_POINT('',#1812);
#1812 = CARTESIAN_POINT('',(24.,10.,35.));
#1813 = CIRCLE('',#1814,6.);
#1814 = AXIS2_PLACEMENT_3D('',#1815,#1816,#1817);
#1815 = CARTESIAN_POINT('',(30.,10.,35.));
#1816 = DIRECTION('',(0.,0.,1.));
#1817 = DIRECTION('',(1.,0.,0.));
#1818 = ORIENTED_EDGE('',*,*,#1819,.F.);
#1819 = EDGE_CURVE('',#1820,#1811,#1822,.T.);
#1820 = VERTEX_POINT('',#1821);
#1821 = CARTESIAN_POINT('',(-24.,10.,35.));
#1822 = LINE('',#1823,#1824);
#1823 = CARTESIAN_POINT('',(-36.,10.,35.));
#1824 = VECTOR('',#1825,1.);
#1825 = DIRECTION('',(1.,0.,0.));
#1826 = ORIENTED_EDGE('',*,*,#1827,.T.);
#1827 = EDGE_CURVE('',#1820,#1610,#1828,.T.);
#1828 = CIRCLE('',#1829,6.);
#1829 = AXIS2_PLACEMENT_3D('',#1830,#1831,#1832);
#1830 = CARTESIAN_POINT('',(-30.,10.,35.));
#1831 = DIRECTION('',(0.,0.,1.));
#1832 = DIRECTION('',(1.,0.,0.));
#1833 = FACE_BOUND('',#1834,.T.);
#1834 = EDGE_LOOP('',(#1835,#1845,#1853,#1861,#1869,#1877));
#1835 = ORIENTED_EDGE('',*,*,#1836,.T.);
#1836 = EDGE_CURVE('',#1837,#1839,#1841,.T.);
#1837 = VERTEX_POINT('',#1838);
#1838 = CARTESIAN_POINT('',(-31.975,6.579199655051,35.));
#1839 = VERTEX_POINT('',#1840);
#1840 = CARTESIAN_POINT('',(-33.95,10.,35.));
#1841 = LINE('',#1842,#1843);
#1842 = CARTESIAN_POINT('',(-26.61507433121,-2.704463928073,35.));
#1843 = VECTOR('',#1844,1.);
#1844 = DIRECTION('',(-0.5,0.866025403784,0.));
#1845 = ORIENTED_EDGE('',*,*,#1846,.T.);
#1846 = EDGE_CURVE('',#1839,#1847,#1849,.T.);
#1847 = VERTEX_POINT('',#1848);
#1848 = CARTESIAN_POINT('',(-31.975,13.420800344949,35.));
#1849 = LINE('',#1850,#1851);
#1850 = CARTESIAN_POINT('',(-31.80992566878,13.706717473642,35.));
#1851 = VECTOR('',#1852,1.);
#1852 = DIRECTION('',(0.5,0.866025403784,0.));
#1853 = ORIENTED_EDGE('',*,*,#1854,.T.);
#1854 = EDGE_CURVE('',#1847,#1855,#1857,.T.);
#1855 = VERTEX_POINT('',#1856);
#1856 = CARTESIAN_POINT('',(-28.025,13.420800344949,35.));
#1857 = LINE('',#1858,#1859);
#1858 = CARTESIAN_POINT('',(-15.9875,13.420800344949,35.));
#1859 = VECTOR('',#1860,1.);
#1860 = DIRECTION('',(1.,2.248552961266E-16,0.));
#1861 = ORIENTED_EDGE('',*,*,#1862,.T.);
#1862 = EDGE_CURVE('',#1855,#1863,#1865,.T.);
#1863 = VERTEX_POINT('',#1864);
#1864 = CARTESIAN_POINT('',(-26.05,10.,35.));
#1865 = LINE('',#1866,#1867);
#1866 = CARTESIAN_POINT('',(-21.67757433121,2.42673658935,35.));
#1867 = VECTOR('',#1868,1.);
#1868 = DIRECTION('',(0.5,-0.866025403784,0.));
#1869 = ORIENTED_EDGE('',*,*,#1870,.T.);
#1870 = EDGE_CURVE('',#1863,#1871,#1873,.T.);
#1871 = VERTEX_POINT('',#1872);
#1872 = CARTESIAN_POINT('',(-28.025,6.579199655051,35.));
#1873 = LINE('',#1874,#1875);
#1874 = CARTESIAN_POINT('',(-24.89742566878,11.996317301168,35.));
#1875 = VECTOR('',#1876,1.);
#1876 = DIRECTION('',(-0.5,-0.866025403784,0.));
#1877 = ORIENTED_EDGE('',*,*,#1878,.T.);
#1878 = EDGE_CURVE('',#1871,#1837,#1879,.T.);
#1879 = LINE('',#1880,#1881);
#1880 = CARTESIAN_POINT('',(-14.0125,6.579199655051,35.));
#1881 = VECTOR('',#1882,1.);
#1882 = DIRECTION('',(-1.,-5.621382403165E-16,0.));
#1883 = FACE_BOUND('',#1884,.T.);
#1884 = EDGE_LOOP('',(#1885,#1895,#1903,#1911,#1919,#1927));
#1885 = ORIENTED_EDGE('',*,*,#1886,.T.);
#1886 = EDGE_CURVE('',#1887,#1889,#1891,.T.);
#1887 = VERTEX_POINT('',#1888);
#1888 = CARTESIAN_POINT('',(28.025,6.579199655051,35.));
#1889 = VERTEX_POINT('',#1890);
#1890 = CARTESIAN_POINT('',(26.05,10.,35.));
#1891 = LINE('',#1892,#1893);
#1892 = CARTESIAN_POINT('',(25.884925668783,10.285917128694,35.));
#1893 = VECTOR('',#1894,1.);
#1894 = DIRECTION('',(-0.5,0.866025403784,0.));
#1895 = ORIENTED_EDGE('',*,*,#1896,.T.);
#1896 = EDGE_CURVE('',#1889,#1897,#1899,.T.);
#1897 = VERTEX_POINT('',#1898);
#1898 = CARTESIAN_POINT('',(28.025,13.420800344949,35.));
#1899 = LINE('',#1900,#1901);
#1900 = CARTESIAN_POINT('',(20.690074331217,0.716336416876,35.));
#1901 = VECTOR('',#1902,1.);
#1902 = DIRECTION('',(0.5,0.866025403784,0.));
#1903 = ORIENTED_EDGE('',*,*,#1904,.T.);
#1904 = EDGE_CURVE('',#1897,#1905,#1907,.T.);
#1905 = VERTEX_POINT('',#1906);
#1906 = CARTESIAN_POINT('',(31.975,13.420800344949,35.));
#1907 = LINE('',#1908,#1909);
#1908 = CARTESIAN_POINT('',(14.0125,13.420800344949,35.));
#1909 = VECTOR('',#1910,1.);
#1910 = DIRECTION('',(1.,2.248552961266E-16,0.));
#1911 = ORIENTED_EDGE('',*,*,#1912,.T.);
#1912 = EDGE_CURVE('',#1905,#1913,#1915,.T.);
#1913 = VERTEX_POINT('',#1914);
#1914 = CARTESIAN_POINT('',(33.95,10.,35.));
#1915 = LINE('',#1916,#1917);
#1916 = CARTESIAN_POINT('',(30.822425668783,15.417117646116,35.));
#1917 = VECTOR('',#1918,1.);
#1918 = DIRECTION('',(0.5,-0.866025403784,0.));
#1919 = ORIENTED_EDGE('',*,*,#1920,.T.);
#1920 = EDGE_CURVE('',#1913,#1921,#1923,.T.);
#1921 = VERTEX_POINT('',#1922);
#1922 = CARTESIAN_POINT('',(31.975,6.579199655051,35.));
#1923 = LINE('',#1924,#1925);
#1924 = CARTESIAN_POINT('',(27.602574331217,-0.994063755599,35.));
#1925 = VECTOR('',#1926,1.);
#1926 = DIRECTION('',(-0.5,-0.866025403784,0.));
#1927 = ORIENTED_EDGE('',*,*,#1928,.T.);
#1928 = EDGE_CURVE('',#1921,#1887,#1929,.T.);
#1929 = LINE('',#1930,#1931);
#1930 = CARTESIAN_POINT('',(15.9875,6.579199655051,35.));
#1931 = VECTOR('',#1932,1.);
#1932 = DIRECTION('',(-1.,-5.621382403165E-16,0.));
#1933 = PLANE('',#1934);
#1934 = AXIS2_PLACEMENT_3D('',#1935,#1936,#1937);
#1935 = CARTESIAN_POINT('',(0.,0.283538290725,35.));
#1936 = DIRECTION('',(0.,0.,1.));
#1937 = DIRECTION('',(1.,0.,0.));
#1938 = ADVANCED_FACE('',(#1939,#2177,#2188,#2199,#2210),#2221,.T.);
#1939 = FACE_BOUND('',#1940,.T.);
#1940 = EDGE_LOOP('',(#1941,#1942,#1943,#1952,#1960,#1969,#1978,#1986,
    #1995,#2003,#2012,#2020,#2029,#2038,#2046,#2055,#2063,#2071,#2079,
    #2088,#2096,#2104,#2112,#2121,#2129,#2138,#2146,#2154,#2162,#2171));
#1941 = ORIENTED_EDGE('',*,*,#1653,.F.);
#1942 = ORIENTED_EDGE('',*,*,#1601,.T.);
#1943 = ORIENTED_EDGE('',*,*,#1944,.F.);
#1944 = EDGE_CURVE('',#1945,#1602,#1947,.T.);
#1945 = VERTEX_POINT('',#1946);
#1946 = CARTESIAN_POINT('',(-32.5,15.454356057318,0.));
#1947 = CIRCLE('',#1948,6.);
#1948 = AXIS2_PLACEMENT_3D('',#1949,#1950,#1951);
#1949 = CARTESIAN_POINT('',(-30.,10.,0.));
#1950 = DIRECTION('',(0.,0.,1.));
#1951 = DIRECTION('',(1.,0.,0.));
#1952 = ORIENTED_EDGE('',*,*,#1953,.T.);
#1953 = EDGE_CURVE('',#1945,#1954,#1956,.T.);
#1954 = VERTEX_POINT('',#1955);
#1955 = CARTESIAN_POINT('',(-32.5,45.669872981078,-5.551115123126E-16));
#1956 = LINE('',#1957,#1958);
#1957 = CARTESIAN_POINT('',(-32.5,13.,-1.110223024625E-15));
#1958 = VECTOR('',#1959,1.);
#1959 = DIRECTION('',(0.,1.,0.));
#1960 = ORIENTED_EDGE('',*,*,#1961,.F.);
#1961 = EDGE_CURVE('',#1962,#1954,#1964,.T.);
#1962 = VERTEX_POINT('',#1963);
#1963 = CARTESIAN_POINT('',(-25.,50.,0.));
#1964 = CIRCLE('',#1965,5.);
#1965 = AXIS2_PLACEMENT_3D('',#1966,#1967,#1968);
#1966 = CARTESIAN_POINT('',(-30.,50.,0.));
#1967 = DIRECTION('',(0.,0.,1.));
#1968 = DIRECTION('',(1.,0.,0.));
#1969 = ORIENTED_EDGE('',*,*,#1970,.F.);
#1970 = EDGE_CURVE('',#1971,#1962,#1973,.T.);
#1971 = VERTEX_POINT('',#1972);
#1972 = CARTESIAN_POINT('',(-27.5,45.669872981078,0.));
#1973 = CIRCLE('',#1974,5.);
#1974 = AXIS2_PLACEMENT_3D('',#1975,#1976,#1977);
#1975 = CARTESIAN_POINT('',(-30.,50.,0.));
#1976 = DIRECTION('',(0.,0.,1.));
#1977 = DIRECTION('',(1.,0.,0.));
#1978 = ORIENTED_EDGE('',*,*,#1979,.T.);
#1979 = EDGE_CURVE('',#1971,#1980,#1982,.T.);
#1980 = VERTEX_POINT('',#1981);
#1981 = CARTESIAN_POINT('',(-27.5,15.454356057318,0.));
#1982 = LINE('',#1983,#1984);
#1983 = CARTESIAN_POINT('',(-27.5,47.,0.));
#1984 = VECTOR('',#1985,1.);
#1985 = DIRECTION('',(-0.,-1.,0.));
#1986 = ORIENTED_EDGE('',*,*,#1987,.F.);
#1987 = EDGE_CURVE('',#1988,#1980,#1990,.T.);
#1988 = VERTEX_POINT('',#1989);
#1989 = CARTESIAN_POINT('',(-24.,10.,0.));
#1990 = CIRCLE('',#1991,6.);
#1991 = AXIS2_PLACEMENT_3D('',#1992,#1993,#1994);
#1992 = CARTESIAN_POINT('',(-30.,10.,0.));
#1993 = DIRECTION('',(0.,0.,1.));
#1994 = DIRECTION('',(1.,0.,0.));
#1995 = ORIENTED_EDGE('',*,*,#1996,.T.);
#1996 = EDGE_CURVE('',#1988,#1997,#1999,.T.);
#1997 = VERTEX_POINT('',#1998);
#1998 = CARTESIAN_POINT('',(24.,10.,0.));
#1999 = LINE('',#2000,#2001);
#2000 = CARTESIAN_POINT('',(-36.,10.,0.));
#2001 = VECTOR('',#2002,1.);
#2002 = DIRECTION('',(1.,0.,0.));
#2003 = ORIENTED_EDGE('',*,*,#2004,.F.);
#2004 = EDGE_CURVE('',#2005,#1997,#2007,.T.);
#2005 = VERTEX_POINT('',#2006);
#2006 = CARTESIAN_POINT('',(27.5,15.454356057318,0.));
#2007 = CIRCLE('',#2008,6.);
#2008 = AXIS2_PLACEMENT_3D('',#2009,#2010,#2011);
#2009 = CARTESIAN_POINT('',(30.,10.,0.));
#2010 = DIRECTION('',(0.,0.,1.));
#2011 = DIRECTION('',(1.,0.,0.));
#2012 = ORIENTED_EDGE('',*,*,#2013,.T.);
#2013 = EDGE_CURVE('',#2005,#2014,#2016,.T.);
#2014 = VERTEX_POINT('',#2015);
#2015 = CARTESIAN_POINT('',(27.5,45.669872981078,-5.551115123126E-16));
#2016 = LINE('',#2017,#2018);
#2017 = CARTESIAN_POINT('',(27.5,13.,-1.110223024625E-15));
#2018 = VECTOR('',#2019,1.);
#2019 = DIRECTION('',(0.,1.,0.));
#2020 = ORIENTED_EDGE('',*,*,#2021,.F.);
#2021 = EDGE_CURVE('',#2022,#2014,#2024,.T.);
#2022 = VERTEX_POINT('',#2023);
#2023 = CARTESIAN_POINT('',(35.,50.,0.));
#2024 = CIRCLE('',#2025,5.);
#2025 = AXIS2_PLACEMENT_3D('',#2026,#2027,#2028);
#2026 = CARTESIAN_POINT('',(30.,50.,0.));
#2027 = DIRECTION('',(0.,0.,1.));
#2028 = DIRECTION('',(1.,0.,0.));
#2029 = ORIENTED_EDGE('',*,*,#2030,.F.);
#2030 = EDGE_CURVE('',#2031,#2022,#2033,.T.);
#2031 = VERTEX_POINT('',#2032);
#2032 = CARTESIAN_POINT('',(32.5,45.669872981078,0.));
#2033 = CIRCLE('',#2034,5.);
#2034 = AXIS2_PLACEMENT_3D('',#2035,#2036,#2037);
#2035 = CARTESIAN_POINT('',(30.,50.,0.));
#2036 = DIRECTION('',(0.,0.,1.));
#2037 = DIRECTION('',(1.,0.,0.));
#2038 = ORIENTED_EDGE('',*,*,#2039,.T.);
#2039 = EDGE_CURVE('',#2031,#2040,#2042,.T.);
#2040 = VERTEX_POINT('',#2041);
#2041 = CARTESIAN_POINT('',(32.5,15.454356057318,0.));
#2042 = LINE('',#2043,#2044);
#2043 = CARTESIAN_POINT('',(32.5,47.,0.));
#2044 = VECTOR('',#2045,1.);
#2045 = DIRECTION('',(-0.,-1.,0.));
#2046 = ORIENTED_EDGE('',*,*,#2047,.F.);
#2047 = EDGE_CURVE('',#2048,#2040,#2050,.T.);
#2048 = VERTEX_POINT('',#2049);
#2049 = CARTESIAN_POINT('',(36.,10.,0.));
#2050 = CIRCLE('',#2051,6.);
#2051 = AXIS2_PLACEMENT_3D('',#2052,#2053,#2054);
#2052 = CARTESIAN_POINT('',(30.,10.,0.));
#2053 = DIRECTION('',(0.,0.,1.));
#2054 = DIRECTION('',(1.,0.,0.));
#2055 = ORIENTED_EDGE('',*,*,#2056,.F.);
#2056 = EDGE_CURVE('',#2057,#2048,#2059,.T.);
#2057 = VERTEX_POINT('',#2058);
#2058 = CARTESIAN_POINT('',(36.,-12.,0.));
#2059 = LINE('',#2060,#2061);
#2060 = CARTESIAN_POINT('',(36.,-12.,0.));
#2061 = VECTOR('',#2062,1.);
#2062 = DIRECTION('',(0.,1.,0.));
#2063 = ORIENTED_EDGE('',*,*,#2064,.F.);
#2064 = EDGE_CURVE('',#2065,#2057,#2067,.T.);
#2065 = VERTEX_POINT('',#2066);
#2066 = CARTESIAN_POINT('',(31.,-12.,0.));
#2067 = LINE('',#2068,#2069);
#2068 = CARTESIAN_POINT('',(-36.,-12.,0.));
#2069 = VECTOR('',#2070,1.);
#2070 = DIRECTION('',(1.,0.,0.));
#2071 = ORIENTED_EDGE('',*,*,#2072,.F.);
#2072 = EDGE_CURVE('',#2073,#2065,#2075,.T.);
#2073 = VERTEX_POINT('',#2074);
#2074 = CARTESIAN_POINT('',(31.,-4.079215610874,0.));
#2075 = LINE('',#2076,#2077);
#2076 = CARTESIAN_POINT('',(31.,-9.858230854638,0.));
#2077 = VECTOR('',#2078,1.);
#2078 = DIRECTION('',(0.,-1.,0.));
#2079 = ORIENTED_EDGE('',*,*,#2080,.F.);
#2080 = EDGE_CURVE('',#2081,#2073,#2083,.T.);
#2081 = VERTEX_POINT('',#2082);
#2082 = CARTESIAN_POINT('',(29.,-4.079215610874,0.));
#2083 = CIRCLE('',#2084,4.2);
#2084 = AXIS2_PLACEMENT_3D('',#2085,#2086,#2087);
#2085 = CARTESIAN_POINT('',(30.,0.,0.));
#2086 = DIRECTION('',(0.,0.,-1.));
#2087 = DIRECTION('',(1.,0.,0.));
#2088 = ORIENTED_EDGE('',*,*,#2089,.T.);
#2089 = EDGE_CURVE('',#2081,#2090,#2092,.T.);
#2090 = VERTEX_POINT('',#2091);
#2091 = CARTESIAN_POINT('',(29.,-12.,0.));
#2092 = LINE('',#2093,#2094);
#2093 = CARTESIAN_POINT('',(29.,-9.858230854638,0.));
#2094 = VECTOR('',#2095,1.);
#2095 = DIRECTION('',(0.,-1.,0.));
#2096 = ORIENTED_EDGE('',*,*,#2097,.F.);
#2097 = EDGE_CURVE('',#2098,#2090,#2100,.T.);
#2098 = VERTEX_POINT('',#2099);
#2099 = CARTESIAN_POINT('',(24.,-12.,0.));
#2100 = LINE('',#2101,#2102);
#2101 = CARTESIAN_POINT('',(-36.,-12.,0.));
#2102 = VECTOR('',#2103,1.);
#2103 = DIRECTION('',(1.,0.,0.));
#2104 = ORIENTED_EDGE('',*,*,#2105,.F.);
#2105 = EDGE_CURVE('',#2106,#2098,#2108,.T.);
#2106 = VERTEX_POINT('',#2107);
#2107 = CARTESIAN_POINT('',(24.,1.,0.));
#2108 = LINE('',#2109,#2110);
#2109 = CARTESIAN_POINT('',(24.,-9.358230854638,0.));
#2110 = VECTOR('',#2111,1.);
#2111 = DIRECTION('',(0.,-1.,0.));
#2112 = ORIENTED_EDGE('',*,*,#2113,.F.);
#2113 = EDGE_CURVE('',#2114,#2106,#2116,.T.);
#2114 = VERTEX_POINT('',#2115);
#2115 = CARTESIAN_POINT('',(20.,5.,0.));
#2116 = CIRCLE('',#2117,4.);
#2117 = AXIS2_PLACEMENT_3D('',#2118,#2119,#2120);
#2118 = CARTESIAN_POINT('',(20.,1.,0.));
#2119 = DIRECTION('',(0.,0.,-1.));
#2120 = DIRECTION('',(1.,0.,0.));
#2121 = ORIENTED_EDGE('',*,*,#2122,.F.);
#2122 = EDGE_CURVE('',#2123,#2114,#2125,.T.);
#2123 = VERTEX_POINT('',#2124);
#2124 = CARTESIAN_POINT('',(-20.,5.,0.));
#2125 = LINE('',#2126,#2127);
#2126 = CARTESIAN_POINT('',(-10.,5.,0.));
#2127 = VECTOR('',#2128,1.);
#2128 = DIRECTION('',(1.,0.,0.));
#2129 = ORIENTED_EDGE('',*,*,#2130,.F.);
#2130 = EDGE_CURVE('',#2131,#2123,#2133,.T.);
#2131 = VERTEX_POINT('',#2132);
#2132 = CARTESIAN_POINT('',(-24.,1.,0.));
#2133 = CIRCLE('',#2134,4.);
#2134 = AXIS2_PLACEMENT_3D('',#2135,#2136,#2137);
#2135 = CARTESIAN_POINT('',(-20.,1.,0.));
#2136 = DIRECTION('',(0.,0.,-1.));
#2137 = DIRECTION('',(1.,0.,0.));
#2138 = ORIENTED_EDGE('',*,*,#2139,.T.);
#2139 = EDGE_CURVE('',#2131,#2140,#2142,.T.);
#2140 = VERTEX_POINT('',#2141);
#2141 = CARTESIAN_POINT('',(-24.,-12.,0.));
#2142 = LINE('',#2143,#2144);
#2143 = CARTESIAN_POINT('',(-24.,-9.358230854638,0.));
#2144 = VECTOR('',#2145,1.);
#2145 = DIRECTION('',(0.,-1.,0.));
#2146 = ORIENTED_EDGE('',*,*,#2147,.F.);
#2147 = EDGE_CURVE('',#2148,#2140,#2150,.T.);
#2148 = VERTEX_POINT('',#2149);
#2149 = CARTESIAN_POINT('',(-29.,-12.,0.));
#2150 = LINE('',#2151,#2152);
#2151 = CARTESIAN_POINT('',(-36.,-12.,0.));
#2152 = VECTOR('',#2153,1.);
#2153 = DIRECTION('',(1.,0.,0.));
#2154 = ORIENTED_EDGE('',*,*,#2155,.F.);
#2155 = EDGE_CURVE('',#2156,#2148,#2158,.T.);
#2156 = VERTEX_POINT('',#2157);
#2157 = CARTESIAN_POINT('',(-29.,-4.079215610874,0.));
#2158 = LINE('',#2159,#2160);
#2159 = CARTESIAN_POINT('',(-29.,-9.858230854638,0.));
#2160 = VECTOR('',#2161,1.);
#2161 = DIRECTION('',(0.,-1.,0.));
#2162 = ORIENTED_EDGE('',*,*,#2163,.F.);
#2163 = EDGE_CURVE('',#2164,#2156,#2166,.T.);
#2164 = VERTEX_POINT('',#2165);
#2165 = CARTESIAN_POINT('',(-31.,-4.079215610874,0.));
#2166 = CIRCLE('',#2167,4.2);
#2167 = AXIS2_PLACEMENT_3D('',#2168,#2169,#2170);
#2168 = CARTESIAN_POINT('',(-30.,0.,0.));
#2169 = DIRECTION('',(0.,0.,-1.));
#2170 = DIRECTION('',(1.,0.,0.));
#2171 = ORIENTED_EDGE('',*,*,#2172,.T.);
#2172 = EDGE_CURVE('',#2164,#1654,#2173,.T.);
#2173 = LINE('',#2174,#2175);
#2174 = CARTESIAN_POINT('',(-31.,-9.858230854638,0.));
#2175 = VECTOR('',#2176,1.);
#2176 = DIRECTION('',(0.,-1.,0.));
#2177 = FACE_BOUND('',#2178,.T.);
#2178 = EDGE_LOOP('',(#2179));
#2179 = ORIENTED_EDGE('',*,*,#2180,.T.);
#2180 = EDGE_CURVE('',#2181,#2181,#2183,.T.);
#2181 = VERTEX_POINT('',#2182);
#2182 = CARTESIAN_POINT('',(27.8,10.,0.));
#2183 = CIRCLE('',#2184,2.2);
#2184 = AXIS2_PLACEMENT_3D('',#2185,#2186,#2187);
#2185 = CARTESIAN_POINT('',(30.,10.,0.));
#2186 = DIRECTION('',(-1.224646799147E-16,0.,1.));
#2187 = DIRECTION('',(-1.,0.,-1.224646799147E-16));
#2188 = FACE_BOUND('',#2189,.T.);
#2189 = EDGE_LOOP('',(#2190));
#2190 = ORIENTED_EDGE('',*,*,#2191,.T.);
#2191 = EDGE_CURVE('',#2192,#2192,#2194,.T.);
#2192 = VERTEX_POINT('',#2193);
#2193 = CARTESIAN_POINT('',(-32.2,10.,0.));
#2194 = CIRCLE('',#2195,2.2);
#2195 = AXIS2_PLACEMENT_3D('',#2196,#2197,#2198);
#2196 = CARTESIAN_POINT('',(-30.,10.,0.));
#2197 = DIRECTION('',(-1.224646799147E-16,0.,1.));
#2198 = DIRECTION('',(-1.,0.,-1.224646799147E-16));
#2199 = FACE_BOUND('',#2200,.T.);
#2200 = EDGE_LOOP('',(#2201));
#2201 = ORIENTED_EDGE('',*,*,#2202,.T.);
#2202 = EDGE_CURVE('',#2203,#2203,#2205,.T.);
#2203 = VERTEX_POINT('',#2204);
#2204 = CARTESIAN_POINT('',(28.3,50.,0.));
#2205 = CIRCLE('',#2206,1.7);
#2206 = AXIS2_PLACEMENT_3D('',#2207,#2208,#2209);
#2207 = CARTESIAN_POINT('',(30.,50.,0.));
#2208 = DIRECTION('',(-1.224646799147E-16,0.,1.));
#2209 = DIRECTION('',(-1.,0.,-1.224646799147E-16));
#2210 = FACE_BOUND('',#2211,.T.);
#2211 = EDGE_LOOP('',(#2212));
#2212 = ORIENTED_EDGE('',*,*,#2213,.T.);
#2213 = EDGE_CURVE('',#2214,#2214,#2216,.T.);
#2214 = VERTEX_POINT('',#2215);
#2215 = CARTESIAN_POINT('',(-31.7,50.,0.));
#2216 = CIRCLE('',#2217,1.7);
#2217 = AXIS2_PLACEMENT_3D('',#2218,#2219,#2220);
#2218 = CARTESIAN_POINT('',(-30.,50.,0.));
#2219 = DIRECTION('',(-1.224646799147E-16,0.,1.));
#2220 = DIRECTION('',(-1.,0.,-1.224646799147E-16));
#2221 = PLANE('',#2222);
#2222 = AXIS2_PLACEMENT_3D('',#2223,#2224,#2225);
#2223 = CARTESIAN_POINT('',(2.056317196959E-02,14.287557405176,
    -5.329070518201E-15));
#2224 = DIRECTION('',(-0.,-0.,-1.));
#2225 = DIRECTION('',(-1.,0.,0.));
#2226 = ADVANCED_FACE('',(#2227),#2262,.T.);
#2227 = FACE_BOUND('',#2228,.F.);
#2228 = EDGE_LOOP('',(#2229,#2230,#2236,#2237,#2238,#2239,#2247,#2256));
#2229 = ORIENTED_EDGE('',*,*,#1987,.F.);
#2230 = ORIENTED_EDGE('',*,*,#2231,.T.);
#2231 = EDGE_CURVE('',#1988,#1820,#2232,.T.);
#2232 = LINE('',#2233,#2234);
#2233 = CARTESIAN_POINT('',(-24.,10.,0.));
#2234 = VECTOR('',#2235,1.);
#2235 = DIRECTION('',(0.,0.,1.));
#2236 = ORIENTED_EDGE('',*,*,#1827,.T.);
#2237 = ORIENTED_EDGE('',*,*,#1609,.F.);
#2238 = ORIENTED_EDGE('',*,*,#1944,.F.);
#2239 = ORIENTED_EDGE('',*,*,#2240,.F.);
#2240 = EDGE_CURVE('',#2241,#1945,#2243,.T.);
#2241 = VERTEX_POINT('',#2242);
#2242 = CARTESIAN_POINT('',(-32.5,15.454356057318,29.651660356056));
#2243 = LINE('',#2244,#2245);
#2244 = CARTESIAN_POINT('',(-32.5,15.454356057318,0.));
#2245 = VECTOR('',#2246,1.);
#2246 = DIRECTION('',(-0.,-0.,-1.));
#2247 = ORIENTED_EDGE('',*,*,#2248,.F.);
#2248 = EDGE_CURVE('',#2249,#2241,#2251,.T.);
#2249 = VERTEX_POINT('',#2250);
#2250 = CARTESIAN_POINT('',(-27.5,15.454356057318,29.651660356056));
#2251 = ELLIPSE('',#2252,7.560423268574,6.);
#2252 = AXIS2_PLACEMENT_3D('',#2253,#2254,#2255);
#2253 = CARTESIAN_POINT('',(-30.,10.,33.833333333333));
#2254 = DIRECTION('',(-1.762160109591E-16,0.608431543657,0.793606361292)
  );
#2255 = DIRECTION('',(-2.298469708162E-16,0.793606361292,-0.608431543657
    ));
#2256 = ORIENTED_EDGE('',*,*,#2257,.T.);
#2257 = EDGE_CURVE('',#2249,#1980,#2258,.T.);
#2258 = LINE('',#2259,#2260);
#2259 = CARTESIAN_POINT('',(-27.5,15.454356057318,0.));
#2260 = VECTOR('',#2261,1.);
#2261 = DIRECTION('',(-0.,-0.,-1.));
#2262 = CYLINDRICAL_SURFACE('',#2263,6.);
#2263 = AXIS2_PLACEMENT_3D('',#2264,#2265,#2266);
#2264 = CARTESIAN_POINT('',(-30.,10.,0.));
#2265 = DIRECTION('',(-0.,-0.,-1.));
#2266 = DIRECTION('',(1.,0.,0.));
#2267 = ADVANCED_FACE('',(#2268),#2287,.F.);
#2268 = FACE_BOUND('',#2269,.T.);
#2269 = EDGE_LOOP('',(#2270,#2279,#2285,#2286));
#2270 = ORIENTED_EDGE('',*,*,#2271,.T.);
#2271 = EDGE_CURVE('',#2272,#2272,#2274,.T.);
#2272 = VERTEX_POINT('',#2273);
#2273 = CARTESIAN_POINT('',(-31.,-6.,8.7));
#2274 = CIRCLE('',#2275,1.7);
#2275 = AXIS2_PLACEMENT_3D('',#2276,#2277,#2278);
#2276 = CARTESIAN_POINT('',(-31.,-6.,7.));
#2277 = DIRECTION('',(1.,0.,2.22044604925E-16));
#2278 = DIRECTION('',(-2.22044604925E-16,0.,1.));
#2279 = ORIENTED_EDGE('',*,*,#2280,.T.);
#2280 = EDGE_CURVE('',#2272,#1626,#2281,.T.);
#2281 = LINE('',#2282,#2283);
#2282 = CARTESIAN_POINT('',(-24.,-6.,8.7));
#2283 = VECTOR('',#2284,1.);
#2284 = DIRECTION('',(-1.,0.,-2.22044604925E-16));
#2285 = ORIENTED_EDGE('',*,*,#1625,.F.);
#2286 = ORIENTED_EDGE('',*,*,#2280,.F.);
#2287 = CYLINDRICAL_SURFACE('',#2288,1.7);
#2288 = AXIS2_PLACEMENT_3D('',#2289,#2290,#2291);
#2289 = CARTESIAN_POINT('',(-24.,-6.,7.));
#2290 = DIRECTION('',(1.,-0.,2.22044604925E-16));
#2291 = DIRECTION('',(-2.22044604925E-16,0.,1.));
#2292 = ADVANCED_FACE('',(#2293),#2312,.F.);
#2293 = FACE_BOUND('',#2294,.T.);
#2294 = EDGE_LOOP('',(#2295,#2304,#2310,#2311));
#2295 = ORIENTED_EDGE('',*,*,#2296,.T.);
#2296 = EDGE_CURVE('',#2297,#2297,#2299,.T.);
#2297 = VERTEX_POINT('',#2298);
#2298 = CARTESIAN_POINT('',(-31.,-6.,24.7));
#2299 = CIRCLE('',#2300,1.7);
#2300 = AXIS2_PLACEMENT_3D('',#2301,#2302,#2303);
#2301 = CARTESIAN_POINT('',(-31.,-6.,23.));
#2302 = DIRECTION('',(1.,0.,2.22044604925E-16));
#2303 = DIRECTION('',(-2.22044604925E-16,0.,1.));
#2304 = ORIENTED_EDGE('',*,*,#2305,.T.);
#2305 = EDGE_CURVE('',#2297,#1637,#2306,.T.);
#2306 = LINE('',#2307,#2308);
#2307 = CARTESIAN_POINT('',(-24.,-6.,24.7));
#2308 = VECTOR('',#2309,1.);
#2309 = DIRECTION('',(-1.,0.,-2.22044604925E-16));
#2310 = ORIENTED_EDGE('',*,*,#1636,.F.);
#2311 = ORIENTED_EDGE('',*,*,#2305,.F.);
#2312 = CYLINDRICAL_SURFACE('',#2313,1.7);
#2313 = AXIS2_PLACEMENT_3D('',#2314,#2315,#2316);
#2314 = CARTESIAN_POINT('',(-24.,-6.,23.));
#2315 = DIRECTION('',(1.,-0.,2.22044604925E-16));
#2316 = DIRECTION('',(-2.22044604925E-16,0.,1.));
#2317 = ADVANCED_FACE('',(#2318,#2329,#2332),#2335,.T.);
#2318 = FACE_BOUND('',#2319,.T.);
#2319 = EDGE_LOOP('',(#2320,#2326,#2327,#2328));
#2320 = ORIENTED_EDGE('',*,*,#2321,.F.);
#2321 = EDGE_CURVE('',#1687,#2164,#2322,.T.);
#2322 = LINE('',#2323,#2324);
#2323 = CARTESIAN_POINT('',(-31.,-4.079215610874,-0.5));
#2324 = VECTOR('',#2325,1.);
#2325 = DIRECTION('',(-0.,-0.,-1.));
#2326 = ORIENTED_EDGE('',*,*,#1686,.F.);
#2327 = ORIENTED_EDGE('',*,*,#1670,.T.);
#2328 = ORIENTED_EDGE('',*,*,#2172,.F.);
#2329 = FACE_BOUND('',#2330,.T.);
#2330 = EDGE_LOOP('',(#2331));
#2331 = ORIENTED_EDGE('',*,*,#2271,.F.);
#2332 = FACE_BOUND('',#2333,.T.);
#2333 = EDGE_LOOP('',(#2334));
#2334 = ORIENTED_EDGE('',*,*,#2296,.F.);
#2335 = PLANE('',#2336);
#2336 = AXIS2_PLACEMENT_3D('',#2337,#2338,#2339);
#2337 = CARTESIAN_POINT('',(-31.,-20.,-0.5));
#2338 = DIRECTION('',(1.,0.,0.));
#2339 = DIRECTION('',(0.,0.,1.));
#2340 = ADVANCED_FACE('',(#2341,#2352,#2363,#2374,#2385,#2396,#2407,
    #2418,#2429,#2440,#2451,#2462,#2473),#2484,.T.);
#2341 = FACE_BOUND('',#2342,.T.);
#2342 = EDGE_LOOP('',(#2343,#2344,#2345,#2346));
#2343 = ORIENTED_EDGE('',*,*,#1996,.F.);
#2344 = ORIENTED_EDGE('',*,*,#2231,.T.);
#2345 = ORIENTED_EDGE('',*,*,#1819,.T.);
#2346 = ORIENTED_EDGE('',*,*,#2347,.T.);
#2347 = EDGE_CURVE('',#1811,#1997,#2348,.T.);
#2348 = LINE('',#2349,#2350);
#2349 = CARTESIAN_POINT('',(24.,10.,0.));
#2350 = VECTOR('',#2351,1.);
#2351 = DIRECTION('',(-0.,-0.,-1.));
#2352 = FACE_BOUND('',#2353,.T.);
#2353 = EDGE_LOOP('',(#2354));
#2354 = ORIENTED_EDGE('',*,*,#2355,.T.);
#2355 = EDGE_CURVE('',#2356,#2356,#2358,.T.);
#2356 = VERTEX_POINT('',#2357);
#2357 = CARTESIAN_POINT('',(-18.3,10.,31.9));
#2358 = CIRCLE('',#2359,1.6);
#2359 = AXIS2_PLACEMENT_3D('',#2360,#2361,#2362);
#2360 = CARTESIAN_POINT('',(-19.9,10.,31.9));
#2361 = DIRECTION('',(0.,-1.,2.22044604925E-16));
#2362 = DIRECTION('',(1.,0.,0.));
#2363 = FACE_BOUND('',#2364,.T.);
#2364 = EDGE_LOOP('',(#2365));
#2365 = ORIENTED_EDGE('',*,*,#2366,.T.);
#2366 = EDGE_CURVE('',#2367,#2367,#2369,.T.);
#2367 = VERTEX_POINT('',#2368);
#2368 = CARTESIAN_POINT('',(-15.45,10.,27.05));
#2369 = CIRCLE('',#2370,0.55);
#2370 = AXIS2_PLACEMENT_3D('',#2371,#2372,#2373);
#2371 = CARTESIAN_POINT('',(-16.,10.,27.05));
#2372 = DIRECTION('',(0.,-1.,2.22044604925E-16));
#2373 = DIRECTION('',(1.,0.,0.));
#2374 = FACE_BOUND('',#2375,.T.);
#2375 = EDGE_LOOP('',(#2376));
#2376 = ORIENTED_EDGE('',*,*,#2377,.T.);
#2377 = EDGE_CURVE('',#2378,#2378,#2380,.T.);
#2378 = VERTEX_POINT('',#2379);
#2379 = CARTESIAN_POINT('',(-10.45,10.,27.05));
#2380 = CIRCLE('',#2381,0.55);
#2381 = AXIS2_PLACEMENT_3D('',#2382,#2383,#2384);
#2382 = CARTESIAN_POINT('',(-11.,10.,27.05));
#2383 = DIRECTION('',(0.,-1.,2.22044604925E-16));
#2384 = DIRECTION('',(1.,0.,0.));
#2385 = FACE_BOUND('',#2386,.T.);
#2386 = EDGE_LOOP('',(#2387));
#2387 = ORIENTED_EDGE('',*,*,#2388,.T.);
#2388 = EDGE_CURVE('',#2389,#2389,#2391,.T.);
#2389 = VERTEX_POINT('',#2390);
#2390 = CARTESIAN_POINT('',(-5.45,10.,27.05));
#2391 = CIRCLE('',#2392,0.55);
#2392 = AXIS2_PLACEMENT_3D('',#2393,#2394,#2395);
#2393 = CARTESIAN_POINT('',(-6.,10.,27.05));
#2394 = DIRECTION('',(0.,-1.,2.22044604925E-16));
#2395 = DIRECTION('',(1.,0.,0.));
#2396 = FACE_BOUND('',#2397,.T.);
#2397 = EDGE_LOOP('',(#2398));
#2398 = ORIENTED_EDGE('',*,*,#2399,.F.);
#2399 = EDGE_CURVE('',#2400,#2400,#2402,.T.);
#2400 = VERTEX_POINT('',#2401);
#2401 = CARTESIAN_POINT('',(9.95038947069,10.,15.087301923729));
#2402 = ELLIPSE('',#2403,10.047589979248,9.995825627936);
#2403 = AXIS2_PLACEMENT_3D('',#2404,#2405,#2406);
#2404 = CARTESIAN_POINT('',(0.,10.,14.130384904785));
#2405 = DIRECTION('',(0.,1.,0.));
#2406 = DIRECTION('',(0.,0.,-1.));
#2407 = FACE_BOUND('',#2408,.T.);
#2408 = EDGE_LOOP('',(#2409));
#2409 = ORIENTED_EDGE('',*,*,#2410,.T.);
#2410 = EDGE_CURVE('',#2411,#2411,#2413,.T.);
#2411 = VERTEX_POINT('',#2412);
#2412 = CARTESIAN_POINT('',(4.3,10.,24.55));
#2413 = CIRCLE('',#2414,0.55);
#2414 = AXIS2_PLACEMENT_3D('',#2415,#2416,#2417);
#2415 = CARTESIAN_POINT('',(3.75,10.,24.55));
#2416 = DIRECTION('',(0.,-1.,2.22044604925E-16));
#2417 = DIRECTION('',(1.,0.,0.));
#2418 = FACE_BOUND('',#2419,.T.);
#2419 = EDGE_LOOP('',(#2420));
#2420 = ORIENTED_EDGE('',*,*,#2421,.T.);
#2421 = EDGE_CURVE('',#2422,#2422,#2424,.T.);
#2422 = VERTEX_POINT('',#2423);
#2423 = CARTESIAN_POINT('',(0.1,10.,31.9));
#2424 = CIRCLE('',#2425,1.6);
#2425 = AXIS2_PLACEMENT_3D('',#2426,#2427,#2428);
#2426 = CARTESIAN_POINT('',(-1.5,10.,31.9));
#2427 = DIRECTION('',(0.,-1.,2.22044604925E-16));
#2428 = DIRECTION('',(1.,0.,0.));
#2429 = FACE_BOUND('',#2430,.T.);
#2430 = EDGE_LOOP('',(#2431));
#2431 = ORIENTED_EDGE('',*,*,#2432,.T.);
#2432 = EDGE_CURVE('',#2433,#2433,#2435,.T.);
#2433 = VERTEX_POINT('',#2434);
#2434 = CARTESIAN_POINT('',(4.3,10.,27.05));
#2435 = CIRCLE('',#2436,0.55);
#2436 = AXIS2_PLACEMENT_3D('',#2437,#2438,#2439);
#2437 = CARTESIAN_POINT('',(3.75,10.,27.05));
#2438 = DIRECTION('',(0.,-1.,2.22044604925E-16));
#2439 = DIRECTION('',(1.,0.,0.));
#2440 = FACE_BOUND('',#2441,.T.);
#2441 = EDGE_LOOP('',(#2442));
#2442 = ORIENTED_EDGE('',*,*,#2443,.T.);
#2443 = EDGE_CURVE('',#2444,#2444,#2446,.T.);
#2444 = VERTEX_POINT('',#2445);
#2445 = CARTESIAN_POINT('',(4.3,10.,29.55));
#2446 = CIRCLE('',#2447,0.55);
#2447 = AXIS2_PLACEMENT_3D('',#2448,#2449,#2450);
#2448 = CARTESIAN_POINT('',(3.75,10.,29.55));
#2449 = DIRECTION('',(0.,-1.,2.22044604925E-16));
#2450 = DIRECTION('',(1.,0.,0.));
#2451 = FACE_BOUND('',#2452,.T.);
#2452 = EDGE_LOOP('',(#2453));
#2453 = ORIENTED_EDGE('',*,*,#2454,.T.);
#2454 = EDGE_CURVE('',#2455,#2455,#2457,.T.);
#2455 = VERTEX_POINT('',#2456);
#2456 = CARTESIAN_POINT('',(4.3,10.,32.05));
#2457 = CIRCLE('',#2458,0.55);
#2458 = AXIS2_PLACEMENT_3D('',#2459,#2460,#2461);
#2459 = CARTESIAN_POINT('',(3.75,10.,32.05));
#2460 = DIRECTION('',(0.,-1.,2.22044604925E-16));
#2461 = DIRECTION('',(1.,0.,0.));
#2462 = FACE_BOUND('',#2463,.T.);
#2463 = EDGE_LOOP('',(#2464));
#2464 = ORIENTED_EDGE('',*,*,#2465,.T.);
#2465 = EDGE_CURVE('',#2466,#2466,#2468,.T.);
#2466 = VERTEX_POINT('',#2467);
#2467 = CARTESIAN_POINT('',(14.6,10.,21.5));
#2468 = CIRCLE('',#2469,1.6);
#2469 = AXIS2_PLACEMENT_3D('',#2470,#2471,#2472);
#2470 = CARTESIAN_POINT('',(13.,10.,21.5));
#2471 = DIRECTION('',(0.,-1.,2.22044604925E-16));
#2472 = DIRECTION('',(1.,0.,0.));
#2473 = FACE_BOUND('',#2474,.T.);
#2474 = EDGE_LOOP('',(#2475));
#2475 = ORIENTED_EDGE('',*,*,#2476,.T.);
#2476 = EDGE_CURVE('',#2477,#2477,#2479,.T.);
#2477 = VERTEX_POINT('',#2478);
#2478 = CARTESIAN_POINT('',(14.6,10.,31.9));
#2479 = CIRCLE('',#2480,1.6);
#2480 = AXIS2_PLACEMENT_3D('',#2481,#2482,#2483);
#2481 = CARTESIAN_POINT('',(13.,10.,31.9));
#2482 = DIRECTION('',(0.,-1.,2.22044604925E-16));
#2483 = DIRECTION('',(1.,0.,0.));
#2484 = PLANE('',#2485);
#2485 = AXIS2_PLACEMENT_3D('',#2486,#2487,#2488);
#2486 = CARTESIAN_POINT('',(-36.,10.,0.));
#2487 = DIRECTION('',(0.,1.,0.));
#2488 = DIRECTION('',(0.,0.,1.));
#2489 = ADVANCED_FACE('',(#2490),#2525,.T.);
#2490 = FACE_BOUND('',#2491,.F.);
#2491 = EDGE_LOOP('',(#2492,#2493,#2499,#2500,#2501,#2502,#2510,#2519));
#2492 = ORIENTED_EDGE('',*,*,#2047,.F.);
#2493 = ORIENTED_EDGE('',*,*,#2494,.T.);
#2494 = EDGE_CURVE('',#2048,#1803,#2495,.T.);
#2495 = LINE('',#2496,#2497);
#2496 = CARTESIAN_POINT('',(36.,10.,0.));
#2497 = VECTOR('',#2498,1.);
#2498 = DIRECTION('',(0.,0.,1.));
#2499 = ORIENTED_EDGE('',*,*,#1810,.T.);
#2500 = ORIENTED_EDGE('',*,*,#2347,.T.);
#2501 = ORIENTED_EDGE('',*,*,#2004,.F.);
#2502 = ORIENTED_EDGE('',*,*,#2503,.F.);
#2503 = EDGE_CURVE('',#2504,#2005,#2506,.T.);
#2504 = VERTEX_POINT('',#2505);
#2505 = CARTESIAN_POINT('',(27.5,15.454356057318,29.651660356056));
#2506 = LINE('',#2507,#2508);
#2507 = CARTESIAN_POINT('',(27.5,15.454356057318,0.));
#2508 = VECTOR('',#2509,1.);
#2509 = DIRECTION('',(-0.,-0.,-1.));
#2510 = ORIENTED_EDGE('',*,*,#2511,.F.);
#2511 = EDGE_CURVE('',#2512,#2504,#2514,.T.);
#2512 = VERTEX_POINT('',#2513);
#2513 = CARTESIAN_POINT('',(32.5,15.454356057318,29.651660356056));
#2514 = ELLIPSE('',#2515,7.560423268574,6.);
#2515 = AXIS2_PLACEMENT_3D('',#2516,#2517,#2518);
#2516 = CARTESIAN_POINT('',(30.,10.,33.833333333333));
#2517 = DIRECTION('',(-1.762160109591E-16,0.608431543657,0.793606361292)
  );
#2518 = DIRECTION('',(-2.298469708162E-16,0.793606361292,-0.608431543657
    ));
#2519 = ORIENTED_EDGE('',*,*,#2520,.T.);
#2520 = EDGE_CURVE('',#2512,#2040,#2521,.T.);
#2521 = LINE('',#2522,#2523);
#2522 = CARTESIAN_POINT('',(32.5,15.454356057318,0.));
#2523 = VECTOR('',#2524,1.);
#2524 = DIRECTION('',(-0.,-0.,-1.));
#2525 = CYLINDRICAL_SURFACE('',#2526,6.);
#2526 = AXIS2_PLACEMENT_3D('',#2527,#2528,#2529);
#2527 = CARTESIAN_POINT('',(30.,10.,0.));
#2528 = DIRECTION('',(-0.,-0.,-1.));
#2529 = DIRECTION('',(1.,0.,0.));
#2530 = ADVANCED_FACE('',(#2531,#2542,#2553),#2564,.T.);
#2531 = FACE_BOUND('',#2532,.T.);
#2532 = EDGE_LOOP('',(#2533,#2539,#2540,#2541));
#2533 = ORIENTED_EDGE('',*,*,#2534,.F.);
#2534 = EDGE_CURVE('',#2057,#1795,#2535,.T.);
#2535 = LINE('',#2536,#2537);
#2536 = CARTESIAN_POINT('',(36.,-12.,0.));
#2537 = VECTOR('',#2538,1.);
#2538 = DIRECTION('',(0.,0.,1.));
#2539 = ORIENTED_EDGE('',*,*,#2056,.T.);
#2540 = ORIENTED_EDGE('',*,*,#2494,.T.);
#2541 = ORIENTED_EDGE('',*,*,#1802,.F.);
#2542 = FACE_BOUND('',#2543,.T.);
#2543 = EDGE_LOOP('',(#2544));
#2544 = ORIENTED_EDGE('',*,*,#2545,.T.);
#2545 = EDGE_CURVE('',#2546,#2546,#2548,.T.);
#2546 = VERTEX_POINT('',#2547);
#2547 = CARTESIAN_POINT('',(36.,-6.,5.3));
#2548 = CIRCLE('',#2549,1.7);
#2549 = AXIS2_PLACEMENT_3D('',#2550,#2551,#2552);
#2550 = CARTESIAN_POINT('',(36.,-6.,7.));
#2551 = DIRECTION('',(-1.,0.,2.22044604925E-16));
#2552 = DIRECTION('',(-2.22044604925E-16,0.,-1.));
#2553 = FACE_BOUND('',#2554,.T.);
#2554 = EDGE_LOOP('',(#2555));
#2555 = ORIENTED_EDGE('',*,*,#2556,.T.);
#2556 = EDGE_CURVE('',#2557,#2557,#2559,.T.);
#2557 = VERTEX_POINT('',#2558);
#2558 = CARTESIAN_POINT('',(36.,-6.,21.3));
#2559 = CIRCLE('',#2560,1.7);
#2560 = AXIS2_PLACEMENT_3D('',#2561,#2562,#2563);
#2561 = CARTESIAN_POINT('',(36.,-6.,23.));
#2562 = DIRECTION('',(-1.,0.,2.22044604925E-16));
#2563 = DIRECTION('',(-2.22044604925E-16,0.,-1.));
#2564 = PLANE('',#2565);
#2565 = AXIS2_PLACEMENT_3D('',#2566,#2567,#2568);
#2566 = CARTESIAN_POINT('',(36.,-12.,0.));
#2567 = DIRECTION('',(1.,0.,0.));
#2568 = DIRECTION('',(0.,0.,1.));
#2569 = ADVANCED_FACE('',(#2570),#2581,.F.);
#2570 = FACE_BOUND('',#2571,.F.);
#2571 = EDGE_LOOP('',(#2572,#2573,#2579,#2580));
#2572 = ORIENTED_EDGE('',*,*,#2064,.F.);
#2573 = ORIENTED_EDGE('',*,*,#2574,.F.);
#2574 = EDGE_CURVE('',#1787,#2065,#2575,.T.);
#2575 = LINE('',#2576,#2577);
#2576 = CARTESIAN_POINT('',(31.,-12.,-0.25));
#2577 = VECTOR('',#2578,1.);
#2578 = DIRECTION('',(0.,0.,-1.));
#2579 = ORIENTED_EDGE('',*,*,#1794,.T.);
#2580 = ORIENTED_EDGE('',*,*,#2534,.F.);
#2581 = PLANE('',#2582);
#2582 = AXIS2_PLACEMENT_3D('',#2583,#2584,#2585);
#2583 = CARTESIAN_POINT('',(-36.,-12.,0.));
#2584 = DIRECTION('',(0.,1.,0.));
#2585 = DIRECTION('',(0.,0.,1.));
#2586 = ADVANCED_FACE('',(#2587,#2598,#2609),#2620,.F.);
#2587 = FACE_BOUND('',#2588,.F.);
#2588 = EDGE_LOOP('',(#2589,#2595,#2596,#2597));
#2589 = ORIENTED_EDGE('',*,*,#2590,.F.);
#2590 = EDGE_CURVE('',#1778,#2073,#2591,.T.);
#2591 = LINE('',#2592,#2593);
#2592 = CARTESIAN_POINT('',(31.,-4.079215610874,-0.5));
#2593 = VECTOR('',#2594,1.);
#2594 = DIRECTION('',(-0.,-0.,-1.));
#2595 = ORIENTED_EDGE('',*,*,#1786,.F.);
#2596 = ORIENTED_EDGE('',*,*,#2574,.T.);
#2597 = ORIENTED_EDGE('',*,*,#2072,.F.);
#2598 = FACE_BOUND('',#2599,.F.);
#2599 = EDGE_LOOP('',(#2600));
#2600 = ORIENTED_EDGE('',*,*,#2601,.T.);
#2601 = EDGE_CURVE('',#2602,#2602,#2604,.T.);
#2602 = VERTEX_POINT('',#2603);
#2603 = CARTESIAN_POINT('',(31.,-6.,5.3));
#2604 = CIRCLE('',#2605,1.7);
#2605 = AXIS2_PLACEMENT_3D('',#2606,#2607,#2608);
#2606 = CARTESIAN_POINT('',(31.,-6.,7.));
#2607 = DIRECTION('',(-1.,0.,2.22044604925E-16));
#2608 = DIRECTION('',(-2.22044604925E-16,0.,-1.));
#2609 = FACE_BOUND('',#2610,.F.);
#2610 = EDGE_LOOP('',(#2611));
#2611 = ORIENTED_EDGE('',*,*,#2612,.T.);
#2612 = EDGE_CURVE('',#2613,#2613,#2615,.T.);
#2613 = VERTEX_POINT('',#2614);
#2614 = CARTESIAN_POINT('',(31.,-6.,21.3));
#2615 = CIRCLE('',#2616,1.7);
#2616 = AXIS2_PLACEMENT_3D('',#2617,#2618,#2619);
#2617 = CARTESIAN_POINT('',(31.,-6.,23.));
#2618 = DIRECTION('',(-1.,0.,2.22044604925E-16));
#2619 = DIRECTION('',(-2.22044604925E-16,0.,-1.));
#2620 = PLANE('',#2621);
#2621 = AXIS2_PLACEMENT_3D('',#2622,#2623,#2624);
#2622 = CARTESIAN_POINT('',(31.,-20.,-0.5));
#2623 = DIRECTION('',(1.,0.,0.));
#2624 = DIRECTION('',(0.,0.,1.));
#2625 = ADVANCED_FACE('',(#2626),#2637,.F.);
#2626 = FACE_BOUND('',#2627,.T.);
#2627 = EDGE_LOOP('',(#2628,#2629,#2630,#2636));
#2628 = ORIENTED_EDGE('',*,*,#2590,.F.);
#2629 = ORIENTED_EDGE('',*,*,#1777,.F.);
#2630 = ORIENTED_EDGE('',*,*,#2631,.T.);
#2631 = EDGE_CURVE('',#1770,#2081,#2632,.T.);
#2632 = LINE('',#2633,#2634);
#2633 = CARTESIAN_POINT('',(29.,-4.079215610874,-0.5));
#2634 = VECTOR('',#2635,1.);
#2635 = DIRECTION('',(-0.,-0.,-1.));
#2636 = ORIENTED_EDGE('',*,*,#2080,.T.);
#2637 = CYLINDRICAL_SURFACE('',#2638,4.2);
#2638 = AXIS2_PLACEMENT_3D('',#2639,#2640,#2641);
#2639 = CARTESIAN_POINT('',(30.,0.,-0.5));
#2640 = DIRECTION('',(-0.,-0.,-1.));
#2641 = DIRECTION('',(1.,0.,0.));
#2642 = ADVANCED_FACE('',(#2643,#2654,#2665),#2676,.T.);
#2643 = FACE_BOUND('',#2644,.T.);
#2644 = EDGE_LOOP('',(#2645,#2646,#2647,#2653));
#2645 = ORIENTED_EDGE('',*,*,#2631,.F.);
#2646 = ORIENTED_EDGE('',*,*,#1769,.F.);
#2647 = ORIENTED_EDGE('',*,*,#2648,.T.);
#2648 = EDGE_CURVE('',#1762,#2090,#2649,.T.);
#2649 = LINE('',#2650,#2651);
#2650 = CARTESIAN_POINT('',(29.,-12.,-0.25));
#2651 = VECTOR('',#2652,1.);
#2652 = DIRECTION('',(0.,0.,-1.));
#2653 = ORIENTED_EDGE('',*,*,#2089,.F.);
#2654 = FACE_BOUND('',#2655,.T.);
#2655 = EDGE_LOOP('',(#2656));
#2656 = ORIENTED_EDGE('',*,*,#2657,.T.);
#2657 = EDGE_CURVE('',#2658,#2658,#2660,.T.);
#2658 = VERTEX_POINT('',#2659);
#2659 = CARTESIAN_POINT('',(29.,-6.,5.3));
#2660 = CIRCLE('',#2661,1.7);
#2661 = AXIS2_PLACEMENT_3D('',#2662,#2663,#2664);
#2662 = CARTESIAN_POINT('',(29.,-6.,7.));
#2663 = DIRECTION('',(-1.,0.,2.22044604925E-16));
#2664 = DIRECTION('',(-2.22044604925E-16,0.,-1.));
#2665 = FACE_BOUND('',#2666,.T.);
#2666 = EDGE_LOOP('',(#2667));
#2667 = ORIENTED_EDGE('',*,*,#2668,.T.);
#2668 = EDGE_CURVE('',#2669,#2669,#2671,.T.);
#2669 = VERTEX_POINT('',#2670);
#2670 = CARTESIAN_POINT('',(29.,-6.,21.3));
#2671 = CIRCLE('',#2672,1.7);
#2672 = AXIS2_PLACEMENT_3D('',#2673,#2674,#2675);
#2673 = CARTESIAN_POINT('',(29.,-6.,23.));
#2674 = DIRECTION('',(-1.,0.,2.22044604925E-16));
#2675 = DIRECTION('',(-2.22044604925E-16,0.,-1.));
#2676 = PLANE('',#2677);
#2677 = AXIS2_PLACEMENT_3D('',#2678,#2679,#2680);
#2678 = CARTESIAN_POINT('',(29.,-20.,-0.5));
#2679 = DIRECTION('',(1.,0.,0.));
#2680 = DIRECTION('',(0.,0.,1.));
#2681 = ADVANCED_FACE('',(#2682),#2693,.F.);
#2682 = FACE_BOUND('',#2683,.F.);
#2683 = EDGE_LOOP('',(#2684,#2685,#2691,#2692));
#2684 = ORIENTED_EDGE('',*,*,#2097,.F.);
#2685 = ORIENTED_EDGE('',*,*,#2686,.F.);
#2686 = EDGE_CURVE('',#1754,#2098,#2687,.T.);
#2687 = LINE('',#2688,#2689);
#2688 = CARTESIAN_POINT('',(24.,-12.,-0.25));
#2689 = VECTOR('',#2690,1.);
#2690 = DIRECTION('',(0.,0.,-1.));
#2691 = ORIENTED_EDGE('',*,*,#1761,.T.);
#2692 = ORIENTED_EDGE('',*,*,#2648,.T.);
#2693 = PLANE('',#2694);
#2694 = AXIS2_PLACEMENT_3D('',#2695,#2696,#2697);
#2695 = CARTESIAN_POINT('',(-36.,-12.,0.));
#2696 = DIRECTION('',(0.,1.,0.));
#2697 = DIRECTION('',(0.,0.,1.));
#2698 = ADVANCED_FACE('',(#2699,#2710,#2760),#2810,.F.);
#2699 = FACE_BOUND('',#2700,.F.);
#2700 = EDGE_LOOP('',(#2701,#2707,#2708,#2709));
#2701 = ORIENTED_EDGE('',*,*,#2702,.T.);
#2702 = EDGE_CURVE('',#2106,#1745,#2703,.T.);
#2703 = LINE('',#2704,#2705);
#2704 = CARTESIAN_POINT('',(24.,1.,-0.5));
#2705 = VECTOR('',#2706,1.);
#2706 = DIRECTION('',(0.,0.,1.));
#2707 = ORIENTED_EDGE('',*,*,#1753,.F.);
#2708 = ORIENTED_EDGE('',*,*,#2686,.T.);
#2709 = ORIENTED_EDGE('',*,*,#2105,.F.);
#2710 = FACE_BOUND('',#2711,.F.);
#2711 = EDGE_LOOP('',(#2712,#2722,#2730,#2738,#2746,#2754));
#2712 = ORIENTED_EDGE('',*,*,#2713,.T.);
#2713 = EDGE_CURVE('',#2714,#2716,#2718,.T.);
#2714 = VERTEX_POINT('',#2715);
#2715 = CARTESIAN_POINT('',(24.,-3.22871870789,8.6));
#2716 = VERTEX_POINT('',#2717);
#2717 = CARTESIAN_POINT('',(24.,-3.22871870789,5.4));
#2718 = LINE('',#2719,#2720);
#2719 = CARTESIAN_POINT('',(24.,-3.22871870789,2.45));
#2720 = VECTOR('',#2721,1.);
#2721 = DIRECTION('',(0.,-2.775557561563E-16,-1.));
#2722 = ORIENTED_EDGE('',*,*,#2723,.T.);
#2723 = EDGE_CURVE('',#2716,#2724,#2726,.T.);
#2724 = VERTEX_POINT('',#2725);
#2725 = CARTESIAN_POINT('',(24.,-6.,3.8));
#2726 = LINE('',#2727,#2728);
#2727 = CARTESIAN_POINT('',(24.,-11.80597730906,0.447917437701));
#2728 = VECTOR('',#2729,1.);
#2729 = DIRECTION('',(0.,-0.866025403784,-0.5));
#2730 = ORIENTED_EDGE('',*,*,#2731,.T.);
#2731 = EDGE_CURVE('',#2724,#2732,#2734,.T.);
#2732 = VERTEX_POINT('',#2733);
#2733 = CARTESIAN_POINT('',(24.,-8.77128129211,5.4));
#2734 = LINE('',#2735,#2736);
#2735 = CARTESIAN_POINT('',(24.,-11.32966333698,6.877082562299));
#2736 = VECTOR('',#2737,1.);
#2737 = DIRECTION('',(0.,-0.866025403784,0.5));
#2738 = ORIENTED_EDGE('',*,*,#2739,.T.);
#2739 = EDGE_CURVE('',#2732,#2740,#2742,.T.);
#2740 = VERTEX_POINT('',#2741);
#2741 = CARTESIAN_POINT('',(24.,-8.77128129211,8.6));
#2742 = LINE('',#2743,#2744);
#2743 = CARTESIAN_POINT('',(24.,-8.77128129211,4.05));
#2744 = VECTOR('',#2745,1.);
#2745 = DIRECTION('',(0.,6.938893903907E-16,1.));
#2746 = ORIENTED_EDGE('',*,*,#2747,.T.);
#2747 = EDGE_CURVE('',#2740,#2748,#2750,.T.);
#2748 = VERTEX_POINT('',#2749);
#2749 = CARTESIAN_POINT('',(24.,-6.,10.2));
#2750 = LINE('',#2751,#2752);
#2751 = CARTESIAN_POINT('',(24.,-13.19161795512,6.047917437701));
#2752 = VECTOR('',#2753,1.);
#2753 = DIRECTION('',(0.,0.866025403784,0.5));
#2754 = ORIENTED_EDGE('',*,*,#2755,.T.);
#2755 = EDGE_CURVE('',#2748,#2714,#2756,.T.);
#2756 = LINE('',#2757,#2758);
#2757 = CARTESIAN_POINT('',(24.,-7.172741398822,10.877082562299));
#2758 = VECTOR('',#2759,1.);
#2759 = DIRECTION('',(0.,0.866025403784,-0.5));
#2760 = FACE_BOUND('',#2761,.F.);
#2761 = EDGE_LOOP('',(#2762,#2772,#2780,#2788,#2796,#2804));
#2762 = ORIENTED_EDGE('',*,*,#2763,.T.);
#2763 = EDGE_CURVE('',#2764,#2766,#2768,.T.);
#2764 = VERTEX_POINT('',#2765);
#2765 = CARTESIAN_POINT('',(24.,-3.22871870789,24.6));
#2766 = VERTEX_POINT('',#2767);
#2767 = CARTESIAN_POINT('',(24.,-3.22871870789,21.4));
#2768 = LINE('',#2769,#2770);
#2769 = CARTESIAN_POINT('',(24.,-3.22871870789,10.45));
#2770 = VECTOR('',#2771,1.);
#2771 = DIRECTION('',(0.,-2.775557561563E-16,-1.));
#2772 = ORIENTED_EDGE('',*,*,#2773,.T.);
#2773 = EDGE_CURVE('',#2766,#2774,#2776,.T.);
#2774 = VERTEX_POINT('',#2775);
#2775 = CARTESIAN_POINT('',(24.,-6.,19.8));
#2776 = LINE('',#2777,#2778);
#2777 = CARTESIAN_POINT('',(24.,-15.2700789242,14.447917437701));
#2778 = VECTOR('',#2779,1.);
#2779 = DIRECTION('',(0.,-0.866025403784,-0.5));
#2780 = ORIENTED_EDGE('',*,*,#2781,.T.);
#2781 = EDGE_CURVE('',#2774,#2782,#2784,.T.);
#2782 = VERTEX_POINT('',#2783);
#2783 = CARTESIAN_POINT('',(24.,-8.77128129211,21.4));
#2784 = LINE('',#2785,#2786);
#2785 = CARTESIAN_POINT('',(24.,-7.865561721849,20.877082562299));
#2786 = VECTOR('',#2787,1.);
#2787 = DIRECTION('',(0.,-0.866025403784,0.5));
#2788 = ORIENTED_EDGE('',*,*,#2789,.T.);
#2789 = EDGE_CURVE('',#2782,#2790,#2792,.T.);
#2790 = VERTEX_POINT('',#2791);
#2791 = CARTESIAN_POINT('',(24.,-8.77128129211,24.6));
#2792 = LINE('',#2793,#2794);
#2793 = CARTESIAN_POINT('',(24.,-8.77128129211,12.05));
#2794 = VECTOR('',#2795,1.);
#2795 = DIRECTION('',(0.,6.938893903907E-16,1.));
#2796 = ORIENTED_EDGE('',*,*,#2797,.T.);
#2797 = EDGE_CURVE('',#2790,#2798,#2800,.T.);
#2798 = VERTEX_POINT('',#2799);
#2799 = CARTESIAN_POINT('',(24.,-6.,26.2));
#2800 = LINE('',#2801,#2802);
#2801 = CARTESIAN_POINT('',(24.,-16.65571957026,20.047917437701));
#2802 = VECTOR('',#2803,1.);
#2803 = DIRECTION('',(0.,0.866025403784,0.5));
#2804 = ORIENTED_EDGE('',*,*,#2805,.T.);
#2805 = EDGE_CURVE('',#2798,#2764,#2806,.T.);
#2806 = LINE('',#2807,#2808);
#2807 = CARTESIAN_POINT('',(24.,-3.708639783684,24.877082562299));
#2808 = VECTOR('',#2809,1.);
#2809 = DIRECTION('',(0.,0.866025403784,-0.5));
#2810 = PLANE('',#2811);
#2811 = AXIS2_PLACEMENT_3D('',#2812,#2813,#2814);
#2812 = CARTESIAN_POINT('',(24.,-19.,-0.5));
#2813 = DIRECTION('',(1.,0.,0.));
#2814 = DIRECTION('',(0.,0.,1.));
#2815 = ADVANCED_FACE('',(#2816),#2827,.F.);
#2816 = FACE_BOUND('',#2817,.T.);
#2817 = EDGE_LOOP('',(#2818,#2819,#2820,#2821));
#2818 = ORIENTED_EDGE('',*,*,#2113,.T.);
#2819 = ORIENTED_EDGE('',*,*,#2702,.T.);
#2820 = ORIENTED_EDGE('',*,*,#1744,.F.);
#2821 = ORIENTED_EDGE('',*,*,#2822,.F.);
#2822 = EDGE_CURVE('',#2114,#1737,#2823,.T.);
#2823 = LINE('',#2824,#2825);
#2824 = CARTESIAN_POINT('',(20.,5.,-0.5));
#2825 = VECTOR('',#2826,1.);
#2826 = DIRECTION('',(0.,0.,1.));
#2827 = CYLINDRICAL_SURFACE('',#2828,4.);
#2828 = AXIS2_PLACEMENT_3D('',#2829,#2830,#2831);
#2829 = CARTESIAN_POINT('',(20.,1.,-0.5));
#2830 = DIRECTION('',(-0.,-0.,-1.));
#2831 = DIRECTION('',(1.,0.,0.));
#2832 = ADVANCED_FACE('',(#2833,#2870,#2881,#2892,#2903),#2914,.F.);
#2833 = FACE_BOUND('',#2834,.F.);
#2834 = EDGE_LOOP('',(#2835,#2836,#2844,#2853,#2862,#2868,#2869));
#2835 = ORIENTED_EDGE('',*,*,#2122,.F.);
#2836 = ORIENTED_EDGE('',*,*,#2837,.T.);
#2837 = EDGE_CURVE('',#2123,#2838,#2840,.T.);
#2838 = VERTEX_POINT('',#2839);
#2839 = CARTESIAN_POINT('',(-20.,5.,30.303128057733));
#2840 = LINE('',#2841,#2842);
#2841 = CARTESIAN_POINT('',(-20.,5.,-0.5));
#2842 = VECTOR('',#2843,1.);
#2843 = DIRECTION('',(0.,0.,1.));
#2844 = ORIENTED_EDGE('',*,*,#2845,.T.);
#2845 = EDGE_CURVE('',#2838,#2846,#2848,.T.);
#2846 = VERTEX_POINT('',#2847);
#2847 = CARTESIAN_POINT('',(-18.3,5.,31.9));
#2848 = CIRCLE('',#2849,1.6);
#2849 = AXIS2_PLACEMENT_3D('',#2850,#2851,#2852);
#2850 = CARTESIAN_POINT('',(-19.9,5.,31.9));
#2851 = DIRECTION('',(0.,-1.,2.22044604925E-16));
#2852 = DIRECTION('',(1.,0.,0.));
#2853 = ORIENTED_EDGE('',*,*,#2854,.T.);
#2854 = EDGE_CURVE('',#2846,#2855,#2857,.T.);
#2855 = VERTEX_POINT('',#2856);
#2856 = CARTESIAN_POINT('',(-20.,5.,33.496871942267));
#2857 = CIRCLE('',#2858,1.6);
#2858 = AXIS2_PLACEMENT_3D('',#2859,#2860,#2861);
#2859 = CARTESIAN_POINT('',(-19.9,5.,31.9));
#2860 = DIRECTION('',(0.,-1.,2.22044604925E-16));
#2861 = DIRECTION('',(1.,0.,0.));
#2862 = ORIENTED_EDGE('',*,*,#2863,.T.);
#2863 = EDGE_CURVE('',#2855,#1728,#2864,.T.);
#2864 = LINE('',#2865,#2866);
#2865 = CARTESIAN_POINT('',(-20.,5.,-0.5));
#2866 = VECTOR('',#2867,1.);
#2867 = DIRECTION('',(0.,0.,1.));
#2868 = ORIENTED_EDGE('',*,*,#1736,.F.);
#2869 = ORIENTED_EDGE('',*,*,#2822,.F.);
#2870 = FACE_BOUND('',#2871,.F.);
#2871 = EDGE_LOOP('',(#2872));
#2872 = ORIENTED_EDGE('',*,*,#2873,.F.);
#2873 = EDGE_CURVE('',#2874,#2874,#2876,.T.);
#2874 = VERTEX_POINT('',#2875);
#2875 = CARTESIAN_POINT('',(9.95038947069,5.,14.912698076271));
#2876 = ELLIPSE('',#2877,10.047589979248,9.995825627936);
#2877 = AXIS2_PLACEMENT_3D('',#2878,#2879,#2880);
#2878 = CARTESIAN_POINT('',(0.,5.,15.869615095215));
#2879 = DIRECTION('',(0.,1.,0.));
#2880 = DIRECTION('',(0.,0.,1.));
#2881 = FACE_BOUND('',#2882,.F.);
#2882 = EDGE_LOOP('',(#2883));
#2883 = ORIENTED_EDGE('',*,*,#2884,.T.);
#2884 = EDGE_CURVE('',#2885,#2885,#2887,.T.);
#2885 = VERTEX_POINT('',#2886);
#2886 = CARTESIAN_POINT('',(0.1,5.,31.9));
#2887 = CIRCLE('',#2888,1.6);
#2888 = AXIS2_PLACEMENT_3D('',#2889,#2890,#2891);
#2889 = CARTESIAN_POINT('',(-1.5,5.,31.9));
#2890 = DIRECTION('',(0.,-1.,2.22044604925E-16));
#2891 = DIRECTION('',(1.,0.,0.));
#2892 = FACE_BOUND('',#2893,.F.);
#2893 = EDGE_LOOP('',(#2894));
#2894 = ORIENTED_EDGE('',*,*,#2895,.T.);
#2895 = EDGE_CURVE('',#2896,#2896,#2898,.T.);
#2896 = VERTEX_POINT('',#2897);
#2897 = CARTESIAN_POINT('',(14.6,5.,21.5));
#2898 = CIRCLE('',#2899,1.6);
#2899 = AXIS2_PLACEMENT_3D('',#2900,#2901,#2902);
#2900 = CARTESIAN_POINT('',(13.,5.,21.5));
#2901 = DIRECTION('',(0.,-1.,2.22044604925E-16));
#2902 = DIRECTION('',(1.,0.,0.));
#2903 = FACE_BOUND('',#2904,.F.);
#2904 = EDGE_LOOP('',(#2905));
#2905 = ORIENTED_EDGE('',*,*,#2906,.T.);
#2906 = EDGE_CURVE('',#2907,#2907,#2909,.T.);
#2907 = VERTEX_POINT('',#2908);
#2908 = CARTESIAN_POINT('',(14.6,5.,31.9));
#2909 = CIRCLE('',#2910,1.6);
#2910 = AXIS2_PLACEMENT_3D('',#2911,#2912,#2913);
#2911 = CARTESIAN_POINT('',(13.,5.,31.9));
#2912 = DIRECTION('',(0.,-1.,2.22044604925E-16));
#2913 = DIRECTION('',(1.,0.,0.));
#2914 = PLANE('',#2915);
#2915 = AXIS2_PLACEMENT_3D('',#2916,#2917,#2918);
#2916 = CARTESIAN_POINT('',(-20.,5.,-0.5));
#2917 = DIRECTION('',(0.,1.,0.));
#2918 = DIRECTION('',(0.,0.,1.));
#2919 = ADVANCED_FACE('',(#2920),#2987,.F.);
#2920 = FACE_BOUND('',#2921,.T.);
#2921 = EDGE_LOOP('',(#2922,#2928,#2929,#2930,#2985,#2986));
#2922 = ORIENTED_EDGE('',*,*,#2923,.F.);
#2923 = EDGE_CURVE('',#2131,#1720,#2924,.T.);
#2924 = LINE('',#2925,#2926);
#2925 = CARTESIAN_POINT('',(-24.,1.,-0.5));
#2926 = VECTOR('',#2927,1.);
#2927 = DIRECTION('',(0.,0.,1.));
#2928 = ORIENTED_EDGE('',*,*,#2130,.T.);
#2929 = ORIENTED_EDGE('',*,*,#2837,.T.);
#2930 = ORIENTED_EDGE('',*,*,#2931,.T.);
#2931 = EDGE_CURVE('',#2838,#2855,#2932,.T.);
#2932 = B_SPLINE_CURVE_WITH_KNOTS('',6,(#2933,#2934,#2935,#2936,#2937,
    #2938,#2939,#2940,#2941,#2942,#2943,#2944,#2945,#2946,#2947,#2948,
    #2949,#2950,#2951,#2952,#2953,#2954,#2955,#2956,#2957,#2958,#2959,
    #2960,#2961,#2962,#2963,#2964,#2965,#2966,#2967,#2968,#2969,#2970,
    #2971,#2972,#2973,#2974,#2975,#2976,#2977,#2978,#2979,#2980,#2981,
    #2982,#2983,#2984),.UNSPECIFIED.,.F.,.F.,(7,5,5,5,5,5,5,5,5,5,7),(0.
    ,0.131720066508,0.197147322574,0.247091185844,0.443744377651,
    0.500048598088,0.556889359758,0.754722808106,0.80410734101,
    0.868961186257,1.),.UNSPECIFIED.);
#2933 = CARTESIAN_POINT('',(-20.,5.,30.303128057733));
#2934 = CARTESIAN_POINT('',(-20.12335570768,5.,30.310852891792));
#2935 = CARTESIAN_POINT('',(-20.24483688456,4.995435012427,
    30.329940025591));
#2936 = CARTESIAN_POINT('',(-20.36277111783,4.986565178401,
    30.359880341489));
#2937 = CARTESIAN_POINT('',(-20.47557783112,4.974017482704,
    30.399740579378));
#2938 = CARTESIAN_POINT('',(-20.58186121097,4.95871978329,
    30.448159789506));
#2939 = CARTESIAN_POINT('',(-20.72953336227,4.933224433227,
    30.530684023542));
#2940 = CARTESIAN_POINT('',(-20.77680732516,4.924309669888,
    30.559810268255));
#2941 = CARTESIAN_POINT('',(-20.82231797513,4.915039001858,
    30.590538776219));
#2942 = CARTESIAN_POINT('',(-20.86604354284,4.90550726269,
    30.622739590637));
#2943 = CARTESIAN_POINT('',(-20.90796929044,4.895805050899,
    30.656289021347));
#2944 = CARTESIAN_POINT('',(-20.97871078774,4.878545969035,
    30.717618620561));
#2945 = CARTESIAN_POINT('',(-21.00828645242,4.871023407583,
    30.744889999965));
#2946 = CARTESIAN_POINT('',(-21.03681542334,4.86348617355,
    30.772836191978));
#2947 = CARTESIAN_POINT('',(-21.06430051981,4.855968578984,
    30.80141370185));
#2948 = CARTESIAN_POINT('',(-21.09074592504,4.848502771623,
    30.830582679821));
#2949 = CARTESIAN_POINT('',(-21.21621363564,4.812044204081,
    30.97734566304));
#2950 = CARTESIAN_POINT('',(-21.3003294326,4.784209977304,
    31.103102906734));
#2951 = CARTESIAN_POINT('',(-21.36867706939,4.759477022496,
    31.235296017782));
#2952 = CARTESIAN_POINT('',(-21.42150196283,4.739261537175,
    31.372173457926));
#2953 = CARTESIAN_POINT('',(-21.45896689548,4.724510740957,
    31.512308673123));
#2954 = CARTESIAN_POINT('',(-21.48736063833,4.713193318358,
    31.695105799906));
#2955 = CARTESIAN_POINT('',(-21.49241643069,4.711163175675,
    31.735938978917));
#2956 = CARTESIAN_POINT('',(-21.4962082018,4.709633104343,
    31.776881368235));
#2957 = CARTESIAN_POINT('',(-21.49873605029,4.70861054576,
    31.817896617735));
#2958 = CARTESIAN_POINT('',(-21.5,4.708099243548,31.858948317936));
#2959 = CARTESIAN_POINT('',(-21.5,4.708099243548,31.941442876897));
#2960 = CARTESIAN_POINT('',(-21.49871184585,4.70862033748,
    31.982885766455));
#2961 = CARTESIAN_POINT('',(-21.49613559138,4.709662476871,
    32.024291152803));
#2962 = CARTESIAN_POINT('',(-21.49227121158,4.711221773581,
    32.065621578666));
#2963 = CARTESIAN_POINT('',(-21.48711860258,4.71329049981,
    32.106839645366));
#2964 = CARTESIAN_POINT('',(-21.45825970158,4.72479006148,
    32.290845871383));
#2965 = CARTESIAN_POINT('',(-21.42026590873,4.739741650292,
    32.431766207905));
#2966 = CARTESIAN_POINT('',(-21.36672800522,4.760210731031,
    32.569364690403));
#2967 = CARTESIAN_POINT('',(-21.29747725538,4.785226802634,
    32.702188992154));
#2968 = CARTESIAN_POINT('',(-21.21226017992,4.813339443464,
    32.828450552431));
#2969 = CARTESIAN_POINT('',(-21.08559834364,4.849957134698,
    32.975106987392));
#2970 = CARTESIAN_POINT('',(-21.05928449695,4.857347817536,
    33.00385541788));
#2971 = CARTESIAN_POINT('',(-21.03195358484,4.864785203716,
    33.032020720645));
#2972 = CARTESIAN_POINT('',(-21.0036016537,4.872238026399,
    33.059564065306));
#2973 = CARTESIAN_POINT('',(-20.97422612123,4.87967294156,
    33.086443100303));
#2974 = CARTESIAN_POINT('',(-20.90390276545,4.8967483377,33.146977990534
    ));
#2975 = CARTESIAN_POINT('',(-20.86220322389,4.906352449142,
    33.180127280777));
#2976 = CARTESIAN_POINT('',(-20.81873580508,4.915783681039,
    33.211944291925));
#2977 = CARTESIAN_POINT('',(-20.77351551129,4.924953510718,
    33.242307980672));
#2978 = CARTESIAN_POINT('',(-20.7265642064,4.933769385304,
    33.271091354441));
#2979 = CARTESIAN_POINT('',(-20.57960636956,4.959041053298,
    33.352855996664));
#2980 = CARTESIAN_POINT('',(-20.4736480446,4.974233493651,
    33.400947595071));
#2981 = CARTESIAN_POINT('',(-20.3611724706,4.986692402207,33.44054407587
    ));
#2982 = CARTESIAN_POINT('',(-20.24362928442,4.99548628513,
    33.470264499496));
#2983 = CARTESIAN_POINT('',(-20.12266113701,5.,33.48919060391));
#2984 = CARTESIAN_POINT('',(-20.,5.,33.496871942267));
#2985 = ORIENTED_EDGE('',*,*,#2863,.T.);
#2986 = ORIENTED_EDGE('',*,*,#1727,.F.);
#2987 = CYLINDRICAL_SURFACE('',#2988,4.);
#2988 = AXIS2_PLACEMENT_3D('',#2989,#2990,#2991);
#2989 = CARTESIAN_POINT('',(-20.,1.,-0.5));
#2990 = DIRECTION('',(-0.,-0.,-1.));
#2991 = DIRECTION('',(1.,0.,0.));
#2992 = ADVANCED_FACE('',(#2993,#3004,#3054),#3104,.T.);
#2993 = FACE_BOUND('',#2994,.T.);
#2994 = EDGE_LOOP('',(#2995,#2996,#2997,#3003));
#2995 = ORIENTED_EDGE('',*,*,#2923,.T.);
#2996 = ORIENTED_EDGE('',*,*,#1719,.F.);
#2997 = ORIENTED_EDGE('',*,*,#2998,.T.);
#2998 = EDGE_CURVE('',#1712,#2140,#2999,.T.);
#2999 = LINE('',#3000,#3001);
#3000 = CARTESIAN_POINT('',(-24.,-12.,-0.25));
#3001 = VECTOR('',#3002,1.);
#3002 = DIRECTION('',(0.,0.,-1.));
#3003 = ORIENTED_EDGE('',*,*,#2139,.F.);
#3004 = FACE_BOUND('',#3005,.T.);
#3005 = EDGE_LOOP('',(#3006,#3016,#3024,#3032,#3040,#3048));
#3006 = ORIENTED_EDGE('',*,*,#3007,.T.);
#3007 = EDGE_CURVE('',#3008,#3010,#3012,.T.);
#3008 = VERTEX_POINT('',#3009);
#3009 = CARTESIAN_POINT('',(-24.,-8.77128129211,8.6));
#3010 = VERTEX_POINT('',#3011);
#3011 = CARTESIAN_POINT('',(-24.,-6.,10.2));
#3012 = LINE('',#3013,#3014);
#3013 = CARTESIAN_POINT('',(-24.,-14.57725860117,5.247917437701));
#3014 = VECTOR('',#3015,1.);
#3015 = DIRECTION('',(0.,0.866025403784,0.5));
#3016 = ORIENTED_EDGE('',*,*,#3017,.T.);
#3017 = EDGE_CURVE('',#3010,#3018,#3020,.T.);
#3018 = VERTEX_POINT('',#3019);
#3019 = CARTESIAN_POINT('',(-24.,-3.22871870789,8.6));
#3020 = LINE('',#3021,#3022);
#3021 = CARTESIAN_POINT('',(-24.,-8.558382044877,11.677082562299));
#3022 = VECTOR('',#3023,1.);
#3023 = DIRECTION('',(0.,0.866025403784,-0.5));
#3024 = ORIENTED_EDGE('',*,*,#3025,.T.);
#3025 = EDGE_CURVE('',#3018,#3026,#3028,.T.);
#3026 = VERTEX_POINT('',#3027);
#3027 = CARTESIAN_POINT('',(-24.,-3.22871870789,5.4));
#3028 = LINE('',#3029,#3030);
#3029 = CARTESIAN_POINT('',(-24.,-3.22871870789,4.05));
#3030 = VECTOR('',#3031,1.);
#3031 = DIRECTION('',(0.,2.775557561563E-16,-1.));
#3032 = ORIENTED_EDGE('',*,*,#3033,.T.);
#3033 = EDGE_CURVE('',#3026,#3034,#3036,.T.);
#3034 = VERTEX_POINT('',#3035);
#3035 = CARTESIAN_POINT('',(-24.,-6.,3.8));
#3036 = LINE('',#3037,#3038);
#3037 = CARTESIAN_POINT('',(-24.,-10.42033666301,1.247917437701));
#3038 = VECTOR('',#3039,1.);
#3039 = DIRECTION('',(0.,-0.866025403784,-0.5));
#3040 = ORIENTED_EDGE('',*,*,#3041,.T.);
#3041 = EDGE_CURVE('',#3034,#3042,#3044,.T.);
#3042 = VERTEX_POINT('',#3043);
#3043 = CARTESIAN_POINT('',(-24.,-8.77128129211,5.4));
#3044 = LINE('',#3045,#3046);
#3045 = CARTESIAN_POINT('',(-24.,-9.944022690932,6.077082562299));
#3046 = VECTOR('',#3047,1.);
#3047 = DIRECTION('',(0.,-0.866025403784,0.5));
#3048 = ORIENTED_EDGE('',*,*,#3049,.T.);
#3049 = EDGE_CURVE('',#3042,#3008,#3050,.T.);
#3050 = LINE('',#3051,#3052);
#3051 = CARTESIAN_POINT('',(-24.,-8.77128129211,2.45));
#3052 = VECTOR('',#3053,1.);
#3053 = DIRECTION('',(0.,-6.938893903907E-16,1.));
#3054 = FACE_BOUND('',#3055,.T.);
#3055 = EDGE_LOOP('',(#3056,#3066,#3074,#3082,#3090,#3098));
#3056 = ORIENTED_EDGE('',*,*,#3057,.T.);
#3057 = EDGE_CURVE('',#3058,#3060,#3062,.T.);
#3058 = VERTEX_POINT('',#3059);
#3059 = CARTESIAN_POINT('',(-24.,-8.77128129211,24.6));
#3060 = VERTEX_POINT('',#3061);
#3061 = CARTESIAN_POINT('',(-24.,-6.,26.2));
#3062 = LINE('',#3063,#3064);
#3063 = CARTESIAN_POINT('',(-24.,-18.04136021631,19.247917437701));
#3064 = VECTOR('',#3065,1.);
#3065 = DIRECTION('',(0.,0.866025403784,0.5));
#3066 = ORIENTED_EDGE('',*,*,#3067,.T.);
#3067 = EDGE_CURVE('',#3060,#3068,#3070,.T.);
#3068 = VERTEX_POINT('',#3069);
#3069 = CARTESIAN_POINT('',(-24.,-3.22871870789,24.6));
#3070 = LINE('',#3071,#3072);
#3071 = CARTESIAN_POINT('',(-24.,-5.094280429739,25.677082562299));
#3072 = VECTOR('',#3073,1.);
#3073 = DIRECTION('',(0.,0.866025403784,-0.5));
#3074 = ORIENTED_EDGE('',*,*,#3075,.T.);
#3075 = EDGE_CURVE('',#3068,#3076,#3078,.T.);
#3076 = VERTEX_POINT('',#3077);
#3077 = CARTESIAN_POINT('',(-24.,-3.22871870789,21.4));
#3078 = LINE('',#3079,#3080);
#3079 = CARTESIAN_POINT('',(-24.,-3.22871870789,12.05));
#3080 = VECTOR('',#3081,1.);
#3081 = DIRECTION('',(0.,2.775557561563E-16,-1.));
#3082 = ORIENTED_EDGE('',*,*,#3083,.T.);
#3083 = EDGE_CURVE('',#3076,#3084,#3086,.T.);
#3084 = VERTEX_POINT('',#3085);
#3085 = CARTESIAN_POINT('',(-24.,-6.,19.8));
#3086 = LINE('',#3087,#3088);
#3087 = CARTESIAN_POINT('',(-24.,-13.88443827815,15.247917437701));
#3088 = VECTOR('',#3089,1.);
#3089 = DIRECTION('',(0.,-0.866025403784,-0.5));
#3090 = ORIENTED_EDGE('',*,*,#3091,.T.);
#3091 = EDGE_CURVE('',#3084,#3092,#3094,.T.);
#3092 = VERTEX_POINT('',#3093);
#3093 = CARTESIAN_POINT('',(-24.,-8.77128129211,21.4));
#3094 = LINE('',#3095,#3096);
#3095 = CARTESIAN_POINT('',(-24.,-6.479921075794,20.077082562299));
#3096 = VECTOR('',#3097,1.);
#3097 = DIRECTION('',(0.,-0.866025403784,0.5));
#3098 = ORIENTED_EDGE('',*,*,#3099,.T.);
#3099 = EDGE_CURVE('',#3092,#3058,#3100,.T.);
#3100 = LINE('',#3101,#3102);
#3101 = CARTESIAN_POINT('',(-24.,-8.77128129211,10.45));
#3102 = VECTOR('',#3103,1.);
#3103 = DIRECTION('',(0.,-6.938893903907E-16,1.));
#3104 = PLANE('',#3105);
#3105 = AXIS2_PLACEMENT_3D('',#3106,#3107,#3108);
#3106 = CARTESIAN_POINT('',(-24.,-19.,-0.5));
#3107 = DIRECTION('',(1.,0.,0.));
#3108 = DIRECTION('',(0.,0.,1.));
#3109 = ADVANCED_FACE('',(#3110),#3121,.F.);
#3110 = FACE_BOUND('',#3111,.F.);
#3111 = EDGE_LOOP('',(#3112,#3113,#3119,#3120));
#3112 = ORIENTED_EDGE('',*,*,#2147,.F.);
#3113 = ORIENTED_EDGE('',*,*,#3114,.F.);
#3114 = EDGE_CURVE('',#1704,#2148,#3115,.T.);
#3115 = LINE('',#3116,#3117);
#3116 = CARTESIAN_POINT('',(-29.,-12.,-0.25));
#3117 = VECTOR('',#3118,1.);
#3118 = DIRECTION('',(0.,0.,-1.));
#3119 = ORIENTED_EDGE('',*,*,#1711,.T.);
#3120 = ORIENTED_EDGE('',*,*,#2998,.T.);
#3121 = PLANE('',#3122);
#3122 = AXIS2_PLACEMENT_3D('',#3123,#3124,#3125);
#3123 = CARTESIAN_POINT('',(-36.,-12.,0.));
#3124 = DIRECTION('',(0.,1.,0.));
#3125 = DIRECTION('',(0.,0.,1.));
#3126 = ADVANCED_FACE('',(#3127,#3138,#3149),#3160,.F.);
#3127 = FACE_BOUND('',#3128,.F.);
#3128 = EDGE_LOOP('',(#3129,#3135,#3136,#3137));
#3129 = ORIENTED_EDGE('',*,*,#3130,.F.);
#3130 = EDGE_CURVE('',#1695,#2156,#3131,.T.);
#3131 = LINE('',#3132,#3133);
#3132 = CARTESIAN_POINT('',(-29.,-4.079215610874,-0.5));
#3133 = VECTOR('',#3134,1.);
#3134 = DIRECTION('',(-0.,-0.,-1.));
#3135 = ORIENTED_EDGE('',*,*,#1703,.F.);
#3136 = ORIENTED_EDGE('',*,*,#3114,.T.);
#3137 = ORIENTED_EDGE('',*,*,#2155,.F.);
#3138 = FACE_BOUND('',#3139,.F.);
#3139 = EDGE_LOOP('',(#3140));
#3140 = ORIENTED_EDGE('',*,*,#3141,.F.);
#3141 = EDGE_CURVE('',#3142,#3142,#3144,.T.);
#3142 = VERTEX_POINT('',#3143);
#3143 = CARTESIAN_POINT('',(-29.,-6.,8.7));
#3144 = CIRCLE('',#3145,1.7);
#3145 = AXIS2_PLACEMENT_3D('',#3146,#3147,#3148);
#3146 = CARTESIAN_POINT('',(-29.,-6.,7.));
#3147 = DIRECTION('',(1.,0.,2.22044604925E-16));
#3148 = DIRECTION('',(-2.22044604925E-16,0.,1.));
#3149 = FACE_BOUND('',#3150,.F.);
#3150 = EDGE_LOOP('',(#3151));
#3151 = ORIENTED_EDGE('',*,*,#3152,.F.);
#3152 = EDGE_CURVE('',#3153,#3153,#3155,.T.);
#3153 = VERTEX_POINT('',#3154);
#3154 = CARTESIAN_POINT('',(-29.,-6.,24.7));
#3155 = CIRCLE('',#3156,1.7);
#3156 = AXIS2_PLACEMENT_3D('',#3157,#3158,#3159);
#3157 = CARTESIAN_POINT('',(-29.,-6.,23.));
#3158 = DIRECTION('',(1.,0.,2.22044604925E-16));
#3159 = DIRECTION('',(-2.22044604925E-16,0.,1.));
#3160 = PLANE('',#3161);
#3161 = AXIS2_PLACEMENT_3D('',#3162,#3163,#3164);
#3162 = CARTESIAN_POINT('',(-29.,-20.,-0.5));
#3163 = DIRECTION('',(1.,0.,0.));
#3164 = DIRECTION('',(0.,0.,1.));
#3165 = ADVANCED_FACE('',(#3166),#3172,.F.);
#3166 = FACE_BOUND('',#3167,.T.);
#3167 = EDGE_LOOP('',(#3168,#3169,#3170,#3171));
#3168 = ORIENTED_EDGE('',*,*,#3130,.F.);
#3169 = ORIENTED_EDGE('',*,*,#1694,.F.);
#3170 = ORIENTED_EDGE('',*,*,#2321,.T.);
#3171 = ORIENTED_EDGE('',*,*,#2163,.T.);
#3172 = CYLINDRICAL_SURFACE('',#3173,4.2);
#3173 = AXIS2_PLACEMENT_3D('',#3174,#3175,#3176);
#3174 = CARTESIAN_POINT('',(-30.,0.,-0.5));
#3175 = DIRECTION('',(-0.,-0.,-1.));
#3176 = DIRECTION('',(1.,0.,0.));
#3177 = ADVANCED_FACE('',(#3178),#3203,.T.);
#3178 = FACE_BOUND('',#3179,.T.);
#3179 = EDGE_LOOP('',(#3180,#3181,#3189,#3197));
#3180 = ORIENTED_EDGE('',*,*,#1836,.F.);
#3181 = ORIENTED_EDGE('',*,*,#3182,.T.);
#3182 = EDGE_CURVE('',#1837,#3183,#3185,.T.);
#3183 = VERTEX_POINT('',#3184);
#3184 = CARTESIAN_POINT('',(-31.975,6.579199655051,32.35));
#3185 = LINE('',#3186,#3187);
#3186 = CARTESIAN_POINT('',(-31.975,6.579199655051,35.65));
#3187 = VECTOR('',#3188,1.);
#3188 = DIRECTION('',(1.224646799147E-16,0.,-1.));
#3189 = ORIENTED_EDGE('',*,*,#3190,.T.);
#3190 = EDGE_CURVE('',#3183,#3191,#3193,.T.);
#3191 = VERTEX_POINT('',#3192);
#3192 = CARTESIAN_POINT('',(-33.95,10.,32.35));
#3193 = LINE('',#3194,#3195);
#3194 = CARTESIAN_POINT('',(-31.975,6.579199655051,32.35));
#3195 = VECTOR('',#3196,1.);
#3196 = DIRECTION('',(-0.5,0.866025403784,-6.123233995737E-17));
#3197 = ORIENTED_EDGE('',*,*,#3198,.F.);
#3198 = EDGE_CURVE('',#1839,#3191,#3199,.T.);
#3199 = LINE('',#3200,#3201);
#3200 = CARTESIAN_POINT('',(-33.95,10.,35.65));
#3201 = VECTOR('',#3202,1.);
#3202 = DIRECTION('',(1.224646799147E-16,0.,-1.));
#3203 = PLANE('',#3204);
#3204 = AXIS2_PLACEMENT_3D('',#3205,#3206,#3207);
#3205 = CARTESIAN_POINT('',(-31.975,6.579199655051,35.65));
#3206 = DIRECTION('',(0.866025403784,0.5,1.060575238725E-16));
#3207 = DIRECTION('',(-0.5,0.866025403784,-6.123233995737E-17));
#3208 = ADVANCED_FACE('',(#3209),#3227,.T.);
#3209 = FACE_BOUND('',#3210,.T.);
#3210 = EDGE_LOOP('',(#3211,#3212,#3220,#3226));
#3211 = ORIENTED_EDGE('',*,*,#1878,.F.);
#3212 = ORIENTED_EDGE('',*,*,#3213,.T.);
#3213 = EDGE_CURVE('',#1871,#3214,#3216,.T.);
#3214 = VERTEX_POINT('',#3215);
#3215 = CARTESIAN_POINT('',(-28.025,6.579199655051,32.35));
#3216 = LINE('',#3217,#3218);
#3217 = CARTESIAN_POINT('',(-28.025,6.579199655051,35.65));
#3218 = VECTOR('',#3219,1.);
#3219 = DIRECTION('',(1.224646799147E-16,0.,-1.));
#3220 = ORIENTED_EDGE('',*,*,#3221,.T.);
#3221 = EDGE_CURVE('',#3214,#3183,#3222,.T.);
#3222 = LINE('',#3223,#3224);
#3223 = CARTESIAN_POINT('',(-28.025,6.579199655051,32.35));
#3224 = VECTOR('',#3225,1.);
#3225 = DIRECTION('',(-1.,-5.621382403165E-16,-1.224646799147E-16));
#3226 = ORIENTED_EDGE('',*,*,#3182,.F.);
#3227 = PLANE('',#3228);
#3228 = AXIS2_PLACEMENT_3D('',#3229,#3230,#3231);
#3229 = CARTESIAN_POINT('',(-28.025,6.579199655051,35.65));
#3230 = DIRECTION('',(-5.621382403165E-16,1.,-6.88420796682E-32));
#3231 = DIRECTION('',(-1.,-5.621382403165E-16,-1.224646799147E-16));
#3232 = ADVANCED_FACE('',(#3233),#3251,.T.);
#3233 = FACE_BOUND('',#3234,.T.);
#3234 = EDGE_LOOP('',(#3235,#3236,#3244,#3250));
#3235 = ORIENTED_EDGE('',*,*,#1870,.F.);
#3236 = ORIENTED_EDGE('',*,*,#3237,.T.);
#3237 = EDGE_CURVE('',#1863,#3238,#3240,.T.);
#3238 = VERTEX_POINT('',#3239);
#3239 = CARTESIAN_POINT('',(-26.05,10.,32.35));
#3240 = LINE('',#3241,#3242);
#3241 = CARTESIAN_POINT('',(-26.05,10.,35.65));
#3242 = VECTOR('',#3243,1.);
#3243 = DIRECTION('',(1.224646799147E-16,0.,-1.));
#3244 = ORIENTED_EDGE('',*,*,#3245,.T.);
#3245 = EDGE_CURVE('',#3238,#3214,#3246,.T.);
#3246 = LINE('',#3247,#3248);
#3247 = CARTESIAN_POINT('',(-26.05,10.,32.35));
#3248 = VECTOR('',#3249,1.);
#3249 = DIRECTION('',(-0.5,-0.866025403784,-6.123233995737E-17));
#3250 = ORIENTED_EDGE('',*,*,#3213,.F.);
#3251 = PLANE('',#3252);
#3252 = AXIS2_PLACEMENT_3D('',#3253,#3254,#3255);
#3253 = CARTESIAN_POINT('',(-26.05,10.,35.65));
#3254 = DIRECTION('',(-0.866025403784,0.5,-1.060575238725E-16));
#3255 = DIRECTION('',(-0.5,-0.866025403784,-6.123233995737E-17));
#3256 = ADVANCED_FACE('',(#3257),#3275,.T.);
#3257 = FACE_BOUND('',#3258,.T.);
#3258 = EDGE_LOOP('',(#3259,#3260,#3268,#3274));
#3259 = ORIENTED_EDGE('',*,*,#1862,.F.);
#3260 = ORIENTED_EDGE('',*,*,#3261,.T.);
#3261 = EDGE_CURVE('',#1855,#3262,#3264,.T.);
#3262 = VERTEX_POINT('',#3263);
#3263 = CARTESIAN_POINT('',(-28.025,13.420800344949,32.35));
#3264 = LINE('',#3265,#3266);
#3265 = CARTESIAN_POINT('',(-28.025,13.420800344949,35.65));
#3266 = VECTOR('',#3267,1.);
#3267 = DIRECTION('',(1.224646799147E-16,0.,-1.));
#3268 = ORIENTED_EDGE('',*,*,#3269,.T.);
#3269 = EDGE_CURVE('',#3262,#3238,#3270,.T.);
#3270 = LINE('',#3271,#3272);
#3271 = CARTESIAN_POINT('',(-28.025,13.420800344949,32.35));
#3272 = VECTOR('',#3273,1.);
#3273 = DIRECTION('',(0.5,-0.866025403784,6.123233995737E-17));
#3274 = ORIENTED_EDGE('',*,*,#3237,.F.);
#3275 = PLANE('',#3276);
#3276 = AXIS2_PLACEMENT_3D('',#3277,#3278,#3279);
#3277 = CARTESIAN_POINT('',(-28.025,13.420800344949,35.65));
#3278 = DIRECTION('',(-0.866025403784,-0.5,-1.060575238725E-16));
#3279 = DIRECTION('',(0.5,-0.866025403784,6.123233995737E-17));
#3280 = ADVANCED_FACE('',(#3281),#3299,.T.);
#3281 = FACE_BOUND('',#3282,.T.);
#3282 = EDGE_LOOP('',(#3283,#3284,#3292,#3298));
#3283 = ORIENTED_EDGE('',*,*,#1854,.F.);
#3284 = ORIENTED_EDGE('',*,*,#3285,.T.);
#3285 = EDGE_CURVE('',#1847,#3286,#3288,.T.);
#3286 = VERTEX_POINT('',#3287);
#3287 = CARTESIAN_POINT('',(-31.975,13.420800344949,32.35));
#3288 = LINE('',#3289,#3290);
#3289 = CARTESIAN_POINT('',(-31.975,13.420800344949,35.65));
#3290 = VECTOR('',#3291,1.);
#3291 = DIRECTION('',(1.224646799147E-16,0.,-1.));
#3292 = ORIENTED_EDGE('',*,*,#3293,.T.);
#3293 = EDGE_CURVE('',#3286,#3262,#3294,.T.);
#3294 = LINE('',#3295,#3296);
#3295 = CARTESIAN_POINT('',(-31.975,13.420800344949,32.35));
#3296 = VECTOR('',#3297,1.);
#3297 = DIRECTION('',(1.,2.248552961266E-16,1.224646799147E-16));
#3298 = ORIENTED_EDGE('',*,*,#3261,.F.);
#3299 = PLANE('',#3300);
#3300 = AXIS2_PLACEMENT_3D('',#3301,#3302,#3303);
#3301 = CARTESIAN_POINT('',(-31.975,13.420800344949,35.65));
#3302 = DIRECTION('',(2.248552961266E-16,-1.,2.753683186728E-32));
#3303 = DIRECTION('',(1.,2.248552961266E-16,1.224646799147E-16));
#3304 = ADVANCED_FACE('',(#3305),#3316,.T.);
#3305 = FACE_BOUND('',#3306,.T.);
#3306 = EDGE_LOOP('',(#3307,#3308,#3309,#3315));
#3307 = ORIENTED_EDGE('',*,*,#1846,.F.);
#3308 = ORIENTED_EDGE('',*,*,#3198,.T.);
#3309 = ORIENTED_EDGE('',*,*,#3310,.T.);
#3310 = EDGE_CURVE('',#3191,#3286,#3311,.T.);
#3311 = LINE('',#3312,#3313);
#3312 = CARTESIAN_POINT('',(-33.95,10.,32.35));
#3313 = VECTOR('',#3314,1.);
#3314 = DIRECTION('',(0.5,0.866025403784,6.123233995737E-17));
#3315 = ORIENTED_EDGE('',*,*,#3285,.F.);
#3316 = PLANE('',#3317);
#3317 = AXIS2_PLACEMENT_3D('',#3318,#3319,#3320);
#3318 = CARTESIAN_POINT('',(-33.95,10.,35.65));
#3319 = DIRECTION('',(0.866025403784,-0.5,1.060575238725E-16));
#3320 = DIRECTION('',(0.5,0.866025403784,6.123233995737E-17));
#3321 = ADVANCED_FACE('',(#3322),#3347,.T.);
#3322 = FACE_BOUND('',#3323,.T.);
#3323 = EDGE_LOOP('',(#3324,#3325,#3333,#3341));
#3324 = ORIENTED_EDGE('',*,*,#1886,.F.);
#3325 = ORIENTED_EDGE('',*,*,#3326,.T.);
#3326 = EDGE_CURVE('',#1887,#3327,#3329,.T.);
#3327 = VERTEX_POINT('',#3328);
#3328 = CARTESIAN_POINT('',(28.025,6.579199655051,32.35));
#3329 = LINE('',#3330,#3331);
#3330 = CARTESIAN_POINT('',(28.025,6.579199655051,35.65));
#3331 = VECTOR('',#3332,1.);
#3332 = DIRECTION('',(1.224646799147E-16,0.,-1.));
#3333 = ORIENTED_EDGE('',*,*,#3334,.T.);
#3334 = EDGE_CURVE('',#3327,#3335,#3337,.T.);
#3335 = VERTEX_POINT('',#3336);
#3336 = CARTESIAN_POINT('',(26.05,10.,32.35));
#3337 = LINE('',#3338,#3339);
#3338 = CARTESIAN_POINT('',(28.025,6.579199655051,32.35));
#3339 = VECTOR('',#3340,1.);
#3340 = DIRECTION('',(-0.5,0.866025403784,-6.123233995737E-17));
#3341 = ORIENTED_EDGE('',*,*,#3342,.F.);
#3342 = EDGE_CURVE('',#1889,#3335,#3343,.T.);
#3343 = LINE('',#3344,#3345);
#3344 = CARTESIAN_POINT('',(26.05,10.,35.65));
#3345 = VECTOR('',#3346,1.);
#3346 = DIRECTION('',(1.224646799147E-16,0.,-1.));
#3347 = PLANE('',#3348);
#3348 = AXIS2_PLACEMENT_3D('',#3349,#3350,#3351);
#3349 = CARTESIAN_POINT('',(28.025,6.579199655051,35.65));
#3350 = DIRECTION('',(0.866025403784,0.5,1.060575238725E-16));
#3351 = DIRECTION('',(-0.5,0.866025403784,-6.123233995737E-17));
#3352 = ADVANCED_FACE('',(#3353),#3371,.T.);
#3353 = FACE_BOUND('',#3354,.T.);
#3354 = EDGE_LOOP('',(#3355,#3356,#3364,#3370));
#3355 = ORIENTED_EDGE('',*,*,#1928,.F.);
#3356 = ORIENTED_EDGE('',*,*,#3357,.T.);
#3357 = EDGE_CURVE('',#1921,#3358,#3360,.T.);
#3358 = VERTEX_POINT('',#3359);
#3359 = CARTESIAN_POINT('',(31.975,6.579199655051,32.35));
#3360 = LINE('',#3361,#3362);
#3361 = CARTESIAN_POINT('',(31.975,6.579199655051,35.65));
#3362 = VECTOR('',#3363,1.);
#3363 = DIRECTION('',(1.224646799147E-16,0.,-1.));
#3364 = ORIENTED_EDGE('',*,*,#3365,.T.);
#3365 = EDGE_CURVE('',#3358,#3327,#3366,.T.);
#3366 = LINE('',#3367,#3368);
#3367 = CARTESIAN_POINT('',(31.975,6.579199655051,32.35));
#3368 = VECTOR('',#3369,1.);
#3369 = DIRECTION('',(-1.,-5.621382403165E-16,-1.224646799147E-16));
#3370 = ORIENTED_EDGE('',*,*,#3326,.F.);
#3371 = PLANE('',#3372);
#3372 = AXIS2_PLACEMENT_3D('',#3373,#3374,#3375);
#3373 = CARTESIAN_POINT('',(31.975,6.579199655051,35.65));
#3374 = DIRECTION('',(-5.621382403165E-16,1.,-6.88420796682E-32));
#3375 = DIRECTION('',(-1.,-5.621382403165E-16,-1.224646799147E-16));
#3376 = ADVANCED_FACE('',(#3377),#3395,.T.);
#3377 = FACE_BOUND('',#3378,.T.);
#3378 = EDGE_LOOP('',(#3379,#3380,#3388,#3394));
#3379 = ORIENTED_EDGE('',*,*,#1920,.F.);
#3380 = ORIENTED_EDGE('',*,*,#3381,.T.);
#3381 = EDGE_CURVE('',#1913,#3382,#3384,.T.);
#3382 = VERTEX_POINT('',#3383);
#3383 = CARTESIAN_POINT('',(33.95,10.,32.35));
#3384 = LINE('',#3385,#3386);
#3385 = CARTESIAN_POINT('',(33.95,10.,35.65));
#3386 = VECTOR('',#3387,1.);
#3387 = DIRECTION('',(1.224646799147E-16,0.,-1.));
#3388 = ORIENTED_EDGE('',*,*,#3389,.T.);
#3389 = EDGE_CURVE('',#3382,#3358,#3390,.T.);
#3390 = LINE('',#3391,#3392);
#3391 = CARTESIAN_POINT('',(33.95,10.,32.35));
#3392 = VECTOR('',#3393,1.);
#3393 = DIRECTION('',(-0.5,-0.866025403784,-6.123233995737E-17));
#3394 = ORIENTED_EDGE('',*,*,#3357,.F.);
#3395 = PLANE('',#3396);
#3396 = AXIS2_PLACEMENT_3D('',#3397,#3398,#3399);
#3397 = CARTESIAN_POINT('',(33.95,10.,35.65));
#3398 = DIRECTION('',(-0.866025403784,0.5,-1.060575238725E-16));
#3399 = DIRECTION('',(-0.5,-0.866025403784,-6.123233995737E-17));
#3400 = ADVANCED_FACE('',(#3401),#3419,.T.);
#3401 = FACE_BOUND('',#3402,.T.);
#3402 = EDGE_LOOP('',(#3403,#3404,#3412,#3418));
#3403 = ORIENTED_EDGE('',*,*,#1912,.F.);
#3404 = ORIENTED_EDGE('',*,*,#3405,.T.);
#3405 = EDGE_CURVE('',#1905,#3406,#3408,.T.);
#3406 = VERTEX_POINT('',#3407);
#3407 = CARTESIAN_POINT('',(31.975,13.420800344949,32.35));
#3408 = LINE('',#3409,#3410);
#3409 = CARTESIAN_POINT('',(31.975,13.420800344949,35.65));
#3410 = VECTOR('',#3411,1.);
#3411 = DIRECTION('',(1.224646799147E-16,0.,-1.));
#3412 = ORIENTED_EDGE('',*,*,#3413,.T.);
#3413 = EDGE_CURVE('',#3406,#3382,#3414,.T.);
#3414 = LINE('',#3415,#3416);
#3415 = CARTESIAN_POINT('',(31.975,13.420800344949,32.35));
#3416 = VECTOR('',#3417,1.);
#3417 = DIRECTION('',(0.5,-0.866025403784,6.123233995737E-17));
#3418 = ORIENTED_EDGE('',*,*,#3381,.F.);
#3419 = PLANE('',#3420);
#3420 = AXIS2_PLACEMENT_3D('',#3421,#3422,#3423);
#3421 = CARTESIAN_POINT('',(31.975,13.420800344949,35.65));
#3422 = DIRECTION('',(-0.866025403784,-0.5,-1.060575238725E-16));
#3423 = DIRECTION('',(0.5,-0.866025403784,6.123233995737E-17));
#3424 = ADVANCED_FACE('',(#3425),#3443,.T.);
#3425 = FACE_BOUND('',#3426,.T.);
#3426 = EDGE_LOOP('',(#3427,#3428,#3436,#3442));
#3427 = ORIENTED_EDGE('',*,*,#1904,.F.);
#3428 = ORIENTED_EDGE('',*,*,#3429,.T.);
#3429 = EDGE_CURVE('',#1897,#3430,#3432,.T.);
#3430 = VERTEX_POINT('',#3431);
#3431 = CARTESIAN_POINT('',(28.025,13.420800344949,32.35));
#3432 = LINE('',#3433,#3434);
#3433 = CARTESIAN_POINT('',(28.025,13.420800344949,35.65));
#3434 = VECTOR('',#3435,1.);
#3435 = DIRECTION('',(1.224646799147E-16,0.,-1.));
#3436 = ORIENTED_EDGE('',*,*,#3437,.T.);
#3437 = EDGE_CURVE('',#3430,#3406,#3438,.T.);
#3438 = LINE('',#3439,#3440);
#3439 = CARTESIAN_POINT('',(28.025,13.420800344949,32.35));
#3440 = VECTOR('',#3441,1.);
#3441 = DIRECTION('',(1.,2.248552961266E-16,1.224646799147E-16));
#3442 = ORIENTED_EDGE('',*,*,#3405,.F.);
#3443 = PLANE('',#3444);
#3444 = AXIS2_PLACEMENT_3D('',#3445,#3446,#3447);
#3445 = CARTESIAN_POINT('',(28.025,13.420800344949,35.65));
#3446 = DIRECTION('',(2.248552961266E-16,-1.,2.753683186728E-32));
#3447 = DIRECTION('',(1.,2.248552961266E-16,1.224646799147E-16));
#3448 = ADVANCED_FACE('',(#3449),#3460,.T.);
#3449 = FACE_BOUND('',#3450,.T.);
#3450 = EDGE_LOOP('',(#3451,#3452,#3453,#3459));
#3451 = ORIENTED_EDGE('',*,*,#1896,.F.);
#3452 = ORIENTED_EDGE('',*,*,#3342,.T.);
#3453 = ORIENTED_EDGE('',*,*,#3454,.T.);
#3454 = EDGE_CURVE('',#3335,#3430,#3455,.T.);
#3455 = LINE('',#3456,#3457);
#3456 = CARTESIAN_POINT('',(26.05,10.,32.35));
#3457 = VECTOR('',#3458,1.);
#3458 = DIRECTION('',(0.5,0.866025403784,6.123233995737E-17));
#3459 = ORIENTED_EDGE('',*,*,#3429,.F.);
#3460 = PLANE('',#3461);
#3461 = AXIS2_PLACEMENT_3D('',#3462,#3463,#3464);
#3462 = CARTESIAN_POINT('',(26.05,10.,35.65));
#3463 = DIRECTION('',(0.866025403784,-0.5,1.060575238725E-16));
#3464 = DIRECTION('',(0.5,0.866025403784,6.123233995737E-17));
#3465 = ADVANCED_FACE('',(#3466),#3492,.F.);
#3466 = FACE_BOUND('',#3467,.F.);
#3467 = EDGE_LOOP('',(#3468,#3469,#3470,#3478,#3486));
#3468 = ORIENTED_EDGE('',*,*,#2240,.T.);
#3469 = ORIENTED_EDGE('',*,*,#1953,.T.);
#3470 = ORIENTED_EDGE('',*,*,#3471,.F.);
#3471 = EDGE_CURVE('',#3472,#1954,#3474,.T.);
#3472 = VERTEX_POINT('',#3473);
#3473 = CARTESIAN_POINT('',(-32.5,45.669872981078,7.));
#3474 = LINE('',#3475,#3476);
#3475 = CARTESIAN_POINT('',(-32.5,45.669872981078,-5.551115123126E-16));
#3476 = VECTOR('',#3477,1.);
#3477 = DIRECTION('',(-0.,-0.,-1.));
#3478 = ORIENTED_EDGE('',*,*,#3479,.T.);
#3479 = EDGE_CURVE('',#3472,#3480,#3482,.T.);
#3480 = VERTEX_POINT('',#3481);
#3481 = CARTESIAN_POINT('',(-32.5,45.,7.));
#3482 = LINE('',#3483,#3484);
#3483 = CARTESIAN_POINT('',(-32.5,47.,7.));
#3484 = VECTOR('',#3485,1.);
#3485 = DIRECTION('',(-0.,-1.,0.));
#3486 = ORIENTED_EDGE('',*,*,#3487,.T.);
#3487 = EDGE_CURVE('',#3480,#2241,#3488,.T.);
#3488 = LINE('',#3489,#3490);
#3489 = CARTESIAN_POINT('',(-32.5,45.,7.));
#3490 = VECTOR('',#3491,1.);
#3491 = DIRECTION('',(-1.350989417353E-16,-0.793606361292,0.608431543657
    ));
#3492 = PLANE('',#3493);
#3493 = AXIS2_PLACEMENT_3D('',#3494,#3495,#3496);
#3494 = CARTESIAN_POINT('',(-32.5,26.533752976659,11.062196284955));
#3495 = DIRECTION('',(1.,-0.,2.22044604925E-16));
#3496 = DIRECTION('',(2.22044604925E-16,0.,-1.));
#3497 = ADVANCED_FACE('',(#3498),#3527,.T.);
#3498 = FACE_BOUND('',#3499,.F.);
#3499 = EDGE_LOOP('',(#3500,#3501,#3502,#3503,#3511,#3520));
#3500 = ORIENTED_EDGE('',*,*,#3471,.T.);
#3501 = ORIENTED_EDGE('',*,*,#1961,.F.);
#3502 = ORIENTED_EDGE('',*,*,#1970,.F.);
#3503 = ORIENTED_EDGE('',*,*,#3504,.F.);
#3504 = EDGE_CURVE('',#3505,#1971,#3507,.T.);
#3505 = VERTEX_POINT('',#3506);
#3506 = CARTESIAN_POINT('',(-27.5,45.669872981078,7.));
#3507 = LINE('',#3508,#3509);
#3508 = CARTESIAN_POINT('',(-27.5,45.669872981078,5.551115123126E-16));
#3509 = VECTOR('',#3510,1.);
#3510 = DIRECTION('',(-0.,-0.,-1.));
#3511 = ORIENTED_EDGE('',*,*,#3512,.T.);
#3512 = EDGE_CURVE('',#3505,#3513,#3515,.T.);
#3513 = VERTEX_POINT('',#3514);
#3514 = CARTESIAN_POINT('',(-25.,50.,7.));
#3515 = CIRCLE('',#3516,5.);
#3516 = AXIS2_PLACEMENT_3D('',#3517,#3518,#3519);
#3517 = CARTESIAN_POINT('',(-30.,50.,7.));
#3518 = DIRECTION('',(0.,0.,1.));
#3519 = DIRECTION('',(1.,0.,0.));
#3520 = ORIENTED_EDGE('',*,*,#3521,.T.);
#3521 = EDGE_CURVE('',#3513,#3472,#3522,.T.);
#3522 = CIRCLE('',#3523,5.);
#3523 = AXIS2_PLACEMENT_3D('',#3524,#3525,#3526);
#3524 = CARTESIAN_POINT('',(-30.,50.,7.));
#3525 = DIRECTION('',(0.,0.,1.));
#3526 = DIRECTION('',(1.,0.,0.));
#3527 = CYLINDRICAL_SURFACE('',#3528,5.);
#3528 = AXIS2_PLACEMENT_3D('',#3529,#3530,#3531);
#3529 = CARTESIAN_POINT('',(-30.,50.,0.));
#3530 = DIRECTION('',(-0.,-0.,-1.));
#3531 = DIRECTION('',(1.,0.,0.));
#3532 = ADVANCED_FACE('',(#3533),#3552,.F.);
#3533 = FACE_BOUND('',#3534,.F.);
#3534 = EDGE_LOOP('',(#3535,#3536,#3537,#3538,#3546));
#3535 = ORIENTED_EDGE('',*,*,#3504,.T.);
#3536 = ORIENTED_EDGE('',*,*,#1979,.T.);
#3537 = ORIENTED_EDGE('',*,*,#2257,.F.);
#3538 = ORIENTED_EDGE('',*,*,#3539,.T.);
#3539 = EDGE_CURVE('',#2249,#3540,#3542,.T.);
#3540 = VERTEX_POINT('',#3541);
#3541 = CARTESIAN_POINT('',(-27.5,45.,7.));
#3542 = LINE('',#3543,#3544);
#3543 = CARTESIAN_POINT('',(-27.5,15.,30.));
#3544 = VECTOR('',#3545,1.);
#3545 = DIRECTION('',(1.350989417353E-16,0.793606361292,-0.608431543657)
  );
#3546 = ORIENTED_EDGE('',*,*,#3547,.T.);
#3547 = EDGE_CURVE('',#3540,#3505,#3548,.T.);
#3548 = LINE('',#3549,#3550);
#3549 = CARTESIAN_POINT('',(-27.5,45.,7.));
#3550 = VECTOR('',#3551,1.);
#3551 = DIRECTION('',(0.,1.,0.));
#3552 = PLANE('',#3553);
#3553 = AXIS2_PLACEMENT_3D('',#3554,#3555,#3556);
#3554 = CARTESIAN_POINT('',(-27.5,26.533752976659,11.062196284955));
#3555 = DIRECTION('',(-1.,0.,-2.22044604925E-16));
#3556 = DIRECTION('',(-2.22044604925E-16,0.,1.));
#3557 = ADVANCED_FACE('',(#3558),#3584,.F.);
#3558 = FACE_BOUND('',#3559,.F.);
#3559 = EDGE_LOOP('',(#3560,#3561,#3562,#3570,#3578));
#3560 = ORIENTED_EDGE('',*,*,#2503,.T.);
#3561 = ORIENTED_EDGE('',*,*,#2013,.T.);
#3562 = ORIENTED_EDGE('',*,*,#3563,.F.);
#3563 = EDGE_CURVE('',#3564,#2014,#3566,.T.);
#3564 = VERTEX_POINT('',#3565);
#3565 = CARTESIAN_POINT('',(27.5,45.669872981078,7.));
#3566 = LINE('',#3567,#3568);
#3567 = CARTESIAN_POINT('',(27.5,45.669872981078,-5.551115123126E-16));
#3568 = VECTOR('',#3569,1.);
#3569 = DIRECTION('',(-0.,-0.,-1.));
#3570 = ORIENTED_EDGE('',*,*,#3571,.T.);
#3571 = EDGE_CURVE('',#3564,#3572,#3574,.T.);
#3572 = VERTEX_POINT('',#3573);
#3573 = CARTESIAN_POINT('',(27.5,45.,7.));
#3574 = LINE('',#3575,#3576);
#3575 = CARTESIAN_POINT('',(27.5,47.,7.));
#3576 = VECTOR('',#3577,1.);
#3577 = DIRECTION('',(-0.,-1.,0.));
#3578 = ORIENTED_EDGE('',*,*,#3579,.T.);
#3579 = EDGE_CURVE('',#3572,#2504,#3580,.T.);
#3580 = LINE('',#3581,#3582);
#3581 = CARTESIAN_POINT('',(27.5,45.,7.));
#3582 = VECTOR('',#3583,1.);
#3583 = DIRECTION('',(-1.350989417353E-16,-0.793606361292,0.608431543657
    ));
#3584 = PLANE('',#3585);
#3585 = AXIS2_PLACEMENT_3D('',#3586,#3587,#3588);
#3586 = CARTESIAN_POINT('',(27.5,26.533752976659,11.062196284955));
#3587 = DIRECTION('',(1.,-0.,2.22044604925E-16));
#3588 = DIRECTION('',(2.22044604925E-16,0.,-1.));
#3589 = ADVANCED_FACE('',(#3590),#3619,.T.);
#3590 = FACE_BOUND('',#3591,.F.);
#3591 = EDGE_LOOP('',(#3592,#3593,#3594,#3595,#3603,#3612));
#3592 = ORIENTED_EDGE('',*,*,#3563,.T.);
#3593 = ORIENTED_EDGE('',*,*,#2021,.F.);
#3594 = ORIENTED_EDGE('',*,*,#2030,.F.);
#3595 = ORIENTED_EDGE('',*,*,#3596,.F.);
#3596 = EDGE_CURVE('',#3597,#2031,#3599,.T.);
#3597 = VERTEX_POINT('',#3598);
#3598 = CARTESIAN_POINT('',(32.5,45.669872981078,7.));
#3599 = LINE('',#3600,#3601);
#3600 = CARTESIAN_POINT('',(32.5,45.669872981078,5.551115123126E-16));
#3601 = VECTOR('',#3602,1.);
#3602 = DIRECTION('',(-0.,-0.,-1.));
#3603 = ORIENTED_EDGE('',*,*,#3604,.T.);
#3604 = EDGE_CURVE('',#3597,#3605,#3607,.T.);
#3605 = VERTEX_POINT('',#3606);
#3606 = CARTESIAN_POINT('',(35.,50.,7.));
#3607 = CIRCLE('',#3608,5.);
#3608 = AXIS2_PLACEMENT_3D('',#3609,#3610,#3611);
#3609 = CARTESIAN_POINT('',(30.,50.,7.));
#3610 = DIRECTION('',(0.,0.,1.));
#3611 = DIRECTION('',(1.,0.,0.));
#3612 = ORIENTED_EDGE('',*,*,#3613,.T.);
#3613 = EDGE_CURVE('',#3605,#3564,#3614,.T.);
#3614 = CIRCLE('',#3615,5.);
#3615 = AXIS2_PLACEMENT_3D('',#3616,#3617,#3618);
#3616 = CARTESIAN_POINT('',(30.,50.,7.));
#3617 = DIRECTION('',(0.,0.,1.));
#3618 = DIRECTION('',(1.,0.,0.));
#3619 = CYLINDRICAL_SURFACE('',#3620,5.);
#3620 = AXIS2_PLACEMENT_3D('',#3621,#3622,#3623);
#3621 = CARTESIAN_POINT('',(30.,50.,0.));
#3622 = DIRECTION('',(-0.,-0.,-1.));
#3623 = DIRECTION('',(1.,0.,0.));
#3624 = ADVANCED_FACE('',(#3625),#3644,.F.);
#3625 = FACE_BOUND('',#3626,.F.);
#3626 = EDGE_LOOP('',(#3627,#3628,#3629,#3630,#3638));
#3627 = ORIENTED_EDGE('',*,*,#3596,.T.);
#3628 = ORIENTED_EDGE('',*,*,#2039,.T.);
#3629 = ORIENTED_EDGE('',*,*,#2520,.F.);
#3630 = ORIENTED_EDGE('',*,*,#3631,.T.);
#3631 = EDGE_CURVE('',#2512,#3632,#3634,.T.);
#3632 = VERTEX_POINT('',#3633);
#3633 = CARTESIAN_POINT('',(32.5,45.,7.));
#3634 = LINE('',#3635,#3636);
#3635 = CARTESIAN_POINT('',(32.5,15.,30.));
#3636 = VECTOR('',#3637,1.);
#3637 = DIRECTION('',(1.350989417353E-16,0.793606361292,-0.608431543657)
  );
#3638 = ORIENTED_EDGE('',*,*,#3639,.T.);
#3639 = EDGE_CURVE('',#3632,#3597,#3640,.T.);
#3640 = LINE('',#3641,#3642);
#3641 = CARTESIAN_POINT('',(32.5,45.,7.));
#3642 = VECTOR('',#3643,1.);
#3643 = DIRECTION('',(0.,1.,0.));
#3644 = PLANE('',#3645);
#3645 = AXIS2_PLACEMENT_3D('',#3646,#3647,#3648);
#3646 = CARTESIAN_POINT('',(32.5,26.533752976659,11.062196284955));
#3647 = DIRECTION('',(-1.,0.,-2.22044604925E-16));
#3648 = DIRECTION('',(-2.22044604925E-16,0.,1.));
#3649 = ADVANCED_FACE('',(#3650),#3669,.F.);
#3650 = FACE_BOUND('',#3651,.T.);
#3651 = EDGE_LOOP('',(#3652,#3660,#3667,#3668));
#3652 = ORIENTED_EDGE('',*,*,#3653,.F.);
#3653 = EDGE_CURVE('',#3654,#2181,#3656,.T.);
#3654 = VERTEX_POINT('',#3655);
#3655 = CARTESIAN_POINT('',(27.8,10.,32.35));
#3656 = LINE('',#3657,#3658);
#3657 = CARTESIAN_POINT('',(27.8,10.,34.));
#3658 = VECTOR('',#3659,1.);
#3659 = DIRECTION('',(1.224646799147E-16,0.,-1.));
#3660 = ORIENTED_EDGE('',*,*,#3661,.T.);
#3661 = EDGE_CURVE('',#3654,#3654,#3662,.T.);
#3662 = CIRCLE('',#3663,2.2);
#3663 = AXIS2_PLACEMENT_3D('',#3664,#3665,#3666);
#3664 = CARTESIAN_POINT('',(30.,10.,32.35));
#3665 = DIRECTION('',(-1.224646799147E-16,-0.,1.));
#3666 = DIRECTION('',(-1.,0.,-1.224646799147E-16));
#3667 = ORIENTED_EDGE('',*,*,#3653,.T.);
#3668 = ORIENTED_EDGE('',*,*,#2180,.F.);
#3669 = CYLINDRICAL_SURFACE('',#3670,2.2);
#3670 = AXIS2_PLACEMENT_3D('',#3671,#3672,#3673);
#3671 = CARTESIAN_POINT('',(30.,10.,34.));
#3672 = DIRECTION('',(-1.224646799147E-16,-0.,1.));
#3673 = DIRECTION('',(-1.,0.,-1.224646799147E-16));
#3674 = ADVANCED_FACE('',(#3675),#3694,.F.);
#3675 = FACE_BOUND('',#3676,.T.);
#3676 = EDGE_LOOP('',(#3677,#3685,#3692,#3693));
#3677 = ORIENTED_EDGE('',*,*,#3678,.F.);
#3678 = EDGE_CURVE('',#3679,#2192,#3681,.T.);
#3679 = VERTEX_POINT('',#3680);
#3680 = CARTESIAN_POINT('',(-32.2,10.,32.35));
#3681 = LINE('',#3682,#3683);
#3682 = CARTESIAN_POINT('',(-32.2,10.,34.));
#3683 = VECTOR('',#3684,1.);
#3684 = DIRECTION('',(1.224646799147E-16,0.,-1.));
#3685 = ORIENTED_EDGE('',*,*,#3686,.T.);
#3686 = EDGE_CURVE('',#3679,#3679,#3687,.T.);
#3687 = CIRCLE('',#3688,2.2);
#3688 = AXIS2_PLACEMENT_3D('',#3689,#3690,#3691);
#3689 = CARTESIAN_POINT('',(-30.,10.,32.35));
#3690 = DIRECTION('',(-1.224646799147E-16,-0.,1.));
#3691 = DIRECTION('',(-1.,0.,-1.224646799147E-16));
#3692 = ORIENTED_EDGE('',*,*,#3678,.T.);
#3693 = ORIENTED_EDGE('',*,*,#2191,.F.);
#3694 = CYLINDRICAL_SURFACE('',#3695,2.2);
#3695 = AXIS2_PLACEMENT_3D('',#3696,#3697,#3698);
#3696 = CARTESIAN_POINT('',(-30.,10.,34.));
#3697 = DIRECTION('',(-1.224646799147E-16,-0.,1.));
#3698 = DIRECTION('',(-1.,0.,-1.224646799147E-16));
#3699 = ADVANCED_FACE('',(#3700),#3719,.F.);
#3700 = FACE_BOUND('',#3701,.T.);
#3701 = EDGE_LOOP('',(#3702,#3710,#3717,#3718));
#3702 = ORIENTED_EDGE('',*,*,#3703,.F.);
#3703 = EDGE_CURVE('',#3704,#2203,#3706,.T.);
#3704 = VERTEX_POINT('',#3705);
#3705 = CARTESIAN_POINT('',(28.3,50.,4.85));
#3706 = LINE('',#3707,#3708);
#3707 = CARTESIAN_POINT('',(28.3,50.,6.));
#3708 = VECTOR('',#3709,1.);
#3709 = DIRECTION('',(1.224646799147E-16,0.,-1.));
#3710 = ORIENTED_EDGE('',*,*,#3711,.T.);
#3711 = EDGE_CURVE('',#3704,#3704,#3712,.T.);
#3712 = CIRCLE('',#3713,1.7);
#3713 = AXIS2_PLACEMENT_3D('',#3714,#3715,#3716);
#3714 = CARTESIAN_POINT('',(30.,50.,4.85));
#3715 = DIRECTION('',(-1.224646799147E-16,-0.,1.));
#3716 = DIRECTION('',(-1.,0.,-1.224646799147E-16));
#3717 = ORIENTED_EDGE('',*,*,#3703,.T.);
#3718 = ORIENTED_EDGE('',*,*,#2202,.F.);
#3719 = CYLINDRICAL_SURFACE('',#3720,1.7);
#3720 = AXIS2_PLACEMENT_3D('',#3721,#3722,#3723);
#3721 = CARTESIAN_POINT('',(30.,50.,6.));
#3722 = DIRECTION('',(-1.224646799147E-16,-0.,1.));
#3723 = DIRECTION('',(-1.,0.,-1.224646799147E-16));
#3724 = ADVANCED_FACE('',(#3725),#3744,.F.);
#3725 = FACE_BOUND('',#3726,.T.);
#3726 = EDGE_LOOP('',(#3727,#3735,#3742,#3743));
#3727 = ORIENTED_EDGE('',*,*,#3728,.F.);
#3728 = EDGE_CURVE('',#3729,#2214,#3731,.T.);
#3729 = VERTEX_POINT('',#3730);
#3730 = CARTESIAN_POINT('',(-31.7,50.,4.85));
#3731 = LINE('',#3732,#3733);
#3732 = CARTESIAN_POINT('',(-31.7,50.,6.));
#3733 = VECTOR('',#3734,1.);
#3734 = DIRECTION('',(1.224646799147E-16,0.,-1.));
#3735 = ORIENTED_EDGE('',*,*,#3736,.T.);
#3736 = EDGE_CURVE('',#3729,#3729,#3737,.T.);
#3737 = CIRCLE('',#3738,1.7);
#3738 = AXIS2_PLACEMENT_3D('',#3739,#3740,#3741);
#3739 = CARTESIAN_POINT('',(-30.,50.,4.85));
#3740 = DIRECTION('',(-1.224646799147E-16,-0.,1.));
#3741 = DIRECTION('',(-1.,0.,-1.224646799147E-16));
#3742 = ORIENTED_EDGE('',*,*,#3728,.T.);
#3743 = ORIENTED_EDGE('',*,*,#2213,.F.);
#3744 = CYLINDRICAL_SURFACE('',#3745,1.7);
#3745 = AXIS2_PLACEMENT_3D('',#3746,#3747,#3748);
#3746 = CARTESIAN_POINT('',(-30.,50.,6.));
#3747 = DIRECTION('',(-1.224646799147E-16,-0.,1.));
#3748 = DIRECTION('',(-1.,0.,-1.224646799147E-16));
#3749 = ADVANCED_FACE('',(#3750),#3761,.T.);
#3750 = FACE_BOUND('',#3751,.T.);
#3751 = EDGE_LOOP('',(#3752,#3753,#3754,#3760));
#3752 = ORIENTED_EDGE('',*,*,#2248,.F.);
#3753 = ORIENTED_EDGE('',*,*,#3539,.T.);
#3754 = ORIENTED_EDGE('',*,*,#3755,.T.);
#3755 = EDGE_CURVE('',#3540,#3480,#3756,.T.);
#3756 = LINE('',#3757,#3758);
#3757 = CARTESIAN_POINT('',(-27.5,45.,7.));
#3758 = VECTOR('',#3759,1.);
#3759 = DIRECTION('',(-1.,0.,-2.22044604925E-16));
#3760 = ORIENTED_EDGE('',*,*,#3487,.T.);
#3761 = PLANE('',#3762);
#3762 = AXIS2_PLACEMENT_3D('',#3763,#3764,#3765);
#3763 = CARTESIAN_POINT('',(-30.,30.,18.5));
#3764 = DIRECTION('',(-1.762160109591E-16,0.608431543657,0.793606361292)
  );
#3765 = DIRECTION('',(1.350989417353E-16,0.793606361292,-0.608431543657)
  );
#3766 = ADVANCED_FACE('',(#3767),#3780,.F.);
#3767 = FACE_BOUND('',#3768,.T.);
#3768 = EDGE_LOOP('',(#3769,#3770,#3776,#3777,#3778,#3779));
#3769 = ORIENTED_EDGE('',*,*,#2845,.T.);
#3770 = ORIENTED_EDGE('',*,*,#3771,.T.);
#3771 = EDGE_CURVE('',#2846,#2356,#3772,.T.);
#3772 = LINE('',#3773,#3774);
#3773 = CARTESIAN_POINT('',(-18.3,-6.883382752676E-16,31.9));
#3774 = VECTOR('',#3775,1.);
#3775 = DIRECTION('',(0.,1.,-2.22044604925E-16));
#3776 = ORIENTED_EDGE('',*,*,#2355,.F.);
#3777 = ORIENTED_EDGE('',*,*,#3771,.F.);
#3778 = ORIENTED_EDGE('',*,*,#2854,.T.);
#3779 = ORIENTED_EDGE('',*,*,#2931,.F.);
#3780 = CYLINDRICAL_SURFACE('',#3781,1.6);
#3781 = AXIS2_PLACEMENT_3D('',#3782,#3783,#3784);
#3782 = CARTESIAN_POINT('',(-19.9,-6.883382752676E-16,31.9));
#3783 = DIRECTION('',(-0.,-1.,2.22044604925E-16));
#3784 = DIRECTION('',(1.,0.,0.));
#3785 = ADVANCED_FACE('',(#3786),#3805,.F.);
#3786 = FACE_BOUND('',#3787,.T.);
#3787 = EDGE_LOOP('',(#3788,#3797,#3803,#3804));
#3788 = ORIENTED_EDGE('',*,*,#3789,.F.);
#3789 = EDGE_CURVE('',#3790,#3790,#3792,.T.);
#3790 = VERTEX_POINT('',#3791);
#3791 = CARTESIAN_POINT('',(-15.45,7.9015,27.05));
#3792 = CIRCLE('',#3793,0.55);
#3793 = AXIS2_PLACEMENT_3D('',#3794,#3795,#3796);
#3794 = CARTESIAN_POINT('',(-16.,7.9015,27.05));
#3795 = DIRECTION('',(0.,1.,-2.22044604925E-16));
#3796 = DIRECTION('',(1.,0.,0.));
#3797 = ORIENTED_EDGE('',*,*,#3798,.T.);
#3798 = EDGE_CURVE('',#3790,#2367,#3799,.T.);
#3799 = LINE('',#3800,#3801);
#3800 = CARTESIAN_POINT('',(-15.45,7.9015,27.05));
#3801 = VECTOR('',#3802,1.);
#3802 = DIRECTION('',(0.,1.,-2.22044604925E-16));
#3803 = ORIENTED_EDGE('',*,*,#2366,.F.);
#3804 = ORIENTED_EDGE('',*,*,#3798,.F.);
#3805 = CYLINDRICAL_SURFACE('',#3806,0.55);
#3806 = AXIS2_PLACEMENT_3D('',#3807,#3808,#3809);
#3807 = CARTESIAN_POINT('',(-16.,7.9015,27.05));
#3808 = DIRECTION('',(-0.,-1.,2.22044604925E-16));
#3809 = DIRECTION('',(1.,0.,0.));
#3810 = ADVANCED_FACE('',(#3811),#3830,.F.);
#3811 = FACE_BOUND('',#3812,.T.);
#3812 = EDGE_LOOP('',(#3813,#3822,#3828,#3829));
#3813 = ORIENTED_EDGE('',*,*,#3814,.F.);
#3814 = EDGE_CURVE('',#3815,#3815,#3817,.T.);
#3815 = VERTEX_POINT('',#3816);
#3816 = CARTESIAN_POINT('',(-10.45,7.9015,27.05));
#3817 = CIRCLE('',#3818,0.55);
#3818 = AXIS2_PLACEMENT_3D('',#3819,#3820,#3821);
#3819 = CARTESIAN_POINT('',(-11.,7.9015,27.05));
#3820 = DIRECTION('',(0.,1.,-2.22044604925E-16));
#3821 = DIRECTION('',(1.,0.,0.));
#3822 = ORIENTED_EDGE('',*,*,#3823,.T.);
#3823 = EDGE_CURVE('',#3815,#2378,#3824,.T.);
#3824 = LINE('',#3825,#3826);
#3825 = CARTESIAN_POINT('',(-10.45,7.9015,27.05));
#3826 = VECTOR('',#3827,1.);
#3827 = DIRECTION('',(0.,1.,-2.22044604925E-16));
#3828 = ORIENTED_EDGE('',*,*,#2377,.F.);
#3829 = ORIENTED_EDGE('',*,*,#3823,.F.);
#3830 = CYLINDRICAL_SURFACE('',#3831,0.55);
#3831 = AXIS2_PLACEMENT_3D('',#3832,#3833,#3834);
#3832 = CARTESIAN_POINT('',(-11.,7.9015,27.05));
#3833 = DIRECTION('',(-0.,-1.,2.22044604925E-16));
#3834 = DIRECTION('',(1.,0.,0.));
#3835 = ADVANCED_FACE('',(#3836),#3855,.F.);
#3836 = FACE_BOUND('',#3837,.T.);
#3837 = EDGE_LOOP('',(#3838,#3847,#3853,#3854));
#3838 = ORIENTED_EDGE('',*,*,#3839,.F.);
#3839 = EDGE_CURVE('',#3840,#3840,#3842,.T.);
#3840 = VERTEX_POINT('',#3841);
#3841 = CARTESIAN_POINT('',(-5.45,7.9015,27.05));
#3842 = CIRCLE('',#3843,0.55);
#3843 = AXIS2_PLACEMENT_3D('',#3844,#3845,#3846);
#3844 = CARTESIAN_POINT('',(-6.,7.9015,27.05));
#3845 = DIRECTION('',(0.,1.,-2.22044604925E-16));
#3846 = DIRECTION('',(1.,0.,0.));
#3847 = ORIENTED_EDGE('',*,*,#3848,.T.);
#3848 = EDGE_CURVE('',#3840,#2389,#3849,.T.);
#3849 = LINE('',#3850,#3851);
#3850 = CARTESIAN_POINT('',(-5.45,7.9015,27.05));
#3851 = VECTOR('',#3852,1.);
#3852 = DIRECTION('',(0.,1.,-2.22044604925E-16));
#3853 = ORIENTED_EDGE('',*,*,#2388,.F.);
#3854 = ORIENTED_EDGE('',*,*,#3848,.F.);
#3855 = CYLINDRICAL_SURFACE('',#3856,0.55);
#3856 = AXIS2_PLACEMENT_3D('',#3857,#3858,#3859);
#3857 = CARTESIAN_POINT('',(-6.,7.9015,27.05));
#3858 = DIRECTION('',(-0.,-1.,2.22044604925E-16));
#3859 = DIRECTION('',(1.,0.,0.));
#3860 = ADVANCED_FACE('',(#3861),#3880,.T.);
#3861 = FACE_BOUND('',#3862,.T.);
#3862 = EDGE_LOOP('',(#3863,#3864,#3872,#3879));
#3863 = ORIENTED_EDGE('',*,*,#2399,.T.);
#3864 = ORIENTED_EDGE('',*,*,#3865,.F.);
#3865 = EDGE_CURVE('',#3866,#2400,#3868,.T.);
#3866 = VERTEX_POINT('',#3867);
#3867 = CARTESIAN_POINT('',(9.,10.348263857004,15.099463565602));
#3868 = LINE('',#3869,#3870);
#3869 = CARTESIAN_POINT('',(9.,10.348263857004,15.099463565602));
#3870 = VECTOR('',#3871,1.);
#3871 = DIRECTION('',(0.938876315887,-0.344044938528,-1.201431399313E-02
    ));
#3872 = ORIENTED_EDGE('',*,*,#3873,.T.);
#3873 = EDGE_CURVE('',#3866,#3866,#3874,.T.);
#3874 = CIRCLE('',#3875,9.);
#3875 = AXIS2_PLACEMENT_3D('',#3876,#3877,#3878);
#3876 = CARTESIAN_POINT('',(0.,10.348263857004,15.099463565602));
#3877 = DIRECTION('',(0.,-0.999390827019,-3.48994967025E-02));
#3878 = DIRECTION('',(1.,0.,0.));
#3879 = ORIENTED_EDGE('',*,*,#3865,.T.);
#3880 = CONICAL_SURFACE('',#3881,9.,1.219351532791);
#3881 = AXIS2_PLACEMENT_3D('',#3882,#3883,#3884);
#3882 = CARTESIAN_POINT('',(0.,10.348263857004,15.099463565602));
#3883 = DIRECTION('',(0.,-0.999390827019,-3.48994967025E-02));
#3884 = DIRECTION('',(1.,0.,0.));
#3885 = ADVANCED_FACE('',(#3886),#3905,.F.);
#3886 = FACE_BOUND('',#3887,.T.);
#3887 = EDGE_LOOP('',(#3888,#3897,#3903,#3904));
#3888 = ORIENTED_EDGE('',*,*,#3889,.F.);
#3889 = EDGE_CURVE('',#3890,#3890,#3892,.T.);
#3890 = VERTEX_POINT('',#3891);
#3891 = CARTESIAN_POINT('',(4.3,7.9015,24.55));
#3892 = CIRCLE('',#3893,0.55);
#3893 = AXIS2_PLACEMENT_3D('',#3894,#3895,#3896);
#3894 = CARTESIAN_POINT('',(3.75,7.9015,24.55));
#3895 = DIRECTION('',(0.,1.,-2.22044604925E-16));
#3896 = DIRECTION('',(1.,0.,0.));
#3897 = ORIENTED_EDGE('',*,*,#3898,.T.);
#3898 = EDGE_CURVE('',#3890,#2411,#3899,.T.);
#3899 = LINE('',#3900,#3901);
#3900 = CARTESIAN_POINT('',(4.3,7.9015,24.55));
#3901 = VECTOR('',#3902,1.);
#3902 = DIRECTION('',(0.,1.,-2.22044604925E-16));
#3903 = ORIENTED_EDGE('',*,*,#2410,.F.);
#3904 = ORIENTED_EDGE('',*,*,#3898,.F.);
#3905 = CYLINDRICAL_SURFACE('',#3906,0.55);
#3906 = AXIS2_PLACEMENT_3D('',#3907,#3908,#3909);
#3907 = CARTESIAN_POINT('',(3.75,7.9015,24.55));
#3908 = DIRECTION('',(-0.,-1.,2.22044604925E-16));
#3909 = DIRECTION('',(1.,0.,0.));
#3910 = ADVANCED_FACE('',(#3911),#3922,.F.);
#3911 = FACE_BOUND('',#3912,.T.);
#3912 = EDGE_LOOP('',(#3913,#3914,#3920,#3921));
#3913 = ORIENTED_EDGE('',*,*,#2884,.T.);
#3914 = ORIENTED_EDGE('',*,*,#3915,.T.);
#3915 = EDGE_CURVE('',#2885,#2422,#3916,.T.);
#3916 = LINE('',#3917,#3918);
#3917 = CARTESIAN_POINT('',(0.1,-6.883382752676E-16,31.9));
#3918 = VECTOR('',#3919,1.);
#3919 = DIRECTION('',(0.,1.,-2.22044604925E-16));
#3920 = ORIENTED_EDGE('',*,*,#2421,.F.);
#3921 = ORIENTED_EDGE('',*,*,#3915,.F.);
#3922 = CYLINDRICAL_SURFACE('',#3923,1.6);
#3923 = AXIS2_PLACEMENT_3D('',#3924,#3925,#3926);
#3924 = CARTESIAN_POINT('',(-1.5,-6.883382752676E-16,31.9));
#3925 = DIRECTION('',(-0.,-1.,2.22044604925E-16));
#3926 = DIRECTION('',(1.,0.,0.));
#3927 = ADVANCED_FACE('',(#3928),#3947,.F.);
#3928 = FACE_BOUND('',#3929,.T.);
#3929 = EDGE_LOOP('',(#3930,#3939,#3945,#3946));
#3930 = ORIENTED_EDGE('',*,*,#3931,.F.);
#3931 = EDGE_CURVE('',#3932,#3932,#3934,.T.);
#3932 = VERTEX_POINT('',#3933);
#3933 = CARTESIAN_POINT('',(4.3,7.9015,27.05));
#3934 = CIRCLE('',#3935,0.55);
#3935 = AXIS2_PLACEMENT_3D('',#3936,#3937,#3938);
#3936 = CARTESIAN_POINT('',(3.75,7.9015,27.05));
#3937 = DIRECTION('',(0.,1.,-2.22044604925E-16));
#3938 = DIRECTION('',(1.,0.,0.));
#3939 = ORIENTED_EDGE('',*,*,#3940,.T.);
#3940 = EDGE_CURVE('',#3932,#2433,#3941,.T.);
#3941 = LINE('',#3942,#3943);
#3942 = CARTESIAN_POINT('',(4.3,7.9015,27.05));
#3943 = VECTOR('',#3944,1.);
#3944 = DIRECTION('',(0.,1.,-2.22044604925E-16));
#3945 = ORIENTED_EDGE('',*,*,#2432,.F.);
#3946 = ORIENTED_EDGE('',*,*,#3940,.F.);
#3947 = CYLINDRICAL_SURFACE('',#3948,0.55);
#3948 = AXIS2_PLACEMENT_3D('',#3949,#3950,#3951);
#3949 = CARTESIAN_POINT('',(3.75,7.9015,27.05));
#3950 = DIRECTION('',(-0.,-1.,2.22044604925E-16));
#3951 = DIRECTION('',(1.,0.,0.));
#3952 = ADVANCED_FACE('',(#3953),#3972,.F.);
#3953 = FACE_BOUND('',#3954,.T.);
#3954 = EDGE_LOOP('',(#3955,#3964,#3970,#3971));
#3955 = ORIENTED_EDGE('',*,*,#3956,.F.);
#3956 = EDGE_CURVE('',#3957,#3957,#3959,.T.);
#3957 = VERTEX_POINT('',#3958);
#3958 = CARTESIAN_POINT('',(4.3,7.9015,29.55));
#3959 = CIRCLE('',#3960,0.55);
#3960 = AXIS2_PLACEMENT_3D('',#3961,#3962,#3963);
#3961 = CARTESIAN_POINT('',(3.75,7.9015,29.55));
#3962 = DIRECTION('',(0.,1.,-2.22044604925E-16));
#3963 = DIRECTION('',(1.,0.,0.));
#3964 = ORIENTED_EDGE('',*,*,#3965,.T.);
#3965 = EDGE_CURVE('',#3957,#2444,#3966,.T.);
#3966 = LINE('',#3967,#3968);
#3967 = CARTESIAN_POINT('',(4.3,7.9015,29.55));
#3968 = VECTOR('',#3969,1.);
#3969 = DIRECTION('',(0.,1.,-2.22044604925E-16));
#3970 = ORIENTED_EDGE('',*,*,#2443,.F.);
#3971 = ORIENTED_EDGE('',*,*,#3965,.F.);
#3972 = CYLINDRICAL_SURFACE('',#3973,0.55);
#3973 = AXIS2_PLACEMENT_3D('',#3974,#3975,#3976);
#3974 = CARTESIAN_POINT('',(3.75,7.9015,29.55));
#3975 = DIRECTION('',(-0.,-1.,2.22044604925E-16));
#3976 = DIRECTION('',(1.,0.,0.));
#3977 = ADVANCED_FACE('',(#3978),#3997,.F.);
#3978 = FACE_BOUND('',#3979,.T.);
#3979 = EDGE_LOOP('',(#3980,#3989,#3995,#3996));
#3980 = ORIENTED_EDGE('',*,*,#3981,.F.);
#3981 = EDGE_CURVE('',#3982,#3982,#3984,.T.);
#3982 = VERTEX_POINT('',#3983);
#3983 = CARTESIAN_POINT('',(4.3,7.9015,32.05));
#3984 = CIRCLE('',#3985,0.55);
#3985 = AXIS2_PLACEMENT_3D('',#3986,#3987,#3988);
#3986 = CARTESIAN_POINT('',(3.75,7.9015,32.05));
#3987 = DIRECTION('',(0.,1.,-2.22044604925E-16));
#3988 = DIRECTION('',(1.,0.,0.));
#3989 = ORIENTED_EDGE('',*,*,#3990,.T.);
#3990 = EDGE_CURVE('',#3982,#2455,#3991,.T.);
#3991 = LINE('',#3992,#3993);
#3992 = CARTESIAN_POINT('',(4.3,7.9015,32.05));
#3993 = VECTOR('',#3994,1.);
#3994 = DIRECTION('',(0.,1.,-2.22044604925E-16));
#3995 = ORIENTED_EDGE('',*,*,#2454,.F.);
#3996 = ORIENTED_EDGE('',*,*,#3990,.F.);
#3997 = CYLINDRICAL_SURFACE('',#3998,0.55);
#3998 = AXIS2_PLACEMENT_3D('',#3999,#4000,#4001);
#3999 = CARTESIAN_POINT('',(3.75,7.9015,32.05));
#4000 = DIRECTION('',(-0.,-1.,2.22044604925E-16));
#4001 = DIRECTION('',(1.,0.,0.));
#4002 = ADVANCED_FACE('',(#4003),#4014,.F.);
#4003 = FACE_BOUND('',#4004,.T.);
#4004 = EDGE_LOOP('',(#4005,#4006,#4012,#4013));
#4005 = ORIENTED_EDGE('',*,*,#2895,.T.);
#4006 = ORIENTED_EDGE('',*,*,#4007,.T.);
#4007 = EDGE_CURVE('',#2896,#2466,#4008,.T.);
#4008 = LINE('',#4009,#4010);
#4009 = CARTESIAN_POINT('',(14.6,-2.997602166488E-15,21.5));
#4010 = VECTOR('',#4011,1.);
#4011 = DIRECTION('',(0.,1.,-2.22044604925E-16));
#4012 = ORIENTED_EDGE('',*,*,#2465,.F.);
#4013 = ORIENTED_EDGE('',*,*,#4007,.F.);
#4014 = CYLINDRICAL_SURFACE('',#4015,1.6);
#4015 = AXIS2_PLACEMENT_3D('',#4016,#4017,#4018);
#4016 = CARTESIAN_POINT('',(13.,-2.997602166488E-15,21.5));
#4017 = DIRECTION('',(-0.,-1.,2.22044604925E-16));
#4018 = DIRECTION('',(1.,0.,0.));
#4019 = ADVANCED_FACE('',(#4020),#4031,.F.);
#4020 = FACE_BOUND('',#4021,.T.);
#4021 = EDGE_LOOP('',(#4022,#4023,#4029,#4030));
#4022 = ORIENTED_EDGE('',*,*,#2906,.T.);
#4023 = ORIENTED_EDGE('',*,*,#4024,.T.);
#4024 = EDGE_CURVE('',#2907,#2477,#4025,.T.);
#4025 = LINE('',#4026,#4027);
#4026 = CARTESIAN_POINT('',(14.6,-6.883382752676E-16,31.9));
#4027 = VECTOR('',#4028,1.);
#4028 = DIRECTION('',(0.,1.,-2.22044604925E-16));
#4029 = ORIENTED_EDGE('',*,*,#2476,.F.);
#4030 = ORIENTED_EDGE('',*,*,#4024,.F.);
#4031 = CYLINDRICAL_SURFACE('',#4032,1.6);
#4032 = AXIS2_PLACEMENT_3D('',#4033,#4034,#4035);
#4033 = CARTESIAN_POINT('',(13.,-6.883382752676E-16,31.9));
#4034 = DIRECTION('',(-0.,-1.,2.22044604925E-16));
#4035 = DIRECTION('',(1.,0.,0.));
#4036 = ADVANCED_FACE('',(#4037),#4048,.T.);
#4037 = FACE_BOUND('',#4038,.T.);
#4038 = EDGE_LOOP('',(#4039,#4040,#4041,#4047));
#4039 = ORIENTED_EDGE('',*,*,#2511,.F.);
#4040 = ORIENTED_EDGE('',*,*,#3631,.T.);
#4041 = ORIENTED_EDGE('',*,*,#4042,.T.);
#4042 = EDGE_CURVE('',#3632,#3572,#4043,.T.);
#4043 = LINE('',#4044,#4045);
#4044 = CARTESIAN_POINT('',(32.5,45.,7.));
#4045 = VECTOR('',#4046,1.);
#4046 = DIRECTION('',(-1.,0.,-2.22044604925E-16));
#4047 = ORIENTED_EDGE('',*,*,#3579,.T.);
#4048 = PLANE('',#4049);
#4049 = AXIS2_PLACEMENT_3D('',#4050,#4051,#4052);
#4050 = CARTESIAN_POINT('',(30.,30.,18.5));
#4051 = DIRECTION('',(-1.762160109591E-16,0.608431543657,0.793606361292)
  );
#4052 = DIRECTION('',(1.350989417353E-16,0.793606361292,-0.608431543657)
  );
#4053 = ADVANCED_FACE('',(#4054),#4065,.F.);
#4054 = FACE_BOUND('',#4055,.T.);
#4055 = EDGE_LOOP('',(#4056,#4057,#4063,#4064));
#4056 = ORIENTED_EDGE('',*,*,#2601,.T.);
#4057 = ORIENTED_EDGE('',*,*,#4058,.T.);
#4058 = EDGE_CURVE('',#2602,#2546,#4059,.T.);
#4059 = LINE('',#4060,#4061);
#4060 = CARTESIAN_POINT('',(24.,-6.,5.3));
#4061 = VECTOR('',#4062,1.);
#4062 = DIRECTION('',(1.,0.,-2.22044604925E-16));
#4063 = ORIENTED_EDGE('',*,*,#2545,.F.);
#4064 = ORIENTED_EDGE('',*,*,#4058,.F.);
#4065 = CYLINDRICAL_SURFACE('',#4066,1.7);
#4066 = AXIS2_PLACEMENT_3D('',#4067,#4068,#4069);
#4067 = CARTESIAN_POINT('',(24.,-6.,7.));
#4068 = DIRECTION('',(-1.,-0.,2.22044604925E-16));
#4069 = DIRECTION('',(-2.22044604925E-16,0.,-1.));
#4070 = ADVANCED_FACE('',(#4071),#4082,.F.);
#4071 = FACE_BOUND('',#4072,.T.);
#4072 = EDGE_LOOP('',(#4073,#4074,#4080,#4081));
#4073 = ORIENTED_EDGE('',*,*,#2612,.T.);
#4074 = ORIENTED_EDGE('',*,*,#4075,.T.);
#4075 = EDGE_CURVE('',#2613,#2557,#4076,.T.);
#4076 = LINE('',#4077,#4078);
#4077 = CARTESIAN_POINT('',(24.,-6.,21.3));
#4078 = VECTOR('',#4079,1.);
#4079 = DIRECTION('',(1.,0.,-2.22044604925E-16));
#4080 = ORIENTED_EDGE('',*,*,#2556,.F.);
#4081 = ORIENTED_EDGE('',*,*,#4075,.F.);
#4082 = CYLINDRICAL_SURFACE('',#4083,1.7);
#4083 = AXIS2_PLACEMENT_3D('',#4084,#4085,#4086);
#4084 = CARTESIAN_POINT('',(24.,-6.,23.));
#4085 = DIRECTION('',(-1.,-0.,2.22044604925E-16));
#4086 = DIRECTION('',(-2.22044604925E-16,0.,-1.));
#4087 = ADVANCED_FACE('',(#4088),#4107,.F.);
#4088 = FACE_BOUND('',#4089,.T.);
#4089 = EDGE_LOOP('',(#4090,#4098,#4105,#4106));
#4090 = ORIENTED_EDGE('',*,*,#4091,.F.);
#4091 = EDGE_CURVE('',#4092,#2658,#4094,.T.);
#4092 = VERTEX_POINT('',#4093);
#4093 = CARTESIAN_POINT('',(25.15,-6.,5.3));
#4094 = LINE('',#4095,#4096);
#4095 = CARTESIAN_POINT('',(24.,-6.,5.3));
#4096 = VECTOR('',#4097,1.);
#4097 = DIRECTION('',(1.,0.,-2.22044604925E-16));
#4098 = ORIENTED_EDGE('',*,*,#4099,.T.);
#4099 = EDGE_CURVE('',#4092,#4092,#4100,.T.);
#4100 = CIRCLE('',#4101,1.7);
#4101 = AXIS2_PLACEMENT_3D('',#4102,#4103,#4104);
#4102 = CARTESIAN_POINT('',(25.15,-6.,7.));
#4103 = DIRECTION('',(-1.,-0.,2.22044604925E-16));
#4104 = DIRECTION('',(-2.22044604925E-16,0.,-1.));
#4105 = ORIENTED_EDGE('',*,*,#4091,.T.);
#4106 = ORIENTED_EDGE('',*,*,#2657,.F.);
#4107 = CYLINDRICAL_SURFACE('',#4108,1.7);
#4108 = AXIS2_PLACEMENT_3D('',#4109,#4110,#4111);
#4109 = CARTESIAN_POINT('',(24.,-6.,7.));
#4110 = DIRECTION('',(-1.,-0.,2.22044604925E-16));
#4111 = DIRECTION('',(-2.22044604925E-16,0.,-1.));
#4112 = ADVANCED_FACE('',(#4113),#4132,.F.);
#4113 = FACE_BOUND('',#4114,.T.);
#4114 = EDGE_LOOP('',(#4115,#4123,#4130,#4131));
#4115 = ORIENTED_EDGE('',*,*,#4116,.F.);
#4116 = EDGE_CURVE('',#4117,#2669,#4119,.T.);
#4117 = VERTEX_POINT('',#4118);
#4118 = CARTESIAN_POINT('',(25.15,-6.,21.3));
#4119 = LINE('',#4120,#4121);
#4120 = CARTESIAN_POINT('',(24.,-6.,21.3));
#4121 = VECTOR('',#4122,1.);
#4122 = DIRECTION('',(1.,0.,-2.22044604925E-16));
#4123 = ORIENTED_EDGE('',*,*,#4124,.T.);
#4124 = EDGE_CURVE('',#4117,#4117,#4125,.T.);
#4125 = CIRCLE('',#4126,1.7);
#4126 = AXIS2_PLACEMENT_3D('',#4127,#4128,#4129);
#4127 = CARTESIAN_POINT('',(25.15,-6.,23.));
#4128 = DIRECTION('',(-1.,-0.,2.22044604925E-16));
#4129 = DIRECTION('',(-2.22044604925E-16,0.,-1.));
#4130 = ORIENTED_EDGE('',*,*,#4116,.T.);
#4131 = ORIENTED_EDGE('',*,*,#2668,.F.);
#4132 = CYLINDRICAL_SURFACE('',#4133,1.7);
#4133 = AXIS2_PLACEMENT_3D('',#4134,#4135,#4136);
#4134 = CARTESIAN_POINT('',(24.,-6.,23.));
#4135 = DIRECTION('',(-1.,-0.,2.22044604925E-16));
#4136 = DIRECTION('',(-2.22044604925E-16,0.,-1.));
#4137 = ADVANCED_FACE('',(#4138),#4163,.T.);
#4138 = FACE_BOUND('',#4139,.T.);
#4139 = EDGE_LOOP('',(#4140,#4141,#4149,#4157));
#4140 = ORIENTED_EDGE('',*,*,#2713,.T.);
#4141 = ORIENTED_EDGE('',*,*,#4142,.T.);
#4142 = EDGE_CURVE('',#2716,#4143,#4145,.T.);
#4143 = VERTEX_POINT('',#4144);
#4144 = CARTESIAN_POINT('',(25.15,-3.22871870789,5.4));
#4145 = LINE('',#4146,#4147);
#4146 = CARTESIAN_POINT('',(22.85,-3.22871870789,5.4));
#4147 = VECTOR('',#4148,1.);
#4148 = DIRECTION('',(1.,0.,-2.22044604925E-16));
#4149 = ORIENTED_EDGE('',*,*,#4150,.T.);
#4150 = EDGE_CURVE('',#4143,#4151,#4153,.T.);
#4151 = VERTEX_POINT('',#4152);
#4152 = CARTESIAN_POINT('',(25.15,-3.22871870789,8.6));
#4153 = LINE('',#4154,#4155);
#4154 = CARTESIAN_POINT('',(25.15,-3.22871870789,5.4));
#4155 = VECTOR('',#4156,1.);
#4156 = DIRECTION('',(2.22044604925E-16,2.775557561563E-16,1.));
#4157 = ORIENTED_EDGE('',*,*,#4158,.F.);
#4158 = EDGE_CURVE('',#2714,#4151,#4159,.T.);
#4159 = LINE('',#4160,#4161);
#4160 = CARTESIAN_POINT('',(22.85,-3.22871870789,8.6));
#4161 = VECTOR('',#4162,1.);
#4162 = DIRECTION('',(1.,0.,-2.22044604925E-16));
#4163 = PLANE('',#4164);
#4164 = AXIS2_PLACEMENT_3D('',#4165,#4166,#4167);
#4165 = CARTESIAN_POINT('',(22.85,-3.22871870789,5.4));
#4166 = DIRECTION('',(6.162975822039E-32,-1.,2.775557561563E-16));
#4167 = DIRECTION('',(2.22044604925E-16,2.775557561563E-16,1.));
#4168 = ADVANCED_FACE('',(#4169),#4187,.T.);
#4169 = FACE_BOUND('',#4170,.T.);
#4170 = EDGE_LOOP('',(#4171,#4172,#4173,#4181));
#4171 = ORIENTED_EDGE('',*,*,#2755,.T.);
#4172 = ORIENTED_EDGE('',*,*,#4158,.T.);
#4173 = ORIENTED_EDGE('',*,*,#4174,.T.);
#4174 = EDGE_CURVE('',#4151,#4175,#4177,.T.);
#4175 = VERTEX_POINT('',#4176);
#4176 = CARTESIAN_POINT('',(25.15,-6.,10.2));
#4177 = LINE('',#4178,#4179);
#4178 = CARTESIAN_POINT('',(25.15,-3.22871870789,8.6));
#4179 = VECTOR('',#4180,1.);
#4180 = DIRECTION('',(1.110223024625E-16,-0.866025403784,0.5));
#4181 = ORIENTED_EDGE('',*,*,#4182,.F.);
#4182 = EDGE_CURVE('',#2748,#4175,#4183,.T.);
#4183 = LINE('',#4184,#4185);
#4184 = CARTESIAN_POINT('',(22.85,-6.,10.2));
#4185 = VECTOR('',#4186,1.);
#4186 = DIRECTION('',(1.,0.,-2.22044604925E-16));
#4187 = PLANE('',#4188);
#4188 = AXIS2_PLACEMENT_3D('',#4189,#4190,#4191);
#4189 = CARTESIAN_POINT('',(22.85,-3.22871870789,8.6));
#4190 = DIRECTION('',(-1.922962686384E-16,-0.5,-0.866025403784));
#4191 = DIRECTION('',(1.110223024625E-16,-0.866025403784,0.5));
#4192 = ADVANCED_FACE('',(#4193),#4211,.T.);
#4193 = FACE_BOUND('',#4194,.T.);
#4194 = EDGE_LOOP('',(#4195,#4196,#4197,#4205));
#4195 = ORIENTED_EDGE('',*,*,#2747,.T.);
#4196 = ORIENTED_EDGE('',*,*,#4182,.T.);
#4197 = ORIENTED_EDGE('',*,*,#4198,.T.);
#4198 = EDGE_CURVE('',#4175,#4199,#4201,.T.);
#4199 = VERTEX_POINT('',#4200);
#4200 = CARTESIAN_POINT('',(25.15,-8.77128129211,8.6));
#4201 = LINE('',#4202,#4203);
#4202 = CARTESIAN_POINT('',(25.15,-6.,10.2));
#4203 = VECTOR('',#4204,1.);
#4204 = DIRECTION('',(-1.110223024625E-16,-0.866025403784,-0.5));
#4205 = ORIENTED_EDGE('',*,*,#4206,.F.);
#4206 = EDGE_CURVE('',#2740,#4199,#4207,.T.);
#4207 = LINE('',#4208,#4209);
#4208 = CARTESIAN_POINT('',(22.85,-8.77128129211,8.6));
#4209 = VECTOR('',#4210,1.);
#4210 = DIRECTION('',(1.,0.,-2.22044604925E-16));
#4211 = PLANE('',#4212);
#4212 = AXIS2_PLACEMENT_3D('',#4213,#4214,#4215);
#4213 = CARTESIAN_POINT('',(22.85,-6.,10.2));
#4214 = DIRECTION('',(-1.922962686384E-16,0.5,-0.866025403784));
#4215 = DIRECTION('',(-1.110223024625E-16,-0.866025403784,-0.5));
#4216 = ADVANCED_FACE('',(#4217),#4235,.T.);
#4217 = FACE_BOUND('',#4218,.T.);
#4218 = EDGE_LOOP('',(#4219,#4220,#4221,#4229));
#4219 = ORIENTED_EDGE('',*,*,#2739,.T.);
#4220 = ORIENTED_EDGE('',*,*,#4206,.T.);
#4221 = ORIENTED_EDGE('',*,*,#4222,.T.);
#4222 = EDGE_CURVE('',#4199,#4223,#4225,.T.);
#4223 = VERTEX_POINT('',#4224);
#4224 = CARTESIAN_POINT('',(25.15,-8.77128129211,5.4));
#4225 = LINE('',#4226,#4227);
#4226 = CARTESIAN_POINT('',(25.15,-8.77128129211,8.6));
#4227 = VECTOR('',#4228,1.);
#4228 = DIRECTION('',(-2.22044604925E-16,-6.938893903907E-16,-1.));
#4229 = ORIENTED_EDGE('',*,*,#4230,.F.);
#4230 = EDGE_CURVE('',#2732,#4223,#4231,.T.);
#4231 = LINE('',#4232,#4233);
#4232 = CARTESIAN_POINT('',(22.85,-8.77128129211,5.4));
#4233 = VECTOR('',#4234,1.);
#4234 = DIRECTION('',(1.,0.,-2.22044604925E-16));
#4235 = PLANE('',#4236);
#4236 = AXIS2_PLACEMENT_3D('',#4237,#4238,#4239);
#4237 = CARTESIAN_POINT('',(22.85,-8.77128129211,8.6));
#4238 = DIRECTION('',(-1.54074395551E-31,1.,-6.938893903907E-16));
#4239 = DIRECTION('',(-2.22044604925E-16,-6.938893903907E-16,-1.));
#4240 = ADVANCED_FACE('',(#4241),#4259,.T.);
#4241 = FACE_BOUND('',#4242,.T.);
#4242 = EDGE_LOOP('',(#4243,#4244,#4245,#4253));
#4243 = ORIENTED_EDGE('',*,*,#2731,.T.);
#4244 = ORIENTED_EDGE('',*,*,#4230,.T.);
#4245 = ORIENTED_EDGE('',*,*,#4246,.T.);
#4246 = EDGE_CURVE('',#4223,#4247,#4249,.T.);
#4247 = VERTEX_POINT('',#4248);
#4248 = CARTESIAN_POINT('',(25.15,-6.,3.8));
#4249 = LINE('',#4250,#4251);
#4250 = CARTESIAN_POINT('',(25.15,-8.77128129211,5.4));
#4251 = VECTOR('',#4252,1.);
#4252 = DIRECTION('',(-1.110223024625E-16,0.866025403784,-0.5));
#4253 = ORIENTED_EDGE('',*,*,#4254,.F.);
#4254 = EDGE_CURVE('',#2724,#4247,#4255,.T.);
#4255 = LINE('',#4256,#4257);
#4256 = CARTESIAN_POINT('',(22.85,-6.,3.8));
#4257 = VECTOR('',#4258,1.);
#4258 = DIRECTION('',(1.,0.,-2.22044604925E-16));
#4259 = PLANE('',#4260);
#4260 = AXIS2_PLACEMENT_3D('',#4261,#4262,#4263);
#4261 = CARTESIAN_POINT('',(22.85,-8.77128129211,5.4));
#4262 = DIRECTION('',(1.922962686384E-16,0.5,0.866025403784));
#4263 = DIRECTION('',(-1.110223024625E-16,0.866025403784,-0.5));
#4264 = ADVANCED_FACE('',(#4265),#4276,.T.);
#4265 = FACE_BOUND('',#4266,.T.);
#4266 = EDGE_LOOP('',(#4267,#4268,#4269,#4275));
#4267 = ORIENTED_EDGE('',*,*,#2723,.T.);
#4268 = ORIENTED_EDGE('',*,*,#4254,.T.);
#4269 = ORIENTED_EDGE('',*,*,#4270,.T.);
#4270 = EDGE_CURVE('',#4247,#4143,#4271,.T.);
#4271 = LINE('',#4272,#4273);
#4272 = CARTESIAN_POINT('',(25.15,-6.,3.8));
#4273 = VECTOR('',#4274,1.);
#4274 = DIRECTION('',(1.110223024625E-16,0.866025403784,0.5));
#4275 = ORIENTED_EDGE('',*,*,#4142,.F.);
#4276 = PLANE('',#4277);
#4277 = AXIS2_PLACEMENT_3D('',#4278,#4279,#4280);
#4278 = CARTESIAN_POINT('',(22.85,-6.,3.8));
#4279 = DIRECTION('',(1.922962686384E-16,-0.5,0.866025403784));
#4280 = DIRECTION('',(1.110223024625E-16,0.866025403784,0.5));
#4281 = ADVANCED_FACE('',(#4282),#4307,.T.);
#4282 = FACE_BOUND('',#4283,.T.);
#4283 = EDGE_LOOP('',(#4284,#4285,#4293,#4301));
#4284 = ORIENTED_EDGE('',*,*,#2763,.T.);
#4285 = ORIENTED_EDGE('',*,*,#4286,.T.);
#4286 = EDGE_CURVE('',#2766,#4287,#4289,.T.);
#4287 = VERTEX_POINT('',#4288);
#4288 = CARTESIAN_POINT('',(25.15,-3.22871870789,21.4));
#4289 = LINE('',#4290,#4291);
#4290 = CARTESIAN_POINT('',(22.85,-3.22871870789,21.4));
#4291 = VECTOR('',#4292,1.);
#4292 = DIRECTION('',(1.,0.,-2.22044604925E-16));
#4293 = ORIENTED_EDGE('',*,*,#4294,.T.);
#4294 = EDGE_CURVE('',#4287,#4295,#4297,.T.);
#4295 = VERTEX_POINT('',#4296);
#4296 = CARTESIAN_POINT('',(25.15,-3.22871870789,24.6));
#4297 = LINE('',#4298,#4299);
#4298 = CARTESIAN_POINT('',(25.15,-3.22871870789,21.4));
#4299 = VECTOR('',#4300,1.);
#4300 = DIRECTION('',(2.22044604925E-16,2.775557561563E-16,1.));
#4301 = ORIENTED_EDGE('',*,*,#4302,.F.);
#4302 = EDGE_CURVE('',#2764,#4295,#4303,.T.);
#4303 = LINE('',#4304,#4305);
#4304 = CARTESIAN_POINT('',(22.85,-3.22871870789,24.6));
#4305 = VECTOR('',#4306,1.);
#4306 = DIRECTION('',(1.,0.,-2.22044604925E-16));
#4307 = PLANE('',#4308);
#4308 = AXIS2_PLACEMENT_3D('',#4309,#4310,#4311);
#4309 = CARTESIAN_POINT('',(22.85,-3.22871870789,21.4));
#4310 = DIRECTION('',(6.162975822039E-32,-1.,2.775557561563E-16));
#4311 = DIRECTION('',(2.22044604925E-16,2.775557561563E-16,1.));
#4312 = ADVANCED_FACE('',(#4313),#4331,.T.);
#4313 = FACE_BOUND('',#4314,.T.);
#4314 = EDGE_LOOP('',(#4315,#4316,#4317,#4325));
#4315 = ORIENTED_EDGE('',*,*,#2805,.T.);
#4316 = ORIENTED_EDGE('',*,*,#4302,.T.);
#4317 = ORIENTED_EDGE('',*,*,#4318,.T.);
#4318 = EDGE_CURVE('',#4295,#4319,#4321,.T.);
#4319 = VERTEX_POINT('',#4320);
#4320 = CARTESIAN_POINT('',(25.15,-6.,26.2));
#4321 = LINE('',#4322,#4323);
#4322 = CARTESIAN_POINT('',(25.15,-3.22871870789,24.6));
#4323 = VECTOR('',#4324,1.);
#4324 = DIRECTION('',(1.110223024625E-16,-0.866025403784,0.5));
#4325 = ORIENTED_EDGE('',*,*,#4326,.F.);
#4326 = EDGE_CURVE('',#2798,#4319,#4327,.T.);
#4327 = LINE('',#4328,#4329);
#4328 = CARTESIAN_POINT('',(22.85,-6.,26.2));
#4329 = VECTOR('',#4330,1.);
#4330 = DIRECTION('',(1.,0.,-2.22044604925E-16));
#4331 = PLANE('',#4332);
#4332 = AXIS2_PLACEMENT_3D('',#4333,#4334,#4335);
#4333 = CARTESIAN_POINT('',(22.85,-3.22871870789,24.6));
#4334 = DIRECTION('',(-1.922962686384E-16,-0.5,-0.866025403784));
#4335 = DIRECTION('',(1.110223024625E-16,-0.866025403784,0.5));
#4336 = ADVANCED_FACE('',(#4337),#4355,.T.);
#4337 = FACE_BOUND('',#4338,.T.);
#4338 = EDGE_LOOP('',(#4339,#4340,#4341,#4349));
#4339 = ORIENTED_EDGE('',*,*,#2797,.T.);
#4340 = ORIENTED_EDGE('',*,*,#4326,.T.);
#4341 = ORIENTED_EDGE('',*,*,#4342,.T.);
#4342 = EDGE_CURVE('',#4319,#4343,#4345,.T.);
#4343 = VERTEX_POINT('',#4344);
#4344 = CARTESIAN_POINT('',(25.15,-8.77128129211,24.6));
#4345 = LINE('',#4346,#4347);
#4346 = CARTESIAN_POINT('',(25.15,-6.,26.2));
#4347 = VECTOR('',#4348,1.);
#4348 = DIRECTION('',(-1.110223024625E-16,-0.866025403784,-0.5));
#4349 = ORIENTED_EDGE('',*,*,#4350,.F.);
#4350 = EDGE_CURVE('',#2790,#4343,#4351,.T.);
#4351 = LINE('',#4352,#4353);
#4352 = CARTESIAN_POINT('',(22.85,-8.77128129211,24.6));
#4353 = VECTOR('',#4354,1.);
#4354 = DIRECTION('',(1.,0.,-2.22044604925E-16));
#4355 = PLANE('',#4356);
#4356 = AXIS2_PLACEMENT_3D('',#4357,#4358,#4359);
#4357 = CARTESIAN_POINT('',(22.85,-6.,26.2));
#4358 = DIRECTION('',(-1.922962686384E-16,0.5,-0.866025403784));
#4359 = DIRECTION('',(-1.110223024625E-16,-0.866025403784,-0.5));
#4360 = ADVANCED_FACE('',(#4361),#4379,.T.);
#4361 = FACE_BOUND('',#4362,.T.);
#4362 = EDGE_LOOP('',(#4363,#4364,#4365,#4373));
#4363 = ORIENTED_EDGE('',*,*,#2789,.T.);
#4364 = ORIENTED_EDGE('',*,*,#4350,.T.);
#4365 = ORIENTED_EDGE('',*,*,#4366,.T.);
#4366 = EDGE_CURVE('',#4343,#4367,#4369,.T.);
#4367 = VERTEX_POINT('',#4368);
#4368 = CARTESIAN_POINT('',(25.15,-8.77128129211,21.4));
#4369 = LINE('',#4370,#4371);
#4370 = CARTESIAN_POINT('',(25.15,-8.77128129211,24.6));
#4371 = VECTOR('',#4372,1.);
#4372 = DIRECTION('',(-2.22044604925E-16,-6.938893903907E-16,-1.));
#4373 = ORIENTED_EDGE('',*,*,#4374,.F.);
#4374 = EDGE_CURVE('',#2782,#4367,#4375,.T.);
#4375 = LINE('',#4376,#4377);
#4376 = CARTESIAN_POINT('',(22.85,-8.77128129211,21.4));
#4377 = VECTOR('',#4378,1.);
#4378 = DIRECTION('',(1.,0.,-2.22044604925E-16));
#4379 = PLANE('',#4380);
#4380 = AXIS2_PLACEMENT_3D('',#4381,#4382,#4383);
#4381 = CARTESIAN_POINT('',(22.85,-8.77128129211,24.6));
#4382 = DIRECTION('',(-1.54074395551E-31,1.,-6.938893903907E-16));
#4383 = DIRECTION('',(-2.22044604925E-16,-6.938893903907E-16,-1.));
#4384 = ADVANCED_FACE('',(#4385),#4403,.T.);
#4385 = FACE_BOUND('',#4386,.T.);
#4386 = EDGE_LOOP('',(#4387,#4388,#4389,#4397));
#4387 = ORIENTED_EDGE('',*,*,#2781,.T.);
#4388 = ORIENTED_EDGE('',*,*,#4374,.T.);
#4389 = ORIENTED_EDGE('',*,*,#4390,.T.);
#4390 = EDGE_CURVE('',#4367,#4391,#4393,.T.);
#4391 = VERTEX_POINT('',#4392);
#4392 = CARTESIAN_POINT('',(25.15,-6.,19.8));
#4393 = LINE('',#4394,#4395);
#4394 = CARTESIAN_POINT('',(25.15,-8.77128129211,21.4));
#4395 = VECTOR('',#4396,1.);
#4396 = DIRECTION('',(-1.110223024625E-16,0.866025403784,-0.5));
#4397 = ORIENTED_EDGE('',*,*,#4398,.F.);
#4398 = EDGE_CURVE('',#2774,#4391,#4399,.T.);
#4399 = LINE('',#4400,#4401);
#4400 = CARTESIAN_POINT('',(22.85,-6.,19.8));
#4401 = VECTOR('',#4402,1.);
#4402 = DIRECTION('',(1.,0.,-2.22044604925E-16));
#4403 = PLANE('',#4404);
#4404 = AXIS2_PLACEMENT_3D('',#4405,#4406,#4407);
#4405 = CARTESIAN_POINT('',(22.85,-8.77128129211,21.4));
#4406 = DIRECTION('',(1.922962686384E-16,0.5,0.866025403784));
#4407 = DIRECTION('',(-1.110223024625E-16,0.866025403784,-0.5));
#4408 = ADVANCED_FACE('',(#4409),#4420,.T.);
#4409 = FACE_BOUND('',#4410,.T.);
#4410 = EDGE_LOOP('',(#4411,#4412,#4413,#4419));
#4411 = ORIENTED_EDGE('',*,*,#2773,.T.);
#4412 = ORIENTED_EDGE('',*,*,#4398,.T.);
#4413 = ORIENTED_EDGE('',*,*,#4414,.T.);
#4414 = EDGE_CURVE('',#4391,#4287,#4415,.T.);
#4415 = LINE('',#4416,#4417);
#4416 = CARTESIAN_POINT('',(25.15,-6.,19.8));
#4417 = VECTOR('',#4418,1.);
#4418 = DIRECTION('',(1.110223024625E-16,0.866025403784,0.5));
#4419 = ORIENTED_EDGE('',*,*,#4286,.F.);
#4420 = PLANE('',#4421);
#4421 = AXIS2_PLACEMENT_3D('',#4422,#4423,#4424);
#4422 = CARTESIAN_POINT('',(22.85,-6.,19.8));
#4423 = DIRECTION('',(1.922962686384E-16,-0.5,0.866025403784));
#4424 = DIRECTION('',(1.110223024625E-16,0.866025403784,0.5));
#4425 = ADVANCED_FACE('',(#4426),#4445,.T.);
#4426 = FACE_BOUND('',#4427,.T.);
#4427 = EDGE_LOOP('',(#4428,#4436,#4443,#4444));
#4428 = ORIENTED_EDGE('',*,*,#4429,.T.);
#4429 = EDGE_CURVE('',#2874,#4430,#4432,.T.);
#4430 = VERTEX_POINT('',#4431);
#4431 = CARTESIAN_POINT('',(9.,4.651736142996,14.900536434398));
#4432 = LINE('',#4433,#4434);
#4433 = CARTESIAN_POINT('',(12.,5.751066052717,14.938925880771));
#4434 = VECTOR('',#4435,1.);
#4435 = DIRECTION('',(-0.938876315887,-0.344044938528,
    -1.201431399312E-02));
#4436 = ORIENTED_EDGE('',*,*,#4437,.F.);
#4437 = EDGE_CURVE('',#4430,#4430,#4438,.T.);
#4438 = CIRCLE('',#4439,9.);
#4439 = AXIS2_PLACEMENT_3D('',#4440,#4441,#4442);
#4440 = CARTESIAN_POINT('',(0.,4.651736142996,14.900536434398));
#4441 = DIRECTION('',(0.,-0.999390827019,-3.48994967025E-02));
#4442 = DIRECTION('',(1.,0.,0.));
#4443 = ORIENTED_EDGE('',*,*,#4429,.F.);
#4444 = ORIENTED_EDGE('',*,*,#2873,.F.);
#4445 = CONICAL_SURFACE('',#4446,12.,1.219351532791);
#4446 = AXIS2_PLACEMENT_3D('',#4447,#4448,#4449);
#4447 = CARTESIAN_POINT('',(0.,5.751066052717,14.938925880771));
#4448 = DIRECTION('',(-0.,0.999390827019,3.48994967025E-02));
#4449 = DIRECTION('',(1.,0.,0.));
#4450 = ADVANCED_FACE('',(#4451),#4476,.T.);
#4451 = FACE_BOUND('',#4452,.T.);
#4452 = EDGE_LOOP('',(#4453,#4454,#4462,#4470));
#4453 = ORIENTED_EDGE('',*,*,#3007,.F.);
#4454 = ORIENTED_EDGE('',*,*,#4455,.T.);
#4455 = EDGE_CURVE('',#3008,#4456,#4458,.T.);
#4456 = VERTEX_POINT('',#4457);
#4457 = CARTESIAN_POINT('',(-25.15,-8.77128129211,8.6));
#4458 = LINE('',#4459,#4460);
#4459 = CARTESIAN_POINT('',(-22.85,-8.77128129211,8.6));
#4460 = VECTOR('',#4461,1.);
#4461 = DIRECTION('',(-1.,0.,-2.22044604925E-16));
#4462 = ORIENTED_EDGE('',*,*,#4463,.T.);
#4463 = EDGE_CURVE('',#4456,#4464,#4466,.T.);
#4464 = VERTEX_POINT('',#4465);
#4465 = CARTESIAN_POINT('',(-25.15,-6.,10.2));
#4466 = LINE('',#4467,#4468);
#4467 = CARTESIAN_POINT('',(-25.15,-8.77128129211,8.6));
#4468 = VECTOR('',#4469,1.);
#4469 = DIRECTION('',(-1.110223024625E-16,0.866025403784,0.5));
#4470 = ORIENTED_EDGE('',*,*,#4471,.F.);
#4471 = EDGE_CURVE('',#3010,#4464,#4472,.T.);
#4472 = LINE('',#4473,#4474);
#4473 = CARTESIAN_POINT('',(-22.85,-6.,10.2));
#4474 = VECTOR('',#4475,1.);
#4475 = DIRECTION('',(-1.,0.,-2.22044604925E-16));
#4476 = PLANE('',#4477);
#4477 = AXIS2_PLACEMENT_3D('',#4478,#4479,#4480);
#4478 = CARTESIAN_POINT('',(-22.85,-8.77128129211,8.6));
#4479 = DIRECTION('',(1.922962686384E-16,0.5,-0.866025403784));
#4480 = DIRECTION('',(-1.110223024625E-16,0.866025403784,0.5));
#4481 = ADVANCED_FACE('',(#4482),#4500,.T.);
#4482 = FACE_BOUND('',#4483,.T.);
#4483 = EDGE_LOOP('',(#4484,#4485,#4493,#4499));
#4484 = ORIENTED_EDGE('',*,*,#3049,.F.);
#4485 = ORIENTED_EDGE('',*,*,#4486,.T.);
#4486 = EDGE_CURVE('',#3042,#4487,#4489,.T.);
#4487 = VERTEX_POINT('',#4488);
#4488 = CARTESIAN_POINT('',(-25.15,-8.77128129211,5.4));
#4489 = LINE('',#4490,#4491);
#4490 = CARTESIAN_POINT('',(-22.85,-8.77128129211,5.4));
#4491 = VECTOR('',#4492,1.);
#4492 = DIRECTION('',(-1.,0.,-2.22044604925E-16));
#4493 = ORIENTED_EDGE('',*,*,#4494,.T.);
#4494 = EDGE_CURVE('',#4487,#4456,#4495,.T.);
#4495 = LINE('',#4496,#4497);
#4496 = CARTESIAN_POINT('',(-25.15,-8.77128129211,5.4));
#4497 = VECTOR('',#4498,1.);
#4498 = DIRECTION('',(-2.22044604925E-16,-6.938893903907E-16,1.));
#4499 = ORIENTED_EDGE('',*,*,#4455,.F.);
#4500 = PLANE('',#4501);
#4501 = AXIS2_PLACEMENT_3D('',#4502,#4503,#4504);
#4502 = CARTESIAN_POINT('',(-22.85,-8.77128129211,5.4));
#4503 = DIRECTION('',(-1.54074395551E-31,1.,6.938893903907E-16));
#4504 = DIRECTION('',(-2.22044604925E-16,-6.938893903907E-16,1.));
#4505 = ADVANCED_FACE('',(#4506),#4524,.T.);
#4506 = FACE_BOUND('',#4507,.T.);
#4507 = EDGE_LOOP('',(#4508,#4509,#4517,#4523));
#4508 = ORIENTED_EDGE('',*,*,#3041,.F.);
#4509 = ORIENTED_EDGE('',*,*,#4510,.T.);
#4510 = EDGE_CURVE('',#3034,#4511,#4513,.T.);
#4511 = VERTEX_POINT('',#4512);
#4512 = CARTESIAN_POINT('',(-25.15,-6.,3.8));
#4513 = LINE('',#4514,#4515);
#4514 = CARTESIAN_POINT('',(-22.85,-6.,3.8));
#4515 = VECTOR('',#4516,1.);
#4516 = DIRECTION('',(-1.,0.,-2.22044604925E-16));
#4517 = ORIENTED_EDGE('',*,*,#4518,.T.);
#4518 = EDGE_CURVE('',#4511,#4487,#4519,.T.);
#4519 = LINE('',#4520,#4521);
#4520 = CARTESIAN_POINT('',(-25.15,-6.,3.8));
#4521 = VECTOR('',#4522,1.);
#4522 = DIRECTION('',(-1.110223024625E-16,-0.866025403784,0.5));
#4523 = ORIENTED_EDGE('',*,*,#4486,.F.);
#4524 = PLANE('',#4525);
#4525 = AXIS2_PLACEMENT_3D('',#4526,#4527,#4528);
#4526 = CARTESIAN_POINT('',(-22.85,-6.,3.8));
#4527 = DIRECTION('',(-1.922962686384E-16,0.5,0.866025403784));
#4528 = DIRECTION('',(-1.110223024625E-16,-0.866025403784,0.5));
#4529 = ADVANCED_FACE('',(#4530),#4548,.T.);
#4530 = FACE_BOUND('',#4531,.T.);
#4531 = EDGE_LOOP('',(#4532,#4533,#4541,#4547));
#4532 = ORIENTED_EDGE('',*,*,#3033,.F.);
#4533 = ORIENTED_EDGE('',*,*,#4534,.T.);
#4534 = EDGE_CURVE('',#3026,#4535,#4537,.T.);
#4535 = VERTEX_POINT('',#4536);
#4536 = CARTESIAN_POINT('',(-25.15,-3.22871870789,5.4));
#4537 = LINE('',#4538,#4539);
#4538 = CARTESIAN_POINT('',(-22.85,-3.22871870789,5.4));
#4539 = VECTOR('',#4540,1.);
#4540 = DIRECTION('',(-1.,0.,-2.22044604925E-16));
#4541 = ORIENTED_EDGE('',*,*,#4542,.T.);
#4542 = EDGE_CURVE('',#4535,#4511,#4543,.T.);
#4543 = LINE('',#4544,#4545);
#4544 = CARTESIAN_POINT('',(-25.15,-3.22871870789,5.4));
#4545 = VECTOR('',#4546,1.);
#4546 = DIRECTION('',(1.110223024625E-16,-0.866025403784,-0.5));
#4547 = ORIENTED_EDGE('',*,*,#4510,.F.);
#4548 = PLANE('',#4549);
#4549 = AXIS2_PLACEMENT_3D('',#4550,#4551,#4552);
#4550 = CARTESIAN_POINT('',(-22.85,-3.22871870789,5.4));
#4551 = DIRECTION('',(-1.922962686384E-16,-0.5,0.866025403784));
#4552 = DIRECTION('',(1.110223024625E-16,-0.866025403784,-0.5));
#4553 = ADVANCED_FACE('',(#4554),#4572,.T.);
#4554 = FACE_BOUND('',#4555,.T.);
#4555 = EDGE_LOOP('',(#4556,#4557,#4565,#4571));
#4556 = ORIENTED_EDGE('',*,*,#3025,.F.);
#4557 = ORIENTED_EDGE('',*,*,#4558,.T.);
#4558 = EDGE_CURVE('',#3018,#4559,#4561,.T.);
#4559 = VERTEX_POINT('',#4560);
#4560 = CARTESIAN_POINT('',(-25.15,-3.22871870789,8.6));
#4561 = LINE('',#4562,#4563);
#4562 = CARTESIAN_POINT('',(-22.85,-3.22871870789,8.6));
#4563 = VECTOR('',#4564,1.);
#4564 = DIRECTION('',(-1.,0.,-2.22044604925E-16));
#4565 = ORIENTED_EDGE('',*,*,#4566,.T.);
#4566 = EDGE_CURVE('',#4559,#4535,#4567,.T.);
#4567 = LINE('',#4568,#4569);
#4568 = CARTESIAN_POINT('',(-25.15,-3.22871870789,8.6));
#4569 = VECTOR('',#4570,1.);
#4570 = DIRECTION('',(2.22044604925E-16,2.775557561563E-16,-1.));
#4571 = ORIENTED_EDGE('',*,*,#4534,.F.);
#4572 = PLANE('',#4573);
#4573 = AXIS2_PLACEMENT_3D('',#4574,#4575,#4576);
#4574 = CARTESIAN_POINT('',(-22.85,-3.22871870789,8.6));
#4575 = DIRECTION('',(6.162975822039E-32,-1.,-2.775557561563E-16));
#4576 = DIRECTION('',(2.22044604925E-16,2.775557561563E-16,-1.));
#4577 = ADVANCED_FACE('',(#4578),#4589,.T.);
#4578 = FACE_BOUND('',#4579,.T.);
#4579 = EDGE_LOOP('',(#4580,#4581,#4582,#4588));
#4580 = ORIENTED_EDGE('',*,*,#3017,.F.);
#4581 = ORIENTED_EDGE('',*,*,#4471,.T.);
#4582 = ORIENTED_EDGE('',*,*,#4583,.T.);
#4583 = EDGE_CURVE('',#4464,#4559,#4584,.T.);
#4584 = LINE('',#4585,#4586);
#4585 = CARTESIAN_POINT('',(-25.15,-6.,10.2));
#4586 = VECTOR('',#4587,1.);
#4587 = DIRECTION('',(1.110223024625E-16,0.866025403784,-0.5));
#4588 = ORIENTED_EDGE('',*,*,#4558,.F.);
#4589 = PLANE('',#4590);
#4590 = AXIS2_PLACEMENT_3D('',#4591,#4592,#4593);
#4591 = CARTESIAN_POINT('',(-22.85,-6.,10.2));
#4592 = DIRECTION('',(1.922962686384E-16,-0.5,-0.866025403784));
#4593 = DIRECTION('',(1.110223024625E-16,0.866025403784,-0.5));
#4594 = ADVANCED_FACE('',(#4595),#4620,.T.);
#4595 = FACE_BOUND('',#4596,.T.);
#4596 = EDGE_LOOP('',(#4597,#4598,#4606,#4614));
#4597 = ORIENTED_EDGE('',*,*,#3057,.F.);
#4598 = ORIENTED_EDGE('',*,*,#4599,.T.);
#4599 = EDGE_CURVE('',#3058,#4600,#4602,.T.);
#4600 = VERTEX_POINT('',#4601);
#4601 = CARTESIAN_POINT('',(-25.15,-8.77128129211,24.6));
#4602 = LINE('',#4603,#4604);
#4603 = CARTESIAN_POINT('',(-22.85,-8.77128129211,24.6));
#4604 = VECTOR('',#4605,1.);
#4605 = DIRECTION('',(-1.,0.,-2.22044604925E-16));
#4606 = ORIENTED_EDGE('',*,*,#4607,.T.);
#4607 = EDGE_CURVE('',#4600,#4608,#4610,.T.);
#4608 = VERTEX_POINT('',#4609);
#4609 = CARTESIAN_POINT('',(-25.15,-6.,26.2));
#4610 = LINE('',#4611,#4612);
#4611 = CARTESIAN_POINT('',(-25.15,-8.77128129211,24.6));
#4612 = VECTOR('',#4613,1.);
#4613 = DIRECTION('',(-1.110223024625E-16,0.866025403784,0.5));
#4614 = ORIENTED_EDGE('',*,*,#4615,.F.);
#4615 = EDGE_CURVE('',#3060,#4608,#4616,.T.);
#4616 = LINE('',#4617,#4618);
#4617 = CARTESIAN_POINT('',(-22.85,-6.,26.2));
#4618 = VECTOR('',#4619,1.);
#4619 = DIRECTION('',(-1.,0.,-2.22044604925E-16));
#4620 = PLANE('',#4621);
#4621 = AXIS2_PLACEMENT_3D('',#4622,#4623,#4624);
#4622 = CARTESIAN_POINT('',(-22.85,-8.77128129211,24.6));
#4623 = DIRECTION('',(1.922962686384E-16,0.5,-0.866025403784));
#4624 = DIRECTION('',(-1.110223024625E-16,0.866025403784,0.5));
#4625 = ADVANCED_FACE('',(#4626),#4644,.T.);
#4626 = FACE_BOUND('',#4627,.T.);
#4627 = EDGE_LOOP('',(#4628,#4629,#4637,#4643));
#4628 = ORIENTED_EDGE('',*,*,#3099,.F.);
#4629 = ORIENTED_EDGE('',*,*,#4630,.T.);
#4630 = EDGE_CURVE('',#3092,#4631,#4633,.T.);
#4631 = VERTEX_POINT('',#4632);
#4632 = CARTESIAN_POINT('',(-25.15,-8.77128129211,21.4));
#4633 = LINE('',#4634,#4635);
#4634 = CARTESIAN_POINT('',(-22.85,-8.77128129211,21.4));
#4635 = VECTOR('',#4636,1.);
#4636 = DIRECTION('',(-1.,0.,-2.22044604925E-16));
#4637 = ORIENTED_EDGE('',*,*,#4638,.T.);
#4638 = EDGE_CURVE('',#4631,#4600,#4639,.T.);
#4639 = LINE('',#4640,#4641);
#4640 = CARTESIAN_POINT('',(-25.15,-8.77128129211,21.4));
#4641 = VECTOR('',#4642,1.);
#4642 = DIRECTION('',(-2.22044604925E-16,-6.938893903907E-16,1.));
#4643 = ORIENTED_EDGE('',*,*,#4599,.F.);
#4644 = PLANE('',#4645);
#4645 = AXIS2_PLACEMENT_3D('',#4646,#4647,#4648);
#4646 = CARTESIAN_POINT('',(-22.85,-8.77128129211,21.4));
#4647 = DIRECTION('',(-1.54074395551E-31,1.,6.938893903907E-16));
#4648 = DIRECTION('',(-2.22044604925E-16,-6.938893903907E-16,1.));
#4649 = ADVANCED_FACE('',(#4650),#4668,.T.);
#4650 = FACE_BOUND('',#4651,.T.);
#4651 = EDGE_LOOP('',(#4652,#4653,#4661,#4667));
#4652 = ORIENTED_EDGE('',*,*,#3091,.F.);
#4653 = ORIENTED_EDGE('',*,*,#4654,.T.);
#4654 = EDGE_CURVE('',#3084,#4655,#4657,.T.);
#4655 = VERTEX_POINT('',#4656);
#4656 = CARTESIAN_POINT('',(-25.15,-6.,19.8));
#4657 = LINE('',#4658,#4659);
#4658 = CARTESIAN_POINT('',(-22.85,-6.,19.8));
#4659 = VECTOR('',#4660,1.);
#4660 = DIRECTION('',(-1.,0.,-2.22044604925E-16));
#4661 = ORIENTED_EDGE('',*,*,#4662,.T.);
#4662 = EDGE_CURVE('',#4655,#4631,#4663,.T.);
#4663 = LINE('',#4664,#4665);
#4664 = CARTESIAN_POINT('',(-25.15,-6.,19.8));
#4665 = VECTOR('',#4666,1.);
#4666 = DIRECTION('',(-1.110223024625E-16,-0.866025403784,0.5));
#4667 = ORIENTED_EDGE('',*,*,#4630,.F.);
#4668 = PLANE('',#4669);
#4669 = AXIS2_PLACEMENT_3D('',#4670,#4671,#4672);
#4670 = CARTESIAN_POINT('',(-22.85,-6.,19.8));
#4671 = DIRECTION('',(-1.922962686384E-16,0.5,0.866025403784));
#4672 = DIRECTION('',(-1.110223024625E-16,-0.866025403784,0.5));
#4673 = ADVANCED_FACE('',(#4674),#4692,.T.);
#4674 = FACE_BOUND('',#4675,.T.);
#4675 = EDGE_LOOP('',(#4676,#4677,#4685,#4691));
#4676 = ORIENTED_EDGE('',*,*,#3083,.F.);
#4677 = ORIENTED_EDGE('',*,*,#4678,.T.);
#4678 = EDGE_CURVE('',#3076,#4679,#4681,.T.);
#4679 = VERTEX_POINT('',#4680);
#4680 = CARTESIAN_POINT('',(-25.15,-3.22871870789,21.4));
#4681 = LINE('',#4682,#4683);
#4682 = CARTESIAN_POINT('',(-22.85,-3.22871870789,21.4));
#4683 = VECTOR('',#4684,1.);
#4684 = DIRECTION('',(-1.,0.,-2.22044604925E-16));
#4685 = ORIENTED_EDGE('',*,*,#4686,.T.);
#4686 = EDGE_CURVE('',#4679,#4655,#4687,.T.);
#4687 = LINE('',#4688,#4689);
#4688 = CARTESIAN_POINT('',(-25.15,-3.22871870789,21.4));
#4689 = VECTOR('',#4690,1.);
#4690 = DIRECTION('',(1.110223024625E-16,-0.866025403784,-0.5));
#4691 = ORIENTED_EDGE('',*,*,#4654,.F.);
#4692 = PLANE('',#4693);
#4693 = AXIS2_PLACEMENT_3D('',#4694,#4695,#4696);
#4694 = CARTESIAN_POINT('',(-22.85,-3.22871870789,21.4));
#4695 = DIRECTION('',(-1.922962686384E-16,-0.5,0.866025403784));
#4696 = DIRECTION('',(1.110223024625E-16,-0.866025403784,-0.5));
#4697 = ADVANCED_FACE('',(#4698),#4716,.T.);
#4698 = FACE_BOUND('',#4699,.T.);
#4699 = EDGE_LOOP('',(#4700,#4701,#4709,#4715));
#4700 = ORIENTED_EDGE('',*,*,#3075,.F.);
#4701 = ORIENTED_EDGE('',*,*,#4702,.T.);
#4702 = EDGE_CURVE('',#3068,#4703,#4705,.T.);
#4703 = VERTEX_POINT('',#4704);
#4704 = CARTESIAN_POINT('',(-25.15,-3.22871870789,24.6));
#4705 = LINE('',#4706,#4707);
#4706 = CARTESIAN_POINT('',(-22.85,-3.22871870789,24.6));
#4707 = VECTOR('',#4708,1.);
#4708 = DIRECTION('',(-1.,0.,-2.22044604925E-16));
#4709 = ORIENTED_EDGE('',*,*,#4710,.T.);
#4710 = EDGE_CURVE('',#4703,#4679,#4711,.T.);
#4711 = LINE('',#4712,#4713);
#4712 = CARTESIAN_POINT('',(-25.15,-3.22871870789,24.6));
#4713 = VECTOR('',#4714,1.);
#4714 = DIRECTION('',(2.22044604925E-16,2.775557561563E-16,-1.));
#4715 = ORIENTED_EDGE('',*,*,#4678,.F.);
#4716 = PLANE('',#4717);
#4717 = AXIS2_PLACEMENT_3D('',#4718,#4719,#4720);
#4718 = CARTESIAN_POINT('',(-22.85,-3.22871870789,24.6));
#4719 = DIRECTION('',(6.162975822039E-32,-1.,-2.775557561563E-16));
#4720 = DIRECTION('',(2.22044604925E-16,2.775557561563E-16,-1.));
#4721 = ADVANCED_FACE('',(#4722),#4733,.T.);
#4722 = FACE_BOUND('',#4723,.T.);
#4723 = EDGE_LOOP('',(#4724,#4725,#4726,#4732));
#4724 = ORIENTED_EDGE('',*,*,#3067,.F.);
#4725 = ORIENTED_EDGE('',*,*,#4615,.T.);
#4726 = ORIENTED_EDGE('',*,*,#4727,.T.);
#4727 = EDGE_CURVE('',#4608,#4703,#4728,.T.);
#4728 = LINE('',#4729,#4730);
#4729 = CARTESIAN_POINT('',(-25.15,-6.,26.2));
#4730 = VECTOR('',#4731,1.);
#4731 = DIRECTION('',(1.110223024625E-16,0.866025403784,-0.5));
#4732 = ORIENTED_EDGE('',*,*,#4702,.F.);
#4733 = PLANE('',#4734);
#4734 = AXIS2_PLACEMENT_3D('',#4735,#4736,#4737);
#4735 = CARTESIAN_POINT('',(-22.85,-6.,26.2));
#4736 = DIRECTION('',(1.922962686384E-16,-0.5,-0.866025403784));
#4737 = DIRECTION('',(1.110223024625E-16,0.866025403784,-0.5));
#4738 = ADVANCED_FACE('',(#4739),#4758,.F.);
#4739 = FACE_BOUND('',#4740,.T.);
#4740 = EDGE_LOOP('',(#4741,#4749,#4756,#4757));
#4741 = ORIENTED_EDGE('',*,*,#4742,.F.);
#4742 = EDGE_CURVE('',#4743,#3142,#4745,.T.);
#4743 = VERTEX_POINT('',#4744);
#4744 = CARTESIAN_POINT('',(-25.15,-6.,8.7));
#4745 = LINE('',#4746,#4747);
#4746 = CARTESIAN_POINT('',(-24.,-6.,8.7));
#4747 = VECTOR('',#4748,1.);
#4748 = DIRECTION('',(-1.,0.,-2.22044604925E-16));
#4749 = ORIENTED_EDGE('',*,*,#4750,.T.);
#4750 = EDGE_CURVE('',#4743,#4743,#4751,.T.);
#4751 = CIRCLE('',#4752,1.7);
#4752 = AXIS2_PLACEMENT_3D('',#4753,#4754,#4755);
#4753 = CARTESIAN_POINT('',(-25.15,-6.,7.));
#4754 = DIRECTION('',(1.,0.,2.22044604925E-16));
#4755 = DIRECTION('',(-2.22044604925E-16,0.,1.));
#4756 = ORIENTED_EDGE('',*,*,#4742,.T.);
#4757 = ORIENTED_EDGE('',*,*,#3141,.F.);
#4758 = CYLINDRICAL_SURFACE('',#4759,1.7);
#4759 = AXIS2_PLACEMENT_3D('',#4760,#4761,#4762);
#4760 = CARTESIAN_POINT('',(-24.,-6.,7.));
#4761 = DIRECTION('',(1.,-0.,2.22044604925E-16));
#4762 = DIRECTION('',(-2.22044604925E-16,0.,1.));
#4763 = ADVANCED_FACE('',(#4764),#4783,.F.);
#4764 = FACE_BOUND('',#4765,.T.);
#4765 = EDGE_LOOP('',(#4766,#4774,#4781,#4782));
#4766 = ORIENTED_EDGE('',*,*,#4767,.F.);
#4767 = EDGE_CURVE('',#4768,#3153,#4770,.T.);
#4768 = VERTEX_POINT('',#4769);
#4769 = CARTESIAN_POINT('',(-25.15,-6.,24.7));
#4770 = LINE('',#4771,#4772);
#4771 = CARTESIAN_POINT('',(-24.,-6.,24.7));
#4772 = VECTOR('',#4773,1.);
#4773 = DIRECTION('',(-1.,0.,-2.22044604925E-16));
#4774 = ORIENTED_EDGE('',*,*,#4775,.T.);
#4775 = EDGE_CURVE('',#4768,#4768,#4776,.T.);
#4776 = CIRCLE('',#4777,1.7);
#4777 = AXIS2_PLACEMENT_3D('',#4778,#4779,#4780);
#4778 = CARTESIAN_POINT('',(-25.15,-6.,23.));
#4779 = DIRECTION('',(1.,0.,2.22044604925E-16));
#4780 = DIRECTION('',(-2.22044604925E-16,0.,1.));
#4781 = ORIENTED_EDGE('',*,*,#4767,.T.);
#4782 = ORIENTED_EDGE('',*,*,#3152,.F.);
#4783 = CYLINDRICAL_SURFACE('',#4784,1.7);
#4784 = AXIS2_PLACEMENT_3D('',#4785,#4786,#4787);
#4785 = CARTESIAN_POINT('',(-24.,-6.,23.));
#4786 = DIRECTION('',(1.,-0.,2.22044604925E-16));
#4787 = DIRECTION('',(-2.22044604925E-16,0.,1.));
#4788 = ADVANCED_FACE('',(#4789,#4797),#4800,.F.);
#4789 = FACE_BOUND('',#4790,.F.);
#4790 = EDGE_LOOP('',(#4791,#4792,#4793,#4794,#4795,#4796));
#4791 = ORIENTED_EDGE('',*,*,#3310,.T.);
#4792 = ORIENTED_EDGE('',*,*,#3293,.T.);
#4793 = ORIENTED_EDGE('',*,*,#3269,.T.);
#4794 = ORIENTED_EDGE('',*,*,#3245,.T.);
#4795 = ORIENTED_EDGE('',*,*,#3221,.T.);
#4796 = ORIENTED_EDGE('',*,*,#3190,.T.);
#4797 = FACE_BOUND('',#4798,.F.);
#4798 = EDGE_LOOP('',(#4799));
#4799 = ORIENTED_EDGE('',*,*,#3686,.T.);
#4800 = PLANE('',#4801);
#4801 = AXIS2_PLACEMENT_3D('',#4802,#4803,#4804);
#4802 = CARTESIAN_POINT('',(-30.,10.,32.35));
#4803 = DIRECTION('',(1.224646799147E-16,0.,-1.));
#4804 = DIRECTION('',(-1.,0.,-1.224646799147E-16));
#4805 = ADVANCED_FACE('',(#4806,#4814),#4817,.F.);
#4806 = FACE_BOUND('',#4807,.F.);
#4807 = EDGE_LOOP('',(#4808,#4809,#4810,#4811,#4812,#4813));
#4808 = ORIENTED_EDGE('',*,*,#3454,.T.);
#4809 = ORIENTED_EDGE('',*,*,#3437,.T.);
#4810 = ORIENTED_EDGE('',*,*,#3413,.T.);
#4811 = ORIENTED_EDGE('',*,*,#3389,.T.);
#4812 = ORIENTED_EDGE('',*,*,#3365,.T.);
#4813 = ORIENTED_EDGE('',*,*,#3334,.T.);
#4814 = FACE_BOUND('',#4815,.F.);
#4815 = EDGE_LOOP('',(#4816));
#4816 = ORIENTED_EDGE('',*,*,#3661,.T.);
#4817 = PLANE('',#4818);
#4818 = AXIS2_PLACEMENT_3D('',#4819,#4820,#4821);
#4819 = CARTESIAN_POINT('',(30.,10.,32.35));
#4820 = DIRECTION('',(1.224646799147E-16,0.,-1.));
#4821 = DIRECTION('',(-1.,0.,-1.224646799147E-16));
#4822 = ADVANCED_FACE('',(#4823,#4830),#4880,.T.);
#4823 = FACE_BOUND('',#4824,.T.);
#4824 = EDGE_LOOP('',(#4825,#4826,#4827,#4828,#4829));
#4825 = ORIENTED_EDGE('',*,*,#3755,.F.);
#4826 = ORIENTED_EDGE('',*,*,#3547,.T.);
#4827 = ORIENTED_EDGE('',*,*,#3512,.T.);
#4828 = ORIENTED_EDGE('',*,*,#3521,.T.);
#4829 = ORIENTED_EDGE('',*,*,#3479,.T.);
#4830 = FACE_BOUND('',#4831,.T.);
#4831 = EDGE_LOOP('',(#4832,#4842,#4850,#4858,#4866,#4874));
#4832 = ORIENTED_EDGE('',*,*,#4833,.T.);
#4833 = EDGE_CURVE('',#4834,#4836,#4838,.T.);
#4834 = VERTEX_POINT('',#4835);
#4835 = CARTESIAN_POINT('',(-31.6,47.22871870789,7.));
#4836 = VERTEX_POINT('',#4837);
#4837 = CARTESIAN_POINT('',(-33.2,50.,7.));
#4838 = LINE('',#4839,#4840);
#4839 = CARTESIAN_POINT('',(-32.,47.921539030917,7.));
#4840 = VECTOR('',#4841,1.);
#4841 = DIRECTION('',(-0.5,0.866025403784,0.));
#4842 = ORIENTED_EDGE('',*,*,#4843,.T.);
#4843 = EDGE_CURVE('',#4836,#4844,#4846,.T.);
#4844 = VERTEX_POINT('',#4845);
#4845 = CARTESIAN_POINT('',(-31.6,52.77128129211,7.));
#4846 = LINE('',#4847,#4848);
#4847 = CARTESIAN_POINT('',(-32.8,50.692820323028,7.));
#4848 = VECTOR('',#4849,1.);
#4849 = DIRECTION('',(0.5,0.866025403784,0.));
#4850 = ORIENTED_EDGE('',*,*,#4851,.T.);
#4851 = EDGE_CURVE('',#4844,#4852,#4854,.T.);
#4852 = VERTEX_POINT('',#4853);
#4853 = CARTESIAN_POINT('',(-28.4,52.77128129211,7.));
#4854 = LINE('',#4855,#4856);
#4855 = CARTESIAN_POINT('',(-30.8,52.77128129211,7.));
#4856 = VECTOR('',#4857,1.);
#4857 = DIRECTION('',(1.,2.775557561563E-16,0.));
#4858 = ORIENTED_EDGE('',*,*,#4859,.T.);
#4859 = EDGE_CURVE('',#4852,#4860,#4862,.T.);
#4860 = VERTEX_POINT('',#4861);
#4861 = CARTESIAN_POINT('',(-26.8,50.,7.));
#4862 = LINE('',#4863,#4864);
#4863 = CARTESIAN_POINT('',(-28.,52.078460969083,7.));
#4864 = VECTOR('',#4865,1.);
#4865 = DIRECTION('',(0.5,-0.866025403784,0.));
#4866 = ORIENTED_EDGE('',*,*,#4867,.T.);
#4867 = EDGE_CURVE('',#4860,#4868,#4870,.T.);
#4868 = VERTEX_POINT('',#4869);
#4869 = CARTESIAN_POINT('',(-28.4,47.22871870789,7.));
#4870 = LINE('',#4871,#4872);
#4871 = CARTESIAN_POINT('',(-27.2,49.307179676972,7.));
#4872 = VECTOR('',#4873,1.);
#4873 = DIRECTION('',(-0.5,-0.866025403784,0.));
#4874 = ORIENTED_EDGE('',*,*,#4875,.T.);
#4875 = EDGE_CURVE('',#4868,#4834,#4876,.T.);
#4876 = LINE('',#4877,#4878);
#4877 = CARTESIAN_POINT('',(-29.2,47.22871870789,7.));
#4878 = VECTOR('',#4879,1.);
#4879 = DIRECTION('',(-1.,-6.938893903907E-16,0.));
#4880 = PLANE('',#4881);
#4881 = AXIS2_PLACEMENT_3D('',#4882,#4883,#4884);
#4882 = CARTESIAN_POINT('',(-29.84638561576,49.518907758148,7.));
#4883 = DIRECTION('',(0.,0.,1.));
#4884 = DIRECTION('',(1.,0.,0.));
#4885 = ADVANCED_FACE('',(#4886,#4893),#4943,.T.);
#4886 = FACE_BOUND('',#4887,.T.);
#4887 = EDGE_LOOP('',(#4888,#4889,#4890,#4891,#4892));
#4888 = ORIENTED_EDGE('',*,*,#4042,.F.);
#4889 = ORIENTED_EDGE('',*,*,#3639,.T.);
#4890 = ORIENTED_EDGE('',*,*,#3604,.T.);
#4891 = ORIENTED_EDGE('',*,*,#3613,.T.);
#4892 = ORIENTED_EDGE('',*,*,#3571,.T.);
#4893 = FACE_BOUND('',#4894,.T.);
#4894 = EDGE_LOOP('',(#4895,#4905,#4913,#4921,#4929,#4937));
#4895 = ORIENTED_EDGE('',*,*,#4896,.T.);
#4896 = EDGE_CURVE('',#4897,#4899,#4901,.T.);
#4897 = VERTEX_POINT('',#4898);
#4898 = CARTESIAN_POINT('',(28.4,47.22871870789,7.));
#4899 = VERTEX_POINT('',#4900);
#4900 = CARTESIAN_POINT('',(26.8,50.,7.));
#4901 = LINE('',#4902,#4903);
#4902 = CARTESIAN_POINT('',(28.,47.921539030917,7.));
#4903 = VECTOR('',#4904,1.);
#4904 = DIRECTION('',(-0.5,0.866025403784,0.));
#4905 = ORIENTED_EDGE('',*,*,#4906,.T.);
#4906 = EDGE_CURVE('',#4899,#4907,#4909,.T.);
#4907 = VERTEX_POINT('',#4908);
#4908 = CARTESIAN_POINT('',(28.4,52.77128129211,7.));
#4909 = LINE('',#4910,#4911);
#4910 = CARTESIAN_POINT('',(27.2,50.692820323028,7.));
#4911 = VECTOR('',#4912,1.);
#4912 = DIRECTION('',(0.5,0.866025403784,0.));
#4913 = ORIENTED_EDGE('',*,*,#4914,.T.);
#4914 = EDGE_CURVE('',#4907,#4915,#4917,.T.);
#4915 = VERTEX_POINT('',#4916);
#4916 = CARTESIAN_POINT('',(31.6,52.77128129211,7.));
#4917 = LINE('',#4918,#4919);
#4918 = CARTESIAN_POINT('',(29.2,52.77128129211,7.));
#4919 = VECTOR('',#4920,1.);
#4920 = DIRECTION('',(1.,2.775557561563E-16,0.));
#4921 = ORIENTED_EDGE('',*,*,#4922,.T.);
#4922 = EDGE_CURVE('',#4915,#4923,#4925,.T.);
#4923 = VERTEX_POINT('',#4924);
#4924 = CARTESIAN_POINT('',(33.2,50.,7.));
#4925 = LINE('',#4926,#4927);
#4926 = CARTESIAN_POINT('',(32.,52.078460969083,7.));
#4927 = VECTOR('',#4928,1.);
#4928 = DIRECTION('',(0.5,-0.866025403784,0.));
#4929 = ORIENTED_EDGE('',*,*,#4930,.T.);
#4930 = EDGE_CURVE('',#4923,#4931,#4933,.T.);
#4931 = VERTEX_POINT('',#4932);
#4932 = CARTESIAN_POINT('',(31.6,47.22871870789,7.));
#4933 = LINE('',#4934,#4935);
#4934 = CARTESIAN_POINT('',(32.8,49.307179676972,7.));
#4935 = VECTOR('',#4936,1.);
#4936 = DIRECTION('',(-0.5,-0.866025403784,0.));
#4937 = ORIENTED_EDGE('',*,*,#4938,.T.);
#4938 = EDGE_CURVE('',#4931,#4897,#4939,.T.);
#4939 = LINE('',#4940,#4941);
#4940 = CARTESIAN_POINT('',(30.8,47.22871870789,7.));
#4941 = VECTOR('',#4942,1.);
#4942 = DIRECTION('',(-1.,-6.938893903907E-16,0.));
#4943 = PLANE('',#4944);
#4944 = AXIS2_PLACEMENT_3D('',#4945,#4946,#4947);
#4945 = CARTESIAN_POINT('',(30.15361438424,49.518907758148,7.));
#4946 = DIRECTION('',(0.,0.,1.));
#4947 = DIRECTION('',(1.,0.,0.));
#4948 = ADVANCED_FACE('',(#4949,#4999),#5002,.F.);
#4949 = FACE_BOUND('',#4950,.F.);
#4950 = EDGE_LOOP('',(#4951,#4961,#4969,#4977,#4985,#4993));
#4951 = ORIENTED_EDGE('',*,*,#4952,.T.);
#4952 = EDGE_CURVE('',#4953,#4955,#4957,.T.);
#4953 = VERTEX_POINT('',#4954);
#4954 = CARTESIAN_POINT('',(26.8,50.,4.85));
#4955 = VERTEX_POINT('',#4956);
#4956 = CARTESIAN_POINT('',(28.4,52.77128129211,4.85));
#4957 = LINE('',#4958,#4959);
#4958 = CARTESIAN_POINT('',(26.8,50.,4.85));
#4959 = VECTOR('',#4960,1.);
#4960 = DIRECTION('',(0.5,0.866025403784,6.123233995737E-17));
#4961 = ORIENTED_EDGE('',*,*,#4962,.T.);
#4962 = EDGE_CURVE('',#4955,#4963,#4965,.T.);
#4963 = VERTEX_POINT('',#4964);
#4964 = CARTESIAN_POINT('',(31.6,52.77128129211,4.85));
#4965 = LINE('',#4966,#4967);
#4966 = CARTESIAN_POINT('',(28.4,52.77128129211,4.85));
#4967 = VECTOR('',#4968,1.);
#4968 = DIRECTION('',(1.,2.775557561563E-16,1.224646799147E-16));
#4969 = ORIENTED_EDGE('',*,*,#4970,.T.);
#4970 = EDGE_CURVE('',#4963,#4971,#4973,.T.);
#4971 = VERTEX_POINT('',#4972);
#4972 = CARTESIAN_POINT('',(33.2,50.,4.85));
#4973 = LINE('',#4974,#4975);
#4974 = CARTESIAN_POINT('',(31.6,52.77128129211,4.85));
#4975 = VECTOR('',#4976,1.);
#4976 = DIRECTION('',(0.5,-0.866025403784,6.123233995737E-17));
#4977 = ORIENTED_EDGE('',*,*,#4978,.T.);
#4978 = EDGE_CURVE('',#4971,#4979,#4981,.T.);
#4979 = VERTEX_POINT('',#4980);
#4980 = CARTESIAN_POINT('',(31.6,47.22871870789,4.85));
#4981 = LINE('',#4982,#4983);
#4982 = CARTESIAN_POINT('',(33.2,50.,4.85));
#4983 = VECTOR('',#4984,1.);
#4984 = DIRECTION('',(-0.5,-0.866025403784,-6.123233995737E-17));
#4985 = ORIENTED_EDGE('',*,*,#4986,.T.);
#4986 = EDGE_CURVE('',#4979,#4987,#4989,.T.);
#4987 = VERTEX_POINT('',#4988);
#4988 = CARTESIAN_POINT('',(28.4,47.22871870789,4.85));
#4989 = LINE('',#4990,#4991);
#4990 = CARTESIAN_POINT('',(31.6,47.22871870789,4.85));
#4991 = VECTOR('',#4992,1.);
#4992 = DIRECTION('',(-1.,-6.938893903907E-16,-1.224646799147E-16));
#4993 = ORIENTED_EDGE('',*,*,#4994,.T.);
#4994 = EDGE_CURVE('',#4987,#4953,#4995,.T.);
#4995 = LINE('',#4996,#4997);
#4996 = CARTESIAN_POINT('',(28.4,47.22871870789,4.85));
#4997 = VECTOR('',#4998,1.);
#4998 = DIRECTION('',(-0.5,0.866025403784,-6.123233995737E-17));
#4999 = FACE_BOUND('',#5000,.F.);
#5000 = EDGE_LOOP('',(#5001));
#5001 = ORIENTED_EDGE('',*,*,#3711,.T.);
#5002 = PLANE('',#5003);
#5003 = AXIS2_PLACEMENT_3D('',#5004,#5005,#5006);
#5004 = CARTESIAN_POINT('',(30.,50.,4.85));
#5005 = DIRECTION('',(1.224646799147E-16,0.,-1.));
#5006 = DIRECTION('',(-1.,0.,-1.224646799147E-16));
#5007 = ADVANCED_FACE('',(#5008,#5058),#5061,.F.);
#5008 = FACE_BOUND('',#5009,.F.);
#5009 = EDGE_LOOP('',(#5010,#5020,#5028,#5036,#5044,#5052));
#5010 = ORIENTED_EDGE('',*,*,#5011,.T.);
#5011 = EDGE_CURVE('',#5012,#5014,#5016,.T.);
#5012 = VERTEX_POINT('',#5013);
#5013 = CARTESIAN_POINT('',(-33.2,50.,4.85));
#5014 = VERTEX_POINT('',#5015);
#5015 = CARTESIAN_POINT('',(-31.6,52.77128129211,4.85));
#5016 = LINE('',#5017,#5018);
#5017 = CARTESIAN_POINT('',(-33.2,50.,4.85));
#5018 = VECTOR('',#5019,1.);
#5019 = DIRECTION('',(0.5,0.866025403784,6.123233995737E-17));
#5020 = ORIENTED_EDGE('',*,*,#5021,.T.);
#5021 = EDGE_CURVE('',#5014,#5022,#5024,.T.);
#5022 = VERTEX_POINT('',#5023);
#5023 = CARTESIAN_POINT('',(-28.4,52.77128129211,4.85));
#5024 = LINE('',#5025,#5026);
#5025 = CARTESIAN_POINT('',(-31.6,52.77128129211,4.85));
#5026 = VECTOR('',#5027,1.);
#5027 = DIRECTION('',(1.,2.775557561563E-16,1.224646799147E-16));
#5028 = ORIENTED_EDGE('',*,*,#5029,.T.);
#5029 = EDGE_CURVE('',#5022,#5030,#5032,.T.);
#5030 = VERTEX_POINT('',#5031);
#5031 = CARTESIAN_POINT('',(-26.8,50.,4.85));
#5032 = LINE('',#5033,#5034);
#5033 = CARTESIAN_POINT('',(-28.4,52.77128129211,4.85));
#5034 = VECTOR('',#5035,1.);
#5035 = DIRECTION('',(0.5,-0.866025403784,6.123233995737E-17));
#5036 = ORIENTED_EDGE('',*,*,#5037,.T.);
#5037 = EDGE_CURVE('',#5030,#5038,#5040,.T.);
#5038 = VERTEX_POINT('',#5039);
#5039 = CARTESIAN_POINT('',(-28.4,47.22871870789,4.85));
#5040 = LINE('',#5041,#5042);
#5041 = CARTESIAN_POINT('',(-26.8,50.,4.85));
#5042 = VECTOR('',#5043,1.);
#5043 = DIRECTION('',(-0.5,-0.866025403784,-6.123233995737E-17));
#5044 = ORIENTED_EDGE('',*,*,#5045,.T.);
#5045 = EDGE_CURVE('',#5038,#5046,#5048,.T.);
#5046 = VERTEX_POINT('',#5047);
#5047 = CARTESIAN_POINT('',(-31.6,47.22871870789,4.85));
#5048 = LINE('',#5049,#5050);
#5049 = CARTESIAN_POINT('',(-28.4,47.22871870789,4.85));
#5050 = VECTOR('',#5051,1.);
#5051 = DIRECTION('',(-1.,-6.938893903907E-16,-1.224646799147E-16));
#5052 = ORIENTED_EDGE('',*,*,#5053,.T.);
#5053 = EDGE_CURVE('',#5046,#5012,#5054,.T.);
#5054 = LINE('',#5055,#5056);
#5055 = CARTESIAN_POINT('',(-31.6,47.22871870789,4.85));
#5056 = VECTOR('',#5057,1.);
#5057 = DIRECTION('',(-0.5,0.866025403784,-6.123233995737E-17));
#5058 = FACE_BOUND('',#5059,.F.);
#5059 = EDGE_LOOP('',(#5060));
#5060 = ORIENTED_EDGE('',*,*,#3736,.T.);
#5061 = PLANE('',#5062);
#5062 = AXIS2_PLACEMENT_3D('',#5063,#5064,#5065);
#5063 = CARTESIAN_POINT('',(-30.,50.,4.85));
#5064 = DIRECTION('',(1.224646799147E-16,0.,-1.));
#5065 = DIRECTION('',(-1.,0.,-1.224646799147E-16));
#5066 = ADVANCED_FACE('',(#5067),#5070,.T.);
#5067 = FACE_BOUND('',#5068,.F.);
#5068 = EDGE_LOOP('',(#5069));
#5069 = ORIENTED_EDGE('',*,*,#3789,.F.);
#5070 = PLANE('',#5071);
#5071 = AXIS2_PLACEMENT_3D('',#5072,#5073,#5074);
#5072 = CARTESIAN_POINT('',(-16.,7.9015,27.05));
#5073 = DIRECTION('',(0.,1.,-2.22044604925E-16));
#5074 = DIRECTION('',(1.,0.,0.));
#5075 = ADVANCED_FACE('',(#5076),#5079,.T.);
#5076 = FACE_BOUND('',#5077,.F.);
#5077 = EDGE_LOOP('',(#5078));
#5078 = ORIENTED_EDGE('',*,*,#3814,.F.);
#5079 = PLANE('',#5080);
#5080 = AXIS2_PLACEMENT_3D('',#5081,#5082,#5083);
#5081 = CARTESIAN_POINT('',(-11.,7.9015,27.05));
#5082 = DIRECTION('',(0.,1.,-2.22044604925E-16));
#5083 = DIRECTION('',(1.,0.,0.));
#5084 = ADVANCED_FACE('',(#5085),#5088,.T.);
#5085 = FACE_BOUND('',#5086,.F.);
#5086 = EDGE_LOOP('',(#5087));
#5087 = ORIENTED_EDGE('',*,*,#3839,.F.);
#5088 = PLANE('',#5089);
#5089 = AXIS2_PLACEMENT_3D('',#5090,#5091,#5092);
#5090 = CARTESIAN_POINT('',(-6.,7.9015,27.05));
#5091 = DIRECTION('',(0.,1.,-2.22044604925E-16));
#5092 = DIRECTION('',(1.,0.,0.));
#5093 = ADVANCED_FACE('',(#5094,#5097),#5108,.F.);
#5094 = FACE_BOUND('',#5095,.F.);
#5095 = EDGE_LOOP('',(#5096));
#5096 = ORIENTED_EDGE('',*,*,#3873,.T.);
#5097 = FACE_BOUND('',#5098,.F.);
#5098 = EDGE_LOOP('',(#5099));
#5099 = ORIENTED_EDGE('',*,*,#5100,.T.);
#5100 = EDGE_CURVE('',#5101,#5101,#5103,.T.);
#5101 = VERTEX_POINT('',#5102);
#5102 = CARTESIAN_POINT('',(4.,10.348872844439,15.082024447166));
#5103 = CIRCLE('',#5104,4.);
#5104 = AXIS2_PLACEMENT_3D('',#5105,#5106,#5107);
#5105 = CARTESIAN_POINT('',(0.,10.348872844439,15.082024447166));
#5106 = DIRECTION('',(-0.,0.999390827019,3.48994967025E-02));
#5107 = DIRECTION('',(1.,0.,0.));
#5108 = PLANE('',#5109);
#5109 = AXIS2_PLACEMENT_3D('',#5110,#5111,#5112);
#5110 = CARTESIAN_POINT('',(0.,10.348263857004,15.099463565602));
#5111 = DIRECTION('',(0.,-0.999390827019,-3.48994967025E-02));
#5112 = DIRECTION('',(1.,0.,0.));
#5113 = ADVANCED_FACE('',(#5114),#5117,.T.);
#5114 = FACE_BOUND('',#5115,.F.);
#5115 = EDGE_LOOP('',(#5116));
#5116 = ORIENTED_EDGE('',*,*,#3889,.F.);
#5117 = PLANE('',#5118);
#5118 = AXIS2_PLACEMENT_3D('',#5119,#5120,#5121);
#5119 = CARTESIAN_POINT('',(3.75,7.9015,24.55));
#5120 = DIRECTION('',(0.,1.,-2.22044604925E-16));
#5121 = DIRECTION('',(1.,0.,0.));
#5122 = ADVANCED_FACE('',(#5123),#5126,.T.);
#5123 = FACE_BOUND('',#5124,.F.);
#5124 = EDGE_LOOP('',(#5125));
#5125 = ORIENTED_EDGE('',*,*,#3931,.F.);
#5126 = PLANE('',#5127);
#5127 = AXIS2_PLACEMENT_3D('',#5128,#5129,#5130);
#5128 = CARTESIAN_POINT('',(3.75,7.9015,27.05));
#5129 = DIRECTION('',(0.,1.,-2.22044604925E-16));
#5130 = DIRECTION('',(1.,0.,0.));
#5131 = ADVANCED_FACE('',(#5132),#5135,.T.);
#5132 = FACE_BOUND('',#5133,.F.);
#5133 = EDGE_LOOP('',(#5134));
#5134 = ORIENTED_EDGE('',*,*,#3956,.F.);
#5135 = PLANE('',#5136);
#5136 = AXIS2_PLACEMENT_3D('',#5137,#5138,#5139);
#5137 = CARTESIAN_POINT('',(3.75,7.9015,29.55));
#5138 = DIRECTION('',(0.,1.,-2.22044604925E-16));
#5139 = DIRECTION('',(1.,0.,0.));
#5140 = ADVANCED_FACE('',(#5141),#5144,.T.);
#5141 = FACE_BOUND('',#5142,.F.);
#5142 = EDGE_LOOP('',(#5143));
#5143 = ORIENTED_EDGE('',*,*,#3981,.F.);
#5144 = PLANE('',#5145);
#5145 = AXIS2_PLACEMENT_3D('',#5146,#5147,#5148);
#5146 = CARTESIAN_POINT('',(3.75,7.9015,32.05));
#5147 = DIRECTION('',(0.,1.,-2.22044604925E-16));
#5148 = DIRECTION('',(1.,0.,0.));
#5149 = ADVANCED_FACE('',(#5150,#5158),#5161,.F.);
#5150 = FACE_BOUND('',#5151,.F.);
#5151 = EDGE_LOOP('',(#5152,#5153,#5154,#5155,#5156,#5157));
#5152 = ORIENTED_EDGE('',*,*,#4270,.T.);
#5153 = ORIENTED_EDGE('',*,*,#4150,.T.);
#5154 = ORIENTED_EDGE('',*,*,#4174,.T.);
#5155 = ORIENTED_EDGE('',*,*,#4198,.T.);
#5156 = ORIENTED_EDGE('',*,*,#4222,.T.);
#5157 = ORIENTED_EDGE('',*,*,#4246,.T.);
#5158 = FACE_BOUND('',#5159,.F.);
#5159 = EDGE_LOOP('',(#5160));
#5160 = ORIENTED_EDGE('',*,*,#4099,.T.);
#5161 = PLANE('',#5162);
#5162 = AXIS2_PLACEMENT_3D('',#5163,#5164,#5165);
#5163 = CARTESIAN_POINT('',(25.15,-6.,7.));
#5164 = DIRECTION('',(1.,0.,-2.22044604925E-16));
#5165 = DIRECTION('',(-2.22044604925E-16,0.,-1.));
#5166 = ADVANCED_FACE('',(#5167,#5175),#5178,.F.);
#5167 = FACE_BOUND('',#5168,.F.);
#5168 = EDGE_LOOP('',(#5169,#5170,#5171,#5172,#5173,#5174));
#5169 = ORIENTED_EDGE('',*,*,#4414,.T.);
#5170 = ORIENTED_EDGE('',*,*,#4294,.T.);
#5171 = ORIENTED_EDGE('',*,*,#4318,.T.);
#5172 = ORIENTED_EDGE('',*,*,#4342,.T.);
#5173 = ORIENTED_EDGE('',*,*,#4366,.T.);
#5174 = ORIENTED_EDGE('',*,*,#4390,.T.);
#5175 = FACE_BOUND('',#5176,.F.);
#5176 = EDGE_LOOP('',(#5177));
#5177 = ORIENTED_EDGE('',*,*,#4124,.T.);
#5178 = PLANE('',#5179);
#5179 = AXIS2_PLACEMENT_3D('',#5180,#5181,#5182);
#5180 = CARTESIAN_POINT('',(25.15,-6.,23.));
#5181 = DIRECTION('',(1.,0.,-2.22044604925E-16));
#5182 = DIRECTION('',(-2.22044604925E-16,0.,-1.));
#5183 = ADVANCED_FACE('',(#5184,#5187),#5198,.T.);
#5184 = FACE_BOUND('',#5185,.T.);
#5185 = EDGE_LOOP('',(#5186));
#5186 = ORIENTED_EDGE('',*,*,#4437,.T.);
#5187 = FACE_BOUND('',#5188,.T.);
#5188 = EDGE_LOOP('',(#5189));
#5189 = ORIENTED_EDGE('',*,*,#5190,.T.);
#5190 = EDGE_CURVE('',#5191,#5191,#5193,.T.);
#5191 = VERTEX_POINT('',#5192);
#5192 = CARTESIAN_POINT('',(4.,4.652345130431,14.883097315962));
#5193 = CIRCLE('',#5194,4.);
#5194 = AXIS2_PLACEMENT_3D('',#5195,#5196,#5197);
#5195 = CARTESIAN_POINT('',(0.,4.652345130431,14.883097315962));
#5196 = DIRECTION('',(-0.,0.999390827019,3.48994967025E-02));
#5197 = DIRECTION('',(1.,0.,0.));
#5198 = PLANE('',#5199);
#5199 = AXIS2_PLACEMENT_3D('',#5200,#5201,#5202);
#5200 = CARTESIAN_POINT('',(0.,4.651736142996,14.900536434398));
#5201 = DIRECTION('',(0.,-0.999390827019,-3.48994967025E-02));
#5202 = DIRECTION('',(1.,0.,0.));
#5203 = ADVANCED_FACE('',(#5204,#5212),#5215,.F.);
#5204 = FACE_BOUND('',#5205,.F.);
#5205 = EDGE_LOOP('',(#5206,#5207,#5208,#5209,#5210,#5211));
#5206 = ORIENTED_EDGE('',*,*,#4583,.T.);
#5207 = ORIENTED_EDGE('',*,*,#4566,.T.);
#5208 = ORIENTED_EDGE('',*,*,#4542,.T.);
#5209 = ORIENTED_EDGE('',*,*,#4518,.T.);
#5210 = ORIENTED_EDGE('',*,*,#4494,.T.);
#5211 = ORIENTED_EDGE('',*,*,#4463,.T.);
#5212 = FACE_BOUND('',#5213,.F.);
#5213 = EDGE_LOOP('',(#5214));
#5214 = ORIENTED_EDGE('',*,*,#4750,.T.);
#5215 = PLANE('',#5216);
#5216 = AXIS2_PLACEMENT_3D('',#5217,#5218,#5219);
#5217 = CARTESIAN_POINT('',(-25.15,-6.,7.));
#5218 = DIRECTION('',(-1.,0.,-2.22044604925E-16));
#5219 = DIRECTION('',(-2.22044604925E-16,0.,1.));
#5220 = ADVANCED_FACE('',(#5221,#5229),#5232,.F.);
#5221 = FACE_BOUND('',#5222,.F.);
#5222 = EDGE_LOOP('',(#5223,#5224,#5225,#5226,#5227,#5228));
#5223 = ORIENTED_EDGE('',*,*,#4727,.T.);
#5224 = ORIENTED_EDGE('',*,*,#4710,.T.);
#5225 = ORIENTED_EDGE('',*,*,#4686,.T.);
#5226 = ORIENTED_EDGE('',*,*,#4662,.T.);
#5227 = ORIENTED_EDGE('',*,*,#4638,.T.);
#5228 = ORIENTED_EDGE('',*,*,#4607,.T.);
#5229 = FACE_BOUND('',#5230,.F.);
#5230 = EDGE_LOOP('',(#5231));
#5231 = ORIENTED_EDGE('',*,*,#4775,.T.);
#5232 = PLANE('',#5233);
#5233 = AXIS2_PLACEMENT_3D('',#5234,#5235,#5236);
#5234 = CARTESIAN_POINT('',(-25.15,-6.,23.));
#5235 = DIRECTION('',(-1.,0.,-2.22044604925E-16));
#5236 = DIRECTION('',(-2.22044604925E-16,0.,1.));
#5237 = ADVANCED_FACE('',(#5238),#5254,.T.);
#5238 = FACE_BOUND('',#5239,.T.);
#5239 = EDGE_LOOP('',(#5240,#5241,#5247,#5248));
#5240 = ORIENTED_EDGE('',*,*,#4833,.F.);
#5241 = ORIENTED_EDGE('',*,*,#5242,.T.);
#5242 = EDGE_CURVE('',#4834,#5046,#5243,.T.);
#5243 = LINE('',#5244,#5245);
#5244 = CARTESIAN_POINT('',(-31.6,47.22871870789,7.15));
#5245 = VECTOR('',#5246,1.);
#5246 = DIRECTION('',(1.224646799147E-16,0.,-1.));
#5247 = ORIENTED_EDGE('',*,*,#5053,.T.);
#5248 = ORIENTED_EDGE('',*,*,#5249,.F.);
#5249 = EDGE_CURVE('',#4836,#5012,#5250,.T.);
#5250 = LINE('',#5251,#5252);
#5251 = CARTESIAN_POINT('',(-33.2,50.,7.15));
#5252 = VECTOR('',#5253,1.);
#5253 = DIRECTION('',(1.224646799147E-16,0.,-1.));
#5254 = PLANE('',#5255);
#5255 = AXIS2_PLACEMENT_3D('',#5256,#5257,#5258);
#5256 = CARTESIAN_POINT('',(-31.6,47.22871870789,7.15));
#5257 = DIRECTION('',(0.866025403784,0.5,1.060575238725E-16));
#5258 = DIRECTION('',(-0.5,0.866025403784,-6.123233995737E-17));
#5259 = ADVANCED_FACE('',(#5260),#5271,.T.);
#5260 = FACE_BOUND('',#5261,.T.);
#5261 = EDGE_LOOP('',(#5262,#5263,#5264,#5265));
#5262 = ORIENTED_EDGE('',*,*,#4843,.F.);
#5263 = ORIENTED_EDGE('',*,*,#5249,.T.);
#5264 = ORIENTED_EDGE('',*,*,#5011,.T.);
#5265 = ORIENTED_EDGE('',*,*,#5266,.F.);
#5266 = EDGE_CURVE('',#4844,#5014,#5267,.T.);
#5267 = LINE('',#5268,#5269);
#5268 = CARTESIAN_POINT('',(-31.6,52.77128129211,7.15));
#5269 = VECTOR('',#5270,1.);
#5270 = DIRECTION('',(1.224646799147E-16,0.,-1.));
#5271 = PLANE('',#5272);
#5272 = AXIS2_PLACEMENT_3D('',#5273,#5274,#5275);
#5273 = CARTESIAN_POINT('',(-33.2,50.,7.15));
#5274 = DIRECTION('',(0.866025403784,-0.5,1.060575238725E-16));
#5275 = DIRECTION('',(0.5,0.866025403784,6.123233995737E-17));
#5276 = ADVANCED_FACE('',(#5277),#5288,.T.);
#5277 = FACE_BOUND('',#5278,.T.);
#5278 = EDGE_LOOP('',(#5279,#5280,#5281,#5282));
#5279 = ORIENTED_EDGE('',*,*,#4851,.F.);
#5280 = ORIENTED_EDGE('',*,*,#5266,.T.);
#5281 = ORIENTED_EDGE('',*,*,#5021,.T.);
#5282 = ORIENTED_EDGE('',*,*,#5283,.F.);
#5283 = EDGE_CURVE('',#4852,#5022,#5284,.T.);
#5284 = LINE('',#5285,#5286);
#5285 = CARTESIAN_POINT('',(-28.4,52.77128129211,7.15));
#5286 = VECTOR('',#5287,1.);
#5287 = DIRECTION('',(1.224646799147E-16,0.,-1.));
#5288 = PLANE('',#5289);
#5289 = AXIS2_PLACEMENT_3D('',#5290,#5291,#5292);
#5290 = CARTESIAN_POINT('',(-31.6,52.77128129211,7.15));
#5291 = DIRECTION('',(2.775557561563E-16,-1.,3.399077683617E-32));
#5292 = DIRECTION('',(1.,2.775557561563E-16,1.224646799147E-16));
#5293 = ADVANCED_FACE('',(#5294),#5305,.T.);
#5294 = FACE_BOUND('',#5295,.T.);
#5295 = EDGE_LOOP('',(#5296,#5297,#5298,#5299));
#5296 = ORIENTED_EDGE('',*,*,#4859,.F.);
#5297 = ORIENTED_EDGE('',*,*,#5283,.T.);
#5298 = ORIENTED_EDGE('',*,*,#5029,.T.);
#5299 = ORIENTED_EDGE('',*,*,#5300,.F.);
#5300 = EDGE_CURVE('',#4860,#5030,#5301,.T.);
#5301 = LINE('',#5302,#5303);
#5302 = CARTESIAN_POINT('',(-26.8,50.,7.15));
#5303 = VECTOR('',#5304,1.);
#5304 = DIRECTION('',(1.224646799147E-16,0.,-1.));
#5305 = PLANE('',#5306);
#5306 = AXIS2_PLACEMENT_3D('',#5307,#5308,#5309);
#5307 = CARTESIAN_POINT('',(-28.4,52.77128129211,7.15));
#5308 = DIRECTION('',(-0.866025403784,-0.5,-1.060575238725E-16));
#5309 = DIRECTION('',(0.5,-0.866025403784,6.123233995737E-17));
#5310 = ADVANCED_FACE('',(#5311),#5322,.T.);
#5311 = FACE_BOUND('',#5312,.T.);
#5312 = EDGE_LOOP('',(#5313,#5314,#5315,#5316));
#5313 = ORIENTED_EDGE('',*,*,#4867,.F.);
#5314 = ORIENTED_EDGE('',*,*,#5300,.T.);
#5315 = ORIENTED_EDGE('',*,*,#5037,.T.);
#5316 = ORIENTED_EDGE('',*,*,#5317,.F.);
#5317 = EDGE_CURVE('',#4868,#5038,#5318,.T.);
#5318 = LINE('',#5319,#5320);
#5319 = CARTESIAN_POINT('',(-28.4,47.22871870789,7.15));
#5320 = VECTOR('',#5321,1.);
#5321 = DIRECTION('',(1.224646799147E-16,0.,-1.));
#5322 = PLANE('',#5323);
#5323 = AXIS2_PLACEMENT_3D('',#5324,#5325,#5326);
#5324 = CARTESIAN_POINT('',(-26.8,50.,7.15));
#5325 = DIRECTION('',(-0.866025403784,0.5,-1.060575238725E-16));
#5326 = DIRECTION('',(-0.5,-0.866025403784,-6.123233995737E-17));
#5327 = ADVANCED_FACE('',(#5328),#5334,.T.);
#5328 = FACE_BOUND('',#5329,.T.);
#5329 = EDGE_LOOP('',(#5330,#5331,#5332,#5333));
#5330 = ORIENTED_EDGE('',*,*,#4875,.F.);
#5331 = ORIENTED_EDGE('',*,*,#5317,.T.);
#5332 = ORIENTED_EDGE('',*,*,#5045,.T.);
#5333 = ORIENTED_EDGE('',*,*,#5242,.F.);
#5334 = PLANE('',#5335);
#5335 = AXIS2_PLACEMENT_3D('',#5336,#5337,#5338);
#5336 = CARTESIAN_POINT('',(-28.4,47.22871870789,7.15));
#5337 = DIRECTION('',(-6.938893903907E-16,1.,-8.497694209043E-32));
#5338 = DIRECTION('',(-1.,-6.938893903907E-16,-1.224646799147E-16));
#5339 = ADVANCED_FACE('',(#5340),#5356,.T.);
#5340 = FACE_BOUND('',#5341,.T.);
#5341 = EDGE_LOOP('',(#5342,#5343,#5349,#5350));
#5342 = ORIENTED_EDGE('',*,*,#4896,.F.);
#5343 = ORIENTED_EDGE('',*,*,#5344,.T.);
#5344 = EDGE_CURVE('',#4897,#4987,#5345,.T.);
#5345 = LINE('',#5346,#5347);
#5346 = CARTESIAN_POINT('',(28.4,47.22871870789,7.15));
#5347 = VECTOR('',#5348,1.);
#5348 = DIRECTION('',(1.224646799147E-16,0.,-1.));
#5349 = ORIENTED_EDGE('',*,*,#4994,.T.);
#5350 = ORIENTED_EDGE('',*,*,#5351,.F.);
#5351 = EDGE_CURVE('',#4899,#4953,#5352,.T.);
#5352 = LINE('',#5353,#5354);
#5353 = CARTESIAN_POINT('',(26.8,50.,7.15));
#5354 = VECTOR('',#5355,1.);
#5355 = DIRECTION('',(1.224646799147E-16,0.,-1.));
#5356 = PLANE('',#5357);
#5357 = AXIS2_PLACEMENT_3D('',#5358,#5359,#5360);
#5358 = CARTESIAN_POINT('',(28.4,47.22871870789,7.15));
#5359 = DIRECTION('',(0.866025403784,0.5,1.060575238725E-16));
#5360 = DIRECTION('',(-0.5,0.866025403784,-6.123233995737E-17));
#5361 = ADVANCED_FACE('',(#5362),#5373,.T.);
#5362 = FACE_BOUND('',#5363,.T.);
#5363 = EDGE_LOOP('',(#5364,#5365,#5366,#5367));
#5364 = ORIENTED_EDGE('',*,*,#4906,.F.);
#5365 = ORIENTED_EDGE('',*,*,#5351,.T.);
#5366 = ORIENTED_EDGE('',*,*,#4952,.T.);
#5367 = ORIENTED_EDGE('',*,*,#5368,.F.);
#5368 = EDGE_CURVE('',#4907,#4955,#5369,.T.);
#5369 = LINE('',#5370,#5371);
#5370 = CARTESIAN_POINT('',(28.4,52.77128129211,7.15));
#5371 = VECTOR('',#5372,1.);
#5372 = DIRECTION('',(1.224646799147E-16,0.,-1.));
#5373 = PLANE('',#5374);
#5374 = AXIS2_PLACEMENT_3D('',#5375,#5376,#5377);
#5375 = CARTESIAN_POINT('',(26.8,50.,7.15));
#5376 = DIRECTION('',(0.866025403784,-0.5,1.060575238725E-16));
#5377 = DIRECTION('',(0.5,0.866025403784,6.123233995737E-17));
#5378 = ADVANCED_FACE('',(#5379),#5390,.T.);
#5379 = FACE_BOUND('',#5380,.T.);
#5380 = EDGE_LOOP('',(#5381,#5382,#5383,#5384));
#5381 = ORIENTED_EDGE('',*,*,#4914,.F.);
#5382 = ORIENTED_EDGE('',*,*,#5368,.T.);
#5383 = ORIENTED_EDGE('',*,*,#4962,.T.);
#5384 = ORIENTED_EDGE('',*,*,#5385,.F.);
#5385 = EDGE_CURVE('',#4915,#4963,#5386,.T.);
#5386 = LINE('',#5387,#5388);
#5387 = CARTESIAN_POINT('',(31.6,52.77128129211,7.15));
#5388 = VECTOR('',#5389,1.);
#5389 = DIRECTION('',(1.224646799147E-16,0.,-1.));
#5390 = PLANE('',#5391);
#5391 = AXIS2_PLACEMENT_3D('',#5392,#5393,#5394);
#5392 = CARTESIAN_POINT('',(28.4,52.77128129211,7.15));
#5393 = DIRECTION('',(2.775557561563E-16,-1.,3.399077683617E-32));
#5394 = DIRECTION('',(1.,2.775557561563E-16,1.224646799147E-16));
#5395 = ADVANCED_FACE('',(#5396),#5407,.T.);
#5396 = FACE_BOUND('',#5397,.T.);
#5397 = EDGE_LOOP('',(#5398,#5399,#5400,#5401));
#5398 = ORIENTED_EDGE('',*,*,#4922,.F.);
#5399 = ORIENTED_EDGE('',*,*,#5385,.T.);
#5400 = ORIENTED_EDGE('',*,*,#4970,.T.);
#5401 = ORIENTED_EDGE('',*,*,#5402,.F.);
#5402 = EDGE_CURVE('',#4923,#4971,#5403,.T.);
#5403 = LINE('',#5404,#5405);
#5404 = CARTESIAN_POINT('',(33.2,50.,7.15));
#5405 = VECTOR('',#5406,1.);
#5406 = DIRECTION('',(1.224646799147E-16,0.,-1.));
#5407 = PLANE('',#5408);
#5408 = AXIS2_PLACEMENT_3D('',#5409,#5410,#5411);
#5409 = CARTESIAN_POINT('',(31.6,52.77128129211,7.15));
#5410 = DIRECTION('',(-0.866025403784,-0.5,-1.060575238725E-16));
#5411 = DIRECTION('',(0.5,-0.866025403784,6.123233995737E-17));
#5412 = ADVANCED_FACE('',(#5413),#5424,.T.);
#5413 = FACE_BOUND('',#5414,.T.);
#5414 = EDGE_LOOP('',(#5415,#5416,#5417,#5418));
#5415 = ORIENTED_EDGE('',*,*,#4930,.F.);
#5416 = ORIENTED_EDGE('',*,*,#5402,.T.);
#5417 = ORIENTED_EDGE('',*,*,#4978,.T.);
#5418 = ORIENTED_EDGE('',*,*,#5419,.F.);
#5419 = EDGE_CURVE('',#4931,#4979,#5420,.T.);
#5420 = LINE('',#5421,#5422);
#5421 = CARTESIAN_POINT('',(31.6,47.22871870789,7.15));
#5422 = VECTOR('',#5423,1.);
#5423 = DIRECTION('',(1.224646799147E-16,0.,-1.));
#5424 = PLANE('',#5425);
#5425 = AXIS2_PLACEMENT_3D('',#5426,#5427,#5428);
#5426 = CARTESIAN_POINT('',(33.2,50.,7.15));
#5427 = DIRECTION('',(-0.866025403784,0.5,-1.060575238725E-16));
#5428 = DIRECTION('',(-0.5,-0.866025403784,-6.123233995737E-17));
#5429 = ADVANCED_FACE('',(#5430),#5436,.T.);
#5430 = FACE_BOUND('',#5431,.T.);
#5431 = EDGE_LOOP('',(#5432,#5433,#5434,#5435));
#5432 = ORIENTED_EDGE('',*,*,#4938,.F.);
#5433 = ORIENTED_EDGE('',*,*,#5419,.T.);
#5434 = ORIENTED_EDGE('',*,*,#4986,.T.);
#5435 = ORIENTED_EDGE('',*,*,#5344,.F.);
#5436 = PLANE('',#5437);
#5437 = AXIS2_PLACEMENT_3D('',#5438,#5439,#5440);
#5438 = CARTESIAN_POINT('',(31.6,47.22871870789,7.15));
#5439 = DIRECTION('',(-6.938893903907E-16,1.,-8.497694209043E-32));
#5440 = DIRECTION('',(-1.,-6.938893903907E-16,-1.224646799147E-16));
#5441 = ADVANCED_FACE('',(#5442),#5453,.F.);
#5442 = FACE_BOUND('',#5443,.T.);
#5443 = EDGE_LOOP('',(#5444,#5445,#5451,#5452));
#5444 = ORIENTED_EDGE('',*,*,#5100,.T.);
#5445 = ORIENTED_EDGE('',*,*,#5446,.T.);
#5446 = EDGE_CURVE('',#5101,#5191,#5447,.T.);
#5447 = LINE('',#5448,#5449);
#5448 = CARTESIAN_POINT('',(4.,27.987816540382,15.69798993405));
#5449 = VECTOR('',#5450,1.);
#5450 = DIRECTION('',(0.,-0.999390827019,-3.48994967025E-02));
#5451 = ORIENTED_EDGE('',*,*,#5190,.F.);
#5452 = ORIENTED_EDGE('',*,*,#5446,.F.);
#5453 = CYLINDRICAL_SURFACE('',#5454,4.);
#5454 = AXIS2_PLACEMENT_3D('',#5455,#5456,#5457);
#5455 = CARTESIAN_POINT('',(0.,27.987816540382,15.69798993405));
#5456 = DIRECTION('',(-0.,0.999390827019,3.48994967025E-02));
#5457 = DIRECTION('',(1.,0.,0.));
#5458 = ( GEOMETRIC_REPRESENTATION_CONTEXT(3) 
GLOBAL_UNCERTAINTY_ASSIGNED_CONTEXT((#5462)) 
GLOBAL_UNIT_ASSIGNED_CONTEXT((#5459,#5460,#5461)) REPRESENTATION_CONTEXT
('Context #1','3D Context with UNIT and UNCERTAINTY') );
#5459 = ( LENGTH_UNIT() NAMED_UNIT(*) SI_UNIT(.MILLI.,.METRE.) );
#5460 = ( NAMED_UNIT(*) PLANE_ANGLE_UNIT() SI_UNIT($,.RADIAN.) );
#5461 = ( NAMED_UNIT(*) SI_UNIT($,.STERADIAN.) SOLID_ANGLE_UNIT() );
#5462 = UNCERTAINTY_MEASURE_WITH_UNIT(LENGTH_MEASURE(2.E-05),#5459,
  'distance_accuracy_value','confusion accuracy');
#5463 = CONTEXT_DEPENDENT_SHAPE_REPRESENTATION(#5464,#5466);
#5464 = ( REPRESENTATION_RELATIONSHIP('','',#1584,#10) 
REPRESENTATION_RELATIONSHIP_WITH_TRANSFORMATION(#5465) 
SHAPE_REPRESENTATION_RELATIONSHIP() );
#5465 = ITEM_DEFINED_TRANSFORMATION('','',#11,#39);
#5466 = PRODUCT_DEFINITION_SHAPE('Placement','Placement of an item',
  #5467);
#5467 = NEXT_ASSEMBLY_USAGE_OCCURRENCE('7','difference006','',#5,#1579,$
  );
#5468 = PRODUCT_RELATED_PRODUCT_CATEGORY('part',$,(#1581));
ENDSEC;
END-ISO-10303-21;
