ISO-10303-21;
HEADER;
FILE_DESCRIPTION(('FreeCAD Model'),'2;1');
FILE_NAME('Open CASCADE Shape Model','2026-03-05T20:23:14',(''),(''),
  'Open CASCADE STEP processor 7.8','FreeCAD','Unknown');
FILE_SCHEMA(('AUTOMOTIVE_DESIGN { 1 0 10303 214 1 1 1 1 }'));
ENDSEC;
DATA;
#1 = APPLICATION_PROTOCOL_DEFINITION('international standard',
  'automotive_design',2000,#2);
#2 = APPLICATION_CONTEXT(
  'core data for automotive mechanical design processes');
#3 = SHAPE_DEFINITION_REPRESENTATION(#4,#10);
#4 = PRODUCT_DEFINITION_SHAPE('','',#5);
#5 = PRODUCT_DEFINITION('design','',#6,#9);
#6 = PRODUCT_DEFINITION_FORMATION('','',#7);
#7 = PRODUCT('platform','platform','',(#8));
#8 = PRODUCT_CONTEXT('',#2,'mechanical');
#9 = PRODUCT_DEFINITION_CONTEXT('part definition',#2,'design');
#10 = SHAPE_REPRESENTATION('',(#11,#15,#19,#23),#27);
#11 = AXIS2_PLACEMENT_3D('',#12,#13,#14);
#12 = CARTESIAN_POINT('',(0.,0.,0.));
#13 = DIRECTION('',(0.,0.,1.));
#14 = DIRECTION('',(1.,0.,-0.));
#15 = AXIS2_PLACEMENT_3D('',#16,#17,#18);
#16 = CARTESIAN_POINT('',(0.,0.,50.));
#17 = DIRECTION('',(0.,0.,1.));
#18 = DIRECTION('',(1.,0.,0.));
#19 = AXIS2_PLACEMENT_3D('',#20,#21,#22);
#20 = CARTESIAN_POINT('',(0.,0.,4.));
#21 = DIRECTION('',(0.,0.,1.));
#22 = DIRECTION('',(1.,0.,0.));
#23 = AXIS2_PLACEMENT_3D('',#24,#25,#26);
#24 = CARTESIAN_POINT('',(0.,100.,0.));
#25 = DIRECTION('',(0.,0.,1.));
#26 = DIRECTION('',(1.,0.,0.));
#27 = ( GEOMETRIC_REPRESENTATION_CONTEXT(3) 
GLOBAL_UNCERTAINTY_ASSIGNED_CONTEXT((#31)) GLOBAL_UNIT_ASSIGNED_CONTEXT(
(#28,#29,#30)) REPRESENTATION_CONTEXT('Context #1',
  '3D Context with UNIT and UNCERTAINTY') );
#28 = ( LENGTH_UNIT() NAMED_UNIT(*) SI_UNIT(.MILLI.,.METRE.) );
#29 = ( NAMED_UNIT(*) PLANE_ANGLE_UNIT() SI_UNIT($,.RADIAN.) );
#30 = ( NAMED_UNIT(*) SI_UNIT($,.STERADIAN.) SOLID_ANGLE_UNIT() );
#31 = UNCERTAINTY_MEASURE_WITH_UNIT(LENGTH_MEASURE(5.E-05),#28,
  'distance_accuracy_value','confusion accuracy');
#32 = PRODUCT_RELATED_PRODUCT_CATEGORY('part',$,(#7));
#33 = SHAPE_DEFINITION_REPRESENTATION(#34,#40);
#34 = PRODUCT_DEFINITION_SHAPE('','',#35);
#35 = PRODUCT_DEFINITION('design','',#36,#39);
#36 = PRODUCT_DEFINITION_FORMATION('','',#37);
#37 = PRODUCT('difference','difference','',(#38));
#38 = PRODUCT_CONTEXT('',#2,'mechanical');
#39 = PRODUCT_DEFINITION_CONTEXT('part definition',#2,'design');
#40 = ADVANCED_BREP_SHAPE_REPRESENTATION('',(#11,#41),#133);
#41 = MANIFOLD_SOLID_BREP('',#42);
#42 = CLOSED_SHELL('',(#43,#76,#96,#116));
#43 = ADVANCED_FACE('',(#44),#71,.T.);
#44 = FACE_BOUND('',#45,.F.);
#45 = EDGE_LOOP('',(#46,#56,#63,#64));
#46 = ORIENTED_EDGE('',*,*,#47,.T.);
#47 = EDGE_CURVE('',#48,#50,#52,.T.);
#48 = VERTEX_POINT('',#49);
#49 = CARTESIAN_POINT('',(40.,-9.797174393179E-15,-2.25));
#50 = VERTEX_POINT('',#51);
#51 = CARTESIAN_POINT('',(40.,-9.797174393179E-15,2.25));
#52 = LINE('',#53,#54);
#53 = CARTESIAN_POINT('',(40.,-9.797174393179E-15,-2.25));
#54 = VECTOR('',#55,1.);
#55 = DIRECTION('',(0.,0.,1.));
#56 = ORIENTED_EDGE('',*,*,#57,.T.);
#57 = EDGE_CURVE('',#50,#50,#58,.T.);
#58 = CIRCLE('',#59,40.);
#59 = AXIS2_PLACEMENT_3D('',#60,#61,#62);
#60 = CARTESIAN_POINT('',(0.,0.,2.25));
#61 = DIRECTION('',(0.,0.,1.));
#62 = DIRECTION('',(1.,0.,0.));
#63 = ORIENTED_EDGE('',*,*,#47,.F.);
#64 = ORIENTED_EDGE('',*,*,#65,.F.);
#65 = EDGE_CURVE('',#48,#48,#66,.T.);
#66 = CIRCLE('',#67,40.);
#67 = AXIS2_PLACEMENT_3D('',#68,#69,#70);
#68 = CARTESIAN_POINT('',(0.,0.,-2.25));
#69 = DIRECTION('',(0.,0.,1.));
#70 = DIRECTION('',(1.,0.,0.));
#71 = CYLINDRICAL_SURFACE('',#72,40.);
#72 = AXIS2_PLACEMENT_3D('',#73,#74,#75);
#73 = CARTESIAN_POINT('',(0.,0.,-2.25));
#74 = DIRECTION('',(-0.,-0.,-1.));
#75 = DIRECTION('',(1.,0.,0.));
#76 = ADVANCED_FACE('',(#77,#80),#91,.F.);
#77 = FACE_BOUND('',#78,.F.);
#78 = EDGE_LOOP('',(#79));
#79 = ORIENTED_EDGE('',*,*,#65,.T.);
#80 = FACE_BOUND('',#81,.F.);
#81 = EDGE_LOOP('',(#82));
#82 = ORIENTED_EDGE('',*,*,#83,.T.);
#83 = EDGE_CURVE('',#84,#84,#86,.T.);
#84 = VERTEX_POINT('',#85);
#85 = CARTESIAN_POINT('',(32.,-7.837739514543E-15,-2.25));
#86 = CIRCLE('',#87,32.);
#87 = AXIS2_PLACEMENT_3D('',#88,#89,#90);
#88 = CARTESIAN_POINT('',(0.,0.,-2.25));
#89 = DIRECTION('',(0.,0.,-1.));
#90 = DIRECTION('',(1.,0.,0.));
#91 = PLANE('',#92);
#92 = AXIS2_PLACEMENT_3D('',#93,#94,#95);
#93 = CARTESIAN_POINT('',(0.,0.,-2.25));
#94 = DIRECTION('',(0.,0.,1.));
#95 = DIRECTION('',(1.,0.,0.));
#96 = ADVANCED_FACE('',(#97,#100),#111,.T.);
#97 = FACE_BOUND('',#98,.T.);
#98 = EDGE_LOOP('',(#99));
#99 = ORIENTED_EDGE('',*,*,#57,.T.);
#100 = FACE_BOUND('',#101,.T.);
#101 = EDGE_LOOP('',(#102));
#102 = ORIENTED_EDGE('',*,*,#103,.T.);
#103 = EDGE_CURVE('',#104,#104,#106,.T.);
#104 = VERTEX_POINT('',#105);
#105 = CARTESIAN_POINT('',(32.,-7.837739514543E-15,2.25));
#106 = CIRCLE('',#107,32.);
#107 = AXIS2_PLACEMENT_3D('',#108,#109,#110);
#108 = CARTESIAN_POINT('',(0.,0.,2.25));
#109 = DIRECTION('',(0.,0.,-1.));
#110 = DIRECTION('',(1.,0.,0.));
#111 = PLANE('',#112);
#112 = AXIS2_PLACEMENT_3D('',#113,#114,#115);
#113 = CARTESIAN_POINT('',(0.,0.,2.25));
#114 = DIRECTION('',(0.,0.,1.));
#115 = DIRECTION('',(1.,0.,0.));
#116 = ADVANCED_FACE('',(#117),#128,.F.);
#117 = FACE_BOUND('',#118,.T.);
#118 = EDGE_LOOP('',(#119,#120,#126,#127));
#119 = ORIENTED_EDGE('',*,*,#83,.T.);
#120 = ORIENTED_EDGE('',*,*,#121,.T.);
#121 = EDGE_CURVE('',#84,#104,#122,.T.);
#122 = LINE('',#123,#124);
#123 = CARTESIAN_POINT('',(32.,-7.837739514543E-15,-2.5));
#124 = VECTOR('',#125,1.);
#125 = DIRECTION('',(0.,0.,1.));
#126 = ORIENTED_EDGE('',*,*,#103,.F.);
#127 = ORIENTED_EDGE('',*,*,#121,.F.);
#128 = CYLINDRICAL_SURFACE('',#129,32.);
#129 = AXIS2_PLACEMENT_3D('',#130,#131,#132);
#130 = CARTESIAN_POINT('',(0.,0.,-2.5));
#131 = DIRECTION('',(-0.,-0.,-1.));
#132 = DIRECTION('',(1.,0.,0.));
#133 = ( GEOMETRIC_REPRESENTATION_CONTEXT(3) 
GLOBAL_UNCERTAINTY_ASSIGNED_CONTEXT((#137)) GLOBAL_UNIT_ASSIGNED_CONTEXT
((#134,#135,#136)) REPRESENTATION_CONTEXT('Context #1',
  '3D Context with UNIT and UNCERTAINTY') );
#134 = ( LENGTH_UNIT() NAMED_UNIT(*) SI_UNIT(.MILLI.,.METRE.) );
#135 = ( NAMED_UNIT(*) PLANE_ANGLE_UNIT() SI_UNIT($,.RADIAN.) );
#136 = ( NAMED_UNIT(*) SI_UNIT($,.STERADIAN.) SOLID_ANGLE_UNIT() );
#137 = UNCERTAINTY_MEASURE_WITH_UNIT(LENGTH_MEASURE(1.E-07),#134,
  'distance_accuracy_value','confusion accuracy');
#138 = CONTEXT_DEPENDENT_SHAPE_REPRESENTATION(#139,#141);
#139 = ( REPRESENTATION_RELATIONSHIP('','',#40,#10) 
REPRESENTATION_RELATIONSHIP_WITH_TRANSFORMATION(#140) 
SHAPE_REPRESENTATION_RELATIONSHIP() );
#140 = ITEM_DEFINED_TRANSFORMATION('','',#11,#15);
#141 = PRODUCT_DEFINITION_SHAPE('Placement','Placement of an item',#142
  );
#142 = NEXT_ASSEMBLY_USAGE_OCCURRENCE('50','difference','',#5,#35,$);
#143 = PRODUCT_RELATED_PRODUCT_CATEGORY('part',$,(#37));
#144 = SHAPE_DEFINITION_REPRESENTATION(#145,#151);
#145 = PRODUCT_DEFINITION_SHAPE('','',#146);
#146 = PRODUCT_DEFINITION('design','',#147,#150);
#147 = PRODUCT_DEFINITION_FORMATION('','',#148);
#148 = PRODUCT('difference007','difference007','',(#149));
#149 = PRODUCT_CONTEXT('',#2,'mechanical');
#150 = PRODUCT_DEFINITION_CONTEXT('part definition',#2,'design');
#151 = ADVANCED_BREP_SHAPE_REPRESENTATION('',(#11,#152),#5723);
#152 = MANIFOLD_SOLID_BREP('',#153);
#153 = CLOSED_SHELL('',(#154,#196,#685,#720,#1193,#1211,#1233,#1252,
    #1270,#1466,#1483,#1501,#1519,#1584,#1709,#1751,#1862,#1879,#1897,
    #1948,#2013,#2070,#2112,#2173,#2190,#2268,#2319,#2428,#2485,#2546,
    #2699,#2716,#2733,#2750,#2769,#2787,#2983,#3000,#3018,#3036,#3101,
    #3226,#3268,#3379,#3396,#3414,#3465,#3516,#3533,#3550,#3567,#3584,
    #3601,#3618,#3635,#3799,#3832,#3866,#3891,#3925,#3951,#4101,#4119,
    #4152,#4177,#4203,#4236,#4261,#4286,#4311,#4337,#4362,#4387,#4405,
    #4423,#4573,#4606,#4631,#4657,#4691,#4716,#4743,#4907,#5071,#5104,
    #5138,#5163,#5197,#5223,#5373,#5391,#5424,#5449,#5475,#5500,#5525,
    #5543,#5572,#5586,#5603,#5620,#5649,#5663,#5692,#5706));
#154 = ADVANCED_FACE('',(#155),#191,.T.);
#155 = FACE_BOUND('',#156,.F.);
#156 = EDGE_LOOP('',(#157,#168,#176,#185));
#157 = ORIENTED_EDGE('',*,*,#158,.F.);
#158 = EDGE_CURVE('',#159,#161,#163,.T.);
#159 = VERTEX_POINT('',#160);
#160 = CARTESIAN_POINT('',(11.202689309723,27.829835648632,-4.));
#161 = VERTEX_POINT('',#162);
#162 = CARTESIAN_POINT('',(4.803744637158,29.612903225806,-4.));
#163 = CIRCLE('',#164,30.);
#164 = AXIS2_PLACEMENT_3D('',#165,#166,#167);
#165 = CARTESIAN_POINT('',(0.,0.,-4.));
#166 = DIRECTION('',(0.,0.,1.));
#167 = DIRECTION('',(1.,0.,0.));
#168 = ORIENTED_EDGE('',*,*,#169,.F.);
#169 = EDGE_CURVE('',#170,#159,#172,.T.);
#170 = VERTEX_POINT('',#171);
#171 = CARTESIAN_POINT('',(11.202689309723,27.829835648632,4.));
#172 = LINE('',#173,#174);
#173 = CARTESIAN_POINT('',(11.202689309722,27.829835648632,-4.));
#174 = VECTOR('',#175,1.);
#175 = DIRECTION('',(-0.,-0.,-1.));
#176 = ORIENTED_EDGE('',*,*,#177,.T.);
#177 = EDGE_CURVE('',#170,#178,#180,.T.);
#178 = VERTEX_POINT('',#179);
#179 = CARTESIAN_POINT('',(4.803744637158,29.612903225806,4.));
#180 = CIRCLE('',#181,30.);
#181 = AXIS2_PLACEMENT_3D('',#182,#183,#184);
#182 = CARTESIAN_POINT('',(0.,0.,4.));
#183 = DIRECTION('',(0.,0.,1.));
#184 = DIRECTION('',(1.,0.,0.));
#185 = ORIENTED_EDGE('',*,*,#186,.T.);
#186 = EDGE_CURVE('',#178,#161,#187,.T.);
#187 = LINE('',#188,#189);
#188 = CARTESIAN_POINT('',(4.803744637158,29.612903225806,-4.));
#189 = VECTOR('',#190,1.);
#190 = DIRECTION('',(-0.,-0.,-1.));
#191 = CYLINDRICAL_SURFACE('',#192,30.);
#192 = AXIS2_PLACEMENT_3D('',#193,#194,#195);
#193 = CARTESIAN_POINT('',(0.,0.,-4.));
#194 = DIRECTION('',(-0.,-0.,-1.));
#195 = DIRECTION('',(1.,0.,0.));
#196 = ADVANCED_FACE('',(#197,#603,#614,#625,#636,#647,#658,#669),#680,
  .T.);
#197 = FACE_BOUND('',#198,.T.);
#198 = EDGE_LOOP('',(#199,#210,#219,#228,#237,#245,#254,#263,#271,#279,
    #288,#297,#306,#314,#322,#331,#339,#348,#357,#366,#375,#383,#392,
    #401,#409,#417,#426,#435,#444,#452,#460,#469,#477,#486,#495,#502,
    #503,#511,#520,#529,#537,#545,#554,#563,#572,#580,#588,#597));
#199 = ORIENTED_EDGE('',*,*,#200,.F.);
#200 = EDGE_CURVE('',#201,#203,#205,.T.);
#201 = VERTEX_POINT('',#202);
#202 = CARTESIAN_POINT('',(28.047398791937,-10.64628672383,-4.));
#203 = VERTEX_POINT('',#204);
#204 = CARTESIAN_POINT('',(29.702689309722,-4.213104291392,-4.));
#205 = CIRCLE('',#206,30.);
#206 = AXIS2_PLACEMENT_3D('',#207,#208,#209);
#207 = CARTESIAN_POINT('',(0.,0.,-4.));
#208 = DIRECTION('',(0.,0.,1.));
#209 = DIRECTION('',(1.,0.,0.));
#210 = ORIENTED_EDGE('',*,*,#211,.F.);
#211 = EDGE_CURVE('',#212,#201,#214,.T.);
#212 = VERTEX_POINT('',#213);
#213 = CARTESIAN_POINT('',(24.346787517318,-19.83012701892,-4.));
#214 = CIRCLE('',#215,5.);
#215 = AXIS2_PLACEMENT_3D('',#216,#217,#218);
#216 = CARTESIAN_POINT('',(26.846787517318,-15.5,-4.));
#217 = DIRECTION('',(0.,0.,1.));
#218 = DIRECTION('',(-0.5,-0.866025403784,0.));
#219 = ORIENTED_EDGE('',*,*,#220,.F.);
#220 = EDGE_CURVE('',#221,#212,#223,.T.);
#221 = VERTEX_POINT('',#222);
#222 = CARTESIAN_POINT('',(23.24365415478,-18.96661650197,-4.));
#223 = CIRCLE('',#224,5.);
#224 = AXIS2_PLACEMENT_3D('',#225,#226,#227);
#225 = CARTESIAN_POINT('',(26.846787517318,-15.5,-4.));
#226 = DIRECTION('',(0.,0.,1.));
#227 = DIRECTION('',(-0.5,-0.866025403784,0.));
#228 = ORIENTED_EDGE('',*,*,#229,.F.);
#229 = EDGE_CURVE('',#230,#221,#232,.T.);
#230 = VERTEX_POINT('',#231);
#231 = CARTESIAN_POINT('',(18.5,-23.61673135723,-4.));
#232 = CIRCLE('',#233,30.);
#233 = AXIS2_PLACEMENT_3D('',#234,#235,#236);
#234 = CARTESIAN_POINT('',(0.,0.,-4.));
#235 = DIRECTION('',(0.,0.,1.));
#236 = DIRECTION('',(1.,0.,0.));
#237 = ORIENTED_EDGE('',*,*,#238,.T.);
#238 = EDGE_CURVE('',#230,#239,#241,.T.);
#239 = VERTEX_POINT('',#240);
#240 = CARTESIAN_POINT('',(18.5,-29.14196010845,-4.));
#241 = LINE('',#242,#243);
#242 = CARTESIAN_POINT('',(18.5,-43.44642857142,-4.));
#243 = VECTOR('',#244,1.);
#244 = DIRECTION('',(0.,-1.,0.));
#245 = ORIENTED_EDGE('',*,*,#246,.F.);
#246 = EDGE_CURVE('',#247,#239,#249,.T.);
#247 = VERTEX_POINT('',#248);
#248 = CARTESIAN_POINT('',(21.,-32.1,-4.));
#249 = CIRCLE('',#250,3.);
#250 = AXIS2_PLACEMENT_3D('',#251,#252,#253);
#251 = CARTESIAN_POINT('',(18.,-32.1,-4.));
#252 = DIRECTION('',(0.,0.,1.));
#253 = DIRECTION('',(1.,0.,0.));
#254 = ORIENTED_EDGE('',*,*,#255,.F.);
#255 = EDGE_CURVE('',#256,#247,#258,.T.);
#256 = VERTEX_POINT('',#257);
#257 = CARTESIAN_POINT('',(17.231885425213,-35.,-4.));
#258 = CIRCLE('',#259,3.);
#259 = AXIS2_PLACEMENT_3D('',#260,#261,#262);
#260 = CARTESIAN_POINT('',(18.,-32.1,-4.));
#261 = DIRECTION('',(0.,0.,1.));
#262 = DIRECTION('',(1.,0.,0.));
#263 = ORIENTED_EDGE('',*,*,#264,.T.);
#264 = EDGE_CURVE('',#256,#265,#267,.T.);
#265 = VERTEX_POINT('',#266);
#266 = CARTESIAN_POINT('',(12.,-35.,-4.));
#267 = LINE('',#268,#269);
#268 = CARTESIAN_POINT('',(-23.,-35.,-4.));
#269 = VECTOR('',#270,1.);
#270 = DIRECTION('',(-1.,0.,2.22044604925E-16));
#271 = ORIENTED_EDGE('',*,*,#272,.F.);
#272 = EDGE_CURVE('',#273,#265,#275,.T.);
#273 = VERTEX_POINT('',#274);
#274 = CARTESIAN_POINT('',(12.,-30.,-4.));
#275 = LINE('',#276,#277);
#276 = CARTESIAN_POINT('',(12.,-37.69642857142,-4.));
#277 = VECTOR('',#278,1.);
#278 = DIRECTION('',(0.,-1.,0.));
#279 = ORIENTED_EDGE('',*,*,#280,.F.);
#280 = EDGE_CURVE('',#281,#273,#283,.T.);
#281 = VERTEX_POINT('',#282);
#282 = CARTESIAN_POINT('',(11.757550765359,-27.6,-4.));
#283 = CIRCLE('',#284,12.);
#284 = AXIS2_PLACEMENT_3D('',#285,#286,#287);
#285 = CARTESIAN_POINT('',(0.,-30.,-4.));
#286 = DIRECTION('',(0.,0.,-1.));
#287 = DIRECTION('',(1.,0.,0.));
#288 = ORIENTED_EDGE('',*,*,#289,.F.);
#289 = EDGE_CURVE('',#290,#281,#292,.T.);
#290 = VERTEX_POINT('',#291);
#291 = CARTESIAN_POINT('',(-11.75755076535,-27.6,-4.));
#292 = CIRCLE('',#293,30.);
#293 = AXIS2_PLACEMENT_3D('',#294,#295,#296);
#294 = CARTESIAN_POINT('',(0.,0.,-4.));
#295 = DIRECTION('',(0.,0.,1.));
#296 = DIRECTION('',(1.,0.,0.));
#297 = ORIENTED_EDGE('',*,*,#298,.F.);
#298 = EDGE_CURVE('',#299,#290,#301,.T.);
#299 = VERTEX_POINT('',#300);
#300 = CARTESIAN_POINT('',(-12.,-30.,-4.));
#301 = CIRCLE('',#302,12.);
#302 = AXIS2_PLACEMENT_3D('',#303,#304,#305);
#303 = CARTESIAN_POINT('',(0.,-30.,-4.));
#304 = DIRECTION('',(0.,0.,-1.));
#305 = DIRECTION('',(1.,0.,0.));
#306 = ORIENTED_EDGE('',*,*,#307,.T.);
#307 = EDGE_CURVE('',#299,#308,#310,.T.);
#308 = VERTEX_POINT('',#309);
#309 = CARTESIAN_POINT('',(-12.,-35.,-4.));
#310 = LINE('',#311,#312);
#311 = CARTESIAN_POINT('',(-12.,-37.69642857142,-4.));
#312 = VECTOR('',#313,1.);
#313 = DIRECTION('',(0.,-1.,0.));
#314 = ORIENTED_EDGE('',*,*,#315,.T.);
#315 = EDGE_CURVE('',#308,#316,#318,.T.);
#316 = VERTEX_POINT('',#317);
#317 = CARTESIAN_POINT('',(-17.23188542521,-35.,-4.));
#318 = LINE('',#319,#320);
#319 = CARTESIAN_POINT('',(-23.,-35.,-4.));
#320 = VECTOR('',#321,1.);
#321 = DIRECTION('',(-1.,0.,2.22044604925E-16));
#322 = ORIENTED_EDGE('',*,*,#323,.F.);
#323 = EDGE_CURVE('',#324,#316,#326,.T.);
#324 = VERTEX_POINT('',#325);
#325 = CARTESIAN_POINT('',(-18.5,-29.14196010845,-4.));
#326 = CIRCLE('',#327,3.);
#327 = AXIS2_PLACEMENT_3D('',#328,#329,#330);
#328 = CARTESIAN_POINT('',(-18.,-32.1,-4.));
#329 = DIRECTION('',(0.,0.,1.));
#330 = DIRECTION('',(1.,0.,0.));
#331 = ORIENTED_EDGE('',*,*,#332,.F.);
#332 = EDGE_CURVE('',#333,#324,#335,.T.);
#333 = VERTEX_POINT('',#334);
#334 = CARTESIAN_POINT('',(-18.5,-23.61673135723,-4.));
#335 = LINE('',#336,#337);
#336 = CARTESIAN_POINT('',(-18.5,-43.44642857142,-4.));
#337 = VECTOR('',#338,1.);
#338 = DIRECTION('',(0.,-1.,0.));
#339 = ORIENTED_EDGE('',*,*,#340,.F.);
#340 = EDGE_CURVE('',#341,#333,#343,.T.);
#341 = VERTEX_POINT('',#342);
#342 = CARTESIAN_POINT('',(-23.24365415478,-18.96661650197,-4.));
#343 = CIRCLE('',#344,30.);
#344 = AXIS2_PLACEMENT_3D('',#345,#346,#347);
#345 = CARTESIAN_POINT('',(0.,0.,-4.));
#346 = DIRECTION('',(0.,0.,1.));
#347 = DIRECTION('',(1.,0.,0.));
#348 = ORIENTED_EDGE('',*,*,#349,.F.);
#349 = EDGE_CURVE('',#350,#341,#352,.T.);
#350 = VERTEX_POINT('',#351);
#351 = CARTESIAN_POINT('',(-29.34678751731,-11.16987298107,-4.));
#352 = CIRCLE('',#353,5.);
#353 = AXIS2_PLACEMENT_3D('',#354,#355,#356);
#354 = CARTESIAN_POINT('',(-26.84678751731,-15.5,-4.));
#355 = DIRECTION('',(0.,0.,1.));
#356 = DIRECTION('',(-0.5,0.866025403784,0.));
#357 = ORIENTED_EDGE('',*,*,#358,.F.);
#358 = EDGE_CURVE('',#359,#350,#361,.T.);
#359 = VERTEX_POINT('',#360);
#360 = CARTESIAN_POINT('',(-28.04739879193,-10.64628672383,-4.));
#361 = CIRCLE('',#362,5.);
#362 = AXIS2_PLACEMENT_3D('',#363,#364,#365);
#363 = CARTESIAN_POINT('',(-26.84678751731,-15.5,-4.));
#364 = DIRECTION('',(0.,0.,1.));
#365 = DIRECTION('',(-0.5,0.866025403784,0.));
#366 = ORIENTED_EDGE('',*,*,#367,.F.);
#367 = EDGE_CURVE('',#368,#359,#370,.T.);
#368 = VERTEX_POINT('',#369);
#369 = CARTESIAN_POINT('',(-29.70268930972,-4.213104291392,-4.));
#370 = CIRCLE('',#371,30.);
#371 = AXIS2_PLACEMENT_3D('',#372,#373,#374);
#372 = CARTESIAN_POINT('',(0.,0.,-4.));
#373 = DIRECTION('',(0.,0.,1.));
#374 = DIRECTION('',(1.,0.,0.));
#375 = ORIENTED_EDGE('',*,*,#376,.T.);
#376 = EDGE_CURVE('',#368,#377,#379,.T.);
#377 = VERTEX_POINT('',#378);
#378 = CARTESIAN_POINT('',(-34.48767776999,-1.450489915787,-4.));
#379 = LINE('',#380,#381);
#380 = CARTESIAN_POINT('',(-46.87571084656,5.701744315702,-4.));
#381 = VECTOR('',#382,1.);
#382 = DIRECTION('',(-0.866025403784,0.5,0.));
#383 = ORIENTED_EDGE('',*,*,#384,.F.);
#384 = EDGE_CURVE('',#385,#377,#387,.T.);
#385 = VERTEX_POINT('',#386);
#386 = CARTESIAN_POINT('',(-38.29941546148,-2.136533479473,-4.));
#387 = CIRCLE('',#388,3.);
#388 = AXIS2_PLACEMENT_3D('',#389,#390,#391);
#389 = CARTESIAN_POINT('',(-36.79941546148,0.46154273188,-4.));
#390 = DIRECTION('',(0.,0.,1.));
#391 = DIRECTION('',(-0.5,-0.866025403784,0.));
#392 = ORIENTED_EDGE('',*,*,#393,.F.);
#393 = EDGE_CURVE('',#394,#385,#396,.T.);
#394 = VERTEX_POINT('',#395);
#395 = CARTESIAN_POINT('',(-38.92683184506,2.576749466663,-4.));
#396 = CIRCLE('',#397,3.);
#397 = AXIS2_PLACEMENT_3D('',#398,#399,#400);
#398 = CARTESIAN_POINT('',(-36.79941546148,0.46154273188,-4.));
#399 = DIRECTION('',(0.,0.,1.));
#400 = DIRECTION('',(-0.5,-0.866025403784,0.));
#401 = ORIENTED_EDGE('',*,*,#402,.T.);
#402 = EDGE_CURVE('',#394,#403,#405,.T.);
#403 = VERTEX_POINT('',#404);
#404 = CARTESIAN_POINT('',(-36.31088913245,7.107695154587,-4.));
#405 = LINE('',#406,#407);
#406 = CARTESIAN_POINT('',(-18.81088913245,37.418584287042,-4.));
#407 = VECTOR('',#408,1.);
#408 = DIRECTION('',(0.5,0.866025403784,2.22044604925E-16));
#409 = ORIENTED_EDGE('',*,*,#410,.F.);
#410 = EDGE_CURVE('',#411,#403,#413,.T.);
#411 = VERTEX_POINT('',#412);
#412 = CARTESIAN_POINT('',(-31.98076211353,4.607695154587,-4.));
#413 = LINE('',#414,#415);
#414 = CARTESIAN_POINT('',(-38.6460647748,8.455909440301,-4.));
#415 = VECTOR('',#416,1.);
#416 = DIRECTION('',(-0.866025403784,0.5,0.));
#417 = ORIENTED_EDGE('',*,*,#418,.F.);
#418 = EDGE_CURVE('',#419,#411,#421,.T.);
#419 = VERTEX_POINT('',#420);
#420 = CARTESIAN_POINT('',(-29.78107652713,3.617662350914,-4.));
#421 = CIRCLE('',#422,12.);
#422 = AXIS2_PLACEMENT_3D('',#423,#424,#425);
#423 = CARTESIAN_POINT('',(-25.98076211353,15.,-4.));
#424 = DIRECTION('',(-0.,0.,-1.));
#425 = DIRECTION('',(-0.5,-0.866025403784,0.));
#426 = ORIENTED_EDGE('',*,*,#427,.F.);
#427 = EDGE_CURVE('',#428,#419,#430,.T.);
#428 = VERTEX_POINT('',#429);
#429 = CARTESIAN_POINT('',(-18.02352576177,23.982337649086,-4.));
#430 = CIRCLE('',#431,30.);
#431 = AXIS2_PLACEMENT_3D('',#432,#433,#434);
#432 = CARTESIAN_POINT('',(0.,0.,-4.));
#433 = DIRECTION('',(0.,0.,1.));
#434 = DIRECTION('',(1.,0.,0.));
#435 = ORIENTED_EDGE('',*,*,#436,.F.);
#436 = EDGE_CURVE('',#437,#428,#439,.T.);
#437 = VERTEX_POINT('',#438);
#438 = CARTESIAN_POINT('',(-19.98076211353,25.392304845413,-4.));
#439 = CIRCLE('',#440,12.);
#440 = AXIS2_PLACEMENT_3D('',#441,#442,#443);
#441 = CARTESIAN_POINT('',(-25.98076211353,15.,-4.));
#442 = DIRECTION('',(-0.,0.,-1.));
#443 = DIRECTION('',(-0.5,-0.866025403784,0.));
#444 = ORIENTED_EDGE('',*,*,#445,.T.);
#445 = EDGE_CURVE('',#437,#446,#448,.T.);
#446 = VERTEX_POINT('',#447);
#447 = CARTESIAN_POINT('',(-24.31088913245,27.892304845413,-4.));
#448 = LINE('',#449,#450);
#449 = CARTESIAN_POINT('',(-26.6460647748,29.240519131128,-4.));
#450 = VECTOR('',#451,1.);
#451 = DIRECTION('',(-0.866025403784,0.5,0.));
#452 = ORIENTED_EDGE('',*,*,#453,.T.);
#453 = EDGE_CURVE('',#446,#454,#456,.T.);
#454 = VERTEX_POINT('',#455);
#455 = CARTESIAN_POINT('',(-21.69494641984,32.423250533337,-4.));
#456 = LINE('',#457,#458);
#457 = CARTESIAN_POINT('',(-18.81088913245,37.418584287042,-4.));
#458 = VECTOR('',#459,1.);
#459 = DIRECTION('',(0.5,0.866025403784,2.22044604925E-16));
#460 = ORIENTED_EDGE('',*,*,#461,.F.);
#461 = EDGE_CURVE('',#462,#454,#464,.T.);
#462 = VERTEX_POINT('',#463);
#463 = CARTESIAN_POINT('',(-15.98767776999,30.592450024237,-4.));
#464 = CIRCLE('',#465,3.);
#465 = AXIS2_PLACEMENT_3D('',#466,#467,#468);
#466 = CARTESIAN_POINT('',(-18.79941546148,31.63845726812,-4.));
#467 = DIRECTION('',(0.,0.,1.));
#468 = DIRECTION('',(-0.5,-0.866025403784,0.));
#469 = ORIENTED_EDGE('',*,*,#470,.F.);
#470 = EDGE_CURVE('',#471,#462,#473,.T.);
#471 = VERTEX_POINT('',#472);
#472 = CARTESIAN_POINT('',(-11.20268930972,27.829835648632,-4.));
#473 = LINE('',#474,#475);
#474 = CARTESIAN_POINT('',(-28.37571084656,37.744684255726,-4.));
#475 = VECTOR('',#476,1.);
#476 = DIRECTION('',(-0.866025403784,0.5,0.));
#477 = ORIENTED_EDGE('',*,*,#478,.F.);
#478 = EDGE_CURVE('',#479,#471,#481,.T.);
#479 = VERTEX_POINT('',#480);
#480 = CARTESIAN_POINT('',(-4.803744637158,29.612903225806,-4.));
#481 = CIRCLE('',#482,30.);
#482 = AXIS2_PLACEMENT_3D('',#483,#484,#485);
#483 = CARTESIAN_POINT('',(0.,0.,-4.));
#484 = DIRECTION('',(0.,0.,1.));
#485 = DIRECTION('',(1.,0.,0.));
#486 = ORIENTED_EDGE('',*,*,#487,.F.);
#487 = EDGE_CURVE('',#488,#479,#490,.T.);
#488 = VERTEX_POINT('',#489);
#489 = CARTESIAN_POINT('',(5.,31.,-4.));
#490 = CIRCLE('',#491,5.);
#491 = AXIS2_PLACEMENT_3D('',#492,#493,#494);
#492 = CARTESIAN_POINT('',(0.,31.,-4.));
#493 = DIRECTION('',(0.,0.,1.));
#494 = DIRECTION('',(1.,0.,0.));
#495 = ORIENTED_EDGE('',*,*,#496,.F.);
#496 = EDGE_CURVE('',#161,#488,#497,.T.);
#497 = CIRCLE('',#498,5.);
#498 = AXIS2_PLACEMENT_3D('',#499,#500,#501);
#499 = CARTESIAN_POINT('',(0.,31.,-4.));
#500 = DIRECTION('',(0.,0.,1.));
#501 = DIRECTION('',(1.,0.,0.));
#502 = ORIENTED_EDGE('',*,*,#158,.F.);
#503 = ORIENTED_EDGE('',*,*,#504,.T.);
#504 = EDGE_CURVE('',#159,#505,#507,.T.);
#505 = VERTEX_POINT('',#506);
#506 = CARTESIAN_POINT('',(15.987677769991,30.592450024237,-4.));
#507 = LINE('',#508,#509);
#508 = CARTESIAN_POINT('',(28.375710846563,37.744684255726,-4.));
#509 = VECTOR('',#510,1.);
#510 = DIRECTION('',(0.866025403784,0.5,0.));
#511 = ORIENTED_EDGE('',*,*,#512,.F.);
#512 = EDGE_CURVE('',#513,#505,#515,.T.);
#513 = VERTEX_POINT('',#514);
#514 = CARTESIAN_POINT('',(17.29941546148,34.236533479473,-4.));
#515 = CIRCLE('',#516,3.);
#516 = AXIS2_PLACEMENT_3D('',#517,#518,#519);
#517 = CARTESIAN_POINT('',(18.79941546148,31.63845726812,-4.));
#518 = DIRECTION('',(0.,0.,1.));
#519 = DIRECTION('',(-0.5,0.866025403784,0.));
#520 = ORIENTED_EDGE('',*,*,#521,.F.);
#521 = EDGE_CURVE('',#522,#513,#524,.T.);
#522 = VERTEX_POINT('',#523);
#523 = CARTESIAN_POINT('',(21.694946419849,32.423250533337,-4.));
#524 = CIRCLE('',#525,3.);
#525 = AXIS2_PLACEMENT_3D('',#526,#527,#528);
#526 = CARTESIAN_POINT('',(18.79941546148,31.63845726812,-4.));
#527 = DIRECTION('',(0.,0.,1.));
#528 = DIRECTION('',(-0.5,0.866025403784,0.));
#529 = ORIENTED_EDGE('',*,*,#530,.T.);
#530 = EDGE_CURVE('',#522,#531,#533,.T.);
#531 = VERTEX_POINT('',#532);
#532 = CARTESIAN_POINT('',(24.310889132455,27.892304845413,-4.));
#533 = LINE('',#534,#535);
#534 = CARTESIAN_POINT('',(41.810889132455,-2.418584287042,-4.));
#535 = VECTOR('',#536,1.);
#536 = DIRECTION('',(0.5,-0.866025403784,2.22044604925E-16));
#537 = ORIENTED_EDGE('',*,*,#538,.F.);
#538 = EDGE_CURVE('',#539,#531,#541,.T.);
#539 = VERTEX_POINT('',#540);
#540 = CARTESIAN_POINT('',(19.980762113533,25.392304845413,-4.));
#541 = LINE('',#542,#543);
#542 = CARTESIAN_POINT('',(26.646064774803,29.240519131128,-4.));
#543 = VECTOR('',#544,1.);
#544 = DIRECTION('',(0.866025403784,0.5,0.));
#545 = ORIENTED_EDGE('',*,*,#546,.F.);
#546 = EDGE_CURVE('',#547,#539,#549,.T.);
#547 = VERTEX_POINT('',#548);
#548 = CARTESIAN_POINT('',(18.023525761771,23.982337649086,-4.));
#549 = CIRCLE('',#550,12.);
#550 = AXIS2_PLACEMENT_3D('',#551,#552,#553);
#551 = CARTESIAN_POINT('',(25.980762113533,15.,-4.));
#552 = DIRECTION('',(0.,0.,-1.));
#553 = DIRECTION('',(-0.5,0.866025403784,0.));
#554 = ORIENTED_EDGE('',*,*,#555,.F.);
#555 = EDGE_CURVE('',#556,#547,#558,.T.);
#556 = VERTEX_POINT('',#557);
#557 = CARTESIAN_POINT('',(29.78107652713,3.617662350914,-4.));
#558 = CIRCLE('',#559,30.);
#559 = AXIS2_PLACEMENT_3D('',#560,#561,#562);
#560 = CARTESIAN_POINT('',(0.,0.,-4.));
#561 = DIRECTION('',(0.,0.,1.));
#562 = DIRECTION('',(1.,0.,0.));
#563 = ORIENTED_EDGE('',*,*,#564,.F.);
#564 = EDGE_CURVE('',#565,#556,#567,.T.);
#565 = VERTEX_POINT('',#566);
#566 = CARTESIAN_POINT('',(31.980762113533,4.607695154587,-4.));
#567 = CIRCLE('',#568,12.);
#568 = AXIS2_PLACEMENT_3D('',#569,#570,#571);
#569 = CARTESIAN_POINT('',(25.980762113533,15.,-4.));
#570 = DIRECTION('',(0.,0.,-1.));
#571 = DIRECTION('',(-0.5,0.866025403784,0.));
#572 = ORIENTED_EDGE('',*,*,#573,.T.);
#573 = EDGE_CURVE('',#565,#574,#576,.T.);
#574 = VERTEX_POINT('',#575);
#575 = CARTESIAN_POINT('',(36.310889132455,7.107695154587,-4.));
#576 = LINE('',#577,#578);
#577 = CARTESIAN_POINT('',(38.646064774803,8.455909440301,-4.));
#578 = VECTOR('',#579,1.);
#579 = DIRECTION('',(0.866025403784,0.5,0.));
#580 = ORIENTED_EDGE('',*,*,#581,.T.);
#581 = EDGE_CURVE('',#574,#582,#584,.T.);
#582 = VERTEX_POINT('',#583);
#583 = CARTESIAN_POINT('',(38.926831845062,2.576749466663,-4.));
#584 = LINE('',#585,#586);
#585 = CARTESIAN_POINT('',(41.810889132455,-2.418584287042,-4.));
#586 = VECTOR('',#587,1.);
#587 = DIRECTION('',(0.5,-0.866025403784,2.22044604925E-16));
#588 = ORIENTED_EDGE('',*,*,#589,.F.);
#589 = EDGE_CURVE('',#590,#582,#592,.T.);
#590 = VERTEX_POINT('',#591);
#591 = CARTESIAN_POINT('',(34.487677769991,-1.450489915787,-4.));
#592 = CIRCLE('',#593,3.);
#593 = AXIS2_PLACEMENT_3D('',#594,#595,#596);
#594 = CARTESIAN_POINT('',(36.79941546148,0.46154273188,-4.));
#595 = DIRECTION('',(0.,0.,1.));
#596 = DIRECTION('',(-0.5,0.866025403784,0.));
#597 = ORIENTED_EDGE('',*,*,#598,.F.);
#598 = EDGE_CURVE('',#203,#590,#599,.T.);
#599 = LINE('',#600,#601);
#600 = CARTESIAN_POINT('',(46.875710846563,5.701744315702,-4.));
#601 = VECTOR('',#602,1.);
#602 = DIRECTION('',(0.866025403784,0.5,0.));
#603 = FACE_BOUND('',#604,.T.);
#604 = EDGE_LOOP('',(#605));
#605 = ORIENTED_EDGE('',*,*,#606,.F.);
#606 = EDGE_CURVE('',#607,#607,#609,.T.);
#607 = VERTEX_POINT('',#608);
#608 = CARTESIAN_POINT('',(2.2,-25.,-4.));
#609 = CIRCLE('',#610,2.2);
#610 = AXIS2_PLACEMENT_3D('',#611,#612,#613);
#611 = CARTESIAN_POINT('',(0.,-25.,-4.));
#612 = DIRECTION('',(0.,0.,-1.));
#613 = DIRECTION('',(1.,0.,0.));
#614 = FACE_BOUND('',#615,.T.);
#615 = EDGE_LOOP('',(#616));
#616 = ORIENTED_EDGE('',*,*,#617,.F.);
#617 = EDGE_CURVE('',#618,#618,#620,.T.);
#618 = VERTEX_POINT('',#619);
#619 = CARTESIAN_POINT('',(22.750635094611,-10.59474411167,-4.));
#620 = CIRCLE('',#621,2.2);
#621 = AXIS2_PLACEMENT_3D('',#622,#623,#624);
#622 = CARTESIAN_POINT('',(21.650635094611,-12.5,-4.));
#623 = DIRECTION('',(0.,0.,-1.));
#624 = DIRECTION('',(0.5,0.866025403784,0.));
#625 = FACE_BOUND('',#626,.T.);
#626 = EDGE_LOOP('',(#627));
#627 = ORIENTED_EDGE('',*,*,#628,.F.);
#628 = EDGE_CURVE('',#629,#629,#631,.T.);
#629 = VERTEX_POINT('',#630);
#630 = CARTESIAN_POINT('',(-20.55063509461,-14.40525588832,-4.));
#631 = CIRCLE('',#632,2.2);
#632 = AXIS2_PLACEMENT_3D('',#633,#634,#635);
#633 = CARTESIAN_POINT('',(-21.65063509461,-12.5,-4.));
#634 = DIRECTION('',(-0.,0.,-1.));
#635 = DIRECTION('',(0.5,-0.866025403784,-0.));
#636 = FACE_BOUND('',#637,.T.);
#637 = EDGE_LOOP('',(#638));
#638 = ORIENTED_EDGE('',*,*,#639,.F.);
#639 = EDGE_CURVE('',#640,#640,#642,.T.);
#640 = VERTEX_POINT('',#641);
#641 = CARTESIAN_POINT('',(20.550635094611,14.405255888326,-4.));
#642 = CIRCLE('',#643,2.2);
#643 = AXIS2_PLACEMENT_3D('',#644,#645,#646);
#644 = CARTESIAN_POINT('',(21.650635094611,12.5,-4.));
#645 = DIRECTION('',(0.,0.,-1.));
#646 = DIRECTION('',(-0.5,0.866025403784,0.));
#647 = FACE_BOUND('',#648,.T.);
#648 = EDGE_LOOP('',(#649));
#649 = ORIENTED_EDGE('',*,*,#650,.F.);
#650 = EDGE_CURVE('',#651,#651,#653,.T.);
#651 = VERTEX_POINT('',#652);
#652 = CARTESIAN_POINT('',(20.,-4.898587196589E-15,-4.));
#653 = CIRCLE('',#654,20.);
#654 = AXIS2_PLACEMENT_3D('',#655,#656,#657);
#655 = CARTESIAN_POINT('',(0.,0.,-4.));
#656 = DIRECTION('',(0.,0.,-1.));
#657 = DIRECTION('',(1.,0.,0.));
#658 = FACE_BOUND('',#659,.T.);
#659 = EDGE_LOOP('',(#660));
#660 = ORIENTED_EDGE('',*,*,#661,.F.);
#661 = EDGE_CURVE('',#662,#662,#664,.T.);
#662 = VERTEX_POINT('',#663);
#663 = CARTESIAN_POINT('',(-2.2,25.,-4.));
#664 = CIRCLE('',#665,2.2);
#665 = AXIS2_PLACEMENT_3D('',#666,#667,#668);
#666 = CARTESIAN_POINT('',(3.061616997868E-15,25.,-4.));
#667 = DIRECTION('',(0.,0.,-1.));
#668 = DIRECTION('',(-1.,1.224646799147E-16,0.));
#669 = FACE_BOUND('',#670,.T.);
#670 = EDGE_LOOP('',(#671));
#671 = ORIENTED_EDGE('',*,*,#672,.F.);
#672 = EDGE_CURVE('',#673,#673,#675,.T.);
#673 = VERTEX_POINT('',#674);
#674 = CARTESIAN_POINT('',(-22.75063509461,10.594744111674,-4.));
#675 = CIRCLE('',#676,2.2);
#676 = AXIS2_PLACEMENT_3D('',#677,#678,#679);
#677 = CARTESIAN_POINT('',(-21.65063509461,12.5,-4.));
#678 = DIRECTION('',(0.,0.,-1.));
#679 = DIRECTION('',(-0.5,-0.866025403784,-0.));
#680 = PLANE('',#681);
#681 = AXIS2_PLACEMENT_3D('',#682,#683,#684);
#682 = CARTESIAN_POINT('',(-3.396920334689E-15,7.708106727812E-14,-4.));
#683 = DIRECTION('',(-0.,-0.,-1.));
#684 = DIRECTION('',(-1.,0.,0.));
#685 = ADVANCED_FACE('',(#686),#715,.T.);
#686 = FACE_BOUND('',#687,.F.);
#687 = EDGE_LOOP('',(#688,#689,#698,#707,#713,#714));
#688 = ORIENTED_EDGE('',*,*,#186,.F.);
#689 = ORIENTED_EDGE('',*,*,#690,.T.);
#690 = EDGE_CURVE('',#178,#691,#693,.T.);
#691 = VERTEX_POINT('',#692);
#692 = CARTESIAN_POINT('',(5.,31.,4.));
#693 = CIRCLE('',#694,5.);
#694 = AXIS2_PLACEMENT_3D('',#695,#696,#697);
#695 = CARTESIAN_POINT('',(0.,31.,4.));
#696 = DIRECTION('',(0.,0.,1.));
#697 = DIRECTION('',(1.,0.,0.));
#698 = ORIENTED_EDGE('',*,*,#699,.T.);
#699 = EDGE_CURVE('',#691,#700,#702,.T.);
#700 = VERTEX_POINT('',#701);
#701 = CARTESIAN_POINT('',(-4.803744637158,29.612903225806,4.));
#702 = CIRCLE('',#703,5.);
#703 = AXIS2_PLACEMENT_3D('',#704,#705,#706);
#704 = CARTESIAN_POINT('',(0.,31.,4.));
#705 = DIRECTION('',(0.,0.,1.));
#706 = DIRECTION('',(1.,0.,0.));
#707 = ORIENTED_EDGE('',*,*,#708,.T.);
#708 = EDGE_CURVE('',#700,#479,#709,.T.);
#709 = LINE('',#710,#711);
#710 = CARTESIAN_POINT('',(-4.803744637158,29.612903225806,-4.));
#711 = VECTOR('',#712,1.);
#712 = DIRECTION('',(-0.,-0.,-1.));
#713 = ORIENTED_EDGE('',*,*,#487,.F.);
#714 = ORIENTED_EDGE('',*,*,#496,.F.);
#715 = CYLINDRICAL_SURFACE('',#716,5.);
#716 = AXIS2_PLACEMENT_3D('',#717,#718,#719);
#717 = CARTESIAN_POINT('',(0.,31.,-4.));
#718 = DIRECTION('',(-0.,-0.,-1.));
#719 = DIRECTION('',(1.,0.,0.));
#720 = ADVANCED_FACE('',(#721,#1111,#1122,#1133,#1144,#1155,#1166,#1177)
  ,#1188,.T.);
#721 = FACE_BOUND('',#722,.T.);
#722 = EDGE_LOOP('',(#723,#734,#742,#751,#759,#767,#776,#785,#794,#802,
    #810,#819,#828,#834,#835,#836,#837,#846,#854,#863,#871,#879,#888,
    #897,#906,#914,#922,#931,#940,#948,#957,#966,#975,#984,#992,#1001,
    #1009,#1017,#1026,#1035,#1044,#1052,#1060,#1069,#1078,#1086,#1095,
    #1104));
#723 = ORIENTED_EDGE('',*,*,#724,.T.);
#724 = EDGE_CURVE('',#725,#727,#729,.T.);
#725 = VERTEX_POINT('',#726);
#726 = CARTESIAN_POINT('',(28.047398791937,-10.64628672383,4.));
#727 = VERTEX_POINT('',#728);
#728 = CARTESIAN_POINT('',(29.702689309722,-4.213104291392,4.));
#729 = CIRCLE('',#730,30.);
#730 = AXIS2_PLACEMENT_3D('',#731,#732,#733);
#731 = CARTESIAN_POINT('',(0.,0.,4.));
#732 = DIRECTION('',(0.,0.,1.));
#733 = DIRECTION('',(1.,0.,0.));
#734 = ORIENTED_EDGE('',*,*,#735,.F.);
#735 = EDGE_CURVE('',#736,#727,#738,.T.);
#736 = VERTEX_POINT('',#737);
#737 = CARTESIAN_POINT('',(34.487677769991,-1.450489915787,4.));
#738 = LINE('',#739,#740);
#739 = CARTESIAN_POINT('',(46.875710846563,5.701744315702,4.));
#740 = VECTOR('',#741,1.);
#741 = DIRECTION('',(-0.866025403784,-0.5,0.));
#742 = ORIENTED_EDGE('',*,*,#743,.T.);
#743 = EDGE_CURVE('',#736,#744,#746,.T.);
#744 = VERTEX_POINT('',#745);
#745 = CARTESIAN_POINT('',(38.926831845062,2.576749466663,4.));
#746 = CIRCLE('',#747,3.);
#747 = AXIS2_PLACEMENT_3D('',#748,#749,#750);
#748 = CARTESIAN_POINT('',(36.79941546148,0.46154273188,4.));
#749 = DIRECTION('',(0.,0.,1.));
#750 = DIRECTION('',(-0.5,0.866025403784,0.));
#751 = ORIENTED_EDGE('',*,*,#752,.F.);
#752 = EDGE_CURVE('',#753,#744,#755,.T.);
#753 = VERTEX_POINT('',#754);
#754 = CARTESIAN_POINT('',(36.310889132455,7.107695154587,4.));
#755 = LINE('',#756,#757);
#756 = CARTESIAN_POINT('',(41.810889132455,-2.418584287042,4.));
#757 = VECTOR('',#758,1.);
#758 = DIRECTION('',(0.5,-0.866025403784,2.22044604925E-16));
#759 = ORIENTED_EDGE('',*,*,#760,.T.);
#760 = EDGE_CURVE('',#753,#761,#763,.T.);
#761 = VERTEX_POINT('',#762);
#762 = CARTESIAN_POINT('',(31.980762113533,4.607695154587,4.));
#763 = LINE('',#764,#765);
#764 = CARTESIAN_POINT('',(38.646064774803,8.455909440301,4.));
#765 = VECTOR('',#766,1.);
#766 = DIRECTION('',(-0.866025403784,-0.5,0.));
#767 = ORIENTED_EDGE('',*,*,#768,.T.);
#768 = EDGE_CURVE('',#761,#769,#771,.T.);
#769 = VERTEX_POINT('',#770);
#770 = CARTESIAN_POINT('',(29.78107652713,3.617662350914,4.));
#771 = CIRCLE('',#772,12.);
#772 = AXIS2_PLACEMENT_3D('',#773,#774,#775);
#773 = CARTESIAN_POINT('',(25.980762113533,15.,4.));
#774 = DIRECTION('',(0.,0.,-1.));
#775 = DIRECTION('',(-0.5,0.866025403784,0.));
#776 = ORIENTED_EDGE('',*,*,#777,.T.);
#777 = EDGE_CURVE('',#769,#778,#780,.T.);
#778 = VERTEX_POINT('',#779);
#779 = CARTESIAN_POINT('',(18.023525761771,23.982337649086,4.));
#780 = CIRCLE('',#781,30.);
#781 = AXIS2_PLACEMENT_3D('',#782,#783,#784);
#782 = CARTESIAN_POINT('',(0.,0.,4.));
#783 = DIRECTION('',(0.,0.,1.));
#784 = DIRECTION('',(1.,0.,0.));
#785 = ORIENTED_EDGE('',*,*,#786,.T.);
#786 = EDGE_CURVE('',#778,#787,#789,.T.);
#787 = VERTEX_POINT('',#788);
#788 = CARTESIAN_POINT('',(19.980762113533,25.392304845413,4.));
#789 = CIRCLE('',#790,12.);
#790 = AXIS2_PLACEMENT_3D('',#791,#792,#793);
#791 = CARTESIAN_POINT('',(25.980762113533,15.,4.));
#792 = DIRECTION('',(0.,0.,-1.));
#793 = DIRECTION('',(-0.5,0.866025403784,0.));
#794 = ORIENTED_EDGE('',*,*,#795,.F.);
#795 = EDGE_CURVE('',#796,#787,#798,.T.);
#796 = VERTEX_POINT('',#797);
#797 = CARTESIAN_POINT('',(24.310889132455,27.892304845413,4.));
#798 = LINE('',#799,#800);
#799 = CARTESIAN_POINT('',(26.646064774803,29.240519131128,4.));
#800 = VECTOR('',#801,1.);
#801 = DIRECTION('',(-0.866025403784,-0.5,0.));
#802 = ORIENTED_EDGE('',*,*,#803,.F.);
#803 = EDGE_CURVE('',#804,#796,#806,.T.);
#804 = VERTEX_POINT('',#805);
#805 = CARTESIAN_POINT('',(21.694946419849,32.423250533337,4.));
#806 = LINE('',#807,#808);
#807 = CARTESIAN_POINT('',(41.810889132455,-2.418584287042,4.));
#808 = VECTOR('',#809,1.);
#809 = DIRECTION('',(0.5,-0.866025403784,2.22044604925E-16));
#810 = ORIENTED_EDGE('',*,*,#811,.T.);
#811 = EDGE_CURVE('',#804,#812,#814,.T.);
#812 = VERTEX_POINT('',#813);
#813 = CARTESIAN_POINT('',(17.29941546148,34.236533479473,4.));
#814 = CIRCLE('',#815,3.);
#815 = AXIS2_PLACEMENT_3D('',#816,#817,#818);
#816 = CARTESIAN_POINT('',(18.79941546148,31.63845726812,4.));
#817 = DIRECTION('',(0.,0.,1.));
#818 = DIRECTION('',(-0.5,0.866025403784,0.));
#819 = ORIENTED_EDGE('',*,*,#820,.T.);
#820 = EDGE_CURVE('',#812,#821,#823,.T.);
#821 = VERTEX_POINT('',#822);
#822 = CARTESIAN_POINT('',(15.987677769991,30.592450024237,4.));
#823 = CIRCLE('',#824,3.);
#824 = AXIS2_PLACEMENT_3D('',#825,#826,#827);
#825 = CARTESIAN_POINT('',(18.79941546148,31.63845726812,4.));
#826 = DIRECTION('',(0.,0.,1.));
#827 = DIRECTION('',(-0.5,0.866025403784,0.));
#828 = ORIENTED_EDGE('',*,*,#829,.T.);
#829 = EDGE_CURVE('',#821,#170,#830,.T.);
#830 = LINE('',#831,#832);
#831 = CARTESIAN_POINT('',(28.375710846563,37.744684255726,4.));
#832 = VECTOR('',#833,1.);
#833 = DIRECTION('',(-0.866025403784,-0.5,0.));
#834 = ORIENTED_EDGE('',*,*,#177,.T.);
#835 = ORIENTED_EDGE('',*,*,#690,.T.);
#836 = ORIENTED_EDGE('',*,*,#699,.T.);
#837 = ORIENTED_EDGE('',*,*,#838,.T.);
#838 = EDGE_CURVE('',#700,#839,#841,.T.);
#839 = VERTEX_POINT('',#840);
#840 = CARTESIAN_POINT('',(-11.20268930972,27.829835648632,4.));
#841 = CIRCLE('',#842,30.);
#842 = AXIS2_PLACEMENT_3D('',#843,#844,#845);
#843 = CARTESIAN_POINT('',(0.,0.,4.));
#844 = DIRECTION('',(0.,0.,1.));
#845 = DIRECTION('',(1.,0.,0.));
#846 = ORIENTED_EDGE('',*,*,#847,.F.);
#847 = EDGE_CURVE('',#848,#839,#850,.T.);
#848 = VERTEX_POINT('',#849);
#849 = CARTESIAN_POINT('',(-15.98767776999,30.592450024237,4.));
#850 = LINE('',#851,#852);
#851 = CARTESIAN_POINT('',(-28.37571084656,37.744684255726,4.));
#852 = VECTOR('',#853,1.);
#853 = DIRECTION('',(0.866025403784,-0.5,0.));
#854 = ORIENTED_EDGE('',*,*,#855,.T.);
#855 = EDGE_CURVE('',#848,#856,#858,.T.);
#856 = VERTEX_POINT('',#857);
#857 = CARTESIAN_POINT('',(-21.69494641984,32.423250533337,4.));
#858 = CIRCLE('',#859,3.);
#859 = AXIS2_PLACEMENT_3D('',#860,#861,#862);
#860 = CARTESIAN_POINT('',(-18.79941546148,31.63845726812,4.));
#861 = DIRECTION('',(0.,0.,1.));
#862 = DIRECTION('',(-0.5,-0.866025403784,0.));
#863 = ORIENTED_EDGE('',*,*,#864,.F.);
#864 = EDGE_CURVE('',#865,#856,#867,.T.);
#865 = VERTEX_POINT('',#866);
#866 = CARTESIAN_POINT('',(-24.31088913245,27.892304845413,4.));
#867 = LINE('',#868,#869);
#868 = CARTESIAN_POINT('',(-18.81088913245,37.418584287042,4.));
#869 = VECTOR('',#870,1.);
#870 = DIRECTION('',(0.5,0.866025403784,2.22044604925E-16));
#871 = ORIENTED_EDGE('',*,*,#872,.T.);
#872 = EDGE_CURVE('',#865,#873,#875,.T.);
#873 = VERTEX_POINT('',#874);
#874 = CARTESIAN_POINT('',(-19.98076211353,25.392304845413,4.));
#875 = LINE('',#876,#877);
#876 = CARTESIAN_POINT('',(-26.6460647748,29.240519131128,4.));
#877 = VECTOR('',#878,1.);
#878 = DIRECTION('',(0.866025403784,-0.5,0.));
#879 = ORIENTED_EDGE('',*,*,#880,.T.);
#880 = EDGE_CURVE('',#873,#881,#883,.T.);
#881 = VERTEX_POINT('',#882);
#882 = CARTESIAN_POINT('',(-18.02352576177,23.982337649086,4.));
#883 = CIRCLE('',#884,12.);
#884 = AXIS2_PLACEMENT_3D('',#885,#886,#887);
#885 = CARTESIAN_POINT('',(-25.98076211353,15.,4.));
#886 = DIRECTION('',(-0.,0.,-1.));
#887 = DIRECTION('',(-0.5,-0.866025403784,0.));
#888 = ORIENTED_EDGE('',*,*,#889,.T.);
#889 = EDGE_CURVE('',#881,#890,#892,.T.);
#890 = VERTEX_POINT('',#891);
#891 = CARTESIAN_POINT('',(-29.78107652713,3.617662350914,4.));
#892 = CIRCLE('',#893,30.);
#893 = AXIS2_PLACEMENT_3D('',#894,#895,#896);
#894 = CARTESIAN_POINT('',(0.,0.,4.));
#895 = DIRECTION('',(0.,0.,1.));
#896 = DIRECTION('',(1.,0.,0.));
#897 = ORIENTED_EDGE('',*,*,#898,.T.);
#898 = EDGE_CURVE('',#890,#899,#901,.T.);
#899 = VERTEX_POINT('',#900);
#900 = CARTESIAN_POINT('',(-31.98076211353,4.607695154587,4.));
#901 = CIRCLE('',#902,12.);
#902 = AXIS2_PLACEMENT_3D('',#903,#904,#905);
#903 = CARTESIAN_POINT('',(-25.98076211353,15.,4.));
#904 = DIRECTION('',(-0.,0.,-1.));
#905 = DIRECTION('',(-0.5,-0.866025403784,0.));
#906 = ORIENTED_EDGE('',*,*,#907,.F.);
#907 = EDGE_CURVE('',#908,#899,#910,.T.);
#908 = VERTEX_POINT('',#909);
#909 = CARTESIAN_POINT('',(-36.31088913245,7.107695154587,4.));
#910 = LINE('',#911,#912);
#911 = CARTESIAN_POINT('',(-38.6460647748,8.455909440301,4.));
#912 = VECTOR('',#913,1.);
#913 = DIRECTION('',(0.866025403784,-0.5,0.));
#914 = ORIENTED_EDGE('',*,*,#915,.F.);
#915 = EDGE_CURVE('',#916,#908,#918,.T.);
#916 = VERTEX_POINT('',#917);
#917 = CARTESIAN_POINT('',(-38.92683184506,2.576749466663,4.));
#918 = LINE('',#919,#920);
#919 = CARTESIAN_POINT('',(-18.81088913245,37.418584287042,4.));
#920 = VECTOR('',#921,1.);
#921 = DIRECTION('',(0.5,0.866025403784,2.22044604925E-16));
#922 = ORIENTED_EDGE('',*,*,#923,.T.);
#923 = EDGE_CURVE('',#916,#924,#926,.T.);
#924 = VERTEX_POINT('',#925);
#925 = CARTESIAN_POINT('',(-38.29941546148,-2.136533479473,4.));
#926 = CIRCLE('',#927,3.);
#927 = AXIS2_PLACEMENT_3D('',#928,#929,#930);
#928 = CARTESIAN_POINT('',(-36.79941546148,0.46154273188,4.));
#929 = DIRECTION('',(0.,0.,1.));
#930 = DIRECTION('',(-0.5,-0.866025403784,0.));
#931 = ORIENTED_EDGE('',*,*,#932,.T.);
#932 = EDGE_CURVE('',#924,#933,#935,.T.);
#933 = VERTEX_POINT('',#934);
#934 = CARTESIAN_POINT('',(-34.48767776999,-1.450489915787,4.));
#935 = CIRCLE('',#936,3.);
#936 = AXIS2_PLACEMENT_3D('',#937,#938,#939);
#937 = CARTESIAN_POINT('',(-36.79941546148,0.46154273188,4.));
#938 = DIRECTION('',(0.,0.,1.));
#939 = DIRECTION('',(-0.5,-0.866025403784,0.));
#940 = ORIENTED_EDGE('',*,*,#941,.T.);
#941 = EDGE_CURVE('',#933,#942,#944,.T.);
#942 = VERTEX_POINT('',#943);
#943 = CARTESIAN_POINT('',(-29.70268930972,-4.213104291392,4.));
#944 = LINE('',#945,#946);
#945 = CARTESIAN_POINT('',(-46.87571084656,5.701744315702,4.));
#946 = VECTOR('',#947,1.);
#947 = DIRECTION('',(0.866025403784,-0.5,0.));
#948 = ORIENTED_EDGE('',*,*,#949,.T.);
#949 = EDGE_CURVE('',#942,#950,#952,.T.);
#950 = VERTEX_POINT('',#951);
#951 = CARTESIAN_POINT('',(-28.04739879193,-10.64628672383,4.));
#952 = CIRCLE('',#953,30.);
#953 = AXIS2_PLACEMENT_3D('',#954,#955,#956);
#954 = CARTESIAN_POINT('',(0.,0.,4.));
#955 = DIRECTION('',(0.,0.,1.));
#956 = DIRECTION('',(1.,0.,0.));
#957 = ORIENTED_EDGE('',*,*,#958,.T.);
#958 = EDGE_CURVE('',#950,#959,#961,.T.);
#959 = VERTEX_POINT('',#960);
#960 = CARTESIAN_POINT('',(-29.34678751731,-11.16987298107,4.));
#961 = CIRCLE('',#962,5.);
#962 = AXIS2_PLACEMENT_3D('',#963,#964,#965);
#963 = CARTESIAN_POINT('',(-26.84678751731,-15.5,4.));
#964 = DIRECTION('',(0.,0.,1.));
#965 = DIRECTION('',(-0.5,0.866025403784,0.));
#966 = ORIENTED_EDGE('',*,*,#967,.T.);
#967 = EDGE_CURVE('',#959,#968,#970,.T.);
#968 = VERTEX_POINT('',#969);
#969 = CARTESIAN_POINT('',(-23.24365415478,-18.96661650197,4.));
#970 = CIRCLE('',#971,5.);
#971 = AXIS2_PLACEMENT_3D('',#972,#973,#974);
#972 = CARTESIAN_POINT('',(-26.84678751731,-15.5,4.));
#973 = DIRECTION('',(0.,0.,1.));
#974 = DIRECTION('',(-0.5,0.866025403784,0.));
#975 = ORIENTED_EDGE('',*,*,#976,.T.);
#976 = EDGE_CURVE('',#968,#977,#979,.T.);
#977 = VERTEX_POINT('',#978);
#978 = CARTESIAN_POINT('',(-18.5,-23.61673135723,4.));
#979 = CIRCLE('',#980,30.);
#980 = AXIS2_PLACEMENT_3D('',#981,#982,#983);
#981 = CARTESIAN_POINT('',(0.,0.,4.));
#982 = DIRECTION('',(0.,0.,1.));
#983 = DIRECTION('',(1.,0.,0.));
#984 = ORIENTED_EDGE('',*,*,#985,.F.);
#985 = EDGE_CURVE('',#986,#977,#988,.T.);
#986 = VERTEX_POINT('',#987);
#987 = CARTESIAN_POINT('',(-18.5,-29.14196010845,4.));
#988 = LINE('',#989,#990);
#989 = CARTESIAN_POINT('',(-18.5,-43.44642857142,4.));
#990 = VECTOR('',#991,1.);
#991 = DIRECTION('',(0.,1.,0.));
#992 = ORIENTED_EDGE('',*,*,#993,.T.);
#993 = EDGE_CURVE('',#986,#994,#996,.T.);
#994 = VERTEX_POINT('',#995);
#995 = CARTESIAN_POINT('',(-17.23188542521,-35.,4.));
#996 = CIRCLE('',#997,3.);
#997 = AXIS2_PLACEMENT_3D('',#998,#999,#1000);
#998 = CARTESIAN_POINT('',(-18.,-32.1,4.));
#999 = DIRECTION('',(0.,0.,1.));
#1000 = DIRECTION('',(1.,0.,0.));
#1001 = ORIENTED_EDGE('',*,*,#1002,.F.);
#1002 = EDGE_CURVE('',#1003,#994,#1005,.T.);
#1003 = VERTEX_POINT('',#1004);
#1004 = CARTESIAN_POINT('',(-12.,-35.,4.));
#1005 = LINE('',#1006,#1007);
#1006 = CARTESIAN_POINT('',(-23.,-35.,4.));
#1007 = VECTOR('',#1008,1.);
#1008 = DIRECTION('',(-1.,0.,2.22044604925E-16));
#1009 = ORIENTED_EDGE('',*,*,#1010,.T.);
#1010 = EDGE_CURVE('',#1003,#1011,#1013,.T.);
#1011 = VERTEX_POINT('',#1012);
#1012 = CARTESIAN_POINT('',(-12.,-30.,4.));
#1013 = LINE('',#1014,#1015);
#1014 = CARTESIAN_POINT('',(-12.,-37.69642857142,4.));
#1015 = VECTOR('',#1016,1.);
#1016 = DIRECTION('',(0.,1.,0.));
#1017 = ORIENTED_EDGE('',*,*,#1018,.T.);
#1018 = EDGE_CURVE('',#1011,#1019,#1021,.T.);
#1019 = VERTEX_POINT('',#1020);
#1020 = CARTESIAN_POINT('',(-11.75755076535,-27.6,4.));
#1021 = CIRCLE('',#1022,12.);
#1022 = AXIS2_PLACEMENT_3D('',#1023,#1024,#1025);
#1023 = CARTESIAN_POINT('',(0.,-30.,4.));
#1024 = DIRECTION('',(0.,0.,-1.));
#1025 = DIRECTION('',(1.,0.,0.));
#1026 = ORIENTED_EDGE('',*,*,#1027,.T.);
#1027 = EDGE_CURVE('',#1019,#1028,#1030,.T.);
#1028 = VERTEX_POINT('',#1029);
#1029 = CARTESIAN_POINT('',(11.757550765359,-27.6,4.));
#1030 = CIRCLE('',#1031,30.);
#1031 = AXIS2_PLACEMENT_3D('',#1032,#1033,#1034);
#1032 = CARTESIAN_POINT('',(0.,0.,4.));
#1033 = DIRECTION('',(0.,0.,1.));
#1034 = DIRECTION('',(1.,0.,0.));
#1035 = ORIENTED_EDGE('',*,*,#1036,.T.);
#1036 = EDGE_CURVE('',#1028,#1037,#1039,.T.);
#1037 = VERTEX_POINT('',#1038);
#1038 = CARTESIAN_POINT('',(12.,-30.,4.));
#1039 = CIRCLE('',#1040,12.);
#1040 = AXIS2_PLACEMENT_3D('',#1041,#1042,#1043);
#1041 = CARTESIAN_POINT('',(0.,-30.,4.));
#1042 = DIRECTION('',(0.,0.,-1.));
#1043 = DIRECTION('',(1.,0.,0.));
#1044 = ORIENTED_EDGE('',*,*,#1045,.F.);
#1045 = EDGE_CURVE('',#1046,#1037,#1048,.T.);
#1046 = VERTEX_POINT('',#1047);
#1047 = CARTESIAN_POINT('',(12.,-35.,4.));
#1048 = LINE('',#1049,#1050);
#1049 = CARTESIAN_POINT('',(12.,-37.69642857142,4.));
#1050 = VECTOR('',#1051,1.);
#1051 = DIRECTION('',(0.,1.,0.));
#1052 = ORIENTED_EDGE('',*,*,#1053,.F.);
#1053 = EDGE_CURVE('',#1054,#1046,#1056,.T.);
#1054 = VERTEX_POINT('',#1055);
#1055 = CARTESIAN_POINT('',(17.231885425213,-35.,4.));
#1056 = LINE('',#1057,#1058);
#1057 = CARTESIAN_POINT('',(-23.,-35.,4.));
#1058 = VECTOR('',#1059,1.);
#1059 = DIRECTION('',(-1.,0.,2.22044604925E-16));
#1060 = ORIENTED_EDGE('',*,*,#1061,.T.);
#1061 = EDGE_CURVE('',#1054,#1062,#1064,.T.);
#1062 = VERTEX_POINT('',#1063);
#1063 = CARTESIAN_POINT('',(21.,-32.1,4.));
#1064 = CIRCLE('',#1065,3.);
#1065 = AXIS2_PLACEMENT_3D('',#1066,#1067,#1068);
#1066 = CARTESIAN_POINT('',(18.,-32.1,4.));
#1067 = DIRECTION('',(0.,0.,1.));
#1068 = DIRECTION('',(1.,0.,0.));
#1069 = ORIENTED_EDGE('',*,*,#1070,.T.);
#1070 = EDGE_CURVE('',#1062,#1071,#1073,.T.);
#1071 = VERTEX_POINT('',#1072);
#1072 = CARTESIAN_POINT('',(18.5,-29.14196010845,4.));
#1073 = CIRCLE('',#1074,3.);
#1074 = AXIS2_PLACEMENT_3D('',#1075,#1076,#1077);
#1075 = CARTESIAN_POINT('',(18.,-32.1,4.));
#1076 = DIRECTION('',(0.,0.,1.));
#1077 = DIRECTION('',(1.,0.,0.));
#1078 = ORIENTED_EDGE('',*,*,#1079,.T.);
#1079 = EDGE_CURVE('',#1071,#1080,#1082,.T.);
#1080 = VERTEX_POINT('',#1081);
#1081 = CARTESIAN_POINT('',(18.5,-23.61673135723,4.));
#1082 = LINE('',#1083,#1084);
#1083 = CARTESIAN_POINT('',(18.5,-43.44642857142,4.));
#1084 = VECTOR('',#1085,1.);
#1085 = DIRECTION('',(0.,1.,0.));
#1086 = ORIENTED_EDGE('',*,*,#1087,.T.);
#1087 = EDGE_CURVE('',#1080,#1088,#1090,.T.);
#1088 = VERTEX_POINT('',#1089);
#1089 = CARTESIAN_POINT('',(23.24365415478,-18.96661650197,4.));
#1090 = CIRCLE('',#1091,30.);
#1091 = AXIS2_PLACEMENT_3D('',#1092,#1093,#1094);
#1092 = CARTESIAN_POINT('',(0.,0.,4.));
#1093 = DIRECTION('',(0.,0.,1.));
#1094 = DIRECTION('',(1.,0.,0.));
#1095 = ORIENTED_EDGE('',*,*,#1096,.T.);
#1096 = EDGE_CURVE('',#1088,#1097,#1099,.T.);
#1097 = VERTEX_POINT('',#1098);
#1098 = CARTESIAN_POINT('',(24.346787517318,-19.83012701892,4.));
#1099 = CIRCLE('',#1100,5.);
#1100 = AXIS2_PLACEMENT_3D('',#1101,#1102,#1103);
#1101 = CARTESIAN_POINT('',(26.846787517318,-15.5,4.));
#1102 = DIRECTION('',(0.,0.,1.));
#1103 = DIRECTION('',(-0.5,-0.866025403784,0.));
#1104 = ORIENTED_EDGE('',*,*,#1105,.T.);
#1105 = EDGE_CURVE('',#1097,#725,#1106,.T.);
#1106 = CIRCLE('',#1107,5.);
#1107 = AXIS2_PLACEMENT_3D('',#1108,#1109,#1110);
#1108 = CARTESIAN_POINT('',(26.846787517318,-15.5,4.));
#1109 = DIRECTION('',(0.,0.,1.));
#1110 = DIRECTION('',(-0.5,-0.866025403784,0.));
#1111 = FACE_BOUND('',#1112,.T.);
#1112 = EDGE_LOOP('',(#1113));
#1113 = ORIENTED_EDGE('',*,*,#1114,.T.);
#1114 = EDGE_CURVE('',#1115,#1115,#1117,.T.);
#1115 = VERTEX_POINT('',#1116);
#1116 = CARTESIAN_POINT('',(-20.55063509461,-14.40525588832,4.));
#1117 = CIRCLE('',#1118,2.2);
#1118 = AXIS2_PLACEMENT_3D('',#1119,#1120,#1121);
#1119 = CARTESIAN_POINT('',(-21.65063509461,-12.5,4.));
#1120 = DIRECTION('',(-0.,0.,-1.));
#1121 = DIRECTION('',(0.5,-0.866025403784,-0.));
#1122 = FACE_BOUND('',#1123,.T.);
#1123 = EDGE_LOOP('',(#1124));
#1124 = ORIENTED_EDGE('',*,*,#1125,.T.);
#1125 = EDGE_CURVE('',#1126,#1126,#1128,.T.);
#1126 = VERTEX_POINT('',#1127);
#1127 = CARTESIAN_POINT('',(2.2,-25.,4.));
#1128 = CIRCLE('',#1129,2.2);
#1129 = AXIS2_PLACEMENT_3D('',#1130,#1131,#1132);
#1130 = CARTESIAN_POINT('',(0.,-25.,4.));
#1131 = DIRECTION('',(0.,0.,-1.));
#1132 = DIRECTION('',(1.,0.,0.));
#1133 = FACE_BOUND('',#1134,.T.);
#1134 = EDGE_LOOP('',(#1135));
#1135 = ORIENTED_EDGE('',*,*,#1136,.T.);
#1136 = EDGE_CURVE('',#1137,#1137,#1139,.T.);
#1137 = VERTEX_POINT('',#1138);
#1138 = CARTESIAN_POINT('',(22.750635094611,-10.59474411167,4.));
#1139 = CIRCLE('',#1140,2.2);
#1140 = AXIS2_PLACEMENT_3D('',#1141,#1142,#1143);
#1141 = CARTESIAN_POINT('',(21.650635094611,-12.5,4.));
#1142 = DIRECTION('',(0.,0.,-1.));
#1143 = DIRECTION('',(0.5,0.866025403784,0.));
#1144 = FACE_BOUND('',#1145,.T.);
#1145 = EDGE_LOOP('',(#1146));
#1146 = ORIENTED_EDGE('',*,*,#1147,.T.);
#1147 = EDGE_CURVE('',#1148,#1148,#1150,.T.);
#1148 = VERTEX_POINT('',#1149);
#1149 = CARTESIAN_POINT('',(-22.75063509461,10.594744111674,4.));
#1150 = CIRCLE('',#1151,2.2);
#1151 = AXIS2_PLACEMENT_3D('',#1152,#1153,#1154);
#1152 = CARTESIAN_POINT('',(-21.65063509461,12.5,4.));
#1153 = DIRECTION('',(0.,0.,-1.));
#1154 = DIRECTION('',(-0.5,-0.866025403784,-0.));
#1155 = FACE_BOUND('',#1156,.T.);
#1156 = EDGE_LOOP('',(#1157));
#1157 = ORIENTED_EDGE('',*,*,#1158,.T.);
#1158 = EDGE_CURVE('',#1159,#1159,#1161,.T.);
#1159 = VERTEX_POINT('',#1160);
#1160 = CARTESIAN_POINT('',(20.,-4.898587196589E-15,4.));
#1161 = CIRCLE('',#1162,20.);
#1162 = AXIS2_PLACEMENT_3D('',#1163,#1164,#1165);
#1163 = CARTESIAN_POINT('',(0.,0.,4.));
#1164 = DIRECTION('',(0.,0.,-1.));
#1165 = DIRECTION('',(1.,0.,0.));
#1166 = FACE_BOUND('',#1167,.T.);
#1167 = EDGE_LOOP('',(#1168));
#1168 = ORIENTED_EDGE('',*,*,#1169,.T.);
#1169 = EDGE_CURVE('',#1170,#1170,#1172,.T.);
#1170 = VERTEX_POINT('',#1171);
#1171 = CARTESIAN_POINT('',(20.550635094611,14.405255888326,4.));
#1172 = CIRCLE('',#1173,2.2);
#1173 = AXIS2_PLACEMENT_3D('',#1174,#1175,#1176);
#1174 = CARTESIAN_POINT('',(21.650635094611,12.5,4.));
#1175 = DIRECTION('',(0.,0.,-1.));
#1176 = DIRECTION('',(-0.5,0.866025403784,0.));
#1177 = FACE_BOUND('',#1178,.T.);
#1178 = EDGE_LOOP('',(#1179));
#1179 = ORIENTED_EDGE('',*,*,#1180,.T.);
#1180 = EDGE_CURVE('',#1181,#1181,#1183,.T.);
#1181 = VERTEX_POINT('',#1182);
#1182 = CARTESIAN_POINT('',(-2.2,25.,4.));
#1183 = CIRCLE('',#1184,2.2);
#1184 = AXIS2_PLACEMENT_3D('',#1185,#1186,#1187);
#1185 = CARTESIAN_POINT('',(3.061616997868E-15,25.,4.));
#1186 = DIRECTION('',(0.,0.,-1.));
#1187 = DIRECTION('',(-1.,1.224646799147E-16,0.));
#1188 = PLANE('',#1189);
#1189 = AXIS2_PLACEMENT_3D('',#1190,#1191,#1192);
#1190 = CARTESIAN_POINT('',(-8.771794281982E-15,7.646295677419E-14,4.));
#1191 = DIRECTION('',(0.,0.,1.));
#1192 = DIRECTION('',(1.,0.,0.));
#1193 = ADVANCED_FACE('',(#1194),#1206,.T.);
#1194 = FACE_BOUND('',#1195,.T.);
#1195 = EDGE_LOOP('',(#1196,#1197,#1198,#1205));
#1196 = ORIENTED_EDGE('',*,*,#169,.F.);
#1197 = ORIENTED_EDGE('',*,*,#829,.F.);
#1198 = ORIENTED_EDGE('',*,*,#1199,.F.);
#1199 = EDGE_CURVE('',#505,#821,#1200,.T.);
#1200 = CIRCLE('',#1201,4.974937185533);
#1201 = AXIS2_PLACEMENT_3D('',#1202,#1203,#1204);
#1202 = CARTESIAN_POINT('',(18.54941546148,32.071469970012,0.));
#1203 = DIRECTION('',(-0.5,0.866025403784,0.));
#1204 = DIRECTION('',(0.,0.,1.));
#1205 = ORIENTED_EDGE('',*,*,#504,.F.);
#1206 = PLANE('',#1207);
#1207 = AXIS2_PLACEMENT_3D('',#1208,#1209,#1210);
#1208 = CARTESIAN_POINT('',(44.010562332743,46.771469970012,-50.));
#1209 = DIRECTION('',(-0.5,0.866025403784,0.));
#1210 = DIRECTION('',(0.,0.,1.));
#1211 = ADVANCED_FACE('',(#1212),#1228,.T.);
#1212 = FACE_BOUND('',#1213,.F.);
#1213 = EDGE_LOOP('',(#1214,#1220,#1221,#1227));
#1214 = ORIENTED_EDGE('',*,*,#1215,.T.);
#1215 = EDGE_CURVE('',#727,#203,#1216,.T.);
#1216 = LINE('',#1217,#1218);
#1217 = CARTESIAN_POINT('',(29.702689309722,-4.213104291393,-4.));
#1218 = VECTOR('',#1219,1.);
#1219 = DIRECTION('',(-0.,-0.,-1.));
#1220 = ORIENTED_EDGE('',*,*,#200,.F.);
#1221 = ORIENTED_EDGE('',*,*,#1222,.F.);
#1222 = EDGE_CURVE('',#725,#201,#1223,.T.);
#1223 = LINE('',#1224,#1225);
#1224 = CARTESIAN_POINT('',(28.047398791937,-10.64628672383,-4.));
#1225 = VECTOR('',#1226,1.);
#1226 = DIRECTION('',(0.,0.,-1.));
#1227 = ORIENTED_EDGE('',*,*,#724,.T.);
#1228 = CYLINDRICAL_SURFACE('',#1229,30.);
#1229 = AXIS2_PLACEMENT_3D('',#1230,#1231,#1232);
#1230 = CARTESIAN_POINT('',(0.,0.,-4.));
#1231 = DIRECTION('',(-0.,-0.,-1.));
#1232 = DIRECTION('',(1.,0.,0.));
#1233 = ADVANCED_FACE('',(#1234),#1247,.T.);
#1234 = FACE_BOUND('',#1235,.F.);
#1235 = EDGE_LOOP('',(#1236,#1242,#1243,#1244,#1245,#1246));
#1236 = ORIENTED_EDGE('',*,*,#1237,.F.);
#1237 = EDGE_CURVE('',#1088,#221,#1238,.T.);
#1238 = LINE('',#1239,#1240);
#1239 = CARTESIAN_POINT('',(23.24365415478,-18.96661650197,-4.));
#1240 = VECTOR('',#1241,1.);
#1241 = DIRECTION('',(0.,0.,-1.));
#1242 = ORIENTED_EDGE('',*,*,#1096,.T.);
#1243 = ORIENTED_EDGE('',*,*,#1105,.T.);
#1244 = ORIENTED_EDGE('',*,*,#1222,.T.);
#1245 = ORIENTED_EDGE('',*,*,#211,.F.);
#1246 = ORIENTED_EDGE('',*,*,#220,.F.);
#1247 = CYLINDRICAL_SURFACE('',#1248,5.);
#1248 = AXIS2_PLACEMENT_3D('',#1249,#1250,#1251);
#1249 = CARTESIAN_POINT('',(26.846787517318,-15.5,-4.));
#1250 = DIRECTION('',(0.,0.,-1.));
#1251 = DIRECTION('',(-0.5,-0.866025403784,0.));
#1252 = ADVANCED_FACE('',(#1253),#1265,.F.);
#1253 = FACE_BOUND('',#1254,.F.);
#1254 = EDGE_LOOP('',(#1255,#1256,#1257,#1264));
#1255 = ORIENTED_EDGE('',*,*,#1215,.F.);
#1256 = ORIENTED_EDGE('',*,*,#735,.F.);
#1257 = ORIENTED_EDGE('',*,*,#1258,.F.);
#1258 = EDGE_CURVE('',#590,#736,#1259,.T.);
#1259 = CIRCLE('',#1260,4.974937185533);
#1260 = AXIS2_PLACEMENT_3D('',#1261,#1262,#1263);
#1261 = CARTESIAN_POINT('',(37.04941546148,2.853002998788E-02,0.));
#1262 = DIRECTION('',(-0.5,0.866025403784,0.));
#1263 = DIRECTION('',(0.,0.,1.));
#1264 = ORIENTED_EDGE('',*,*,#598,.F.);
#1265 = PLANE('',#1266);
#1266 = AXIS2_PLACEMENT_3D('',#1267,#1268,#1269);
#1267 = CARTESIAN_POINT('',(62.510562332743,14.728530029988,-50.));
#1268 = DIRECTION('',(-0.5,0.866025403784,0.));
#1269 = DIRECTION('',(0.,0.,1.));
#1270 = ADVANCED_FACE('',(#1271,#1326),#1461,.T.);
#1271 = FACE_BOUND('',#1272,.T.);
#1272 = EDGE_LOOP('',(#1273,#1274,#1275,#1276));
#1273 = ORIENTED_EDGE('',*,*,#743,.F.);
#1274 = ORIENTED_EDGE('',*,*,#1258,.F.);
#1275 = ORIENTED_EDGE('',*,*,#589,.T.);
#1276 = ORIENTED_EDGE('',*,*,#1277,.F.);
#1277 = EDGE_CURVE('',#744,#582,#1278,.T.);
#1278 = B_SPLINE_CURVE_WITH_KNOTS('',6,(#1279,#1280,#1281,#1282,#1283,
    #1284,#1285,#1286,#1287,#1288,#1289,#1290,#1291,#1292,#1293,#1294,
    #1295,#1296,#1297,#1298,#1299,#1300,#1301,#1302,#1303,#1304,#1305,
    #1306,#1307,#1308,#1309,#1310,#1311,#1312,#1313,#1314,#1315,#1316,
    #1317,#1318,#1319,#1320,#1321,#1322,#1323,#1324,#1325),
  .UNSPECIFIED.,.F.,.F.,(7,5,5,5,5,5,5,5,5,7),(0.,4.893628290988E-02,
    0.227098995059,0.310592055533,0.500071659534,0.63343938437,
    0.689553174784,0.773046427284,0.951209915395,1.),.UNSPECIFIED.);
#1279 = CARTESIAN_POINT('',(38.926831845062,2.576749466663,4.));
#1280 = CARTESIAN_POINT('',(38.974935766045,2.613551052024,
    3.954954992294));
#1281 = CARTESIAN_POINT('',(39.022464332164,2.649793244084,3.90880256935
    ));
#1282 = CARTESIAN_POINT('',(39.069390397182,2.685466426304,
    3.861560460043));
#1283 = CARTESIAN_POINT('',(39.115687849279,2.720560943672,
    3.813247223115));
#1284 = CARTESIAN_POINT('',(39.161331611047,2.755067102707,
    3.763882247168));
#1285 = CARTESIAN_POINT('',(39.370005814813,2.912424545457,
    3.530006827351));
#1286 = CARTESIAN_POINT('',(39.524734650062,3.027949793795,
    3.332850575747));
#1287 = CARTESIAN_POINT('',(39.669311969128,3.135075738558,
    3.123000475694));
#1288 = CARTESIAN_POINT('',(39.802745664744,3.233348281472,
    2.901570198168));
#1289 = CARTESIAN_POINT('',(39.924174127039,3.322355463737,
    2.669782460904));
#1290 = CARTESIAN_POINT('',(40.08382194935,3.438944204291,2.316132207419
    ));
#1291 = CARTESIAN_POINT('',(40.131971182089,3.474034652159,
    2.201302779286));
#1292 = CARTESIAN_POINT('',(40.177253322252,3.50697625458,2.084628968043
    ));
#1293 = CARTESIAN_POINT('',(40.219602118474,3.537735889972,
    1.966251620775));
#1294 = CARTESIAN_POINT('',(40.25895856434,3.566283719103,1.846315430094
    ));
#1295 = CARTESIAN_POINT('',(40.377678306087,3.652300029811,
    1.449584538458));
#1296 = CARTESIAN_POINT('',(40.444411476664,3.700481623665,
    1.166924662528));
#1297 = CARTESIAN_POINT('',(40.494856738799,3.736822489977,
    0.878743899154));
#1298 = CARTESIAN_POINT('',(40.528616277187,3.761116127497,
    0.586847106432));
#1299 = CARTESIAN_POINT('',(40.545478511526,3.77325036511,0.293078958087
    ));
#1300 = CARTESIAN_POINT('',(40.545423430451,3.773210728213,
    -0.207436764181));
#1301 = CARTESIAN_POINT('',(40.537030611376,3.767171182441,
    -0.414199612588));
#1302 = CARTESIAN_POINT('',(40.520268008853,3.755108597802,
    -0.62031014719));
#1303 = CARTESIAN_POINT('',(40.495185811672,3.737049352029,
    -0.825122142013));
#1304 = CARTESIAN_POINT('',(40.461884184836,3.713045763416,
    -1.02799687625));
#1305 = CARTESIAN_POINT('',(40.403106766068,3.670608146121,
    -1.312582148009));
#1306 = CARTESIAN_POINT('',(40.384271671662,3.657001954111,
    -1.396406169046));
#1307 = CARTESIAN_POINT('',(40.364019203543,3.642362991486,
    -1.479729328497));
#1308 = CARTESIAN_POINT('',(40.342362031252,3.626697790404,
    -1.562505488745));
#1309 = CARTESIAN_POINT('',(40.319314345807,3.610013634276,
    -1.644689071656));
#1310 = CARTESIAN_POINT('',(40.258552970758,3.565989566621,
    -1.847569575931));
#1311 = CARTESIAN_POINT('',(40.219170315034,3.537422385193,
    -1.967492750918));
#1312 = CARTESIAN_POINT('',(40.176795692823,3.506643589175,
    -2.085856061059));
#1313 = CARTESIAN_POINT('',(40.131488148983,3.473683035621,
    -2.202514831656));
#1314 = CARTESIAN_POINT('',(40.083313972938,3.438573862953,
    -2.317328235798));
#1315 = CARTESIAN_POINT('',(39.923589319025,3.321927037178,
    -2.670925755828));
#1316 = CARTESIAN_POINT('',(39.80211068539,3.232881314677,
    -2.902673329179));
#1317 = CARTESIAN_POINT('',(39.668629405738,3.134571450854,
    -3.124059242072));
#1318 = CARTESIAN_POINT('',(39.524007455254,3.027409530096,
    -3.33386103021));
#1319 = CARTESIAN_POINT('',(39.369237304766,2.91184974791,
    -3.530965312453));
#1320 = CARTESIAN_POINT('',(39.160649763796,2.754551626072,
    -3.764619526251));
#1321 = CARTESIAN_POINT('',(39.115134573454,2.720141542683,
    -3.813824495974));
#1322 = CARTESIAN_POINT('',(39.068969815823,2.685146697218,
    -3.861983828825));
#1323 = CARTESIAN_POINT('',(39.022180349971,2.649576696388,
    -3.909078314457));
#1324 = CARTESIAN_POINT('',(38.974792058004,2.613441109141,
    -3.955089561986));
#1325 = CARTESIAN_POINT('',(38.926831845062,2.576749466663,-4.));
#1326 = FACE_BOUND('',#1327,.T.);
#1327 = EDGE_LOOP('',(#1328));
#1328 = ORIENTED_EDGE('',*,*,#1329,.T.);
#1329 = EDGE_CURVE('',#1330,#1330,#1332,.T.);
#1330 = VERTEX_POINT('',#1331);
#1331 = CARTESIAN_POINT('',(39.089128346293,-3.70435631936,-1.55));
#1332 = B_SPLINE_CURVE_WITH_KNOTS('',7,(#1333,#1334,#1335,#1336,#1337,
    #1338,#1339,#1340,#1341,#1342,#1343,#1344,#1345,#1346,#1347,#1348,
    #1349,#1350,#1351,#1352,#1353,#1354,#1355,#1356,#1357,#1358,#1359,
    #1360,#1361,#1362,#1363,#1364,#1365,#1366,#1367,#1368,#1369,#1370,
    #1371,#1372,#1373,#1374,#1375,#1376,#1377,#1378,#1379,#1380,#1381,
    #1382,#1383,#1384,#1385,#1386,#1387,#1388,#1389,#1390,#1391,#1392,
    #1393,#1394,#1395,#1396,#1397,#1398,#1399,#1400,#1401,#1402,#1403,
    #1404,#1405,#1406,#1407,#1408,#1409,#1410,#1411,#1412,#1413,#1414,
    #1415,#1416,#1417,#1418,#1419,#1420,#1421,#1422,#1423,#1424,#1425,
    #1426,#1427,#1428,#1429,#1430,#1431,#1432,#1433,#1434,#1435,#1436,
    #1437,#1438,#1439,#1440,#1441,#1442,#1443,#1444,#1445,#1446,#1447,
    #1448,#1449,#1450,#1451,#1452,#1453,#1454,#1455,#1456,#1457,#1458,
    #1459,#1460),.UNSPECIFIED.,.T.,.F.,(8,6,6,6,6,6,6,6,6,6,6,6,6,6,6,6,
    6,6,6,6,6,8),(0.,5.835164778387E-02,7.796227878381E-02,
    9.053043331597E-02,0.105106801295,0.118675464272,0.250250948939,
    0.381324736386,0.394893404252,0.409469777483,0.422037936544,
    0.44164857461,0.500000581366,0.557849621931,0.618675519815,
    0.750250820501,0.881324423998,0.895395631987,0.909972053217,
    0.922540257817,0.942150968163,1.),.UNSPECIFIED.);
#1333 = CARTESIAN_POINT('',(39.089128346293,-3.70435631936,-1.55));
#1334 = CARTESIAN_POINT('',(39.018050276707,-3.74342312577,-1.55));
#1335 = CARTESIAN_POINT('',(38.946971930058,-3.782489269315,
    -1.545050598958));
#1336 = CARTESIAN_POINT('',(38.876210364733,-3.821380482823,
    -1.535152494488));
#1337 = CARTESIAN_POINT('',(38.806080001247,-3.859923971688,
    -1.520337801817));
#1338 = CARTESIAN_POINT('',(38.736891618352,-3.897948964082,
    -1.500670489621));
#1339 = CARTESIAN_POINT('',(38.668951349138,-3.935287261173,
    -1.476246815845));
#1340 = CARTESIAN_POINT('',(38.580246981096,-3.984036059748,
    -1.437432380857));
#1341 = CARTESIAN_POINT('',(38.55810893895,-3.996202267591,
    -1.427146257631));
#1342 = CARTESIAN_POINT('',(38.536156840252,-4.008266208785,
    -1.416342242632));
#1343 = CARTESIAN_POINT('',(38.514401831922,-4.020221759834,
    -1.405025573829));
#1344 = CARTESIAN_POINT('',(38.492854918254,-4.032062875826,
    -1.39320187838));
#1345 = CARTESIAN_POINT('',(38.471526960915,-4.043783590428,
    -1.380877172635));
#1346 = CARTESIAN_POINT('',(38.436907111579,-4.062808706461,
    -1.359842161402));
#1347 = CARTESIAN_POINT('',(38.423479874526,-4.070187528626,
    -1.351423307738));
#1348 = CARTESIAN_POINT('',(38.410149786607,-4.077512934062,
    -1.342802986298));
#1349 = CARTESIAN_POINT('',(38.396919636555,-4.084783391006,
    -1.33398294524));
#1350 = CARTESIAN_POINT('',(38.383792183023,-4.091997384254,
    -1.324964995719));
#1351 = CARTESIAN_POINT('',(38.370770154577,-4.099153415164,
    -1.315751011888));
#1352 = CARTESIAN_POINT('',(38.342878885361,-4.114480522351,
    -1.295431571545));
#1353 = CARTESIAN_POINT('',(38.328046954821,-4.122631086119,
    -1.284259129204));
#1354 = CARTESIAN_POINT('',(38.313364668843,-4.130699380288,
    -1.272828626813));
#1355 = CARTESIAN_POINT('',(38.298836174698,-4.138683127114,
    -1.261143195938));
#1356 = CARTESIAN_POINT('',(38.284465556172,-4.146580083779,
    -1.249206076769));
#1357 = CARTESIAN_POINT('',(38.270256833567,-4.154388042391,
    -1.237020618127));
#1358 = CARTESIAN_POINT('',(38.243141916614,-4.169288134507,
    -1.21301928093));
#1359 = CARTESIAN_POINT('',(38.230213579963,-4.176392439867,
    -1.201236088211));
#1360 = CARTESIAN_POINT('',(38.217432144845,-4.1834159936,
    -1.189243488025));
#1361 = CARTESIAN_POINT('',(38.204800747953,-4.190357073162,
    -1.177044345558));
#1362 = CARTESIAN_POINT('',(38.192322471576,-4.197213985923,
    -1.164641602455));
#1363 = CARTESIAN_POINT('',(38.180000343594,-4.203985069168,
    -1.152038276821));
#1364 = CARTESIAN_POINT('',(38.049892523988,-4.275479840978,
    -1.015107822978));
#1365 = CARTESIAN_POINT('',(37.946833576419,-4.332108872275,
    -0.872326659003));
#1366 = CARTESIAN_POINT('',(37.861547855215,-4.378970196795,
    -0.71382559945));
#1367 = CARTESIAN_POINT('',(37.796130777563,-4.414913546047,
    -0.543120471939));
#1368 = CARTESIAN_POINT('',(37.752055957763,-4.439130120755,
    -0.364035663023));
#1369 = CARTESIAN_POINT('',(37.730174093196,-4.451152946932,
    -0.180711759498));
#1370 = CARTESIAN_POINT('',(37.730680077212,-4.450874937817,
    0.184907311685));
#1371 = CARTESIAN_POINT('',(37.75289977757,-4.438666490306,
    0.367451051814));
#1372 = CARTESIAN_POINT('',(37.797131018556,-4.41436396452,
    0.545725588459));
#1373 = CARTESIAN_POINT('',(37.862525351791,-4.378433098789,
    0.715640105854));
#1374 = CARTESIAN_POINT('',(37.947620619543,-4.331676406232,
    0.873416220777));
#1375 = CARTESIAN_POINT('',(38.050342289806,-4.275232692847,
    1.015581173755));
#1376 = CARTESIAN_POINT('',(38.180000343594,-4.203985069168,
    1.152038276821));
#1377 = CARTESIAN_POINT('',(38.192322471576,-4.197213985923,
    1.164641602455));
#1378 = CARTESIAN_POINT('',(38.204800747953,-4.190357073162,
    1.177044345558));
#1379 = CARTESIAN_POINT('',(38.217432144845,-4.1834159936,1.189243488025
    ));
#1380 = CARTESIAN_POINT('',(38.230213579963,-4.176392439867,
    1.201236088211));
#1381 = CARTESIAN_POINT('',(38.243141916614,-4.169288134507,
    1.21301928093));
#1382 = CARTESIAN_POINT('',(38.270256833567,-4.154388042391,
    1.237020618127));
#1383 = CARTESIAN_POINT('',(38.284465556172,-4.146580083779,
    1.249206076769));
#1384 = CARTESIAN_POINT('',(38.298836174698,-4.138683127114,
    1.261143195938));
#1385 = CARTESIAN_POINT('',(38.313364668843,-4.130699380288,
    1.272828626813));
#1386 = CARTESIAN_POINT('',(38.328046954821,-4.122631086119,
    1.284259129204));
#1387 = CARTESIAN_POINT('',(38.342878885361,-4.114480522351,
    1.295431571545));
#1388 = CARTESIAN_POINT('',(38.370770154577,-4.099153415164,
    1.315751011888));
#1389 = CARTESIAN_POINT('',(38.383792183023,-4.091997384254,
    1.324964995719));
#1390 = CARTESIAN_POINT('',(38.396919636555,-4.084783391006,
    1.33398294524));
#1391 = CARTESIAN_POINT('',(38.410149786607,-4.077512934062,
    1.342802986298));
#1392 = CARTESIAN_POINT('',(38.423479874526,-4.070187528626,
    1.351423307738));
#1393 = CARTESIAN_POINT('',(38.436907111579,-4.062808706461,
    1.359842161402));
#1394 = CARTESIAN_POINT('',(38.471526960915,-4.043783590428,
    1.380877172635));
#1395 = CARTESIAN_POINT('',(38.492854918254,-4.032062875826,
    1.39320187838));
#1396 = CARTESIAN_POINT('',(38.514401831922,-4.020221759834,
    1.405025573829));
#1397 = CARTESIAN_POINT('',(38.536156840252,-4.008266208785,
    1.416342242632));
#1398 = CARTESIAN_POINT('',(38.55810893895,-3.996202267591,
    1.427146257631));
#1399 = CARTESIAN_POINT('',(38.580246981096,-3.984036059748,
    1.437432380857));
#1400 = CARTESIAN_POINT('',(38.668951733648,-3.93528704986,
    1.476246984095));
#1401 = CARTESIAN_POINT('',(38.736891852831,-3.897948835211,
    1.500670528475));
#1402 = CARTESIAN_POINT('',(38.806080227663,-3.859923847254,
    1.520337874438));
#1403 = CARTESIAN_POINT('',(38.876211013338,-3.821380126363,
    1.535152704392));
#1404 = CARTESIAN_POINT('',(38.946973257062,-3.782488539985,
    1.545050810536));
#1405 = CARTESIAN_POINT('',(39.018051827844,-3.743422273215,1.55));
#1406 = CARTESIAN_POINT('',(39.15959221939,-3.66562709521,1.55));
#1407 = CARTESIAN_POINT('',(39.230057401581,-3.626896350408,
    1.54513576793));
#1408 = CARTESIAN_POINT('',(39.300213721195,-3.588334566111,
    1.535407554636));
#1409 = CARTESIAN_POINT('',(39.369754137403,-3.550110524624,
    1.520846448749));
#1410 = CARTESIAN_POINT('',(39.438375625979,-3.512390820803,
    1.501514469388));
#1411 = CARTESIAN_POINT('',(39.505780065053,-3.475339373466,
    1.477504658883));
#1412 = CARTESIAN_POINT('',(39.64096107441,-3.401030527554,
    1.418907842035));
#1413 = CARTESIAN_POINT('',(39.708582165835,-3.36385852206,
    1.383838422073));
#1414 = CARTESIAN_POINT('',(39.774198109653,-3.327788042278,
    1.343878024062));
#1415 = CARTESIAN_POINT('',(39.837483842699,-3.292997863035,
    1.299206565036));
#1416 = CARTESIAN_POINT('',(39.898130972852,-3.259657610206,
    1.250038310719));
#1417 = CARTESIAN_POINT('',(39.955849227736,-3.227926958915,
    1.196621415633));
#1418 = CARTESIAN_POINT('',(40.128299761359,-3.13312074317,
    1.015107593277));
#1419 = CARTESIAN_POINT('',(40.231345333267,-3.076468309075,
    0.872326193665));
#1420 = CARTESIAN_POINT('',(40.316618460764,-3.029585232619,
    0.713824970501));
#1421 = CARTESIAN_POINT('',(40.382025019941,-2.993623914982,
    0.543119820079));
#1422 = CARTESIAN_POINT('',(40.426092452057,-2.969394827293,
    0.364035149845));
#1423 = CARTESIAN_POINT('',(40.447970650698,-2.957365791774,
    0.180711503917));
#1424 = CARTESIAN_POINT('',(40.44746475074,-2.957643944867,
    -0.184907056146));
#1425 = CARTESIAN_POINT('',(40.425248772425,-2.969858697861,
    -0.367450540526));
#1426 = CARTESIAN_POINT('',(40.381024938401,-2.994173771826,
    -0.545724940237));
#1427 = CARTESIAN_POINT('',(40.315641107247,-3.030122580487,
    -0.715639481114));
#1428 = CARTESIAN_POINT('',(40.230558391163,-3.076900954354,
    -0.873415758845));
#1429 = CARTESIAN_POINT('',(40.127850044132,-3.133367979218,
    -1.015580945786));
#1430 = CARTESIAN_POINT('',(39.997755786325,-3.204888455343,
    -1.152512421178));
#1431 = CARTESIAN_POINT('',(39.984972537233,-3.211916134992,
    -1.165574990862));
#1432 = CARTESIAN_POINT('',(39.972021471215,-3.219036046925,
    -1.178421720666));
#1433 = CARTESIAN_POINT('',(39.958905966142,-3.226246332899,
    -1.191049247532));
#1434 = CARTESIAN_POINT('',(39.945629462695,-3.233545100161,
    -1.203454296957));
#1435 = CARTESIAN_POINT('',(39.932195464368,-3.240930421446,
    -1.215633682988));
#1436 = CARTESIAN_POINT('',(39.904531749061,-3.2561384486,
    -1.239964009205));
#1437 = CARTESIAN_POINT('',(39.890290776399,-3.263967340092,
    -1.252098230705));
#1438 = CARTESIAN_POINT('',(39.875888584239,-3.271884828494,
    -1.263983529685));
#1439 = CARTESIAN_POINT('',(39.861329200537,-3.279888698137,
    -1.275616571962));
#1440 = CARTESIAN_POINT('',(39.846616716438,-3.287976698652,
    -1.286994132213));
#1441 = CARTESIAN_POINT('',(39.831755286278,-3.296146544966,
    -1.298113093969));
#1442 = CARTESIAN_POINT('',(39.803810391131,-3.311508760555,
    -1.318331970192));
#1443 = CARTESIAN_POINT('',(39.790764055358,-3.318680727921,
    -1.327499004561));
#1444 = CARTESIAN_POINT('',(39.777612823087,-3.325910332763,
    -1.336469625396));
#1445 = CARTESIAN_POINT('',(39.764359427061,-3.33319607202,
    -1.345241968467));
#1446 = CARTESIAN_POINT('',(39.751006629942,-3.340536426211,
    -1.353814232649));
#1447 = CARTESIAN_POINT('',(39.737557224312,-3.347929859429,
    -1.362184679916));
#1448 = CARTESIAN_POINT('',(39.702882008104,-3.366991510609,
    -1.383094887263));
#1449 = CARTESIAN_POINT('',(39.681521633344,-3.378733659105,
    -1.395342709191));
#1450 = CARTESIAN_POINT('',(39.65994364141,-3.390595361858,
    -1.407088734528));
#1451 = CARTESIAN_POINT('',(39.638158906994,-3.402570638201,
    -1.418326986314));
#1452 = CARTESIAN_POINT('',(39.616178446462,-3.414653429781,
    -1.429051877238));
#1453 = CARTESIAN_POINT('',(39.594013417852,-3.426837600557,
    -1.439258209633));
#1454 = CARTESIAN_POINT('',(39.505780065053,-3.475339373466,
    -1.477504658883));
#1455 = CARTESIAN_POINT('',(39.438375625978,-3.512390820803,
    -1.501514469388));
#1456 = CARTESIAN_POINT('',(39.369754137403,-3.550110524624,
    -1.520846448749));
#1457 = CARTESIAN_POINT('',(39.300213721195,-3.588334566111,
    -1.535407554636));
#1458 = CARTESIAN_POINT('',(39.230057401581,-3.626896350408,
    -1.54513576793));
#1459 = CARTESIAN_POINT('',(39.15959221939,-3.66562709521,-1.55));
#1460 = CARTESIAN_POINT('',(39.089128346293,-3.70435631936,-1.55));
#1461 = SPHERICAL_SURFACE('',#1462,5.);
#1462 = AXIS2_PLACEMENT_3D('',#1463,#1464,#1465);
#1463 = CARTESIAN_POINT('',(36.79941546148,0.46154273188,0.));
#1464 = DIRECTION('',(0.,0.,1.));
#1465 = DIRECTION('',(-0.5,0.866025403784,0.));
#1466 = ADVANCED_FACE('',(#1467),#1478,.T.);
#1467 = FACE_BOUND('',#1468,.F.);
#1468 = EDGE_LOOP('',(#1469,#1470,#1471,#1477));
#1469 = ORIENTED_EDGE('',*,*,#1237,.T.);
#1470 = ORIENTED_EDGE('',*,*,#229,.F.);
#1471 = ORIENTED_EDGE('',*,*,#1472,.F.);
#1472 = EDGE_CURVE('',#1080,#230,#1473,.T.);
#1473 = LINE('',#1474,#1475);
#1474 = CARTESIAN_POINT('',(18.5,-23.61673135723,-4.));
#1475 = VECTOR('',#1476,1.);
#1476 = DIRECTION('',(-0.,-0.,-1.));
#1477 = ORIENTED_EDGE('',*,*,#1087,.T.);
#1478 = CYLINDRICAL_SURFACE('',#1479,30.);
#1479 = AXIS2_PLACEMENT_3D('',#1480,#1481,#1482);
#1480 = CARTESIAN_POINT('',(0.,0.,-4.));
#1481 = DIRECTION('',(-0.,-0.,-1.));
#1482 = DIRECTION('',(1.,0.,0.));
#1483 = ADVANCED_FACE('',(#1484),#1496,.T.);
#1484 = FACE_BOUND('',#1485,.F.);
#1485 = EDGE_LOOP('',(#1486,#1493,#1494,#1495));
#1486 = ORIENTED_EDGE('',*,*,#1487,.F.);
#1487 = EDGE_CURVE('',#574,#753,#1488,.T.);
#1488 = CIRCLE('',#1489,5.);
#1489 = AXIS2_PLACEMENT_3D('',#1490,#1491,#1492);
#1490 = CARTESIAN_POINT('',(33.712812921102,5.607695154587,
    -2.442490654175E-15));
#1491 = DIRECTION('',(0.5,-0.866025403784,2.22044604925E-16));
#1492 = DIRECTION('',(1.110223024625E-16,-1.922962686384E-16,-1.));
#1493 = ORIENTED_EDGE('',*,*,#581,.T.);
#1494 = ORIENTED_EDGE('',*,*,#1277,.F.);
#1495 = ORIENTED_EDGE('',*,*,#752,.F.);
#1496 = CYLINDRICAL_SURFACE('',#1497,5.);
#1497 = AXIS2_PLACEMENT_3D('',#1498,#1499,#1500);
#1498 = CARTESIAN_POINT('',(39.212812921102,-3.918584287042,0.));
#1499 = DIRECTION('',(0.5,-0.866025403784,2.22044604925E-16));
#1500 = DIRECTION('',(1.110223024625E-16,-1.922962686384E-16,-1.));
#1501 = ADVANCED_FACE('',(#1502),#1514,.T.);
#1502 = FACE_BOUND('',#1503,.T.);
#1503 = EDGE_LOOP('',(#1504,#1505,#1506,#1513));
#1504 = ORIENTED_EDGE('',*,*,#1472,.F.);
#1505 = ORIENTED_EDGE('',*,*,#1079,.F.);
#1506 = ORIENTED_EDGE('',*,*,#1507,.F.);
#1507 = EDGE_CURVE('',#239,#1071,#1508,.T.);
#1508 = CIRCLE('',#1509,4.974937185533);
#1509 = AXIS2_PLACEMENT_3D('',#1510,#1511,#1512);
#1510 = CARTESIAN_POINT('',(18.5,-32.1,0.));
#1511 = DIRECTION('',(1.,0.,-0.));
#1512 = DIRECTION('',(0.,0.,1.));
#1513 = ORIENTED_EDGE('',*,*,#238,.F.);
#1514 = PLANE('',#1515);
#1515 = AXIS2_PLACEMENT_3D('',#1516,#1517,#1518);
#1516 = CARTESIAN_POINT('',(18.5,-61.5,-50.));
#1517 = DIRECTION('',(1.,0.,0.));
#1518 = DIRECTION('',(0.,0.,1.));
#1519 = ADVANCED_FACE('',(#1520),#1579,.T.);
#1520 = FACE_BOUND('',#1521,.T.);
#1521 = EDGE_LOOP('',(#1522,#1530,#1531,#1532,#1533,#1541,#1549,#1557,
    #1565,#1573));
#1522 = ORIENTED_EDGE('',*,*,#1523,.T.);
#1523 = EDGE_CURVE('',#1524,#761,#1526,.T.);
#1524 = VERTEX_POINT('',#1525);
#1525 = CARTESIAN_POINT('',(31.980762113533,4.607695154587,
    2.145299461621));
#1526 = LINE('',#1527,#1528);
#1527 = CARTESIAN_POINT('',(31.980762113533,4.607695154587,-50.));
#1528 = VECTOR('',#1529,1.);
#1529 = DIRECTION('',(0.,0.,1.));
#1530 = ORIENTED_EDGE('',*,*,#760,.F.);
#1531 = ORIENTED_EDGE('',*,*,#1487,.F.);
#1532 = ORIENTED_EDGE('',*,*,#573,.F.);
#1533 = ORIENTED_EDGE('',*,*,#1534,.T.);
#1534 = EDGE_CURVE('',#565,#1535,#1537,.T.);
#1535 = VERTEX_POINT('',#1536);
#1536 = CARTESIAN_POINT('',(31.980762113533,4.607695154587,
    -2.145299461621));
#1537 = LINE('',#1538,#1539);
#1538 = CARTESIAN_POINT('',(31.980762113533,4.607695154587,-50.));
#1539 = VECTOR('',#1540,1.);
#1540 = DIRECTION('',(0.,0.,1.));
#1541 = ORIENTED_EDGE('',*,*,#1542,.T.);
#1542 = EDGE_CURVE('',#1535,#1543,#1545,.T.);
#1543 = VERTEX_POINT('',#1544);
#1544 = CARTESIAN_POINT('',(33.712812921102,5.607695154587,-3.3));
#1545 = LINE('',#1546,#1547);
#1546 = CARTESIAN_POINT('',(48.314734396647,14.038118449178,
    -13.03461431703));
#1547 = VECTOR('',#1548,1.);
#1548 = DIRECTION('',(0.75,0.433012701892,-0.5));
#1549 = ORIENTED_EDGE('',*,*,#1550,.T.);
#1550 = EDGE_CURVE('',#1543,#1551,#1553,.T.);
#1551 = VERTEX_POINT('',#1552);
#1552 = CARTESIAN_POINT('',(36.187812921102,7.036637070831,-1.65));
#1553 = LINE('',#1554,#1555);
#1554 = CARTESIAN_POINT('',(32.039734396647,4.641742818117,
    -4.41538568297));
#1555 = VECTOR('',#1556,1.);
#1556 = DIRECTION('',(0.75,0.433012701892,0.5));
#1557 = ORIENTED_EDGE('',*,*,#1558,.T.);
#1558 = EDGE_CURVE('',#1551,#1559,#1561,.T.);
#1559 = VERTEX_POINT('',#1560);
#1560 = CARTESIAN_POINT('',(36.187812921102,7.036637070831,1.65));
#1561 = LINE('',#1562,#1563);
#1562 = CARTESIAN_POINT('',(36.187812921102,7.036637070831,-24.175));
#1563 = VECTOR('',#1564,1.);
#1564 = DIRECTION('',(-3.496295793425E-16,-2.0185873175E-16,1.));
#1565 = ORIENTED_EDGE('',*,*,#1566,.T.);
#1566 = EDGE_CURVE('',#1559,#1567,#1569,.T.);
#1567 = VERTEX_POINT('',#1568);
#1568 = CARTESIAN_POINT('',(33.712812921102,5.607695154587,3.3));
#1569 = LINE('',#1570,#1571);
#1570 = CARTESIAN_POINT('',(49.552234396647,14.752589407301,
    -7.25961431703));
#1571 = VECTOR('',#1572,1.);
#1572 = DIRECTION('',(-0.75,-0.433012701892,0.5));
#1573 = ORIENTED_EDGE('',*,*,#1574,.T.);
#1574 = EDGE_CURVE('',#1567,#1524,#1575,.T.);
#1575 = LINE('',#1576,#1577);
#1576 = CARTESIAN_POINT('',(28.327234396647,2.498329943751,
    -0.29038568297));
#1577 = VECTOR('',#1578,1.);
#1578 = DIRECTION('',(-0.75,-0.433012701892,-0.5));
#1579 = PLANE('',#1580);
#1580 = AXIS2_PLACEMENT_3D('',#1581,#1582,#1583);
#1581 = CARTESIAN_POINT('',(49.301270189222,14.607695154587,-50.));
#1582 = DIRECTION('',(-0.5,0.866025403784,0.));
#1583 = DIRECTION('',(0.,0.,1.));
#1584 = ADVANCED_FACE('',(#1585),#1704,.T.);
#1585 = FACE_BOUND('',#1586,.T.);
#1586 = EDGE_LOOP('',(#1587,#1588,#1597,#1682,#1695,#1702,#1703));
#1587 = ORIENTED_EDGE('',*,*,#1070,.F.);
#1588 = ORIENTED_EDGE('',*,*,#1589,.F.);
#1589 = EDGE_CURVE('',#1590,#1062,#1592,.T.);
#1590 = VERTEX_POINT('',#1591);
#1591 = CARTESIAN_POINT('',(22.754734482597,-32.1,1.546770829826));
#1592 = CIRCLE('',#1593,5.);
#1593 = AXIS2_PLACEMENT_3D('',#1594,#1595,#1596);
#1594 = CARTESIAN_POINT('',(18.,-32.1,0.));
#1595 = DIRECTION('',(-2.449293598295E-16,-1.,0.));
#1596 = DIRECTION('',(1.,-2.449293598295E-16,0.));
#1597 = ORIENTED_EDGE('',*,*,#1598,.F.);
#1598 = EDGE_CURVE('',#1599,#1590,#1601,.T.);
#1599 = VERTEX_POINT('',#1600);
#1600 = CARTESIAN_POINT('',(22.752630850382,-32.,-1.55));
#1601 = B_SPLINE_CURVE_WITH_KNOTS('',7,(#1602,#1603,#1604,#1605,#1606,
    #1607,#1608,#1609,#1610,#1611,#1612,#1613,#1614,#1615,#1616,#1617,
    #1618,#1619,#1620,#1621,#1622,#1623,#1624,#1625,#1626,#1627,#1628,
    #1629,#1630,#1631,#1632,#1633,#1634,#1635,#1636,#1637,#1638,#1639,
    #1640,#1641,#1642,#1643,#1644,#1645,#1646,#1647,#1648,#1649,#1650,
    #1651,#1652,#1653,#1654,#1655,#1656,#1657,#1658,#1659,#1660,#1661,
    #1662,#1663,#1664,#1665,#1666,#1667,#1668,#1669,#1670,#1671,#1672,
    #1673,#1674,#1675,#1676,#1677,#1678,#1679,#1680,#1681),
  .UNSPECIFIED.,.F.,.F.,(8,6,6,6,6,6,6,6,6,6,6,6,6,8),(0.,0.114350424399
    ,0.152780941149,0.177410473634,0.205975457279,0.232565663877,
    0.490411210378,0.747273592013,0.773863808192,0.80242880213,
    0.82705834349,0.865488874088,0.979840001955,1.),.UNSPECIFIED.);
#1602 = CARTESIAN_POINT('',(22.752630850382,-32.,-1.55));
#1603 = CARTESIAN_POINT('',(22.750924662385,-31.91891118288,-1.55));
#1604 = CARTESIAN_POINT('',(22.749217761798,-31.83782245725,
    -1.545050598958));
#1605 = CARTESIAN_POINT('',(22.747517758017,-31.75709553731,
    -1.535152494488));
#1606 = CARTESIAN_POINT('',(22.745832216782,-31.67708911652,
    -1.520337801818));
#1607 = CARTESIAN_POINT('',(22.744168634726,-31.59815772309,
    -1.500670489621));
#1608 = CARTESIAN_POINT('',(22.742534413934,-31.52065057547,
    -1.476246815845));
#1609 = CARTESIAN_POINT('',(22.740399927883,-31.41945594003,
    -1.437432380857));
#1610 = CARTESIAN_POINT('',(22.73986715187,-31.39420072922,
    -1.427146257631));
#1611 = CARTESIAN_POINT('',(22.739338782064,-31.36915768348,
    -1.416342242632));
#1612 = CARTESIAN_POINT('',(22.738815088825,-31.34433951808,
    -1.405025573829));
#1613 = CARTESIAN_POINT('',(22.738296339249,-31.31975878548,
    -1.39320187838));
#1614 = CARTESIAN_POINT('',(22.737782797174,-31.29542787531,
    -1.380877172635));
#1615 = CARTESIAN_POINT('',(22.736949106301,-31.2559336483,
    -1.359842161402));
#1616 = CARTESIAN_POINT('',(22.73662573522,-31.24061590882,
    -1.351423307738));
#1617 = CARTESIAN_POINT('',(22.736304678461,-31.22540901133,
    -1.342802986298));
#1618 = CARTESIAN_POINT('',(22.735986003845,-31.21031613682,
    -1.33398294524));
#1619 = CARTESIAN_POINT('',(22.735669778495,-31.19534043195,
    -1.324964995719));
#1620 = CARTESIAN_POINT('',(22.735356068831,-31.18048500905,
    -1.315751011888));
#1621 = CARTESIAN_POINT('',(22.734684098413,-31.14866690777,
    -1.295431571545));
#1622 = CARTESIAN_POINT('',(22.734326728421,-31.13174679725,
    -1.284259129204));
#1623 = CARTESIAN_POINT('',(22.733972933147,-31.11499741753,
    -1.272828626813));
#1624 = CARTESIAN_POINT('',(22.733622813643,-31.09842349911,
    -1.261143195938));
#1625 = CARTESIAN_POINT('',(22.733276469465,-31.08202970006,
    -1.249206076769));
#1626 = CARTESIAN_POINT('',(22.732933998672,-31.06582060602,
    -1.237020618127));
#1627 = CARTESIAN_POINT('',(22.732280398487,-31.03488835306,
    -1.21301928093));
#1628 = CARTESIAN_POINT('',(22.731968739079,-31.02013993242,
    -1.201236088211));
#1629 = CARTESIAN_POINT('',(22.731660597478,-31.00555910804,
    -1.189243488025));
#1630 = CARTESIAN_POINT('',(22.731356050263,-30.99114945766,
    -1.177044345558));
#1631 = CARTESIAN_POINT('',(22.731055172717,-30.97691449695,
    -1.164641602455));
#1632 = CARTESIAN_POINT('',(22.730758038827,-30.96285767946,
    -1.152038276821));
#1633 = CARTESIAN_POINT('',(22.727620417649,-30.81443361655,
    -1.015107822978));
#1634 = CARTESIAN_POINT('',(22.72513312356,-30.69686743422,
    -0.872326659003));
#1635 = CARTESIAN_POINT('',(22.723073360447,-30.59957717081,
    -0.71382559945));
#1636 = CARTESIAN_POINT('',(22.72149267517,-30.5249526451,
    -0.543120471939));
#1637 = CARTESIAN_POINT('',(22.72042743416,-30.47467444413,
    -0.364035663022));
#1638 = CARTESIAN_POINT('',(22.719898574771,-30.44971278045,
    -0.180711759498));
#1639 = CARTESIAN_POINT('',(22.719910803823,-30.45028998002,
    0.184907311685));
#1640 = CARTESIAN_POINT('',(22.720447828316,-30.47563702875,
    0.367451051814));
#1641 = CARTESIAN_POINT('',(22.721516844102,-30.52609366997,
    0.545725588459));
#1642 = CARTESIAN_POINT('',(22.723096968217,-30.60069225668,
    0.715640105853));
#1643 = CARTESIAN_POINT('',(22.725152118541,-30.69776526658,
    0.873416220778));
#1644 = CARTESIAN_POINT('',(22.727631263998,-30.81494669924,
    1.015581173755));
#1645 = CARTESIAN_POINT('',(22.730758038827,-30.96285767946,
    1.152038276821));
#1646 = CARTESIAN_POINT('',(22.731055172717,-30.97691449695,
    1.164641602455));
#1647 = CARTESIAN_POINT('',(22.731356050263,-30.99114945766,
    1.177044345558));
#1648 = CARTESIAN_POINT('',(22.731660597478,-31.00555910804,
    1.189243488025));
#1649 = CARTESIAN_POINT('',(22.731968739079,-31.02013993242,
    1.201236088211));
#1650 = CARTESIAN_POINT('',(22.732280398487,-31.03488835306,
    1.21301928093));
#1651 = CARTESIAN_POINT('',(22.732933998672,-31.06582060602,
    1.237020618127));
#1652 = CARTESIAN_POINT('',(22.733276469465,-31.08202970006,
    1.249206076769));
#1653 = CARTESIAN_POINT('',(22.733622813643,-31.09842349911,
    1.261143195938));
#1654 = CARTESIAN_POINT('',(22.733972933147,-31.11499741753,
    1.272828626813));
#1655 = CARTESIAN_POINT('',(22.734326728421,-31.13174679725,
    1.284259129204));
#1656 = CARTESIAN_POINT('',(22.734684098413,-31.14866690777,
    1.295431571545));
#1657 = CARTESIAN_POINT('',(22.735356068831,-31.18048500905,
    1.315751011888));
#1658 = CARTESIAN_POINT('',(22.735669778495,-31.19534043195,
    1.324964995719));
#1659 = CARTESIAN_POINT('',(22.735986003845,-31.21031613682,
    1.33398294524));
#1660 = CARTESIAN_POINT('',(22.736304678461,-31.22540901133,
    1.342802986298));
#1661 = CARTESIAN_POINT('',(22.73662573522,-31.24061590882,
    1.351423307738));
#1662 = CARTESIAN_POINT('',(22.736949106301,-31.2559336483,
    1.359842161402));
#1663 = CARTESIAN_POINT('',(22.737782797174,-31.29542787531,
    1.380877172635));
#1664 = CARTESIAN_POINT('',(22.738296339249,-31.31975878548,
    1.39320187838));
#1665 = CARTESIAN_POINT('',(22.738815088825,-31.34433951808,
    1.405025573829));
#1666 = CARTESIAN_POINT('',(22.739338782064,-31.36915768348,
    1.416342242632));
#1667 = CARTESIAN_POINT('',(22.73986715187,-31.39420072922,
    1.427146257631));
#1668 = CARTESIAN_POINT('',(22.740399927883,-31.41945594003,
    1.437432380857));
#1669 = CARTESIAN_POINT('',(22.742534423186,-31.52065101412,
    1.476246984095));
#1670 = CARTESIAN_POINT('',(22.74416864036,-31.59815799059,
    1.500670528475));
#1671 = CARTESIAN_POINT('',(22.745832222227,-31.67708937482,
    1.520337874438));
#1672 = CARTESIAN_POINT('',(22.747517773616,-31.75709627725,
    1.535152704392));
#1673 = CARTESIAN_POINT('',(22.749217793681,-31.83782397113,
    1.545050810536));
#1674 = CARTESIAN_POINT('',(22.750924699619,-31.91891295248,1.55));
#1675 = CARTESIAN_POINT('',(22.752931643183,-32.01429557145,1.55));
#1676 = CARTESIAN_POINT('',(22.753232413787,-32.02859114353,
    1.549846178128));
#1677 = CARTESIAN_POINT('',(22.753533120699,-32.04288474386,
    1.549538534337));
#1678 = CARTESIAN_POINT('',(22.753833722456,-32.05717440063,
    1.549077099745));
#1679 = CARTESIAN_POINT('',(22.754134177622,-32.0714581426,
    1.548461936637));
#1680 = CARTESIAN_POINT('',(22.754434444794,-32.08573399909,
    1.547693138459));
#1681 = CARTESIAN_POINT('',(22.754734482597,-32.1,1.546770829826));
#1682 = ORIENTED_EDGE('',*,*,#1683,.F.);
#1683 = EDGE_CURVE('',#1684,#1599,#1686,.T.);
#1684 = VERTEX_POINT('',#1685);
#1685 = CARTESIAN_POINT('',(22.754734482597,-32.1,-1.546770829826));
#1686 = B_SPLINE_CURVE_WITH_KNOTS('',4,(#1687,#1688,#1689,#1690,#1691,
    #1692,#1693,#1694),.UNSPECIFIED.,.F.,.F.,(5,3,5),(0.,0.735402089797,
    1.),.UNSPECIFIED.);
#1687 = CARTESIAN_POINT('',(22.754734482597,-32.1,-1.546770829826));
#1688 = CARTESIAN_POINT('',(22.754348347826,-32.08164031686,
    -1.547957798366));
#1689 = CARTESIAN_POINT('',(22.753961778941,-32.06326198079,
    -1.548854193458));
#1690 = CARTESIAN_POINT('',(22.753574919846,-32.04487184406,
    -1.549459581631));
#1691 = CARTESIAN_POINT('',(22.753048670356,-32.01985821691,
    -1.549886921442));
#1692 = CARTESIAN_POINT('',(22.752909406953,-32.01323902418,
    -1.549962307149));
#1693 = CARTESIAN_POINT('',(22.752770131389,-32.00661951214,-1.55));
#1694 = CARTESIAN_POINT('',(22.752630850382,-32.,-1.55));
#1695 = ORIENTED_EDGE('',*,*,#1696,.F.);
#1696 = EDGE_CURVE('',#247,#1684,#1697,.T.);
#1697 = CIRCLE('',#1698,5.);
#1698 = AXIS2_PLACEMENT_3D('',#1699,#1700,#1701);
#1699 = CARTESIAN_POINT('',(18.,-32.1,0.));
#1700 = DIRECTION('',(-2.449293598295E-16,-1.,0.));
#1701 = DIRECTION('',(1.,-2.449293598295E-16,0.));
#1702 = ORIENTED_EDGE('',*,*,#246,.T.);
#1703 = ORIENTED_EDGE('',*,*,#1507,.T.);
#1704 = SPHERICAL_SURFACE('',#1705,5.);
#1705 = AXIS2_PLACEMENT_3D('',#1706,#1707,#1708);
#1706 = CARTESIAN_POINT('',(18.,-32.1,0.));
#1707 = DIRECTION('',(0.,0.,1.));
#1708 = DIRECTION('',(1.,0.,0.));
#1709 = ADVANCED_FACE('',(#1710),#1746,.F.);
#1710 = FACE_BOUND('',#1711,.T.);
#1711 = EDGE_LOOP('',(#1712,#1713,#1714,#1720,#1721,#1722,#1731,#1739));
#1712 = ORIENTED_EDGE('',*,*,#1534,.F.);
#1713 = ORIENTED_EDGE('',*,*,#564,.T.);
#1714 = ORIENTED_EDGE('',*,*,#1715,.F.);
#1715 = EDGE_CURVE('',#769,#556,#1716,.T.);
#1716 = LINE('',#1717,#1718);
#1717 = CARTESIAN_POINT('',(29.78107652713,3.617662350914,-50.));
#1718 = VECTOR('',#1719,1.);
#1719 = DIRECTION('',(0.,0.,-1.));
#1720 = ORIENTED_EDGE('',*,*,#768,.F.);
#1721 = ORIENTED_EDGE('',*,*,#1523,.F.);
#1722 = ORIENTED_EDGE('',*,*,#1723,.T.);
#1723 = EDGE_CURVE('',#1524,#1724,#1726,.T.);
#1724 = VERTEX_POINT('',#1725);
#1725 = CARTESIAN_POINT('',(31.222460682875,4.205344094962,1.65));
#1726 = ELLIPSE('',#1727,13.856406460551,12.);
#1727 = AXIS2_PLACEMENT_3D('',#1728,#1729,#1730);
#1728 = CARTESIAN_POINT('',(25.980762113533,15.,2.145299461621));
#1729 = DIRECTION('',(0.433012701892,0.25,-0.866025403784));
#1730 = DIRECTION('',(-0.75,-0.433012701892,-0.5));
#1731 = ORIENTED_EDGE('',*,*,#1732,.T.);
#1732 = EDGE_CURVE('',#1724,#1733,#1735,.T.);
#1733 = VERTEX_POINT('',#1734);
#1734 = CARTESIAN_POINT('',(31.222460682875,4.205344094962,-1.65));
#1735 = LINE('',#1736,#1737);
#1736 = CARTESIAN_POINT('',(31.222460682875,4.205344094962,-50.));
#1737 = VECTOR('',#1738,1.);
#1738 = DIRECTION('',(0.,0.,-1.));
#1739 = ORIENTED_EDGE('',*,*,#1740,.T.);
#1740 = EDGE_CURVE('',#1733,#1535,#1741,.T.);
#1741 = ELLIPSE('',#1742,13.856406460551,12.);
#1742 = AXIS2_PLACEMENT_3D('',#1743,#1744,#1745);
#1743 = CARTESIAN_POINT('',(25.980762113533,15.,-2.145299461621));
#1744 = DIRECTION('',(0.433012701892,0.25,0.866025403784));
#1745 = DIRECTION('',(0.75,0.433012701892,-0.5));
#1746 = CYLINDRICAL_SURFACE('',#1747,12.);
#1747 = AXIS2_PLACEMENT_3D('',#1748,#1749,#1750);
#1748 = CARTESIAN_POINT('',(25.980762113533,15.,-50.));
#1749 = DIRECTION('',(0.,0.,-1.));
#1750 = DIRECTION('',(-0.5,0.866025403784,0.));
#1751 = ADVANCED_FACE('',(#1752),#1857,.T.);
#1752 = FACE_BOUND('',#1753,.T.);
#1753 = EDGE_LOOP('',(#1754,#1755,#1756,#1806,#1807,#1808));
#1754 = ORIENTED_EDGE('',*,*,#1589,.T.);
#1755 = ORIENTED_EDGE('',*,*,#1061,.F.);
#1756 = ORIENTED_EDGE('',*,*,#1757,.F.);
#1757 = EDGE_CURVE('',#256,#1054,#1758,.T.);
#1758 = B_SPLINE_CURVE_WITH_KNOTS('',6,(#1759,#1760,#1761,#1762,#1763,
    #1764,#1765,#1766,#1767,#1768,#1769,#1770,#1771,#1772,#1773,#1774,
    #1775,#1776,#1777,#1778,#1779,#1780,#1781,#1782,#1783,#1784,#1785,
    #1786,#1787,#1788,#1789,#1790,#1791,#1792,#1793,#1794,#1795,#1796,
    #1797,#1798,#1799,#1800,#1801,#1802,#1803,#1804,#1805),
  .UNSPECIFIED.,.F.,.F.,(7,5,5,5,5,5,5,5,5,7),(0.,4.883626554553E-02,
    0.227141164381,0.310631649331,0.367134889003,0.500229441217,
    0.689153199334,0.772643396164,0.950947136742,1.),.UNSPECIFIED.);
#1759 = CARTESIAN_POINT('',(17.231885425213,-35.,-4.));
#1760 = CARTESIAN_POINT('',(17.224082257965,-35.05993726493,
    -3.955047051301));
#1761 = CARTESIAN_POINT('',(17.216475058769,-35.11909973799,
    -3.908991209235));
#1762 = CARTESIAN_POINT('',(17.20905861448,-35.17745927475,
    -3.861850094125));
#1763 = CARTESIAN_POINT('',(17.201828258229,-35.23498860028,
    -3.81364214946));
#1764 = CARTESIAN_POINT('',(17.194779869423,-35.29166130923,
    -3.764386641891));
#1765 = CARTESIAN_POINT('',(17.162826999991,-35.55114740693,
    -3.530516696101));
#1766 = CARTESIAN_POINT('',(17.140121135428,-35.74308860536,
    -3.333228358275));
#1767 = CARTESIAN_POINT('',(17.119617163945,-35.92201946852,
    -3.123224256567));
#1768 = CARTESIAN_POINT('',(17.101212033573,-36.0868510469,
    -2.901620633374));
#1769 = CARTESIAN_POINT('',(17.084831527914,-36.2366288786,
    -2.669643119129));
#1770 = CARTESIAN_POINT('',(17.063678771776,-36.43325967412,
    -2.315788429069));
#1771 = CARTESIAN_POINT('',(17.05736543224,-36.49249269427,
    -2.200957860165));
#1772 = CARTESIAN_POINT('',(17.051479465729,-36.54816838434,
    -2.084283300233));
#1773 = CARTESIAN_POINT('',(17.046016432358,-36.6002128266,
    -1.965905589402));
#1774 = CARTESIAN_POINT('',(17.040972671839,-36.6485600181,
    -1.845969412225));
#1775 = CARTESIAN_POINT('',(17.033213673521,-36.7233299698,
    -1.64250078279));
#1776 = CARTESIAN_POINT('',(17.030272733578,-36.75178813711,
    -1.559732390981));
#1777 = CARTESIAN_POINT('',(17.027521568173,-36.77850839484,
    -1.476364092196));
#1778 = CARTESIAN_POINT('',(17.024959374858,-36.8034745064,
    -1.392442430265));
#1779 = CARTESIAN_POINT('',(17.022585464216,-36.82667197636,
    -1.308014522895));
#1780 = CARTESIAN_POINT('',(17.01524961018,-36.89853405679,
    -1.023176242795));
#1781 = CARTESIAN_POINT('',(17.011141380469,-36.93909643781,
    -0.820678037036));
#1782 = CARTESIAN_POINT('',(17.008067061477,-36.96960787834,
    -0.616260140645));
#1783 = CARTESIAN_POINT('',(17.00602193656,-36.98995676978,
    -0.410557464164));
#1784 = CARTESIAN_POINT('',(17.005003788835,-37.00008730077,
    -0.204212313511));
#1785 = CARTESIAN_POINT('',(17.00502512736,-36.99987498513,
    0.295018136531));
#1786 = CARTESIAN_POINT('',(17.007106876763,-36.97916187543,
    0.587912587504));
#1787 = CARTESIAN_POINT('',(17.011258168649,-36.93785805427,
    0.878940441531));
#1788 = CARTESIAN_POINT('',(17.017487598929,-36.87620107768,
    1.166273258043));
#1789 = CARTESIAN_POINT('',(17.025815053833,-36.79463461906,
    1.44812197554));
#1790 = CARTESIAN_POINT('',(17.040895795636,-36.64929756026,
    1.844111028278));
#1791 = CARTESIAN_POINT('',(17.045934142295,-36.60099833975,
    1.964066468683));
#1792 = CARTESIAN_POINT('',(17.051391723431,-36.54900123463,
    2.082464956206));
#1793 = CARTESIAN_POINT('',(17.057272193733,-36.49337218535,
    2.199161779781));
#1794 = CARTESIAN_POINT('',(17.063579986506,-36.43418504831,
    2.314016069418));
#1795 = CARTESIAN_POINT('',(17.084715123975,-36.23769596858,
    2.667948869672));
#1796 = CARTESIAN_POINT('',(17.101083338066,-36.08801115543,
    2.899985902947));
#1797 = CARTESIAN_POINT('',(17.119475824617,-35.92326836822,
    3.121655280108));
#1798 = CARTESIAN_POINT('',(17.139966690419,-35.74442150573,
    3.331730994503));
#1799 = CARTESIAN_POINT('',(17.162658842722,-35.55255897766,
    3.529096373426));
#1800 = CARTESIAN_POINT('',(17.194623604737,-35.29291788219,
    3.763294174286));
#1801 = CARTESIAN_POINT('',(17.201700011325,-35.23600909206,
    3.812786798319));
#1802 = CARTESIAN_POINT('',(17.208959947745,-35.1782357157,
    3.861222805495));
#1803 = CARTESIAN_POINT('',(17.216407585175,-35.11962450369,
    3.908582664412));
#1804 = CARTESIAN_POINT('',(17.224047650279,-35.0602030916,
    3.954847681295));
#1805 = CARTESIAN_POINT('',(17.231885425213,-35.,4.));
#1806 = ORIENTED_EDGE('',*,*,#255,.T.);
#1807 = ORIENTED_EDGE('',*,*,#1696,.T.);
#1808 = ORIENTED_EDGE('',*,*,#1809,.F.);
#1809 = EDGE_CURVE('',#1590,#1684,#1810,.T.);
#1810 = B_SPLINE_CURVE_WITH_KNOTS('',5,(#1811,#1812,#1813,#1814,#1815,
    #1816,#1817,#1818,#1819,#1820,#1821,#1822,#1823,#1824,#1825,#1826,
    #1827,#1828,#1829,#1830,#1831,#1832,#1833,#1834,#1835,#1836,#1837,
    #1838,#1839,#1840,#1841,#1842,#1843,#1844,#1845,#1846,#1847,#1848,
    #1849,#1850,#1851,#1852,#1853,#1854,#1855,#1856),.UNSPECIFIED.,.F.,
  .F.,(6,4,4,4,4,4,4,4,4,4,4,6),(0.,0.100699431951,0.141272503208,
    0.225979141111,0.359383692413,0.405552605596,0.49993773849,
    0.640490031069,0.773894426241,0.858600935133,0.899173943755,1.),
  .UNSPECIFIED.);
#1811 = CARTESIAN_POINT('',(22.754734482597,-32.1,1.546770829826));
#1812 = CARTESIAN_POINT('',(22.756705959618,-32.1937384977,
    1.540710559235));
#1813 = CARTESIAN_POINT('',(22.758666861941,-32.28702277801,
    1.527548840002));
#1814 = CARTESIAN_POINT('',(22.760602132273,-32.3791358812,
    1.507331341369));
#1815 = CARTESIAN_POINT('',(22.762497120311,-32.46937716533,
    1.480208065075));
#1816 = CARTESIAN_POINT('',(22.765079357178,-32.59240365109,
    1.43282640261));
#1817 = CARTESIAN_POINT('',(22.765812149064,-32.62732320702,
    1.418138804877));
#1818 = CARTESIAN_POINT('',(22.766535205386,-32.6617854736,
    1.402388118051));
#1819 = CARTESIAN_POINT('',(22.767247634302,-32.69574757724,
    1.385593606388));
#1820 = CARTESIAN_POINT('',(22.769411946891,-32.79894088836,
    1.330580819168));
#1821 = CARTESIAN_POINT('',(22.770825242402,-32.86635289316,
    1.288929661804));
#1822 = CARTESIAN_POINT('',(22.772180517269,-32.93102150814,
    1.243024210733));
#1823 = CARTESIAN_POINT('',(22.773470491494,-32.99259524756,
    1.193110713409));
#1824 = CARTESIAN_POINT('',(22.776606852377,-33.14234671133,
    1.055019917739));
#1825 = CARTESIAN_POINT('',(22.778346909784,-33.22547503945,
    0.961335084741));
#1826 = CARTESIAN_POINT('',(22.779882746462,-33.29888132639,
    0.859574823847));
#1827 = CARTESIAN_POINT('',(22.781193899826,-33.36156979263,
    0.751109313204));
#1828 = CARTESIAN_POINT('',(22.782636913064,-33.4305785228,
    0.598168921967));
#1829 = CARTESIAN_POINT('',(22.782979282673,-33.44695326956,
    0.558229417759));
#1830 = CARTESIAN_POINT('',(22.783292426347,-33.46193154034,
    0.517735572012));
#1831 = CARTESIAN_POINT('',(22.783575846286,-33.47548906505,
    0.476752760045));
#1832 = CARTESIAN_POINT('',(22.784346956704,-33.51237766992,
    0.350702539296));
#1833 = CARTESIAN_POINT('',(22.784738869112,-33.53112944408,
    0.264292397583));
#1834 = CARTESIAN_POINT('',(22.785001420442,-33.54369288383,
    0.176692613486));
#1835 = CARTESIAN_POINT('',(22.785132874895,-33.549983152,
    8.849411085533E-02));
#1836 = CARTESIAN_POINT('',(22.78513374983,-33.55002501879,
    -0.131043993449));
#1837 = CARTESIAN_POINT('',(22.784843535502,-33.53613790308,
    -0.26239465506));
#1838 = CARTESIAN_POINT('',(22.784262611781,-33.50833980403,
    -0.391766498726));
#1839 = CARTESIAN_POINT('',(22.78339948453,-33.46704677553,
    -0.517224203707));
#1840 = CARTESIAN_POINT('',(22.781199889586,-33.36185618457,
    -0.750589918584));
#1841 = CARTESIAN_POINT('',(22.779889603546,-33.29920910518,
    -0.859079317348));
#1842 = CARTESIAN_POINT('',(22.778354581528,-33.22584164203,
    -0.960867571859));
#1843 = CARTESIAN_POINT('',(22.776615275082,-33.1427490442,
    -1.054584119689));
#1844 = CARTESIAN_POINT('',(22.773480023131,-32.99305024316,
    -1.19273203748));
#1845 = CARTESIAN_POINT('',(22.772190450498,-32.931495548,
    -1.242669015157));
#1846 = CARTESIAN_POINT('',(22.770835545527,-32.86684444511,
    -1.288599129861));
#1847 = CARTESIAN_POINT('',(22.769422586238,-32.79944832761,
    -1.330275998245));
#1848 = CARTESIAN_POINT('',(22.767258718754,-32.69627600215,
    -1.385328142432));
#1849 = CARTESIAN_POINT('',(22.766546425907,-32.66232030577,
    -1.402135606628));
#1850 = CARTESIAN_POINT('',(22.765823497388,-32.62786404879,
    -1.417899436557));
#1851 = CARTESIAN_POINT('',(22.765090824883,-32.59295009779,
    -1.432600351545));
#1852 = CARTESIAN_POINT('',(22.762506656915,-32.46983130868,
    -1.480071494823));
#1853 = CARTESIAN_POINT('',(22.760609437035,-32.37948356638,
    -1.507254995014));
#1854 = CARTESIAN_POINT('',(22.758671796377,-32.28725751965,
    -1.527515708222));
#1855 = CARTESIAN_POINT('',(22.756708440083,-32.19385643723,
    -1.540702934348));
#1856 = CARTESIAN_POINT('',(22.754734482597,-32.1,-1.546770829826));
#1857 = SPHERICAL_SURFACE('',#1858,5.);
#1858 = AXIS2_PLACEMENT_3D('',#1859,#1860,#1861);
#1859 = CARTESIAN_POINT('',(18.,-32.1,0.));
#1860 = DIRECTION('',(0.,0.,1.));
#1861 = DIRECTION('',(1.,0.,0.));
#1862 = ADVANCED_FACE('',(#1863),#1874,.T.);
#1863 = FACE_BOUND('',#1864,.F.);
#1864 = EDGE_LOOP('',(#1865,#1866,#1867,#1868));
#1865 = ORIENTED_EDGE('',*,*,#555,.F.);
#1866 = ORIENTED_EDGE('',*,*,#1715,.F.);
#1867 = ORIENTED_EDGE('',*,*,#777,.T.);
#1868 = ORIENTED_EDGE('',*,*,#1869,.T.);
#1869 = EDGE_CURVE('',#778,#547,#1870,.T.);
#1870 = LINE('',#1871,#1872);
#1871 = CARTESIAN_POINT('',(18.023525761771,23.982337649086,-50.));
#1872 = VECTOR('',#1873,1.);
#1873 = DIRECTION('',(0.,0.,-1.));
#1874 = CYLINDRICAL_SURFACE('',#1875,30.);
#1875 = AXIS2_PLACEMENT_3D('',#1876,#1877,#1878);
#1876 = CARTESIAN_POINT('',(0.,0.,-4.));
#1877 = DIRECTION('',(-0.,-0.,-1.));
#1878 = DIRECTION('',(1.,0.,0.));
#1879 = ADVANCED_FACE('',(#1880),#1892,.T.);
#1880 = FACE_BOUND('',#1881,.F.);
#1881 = EDGE_LOOP('',(#1882,#1883,#1884,#1891));
#1882 = ORIENTED_EDGE('',*,*,#1757,.F.);
#1883 = ORIENTED_EDGE('',*,*,#264,.T.);
#1884 = ORIENTED_EDGE('',*,*,#1885,.T.);
#1885 = EDGE_CURVE('',#265,#1046,#1886,.T.);
#1886 = CIRCLE('',#1887,5.);
#1887 = AXIS2_PLACEMENT_3D('',#1888,#1889,#1890);
#1888 = CARTESIAN_POINT('',(12.,-32.,-7.771561172376E-15));
#1889 = DIRECTION('',(-1.,0.,2.22044604925E-16));
#1890 = DIRECTION('',(-2.22044604925E-16,0.,-1.));
#1891 = ORIENTED_EDGE('',*,*,#1053,.F.);
#1892 = CYLINDRICAL_SURFACE('',#1893,5.);
#1893 = AXIS2_PLACEMENT_3D('',#1894,#1895,#1896);
#1894 = CARTESIAN_POINT('',(-23.,-32.,0.));
#1895 = DIRECTION('',(-1.,-0.,2.22044604925E-16));
#1896 = DIRECTION('',(-2.22044604925E-16,0.,-1.));
#1897 = ADVANCED_FACE('',(#1898),#1943,.F.);
#1898 = FACE_BOUND('',#1899,.T.);
#1899 = EDGE_LOOP('',(#1900,#1901,#1902,#1910,#1919,#1927,#1936,#1942));
#1900 = ORIENTED_EDGE('',*,*,#1869,.T.);
#1901 = ORIENTED_EDGE('',*,*,#546,.T.);
#1902 = ORIENTED_EDGE('',*,*,#1903,.T.);
#1903 = EDGE_CURVE('',#539,#1904,#1906,.T.);
#1904 = VERTEX_POINT('',#1905);
#1905 = CARTESIAN_POINT('',(19.980762113533,25.392304845413,
    -2.145299461621));
#1906 = LINE('',#1907,#1908);
#1907 = CARTESIAN_POINT('',(19.980762113533,25.392304845413,-50.));
#1908 = VECTOR('',#1909,1.);
#1909 = DIRECTION('',(0.,0.,1.));
#1910 = ORIENTED_EDGE('',*,*,#1911,.T.);
#1911 = EDGE_CURVE('',#1904,#1912,#1914,.T.);
#1912 = VERTEX_POINT('',#1913);
#1913 = CARTESIAN_POINT('',(19.25316515933,24.936772072549,-1.65));
#1914 = ELLIPSE('',#1915,13.856406460551,12.);
#1915 = AXIS2_PLACEMENT_3D('',#1916,#1917,#1918);
#1916 = CARTESIAN_POINT('',(25.980762113533,15.,-2.145299461621));
#1917 = DIRECTION('',(0.433012701892,0.25,0.866025403784));
#1918 = DIRECTION('',(0.75,0.433012701892,-0.5));
#1919 = ORIENTED_EDGE('',*,*,#1920,.F.);
#1920 = EDGE_CURVE('',#1921,#1912,#1923,.T.);
#1921 = VERTEX_POINT('',#1922);
#1922 = CARTESIAN_POINT('',(19.25316515933,24.936772072549,1.65));
#1923 = LINE('',#1924,#1925);
#1924 = CARTESIAN_POINT('',(19.25316515933,24.936772072549,-50.));
#1925 = VECTOR('',#1926,1.);
#1926 = DIRECTION('',(0.,0.,-1.));
#1927 = ORIENTED_EDGE('',*,*,#1928,.T.);
#1928 = EDGE_CURVE('',#1921,#1929,#1931,.T.);
#1929 = VERTEX_POINT('',#1930);
#1930 = CARTESIAN_POINT('',(19.980762113533,25.392304845413,
    2.145299461621));
#1931 = ELLIPSE('',#1932,13.856406460551,12.);
#1932 = AXIS2_PLACEMENT_3D('',#1933,#1934,#1935);
#1933 = CARTESIAN_POINT('',(25.980762113533,15.,2.145299461621));
#1934 = DIRECTION('',(0.433012701892,0.25,-0.866025403784));
#1935 = DIRECTION('',(-0.75,-0.433012701892,-0.5));
#1936 = ORIENTED_EDGE('',*,*,#1937,.T.);
#1937 = EDGE_CURVE('',#1929,#787,#1938,.T.);
#1938 = LINE('',#1939,#1940);
#1939 = CARTESIAN_POINT('',(19.980762113533,25.392304845413,-50.));
#1940 = VECTOR('',#1941,1.);
#1941 = DIRECTION('',(0.,0.,1.));
#1942 = ORIENTED_EDGE('',*,*,#786,.F.);
#1943 = CYLINDRICAL_SURFACE('',#1944,12.);
#1944 = AXIS2_PLACEMENT_3D('',#1945,#1946,#1947);
#1945 = CARTESIAN_POINT('',(25.980762113533,15.,-50.));
#1946 = DIRECTION('',(0.,0.,-1.));
#1947 = DIRECTION('',(-0.5,0.866025403784,0.));
#1948 = ADVANCED_FACE('',(#1949),#2008,.F.);
#1949 = FACE_BOUND('',#1950,.F.);
#1950 = EDGE_LOOP('',(#1951,#1959,#1960,#1961,#1962,#1970,#1978,#1986,
    #1994,#2002));
#1951 = ORIENTED_EDGE('',*,*,#1952,.T.);
#1952 = EDGE_CURVE('',#1953,#1037,#1955,.T.);
#1953 = VERTEX_POINT('',#1954);
#1954 = CARTESIAN_POINT('',(12.,-30.,2.145299461621));
#1955 = LINE('',#1956,#1957);
#1956 = CARTESIAN_POINT('',(12.,-30.,-50.));
#1957 = VECTOR('',#1958,1.);
#1958 = DIRECTION('',(0.,0.,1.));
#1959 = ORIENTED_EDGE('',*,*,#1045,.F.);
#1960 = ORIENTED_EDGE('',*,*,#1885,.F.);
#1961 = ORIENTED_EDGE('',*,*,#272,.F.);
#1962 = ORIENTED_EDGE('',*,*,#1963,.T.);
#1963 = EDGE_CURVE('',#273,#1964,#1966,.T.);
#1964 = VERTEX_POINT('',#1965);
#1965 = CARTESIAN_POINT('',(12.,-30.,-2.145299461621));
#1966 = LINE('',#1967,#1968);
#1967 = CARTESIAN_POINT('',(12.,-30.,-50.));
#1968 = VECTOR('',#1969,1.);
#1969 = DIRECTION('',(0.,0.,1.));
#1970 = ORIENTED_EDGE('',*,*,#1971,.T.);
#1971 = EDGE_CURVE('',#1964,#1972,#1974,.T.);
#1972 = VERTEX_POINT('',#1973);
#1973 = CARTESIAN_POINT('',(12.,-32.,-3.3));
#1974 = LINE('',#1975,#1976);
#1975 = CARTESIAN_POINT('',(12.,-48.86084658918,-13.03461431703));
#1976 = VECTOR('',#1977,1.);
#1977 = DIRECTION('',(0.,-0.866025403784,-0.5));
#1978 = ORIENTED_EDGE('',*,*,#1979,.T.);
#1979 = EDGE_CURVE('',#1972,#1980,#1982,.T.);
#1980 = VERTEX_POINT('',#1981);
#1981 = CARTESIAN_POINT('',(12.,-34.85788383248,-1.65));
#1982 = LINE('',#1983,#1984);
#1983 = CARTESIAN_POINT('',(12.,-30.06809532706,-4.41538568297));
#1984 = VECTOR('',#1985,1.);
#1985 = DIRECTION('',(0.,-0.866025403784,0.5));
#1986 = ORIENTED_EDGE('',*,*,#1987,.T.);
#1987 = EDGE_CURVE('',#1980,#1988,#1990,.T.);
#1988 = VERTEX_POINT('',#1989);
#1989 = CARTESIAN_POINT('',(12.,-34.85788383248,1.65));
#1990 = LINE('',#1991,#1992);
#1991 = CARTESIAN_POINT('',(12.,-34.85788383248,-24.175));
#1992 = VECTOR('',#1993,1.);
#1993 = DIRECTION('',(0.,4.037174635001E-16,1.));
#1994 = ORIENTED_EDGE('',*,*,#1995,.T.);
#1995 = EDGE_CURVE('',#1988,#1996,#1998,.T.);
#1996 = VERTEX_POINT('',#1997);
#1997 = CARTESIAN_POINT('',(12.,-32.,3.3));
#1998 = LINE('',#1999,#2000);
#1999 = CARTESIAN_POINT('',(12.,-50.28978850542,-7.25961431703));
#2000 = VECTOR('',#2001,1.);
#2001 = DIRECTION('',(0.,0.866025403784,0.5));
#2002 = ORIENTED_EDGE('',*,*,#2003,.T.);
#2003 = EDGE_CURVE('',#1996,#1953,#2004,.T.);
#2004 = LINE('',#2005,#2006);
#2005 = CARTESIAN_POINT('',(12.,-25.78126957832,-0.29038568297));
#2006 = VECTOR('',#2007,1.);
#2007 = DIRECTION('',(0.,0.866025403784,-0.5));
#2008 = PLANE('',#2009);
#2009 = AXIS2_PLACEMENT_3D('',#2010,#2011,#2012);
#2010 = CARTESIAN_POINT('',(12.,-50.,-50.));
#2011 = DIRECTION('',(1.,0.,0.));
#2012 = DIRECTION('',(0.,0.,1.));
#2013 = ADVANCED_FACE('',(#2014),#2065,.F.);
#2014 = FACE_BOUND('',#2015,.F.);
#2015 = EDGE_LOOP('',(#2016,#2017,#2018,#2025,#2026,#2027,#2035,#2043,
    #2051,#2059));
#2016 = ORIENTED_EDGE('',*,*,#1937,.T.);
#2017 = ORIENTED_EDGE('',*,*,#795,.F.);
#2018 = ORIENTED_EDGE('',*,*,#2019,.F.);
#2019 = EDGE_CURVE('',#531,#796,#2020,.T.);
#2020 = CIRCLE('',#2021,5.);
#2021 = AXIS2_PLACEMENT_3D('',#2022,#2023,#2024);
#2022 = CARTESIAN_POINT('',(21.712812921102,26.392304845413,
    -7.771561172376E-15));
#2023 = DIRECTION('',(0.5,-0.866025403784,2.22044604925E-16));
#2024 = DIRECTION('',(1.110223024625E-16,-1.922962686384E-16,-1.));
#2025 = ORIENTED_EDGE('',*,*,#538,.F.);
#2026 = ORIENTED_EDGE('',*,*,#1903,.T.);
#2027 = ORIENTED_EDGE('',*,*,#2028,.T.);
#2028 = EDGE_CURVE('',#1904,#2029,#2031,.T.);
#2029 = VERTEX_POINT('',#2030);
#2030 = CARTESIAN_POINT('',(21.712812921102,26.392304845413,-3.3));
#2031 = LINE('',#2032,#2033);
#2032 = CARTESIAN_POINT('',(36.314734396647,34.822728140005,
    -13.03461431703));
#2033 = VECTOR('',#2034,1.);
#2034 = DIRECTION('',(0.75,0.433012701892,-0.5));
#2035 = ORIENTED_EDGE('',*,*,#2036,.T.);
#2036 = EDGE_CURVE('',#2029,#2037,#2039,.T.);
#2037 = VERTEX_POINT('',#2038);
#2038 = CARTESIAN_POINT('',(24.187812921102,27.821246761658,-1.65));
#2039 = LINE('',#2040,#2041);
#2040 = CARTESIAN_POINT('',(20.039734396647,25.426352508944,
    -4.41538568297));
#2041 = VECTOR('',#2042,1.);
#2042 = DIRECTION('',(0.75,0.433012701892,0.5));
#2043 = ORIENTED_EDGE('',*,*,#2044,.T.);
#2044 = EDGE_CURVE('',#2037,#2045,#2047,.T.);
#2045 = VERTEX_POINT('',#2046);
#2046 = CARTESIAN_POINT('',(24.187812921102,27.821246761658,1.65));
#2047 = LINE('',#2048,#2049);
#2048 = CARTESIAN_POINT('',(24.187812921102,27.821246761658,-24.175));
#2049 = VECTOR('',#2050,1.);
#2050 = DIRECTION('',(-3.496295793425E-16,-2.0185873175E-16,1.));
#2051 = ORIENTED_EDGE('',*,*,#2052,.T.);
#2052 = EDGE_CURVE('',#2045,#2053,#2055,.T.);
#2053 = VERTEX_POINT('',#2054);
#2054 = CARTESIAN_POINT('',(21.712812921102,26.392304845413,3.3));
#2055 = LINE('',#2056,#2057);
#2056 = CARTESIAN_POINT('',(37.552234396647,35.537199098127,
    -7.25961431703));
#2057 = VECTOR('',#2058,1.);
#2058 = DIRECTION('',(-0.75,-0.433012701892,0.5));
#2059 = ORIENTED_EDGE('',*,*,#2060,.T.);
#2060 = EDGE_CURVE('',#2053,#1929,#2061,.T.);
#2061 = LINE('',#2062,#2063);
#2062 = CARTESIAN_POINT('',(16.327234396647,23.282939634577,
    -0.29038568297));
#2063 = VECTOR('',#2064,1.);
#2064 = DIRECTION('',(-0.75,-0.433012701892,-0.5));
#2065 = PLANE('',#2066);
#2066 = AXIS2_PLACEMENT_3D('',#2067,#2068,#2069);
#2067 = CARTESIAN_POINT('',(37.301270189222,35.392304845413,-50.));
#2068 = DIRECTION('',(-0.5,0.866025403784,0.));
#2069 = DIRECTION('',(0.,0.,1.));
#2070 = ADVANCED_FACE('',(#2071),#2107,.F.);
#2071 = FACE_BOUND('',#2072,.T.);
#2072 = EDGE_LOOP('',(#2073,#2079,#2080,#2081,#2090,#2098,#2105,#2106));
#2073 = ORIENTED_EDGE('',*,*,#2074,.T.);
#2074 = EDGE_CURVE('',#1028,#281,#2075,.T.);
#2075 = LINE('',#2076,#2077);
#2076 = CARTESIAN_POINT('',(11.757550765359,-27.6,-50.));
#2077 = VECTOR('',#2078,1.);
#2078 = DIRECTION('',(-0.,-0.,-1.));
#2079 = ORIENTED_EDGE('',*,*,#280,.T.);
#2080 = ORIENTED_EDGE('',*,*,#1963,.T.);
#2081 = ORIENTED_EDGE('',*,*,#2082,.T.);
#2082 = EDGE_CURVE('',#1964,#2083,#2085,.T.);
#2083 = VERTEX_POINT('',#2084);
#2084 = CARTESIAN_POINT('',(11.969295523545,-29.14211616751,-1.65));
#2085 = ELLIPSE('',#2086,13.856406460551,12.);
#2086 = AXIS2_PLACEMENT_3D('',#2087,#2088,#2089);
#2087 = CARTESIAN_POINT('',(0.,-30.,-2.145299461621));
#2088 = DIRECTION('',(1.922962686384E-16,-0.5,0.866025403784));
#2089 = DIRECTION('',(3.330669073875E-16,-0.866025403784,-0.5));
#2090 = ORIENTED_EDGE('',*,*,#2091,.F.);
#2091 = EDGE_CURVE('',#2092,#2083,#2094,.T.);
#2092 = VERTEX_POINT('',#2093);
#2093 = CARTESIAN_POINT('',(11.969295523545,-29.14211616751,1.65));
#2094 = LINE('',#2095,#2096);
#2095 = CARTESIAN_POINT('',(11.969295523545,-29.14211616751,-50.));
#2096 = VECTOR('',#2097,1.);
#2097 = DIRECTION('',(-0.,-0.,-1.));
#2098 = ORIENTED_EDGE('',*,*,#2099,.T.);
#2099 = EDGE_CURVE('',#2092,#1953,#2100,.T.);
#2100 = ELLIPSE('',#2101,13.856406460551,12.);
#2101 = AXIS2_PLACEMENT_3D('',#2102,#2103,#2104);
#2102 = CARTESIAN_POINT('',(0.,-30.,2.145299461621));
#2103 = DIRECTION('',(-1.922962686384E-16,-0.5,-0.866025403784));
#2104 = DIRECTION('',(3.330669073875E-16,0.866025403784,-0.5));
#2105 = ORIENTED_EDGE('',*,*,#1952,.T.);
#2106 = ORIENTED_EDGE('',*,*,#1036,.F.);
#2107 = CYLINDRICAL_SURFACE('',#2108,12.);
#2108 = AXIS2_PLACEMENT_3D('',#2109,#2110,#2111);
#2109 = CARTESIAN_POINT('',(0.,-30.,-50.));
#2110 = DIRECTION('',(-0.,-0.,-1.));
#2111 = DIRECTION('',(1.,0.,0.));
#2112 = ADVANCED_FACE('',(#2113),#2168,.T.);
#2113 = FACE_BOUND('',#2114,.F.);
#2114 = EDGE_LOOP('',(#2115,#2165,#2166,#2167));
#2115 = ORIENTED_EDGE('',*,*,#2116,.F.);
#2116 = EDGE_CURVE('',#522,#804,#2117,.T.);
#2117 = B_SPLINE_CURVE_WITH_KNOTS('',6,(#2118,#2119,#2120,#2121,#2122,
    #2123,#2124,#2125,#2126,#2127,#2128,#2129,#2130,#2131,#2132,#2133,
    #2134,#2135,#2136,#2137,#2138,#2139,#2140,#2141,#2142,#2143,#2144,
    #2145,#2146,#2147,#2148,#2149,#2150,#2151,#2152,#2153,#2154,#2155,
    #2156,#2157,#2158,#2159,#2160,#2161,#2162,#2163,#2164),
  .UNSPECIFIED.,.F.,.F.,(7,5,5,5,5,5,5,5,5,7),(0.,4.883626554553E-02,
    0.227141164381,0.310631649331,0.367134889003,0.500229441217,
    0.689153199334,0.772643396164,0.950947136742,1.),.UNSPECIFIED.);
#2118 = CARTESIAN_POINT('',(21.694946419849,32.423250533337,-4.));
#2119 = CARTESIAN_POINT('',(21.750755197537,32.446461424736,
    -3.955047051301));
#2120 = CARTESIAN_POINT('',(21.805795001761,32.469454633514,
    -3.908991209235));
#2121 = CARTESIAN_POINT('',(21.860044065287,32.492211572731,
    -3.861850094125));
#2122 = CARTESIAN_POINT('',(21.913481100787,32.514714563305,
    -3.81364214946));
#2123 = CARTESIAN_POINT('',(21.96608530084,32.536946834017,
    -3.764386641891));
#2124 = CARTESIAN_POINT('',(22.206783288099,32.639017886219,
    -3.530516696101));
#2125 = CARTESIAN_POINT('',(22.384362174252,32.715324629907,
    -3.333228358275));
#2126 = CARTESIAN_POINT('',(22.549572833007,32.787033101302,
    -3.123224256567));
#2127 = CARTESIAN_POINT('',(22.701523732421,32.853509580033,
    -2.901620633374));
#2128 = CARTESIAN_POINT('',(22.83942539242,32.914212561851,
    -2.669643119129));
#2129 = CARTESIAN_POINT('',(23.020289034576,32.994209135436,
    -2.315788429069));
#2130 = CARTESIAN_POINT('',(23.074743004541,33.018358133092,
    -2.200957860165));
#2131 = CARTESIAN_POINT('',(23.125902549768,33.041098581601,
    -2.084283300233));
#2132 = CARTESIAN_POINT('',(23.173705875578,33.062389677052,
    -1.965905589402));
#2133 = CARTESIAN_POINT('',(23.218097651881,33.082195248063,
    -1.845969412225));
#2134 = CARTESIAN_POINT('',(23.286729828649,33.11286073426,
    -1.64250078279));
#2135 = CARTESIAN_POINT('',(23.312845794455,33.124542889213,
    -1.559732390981));
#2136 = CARTESIAN_POINT('',(23.337361799148,33.135520438947,
    -1.476364092196));
#2137 = CARTESIAN_POINT('',(23.360264182653,33.145784570229,
    -1.392442430265));
#2138 = CARTESIAN_POINT('',(23.38154073626,33.155327438285,
    -1.308014522895));
#2139 = CARTESIAN_POINT('',(23.447443050503,33.184905442548,
    -1.023176242795));
#2140 = CARTESIAN_POINT('',(23.48462521776,33.201628801764,
    -0.820678037036));
#2141 = CARTESIAN_POINT('',(23.512586059859,33.214222083681,
    -0.616260140645));
#2142 = CARTESIAN_POINT('',(23.531231279244,33.22262539927,
    -0.410557464164));
#2143 = CARTESIAN_POINT('',(23.540513650293,33.226808922968,
    -0.204212313511));
#2144 = CARTESIAN_POINT('',(23.540319110298,33.226721244856,
    0.295018136531));
#2145 = CARTESIAN_POINT('',(23.521340156401,33.21816753787,
    0.587912587504));
#2146 = CARTESIAN_POINT('',(23.483494352059,33.201110751522,
    0.878940441531));
#2147 = CARTESIAN_POINT('',(23.426983128872,33.175677108101,
    1.166273258043));
#2148 = CARTESIAN_POINT('',(23.352180776156,33.142105666286,
    1.44812197554));
#2149 = CARTESIAN_POINT('',(23.21877482023,33.082497442398,
    1.844111028278));
#2150 = CARTESIAN_POINT('',(23.174427294949,33.06271116834,
    1.964066468683));
#2151 = CARTESIAN_POINT('',(23.126667690431,33.041439019691,
    2.082464956206));
#2152 = CARTESIAN_POINT('',(23.075551285414,33.018717131718,
    2.199161779781));
#2153 = CARTESIAN_POINT('',(23.02113982477,32.994586271979,
    2.314016069418));
#2154 = CARTESIAN_POINT('',(22.840407721421,32.914645298073,
    2.667948869672));
#2155 = CARTESIAN_POINT('',(22.702592763628,32.853978180717,
    2.899985902947));
#2156 = CARTESIAN_POINT('',(22.550725081537,32.787535147702,
    3.121655280108));
#2157 = CARTESIAN_POINT('',(22.385593722332,32.715857326787,
    3.331730994503));
#2158 = CARTESIAN_POINT('',(22.208089822841,32.639578043115,
    3.529096373426));
#2159 = CARTESIAN_POINT('',(21.967251657293,32.537439791312,
    3.763294174286));
#2160 = CARTESIAN_POINT('',(21.914428996046,32.515113744119,
    3.812786798319));
#2161 = CARTESIAN_POINT('',(21.860765816245,32.492514345309,
    3.861222805495));
#2162 = CARTESIAN_POINT('',(21.806283198983,32.469658582516,
    3.908582664412));
#2163 = CARTESIAN_POINT('',(21.751002714033,32.446564366939,
    3.954847681295));
#2164 = CARTESIAN_POINT('',(21.694946419849,32.423250533337,4.));
#2165 = ORIENTED_EDGE('',*,*,#530,.T.);
#2166 = ORIENTED_EDGE('',*,*,#2019,.T.);
#2167 = ORIENTED_EDGE('',*,*,#803,.F.);
#2168 = CYLINDRICAL_SURFACE('',#2169,5.);
#2169 = AXIS2_PLACEMENT_3D('',#2170,#2171,#2172);
#2170 = CARTESIAN_POINT('',(39.212812921102,-3.918584287042,0.));
#2171 = DIRECTION('',(0.5,-0.866025403784,2.22044604925E-16));
#2172 = DIRECTION('',(1.110223024625E-16,-1.922962686384E-16,-1.));
#2173 = ADVANCED_FACE('',(#2174),#2185,.T.);
#2174 = FACE_BOUND('',#2175,.F.);
#2175 = EDGE_LOOP('',(#2176,#2177,#2178,#2184));
#2176 = ORIENTED_EDGE('',*,*,#2074,.T.);
#2177 = ORIENTED_EDGE('',*,*,#289,.F.);
#2178 = ORIENTED_EDGE('',*,*,#2179,.F.);
#2179 = EDGE_CURVE('',#1019,#290,#2180,.T.);
#2180 = LINE('',#2181,#2182);
#2181 = CARTESIAN_POINT('',(-11.75755076535,-27.6,-50.));
#2182 = VECTOR('',#2183,1.);
#2183 = DIRECTION('',(-0.,-0.,-1.));
#2184 = ORIENTED_EDGE('',*,*,#1027,.T.);
#2185 = CYLINDRICAL_SURFACE('',#2186,30.);
#2186 = AXIS2_PLACEMENT_3D('',#2187,#2188,#2189);
#2187 = CARTESIAN_POINT('',(0.,0.,-4.));
#2188 = DIRECTION('',(-0.,-0.,-1.));
#2189 = DIRECTION('',(1.,0.,0.));
#2190 = ADVANCED_FACE('',(#2191),#2263,.T.);
#2191 = FACE_BOUND('',#2192,.T.);
#2192 = EDGE_LOOP('',(#2193,#2202,#2203,#2204,#2205,#2214));
#2193 = ORIENTED_EDGE('',*,*,#2194,.T.);
#2194 = EDGE_CURVE('',#2195,#812,#2197,.T.);
#2195 = VERTEX_POINT('',#2196);
#2196 = CARTESIAN_POINT('',(16.422048220182,35.756178118299,
    1.546770829826));
#2197 = CIRCLE('',#2198,5.);
#2198 = AXIS2_PLACEMENT_3D('',#2199,#2200,#2201);
#2199 = CARTESIAN_POINT('',(18.79941546148,31.63845726812,0.));
#2200 = DIRECTION('',(0.866025403784,0.5,-0.));
#2201 = DIRECTION('',(-0.5,0.866025403784,0.));
#2202 = ORIENTED_EDGE('',*,*,#811,.F.);
#2203 = ORIENTED_EDGE('',*,*,#2116,.F.);
#2204 = ORIENTED_EDGE('',*,*,#521,.T.);
#2205 = ORIENTED_EDGE('',*,*,#2206,.T.);
#2206 = EDGE_CURVE('',#513,#2207,#2209,.T.);
#2207 = VERTEX_POINT('',#2208);
#2208 = CARTESIAN_POINT('',(16.422048220182,35.756178118299,
    -1.546770829826));
#2209 = CIRCLE('',#2210,5.);
#2210 = AXIS2_PLACEMENT_3D('',#2211,#2212,#2213);
#2211 = CARTESIAN_POINT('',(18.79941546148,31.63845726812,0.));
#2212 = DIRECTION('',(0.866025403784,0.5,-0.));
#2213 = DIRECTION('',(-0.5,0.866025403784,0.));
#2214 = ORIENTED_EDGE('',*,*,#2215,.F.);
#2215 = EDGE_CURVE('',#2195,#2207,#2216,.T.);
#2216 = B_SPLINE_CURVE_WITH_KNOTS('',5,(#2217,#2218,#2219,#2220,#2221,
    #2222,#2223,#2224,#2225,#2226,#2227,#2228,#2229,#2230,#2231,#2232,
    #2233,#2234,#2235,#2236,#2237,#2238,#2239,#2240,#2241,#2242,#2243,
    #2244,#2245,#2246,#2247,#2248,#2249,#2250,#2251,#2252,#2253,#2254,
    #2255,#2256,#2257,#2258,#2259,#2260,#2261,#2262),.UNSPECIFIED.,.F.,
  .F.,(6,4,4,4,4,4,4,4,4,4,4,6),(0.,0.100699431951,0.141272503208,
    0.225979141111,0.359383692413,0.405552605596,0.49993773849,
    0.640490031069,0.773894426241,0.858600935133,0.899173943755,1.),
  .UNSPECIFIED.);
#2217 = CARTESIAN_POINT('',(16.422048220182,35.756178118299,
    1.546770829826));
#2218 = CARTESIAN_POINT('',(16.502242401995,35.804754716333,
    1.540710559235));
#2219 = CARTESIAN_POINT('',(16.582048507359,35.853095047716,
    1.527548840002));
#2220 = CARTESIAN_POINT('',(16.660853159571,35.900827592579,
    1.507331341369));
#2221 = CARTESIAN_POINT('',(16.738056910083,35.947589342427,
    1.480208065075));
#2222 = CARTESIAN_POINT('',(16.843309853657,36.011338868034,
    1.43282640261));
#2223 = CARTESIAN_POINT('',(16.873184680234,36.029433262384,
    1.418138804877));
#2224 = CARTESIAN_POINT('',(16.90266835041,36.047290580821,
    1.402388118051));
#2225 = CARTESIAN_POINT('',(16.931724180469,36.064888614181,
    1.385593606388));
#2226 = CARTESIAN_POINT('',(17.020010053106,36.118359619425,
    1.330580819168));
#2227 = CARTESIAN_POINT('',(17.07768391402,36.153289571636,
    1.288929661804));
#2228 = CARTESIAN_POINT('',(17.133010939993,36.186797581595,
    1.243024210733));
#2229 = CARTESIAN_POINT('',(17.185690375425,36.218701601753,
    1.193110713409));
#2230 = CARTESIAN_POINT('',(17.313810766859,36.296293501837,
    1.055019917739));
#2231 = CARTESIAN_POINT('',(17.384931982077,36.339364599812,
    0.961335084741));
#2232 = CARTESIAN_POINT('',(17.447735773033,36.377397816866,
    0.859574823847));
#2233 = CARTESIAN_POINT('',(17.501370000636,36.409877542105,
    0.751109313204));
#2234 = CARTESIAN_POINT('',(17.56041180743,36.445631593315,
    0.598168921967));
#2235 = CARTESIAN_POINT('',(17.574421569296,36.454115467471,
    0.558229417759));
#2236 = CARTESIAN_POINT('',(17.587236560461,36.461875793239,
    0.517735572012));
#2237 = CARTESIAN_POINT('',(17.5988360113,36.468900004459,0.476752760045
    ));
#2238 = CARTESIAN_POINT('',(17.630396925017,36.488012108104,
    0.350702539296));
#2239 = CARTESIAN_POINT('',(17.646440481608,36.497727401289,
    0.264292397583));
#2240 = CARTESIAN_POINT('',(17.65718946392,36.504236497283,
    0.176692613486));
#2241 = CARTESIAN_POINT('',(17.66257126873,36.507495474266,
    8.849411085533E-02));
#2242 = CARTESIAN_POINT('',(17.662607088965,36.507517165376,
    -0.131043993449));
#2243 = CARTESIAN_POINT('',(17.650725601134,36.500322274538,
    -0.26239465506));
#2244 = CARTESIAN_POINT('',(17.626942203045,36.485920130315,
    -0.391766498726));
#2245 = CARTESIAN_POINT('',(17.591612954989,36.464526125939,
    -0.517224203707));
#2246 = CARTESIAN_POINT('',(17.501615028456,36.410025925362,
    -0.750589918584));
#2247 = CARTESIAN_POINT('',(17.448016209246,36.377567644668,
    -0.859079317348));
#2248 = CARTESIAN_POINT('',(17.38524563336,36.339554545031,
    -0.960867571859));
#2249 = CARTESIAN_POINT('',(17.314154985988,36.296501962546,
    -1.054584119689));
#2250 = CARTESIAN_POINT('',(17.18607964735,36.21893735419,-1.19273203748
    ));
#2251 = CARTESIAN_POINT('',(17.133416503938,36.187043203952,
    -1.242669015157));
#2252 = CARTESIAN_POINT('',(17.078104458936,36.153544270381,
    -1.288599129861));
#2253 = CARTESIAN_POINT('',(17.02044418871,36.118622552993,
    -1.330275998245));
#2254 = CARTESIAN_POINT('',(16.932176267633,36.065162426049,
    -1.385328142432));
#2255 = CARTESIAN_POINT('',(16.903125918394,36.047567714162,
    -1.402135606628));
#2256 = CARTESIAN_POINT('',(16.873647388784,36.029713511206,
    -1.417899436557));
#2257 = CARTESIAN_POINT('',(16.843777356528,36.011622022706,
    -1.432600351545));
#2258 = CARTESIAN_POINT('',(16.738445441458,35.947824673043,
    -1.480071494823));
#2259 = CARTESIAN_POINT('',(16.661150611394,35.901007761282,
    -1.507254995014));
#2260 = CARTESIAN_POINT('',(16.58224933236,35.85321669188,
    -1.527515708222));
#2261 = CARTESIAN_POINT('',(16.502343300391,35.804815834244,
    -1.540702934348));
#2262 = CARTESIAN_POINT('',(16.422048220182,35.756178118299,
    -1.546770829826));
#2263 = SPHERICAL_SURFACE('',#2264,5.);
#2264 = AXIS2_PLACEMENT_3D('',#2265,#2266,#2267);
#2265 = CARTESIAN_POINT('',(18.79941546148,31.63845726812,0.));
#2266 = DIRECTION('',(0.,0.,1.));
#2267 = DIRECTION('',(-0.5,0.866025403784,0.));
#2268 = ADVANCED_FACE('',(#2269),#2314,.F.);
#2269 = FACE_BOUND('',#2270,.T.);
#2270 = EDGE_LOOP('',(#2271,#2279,#2280,#2281,#2282,#2290,#2299,#2307));
#2271 = ORIENTED_EDGE('',*,*,#2272,.F.);
#2272 = EDGE_CURVE('',#299,#2273,#2275,.T.);
#2273 = VERTEX_POINT('',#2274);
#2274 = CARTESIAN_POINT('',(-12.,-30.,-2.145299461621));
#2275 = LINE('',#2276,#2277);
#2276 = CARTESIAN_POINT('',(-12.,-30.,-50.));
#2277 = VECTOR('',#2278,1.);
#2278 = DIRECTION('',(0.,0.,1.));
#2279 = ORIENTED_EDGE('',*,*,#298,.T.);
#2280 = ORIENTED_EDGE('',*,*,#2179,.F.);
#2281 = ORIENTED_EDGE('',*,*,#1018,.F.);
#2282 = ORIENTED_EDGE('',*,*,#2283,.F.);
#2283 = EDGE_CURVE('',#2284,#1011,#2286,.T.);
#2284 = VERTEX_POINT('',#2285);
#2285 = CARTESIAN_POINT('',(-12.,-30.,2.145299461621));
#2286 = LINE('',#2287,#2288);
#2287 = CARTESIAN_POINT('',(-12.,-30.,-50.));
#2288 = VECTOR('',#2289,1.);
#2289 = DIRECTION('',(0.,0.,1.));
#2290 = ORIENTED_EDGE('',*,*,#2291,.T.);
#2291 = EDGE_CURVE('',#2284,#2292,#2294,.T.);
#2292 = VERTEX_POINT('',#2293);
#2293 = CARTESIAN_POINT('',(-11.96929552354,-29.14211616751,1.65));
#2294 = ELLIPSE('',#2295,13.856406460551,12.);
#2295 = AXIS2_PLACEMENT_3D('',#2296,#2297,#2298);
#2296 = CARTESIAN_POINT('',(0.,-30.,2.145299461621));
#2297 = DIRECTION('',(-1.922962686384E-16,-0.5,-0.866025403784));
#2298 = DIRECTION('',(3.330669073875E-16,0.866025403784,-0.5));
#2299 = ORIENTED_EDGE('',*,*,#2300,.T.);
#2300 = EDGE_CURVE('',#2292,#2301,#2303,.T.);
#2301 = VERTEX_POINT('',#2302);
#2302 = CARTESIAN_POINT('',(-11.96929552354,-29.14211616751,-1.65));
#2303 = LINE('',#2304,#2305);
#2304 = CARTESIAN_POINT('',(-11.96929552354,-29.14211616751,-50.));
#2305 = VECTOR('',#2306,1.);
#2306 = DIRECTION('',(-0.,-0.,-1.));
#2307 = ORIENTED_EDGE('',*,*,#2308,.T.);
#2308 = EDGE_CURVE('',#2301,#2273,#2309,.T.);
#2309 = ELLIPSE('',#2310,13.856406460551,12.);
#2310 = AXIS2_PLACEMENT_3D('',#2311,#2312,#2313);
#2311 = CARTESIAN_POINT('',(0.,-30.,-2.145299461621));
#2312 = DIRECTION('',(1.922962686384E-16,-0.5,0.866025403784));
#2313 = DIRECTION('',(3.330669073875E-16,-0.866025403784,-0.5));
#2314 = CYLINDRICAL_SURFACE('',#2315,12.);
#2315 = AXIS2_PLACEMENT_3D('',#2316,#2317,#2318);
#2316 = CARTESIAN_POINT('',(0.,-30.,-50.));
#2317 = DIRECTION('',(-0.,-0.,-1.));
#2318 = DIRECTION('',(1.,0.,0.));
#2319 = ADVANCED_FACE('',(#2320),#2423,.T.);
#2320 = FACE_BOUND('',#2321,.T.);
#2321 = EDGE_LOOP('',(#2322,#2323,#2324,#2409,#2420,#2421,#2422));
#2322 = ORIENTED_EDGE('',*,*,#820,.F.);
#2323 = ORIENTED_EDGE('',*,*,#2194,.F.);
#2324 = ORIENTED_EDGE('',*,*,#2325,.F.);
#2325 = EDGE_CURVE('',#2326,#2195,#2328,.T.);
#2326 = VERTEX_POINT('',#2327);
#2327 = CARTESIAN_POINT('',(16.336497495911,35.70435631936,-1.55));
#2328 = B_SPLINE_CURVE_WITH_KNOTS('',7,(#2329,#2330,#2331,#2332,#2333,
    #2334,#2335,#2336,#2337,#2338,#2339,#2340,#2341,#2342,#2343,#2344,
    #2345,#2346,#2347,#2348,#2349,#2350,#2351,#2352,#2353,#2354,#2355,
    #2356,#2357,#2358,#2359,#2360,#2361,#2362,#2363,#2364,#2365,#2366,
    #2367,#2368,#2369,#2370,#2371,#2372,#2373,#2374,#2375,#2376,#2377,
    #2378,#2379,#2380,#2381,#2382,#2383,#2384,#2385,#2386,#2387,#2388,
    #2389,#2390,#2391,#2392,#2393,#2394,#2395,#2396,#2397,#2398,#2399,
    #2400,#2401,#2402,#2403,#2404,#2405,#2406,#2407,#2408),
  .UNSPECIFIED.,.F.,.F.,(8,6,6,6,6,6,6,6,6,6,6,6,6,8),(0.,0.114350424399
    ,0.152780941149,0.177410473634,0.205975457279,0.232565663877,
    0.490411210378,0.747273592013,0.773863808192,0.80242880213,
    0.82705834349,0.865488874088,0.979840001955,1.),.UNSPECIFIED.);
#2329 = CARTESIAN_POINT('',(16.336497495911,35.70435631936,-1.55));
#2330 = CARTESIAN_POINT('',(16.267125614322,35.662334308652,-1.55));
#2331 = CARTESIAN_POINT('',(16.19775416826,35.620311726567,
    -1.545050598958));
#2332 = CARTESIAN_POINT('',(16.128692606716,35.578476020138,
    -1.535152494488));
#2333 = CARTESIAN_POINT('',(16.060247784466,35.537013088215,
    -1.520337801818));
#2334 = CARTESIAN_POINT('',(15.992722983625,35.496106687178,
    -1.500670489621));
#2335 = CARTESIAN_POINT('',(15.926416935204,35.455937836644,
    -1.476246815845));
#2336 = CARTESIAN_POINT('',(15.839847053213,35.403491999781,
    -1.437432380857));
#2337 = CARTESIAN_POINT('',(15.81824178708,35.390402996814,
    -1.427146257631));
#2338 = CARTESIAN_POINT('',(15.796818058187,35.377423892272,
    -1.416342242632));
#2339 = CARTESIAN_POINT('',(15.775586743097,35.364561277923,
    -1.405025573829));
#2340 = CARTESIAN_POINT('',(15.754558579005,35.35182166131,
    -1.39320187838));
#2341 = CARTESIAN_POINT('',(15.73374416374,35.339211465744,
    -1.380877172635));
#2342 = CARTESIAN_POINT('',(15.699958005278,35.318742354761,
    -1.359842161402));
#2343 = CARTESIAN_POINT('',(15.686854139307,35.310803437453,
    -1.351423307738));
#2344 = CARTESIAN_POINT('',(15.673845108146,35.302921945398,
    -1.342802986298));
#2345 = CARTESIAN_POINT('',(15.66093363271,35.295099527829,
    -1.33398294524));
#2346 = CARTESIAN_POINT('',(15.648122404528,35.287337816207,
    -1.324964995719));
#2347 = CARTESIAN_POINT('',(15.635414085747,35.27963842422,
    -1.315751011888));
#2348 = CARTESIAN_POINT('',(15.608194786948,35.263147430128,
    -1.295431571545));
#2349 = CARTESIAN_POINT('',(15.5937202264,35.254377883378,
    -1.284259129204));
#2350 = CARTESIAN_POINT('',(15.579391735696,35.245696797819,
    -1.272828626813));
#2351 = CARTESIAN_POINT('',(15.565213361054,35.237106626223,
    -1.261143195938));
#2352 = CARTESIAN_POINT('',(15.551189086707,35.228609783845,
    -1.249206076769));
#2353 = CARTESIAN_POINT('',(15.537322834895,35.22020864842,
    -1.237020618127));
#2354 = CARTESIAN_POINT('',(15.510861518127,35.204176487574,
    -1.21301928093));
#2355 = CARTESIAN_POINT('',(15.498244840884,35.196532372286,
    -1.201236088211));
#2356 = CARTESIAN_POINT('',(15.485771547366,35.188975101644,
    -1.189243488025));
#2357 = CARTESIAN_POINT('',(15.47344469769,35.181506530831,
    -1.177044345558));
#2358 = CARTESIAN_POINT('',(15.46126729886,35.174128482874,
    -1.164641602455));
#2359 = CARTESIAN_POINT('',(15.449242304767,35.166842748635,
    -1.152038276821));
#2360 = CARTESIAN_POINT('',(15.322272106339,35.08991345753,
    -1.015107822978));
#2361 = CARTESIAN_POINT('',(15.22170045286,35.028976306497,
    -0.872326659003));
#2362 = CARTESIAN_POINT('',(15.138474494768,34.978547367614,
    -0.71382559945));
#2363 = CARTESIAN_POINT('',(15.074638102393,34.939866191151,
    -0.543120471939));
#2364 = CARTESIAN_POINT('',(15.031628523603,34.913804564892,
    -0.364035663022));
#2365 = CARTESIAN_POINT('',(15.010275518425,34.900865727383,
    -0.180711759498));
#2366 = CARTESIAN_POINT('',(15.010769273389,34.901164917837,
    0.184907311685));
#2367 = CARTESIAN_POINT('',(15.032451949254,34.914303519057,
    0.367451051814));
#2368 = CARTESIAN_POINT('',(15.075614174453,34.940457634498,
    0.545725588459));
#2369 = CARTESIAN_POINT('',(15.139428383574,34.979125355477,
    0.715640105853));
#2370 = CARTESIAN_POINT('',(15.222468501001,35.029441672814,
    0.873416220778));
#2371 = CARTESIAN_POINT('',(15.322711025808,35.090179392088,
    1.015581173755));
#2372 = CARTESIAN_POINT('',(15.449242304767,35.166842748635,
    1.152038276821));
#2373 = CARTESIAN_POINT('',(15.46126729886,35.174128482874,
    1.164641602455));
#2374 = CARTESIAN_POINT('',(15.47344469769,35.181506530831,
    1.177044345558));
#2375 = CARTESIAN_POINT('',(15.485771547366,35.188975101644,
    1.189243488025));
#2376 = CARTESIAN_POINT('',(15.498244840884,35.196532372286,
    1.201236088211));
#2377 = CARTESIAN_POINT('',(15.510861518127,35.204176487574,
    1.21301928093));
#2378 = CARTESIAN_POINT('',(15.537322834895,35.22020864842,
    1.237020618127));
#2379 = CARTESIAN_POINT('',(15.551189086707,35.228609783845,
    1.249206076769));
#2380 = CARTESIAN_POINT('',(15.565213361054,35.237106626223,
    1.261143195938));
#2381 = CARTESIAN_POINT('',(15.579391735696,35.245696797819,
    1.272828626813));
#2382 = CARTESIAN_POINT('',(15.5937202264,35.254377883378,1.284259129204
    ));
#2383 = CARTESIAN_POINT('',(15.608194786948,35.263147430128,
    1.295431571545));
#2384 = CARTESIAN_POINT('',(15.635414085747,35.27963842422,
    1.315751011888));
#2385 = CARTESIAN_POINT('',(15.648122404528,35.287337816207,
    1.324964995719));
#2386 = CARTESIAN_POINT('',(15.66093363271,35.295099527829,1.33398294524
    ));
#2387 = CARTESIAN_POINT('',(15.673845108146,35.302921945398,
    1.342802986298));
#2388 = CARTESIAN_POINT('',(15.686854139306,35.310803437453,
    1.351423307738));
#2389 = CARTESIAN_POINT('',(15.699958005278,35.318742354761,
    1.359842161402));
#2390 = CARTESIAN_POINT('',(15.73374416374,35.339211465744,
    1.380877172635));
#2391 = CARTESIAN_POINT('',(15.754558579005,35.35182166131,1.39320187838
    ));
#2392 = CARTESIAN_POINT('',(15.775586743097,35.364561277923,
    1.405025573829));
#2393 = CARTESIAN_POINT('',(15.796818058187,35.377423892272,
    1.416342242632));
#2394 = CARTESIAN_POINT('',(15.81824178708,35.390402996814,
    1.427146257631));
#2395 = CARTESIAN_POINT('',(15.839847053213,35.403491999781,
    1.437432380857));
#2396 = CARTESIAN_POINT('',(15.926417310462,35.455938063983,
    1.476246984095));
#2397 = CARTESIAN_POINT('',(15.99272321247,35.496106825807,
    1.500670528475));
#2398 = CARTESIAN_POINT('',(16.060248005436,35.537013222081,
    1.520337874438));
#2399 = CARTESIAN_POINT('',(16.128693239722,35.578476403617,
    1.535152704392));
#2400 = CARTESIAN_POINT('',(16.19775546338,35.620312511121,
    1.545050810536));
#2401 = CARTESIAN_POINT('',(16.267127128225,35.662335225698,1.55));
#2402 = CARTESIAN_POINT('',(16.348727427552,35.711764599295,1.55));
#2403 = CARTESIAN_POINT('',(16.360957370831,35.719172860317,
    1.549846178128));
#2404 = CARTESIAN_POINT('',(16.37318563837,35.726580080306,
    1.549538534337));
#2405 = CARTESIAN_POINT('',(16.385410543267,35.733985237449,
    1.549077099745));
#2406 = CARTESIAN_POINT('',(16.397630399093,35.741387310242,
    1.548461936637));
#2407 = CARTESIAN_POINT('',(16.409843519892,35.748785277488,
    1.547693138459));
#2408 = CARTESIAN_POINT('',(16.422048220182,35.756178118299,
    1.546770829826));
#2409 = ORIENTED_EDGE('',*,*,#2410,.F.);
#2410 = EDGE_CURVE('',#2207,#2326,#2411,.T.);
#2411 = B_SPLINE_CURVE_WITH_KNOTS('',4,(#2412,#2413,#2414,#2415,#2416,
    #2417,#2418,#2419),.UNSPECIFIED.,.F.,.F.,(5,3,5),(0.,0.735402089797,
    1.),.UNSPECIFIED.);
#2412 = CARTESIAN_POINT('',(16.422048220182,35.756178118299,
    -1.546770829826));
#2413 = CARTESIAN_POINT('',(16.406341335569,35.746663874211,
    -1.547957798366));
#2414 = CARTESIAN_POINT('',(16.390618514091,35.737139927699,
    -1.548854193458));
#2415 = CARTESIAN_POINT('',(16.374885618057,35.727609829533,
    -1.549459581631));
#2416 = CARTESIAN_POINT('',(16.353486306244,35.714647270528,
    -1.549886921442));
#2417 = CARTESIAN_POINT('',(16.347823548889,35.711217068518,
    -1.549962307149));
#2418 = CARTESIAN_POINT('',(16.342160521081,35.707786696321,-1.55));
#2419 = CARTESIAN_POINT('',(16.336497495911,35.70435631936,-1.55));
#2420 = ORIENTED_EDGE('',*,*,#2206,.F.);
#2421 = ORIENTED_EDGE('',*,*,#512,.T.);
#2422 = ORIENTED_EDGE('',*,*,#1199,.T.);
#2423 = SPHERICAL_SURFACE('',#2424,5.);
#2424 = AXIS2_PLACEMENT_3D('',#2425,#2426,#2427);
#2425 = CARTESIAN_POINT('',(18.79941546148,31.63845726812,0.));
#2426 = DIRECTION('',(0.,0.,1.));
#2427 = DIRECTION('',(-0.5,0.866025403784,0.));
#2428 = ADVANCED_FACE('',(#2429),#2480,.T.);
#2429 = FACE_BOUND('',#2430,.T.);
#2430 = EDGE_LOOP('',(#2431,#2432,#2433,#2440,#2441,#2442,#2450,#2458,
    #2466,#2474));
#2431 = ORIENTED_EDGE('',*,*,#2283,.T.);
#2432 = ORIENTED_EDGE('',*,*,#1010,.F.);
#2433 = ORIENTED_EDGE('',*,*,#2434,.F.);
#2434 = EDGE_CURVE('',#308,#1003,#2435,.T.);
#2435 = CIRCLE('',#2436,5.);
#2436 = AXIS2_PLACEMENT_3D('',#2437,#2438,#2439);
#2437 = CARTESIAN_POINT('',(-12.,-32.,-2.442490654175E-15));
#2438 = DIRECTION('',(-1.,0.,2.22044604925E-16));
#2439 = DIRECTION('',(-2.22044604925E-16,0.,-1.));
#2440 = ORIENTED_EDGE('',*,*,#307,.F.);
#2441 = ORIENTED_EDGE('',*,*,#2272,.T.);
#2442 = ORIENTED_EDGE('',*,*,#2443,.T.);
#2443 = EDGE_CURVE('',#2273,#2444,#2446,.T.);
#2444 = VERTEX_POINT('',#2445);
#2445 = CARTESIAN_POINT('',(-12.,-32.,-3.3));
#2446 = LINE('',#2447,#2448);
#2447 = CARTESIAN_POINT('',(-12.,-48.86084658918,-13.03461431703));
#2448 = VECTOR('',#2449,1.);
#2449 = DIRECTION('',(0.,-0.866025403784,-0.5));
#2450 = ORIENTED_EDGE('',*,*,#2451,.T.);
#2451 = EDGE_CURVE('',#2444,#2452,#2454,.T.);
#2452 = VERTEX_POINT('',#2453);
#2453 = CARTESIAN_POINT('',(-12.,-34.85788383248,-1.65));
#2454 = LINE('',#2455,#2456);
#2455 = CARTESIAN_POINT('',(-12.,-30.06809532706,-4.41538568297));
#2456 = VECTOR('',#2457,1.);
#2457 = DIRECTION('',(0.,-0.866025403784,0.5));
#2458 = ORIENTED_EDGE('',*,*,#2459,.T.);
#2459 = EDGE_CURVE('',#2452,#2460,#2462,.T.);
#2460 = VERTEX_POINT('',#2461);
#2461 = CARTESIAN_POINT('',(-12.,-34.85788383248,1.65));
#2462 = LINE('',#2463,#2464);
#2463 = CARTESIAN_POINT('',(-12.,-34.85788383248,-24.175));
#2464 = VECTOR('',#2465,1.);
#2465 = DIRECTION('',(0.,4.037174635001E-16,1.));
#2466 = ORIENTED_EDGE('',*,*,#2467,.T.);
#2467 = EDGE_CURVE('',#2460,#2468,#2470,.T.);
#2468 = VERTEX_POINT('',#2469);
#2469 = CARTESIAN_POINT('',(-12.,-32.,3.3));
#2470 = LINE('',#2471,#2472);
#2471 = CARTESIAN_POINT('',(-12.,-50.28978850542,-7.25961431703));
#2472 = VECTOR('',#2473,1.);
#2473 = DIRECTION('',(0.,0.866025403784,0.5));
#2474 = ORIENTED_EDGE('',*,*,#2475,.T.);
#2475 = EDGE_CURVE('',#2468,#2284,#2476,.T.);
#2476 = LINE('',#2477,#2478);
#2477 = CARTESIAN_POINT('',(-12.,-25.78126957832,-0.29038568297));
#2478 = VECTOR('',#2479,1.);
#2479 = DIRECTION('',(0.,0.866025403784,-0.5));
#2480 = PLANE('',#2481);
#2481 = AXIS2_PLACEMENT_3D('',#2482,#2483,#2484);
#2482 = CARTESIAN_POINT('',(-12.,-50.,-50.));
#2483 = DIRECTION('',(1.,0.,0.));
#2484 = DIRECTION('',(0.,0.,1.));
#2485 = ADVANCED_FACE('',(#2486),#2541,.T.);
#2486 = FACE_BOUND('',#2487,.F.);
#2487 = EDGE_LOOP('',(#2488,#2489,#2490,#2540));
#2488 = ORIENTED_EDGE('',*,*,#2434,.F.);
#2489 = ORIENTED_EDGE('',*,*,#315,.T.);
#2490 = ORIENTED_EDGE('',*,*,#2491,.F.);
#2491 = EDGE_CURVE('',#994,#316,#2492,.T.);
#2492 = B_SPLINE_CURVE_WITH_KNOTS('',6,(#2493,#2494,#2495,#2496,#2497,
    #2498,#2499,#2500,#2501,#2502,#2503,#2504,#2505,#2506,#2507,#2508,
    #2509,#2510,#2511,#2512,#2513,#2514,#2515,#2516,#2517,#2518,#2519,
    #2520,#2521,#2522,#2523,#2524,#2525,#2526,#2527,#2528,#2529,#2530,
    #2531,#2532,#2533,#2534,#2535,#2536,#2537,#2538,#2539),
  .UNSPECIFIED.,.F.,.F.,(7,5,5,5,5,5,5,5,5,7),(0.,4.893628290988E-02,
    0.227098995059,0.310592055533,0.500071659534,0.63343938437,
    0.689553174784,0.773046427284,0.951209915395,1.),.UNSPECIFIED.);
#2493 = CARTESIAN_POINT('',(-17.23188542521,-35.,4.));
#2494 = CARTESIAN_POINT('',(-17.22406627788,-35.06006001027,
    3.954954992294));
#2495 = CARTESIAN_POINT('',(-17.21644390192,-35.11934205196,
    3.90880256935));
#2496 = CARTESIAN_POINT('',(-17.2090130524,-35.17781780748,
    3.861560460043));
#2497 = CARTESIAN_POINT('',(-17.20176903487,-35.23545983581,
    3.813247223115));
#2498 = CARTESIAN_POINT('',(-17.19470770544,-35.29224157254,
    3.763882247168));
#2499 = CARTESIAN_POINT('',(-17.16276926443,-35.55163745549,
    3.530006827351));
#2500 = CARTESIAN_POINT('',(-17.14008588222,-35.74339918169,
    3.332850575747));
#2501 = CARTESIAN_POINT('',(-17.11960075218,-35.92216978519,
    3.123000475694));
#2502 = CARTESIAN_POINT('',(-17.10121108133,-36.08686302677,
    2.901570198168));
#2503 = CARTESIAN_POINT('',(-17.08484283152,-36.23652675099,
    2.669782460904));
#2504 = CARTESIAN_POINT('',(-17.06369793156,-36.43308019105,
    2.316132207419));
#2505 = CARTESIAN_POINT('',(-17.05738332864,-36.49232387371,
    2.201302779286));
#2506 = CARTESIAN_POINT('',(-17.05149613419,-36.54801015864,
    2.084628968043));
#2507 = CARTESIAN_POINT('',(-17.04603190664,-36.60006510968,
    1.966251620775));
#2508 = CARTESIAN_POINT('',(-17.04098698432,-36.64842270617,
    1.846315430094));
#2509 = CARTESIAN_POINT('',(-17.02585454498,-36.79424517381,
    1.449584538458));
#2510 = CARTESIAN_POINT('',(-17.017494646,-36.87612859173,1.166924662528
    ));
#2511 = CARTESIAN_POINT('',(-17.01124516364,-36.9379859034,
    0.878743899154));
#2512 = CARTESIAN_POINT('',(-17.00708602559,-36.97936934002,
    0.586847106432));
#2513 = CARTESIAN_POINT('',(-17.00500858473,-37.00003958213,
    0.293078958087));
#2514 = CARTESIAN_POINT('',(-17.00501537076,-36.99997206207,
    -0.207436764181));
#2515 = CARTESIAN_POINT('',(-17.00604936129,-36.98968389466,
    -0.414199612588));
#2516 = CARTESIAN_POINT('',(-17.00811456476,-36.96913576272,
    -0.62031014719));
#2517 = CARTESIAN_POINT('',(-17.01121323178,-36.93838431989,
    -0.825122142013));
#2518 = CARTESIAN_POINT('',(-17.01535013588,-36.89754247076,
    -1.02799687625));
#2519 = CARTESIAN_POINT('',(-17.02271348115,-36.82542092429,
    -1.312582148009));
#2520 = CARTESIAN_POINT('',(-17.02507924188,-36.80230615804,
    -1.396406169046));
#2521 = CARTESIAN_POINT('',(-17.02763072134,-36.77744752485,
    -1.479729328497));
#2522 = CARTESIAN_POINT('',(-17.03036859728,-36.75085926293,
    -1.562505488745));
#2523 = CARTESIAN_POINT('',(-17.03329365761,-36.72255730377,
    -1.644689071656));
#2524 = CARTESIAN_POINT('',(-17.04103893105,-36.64792437558,
    -1.847569575931));
#2525 = CARTESIAN_POINT('',(-17.04608750802,-36.59953440454,
    -1.967492750918));
#2526 = CARTESIAN_POINT('',(-17.05155541616,-36.54744750723,
    -2.085856061059));
#2527 = CARTESIAN_POINT('',(-17.05744632094,-36.4917297465,
    -2.202514831656));
#2528 = CARTESIAN_POINT('',(-17.06376466836,-36.4324550999,
    -2.317328235798));
#2529 = CARTESIAN_POINT('',(-17.08492145579,-36.23580607912,
    -2.670925755828));
#2530 = CARTESIAN_POINT('',(-17.10129799676,-36.08607963512,
    -2.902673329179));
#2531 = CARTESIAN_POINT('',(-17.11969619645,-35.9213265241,
    -3.124059242072));
#2532 = CARTESIAN_POINT('',(-17.1401901669,-35.74249928066,
    -3.33386103021));
#2533 = CARTESIAN_POINT('',(-17.16288279869,-35.5506845075,
    -3.530965312453));
#2534 = CARTESIAN_POINT('',(-17.19481319768,-35.29139333718,
    -3.764619526251));
#2535 = CARTESIAN_POINT('',(-17.20185560887,-35.23477098439,
    -3.813824495974));
#2536 = CARTESIAN_POINT('',(-17.20907965523,-35.17729370879,
    -3.861983828825));
#2537 = CARTESIAN_POINT('',(-17.21648944663,-35.11898784232,
    -3.909078314457));
#2538 = CARTESIAN_POINT('',(-17.22408963719,-35.05988058401,
    -3.955089561986));
#2539 = CARTESIAN_POINT('',(-17.23188542521,-35.,-4.));
#2540 = ORIENTED_EDGE('',*,*,#1002,.F.);
#2541 = CYLINDRICAL_SURFACE('',#2542,5.);
#2542 = AXIS2_PLACEMENT_3D('',#2543,#2544,#2545);
#2543 = CARTESIAN_POINT('',(-23.,-32.,0.));
#2544 = DIRECTION('',(-1.,-0.,2.22044604925E-16));
#2545 = DIRECTION('',(-2.22044604925E-16,0.,-1.));
#2546 = ADVANCED_FACE('',(#2547,#2559),#2694,.T.);
#2547 = FACE_BOUND('',#2548,.T.);
#2548 = EDGE_LOOP('',(#2549,#2550,#2557,#2558));
#2549 = ORIENTED_EDGE('',*,*,#993,.F.);
#2550 = ORIENTED_EDGE('',*,*,#2551,.F.);
#2551 = EDGE_CURVE('',#324,#986,#2552,.T.);
#2552 = CIRCLE('',#2553,4.974937185533);
#2553 = AXIS2_PLACEMENT_3D('',#2554,#2555,#2556);
#2554 = CARTESIAN_POINT('',(-18.5,-32.1,0.));
#2555 = DIRECTION('',(1.,0.,-0.));
#2556 = DIRECTION('',(0.,0.,1.));
#2557 = ORIENTED_EDGE('',*,*,#323,.T.);
#2558 = ORIENTED_EDGE('',*,*,#2491,.F.);
#2559 = FACE_BOUND('',#2560,.T.);
#2560 = EDGE_LOOP('',(#2561));
#2561 = ORIENTED_EDGE('',*,*,#2562,.T.);
#2562 = EDGE_CURVE('',#2563,#2563,#2565,.T.);
#2563 = VERTEX_POINT('',#2564);
#2564 = CARTESIAN_POINT('',(-22.75263085038,-32.,-1.55));
#2565 = B_SPLINE_CURVE_WITH_KNOTS('',7,(#2566,#2567,#2568,#2569,#2570,
    #2571,#2572,#2573,#2574,#2575,#2576,#2577,#2578,#2579,#2580,#2581,
    #2582,#2583,#2584,#2585,#2586,#2587,#2588,#2589,#2590,#2591,#2592,
    #2593,#2594,#2595,#2596,#2597,#2598,#2599,#2600,#2601,#2602,#2603,
    #2604,#2605,#2606,#2607,#2608,#2609,#2610,#2611,#2612,#2613,#2614,
    #2615,#2616,#2617,#2618,#2619,#2620,#2621,#2622,#2623,#2624,#2625,
    #2626,#2627,#2628,#2629,#2630,#2631,#2632,#2633,#2634,#2635,#2636,
    #2637,#2638,#2639,#2640,#2641,#2642,#2643,#2644,#2645,#2646,#2647,
    #2648,#2649,#2650,#2651,#2652,#2653,#2654,#2655,#2656,#2657,#2658,
    #2659,#2660,#2661,#2662,#2663,#2664,#2665,#2666,#2667,#2668,#2669,
    #2670,#2671,#2672,#2673,#2674,#2675,#2676,#2677,#2678,#2679,#2680,
    #2681,#2682,#2683,#2684,#2685,#2686,#2687,#2688,#2689,#2690,#2691,
    #2692,#2693),.UNSPECIFIED.,.T.,.F.,(8,6,6,6,6,6,6,6,6,6,6,6,6,6,6,6,
    6,6,6,6,6,8),(0.,5.835164778387E-02,7.796227878381E-02,
    9.053043331597E-02,0.105106801295,0.118675464272,0.250250948939,
    0.381324736386,0.394893404252,0.409469777483,0.422037936544,
    0.44164857461,0.500000581366,0.557849621931,0.618675519815,
    0.750250820501,0.881324423998,0.895395631987,0.909972053217,
    0.922540257817,0.942150968163,1.),.UNSPECIFIED.);
#2566 = CARTESIAN_POINT('',(-22.75263085038,-32.,-1.55));
#2567 = CARTESIAN_POINT('',(-22.75092466238,-31.91891118288,-1.55));
#2568 = CARTESIAN_POINT('',(-22.74921776179,-31.83782245725,
    -1.545050598958));
#2569 = CARTESIAN_POINT('',(-22.74751775801,-31.75709553731,
    -1.535152494488));
#2570 = CARTESIAN_POINT('',(-22.74583221678,-31.67708911652,
    -1.520337801817));
#2571 = CARTESIAN_POINT('',(-22.74416863472,-31.59815772309,
    -1.500670489621));
#2572 = CARTESIAN_POINT('',(-22.74253441393,-31.52065057547,
    -1.476246815845));
#2573 = CARTESIAN_POINT('',(-22.74039992788,-31.41945594003,
    -1.437432380857));
#2574 = CARTESIAN_POINT('',(-22.73986715187,-31.39420072922,
    -1.427146257631));
#2575 = CARTESIAN_POINT('',(-22.73933878206,-31.36915768348,
    -1.416342242632));
#2576 = CARTESIAN_POINT('',(-22.73881508882,-31.34433951808,
    -1.405025573829));
#2577 = CARTESIAN_POINT('',(-22.73829633924,-31.31975878548,
    -1.39320187838));
#2578 = CARTESIAN_POINT('',(-22.73778279717,-31.29542787531,
    -1.380877172635));
#2579 = CARTESIAN_POINT('',(-22.7369491063,-31.2559336483,
    -1.359842161402));
#2580 = CARTESIAN_POINT('',(-22.73662573522,-31.24061590882,
    -1.351423307738));
#2581 = CARTESIAN_POINT('',(-22.73630467846,-31.22540901133,
    -1.342802986298));
#2582 = CARTESIAN_POINT('',(-22.73598600384,-31.21031613682,
    -1.33398294524));
#2583 = CARTESIAN_POINT('',(-22.73566977849,-31.19534043195,
    -1.324964995719));
#2584 = CARTESIAN_POINT('',(-22.73535606883,-31.18048500905,
    -1.315751011888));
#2585 = CARTESIAN_POINT('',(-22.73468409841,-31.14866690777,
    -1.295431571545));
#2586 = CARTESIAN_POINT('',(-22.73432672842,-31.13174679725,
    -1.284259129204));
#2587 = CARTESIAN_POINT('',(-22.73397293314,-31.11499741753,
    -1.272828626813));
#2588 = CARTESIAN_POINT('',(-22.73362281364,-31.09842349911,
    -1.261143195938));
#2589 = CARTESIAN_POINT('',(-22.73327646946,-31.08202970006,
    -1.249206076769));
#2590 = CARTESIAN_POINT('',(-22.73293399867,-31.06582060602,
    -1.237020618127));
#2591 = CARTESIAN_POINT('',(-22.73228039848,-31.03488835306,
    -1.21301928093));
#2592 = CARTESIAN_POINT('',(-22.73196873907,-31.02013993242,
    -1.201236088211));
#2593 = CARTESIAN_POINT('',(-22.73166059747,-31.00555910804,
    -1.189243488025));
#2594 = CARTESIAN_POINT('',(-22.73135605026,-30.99114945766,
    -1.177044345558));
#2595 = CARTESIAN_POINT('',(-22.73105517271,-30.97691449695,
    -1.164641602455));
#2596 = CARTESIAN_POINT('',(-22.73075803882,-30.96285767946,
    -1.152038276821));
#2597 = CARTESIAN_POINT('',(-22.72762041764,-30.81443361655,
    -1.015107822978));
#2598 = CARTESIAN_POINT('',(-22.72513312356,-30.69686743422,
    -0.872326659003));
#2599 = CARTESIAN_POINT('',(-22.72307336044,-30.59957717081,
    -0.71382559945));
#2600 = CARTESIAN_POINT('',(-22.72149267517,-30.5249526451,
    -0.543120471939));
#2601 = CARTESIAN_POINT('',(-22.72042743416,-30.47467444413,
    -0.364035663023));
#2602 = CARTESIAN_POINT('',(-22.71989857477,-30.44971278045,
    -0.180711759498));
#2603 = CARTESIAN_POINT('',(-22.71991080382,-30.45028998002,
    0.184907311685));
#2604 = CARTESIAN_POINT('',(-22.72044782831,-30.47563702875,
    0.367451051814));
#2605 = CARTESIAN_POINT('',(-22.7215168441,-30.52609366997,
    0.545725588459));
#2606 = CARTESIAN_POINT('',(-22.72309696821,-30.60069225668,
    0.715640105854));
#2607 = CARTESIAN_POINT('',(-22.72515211854,-30.69776526658,
    0.873416220777));
#2608 = CARTESIAN_POINT('',(-22.72763126399,-30.81494669924,
    1.015581173755));
#2609 = CARTESIAN_POINT('',(-22.73075803882,-30.96285767946,
    1.152038276821));
#2610 = CARTESIAN_POINT('',(-22.73105517271,-30.97691449695,
    1.164641602455));
#2611 = CARTESIAN_POINT('',(-22.73135605026,-30.99114945766,
    1.177044345558));
#2612 = CARTESIAN_POINT('',(-22.73166059747,-31.00555910804,
    1.189243488025));
#2613 = CARTESIAN_POINT('',(-22.73196873907,-31.02013993242,
    1.201236088211));
#2614 = CARTESIAN_POINT('',(-22.73228039848,-31.03488835306,
    1.21301928093));
#2615 = CARTESIAN_POINT('',(-22.73293399867,-31.06582060602,
    1.237020618127));
#2616 = CARTESIAN_POINT('',(-22.73327646946,-31.08202970006,
    1.249206076769));
#2617 = CARTESIAN_POINT('',(-22.73362281364,-31.09842349911,
    1.261143195938));
#2618 = CARTESIAN_POINT('',(-22.73397293314,-31.11499741753,
    1.272828626813));
#2619 = CARTESIAN_POINT('',(-22.73432672842,-31.13174679725,
    1.284259129204));
#2620 = CARTESIAN_POINT('',(-22.73468409841,-31.14866690777,
    1.295431571545));
#2621 = CARTESIAN_POINT('',(-22.73535606883,-31.18048500905,
    1.315751011888));
#2622 = CARTESIAN_POINT('',(-22.73566977849,-31.19534043195,
    1.324964995719));
#2623 = CARTESIAN_POINT('',(-22.73598600384,-31.21031613682,
    1.33398294524));
#2624 = CARTESIAN_POINT('',(-22.73630467846,-31.22540901133,
    1.342802986298));
#2625 = CARTESIAN_POINT('',(-22.73662573522,-31.24061590882,
    1.351423307738));
#2626 = CARTESIAN_POINT('',(-22.7369491063,-31.2559336483,1.359842161402
    ));
#2627 = CARTESIAN_POINT('',(-22.73778279717,-31.29542787531,
    1.380877172635));
#2628 = CARTESIAN_POINT('',(-22.73829633924,-31.31975878548,
    1.39320187838));
#2629 = CARTESIAN_POINT('',(-22.73881508882,-31.34433951808,
    1.405025573829));
#2630 = CARTESIAN_POINT('',(-22.73933878206,-31.36915768348,
    1.416342242632));
#2631 = CARTESIAN_POINT('',(-22.73986715187,-31.39420072922,
    1.427146257631));
#2632 = CARTESIAN_POINT('',(-22.74039992788,-31.41945594003,
    1.437432380857));
#2633 = CARTESIAN_POINT('',(-22.74253442318,-31.52065101412,
    1.476246984095));
#2634 = CARTESIAN_POINT('',(-22.74416864036,-31.59815799059,
    1.500670528475));
#2635 = CARTESIAN_POINT('',(-22.74583222222,-31.67708937482,
    1.520337874438));
#2636 = CARTESIAN_POINT('',(-22.74751777361,-31.75709627725,
    1.535152704392));
#2637 = CARTESIAN_POINT('',(-22.74921779368,-31.83782397113,
    1.545050810536));
#2638 = CARTESIAN_POINT('',(-22.75092469961,-31.91891295248,1.55));
#2639 = CARTESIAN_POINT('',(-22.75432229494,-32.08038811622,1.55));
#2640 = CARTESIAN_POINT('',(-22.75601307713,-32.16077812648,
    1.54513576793));
#2641 = CARTESIAN_POINT('',(-22.75769575212,-32.24081617365,
    1.535407554636));
#2642 = CARTESIAN_POINT('',(-22.75936296926,-32.32015196142,
    1.520846448749));
#2643 = CARTESIAN_POINT('',(-22.76100749182,-32.39843976568,
    1.501514469388));
#2644 = CARTESIAN_POINT('',(-22.76262221672,-32.47533944592,
    1.477504658883));
#2645 = CARTESIAN_POINT('',(-22.76585937311,-32.62956405709,
    1.418907842035));
#2646 = CARTESIAN_POINT('',(-22.76747801775,-32.70671164284,
    1.383838422073));
#2647 = CARTESIAN_POINT('',(-22.76904803785,-32.78157195697,
    1.343878024062));
#2648 = CARTESIAN_POINT('',(-22.77056172534,-32.85377409911,
    1.299206565036));
#2649 = CARTESIAN_POINT('',(-22.7720117845,-32.9229661809,1.250038310719
    ));
#2650 = CARTESIAN_POINT('',(-22.77339136184,-32.98881698154,
    1.196621415633));
#2651 = CARTESIAN_POINT('',(-22.77751203738,-33.18556663242,
    1.015107593277));
#2652 = CARTESIAN_POINT('',(-22.77997237623,-33.30313293249,
    0.872326193665));
#2653 = CARTESIAN_POINT('',(-22.78200700476,-33.40042316539,
    0.713824970501));
#2654 = CARTESIAN_POINT('',(-22.78356686972,-33.47504756603,
    0.543119820079));
#2655 = CARTESIAN_POINT('',(-22.78461758033,-33.52532562557,
    0.364035149845));
#2656 = CARTESIAN_POINT('',(-22.7851392293,-33.55028721914,
    0.180711503917));
#2657 = CARTESIAN_POINT('',(-22.78512716697,-33.54971002038,
    -0.184907056146));
#2658 = CARTESIAN_POINT('',(-22.78459746421,-33.52436304229,
    -0.367450540526));
#2659 = CARTESIAN_POINT('',(-22.78354301894,-33.47390654159,
    -0.545724940237));
#2660 = CARTESIAN_POINT('',(-22.7819836849,-33.39930807848,
    -0.715639481114));
#2661 = CARTESIAN_POINT('',(-22.77995358698,-33.302235098,
    -0.873415758845));
#2662 = CARTESIAN_POINT('',(-22.77750129147,-33.18505354786,
    -1.015580945786));
#2663 = CARTESIAN_POINT('',(-22.77439271178,-33.03662837765,
    -1.152512421178));
#2664 = CARTESIAN_POINT('',(-22.77408723634,-33.02204391937,
    -1.165574990862));
#2665 = CARTESIAN_POINT('',(-22.77377772794,-33.00726801122,
    -1.178421720666));
#2666 = CARTESIAN_POINT('',(-22.77346426622,-32.99230450766,
    -1.191049247532));
#2667 = CARTESIAN_POINT('',(-22.77314693237,-32.97715733477,
    -1.203454296957));
#2668 = CARTESIAN_POINT('',(-22.77282580905,-32.9618304903,
    -1.215633682988));
#2669 = CARTESIAN_POINT('',(-22.77216448925,-32.93026899651,
    -1.239964009205));
#2670 = CARTESIAN_POINT('',(-22.77182402184,-32.91402150666,
    -1.252098230705));
#2671 = CARTESIAN_POINT('',(-22.77147967185,-32.89759009818,
    -1.263983529685));
#2672 = CARTESIAN_POINT('',(-22.77113153444,-32.88097936721,
    -1.275616571962));
#2673 = CARTESIAN_POINT('',(-22.7707797063,-32.86419398197,
    -1.286994132213));
#2674 = CARTESIAN_POINT('',(-22.77042428567,-32.84723868275,
    -1.298113093969));
#2675 = CARTESIAN_POINT('',(-22.76975590706,-32.81535658586,
    -1.318331970192));
#2676 = CARTESIAN_POINT('',(-22.7694438451,-32.80047214397,
    -1.327499004561));
#2677 = CARTESIAN_POINT('',(-22.76912925042,-32.78546804031,
    -1.336469625396));
#2678 = CARTESIAN_POINT('',(-22.76881218769,-32.77034739304,
    -1.345241968467));
#2679 = CARTESIAN_POINT('',(-22.76849272233,-32.75511335442,
    -1.353814232649));
#2680 = CARTESIAN_POINT('',(-22.76817092051,-32.73976911087,
    -1.362184679916));
#2681 = CARTESIAN_POINT('',(-22.76734118656,-32.70020866717,
    -1.383094887263));
#2682 = CARTESIAN_POINT('',(-22.76682999807,-32.67583896574,
    -1.395342709191));
#2683 = CARTESIAN_POINT('',(-22.76631353802,-32.65122102519,
    -1.407088734528));
#2684 = CARTESIAN_POINT('',(-22.76579206435,-32.6263672536,
    -1.418326986314));
#2685 = CARTESIAN_POINT('',(-22.76526583854,-32.6012902206,
    -1.429051877238));
#2686 = CARTESIAN_POINT('',(-22.76473512565,-32.57600265736,
    -1.439258209633));
#2687 = CARTESIAN_POINT('',(-22.76262221672,-32.47533944592,
    -1.477504658883));
#2688 = CARTESIAN_POINT('',(-22.76100749182,-32.39843976568,
    -1.501514469388));
#2689 = CARTESIAN_POINT('',(-22.75936296926,-32.32015196142,
    -1.520846448749));
#2690 = CARTESIAN_POINT('',(-22.75769575212,-32.24081617365,
    -1.535407554636));
#2691 = CARTESIAN_POINT('',(-22.75601307713,-32.16077812648,
    -1.54513576793));
#2692 = CARTESIAN_POINT('',(-22.75432229494,-32.08038811622,-1.55));
#2693 = CARTESIAN_POINT('',(-22.75263085038,-32.,-1.55));
#2694 = SPHERICAL_SURFACE('',#2695,5.);
#2695 = AXIS2_PLACEMENT_3D('',#2696,#2697,#2698);
#2696 = CARTESIAN_POINT('',(-18.,-32.1,0.));
#2697 = DIRECTION('',(0.,0.,1.));
#2698 = DIRECTION('',(1.,0.,0.));
#2699 = ADVANCED_FACE('',(#2700),#2711,.F.);
#2700 = FACE_BOUND('',#2701,.F.);
#2701 = EDGE_LOOP('',(#2702,#2708,#2709,#2710));
#2702 = ORIENTED_EDGE('',*,*,#2703,.F.);
#2703 = EDGE_CURVE('',#977,#333,#2704,.T.);
#2704 = LINE('',#2705,#2706);
#2705 = CARTESIAN_POINT('',(-18.5,-23.61673135723,-4.));
#2706 = VECTOR('',#2707,1.);
#2707 = DIRECTION('',(-0.,-0.,-1.));
#2708 = ORIENTED_EDGE('',*,*,#985,.F.);
#2709 = ORIENTED_EDGE('',*,*,#2551,.F.);
#2710 = ORIENTED_EDGE('',*,*,#332,.F.);
#2711 = PLANE('',#2712);
#2712 = AXIS2_PLACEMENT_3D('',#2713,#2714,#2715);
#2713 = CARTESIAN_POINT('',(-18.5,-61.5,-50.));
#2714 = DIRECTION('',(1.,0.,0.));
#2715 = DIRECTION('',(0.,0.,1.));
#2716 = ADVANCED_FACE('',(#2717),#2728,.T.);
#2717 = FACE_BOUND('',#2718,.F.);
#2718 = EDGE_LOOP('',(#2719,#2720,#2721,#2727));
#2719 = ORIENTED_EDGE('',*,*,#2703,.T.);
#2720 = ORIENTED_EDGE('',*,*,#340,.F.);
#2721 = ORIENTED_EDGE('',*,*,#2722,.F.);
#2722 = EDGE_CURVE('',#968,#341,#2723,.T.);
#2723 = LINE('',#2724,#2725);
#2724 = CARTESIAN_POINT('',(-23.24365415478,-18.96661650197,-4.));
#2725 = VECTOR('',#2726,1.);
#2726 = DIRECTION('',(0.,0.,-1.));
#2727 = ORIENTED_EDGE('',*,*,#976,.T.);
#2728 = CYLINDRICAL_SURFACE('',#2729,30.);
#2729 = AXIS2_PLACEMENT_3D('',#2730,#2731,#2732);
#2730 = CARTESIAN_POINT('',(0.,0.,-4.));
#2731 = DIRECTION('',(-0.,-0.,-1.));
#2732 = DIRECTION('',(1.,0.,0.));
#2733 = ADVANCED_FACE('',(#2734),#2745,.T.);
#2734 = FACE_BOUND('',#2735,.F.);
#2735 = EDGE_LOOP('',(#2736,#2737,#2738,#2739));
#2736 = ORIENTED_EDGE('',*,*,#478,.F.);
#2737 = ORIENTED_EDGE('',*,*,#708,.F.);
#2738 = ORIENTED_EDGE('',*,*,#838,.T.);
#2739 = ORIENTED_EDGE('',*,*,#2740,.T.);
#2740 = EDGE_CURVE('',#839,#471,#2741,.T.);
#2741 = LINE('',#2742,#2743);
#2742 = CARTESIAN_POINT('',(-11.20268930972,27.829835648632,-4.));
#2743 = VECTOR('',#2744,1.);
#2744 = DIRECTION('',(-0.,-0.,-1.));
#2745 = CYLINDRICAL_SURFACE('',#2746,30.);
#2746 = AXIS2_PLACEMENT_3D('',#2747,#2748,#2749);
#2747 = CARTESIAN_POINT('',(0.,0.,-4.));
#2748 = DIRECTION('',(-0.,-0.,-1.));
#2749 = DIRECTION('',(1.,0.,0.));
#2750 = ADVANCED_FACE('',(#2751),#2764,.T.);
#2751 = FACE_BOUND('',#2752,.F.);
#2752 = EDGE_LOOP('',(#2753,#2759,#2760,#2761,#2762,#2763));
#2753 = ORIENTED_EDGE('',*,*,#2754,.F.);
#2754 = EDGE_CURVE('',#950,#359,#2755,.T.);
#2755 = LINE('',#2756,#2757);
#2756 = CARTESIAN_POINT('',(-28.04739879193,-10.64628672383,-4.));
#2757 = VECTOR('',#2758,1.);
#2758 = DIRECTION('',(0.,0.,-1.));
#2759 = ORIENTED_EDGE('',*,*,#958,.T.);
#2760 = ORIENTED_EDGE('',*,*,#967,.T.);
#2761 = ORIENTED_EDGE('',*,*,#2722,.T.);
#2762 = ORIENTED_EDGE('',*,*,#349,.F.);
#2763 = ORIENTED_EDGE('',*,*,#358,.F.);
#2764 = CYLINDRICAL_SURFACE('',#2765,5.);
#2765 = AXIS2_PLACEMENT_3D('',#2766,#2767,#2768);
#2766 = CARTESIAN_POINT('',(-26.84678751731,-15.5,-4.));
#2767 = DIRECTION('',(0.,0.,-1.));
#2768 = DIRECTION('',(-0.5,0.866025403784,0.));
#2769 = ADVANCED_FACE('',(#2770),#2782,.F.);
#2770 = FACE_BOUND('',#2771,.F.);
#2771 = EDGE_LOOP('',(#2772,#2773,#2774,#2781));
#2772 = ORIENTED_EDGE('',*,*,#2740,.F.);
#2773 = ORIENTED_EDGE('',*,*,#847,.F.);
#2774 = ORIENTED_EDGE('',*,*,#2775,.F.);
#2775 = EDGE_CURVE('',#462,#848,#2776,.T.);
#2776 = CIRCLE('',#2777,4.974937185533);
#2777 = AXIS2_PLACEMENT_3D('',#2778,#2779,#2780);
#2778 = CARTESIAN_POINT('',(-18.54941546148,32.071469970012,0.));
#2779 = DIRECTION('',(-0.5,-0.866025403784,0.));
#2780 = DIRECTION('',(0.,0.,1.));
#2781 = ORIENTED_EDGE('',*,*,#470,.F.);
#2782 = PLANE('',#2783);
#2783 = AXIS2_PLACEMENT_3D('',#2784,#2785,#2786);
#2784 = CARTESIAN_POINT('',(-44.01056233274,46.771469970012,-50.));
#2785 = DIRECTION('',(-0.5,-0.866025403784,0.));
#2786 = DIRECTION('',(0.,0.,1.));
#2787 = ADVANCED_FACE('',(#2788,#2843),#2978,.T.);
#2788 = FACE_BOUND('',#2789,.T.);
#2789 = EDGE_LOOP('',(#2790,#2791,#2792,#2793));
#2790 = ORIENTED_EDGE('',*,*,#855,.F.);
#2791 = ORIENTED_EDGE('',*,*,#2775,.F.);
#2792 = ORIENTED_EDGE('',*,*,#461,.T.);
#2793 = ORIENTED_EDGE('',*,*,#2794,.F.);
#2794 = EDGE_CURVE('',#856,#454,#2795,.T.);
#2795 = B_SPLINE_CURVE_WITH_KNOTS('',6,(#2796,#2797,#2798,#2799,#2800,
    #2801,#2802,#2803,#2804,#2805,#2806,#2807,#2808,#2809,#2810,#2811,
    #2812,#2813,#2814,#2815,#2816,#2817,#2818,#2819,#2820,#2821,#2822,
    #2823,#2824,#2825,#2826,#2827,#2828,#2829,#2830,#2831,#2832,#2833,
    #2834,#2835,#2836,#2837,#2838,#2839,#2840,#2841,#2842),
  .UNSPECIFIED.,.F.,.F.,(7,5,5,5,5,5,5,5,5,7),(0.,4.893628290988E-02,
    0.227098995059,0.310592055533,0.500071659534,0.63343938437,
    0.689553174784,0.773046427284,0.951209915395,1.),.UNSPECIFIED.);
#2796 = CARTESIAN_POINT('',(-21.69494641984,32.423250533337,4.));
#2797 = CARTESIAN_POINT('',(-21.75086948816,32.44650895825,
    3.954954992294));
#2798 = CARTESIAN_POINT('',(-21.80602043023,32.469548807884,
    3.90880256935));
#2799 = CARTESIAN_POINT('',(-21.86037734478,32.49235138118,
    3.861560460043));
#2800 = CARTESIAN_POINT('',(-21.9139188144,32.514898892142,
    3.813247223115));
#2801 = CARTESIAN_POINT('',(-21.96662390559,32.53717446984,
    3.763882247168));
#2802 = CARTESIAN_POINT('',(-22.20723655037,32.63921291004,
    3.530006827351));
#2803 = CARTESIAN_POINT('',(-22.38464876784,32.715449387895,
    3.332850575747));
#2804 = CARTESIAN_POINT('',(-22.54971121694,32.787094046635,
    3.123000475694));
#2805 = CARTESIAN_POINT('',(-22.7015345834,32.853514745303,
    2.901570198168));
#2806 = CARTESIAN_POINT('',(-22.83933129551,32.91417128726,
    2.669782460904));
#2807 = CARTESIAN_POINT('',(-23.02012401778,32.994135986764,
    2.316132207419));
#2808 = CARTESIAN_POINT('',(-23.07458785344,33.018289221555,
    2.201302779286));
#2809 = CARTESIAN_POINT('',(-23.12575718806,33.041033904063,
    2.084628968043));
#2810 = CARTESIAN_POINT('',(-23.17357021183,33.062329219714,
    1.966251620775));
#2811 = CARTESIAN_POINT('',(-23.21797158001,33.082138987072,
    1.846315430094));
#2812 = CARTESIAN_POINT('',(-23.3518237611,33.141945144002,
    1.449584538458));
#2813 = CARTESIAN_POINT('',(-23.42691683066,33.17564696807,
    1.166924662528));
#2814 = CARTESIAN_POINT('',(-23.48361157515,33.201163413422,
    0.878743899154));
#2815 = CARTESIAN_POINT('',(-23.52153025158,33.218253212528,
    0.586847106432));
#2816 = CARTESIAN_POINT('',(-23.54046992678,33.226789217023,
    0.293078958087));
#2817 = CARTESIAN_POINT('',(-23.54040805969,33.226761333861,
    -0.207436764181));
#2818 = CARTESIAN_POINT('',(-23.53098125008,33.222512712219,
    -0.414199612588));
#2819 = CARTESIAN_POINT('',(-23.51215344409,33.214027164919,
    -0.62031014719));
#2820 = CARTESIAN_POINT('',(-23.48397257988,33.201334967864,
    -0.825122142013));
#2821 = CARTESIAN_POINT('',(-23.44653404895,33.184496707344,
    -1.02799687625));
#2822 = CARTESIAN_POINT('',(-23.38039328491,33.154812778169,
    -1.312582148009));
#2823 = CARTESIAN_POINT('',(-23.35919242978,33.145304203936,
    -1.396406169046));
#2824 = CARTESIAN_POINT('',(-23.3363884822,33.135084533368,
    -1.479729328497));
#2825 = CARTESIAN_POINT('',(-23.31199343396,33.124161472531,
    -1.562505488745));
#2826 = CARTESIAN_POINT('',(-23.28602068819,33.112543669501,
    -1.644689071656));
#2827 = CARTESIAN_POINT('',(-23.2175140397,33.081934808967,
    -1.847569575931));
#2828 = CARTESIAN_POINT('',(-23.17308280701,33.062112019355,
    -1.967492750918));
#2829 = CARTESIAN_POINT('',(-23.12524027665,33.040803918055,
    -2.085856061059));
#2830 = CARTESIAN_POINT('',(-23.07404182803,33.018046710883,
    -2.202514831656));
#2831 = CARTESIAN_POINT('',(-23.01954930457,32.993881236955,
    -2.317328235798));
#2832 = CARTESIAN_POINT('',(-22.83866786322,32.913879041944,
    -2.670925755828));
#2833 = CARTESIAN_POINT('',(-22.70081268862,32.853198320449,
    -2.902673329179));
#2834 = CARTESIAN_POINT('',(-22.54893320928,32.786755073253,
    -3.124059242072));
#2835 = CARTESIAN_POINT('',(-22.38381728834,32.715089750568,
    -3.33386103021));
#2836 = CARTESIAN_POINT('',(-22.20635450607,32.63883475959,
    -3.530965312453));
#2837 = CARTESIAN_POINT('',(-21.96583656611,32.536841711116,
    -3.764619526251));
#2838 = CARTESIAN_POINT('',(-21.91327896458,32.514629441717,
    -3.813824495974));
#2839 = CARTESIAN_POINT('',(-21.85989016059,32.492147011581,
    -3.861983828825));
#2840 = CARTESIAN_POINT('',(-21.80569090333,32.469411145939,
    -3.909078314457));
#2841 = CARTESIAN_POINT('',(-21.75070242081,32.446439474877,
    -3.955089561986));
#2842 = CARTESIAN_POINT('',(-21.69494641984,32.423250533337,-4.));
#2843 = FACE_BOUND('',#2844,.T.);
#2844 = EDGE_LOOP('',(#2845));
#2845 = ORIENTED_EDGE('',*,*,#2846,.T.);
#2846 = EDGE_CURVE('',#2847,#2847,#2849,.T.);
#2847 = VERTEX_POINT('',#2848);
#2848 = CARTESIAN_POINT('',(-16.33649749591,35.70435631936,-1.55));
#2849 = B_SPLINE_CURVE_WITH_KNOTS('',7,(#2850,#2851,#2852,#2853,#2854,
    #2855,#2856,#2857,#2858,#2859,#2860,#2861,#2862,#2863,#2864,#2865,
    #2866,#2867,#2868,#2869,#2870,#2871,#2872,#2873,#2874,#2875,#2876,
    #2877,#2878,#2879,#2880,#2881,#2882,#2883,#2884,#2885,#2886,#2887,
    #2888,#2889,#2890,#2891,#2892,#2893,#2894,#2895,#2896,#2897,#2898,
    #2899,#2900,#2901,#2902,#2903,#2904,#2905,#2906,#2907,#2908,#2909,
    #2910,#2911,#2912,#2913,#2914,#2915,#2916,#2917,#2918,#2919,#2920,
    #2921,#2922,#2923,#2924,#2925,#2926,#2927,#2928,#2929,#2930,#2931,
    #2932,#2933,#2934,#2935,#2936,#2937,#2938,#2939,#2940,#2941,#2942,
    #2943,#2944,#2945,#2946,#2947,#2948,#2949,#2950,#2951,#2952,#2953,
    #2954,#2955,#2956,#2957,#2958,#2959,#2960,#2961,#2962,#2963,#2964,
    #2965,#2966,#2967,#2968,#2969,#2970,#2971,#2972,#2973,#2974,#2975,
    #2976,#2977),.UNSPECIFIED.,.T.,.F.,(8,6,6,6,6,6,6,6,6,6,6,6,6,6,6,6,
    6,6,6,6,6,8),(0.,5.835164778387E-02,7.796227878381E-02,
    9.053043331597E-02,0.105106801295,0.118675464272,0.250250948939,
    0.381324736386,0.394893404252,0.409469777483,0.422037936544,
    0.44164857461,0.500000581366,0.557849621931,0.618675519815,
    0.750250820501,0.881324423998,0.895395631987,0.909972053217,
    0.922540257817,0.942150968163,1.),.UNSPECIFIED.);
#2850 = CARTESIAN_POINT('',(-16.33649749591,35.70435631936,-1.55));
#2851 = CARTESIAN_POINT('',(-16.26712561432,35.662334308652,-1.55));
#2852 = CARTESIAN_POINT('',(-16.19775416826,35.620311726567,
    -1.545050598958));
#2853 = CARTESIAN_POINT('',(-16.12869260671,35.578476020138,
    -1.535152494488));
#2854 = CARTESIAN_POINT('',(-16.06024778446,35.537013088215,
    -1.520337801817));
#2855 = CARTESIAN_POINT('',(-15.99272298362,35.496106687178,
    -1.500670489621));
#2856 = CARTESIAN_POINT('',(-15.9264169352,35.455937836644,
    -1.476246815845));
#2857 = CARTESIAN_POINT('',(-15.83984705321,35.403491999781,
    -1.437432380857));
#2858 = CARTESIAN_POINT('',(-15.81824178708,35.390402996814,
    -1.427146257631));
#2859 = CARTESIAN_POINT('',(-15.79681805818,35.377423892272,
    -1.416342242632));
#2860 = CARTESIAN_POINT('',(-15.77558674309,35.364561277923,
    -1.405025573829));
#2861 = CARTESIAN_POINT('',(-15.754558579,35.35182166131,-1.39320187838)
  );
#2862 = CARTESIAN_POINT('',(-15.73374416374,35.339211465744,
    -1.380877172635));
#2863 = CARTESIAN_POINT('',(-15.69995800527,35.318742354761,
    -1.359842161402));
#2864 = CARTESIAN_POINT('',(-15.6868541393,35.310803437453,
    -1.351423307738));
#2865 = CARTESIAN_POINT('',(-15.67384510814,35.302921945398,
    -1.342802986298));
#2866 = CARTESIAN_POINT('',(-15.66093363271,35.295099527829,
    -1.33398294524));
#2867 = CARTESIAN_POINT('',(-15.64812240452,35.287337816207,
    -1.324964995719));
#2868 = CARTESIAN_POINT('',(-15.63541408574,35.27963842422,
    -1.315751011888));
#2869 = CARTESIAN_POINT('',(-15.60819478694,35.263147430128,
    -1.295431571545));
#2870 = CARTESIAN_POINT('',(-15.5937202264,35.254377883378,
    -1.284259129204));
#2871 = CARTESIAN_POINT('',(-15.57939173569,35.245696797819,
    -1.272828626813));
#2872 = CARTESIAN_POINT('',(-15.56521336105,35.237106626223,
    -1.261143195938));
#2873 = CARTESIAN_POINT('',(-15.5511890867,35.228609783845,
    -1.249206076769));
#2874 = CARTESIAN_POINT('',(-15.53732283489,35.22020864842,
    -1.237020618127));
#2875 = CARTESIAN_POINT('',(-15.51086151812,35.204176487574,
    -1.21301928093));
#2876 = CARTESIAN_POINT('',(-15.49824484088,35.196532372286,
    -1.201236088211));
#2877 = CARTESIAN_POINT('',(-15.48577154736,35.188975101644,
    -1.189243488025));
#2878 = CARTESIAN_POINT('',(-15.47344469769,35.181506530831,
    -1.177044345558));
#2879 = CARTESIAN_POINT('',(-15.46126729886,35.174128482874,
    -1.164641602455));
#2880 = CARTESIAN_POINT('',(-15.44924230476,35.166842748635,
    -1.152038276821));
#2881 = CARTESIAN_POINT('',(-15.32227210633,35.08991345753,
    -1.015107822978));
#2882 = CARTESIAN_POINT('',(-15.22170045286,35.028976306497,
    -0.872326659003));
#2883 = CARTESIAN_POINT('',(-15.13847449476,34.978547367614,
    -0.71382559945));
#2884 = CARTESIAN_POINT('',(-15.07463810239,34.939866191152,
    -0.543120471939));
#2885 = CARTESIAN_POINT('',(-15.0316285236,34.913804564892,
    -0.364035663023));
#2886 = CARTESIAN_POINT('',(-15.01027551842,34.900865727383,
    -0.180711759498));
#2887 = CARTESIAN_POINT('',(-15.01076927338,34.901164917837,
    0.184907311685));
#2888 = CARTESIAN_POINT('',(-15.03245194925,34.914303519057,
    0.367451051814));
#2889 = CARTESIAN_POINT('',(-15.07561417445,34.940457634498,
    0.545725588459));
#2890 = CARTESIAN_POINT('',(-15.13942838357,34.979125355478,
    0.715640105854));
#2891 = CARTESIAN_POINT('',(-15.222468501,35.029441672814,0.873416220777
    ));
#2892 = CARTESIAN_POINT('',(-15.3227110258,35.090179392088,
    1.015581173755));
#2893 = CARTESIAN_POINT('',(-15.44924230476,35.166842748635,
    1.152038276821));
#2894 = CARTESIAN_POINT('',(-15.46126729886,35.174128482874,
    1.164641602455));
#2895 = CARTESIAN_POINT('',(-15.47344469769,35.181506530831,
    1.177044345558));
#2896 = CARTESIAN_POINT('',(-15.48577154736,35.188975101644,
    1.189243488025));
#2897 = CARTESIAN_POINT('',(-15.49824484088,35.196532372286,
    1.201236088211));
#2898 = CARTESIAN_POINT('',(-15.51086151812,35.204176487574,
    1.21301928093));
#2899 = CARTESIAN_POINT('',(-15.53732283489,35.22020864842,
    1.237020618127));
#2900 = CARTESIAN_POINT('',(-15.5511890867,35.228609783845,
    1.249206076769));
#2901 = CARTESIAN_POINT('',(-15.56521336105,35.237106626223,
    1.261143195938));
#2902 = CARTESIAN_POINT('',(-15.57939173569,35.245696797819,
    1.272828626813));
#2903 = CARTESIAN_POINT('',(-15.5937202264,35.254377883378,
    1.284259129204));
#2904 = CARTESIAN_POINT('',(-15.60819478694,35.263147430128,
    1.295431571545));
#2905 = CARTESIAN_POINT('',(-15.63541408574,35.27963842422,
    1.315751011888));
#2906 = CARTESIAN_POINT('',(-15.64812240452,35.287337816208,
    1.324964995719));
#2907 = CARTESIAN_POINT('',(-15.66093363271,35.295099527829,
    1.33398294524));
#2908 = CARTESIAN_POINT('',(-15.67384510814,35.302921945398,
    1.342802986298));
#2909 = CARTESIAN_POINT('',(-15.6868541393,35.310803437453,
    1.351423307738));
#2910 = CARTESIAN_POINT('',(-15.69995800527,35.318742354761,
    1.359842161402));
#2911 = CARTESIAN_POINT('',(-15.73374416374,35.339211465744,
    1.380877172635));
#2912 = CARTESIAN_POINT('',(-15.754558579,35.35182166131,1.39320187838)
  );
#2913 = CARTESIAN_POINT('',(-15.77558674309,35.364561277923,
    1.405025573829));
#2914 = CARTESIAN_POINT('',(-15.79681805818,35.377423892272,
    1.416342242632));
#2915 = CARTESIAN_POINT('',(-15.81824178708,35.390402996814,
    1.427146257631));
#2916 = CARTESIAN_POINT('',(-15.83984705321,35.403491999781,
    1.437432380857));
#2917 = CARTESIAN_POINT('',(-15.92641731046,35.455938063983,
    1.476246984095));
#2918 = CARTESIAN_POINT('',(-15.99272321247,35.496106825807,
    1.500670528475));
#2919 = CARTESIAN_POINT('',(-16.06024800543,35.537013222081,
    1.520337874438));
#2920 = CARTESIAN_POINT('',(-16.12869323972,35.578476403617,
    1.535152704392));
#2921 = CARTESIAN_POINT('',(-16.19775546338,35.620312511121,
    1.545050810536));
#2922 = CARTESIAN_POINT('',(-16.26712712822,35.662335225698,1.55));
#2923 = CARTESIAN_POINT('',(-16.40526992444,35.746015211436,1.55));
#2924 = CARTESIAN_POINT('',(-16.47404432444,35.787674476895,
    1.54513576793));
#2925 = CARTESIAN_POINT('',(-16.54251796906,35.829150739769,
    1.535407554636));
#2926 = CARTESIAN_POINT('',(-16.61039116813,35.870262486051,
    1.520846448749));
#2927 = CARTESIAN_POINT('',(-16.67736813415,35.910830586492,
    1.501514469388));
#2928 = CARTESIAN_POINT('',(-16.74315784833,35.95067881939,
    1.477504658883));
#2929 = CARTESIAN_POINT('',(-16.87510170129,36.030594584646,
    1.418907842035));
#2930 = CARTESIAN_POINT('',(-16.94110414807,36.070570164905,
    1.383838422073));
#2931 = CARTESIAN_POINT('',(-17.0051500718,36.109359999254,
    1.343878024062));
#2932 = CARTESIAN_POINT('',(-17.06692211735,36.146771962147,
    1.299206565036));
#2933 = CARTESIAN_POINT('',(-17.12611918834,36.182623791112,
    1.250038310719));
#2934 = CARTESIAN_POINT('',(-17.18245786588,36.216743940458,
    1.196621415633));
#2935 = CARTESIAN_POINT('',(-17.35078772397,36.318687375599,
    1.015107593277));
#2936 = CARTESIAN_POINT('',(-17.45137295703,36.379601241571,
    0.872326193665));
#2937 = CARTESIAN_POINT('',(-17.534611456,36.430008398015,0.713824970501
    ));
#2938 = CARTESIAN_POINT('',(-17.59845815021,36.468671481019,
    0.543119820079));
#2939 = CARTESIAN_POINT('',(-17.64147487172,36.494720452866,
    0.364035149845));
#2940 = CARTESIAN_POINT('',(-17.66283142139,36.507653010919,
    0.180711503917));
#2941 = CARTESIAN_POINT('',(-17.66233758376,36.50735396525,
    -0.184907056146));
#2942 = CARTESIAN_POINT('',(-17.64065130821,36.494221740156,
    -0.367450540526));
#2943 = CARTESIAN_POINT('',(-17.59748191945,36.468080313421,
    -0.545724940237));
#2944 = CARTESIAN_POINT('',(-17.53365742234,36.429430658975,
    -0.715639481114));
#2945 = CARTESIAN_POINT('',(-17.45060480418,36.379136052358,
    -0.873415758845));
#2946 = CARTESIAN_POINT('',(-17.35034875265,36.31842152708,
    -1.015580945786));
#2947 = CARTESIAN_POINT('',(-17.22336307454,36.241516832995,
    -1.152512421178));
#2948 = CARTESIAN_POINT('',(-17.21088530088,36.233960054363,
    -1.165574990862));
#2949 = CARTESIAN_POINT('',(-17.19824374327,36.226304058152,
    -1.178421720666));
#2950 = CARTESIAN_POINT('',(-17.18544169991,36.218550840562,
    -1.191049247532));
#2951 = CARTESIAN_POINT('',(-17.17248253032,36.210702434935,
    -1.203454296957));
#2952 = CARTESIAN_POINT('',(-17.15936965531,36.202760911752,
    -1.215633682988));
#2953 = CARTESIAN_POINT('',(-17.1323672598,36.18640744511,
    -1.239964009205));
#2954 = CARTESIAN_POINT('',(-17.11846675455,36.177988846756,
    -1.252098230705));
#2955 = CARTESIAN_POINT('',(-17.10440891238,36.169474926676,
    -1.263983529685));
#2956 = CARTESIAN_POINT('',(-17.09019766609,36.160868065348,
    -1.275616571962));
#2957 = CARTESIAN_POINT('',(-17.07583701013,36.152170680623,
    -1.286994132213));
#2958 = CARTESIAN_POINT('',(-17.0613310006,36.143385227725,
    -1.298113093969));
#2959 = CARTESIAN_POINT('',(-17.03405448407,36.126865346416,
    -1.318331970192));
#2960 = CARTESIAN_POINT('',(-17.02132021025,36.119152871893,
    -1.327499004561));
#2961 = CARTESIAN_POINT('',(-17.00848357266,36.111378373076,
    -1.336469625396));
#2962 = CARTESIAN_POINT('',(-16.99554723936,36.10354346506,
    -1.345241968467));
#2963 = CARTESIAN_POINT('',(-16.9825139076,36.095649780639,
    -1.353814232649));
#2964 = CARTESIAN_POINT('',(-16.9693863038,36.087698970306,
    -1.362184679916));
#2965 = CARTESIAN_POINT('',(-16.93554082153,36.067200177779,
    -1.383094887263));
#2966 = CARTESIAN_POINT('',(-16.91469163526,36.05457262485,
    -1.395342709191));
#2967 = CARTESIAN_POINT('',(-16.89363010338,36.041816387049,
    -1.407088734528));
#2968 = CARTESIAN_POINT('',(-16.87236684264,36.028937891802,
    -1.418326986314));
#2969 = CARTESIAN_POINT('',(-16.85091260792,36.015943650384,
    -1.429051877238));
#2970 = CARTESIAN_POINT('',(-16.8292782922,36.00284025792,
    -1.439258209633));
#2971 = CARTESIAN_POINT('',(-16.74315784833,35.95067881939,
    -1.477504658883));
#2972 = CARTESIAN_POINT('',(-16.67736813415,35.910830586492,
    -1.501514469388));
#2973 = CARTESIAN_POINT('',(-16.61039116813,35.870262486051,
    -1.520846448749));
#2974 = CARTESIAN_POINT('',(-16.54251796906,35.829150739769,
    -1.535407554636));
#2975 = CARTESIAN_POINT('',(-16.47404432444,35.787674476895,
    -1.54513576793));
#2976 = CARTESIAN_POINT('',(-16.40526992444,35.746015211436,-1.55));
#2977 = CARTESIAN_POINT('',(-16.33649749591,35.70435631936,-1.55));
#2978 = SPHERICAL_SURFACE('',#2979,5.);
#2979 = AXIS2_PLACEMENT_3D('',#2980,#2981,#2982);
#2980 = CARTESIAN_POINT('',(-18.79941546148,31.63845726812,0.));
#2981 = DIRECTION('',(0.,0.,1.));
#2982 = DIRECTION('',(-0.5,-0.866025403784,0.));
#2983 = ADVANCED_FACE('',(#2984),#2995,.T.);
#2984 = FACE_BOUND('',#2985,.F.);
#2985 = EDGE_LOOP('',(#2986,#2987,#2993,#2994));
#2986 = ORIENTED_EDGE('',*,*,#367,.F.);
#2987 = ORIENTED_EDGE('',*,*,#2988,.F.);
#2988 = EDGE_CURVE('',#942,#368,#2989,.T.);
#2989 = LINE('',#2990,#2991);
#2990 = CARTESIAN_POINT('',(-29.70268930972,-4.213104291393,-4.));
#2991 = VECTOR('',#2992,1.);
#2992 = DIRECTION('',(-0.,-0.,-1.));
#2993 = ORIENTED_EDGE('',*,*,#949,.T.);
#2994 = ORIENTED_EDGE('',*,*,#2754,.T.);
#2995 = CYLINDRICAL_SURFACE('',#2996,30.);
#2996 = AXIS2_PLACEMENT_3D('',#2997,#2998,#2999);
#2997 = CARTESIAN_POINT('',(0.,0.,-4.));
#2998 = DIRECTION('',(-0.,-0.,-1.));
#2999 = DIRECTION('',(1.,0.,0.));
#3000 = ADVANCED_FACE('',(#3001),#3013,.T.);
#3001 = FACE_BOUND('',#3002,.F.);
#3002 = EDGE_LOOP('',(#3003,#3010,#3011,#3012));
#3003 = ORIENTED_EDGE('',*,*,#3004,.F.);
#3004 = EDGE_CURVE('',#446,#865,#3005,.T.);
#3005 = CIRCLE('',#3006,5.);
#3006 = AXIS2_PLACEMENT_3D('',#3007,#3008,#3009);
#3007 = CARTESIAN_POINT('',(-21.7128129211,26.392304845413,
    -2.442490654175E-15));
#3008 = DIRECTION('',(0.5,0.866025403784,2.22044604925E-16));
#3009 = DIRECTION('',(1.110223024625E-16,1.922962686384E-16,-1.));
#3010 = ORIENTED_EDGE('',*,*,#453,.T.);
#3011 = ORIENTED_EDGE('',*,*,#2794,.F.);
#3012 = ORIENTED_EDGE('',*,*,#864,.F.);
#3013 = CYLINDRICAL_SURFACE('',#3014,5.);
#3014 = AXIS2_PLACEMENT_3D('',#3015,#3016,#3017);
#3015 = CARTESIAN_POINT('',(-16.2128129211,35.918584287042,0.));
#3016 = DIRECTION('',(0.5,0.866025403784,2.22044604925E-16));
#3017 = DIRECTION('',(1.110223024625E-16,1.922962686384E-16,-1.));
#3018 = ADVANCED_FACE('',(#3019),#3031,.T.);
#3019 = FACE_BOUND('',#3020,.T.);
#3020 = EDGE_LOOP('',(#3021,#3022,#3023,#3030));
#3021 = ORIENTED_EDGE('',*,*,#2988,.F.);
#3022 = ORIENTED_EDGE('',*,*,#941,.F.);
#3023 = ORIENTED_EDGE('',*,*,#3024,.F.);
#3024 = EDGE_CURVE('',#377,#933,#3025,.T.);
#3025 = CIRCLE('',#3026,4.974937185533);
#3026 = AXIS2_PLACEMENT_3D('',#3027,#3028,#3029);
#3027 = CARTESIAN_POINT('',(-37.04941546148,2.853002998787E-02,0.));
#3028 = DIRECTION('',(-0.5,-0.866025403784,0.));
#3029 = DIRECTION('',(0.,0.,1.));
#3030 = ORIENTED_EDGE('',*,*,#376,.F.);
#3031 = PLANE('',#3032);
#3032 = AXIS2_PLACEMENT_3D('',#3033,#3034,#3035);
#3033 = CARTESIAN_POINT('',(-62.51056233274,14.728530029988,-50.));
#3034 = DIRECTION('',(-0.5,-0.866025403784,0.));
#3035 = DIRECTION('',(0.,0.,1.));
#3036 = ADVANCED_FACE('',(#3037),#3096,.T.);
#3037 = FACE_BOUND('',#3038,.T.);
#3038 = EDGE_LOOP('',(#3039,#3047,#3048,#3049,#3050,#3058,#3066,#3074,
    #3082,#3090));
#3039 = ORIENTED_EDGE('',*,*,#3040,.T.);
#3040 = EDGE_CURVE('',#3041,#873,#3043,.T.);
#3041 = VERTEX_POINT('',#3042);
#3042 = CARTESIAN_POINT('',(-19.98076211353,25.392304845413,
    2.145299461621));
#3043 = LINE('',#3044,#3045);
#3044 = CARTESIAN_POINT('',(-19.98076211353,25.392304845413,-50.));
#3045 = VECTOR('',#3046,1.);
#3046 = DIRECTION('',(0.,0.,1.));
#3047 = ORIENTED_EDGE('',*,*,#872,.F.);
#3048 = ORIENTED_EDGE('',*,*,#3004,.F.);
#3049 = ORIENTED_EDGE('',*,*,#445,.F.);
#3050 = ORIENTED_EDGE('',*,*,#3051,.T.);
#3051 = EDGE_CURVE('',#437,#3052,#3054,.T.);
#3052 = VERTEX_POINT('',#3053);
#3053 = CARTESIAN_POINT('',(-19.98076211353,25.392304845413,
    -2.145299461621));
#3054 = LINE('',#3055,#3056);
#3055 = CARTESIAN_POINT('',(-19.98076211353,25.392304845413,-50.));
#3056 = VECTOR('',#3057,1.);
#3057 = DIRECTION('',(0.,0.,1.));
#3058 = ORIENTED_EDGE('',*,*,#3059,.T.);
#3059 = EDGE_CURVE('',#3052,#3060,#3062,.T.);
#3060 = VERTEX_POINT('',#3061);
#3061 = CARTESIAN_POINT('',(-21.7128129211,26.392304845413,-3.3));
#3062 = LINE('',#3063,#3064);
#3063 = CARTESIAN_POINT('',(-36.31473439664,34.822728140005,
    -13.03461431703));
#3064 = VECTOR('',#3065,1.);
#3065 = DIRECTION('',(-0.75,0.433012701892,-0.5));
#3066 = ORIENTED_EDGE('',*,*,#3067,.T.);
#3067 = EDGE_CURVE('',#3060,#3068,#3070,.T.);
#3068 = VERTEX_POINT('',#3069);
#3069 = CARTESIAN_POINT('',(-24.1878129211,27.821246761658,-1.65));
#3070 = LINE('',#3071,#3072);
#3071 = CARTESIAN_POINT('',(-20.03973439664,25.426352508944,
    -4.41538568297));
#3072 = VECTOR('',#3073,1.);
#3073 = DIRECTION('',(-0.75,0.433012701892,0.5));
#3074 = ORIENTED_EDGE('',*,*,#3075,.T.);
#3075 = EDGE_CURVE('',#3068,#3076,#3078,.T.);
#3076 = VERTEX_POINT('',#3077);
#3077 = CARTESIAN_POINT('',(-24.1878129211,27.821246761658,1.65));
#3078 = LINE('',#3079,#3080);
#3079 = CARTESIAN_POINT('',(-24.1878129211,27.821246761658,-24.175));
#3080 = VECTOR('',#3081,1.);
#3081 = DIRECTION('',(3.496295793425E-16,-2.0185873175E-16,1.));
#3082 = ORIENTED_EDGE('',*,*,#3083,.T.);
#3083 = EDGE_CURVE('',#3076,#3084,#3086,.T.);
#3084 = VERTEX_POINT('',#3085);
#3085 = CARTESIAN_POINT('',(-21.7128129211,26.392304845413,3.3));
#3086 = LINE('',#3087,#3088);
#3087 = CARTESIAN_POINT('',(-37.55223439664,35.537199098127,
    -7.25961431703));
#3088 = VECTOR('',#3089,1.);
#3089 = DIRECTION('',(0.75,-0.433012701892,0.5));
#3090 = ORIENTED_EDGE('',*,*,#3091,.T.);
#3091 = EDGE_CURVE('',#3084,#3041,#3092,.T.);
#3092 = LINE('',#3093,#3094);
#3093 = CARTESIAN_POINT('',(-16.32723439664,23.282939634577,
    -0.29038568297));
#3094 = VECTOR('',#3095,1.);
#3095 = DIRECTION('',(0.75,-0.433012701892,-0.5));
#3096 = PLANE('',#3097);
#3097 = AXIS2_PLACEMENT_3D('',#3098,#3099,#3100);
#3098 = CARTESIAN_POINT('',(-37.30127018922,35.392304845413,-50.));
#3099 = DIRECTION('',(-0.5,-0.866025403784,0.));
#3100 = DIRECTION('',(0.,0.,1.));
#3101 = ADVANCED_FACE('',(#3102),#3221,.T.);
#3102 = FACE_BOUND('',#3103,.T.);
#3103 = EDGE_LOOP('',(#3104,#3105,#3114,#3199,#3212,#3219,#3220));
#3104 = ORIENTED_EDGE('',*,*,#932,.F.);
#3105 = ORIENTED_EDGE('',*,*,#3106,.F.);
#3106 = EDGE_CURVE('',#3107,#924,#3109,.T.);
#3107 = VERTEX_POINT('',#3108);
#3108 = CARTESIAN_POINT('',(-39.17678270277,-3.656178118299,
    1.546770829826));
#3109 = CIRCLE('',#3110,5.);
#3110 = AXIS2_PLACEMENT_3D('',#3111,#3112,#3113);
#3111 = CARTESIAN_POINT('',(-36.79941546148,0.46154273188,0.));
#3112 = DIRECTION('',(-0.866025403784,0.5,0.));
#3113 = DIRECTION('',(-0.5,-0.866025403784,0.));
#3114 = ORIENTED_EDGE('',*,*,#3115,.F.);
#3115 = EDGE_CURVE('',#3116,#3107,#3118,.T.);
#3116 = VERTEX_POINT('',#3117);
#3117 = CARTESIAN_POINT('',(-39.08912834629,-3.70435631936,-1.55));
#3118 = B_SPLINE_CURVE_WITH_KNOTS('',7,(#3119,#3120,#3121,#3122,#3123,
    #3124,#3125,#3126,#3127,#3128,#3129,#3130,#3131,#3132,#3133,#3134,
    #3135,#3136,#3137,#3138,#3139,#3140,#3141,#3142,#3143,#3144,#3145,
    #3146,#3147,#3148,#3149,#3150,#3151,#3152,#3153,#3154,#3155,#3156,
    #3157,#3158,#3159,#3160,#3161,#3162,#3163,#3164,#3165,#3166,#3167,
    #3168,#3169,#3170,#3171,#3172,#3173,#3174,#3175,#3176,#3177,#3178,
    #3179,#3180,#3181,#3182,#3183,#3184,#3185,#3186,#3187,#3188,#3189,
    #3190,#3191,#3192,#3193,#3194,#3195,#3196,#3197,#3198),
  .UNSPECIFIED.,.F.,.F.,(8,6,6,6,6,6,6,6,6,6,6,6,6,8),(0.,0.114350424399
    ,0.152780941149,0.177410473634,0.205975457279,0.232565663877,
    0.490411210378,0.747273592013,0.773863808192,0.80242880213,
    0.82705834349,0.865488874088,0.979840001955,1.),.UNSPECIFIED.);
#3119 = CARTESIAN_POINT('',(-39.08912834629,-3.70435631936,-1.55));
#3120 = CARTESIAN_POINT('',(-39.0180502767,-3.74342312577,-1.55));
#3121 = CARTESIAN_POINT('',(-38.94697193005,-3.782489269315,
    -1.545050598958));
#3122 = CARTESIAN_POINT('',(-38.87621036473,-3.821380482823,
    -1.535152494488));
#3123 = CARTESIAN_POINT('',(-38.80608000124,-3.859923971688,
    -1.520337801818));
#3124 = CARTESIAN_POINT('',(-38.73689161835,-3.897948964082,
    -1.500670489621));
#3125 = CARTESIAN_POINT('',(-38.66895134913,-3.935287261173,
    -1.476246815845));
#3126 = CARTESIAN_POINT('',(-38.58024698109,-3.984036059748,
    -1.437432380857));
#3127 = CARTESIAN_POINT('',(-38.55810893895,-3.996202267591,
    -1.427146257631));
#3128 = CARTESIAN_POINT('',(-38.53615684025,-4.008266208785,
    -1.416342242632));
#3129 = CARTESIAN_POINT('',(-38.51440183192,-4.020221759835,
    -1.405025573829));
#3130 = CARTESIAN_POINT('',(-38.49285491825,-4.032062875826,
    -1.39320187838));
#3131 = CARTESIAN_POINT('',(-38.47152696091,-4.043783590428,
    -1.380877172635));
#3132 = CARTESIAN_POINT('',(-38.43690711157,-4.062808706461,
    -1.359842161402));
#3133 = CARTESIAN_POINT('',(-38.42347987452,-4.070187528626,
    -1.351423307738));
#3134 = CARTESIAN_POINT('',(-38.4101497866,-4.077512934062,
    -1.342802986298));
#3135 = CARTESIAN_POINT('',(-38.39691963655,-4.084783391006,
    -1.33398294524));
#3136 = CARTESIAN_POINT('',(-38.38379218302,-4.091997384254,
    -1.324964995719));
#3137 = CARTESIAN_POINT('',(-38.37077015457,-4.099153415164,
    -1.315751011888));
#3138 = CARTESIAN_POINT('',(-38.34287888536,-4.114480522351,
    -1.295431571545));
#3139 = CARTESIAN_POINT('',(-38.32804695482,-4.122631086119,
    -1.284259129204));
#3140 = CARTESIAN_POINT('',(-38.31336466884,-4.130699380288,
    -1.272828626813));
#3141 = CARTESIAN_POINT('',(-38.29883617469,-4.138683127114,
    -1.261143195938));
#3142 = CARTESIAN_POINT('',(-38.28446555617,-4.146580083779,
    -1.249206076769));
#3143 = CARTESIAN_POINT('',(-38.27025683356,-4.154388042391,
    -1.237020618127));
#3144 = CARTESIAN_POINT('',(-38.24314191661,-4.169288134507,
    -1.21301928093));
#3145 = CARTESIAN_POINT('',(-38.23021357996,-4.176392439867,
    -1.201236088211));
#3146 = CARTESIAN_POINT('',(-38.21743214484,-4.1834159936,
    -1.189243488025));
#3147 = CARTESIAN_POINT('',(-38.20480074795,-4.190357073162,
    -1.177044345558));
#3148 = CARTESIAN_POINT('',(-38.19232247157,-4.197213985923,
    -1.164641602455));
#3149 = CARTESIAN_POINT('',(-38.18000034359,-4.203985069168,
    -1.152038276821));
#3150 = CARTESIAN_POINT('',(-38.04989252398,-4.275479840978,
    -1.015107822978));
#3151 = CARTESIAN_POINT('',(-37.94683357641,-4.332108872275,
    -0.872326659003));
#3152 = CARTESIAN_POINT('',(-37.86154785521,-4.378970196795,
    -0.71382559945));
#3153 = CARTESIAN_POINT('',(-37.79613077756,-4.414913546047,
    -0.543120471939));
#3154 = CARTESIAN_POINT('',(-37.75205595776,-4.439130120755,
    -0.364035663022));
#3155 = CARTESIAN_POINT('',(-37.73017409319,-4.451152946932,
    -0.180711759498));
#3156 = CARTESIAN_POINT('',(-37.73068007721,-4.450874937817,
    0.184907311685));
#3157 = CARTESIAN_POINT('',(-37.75289977757,-4.438666490306,
    0.367451051814));
#3158 = CARTESIAN_POINT('',(-37.79713101855,-4.41436396452,
    0.545725588459));
#3159 = CARTESIAN_POINT('',(-37.86252535179,-4.378433098789,
    0.715640105853));
#3160 = CARTESIAN_POINT('',(-37.94762061954,-4.331676406231,
    0.873416220778));
#3161 = CARTESIAN_POINT('',(-38.0503422898,-4.275232692847,
    1.015581173755));
#3162 = CARTESIAN_POINT('',(-38.18000034359,-4.203985069168,
    1.152038276821));
#3163 = CARTESIAN_POINT('',(-38.19232247157,-4.197213985923,
    1.164641602455));
#3164 = CARTESIAN_POINT('',(-38.20480074795,-4.190357073162,
    1.177044345558));
#3165 = CARTESIAN_POINT('',(-38.21743214484,-4.1834159936,1.189243488025
    ));
#3166 = CARTESIAN_POINT('',(-38.23021357996,-4.176392439867,
    1.201236088211));
#3167 = CARTESIAN_POINT('',(-38.24314191661,-4.169288134507,
    1.21301928093));
#3168 = CARTESIAN_POINT('',(-38.27025683356,-4.154388042391,
    1.237020618127));
#3169 = CARTESIAN_POINT('',(-38.28446555617,-4.146580083779,
    1.249206076769));
#3170 = CARTESIAN_POINT('',(-38.29883617469,-4.138683127114,
    1.261143195938));
#3171 = CARTESIAN_POINT('',(-38.31336466884,-4.130699380288,
    1.272828626813));
#3172 = CARTESIAN_POINT('',(-38.32804695482,-4.122631086119,
    1.284259129204));
#3173 = CARTESIAN_POINT('',(-38.34287888536,-4.114480522351,
    1.295431571545));
#3174 = CARTESIAN_POINT('',(-38.37077015457,-4.099153415164,
    1.315751011888));
#3175 = CARTESIAN_POINT('',(-38.38379218302,-4.091997384254,
    1.324964995719));
#3176 = CARTESIAN_POINT('',(-38.39691963655,-4.084783391006,
    1.33398294524));
#3177 = CARTESIAN_POINT('',(-38.4101497866,-4.077512934062,
    1.342802986298));
#3178 = CARTESIAN_POINT('',(-38.42347987452,-4.070187528626,
    1.351423307738));
#3179 = CARTESIAN_POINT('',(-38.43690711157,-4.062808706461,
    1.359842161402));
#3180 = CARTESIAN_POINT('',(-38.47152696091,-4.043783590428,
    1.380877172635));
#3181 = CARTESIAN_POINT('',(-38.49285491825,-4.032062875826,
    1.39320187838));
#3182 = CARTESIAN_POINT('',(-38.51440183192,-4.020221759834,
    1.405025573829));
#3183 = CARTESIAN_POINT('',(-38.53615684025,-4.008266208785,
    1.416342242632));
#3184 = CARTESIAN_POINT('',(-38.55810893895,-3.996202267591,
    1.427146257631));
#3185 = CARTESIAN_POINT('',(-38.58024698109,-3.984036059748,
    1.437432380857));
#3186 = CARTESIAN_POINT('',(-38.66895173364,-3.93528704986,
    1.476246984095));
#3187 = CARTESIAN_POINT('',(-38.73689185283,-3.897948835211,
    1.500670528475));
#3188 = CARTESIAN_POINT('',(-38.80608022766,-3.859923847254,
    1.520337874438));
#3189 = CARTESIAN_POINT('',(-38.87621101333,-3.821380126363,
    1.535152704392));
#3190 = CARTESIAN_POINT('',(-38.94697325706,-3.782488539985,
    1.545050810536));
#3191 = CARTESIAN_POINT('',(-39.01805182784,-3.743422273215,1.55));
#3192 = CARTESIAN_POINT('',(-39.10165907073,-3.697469027839,1.55));
#3193 = CARTESIAN_POINT('',(-39.11418978461,-3.690581716785,
    1.549846178128));
#3194 = CARTESIAN_POINT('',(-39.12671875906,-3.683695336446,
    1.549538534337));
#3195 = CARTESIAN_POINT('',(-39.13924426572,-3.676810836818,
    1.549077099745));
#3196 = CARTESIAN_POINT('',(-39.15176457671,-3.669929167638,
    1.548461936637));
#3197 = CARTESIAN_POINT('',(-39.16427796468,-3.66305127839,
    1.547693138459));
#3198 = CARTESIAN_POINT('',(-39.17678270277,-3.656178118299,
    1.546770829826));
#3199 = ORIENTED_EDGE('',*,*,#3200,.F.);
#3200 = EDGE_CURVE('',#3201,#3116,#3203,.T.);
#3201 = VERTEX_POINT('',#3202);
#3202 = CARTESIAN_POINT('',(-39.17678270277,-3.656178118299,
    -1.546770829826));
#3203 = B_SPLINE_CURVE_WITH_KNOTS('',4,(#3204,#3205,#3206,#3207,#3208,
    #3209,#3210,#3211),.UNSPECIFIED.,.F.,.F.,(5,3,5),(0.,0.735402089797,
    1.),.UNSPECIFIED.);
#3204 = CARTESIAN_POINT('',(-39.17678270277,-3.656178118299,
    -1.546770829826));
#3205 = CARTESIAN_POINT('',(-39.16068968339,-3.665023557344,
    -1.547957798366));
#3206 = CARTESIAN_POINT('',(-39.14458029303,-3.673877946907,
    -1.548854193458));
#3207 = CARTESIAN_POINT('',(-39.1284605379,-3.682737985465,
    -1.549459581631));
#3208 = CARTESIAN_POINT('',(-39.1065349766,-3.694789053616,
    -1.549886921442));
#3209 = CARTESIAN_POINT('',(-39.10073295584,-3.697978044336,
    -1.549962307149));
#3210 = CARTESIAN_POINT('',(-39.09493065247,-3.701167184181,-1.55));
#3211 = CARTESIAN_POINT('',(-39.08912834629,-3.70435631936,-1.55));
#3212 = ORIENTED_EDGE('',*,*,#3213,.F.);
#3213 = EDGE_CURVE('',#385,#3201,#3214,.T.);
#3214 = CIRCLE('',#3215,5.);
#3215 = AXIS2_PLACEMENT_3D('',#3216,#3217,#3218);
#3216 = CARTESIAN_POINT('',(-36.79941546148,0.46154273188,0.));
#3217 = DIRECTION('',(-0.866025403784,0.5,0.));
#3218 = DIRECTION('',(-0.5,-0.866025403784,0.));
#3219 = ORIENTED_EDGE('',*,*,#384,.T.);
#3220 = ORIENTED_EDGE('',*,*,#3024,.T.);
#3221 = SPHERICAL_SURFACE('',#3222,5.);
#3222 = AXIS2_PLACEMENT_3D('',#3223,#3224,#3225);
#3223 = CARTESIAN_POINT('',(-36.79941546148,0.46154273188,0.));
#3224 = DIRECTION('',(0.,0.,1.));
#3225 = DIRECTION('',(-0.5,-0.866025403784,0.));
#3226 = ADVANCED_FACE('',(#3227),#3263,.F.);
#3227 = FACE_BOUND('',#3228,.T.);
#3228 = EDGE_LOOP('',(#3229,#3230,#3231,#3237,#3238,#3239,#3248,#3256));
#3229 = ORIENTED_EDGE('',*,*,#3051,.F.);
#3230 = ORIENTED_EDGE('',*,*,#436,.T.);
#3231 = ORIENTED_EDGE('',*,*,#3232,.F.);
#3232 = EDGE_CURVE('',#881,#428,#3233,.T.);
#3233 = LINE('',#3234,#3235);
#3234 = CARTESIAN_POINT('',(-18.02352576177,23.982337649086,-50.));
#3235 = VECTOR('',#3236,1.);
#3236 = DIRECTION('',(0.,0.,-1.));
#3237 = ORIENTED_EDGE('',*,*,#880,.F.);
#3238 = ORIENTED_EDGE('',*,*,#3040,.F.);
#3239 = ORIENTED_EDGE('',*,*,#3240,.T.);
#3240 = EDGE_CURVE('',#3041,#3241,#3243,.T.);
#3241 = VERTEX_POINT('',#3242);
#3242 = CARTESIAN_POINT('',(-19.25316515933,24.936772072549,1.65));
#3243 = ELLIPSE('',#3244,13.856406460551,12.);
#3244 = AXIS2_PLACEMENT_3D('',#3245,#3246,#3247);
#3245 = CARTESIAN_POINT('',(-25.98076211353,15.,2.145299461621));
#3246 = DIRECTION('',(-0.433012701892,0.25,-0.866025403784));
#3247 = DIRECTION('',(0.75,-0.433012701892,-0.5));
#3248 = ORIENTED_EDGE('',*,*,#3249,.T.);
#3249 = EDGE_CURVE('',#3241,#3250,#3252,.T.);
#3250 = VERTEX_POINT('',#3251);
#3251 = CARTESIAN_POINT('',(-19.25316515933,24.936772072549,-1.65));
#3252 = LINE('',#3253,#3254);
#3253 = CARTESIAN_POINT('',(-19.25316515933,24.936772072549,-50.));
#3254 = VECTOR('',#3255,1.);
#3255 = DIRECTION('',(0.,0.,-1.));
#3256 = ORIENTED_EDGE('',*,*,#3257,.T.);
#3257 = EDGE_CURVE('',#3250,#3052,#3258,.T.);
#3258 = ELLIPSE('',#3259,13.856406460551,12.);
#3259 = AXIS2_PLACEMENT_3D('',#3260,#3261,#3262);
#3260 = CARTESIAN_POINT('',(-25.98076211353,15.,-2.145299461621));
#3261 = DIRECTION('',(-0.433012701892,0.25,0.866025403784));
#3262 = DIRECTION('',(-0.75,0.433012701892,-0.5));
#3263 = CYLINDRICAL_SURFACE('',#3264,12.);
#3264 = AXIS2_PLACEMENT_3D('',#3265,#3266,#3267);
#3265 = CARTESIAN_POINT('',(-25.98076211353,15.,-50.));
#3266 = DIRECTION('',(0.,0.,-1.));
#3267 = DIRECTION('',(-0.5,-0.866025403784,0.));
#3268 = ADVANCED_FACE('',(#3269),#3374,.T.);
#3269 = FACE_BOUND('',#3270,.T.);
#3270 = EDGE_LOOP('',(#3271,#3272,#3273,#3323,#3324,#3325));
#3271 = ORIENTED_EDGE('',*,*,#3106,.T.);
#3272 = ORIENTED_EDGE('',*,*,#923,.F.);
#3273 = ORIENTED_EDGE('',*,*,#3274,.F.);
#3274 = EDGE_CURVE('',#394,#916,#3275,.T.);
#3275 = B_SPLINE_CURVE_WITH_KNOTS('',6,(#3276,#3277,#3278,#3279,#3280,
    #3281,#3282,#3283,#3284,#3285,#3286,#3287,#3288,#3289,#3290,#3291,
    #3292,#3293,#3294,#3295,#3296,#3297,#3298,#3299,#3300,#3301,#3302,
    #3303,#3304,#3305,#3306,#3307,#3308,#3309,#3310,#3311,#3312,#3313,
    #3314,#3315,#3316,#3317,#3318,#3319,#3320,#3321,#3322),
  .UNSPECIFIED.,.F.,.F.,(7,5,5,5,5,5,5,5,5,7),(0.,4.883626554553E-02,
    0.227141164381,0.310631649331,0.367134889003,0.500229441217,
    0.689153199334,0.772643396164,0.950947136742,1.),.UNSPECIFIED.);
#3276 = CARTESIAN_POINT('',(-38.92683184506,2.576749466663,-4.));
#3277 = CARTESIAN_POINT('',(-38.9748374555,2.613475840196,
    -3.955047051301));
#3278 = CARTESIAN_POINT('',(-39.02227006053,2.649645104484,
    -3.908991209235));
#3279 = CARTESIAN_POINT('',(-39.06910267976,2.68524770202,
    -3.861850094125));
#3280 = CARTESIAN_POINT('',(-39.11530935901,2.720274036979,
    -3.81364214946));
#3281 = CARTESIAN_POINT('',(-39.16086517026,2.754714475214,
    -3.764386641891));
#3282 = CARTESIAN_POINT('',(-39.36961028809,2.91212952072,
    -3.530516696101));
#3283 = CARTESIAN_POINT('',(-39.52448330968,3.02776397546,
    -3.333228358275));
#3284 = CARTESIAN_POINT('',(-39.66918999695,3.134986367221,
    -3.123224256567));
#3285 = CARTESIAN_POINT('',(-39.80273576599,3.233341466876,
    -2.901620633374));
#3286 = CARTESIAN_POINT('',(-39.92425692033,3.32241631675,
    -2.669643119129));
#3287 = CARTESIAN_POINT('',(-40.08396780635,3.439050538685,
    -2.315788429069));
#3288 = CARTESIAN_POINT('',(-40.13210843678,3.474134561184,
    -2.200957860165));
#3289 = CARTESIAN_POINT('',(-40.17738201549,3.507069802742,
    -2.084283300233));
#3290 = CARTESIAN_POINT('',(-40.21972230793,3.537823149553,
    -1.965905589402));
#3291 = CARTESIAN_POINT('',(-40.25907032372,3.566364770045,
    -1.845969412225));
#3292 = CARTESIAN_POINT('',(-40.31994350217,3.610469235545,
    -1.64250078279));
#3293 = CARTESIAN_POINT('',(-40.34311852803,3.6272452479,-1.559732390981
    ));
#3294 = CARTESIAN_POINT('',(-40.36488336732,3.642987955897,
    -1.476364092196));
#3295 = CARTESIAN_POINT('',(-40.38522355751,3.657689936179,
    -1.392442430265));
#3296 = CARTESIAN_POINT('',(-40.40412620047,3.67134453808,
    -1.308014522895));
#3297 = CARTESIAN_POINT('',(-40.46269266068,3.71362861425,
    -1.023176242795));
#3298 = CARTESIAN_POINT('',(-40.49576659822,3.737467636054,
    -0.820678037036));
#3299 = CARTESIAN_POINT('',(-40.52065312133,3.755385794665,
    -0.616260140645));
#3300 = CARTESIAN_POINT('',(-40.5372532158,3.767331370517,
    -0.410557464164));
#3301 = CARTESIAN_POINT('',(-40.54551743912,3.773278377804,
    -0.204212313511));
#3302 = CARTESIAN_POINT('',(-40.54534423765,3.773153740282,
    0.295018136531));
#3303 = CARTESIAN_POINT('',(-40.52844703316,3.760994337563,
    0.587912587504));
#3304 = CARTESIAN_POINT('',(-40.4947525207,3.736747302751,0.878940441531
    ));
#3305 = CARTESIAN_POINT('',(-40.4444707278,3.700523969582,1.166273258043
    ));
#3306 = CARTESIAN_POINT('',(-40.37799582999,3.652528952775,1.44812197554
    ));
#3307 = CARTESIAN_POINT('',(-40.25967061586,3.56680011787,1.844111028278
    ));
#3308 = CARTESIAN_POINT('',(-40.22036143724,3.538287171411,
    1.964066468683));
#3309 = CARTESIAN_POINT('',(-40.17805941386,3.507562214948,
    2.082464956206));
#3310 = CARTESIAN_POINT('',(-40.13282347914,3.47465505364,2.199161779781
    ));
#3311 = CARTESIAN_POINT('',(-40.08471981127,3.439598776335,
    2.314016069418));
#3312 = CARTESIAN_POINT('',(-39.92512284539,3.323050670508,
    2.667948869672));
#3313 = CARTESIAN_POINT('',(-39.80367610169,3.234032974716,
    2.899985902947));
#3314 = CARTESIAN_POINT('',(-39.67020090615,3.135733220519,
    3.121655280108));
#3315 = CARTESIAN_POINT('',(-39.52556041275,3.028564178943,
    3.331730994503));
#3316 = CARTESIAN_POINT('',(-39.37074866556,2.91298093455,3.529096373426
    ));
#3317 = CARTESIAN_POINT('',(-39.16187526203,2.755478090886,
    3.763294174286));
#3318 = CARTESIAN_POINT('',(-39.11612900737,2.720895347947,
    3.812786798319));
#3319 = CARTESIAN_POINT('',(-39.06972576399,2.685721370396,
    3.861222805495));
#3320 = CARTESIAN_POINT('',(-39.02269078415,2.649965921179,
    3.908582664412));
#3321 = CARTESIAN_POINT('',(-38.97505036431,2.613638724668,
    3.954847681295));
#3322 = CARTESIAN_POINT('',(-38.92683184506,2.576749466663,4.));
#3323 = ORIENTED_EDGE('',*,*,#393,.T.);
#3324 = ORIENTED_EDGE('',*,*,#3213,.T.);
#3325 = ORIENTED_EDGE('',*,*,#3326,.F.);
#3326 = EDGE_CURVE('',#3107,#3201,#3327,.T.);
#3327 = B_SPLINE_CURVE_WITH_KNOTS('',5,(#3328,#3329,#3330,#3331,#3332,
    #3333,#3334,#3335,#3336,#3337,#3338,#3339,#3340,#3341,#3342,#3343,
    #3344,#3345,#3346,#3347,#3348,#3349,#3350,#3351,#3352,#3353,#3354,
    #3355,#3356,#3357,#3358,#3359,#3360,#3361,#3362,#3363,#3364,#3365,
    #3366,#3367,#3368,#3369,#3370,#3371,#3372,#3373),.UNSPECIFIED.,.F.,
  .F.,(6,4,4,4,4,4,4,4,4,4,4,6),(0.,0.100699431951,0.141272503208,
    0.225979141111,0.359383692413,0.405552605596,0.49993773849,
    0.640490031069,0.773894426241,0.858600935133,0.899173943755,1.),
  .UNSPECIFIED.);
#3328 = CARTESIAN_POINT('',(-39.17678270277,-3.656178118299,
    1.546770829826));
#3329 = CARTESIAN_POINT('',(-39.25894836161,-3.61101621863,
    1.540710559235));
#3330 = CARTESIAN_POINT('',(-39.34071536929,-3.5660722697,1.527548840002
    ));
#3331 = CARTESIAN_POINT('',(-39.42145529184,-3.521691711379,
    1.507331341369));
#3332 = CARTESIAN_POINT('',(-39.50055403039,-3.478212177092,
    1.480208065075));
#3333 = CARTESIAN_POINT('',(-39.60838921083,-3.418935216937,
    1.43282640261));
#3334 = CARTESIAN_POINT('',(-39.63899682929,-3.402110055363,
    1.418138804877));
#3335 = CARTESIAN_POINT('',(-39.66920355579,-3.385505107212,
    1.402388118051));
#3336 = CARTESIAN_POINT('',(-39.69897181477,-3.369141036933,
    1.385593606388));
#3337 = CARTESIAN_POINT('',(-39.78942199999,-3.319418731057,
    1.330580819168));
#3338 = CARTESIAN_POINT('',(-39.84850915642,-3.286936678476,
    1.288929661804));
#3339 = CARTESIAN_POINT('',(-39.90519145726,-3.255776073446,
    1.243024210733));
#3340 = CARTESIAN_POINT('',(-39.95916086691,-3.226106354185,
    1.193110713409));
#3341 = CARTESIAN_POINT('',(-40.09041761923,-3.153946790502,
    1.055019917739));
#3342 = CARTESIAN_POINT('',(-40.16327889186,-3.113889560363,
    0.961335084741));
#3343 = CARTESIAN_POINT('',(-40.22761851949,-3.078516490468,
    0.859574823847));
#3344 = CARTESIAN_POINT('',(-40.28256390046,-3.048307749471,
    0.751109313204));
#3345 = CARTESIAN_POINT('',(-40.34304872049,-3.015053070507,
    0.598168921967));
#3346 = CARTESIAN_POINT('',(-40.35740085196,-3.007162197908,
    0.558229417759));
#3347 = CARTESIAN_POINT('',(-40.3705289868,-2.999944252894,
    0.517735572012));
#3348 = CARTESIAN_POINT('',(-40.38241185758,-2.993410939407,
    0.476752760045));
#3349 = CARTESIAN_POINT('',(-40.41474388172,-2.975634438184,
    0.350702539296));
#3350 = CARTESIAN_POINT('',(-40.43117935072,-2.966597957202,
    0.264292397583));
#3351 = CARTESIAN_POINT('',(-40.44219088436,-2.960543613452,
    0.176692613486));
#3352 = CARTESIAN_POINT('',(-40.44770414362,-2.95751232226,
    8.849411085533E-02));
#3353 = CARTESIAN_POINT('',(-40.44774083879,-2.957492146581,
    -0.131043993449));
#3354 = CARTESIAN_POINT('',(-40.43556913663,-2.964184371458,
    -0.26239465506));
#3355 = CARTESIAN_POINT('',(-40.41120481482,-2.977580326281,
    -0.391766498726));
#3356 = CARTESIAN_POINT('',(-40.37501243951,-2.997479350406,
    -0.517224203707));
#3357 = CARTESIAN_POINT('',(-40.28281491804,-3.048169740783,
    -0.750589918584));
#3358 = CARTESIAN_POINT('',(-40.22790581279,-3.078358539484,
    -0.859079317348));
#3359 = CARTESIAN_POINT('',(-40.16360021488,-3.113712902994,
    -0.960867571859));
#3360 = CARTESIAN_POINT('',(-40.09077026107,-3.153752918346,
    -1.054584119689));
#3361 = CARTESIAN_POINT('',(-39.95955967048,-3.225887111027,
    -1.19273203748));
#3362 = CARTESIAN_POINT('',(-39.90560695443,-3.255547655946,
    -1.242669015157));
#3363 = CARTESIAN_POINT('',(-39.84894000446,-3.286699825268,
    -1.288599129861));
#3364 = CARTESIAN_POINT('',(-39.78986677494,-3.319174225378,
    -1.330275998245));
#3365 = CARTESIAN_POINT('',(-39.69943498638,-3.368886423898,
    -1.385328142432));
#3366 = CARTESIAN_POINT('',(-39.6696723443,-3.385247408385,
    -1.402135606628));
#3367 = CARTESIAN_POINT('',(-39.63947088617,-3.401849462415,
    -1.417899436557));
#3368 = CARTESIAN_POINT('',(-39.60886818141,-3.418671924911,
    -1.432600351545));
#3369 = CARTESIAN_POINT('',(-39.50095209837,-3.477993364359,
    -1.480071494823));
#3370 = CARTESIAN_POINT('',(-39.42176004843,-3.521524194895,
    -1.507254995014));
#3371 = CARTESIAN_POINT('',(-39.34092112873,-3.565959172229,
    -1.527515708222));
#3372 = CARTESIAN_POINT('',(-39.25905174047,-3.610959397011,
    -1.540702934348));
#3373 = CARTESIAN_POINT('',(-39.17678270277,-3.656178118299,
    -1.546770829826));
#3374 = SPHERICAL_SURFACE('',#3375,5.);
#3375 = AXIS2_PLACEMENT_3D('',#3376,#3377,#3378);
#3376 = CARTESIAN_POINT('',(-36.79941546148,0.46154273188,0.));
#3377 = DIRECTION('',(0.,0.,1.));
#3378 = DIRECTION('',(-0.5,-0.866025403784,0.));
#3379 = ADVANCED_FACE('',(#3380),#3391,.T.);
#3380 = FACE_BOUND('',#3381,.F.);
#3381 = EDGE_LOOP('',(#3382,#3383,#3384,#3385));
#3382 = ORIENTED_EDGE('',*,*,#427,.F.);
#3383 = ORIENTED_EDGE('',*,*,#3232,.F.);
#3384 = ORIENTED_EDGE('',*,*,#889,.T.);
#3385 = ORIENTED_EDGE('',*,*,#3386,.T.);
#3386 = EDGE_CURVE('',#890,#419,#3387,.T.);
#3387 = LINE('',#3388,#3389);
#3388 = CARTESIAN_POINT('',(-29.78107652713,3.617662350914,-50.));
#3389 = VECTOR('',#3390,1.);
#3390 = DIRECTION('',(0.,0.,-1.));
#3391 = CYLINDRICAL_SURFACE('',#3392,30.);
#3392 = AXIS2_PLACEMENT_3D('',#3393,#3394,#3395);
#3393 = CARTESIAN_POINT('',(0.,0.,-4.));
#3394 = DIRECTION('',(-0.,-0.,-1.));
#3395 = DIRECTION('',(1.,0.,0.));
#3396 = ADVANCED_FACE('',(#3397),#3409,.T.);
#3397 = FACE_BOUND('',#3398,.F.);
#3398 = EDGE_LOOP('',(#3399,#3400,#3401,#3408));
#3399 = ORIENTED_EDGE('',*,*,#3274,.F.);
#3400 = ORIENTED_EDGE('',*,*,#402,.T.);
#3401 = ORIENTED_EDGE('',*,*,#3402,.T.);
#3402 = EDGE_CURVE('',#403,#908,#3403,.T.);
#3403 = CIRCLE('',#3404,5.);
#3404 = AXIS2_PLACEMENT_3D('',#3405,#3406,#3407);
#3405 = CARTESIAN_POINT('',(-33.7128129211,5.607695154587,
    -7.771561172376E-15));
#3406 = DIRECTION('',(0.5,0.866025403784,2.22044604925E-16));
#3407 = DIRECTION('',(1.110223024625E-16,1.922962686384E-16,-1.));
#3408 = ORIENTED_EDGE('',*,*,#915,.F.);
#3409 = CYLINDRICAL_SURFACE('',#3410,5.);
#3410 = AXIS2_PLACEMENT_3D('',#3411,#3412,#3413);
#3411 = CARTESIAN_POINT('',(-16.2128129211,35.918584287042,0.));
#3412 = DIRECTION('',(0.5,0.866025403784,2.22044604925E-16));
#3413 = DIRECTION('',(1.110223024625E-16,1.922962686384E-16,-1.));
#3414 = ADVANCED_FACE('',(#3415),#3460,.F.);
#3415 = FACE_BOUND('',#3416,.T.);
#3416 = EDGE_LOOP('',(#3417,#3418,#3419,#3427,#3436,#3444,#3453,#3459));
#3417 = ORIENTED_EDGE('',*,*,#3386,.T.);
#3418 = ORIENTED_EDGE('',*,*,#418,.T.);
#3419 = ORIENTED_EDGE('',*,*,#3420,.T.);
#3420 = EDGE_CURVE('',#411,#3421,#3423,.T.);
#3421 = VERTEX_POINT('',#3422);
#3422 = CARTESIAN_POINT('',(-31.98076211353,4.607695154587,
    -2.145299461621));
#3423 = LINE('',#3424,#3425);
#3424 = CARTESIAN_POINT('',(-31.98076211353,4.607695154587,-50.));
#3425 = VECTOR('',#3426,1.);
#3426 = DIRECTION('',(0.,0.,1.));
#3427 = ORIENTED_EDGE('',*,*,#3428,.T.);
#3428 = EDGE_CURVE('',#3421,#3429,#3431,.T.);
#3429 = VERTEX_POINT('',#3430);
#3430 = CARTESIAN_POINT('',(-31.22246068287,4.205344094962,-1.65));
#3431 = ELLIPSE('',#3432,13.856406460551,12.);
#3432 = AXIS2_PLACEMENT_3D('',#3433,#3434,#3435);
#3433 = CARTESIAN_POINT('',(-25.98076211353,15.,-2.145299461621));
#3434 = DIRECTION('',(-0.433012701892,0.25,0.866025403784));
#3435 = DIRECTION('',(-0.75,0.433012701892,-0.5));
#3436 = ORIENTED_EDGE('',*,*,#3437,.F.);
#3437 = EDGE_CURVE('',#3438,#3429,#3440,.T.);
#3438 = VERTEX_POINT('',#3439);
#3439 = CARTESIAN_POINT('',(-31.22246068287,4.205344094962,1.65));
#3440 = LINE('',#3441,#3442);
#3441 = CARTESIAN_POINT('',(-31.22246068287,4.205344094962,-50.));
#3442 = VECTOR('',#3443,1.);
#3443 = DIRECTION('',(0.,0.,-1.));
#3444 = ORIENTED_EDGE('',*,*,#3445,.T.);
#3445 = EDGE_CURVE('',#3438,#3446,#3448,.T.);
#3446 = VERTEX_POINT('',#3447);
#3447 = CARTESIAN_POINT('',(-31.98076211353,4.607695154587,
    2.145299461621));
#3448 = ELLIPSE('',#3449,13.856406460551,12.);
#3449 = AXIS2_PLACEMENT_3D('',#3450,#3451,#3452);
#3450 = CARTESIAN_POINT('',(-25.98076211353,15.,2.145299461621));
#3451 = DIRECTION('',(-0.433012701892,0.25,-0.866025403784));
#3452 = DIRECTION('',(0.75,-0.433012701892,-0.5));
#3453 = ORIENTED_EDGE('',*,*,#3454,.T.);
#3454 = EDGE_CURVE('',#3446,#899,#3455,.T.);
#3455 = LINE('',#3456,#3457);
#3456 = CARTESIAN_POINT('',(-31.98076211353,4.607695154587,-50.));
#3457 = VECTOR('',#3458,1.);
#3458 = DIRECTION('',(0.,0.,1.));
#3459 = ORIENTED_EDGE('',*,*,#898,.F.);
#3460 = CYLINDRICAL_SURFACE('',#3461,12.);
#3461 = AXIS2_PLACEMENT_3D('',#3462,#3463,#3464);
#3462 = CARTESIAN_POINT('',(-25.98076211353,15.,-50.));
#3463 = DIRECTION('',(0.,0.,-1.));
#3464 = DIRECTION('',(-0.5,-0.866025403784,0.));
#3465 = ADVANCED_FACE('',(#3466),#3511,.F.);
#3466 = FACE_BOUND('',#3467,.F.);
#3467 = EDGE_LOOP('',(#3468,#3469,#3470,#3471,#3472,#3473,#3481,#3489,
    #3497,#3505));
#3468 = ORIENTED_EDGE('',*,*,#3454,.T.);
#3469 = ORIENTED_EDGE('',*,*,#907,.F.);
#3470 = ORIENTED_EDGE('',*,*,#3402,.F.);
#3471 = ORIENTED_EDGE('',*,*,#410,.F.);
#3472 = ORIENTED_EDGE('',*,*,#3420,.T.);
#3473 = ORIENTED_EDGE('',*,*,#3474,.T.);
#3474 = EDGE_CURVE('',#3421,#3475,#3477,.T.);
#3475 = VERTEX_POINT('',#3476);
#3476 = CARTESIAN_POINT('',(-33.7128129211,5.607695154587,-3.3));
#3477 = LINE('',#3478,#3479);
#3478 = CARTESIAN_POINT('',(-48.31473439664,14.038118449178,
    -13.03461431703));
#3479 = VECTOR('',#3480,1.);
#3480 = DIRECTION('',(-0.75,0.433012701892,-0.5));
#3481 = ORIENTED_EDGE('',*,*,#3482,.T.);
#3482 = EDGE_CURVE('',#3475,#3483,#3485,.T.);
#3483 = VERTEX_POINT('',#3484);
#3484 = CARTESIAN_POINT('',(-36.1878129211,7.036637070831,-1.65));
#3485 = LINE('',#3486,#3487);
#3486 = CARTESIAN_POINT('',(-32.03973439664,4.641742818117,
    -4.41538568297));
#3487 = VECTOR('',#3488,1.);
#3488 = DIRECTION('',(-0.75,0.433012701892,0.5));
#3489 = ORIENTED_EDGE('',*,*,#3490,.T.);
#3490 = EDGE_CURVE('',#3483,#3491,#3493,.T.);
#3491 = VERTEX_POINT('',#3492);
#3492 = CARTESIAN_POINT('',(-36.1878129211,7.036637070831,1.65));
#3493 = LINE('',#3494,#3495);
#3494 = CARTESIAN_POINT('',(-36.1878129211,7.036637070831,-24.175));
#3495 = VECTOR('',#3496,1.);
#3496 = DIRECTION('',(3.496295793425E-16,-2.0185873175E-16,1.));
#3497 = ORIENTED_EDGE('',*,*,#3498,.T.);
#3498 = EDGE_CURVE('',#3491,#3499,#3501,.T.);
#3499 = VERTEX_POINT('',#3500);
#3500 = CARTESIAN_POINT('',(-33.7128129211,5.607695154587,3.3));
#3501 = LINE('',#3502,#3503);
#3502 = CARTESIAN_POINT('',(-49.55223439664,14.752589407301,
    -7.25961431703));
#3503 = VECTOR('',#3504,1.);
#3504 = DIRECTION('',(0.75,-0.433012701892,0.5));
#3505 = ORIENTED_EDGE('',*,*,#3506,.T.);
#3506 = EDGE_CURVE('',#3499,#3446,#3507,.T.);
#3507 = LINE('',#3508,#3509);
#3508 = CARTESIAN_POINT('',(-28.32723439664,2.498329943751,
    -0.29038568297));
#3509 = VECTOR('',#3510,1.);
#3510 = DIRECTION('',(0.75,-0.433012701892,-0.5));
#3511 = PLANE('',#3512);
#3512 = AXIS2_PLACEMENT_3D('',#3513,#3514,#3515);
#3513 = CARTESIAN_POINT('',(-49.30127018922,14.607695154587,-50.));
#3514 = DIRECTION('',(-0.5,-0.866025403784,0.));
#3515 = DIRECTION('',(0.,0.,1.));
#3516 = ADVANCED_FACE('',(#3517),#3528,.F.);
#3517 = FACE_BOUND('',#3518,.T.);
#3518 = EDGE_LOOP('',(#3519,#3520,#3526,#3527));
#3519 = ORIENTED_EDGE('',*,*,#606,.T.);
#3520 = ORIENTED_EDGE('',*,*,#3521,.T.);
#3521 = EDGE_CURVE('',#607,#1126,#3522,.T.);
#3522 = LINE('',#3523,#3524);
#3523 = CARTESIAN_POINT('',(2.2,-25.,-4.5));
#3524 = VECTOR('',#3525,1.);
#3525 = DIRECTION('',(0.,0.,1.));
#3526 = ORIENTED_EDGE('',*,*,#1125,.F.);
#3527 = ORIENTED_EDGE('',*,*,#3521,.F.);
#3528 = CYLINDRICAL_SURFACE('',#3529,2.2);
#3529 = AXIS2_PLACEMENT_3D('',#3530,#3531,#3532);
#3530 = CARTESIAN_POINT('',(0.,-25.,-4.5));
#3531 = DIRECTION('',(-0.,-0.,-1.));
#3532 = DIRECTION('',(1.,0.,0.));
#3533 = ADVANCED_FACE('',(#3534),#3545,.F.);
#3534 = FACE_BOUND('',#3535,.T.);
#3535 = EDGE_LOOP('',(#3536,#3537,#3543,#3544));
#3536 = ORIENTED_EDGE('',*,*,#617,.T.);
#3537 = ORIENTED_EDGE('',*,*,#3538,.T.);
#3538 = EDGE_CURVE('',#618,#1137,#3539,.T.);
#3539 = LINE('',#3540,#3541);
#3540 = CARTESIAN_POINT('',(22.750635094611,-10.59474411167,-4.5));
#3541 = VECTOR('',#3542,1.);
#3542 = DIRECTION('',(0.,0.,1.));
#3543 = ORIENTED_EDGE('',*,*,#1136,.F.);
#3544 = ORIENTED_EDGE('',*,*,#3538,.F.);
#3545 = CYLINDRICAL_SURFACE('',#3546,2.2);
#3546 = AXIS2_PLACEMENT_3D('',#3547,#3548,#3549);
#3547 = CARTESIAN_POINT('',(21.650635094611,-12.5,-4.5));
#3548 = DIRECTION('',(0.,-0.,-1.));
#3549 = DIRECTION('',(0.5,0.866025403784,0.));
#3550 = ADVANCED_FACE('',(#3551),#3562,.F.);
#3551 = FACE_BOUND('',#3552,.T.);
#3552 = EDGE_LOOP('',(#3553,#3554,#3560,#3561));
#3553 = ORIENTED_EDGE('',*,*,#628,.T.);
#3554 = ORIENTED_EDGE('',*,*,#3555,.T.);
#3555 = EDGE_CURVE('',#629,#1115,#3556,.T.);
#3556 = LINE('',#3557,#3558);
#3557 = CARTESIAN_POINT('',(-20.55063509461,-14.40525588832,-4.5));
#3558 = VECTOR('',#3559,1.);
#3559 = DIRECTION('',(0.,0.,1.));
#3560 = ORIENTED_EDGE('',*,*,#1114,.F.);
#3561 = ORIENTED_EDGE('',*,*,#3555,.F.);
#3562 = CYLINDRICAL_SURFACE('',#3563,2.2);
#3563 = AXIS2_PLACEMENT_3D('',#3564,#3565,#3566);
#3564 = CARTESIAN_POINT('',(-21.65063509461,-12.5,-4.5));
#3565 = DIRECTION('',(-0.,0.,-1.));
#3566 = DIRECTION('',(0.5,-0.866025403784,0.));
#3567 = ADVANCED_FACE('',(#3568),#3579,.F.);
#3568 = FACE_BOUND('',#3569,.T.);
#3569 = EDGE_LOOP('',(#3570,#3571,#3577,#3578));
#3570 = ORIENTED_EDGE('',*,*,#639,.T.);
#3571 = ORIENTED_EDGE('',*,*,#3572,.T.);
#3572 = EDGE_CURVE('',#640,#1170,#3573,.T.);
#3573 = LINE('',#3574,#3575);
#3574 = CARTESIAN_POINT('',(20.550635094611,14.405255888326,-4.5));
#3575 = VECTOR('',#3576,1.);
#3576 = DIRECTION('',(0.,0.,1.));
#3577 = ORIENTED_EDGE('',*,*,#1169,.F.);
#3578 = ORIENTED_EDGE('',*,*,#3572,.F.);
#3579 = CYLINDRICAL_SURFACE('',#3580,2.2);
#3580 = AXIS2_PLACEMENT_3D('',#3581,#3582,#3583);
#3581 = CARTESIAN_POINT('',(21.650635094611,12.5,-4.5));
#3582 = DIRECTION('',(0.,0.,-1.));
#3583 = DIRECTION('',(-0.5,0.866025403784,0.));
#3584 = ADVANCED_FACE('',(#3585),#3596,.F.);
#3585 = FACE_BOUND('',#3586,.T.);
#3586 = EDGE_LOOP('',(#3587,#3588,#3594,#3595));
#3587 = ORIENTED_EDGE('',*,*,#650,.T.);
#3588 = ORIENTED_EDGE('',*,*,#3589,.T.);
#3589 = EDGE_CURVE('',#651,#1159,#3590,.T.);
#3590 = LINE('',#3591,#3592);
#3591 = CARTESIAN_POINT('',(20.,-4.898587196589E-15,-10.));
#3592 = VECTOR('',#3593,1.);
#3593 = DIRECTION('',(0.,0.,1.));
#3594 = ORIENTED_EDGE('',*,*,#1158,.F.);
#3595 = ORIENTED_EDGE('',*,*,#3589,.F.);
#3596 = CYLINDRICAL_SURFACE('',#3597,20.);
#3597 = AXIS2_PLACEMENT_3D('',#3598,#3599,#3600);
#3598 = CARTESIAN_POINT('',(0.,0.,-10.));
#3599 = DIRECTION('',(-0.,-0.,-1.));
#3600 = DIRECTION('',(1.,0.,0.));
#3601 = ADVANCED_FACE('',(#3602),#3613,.F.);
#3602 = FACE_BOUND('',#3603,.T.);
#3603 = EDGE_LOOP('',(#3604,#3605,#3611,#3612));
#3604 = ORIENTED_EDGE('',*,*,#661,.T.);
#3605 = ORIENTED_EDGE('',*,*,#3606,.T.);
#3606 = EDGE_CURVE('',#662,#1181,#3607,.T.);
#3607 = LINE('',#3608,#3609);
#3608 = CARTESIAN_POINT('',(-2.2,25.,-4.5));
#3609 = VECTOR('',#3610,1.);
#3610 = DIRECTION('',(0.,0.,1.));
#3611 = ORIENTED_EDGE('',*,*,#1180,.F.);
#3612 = ORIENTED_EDGE('',*,*,#3606,.F.);
#3613 = CYLINDRICAL_SURFACE('',#3614,2.2);
#3614 = AXIS2_PLACEMENT_3D('',#3615,#3616,#3617);
#3615 = CARTESIAN_POINT('',(3.061616997868E-15,25.,-4.5));
#3616 = DIRECTION('',(0.,0.,-1.));
#3617 = DIRECTION('',(-1.,1.224646799147E-16,0.));
#3618 = ADVANCED_FACE('',(#3619),#3630,.F.);
#3619 = FACE_BOUND('',#3620,.T.);
#3620 = EDGE_LOOP('',(#3621,#3622,#3628,#3629));
#3621 = ORIENTED_EDGE('',*,*,#672,.T.);
#3622 = ORIENTED_EDGE('',*,*,#3623,.T.);
#3623 = EDGE_CURVE('',#673,#1148,#3624,.T.);
#3624 = LINE('',#3625,#3626);
#3625 = CARTESIAN_POINT('',(-22.75063509461,10.594744111674,-4.5));
#3626 = VECTOR('',#3627,1.);
#3627 = DIRECTION('',(0.,0.,1.));
#3628 = ORIENTED_EDGE('',*,*,#1147,.F.);
#3629 = ORIENTED_EDGE('',*,*,#3623,.F.);
#3630 = CYLINDRICAL_SURFACE('',#3631,2.2);
#3631 = AXIS2_PLACEMENT_3D('',#3632,#3633,#3634);
#3632 = CARTESIAN_POINT('',(-21.65063509461,12.5,-4.5));
#3633 = DIRECTION('',(0.,0.,-1.));
#3634 = DIRECTION('',(-0.5,-0.866025403784,0.));
#3635 = ADVANCED_FACE('',(#3636),#3794,.F.);
#3636 = FACE_BOUND('',#3637,.T.);
#3637 = EDGE_LOOP('',(#3638,#3639,#3646,#3731,#3782,#3793));
#3638 = ORIENTED_EDGE('',*,*,#1329,.F.);
#3639 = ORIENTED_EDGE('',*,*,#3640,.F.);
#3640 = EDGE_CURVE('',#3641,#1330,#3643,.T.);
#3641 = VERTEX_POINT('',#3642);
#3642 = CARTESIAN_POINT('',(34.336497495911,4.52744178312,-1.55));
#3643 = B_SPLINE_CURVE_WITH_KNOTS('',1,(#3644,#3645),.UNSPECIFIED.,.F.,
  .F.,(2,2),(-26.75263085038,-17.24736914961),.PIECEWISE_BEZIER_KNOTS.);
#3644 = CARTESIAN_POINT('',(34.336497495911,4.52744178312,-1.55));
#3645 = CARTESIAN_POINT('',(39.089128346293,-3.70435631936,-1.55));
#3646 = ORIENTED_EDGE('',*,*,#3647,.T.);
#3647 = EDGE_CURVE('',#3641,#3648,#3650,.T.);
#3648 = VERTEX_POINT('',#3649);
#3649 = CARTESIAN_POINT('',(34.422048220182,4.579263582059,
    1.546770829826));
#3650 = B_SPLINE_CURVE_WITH_KNOTS('',7,(#3651,#3652,#3653,#3654,#3655,
    #3656,#3657,#3658,#3659,#3660,#3661,#3662,#3663,#3664,#3665,#3666,
    #3667,#3668,#3669,#3670,#3671,#3672,#3673,#3674,#3675,#3676,#3677,
    #3678,#3679,#3680,#3681,#3682,#3683,#3684,#3685,#3686,#3687,#3688,
    #3689,#3690,#3691,#3692,#3693,#3694,#3695,#3696,#3697,#3698,#3699,
    #3700,#3701,#3702,#3703,#3704,#3705,#3706,#3707,#3708,#3709,#3710,
    #3711,#3712,#3713,#3714,#3715,#3716,#3717,#3718,#3719,#3720,#3721,
    #3722,#3723,#3724,#3725,#3726,#3727,#3728,#3729,#3730),
  .UNSPECIFIED.,.F.,.F.,(8,6,6,6,6,6,6,6,6,6,6,6,6,8),(0.,0.114350424398
    ,0.152780941149,0.177410473634,0.205975457279,0.232565663877,
    0.490411210378,0.747273592013,0.773863808192,0.80242880213,
    0.82705834349,0.865488874088,0.979840001955,1.),.UNSPECIFIED.);
#3651 = CARTESIAN_POINT('',(34.336497495911,4.52744178312,-1.55));
#3652 = CARTESIAN_POINT('',(34.267125614322,4.485419772412,-1.55));
#3653 = CARTESIAN_POINT('',(34.19775416826,4.443397190327,
    -1.545050598958));
#3654 = CARTESIAN_POINT('',(34.128692606716,4.401561483898,
    -1.535152494488));
#3655 = CARTESIAN_POINT('',(34.060247784466,4.360098551975,
    -1.520337801817));
#3656 = CARTESIAN_POINT('',(33.992722983625,4.319192150938,
    -1.500670489621));
#3657 = CARTESIAN_POINT('',(33.926416935204,4.279023300404,
    -1.476246815845));
#3658 = CARTESIAN_POINT('',(33.839847053213,4.226577463542,
    -1.437432380857));
#3659 = CARTESIAN_POINT('',(33.81824178708,4.213488460574,
    -1.427146257631));
#3660 = CARTESIAN_POINT('',(33.796818058187,4.200509356032,
    -1.416342242632));
#3661 = CARTESIAN_POINT('',(33.775586743097,4.187646741684,
    -1.405025573829));
#3662 = CARTESIAN_POINT('',(33.754558579005,4.17490712507,-1.39320187838
    ));
#3663 = CARTESIAN_POINT('',(33.73374416374,4.162296929504,
    -1.380877172635));
#3664 = CARTESIAN_POINT('',(33.699958005278,4.141827818521,
    -1.359842161402));
#3665 = CARTESIAN_POINT('',(33.686854139306,4.133888901213,
    -1.351423307738));
#3666 = CARTESIAN_POINT('',(33.673845108146,4.126007409158,
    -1.342802986298));
#3667 = CARTESIAN_POINT('',(33.66093363271,4.118184991589,-1.33398294524
    ));
#3668 = CARTESIAN_POINT('',(33.648122404528,4.110423279968,
    -1.324964995719));
#3669 = CARTESIAN_POINT('',(33.635414085747,4.10272388798,
    -1.315751011888));
#3670 = CARTESIAN_POINT('',(33.608194786948,4.086232893888,
    -1.295431571545));
#3671 = CARTESIAN_POINT('',(33.5937202264,4.077463347138,-1.284259129204
    ));
#3672 = CARTESIAN_POINT('',(33.579391735696,4.068782261579,
    -1.272828626813));
#3673 = CARTESIAN_POINT('',(33.565213361054,4.060192089984,
    -1.261143195938));
#3674 = CARTESIAN_POINT('',(33.551189086707,4.051695247605,
    -1.249206076769));
#3675 = CARTESIAN_POINT('',(33.537322834895,4.04329411218,
    -1.237020618127));
#3676 = CARTESIAN_POINT('',(33.510861518127,4.027261951335,
    -1.21301928093));
#3677 = CARTESIAN_POINT('',(33.498244840884,4.019617836047,
    -1.201236088211));
#3678 = CARTESIAN_POINT('',(33.485771547366,4.012060565404,
    -1.189243488025));
#3679 = CARTESIAN_POINT('',(33.47344469769,4.004591994592,
    -1.177044345558));
#3680 = CARTESIAN_POINT('',(33.46126729886,3.997213946634,
    -1.164641602455));
#3681 = CARTESIAN_POINT('',(33.449242304767,3.989928212396,
    -1.152038276821));
#3682 = CARTESIAN_POINT('',(33.322272106339,3.91299892129,
    -1.015107822978));
#3683 = CARTESIAN_POINT('',(33.22170045286,3.852061770257,
    -0.872326659003));
#3684 = CARTESIAN_POINT('',(33.138474494768,3.801632831374,
    -0.71382559945));
#3685 = CARTESIAN_POINT('',(33.074638102393,3.762951654912,
    -0.54312047194));
#3686 = CARTESIAN_POINT('',(33.031628523603,3.736890028653,
    -0.364035663022));
#3687 = CARTESIAN_POINT('',(33.010275518425,3.723951191144,
    -0.180711759498));
#3688 = CARTESIAN_POINT('',(33.010769273389,3.724250381597,
    0.184907311685));
#3689 = CARTESIAN_POINT('',(33.032451949254,3.737388982817,
    0.367451051813));
#3690 = CARTESIAN_POINT('',(33.075614174453,3.763543098258,
    0.545725588461));
#3691 = CARTESIAN_POINT('',(33.139428383574,3.802210819238,
    0.715640105852));
#3692 = CARTESIAN_POINT('',(33.222468501001,3.852527136574,
    0.873416220778));
#3693 = CARTESIAN_POINT('',(33.322711025808,3.913264855848,
    1.015581173755));
#3694 = CARTESIAN_POINT('',(33.449242304767,3.989928212396,
    1.152038276821));
#3695 = CARTESIAN_POINT('',(33.46126729886,3.997213946634,1.164641602455
    ));
#3696 = CARTESIAN_POINT('',(33.47344469769,4.004591994592,1.177044345558
    ));
#3697 = CARTESIAN_POINT('',(33.485771547366,4.012060565404,
    1.189243488025));
#3698 = CARTESIAN_POINT('',(33.498244840884,4.019617836047,
    1.201236088211));
#3699 = CARTESIAN_POINT('',(33.510861518127,4.027261951335,1.21301928093
    ));
#3700 = CARTESIAN_POINT('',(33.537322834895,4.04329411218,1.237020618127
    ));
#3701 = CARTESIAN_POINT('',(33.551189086707,4.051695247605,
    1.249206076769));
#3702 = CARTESIAN_POINT('',(33.565213361054,4.060192089984,
    1.261143195938));
#3703 = CARTESIAN_POINT('',(33.579391735696,4.068782261579,
    1.272828626813));
#3704 = CARTESIAN_POINT('',(33.5937202264,4.077463347138,1.284259129204)
  );
#3705 = CARTESIAN_POINT('',(33.608194786948,4.086232893888,
    1.295431571545));
#3706 = CARTESIAN_POINT('',(33.635414085747,4.10272388798,1.315751011888
    ));
#3707 = CARTESIAN_POINT('',(33.648122404528,4.110423279968,
    1.324964995719));
#3708 = CARTESIAN_POINT('',(33.66093363271,4.118184991589,1.33398294524)
  );
#3709 = CARTESIAN_POINT('',(33.673845108146,4.126007409158,
    1.342802986298));
#3710 = CARTESIAN_POINT('',(33.686854139306,4.133888901213,
    1.351423307738));
#3711 = CARTESIAN_POINT('',(33.699958005278,4.141827818521,
    1.359842161402));
#3712 = CARTESIAN_POINT('',(33.73374416374,4.162296929504,1.380877172635
    ));
#3713 = CARTESIAN_POINT('',(33.754558579005,4.17490712507,1.39320187838)
  );
#3714 = CARTESIAN_POINT('',(33.775586743097,4.187646741684,
    1.405025573829));
#3715 = CARTESIAN_POINT('',(33.796818058187,4.200509356032,
    1.416342242632));
#3716 = CARTESIAN_POINT('',(33.81824178708,4.213488460574,1.427146257631
    ));
#3717 = CARTESIAN_POINT('',(33.839847053213,4.226577463542,
    1.437432380857));
#3718 = CARTESIAN_POINT('',(33.926417310462,4.279023527744,
    1.476246984095));
#3719 = CARTESIAN_POINT('',(33.99272321247,4.319192289568,1.500670528475
    ));
#3720 = CARTESIAN_POINT('',(34.060248005436,4.360098685841,
    1.520337874438));
#3721 = CARTESIAN_POINT('',(34.128693239722,4.401561867377,
    1.535152704392));
#3722 = CARTESIAN_POINT('',(34.19775546338,4.443397974881,1.545050810536
    ));
#3723 = CARTESIAN_POINT('',(34.267127128225,4.485420689458,1.55));
#3724 = CARTESIAN_POINT('',(34.348727427552,4.534850063055,1.55));
#3725 = CARTESIAN_POINT('',(34.360957370831,4.542258324077,
    1.549846178128));
#3726 = CARTESIAN_POINT('',(34.37318563837,4.549665544066,1.549538534337
    ));
#3727 = CARTESIAN_POINT('',(34.385410543267,4.55707070121,1.549077099745
    ));
#3728 = CARTESIAN_POINT('',(34.397630399093,4.564472774003,
    1.548461936637));
#3729 = CARTESIAN_POINT('',(34.409843519892,4.571870741249,
    1.547693138459));
#3730 = CARTESIAN_POINT('',(34.422048220182,4.579263582059,
    1.546770829826));
#3731 = ORIENTED_EDGE('',*,*,#3732,.T.);
#3732 = EDGE_CURVE('',#3648,#3733,#3735,.T.);
#3733 = VERTEX_POINT('',#3734);
#3734 = CARTESIAN_POINT('',(34.422048220182,4.579263582059,
    -1.546770829826));
#3735 = B_SPLINE_CURVE_WITH_KNOTS('',5,(#3736,#3737,#3738,#3739,#3740,
    #3741,#3742,#3743,#3744,#3745,#3746,#3747,#3748,#3749,#3750,#3751,
    #3752,#3753,#3754,#3755,#3756,#3757,#3758,#3759,#3760,#3761,#3762,
    #3763,#3764,#3765,#3766,#3767,#3768,#3769,#3770,#3771,#3772,#3773,
    #3774,#3775,#3776,#3777,#3778,#3779,#3780,#3781),.UNSPECIFIED.,.F.,
  .F.,(6,4,4,4,4,4,4,4,4,4,4,6),(0.,0.100699431951,0.141272503208,
    0.225979141111,0.359383692413,0.405552605596,0.49993773849,
    0.640490031069,0.773894426241,0.858600935133,0.899173943755,1.),
  .UNSPECIFIED.);
#3736 = CARTESIAN_POINT('',(34.422048220182,4.579263582059,
    1.546770829826));
#3737 = CARTESIAN_POINT('',(34.502242401995,4.627840180093,
    1.540710559235));
#3738 = CARTESIAN_POINT('',(34.582048507358,4.676180511476,
    1.527548840002));
#3739 = CARTESIAN_POINT('',(34.660853159571,4.723913056339,
    1.507331341369));
#3740 = CARTESIAN_POINT('',(34.738056910083,4.770674806187,
    1.480208065075));
#3741 = CARTESIAN_POINT('',(34.843309853657,4.834424331794,1.43282640261
    ));
#3742 = CARTESIAN_POINT('',(34.873184680234,4.852518726145,
    1.418138804877));
#3743 = CARTESIAN_POINT('',(34.90266835041,4.870376044581,1.402388118051
    ));
#3744 = CARTESIAN_POINT('',(34.931724180469,4.887974077941,
    1.385593606388));
#3745 = CARTESIAN_POINT('',(35.020010053105,4.941445083185,
    1.330580819168));
#3746 = CARTESIAN_POINT('',(35.07768391402,4.976375035396,1.288929661804
    ));
#3747 = CARTESIAN_POINT('',(35.133010939993,5.009883045355,
    1.243024210733));
#3748 = CARTESIAN_POINT('',(35.185690375425,5.041787065514,
    1.193110713409));
#3749 = CARTESIAN_POINT('',(35.313810766859,5.119378965597,
    1.055019917739));
#3750 = CARTESIAN_POINT('',(35.384931982077,5.162450063573,
    0.961335084741));
#3751 = CARTESIAN_POINT('',(35.447735773033,5.200483280626,
    0.859574823847));
#3752 = CARTESIAN_POINT('',(35.501370000636,5.232963005866,
    0.751109313204));
#3753 = CARTESIAN_POINT('',(35.56041180743,5.268717057075,0.598168921967
    ));
#3754 = CARTESIAN_POINT('',(35.574421569296,5.277200931231,
    0.558229417759));
#3755 = CARTESIAN_POINT('',(35.587236560461,5.284961256999,
    0.517735572012));
#3756 = CARTESIAN_POINT('',(35.5988360113,5.291985468219,0.476752760045)
  );
#3757 = CARTESIAN_POINT('',(35.630396925017,5.311097571864,
    0.350702539296));
#3758 = CARTESIAN_POINT('',(35.646440481608,5.32081286505,0.264292397583
    ));
#3759 = CARTESIAN_POINT('',(35.65718946392,5.327321961043,0.176692613486
    ));
#3760 = CARTESIAN_POINT('',(35.66257126873,5.330580938027,
    8.849411085532E-02));
#3761 = CARTESIAN_POINT('',(35.662607088965,5.330602629137,
    -0.131043993449));
#3762 = CARTESIAN_POINT('',(35.650725601134,5.323407738298,
    -0.262394655059));
#3763 = CARTESIAN_POINT('',(35.626942203045,5.309005594076,
    -0.391766498726));
#3764 = CARTESIAN_POINT('',(35.591612954989,5.287611589699,
    -0.517224203707));
#3765 = CARTESIAN_POINT('',(35.501615028456,5.233111389122,
    -0.750589918584));
#3766 = CARTESIAN_POINT('',(35.448016209246,5.200653108428,
    -0.859079317348));
#3767 = CARTESIAN_POINT('',(35.38524563336,5.162640008792,
    -0.960867571859));
#3768 = CARTESIAN_POINT('',(35.314154985988,5.119587426306,
    -1.054584119689));
#3769 = CARTESIAN_POINT('',(35.18607964735,5.042022817951,-1.19273203748
    ));
#3770 = CARTESIAN_POINT('',(35.133416503938,5.010128667712,
    -1.242669015157));
#3771 = CARTESIAN_POINT('',(35.078104458936,4.976629734141,
    -1.288599129861));
#3772 = CARTESIAN_POINT('',(35.02044418871,4.941708016753,
    -1.330275998245));
#3773 = CARTESIAN_POINT('',(34.932176267633,4.888247889809,
    -1.385328142432));
#3774 = CARTESIAN_POINT('',(34.903125918394,4.870653177922,
    -1.402135606628));
#3775 = CARTESIAN_POINT('',(34.873647388784,4.852798974966,
    -1.417899436557));
#3776 = CARTESIAN_POINT('',(34.843777356528,4.834707486466,
    -1.432600351545));
#3777 = CARTESIAN_POINT('',(34.738445441458,4.770910136803,
    -1.480071494823));
#3778 = CARTESIAN_POINT('',(34.661150611394,4.724093225042,
    -1.507254995014));
#3779 = CARTESIAN_POINT('',(34.58224933236,4.67630215564,-1.527515708222
    ));
#3780 = CARTESIAN_POINT('',(34.502343300391,4.627901298004,
    -1.540702934348));
#3781 = CARTESIAN_POINT('',(34.422048220182,4.579263582059,
    -1.546770829826));
#3782 = ORIENTED_EDGE('',*,*,#3783,.T.);
#3783 = EDGE_CURVE('',#3733,#3641,#3784,.T.);
#3784 = B_SPLINE_CURVE_WITH_KNOTS('',4,(#3785,#3786,#3787,#3788,#3789,
    #3790,#3791,#3792),.UNSPECIFIED.,.F.,.F.,(5,3,5),(0.,0.735402089798,
    1.),.UNSPECIFIED.);
#3785 = CARTESIAN_POINT('',(34.422048220182,4.579263582059,
    -1.546770829826));
#3786 = CARTESIAN_POINT('',(34.406341335569,4.569749337971,
    -1.547957798366));
#3787 = CARTESIAN_POINT('',(34.390618514091,4.560225391459,
    -1.548854193458));
#3788 = CARTESIAN_POINT('',(34.374885618057,4.550695293293,
    -1.549459581631));
#3789 = CARTESIAN_POINT('',(34.353486306244,4.537732734288,
    -1.549886921442));
#3790 = CARTESIAN_POINT('',(34.347823548889,4.534302532278,
    -1.549962307149));
#3791 = CARTESIAN_POINT('',(34.342160521081,4.530872160081,-1.55));
#3792 = CARTESIAN_POINT('',(34.336497495911,4.52744178312,-1.55));
#3793 = ORIENTED_EDGE('',*,*,#3640,.T.);
#3794 = CYLINDRICAL_SURFACE('',#3795,1.55);
#3795 = AXIS2_PLACEMENT_3D('',#3796,#3797,#3798);
#3796 = CARTESIAN_POINT('',(47.712812921102,-18.64101615137,0.));
#3797 = DIRECTION('',(0.5,-0.866025403784,2.22044604925E-16));
#3798 = DIRECTION('',(1.110223024625E-16,-1.922962686384E-16,-1.));
#3799 = ADVANCED_FACE('',(#3800),#3827,.T.);
#3800 = FACE_BOUND('',#3801,.T.);
#3801 = EDGE_LOOP('',(#3802,#3813,#3819,#3820,#3821));
#3802 = ORIENTED_EDGE('',*,*,#3803,.F.);
#3803 = EDGE_CURVE('',#3804,#3806,#3808,.T.);
#3804 = VERTEX_POINT('',#3805);
#3805 = CARTESIAN_POINT('',(32.398762674813,2.16792927988,1.65));
#3806 = VERTEX_POINT('',#3807);
#3807 = CARTESIAN_POINT('',(34.83531458555,3.663465240182,3.3));
#3808 = CIRCLE('',#3809,4.06745763552);
#3809 = AXIS2_PLACEMENT_3D('',#3810,#3811,#3812);
#3810 = CARTESIAN_POINT('',(35.540264826386,-0.265428226242,
    2.518301270189));
#3811 = DIRECTION('',(0.433012701892,0.25,-0.866025403784));
#3812 = DIRECTION('',(-0.75,-0.433012701892,-0.5));
#3813 = ORIENTED_EDGE('',*,*,#3814,.T.);
#3814 = EDGE_CURVE('',#3804,#1724,#3815,.T.);
#3815 = LINE('',#3816,#3817);
#3816 = CARTESIAN_POINT('',(32.487812921102,2.013689728881,1.65));
#3817 = VECTOR('',#3818,1.);
#3818 = DIRECTION('',(-0.5,0.866025403784,-2.22044604925E-16));
#3819 = ORIENTED_EDGE('',*,*,#1723,.F.);
#3820 = ORIENTED_EDGE('',*,*,#1574,.F.);
#3821 = ORIENTED_EDGE('',*,*,#3822,.F.);
#3822 = EDGE_CURVE('',#3806,#1567,#3823,.T.);
#3823 = LINE('',#3824,#3825);
#3824 = CARTESIAN_POINT('',(34.962812921102,3.442631645126,3.3));
#3825 = VECTOR('',#3826,1.);
#3826 = DIRECTION('',(-0.5,0.866025403784,-2.22044604925E-16));
#3827 = PLANE('',#3828);
#3828 = AXIS2_PLACEMENT_3D('',#3829,#3830,#3831);
#3829 = CARTESIAN_POINT('',(32.487812921102,2.013689728881,1.65));
#3830 = DIRECTION('',(0.433012701892,0.25,-0.866025403784));
#3831 = DIRECTION('',(0.75,0.433012701892,0.5));
#3832 = ADVANCED_FACE('',(#3833),#3861,.T.);
#3833 = FACE_BOUND('',#3834,.T.);
#3834 = EDGE_LOOP('',(#3835,#3844,#3845,#3846,#3854));
#3835 = ORIENTED_EDGE('',*,*,#3836,.F.);
#3836 = EDGE_CURVE('',#3806,#3837,#3839,.T.);
#3837 = VERTEX_POINT('',#3838);
#3838 = CARTESIAN_POINT('',(34.896278718868,3.757872263837,
    3.242264973081));
#3839 = CIRCLE('',#3840,4.137123201362);
#3840 = AXIS2_PLACEMENT_3D('',#3841,#3842,#3843);
#3841 = CARTESIAN_POINT('',(38.015264826386,1.163513690002,
    2.431698729811));
#3842 = DIRECTION('',(-0.433012701892,-0.25,-0.866025403784));
#3843 = DIRECTION('',(-0.75,-0.433012701892,0.5));
#3844 = ORIENTED_EDGE('',*,*,#3822,.T.);
#3845 = ORIENTED_EDGE('',*,*,#1566,.F.);
#3846 = ORIENTED_EDGE('',*,*,#3847,.F.);
#3847 = EDGE_CURVE('',#3848,#1559,#3850,.T.);
#3848 = VERTEX_POINT('',#3849);
#3849 = CARTESIAN_POINT('',(37.27263820541,5.157664561074,1.65));
#3850 = LINE('',#3851,#3852);
#3851 = CARTESIAN_POINT('',(37.437812921102,4.87157356137,1.65));
#3852 = VECTOR('',#3853,1.);
#3853 = DIRECTION('',(-0.5,0.866025403784,-2.22044604925E-16));
#3854 = ORIENTED_EDGE('',*,*,#3855,.F.);
#3855 = EDGE_CURVE('',#3837,#3848,#3856,.T.);
#3856 = CIRCLE('',#3857,4.137123201362);
#3857 = AXIS2_PLACEMENT_3D('',#3858,#3859,#3860);
#3858 = CARTESIAN_POINT('',(38.015264826386,1.163513690002,
    2.431698729811));
#3859 = DIRECTION('',(-0.433012701892,-0.25,-0.866025403784));
#3860 = DIRECTION('',(-0.75,-0.433012701892,0.5));
#3861 = PLANE('',#3862);
#3862 = AXIS2_PLACEMENT_3D('',#3863,#3864,#3865);
#3863 = CARTESIAN_POINT('',(34.962812921102,3.442631645126,3.3));
#3864 = DIRECTION('',(-0.433012701892,-0.25,-0.866025403784));
#3865 = DIRECTION('',(0.75,0.433012701892,-0.5));
#3866 = ADVANCED_FACE('',(#3867),#3886,.T.);
#3867 = FACE_BOUND('',#3868,.T.);
#3868 = EDGE_LOOP('',(#3869,#3878,#3879,#3880));
#3869 = ORIENTED_EDGE('',*,*,#3870,.F.);
#3870 = EDGE_CURVE('',#3848,#3871,#3873,.T.);
#3871 = VERTEX_POINT('',#3872);
#3872 = CARTESIAN_POINT('',(37.27263820541,5.157664561074,-1.65));
#3873 = CIRCLE('',#3874,4.170620669217);
#3874 = AXIS2_PLACEMENT_3D('',#3875,#3876,#3877);
#3875 = CARTESIAN_POINT('',(39.187812921102,1.840484648124,
    1.11340586548E-15));
#3876 = DIRECTION('',(-0.866025403784,-0.5,-4.037174635001E-16));
#3877 = DIRECTION('',(-3.496295793425E-16,-2.0185873175E-16,1.));
#3878 = ORIENTED_EDGE('',*,*,#3847,.T.);
#3879 = ORIENTED_EDGE('',*,*,#1558,.F.);
#3880 = ORIENTED_EDGE('',*,*,#3881,.F.);
#3881 = EDGE_CURVE('',#3871,#1551,#3882,.T.);
#3882 = LINE('',#3883,#3884);
#3883 = CARTESIAN_POINT('',(37.437812921102,4.87157356137,-1.65));
#3884 = VECTOR('',#3885,1.);
#3885 = DIRECTION('',(-0.5,0.866025403784,-2.22044604925E-16));
#3886 = PLANE('',#3887);
#3887 = AXIS2_PLACEMENT_3D('',#3888,#3889,#3890);
#3888 = CARTESIAN_POINT('',(37.437812921102,4.87157356137,1.65));
#3889 = DIRECTION('',(-0.866025403784,-0.5,-4.037174635001E-16));
#3890 = DIRECTION('',(4.60651881805E-16,9.562463111672E-18,-1.));
#3891 = ADVANCED_FACE('',(#3892),#3920,.T.);
#3892 = FACE_BOUND('',#3893,.T.);
#3893 = EDGE_LOOP('',(#3894,#3903,#3904,#3905,#3913));
#3894 = ORIENTED_EDGE('',*,*,#3895,.F.);
#3895 = EDGE_CURVE('',#3871,#3896,#3898,.T.);
#3896 = VERTEX_POINT('',#3897);
#3897 = CARTESIAN_POINT('',(34.896278718868,3.757872263837,
    -3.242264973081));
#3898 = CIRCLE('',#3899,4.137123201362);
#3899 = AXIS2_PLACEMENT_3D('',#3900,#3901,#3902);
#3900 = CARTESIAN_POINT('',(38.015264826386,1.163513690002,
    -2.431698729811));
#3901 = DIRECTION('',(-0.433012701892,-0.25,0.866025403784));
#3902 = DIRECTION('',(0.75,0.433012701892,0.5));
#3903 = ORIENTED_EDGE('',*,*,#3881,.T.);
#3904 = ORIENTED_EDGE('',*,*,#1550,.F.);
#3905 = ORIENTED_EDGE('',*,*,#3906,.F.);
#3906 = EDGE_CURVE('',#3907,#1543,#3909,.T.);
#3907 = VERTEX_POINT('',#3908);
#3908 = CARTESIAN_POINT('',(34.83531458555,3.663465240182,-3.3));
#3909 = LINE('',#3910,#3911);
#3910 = CARTESIAN_POINT('',(34.962812921102,3.442631645126,-3.3));
#3911 = VECTOR('',#3912,1.);
#3912 = DIRECTION('',(-0.5,0.866025403784,-2.22044604925E-16));
#3913 = ORIENTED_EDGE('',*,*,#3914,.F.);
#3914 = EDGE_CURVE('',#3896,#3907,#3915,.T.);
#3915 = CIRCLE('',#3916,4.137123201362);
#3916 = AXIS2_PLACEMENT_3D('',#3917,#3918,#3919);
#3917 = CARTESIAN_POINT('',(38.015264826386,1.163513690002,
    -2.431698729811));
#3918 = DIRECTION('',(-0.433012701892,-0.25,0.866025403784));
#3919 = DIRECTION('',(0.75,0.433012701892,0.5));
#3920 = PLANE('',#3921);
#3921 = AXIS2_PLACEMENT_3D('',#3922,#3923,#3924);
#3922 = CARTESIAN_POINT('',(37.437812921102,4.87157356137,-1.65));
#3923 = DIRECTION('',(-0.433012701892,-0.25,0.866025403784));
#3924 = DIRECTION('',(-0.75,-0.433012701892,-0.5));
#3925 = ADVANCED_FACE('',(#3926),#3946,.T.);
#3926 = FACE_BOUND('',#3927,.T.);
#3927 = EDGE_LOOP('',(#3928,#3937,#3938,#3939,#3940));
#3928 = ORIENTED_EDGE('',*,*,#3929,.F.);
#3929 = EDGE_CURVE('',#3907,#3930,#3932,.T.);
#3930 = VERTEX_POINT('',#3931);
#3931 = CARTESIAN_POINT('',(32.398762674813,2.16792927988,-1.65));
#3932 = CIRCLE('',#3933,4.06745763552);
#3933 = AXIS2_PLACEMENT_3D('',#3934,#3935,#3936);
#3934 = CARTESIAN_POINT('',(35.540264826386,-0.265428226242,
    -2.518301270189));
#3935 = DIRECTION('',(0.433012701892,0.25,0.866025403784));
#3936 = DIRECTION('',(0.75,0.433012701892,-0.5));
#3937 = ORIENTED_EDGE('',*,*,#3906,.T.);
#3938 = ORIENTED_EDGE('',*,*,#1542,.F.);
#3939 = ORIENTED_EDGE('',*,*,#1740,.F.);
#3940 = ORIENTED_EDGE('',*,*,#3941,.F.);
#3941 = EDGE_CURVE('',#3930,#1733,#3942,.T.);
#3942 = LINE('',#3943,#3944);
#3943 = CARTESIAN_POINT('',(32.487812921102,2.013689728881,-1.65));
#3944 = VECTOR('',#3945,1.);
#3945 = DIRECTION('',(-0.5,0.866025403784,-2.22044604925E-16));
#3946 = PLANE('',#3947);
#3947 = AXIS2_PLACEMENT_3D('',#3948,#3949,#3950);
#3948 = CARTESIAN_POINT('',(34.962812921102,3.442631645126,-3.3));
#3949 = DIRECTION('',(0.433012701892,0.25,0.866025403784));
#3950 = DIRECTION('',(-0.75,-0.433012701892,0.5));
#3951 = ADVANCED_FACE('',(#3952),#4096,.F.);
#3952 = FACE_BOUND('',#3953,.T.);
#3953 = EDGE_LOOP('',(#3954,#4087,#4092,#4093,#4094,#4095));
#3954 = ORIENTED_EDGE('',*,*,#3955,.F.);
#3955 = EDGE_CURVE('',#3956,#3956,#3958,.T.);
#3956 = VERTEX_POINT('',#3957);
#3957 = CARTESIAN_POINT('',(13.247369149618,-32.,-1.55));
#3958 = B_SPLINE_CURVE_WITH_KNOTS('',7,(#3959,#3960,#3961,#3962,#3963,
    #3964,#3965,#3966,#3967,#3968,#3969,#3970,#3971,#3972,#3973,#3974,
    #3975,#3976,#3977,#3978,#3979,#3980,#3981,#3982,#3983,#3984,#3985,
    #3986,#3987,#3988,#3989,#3990,#3991,#3992,#3993,#3994,#3995,#3996,
    #3997,#3998,#3999,#4000,#4001,#4002,#4003,#4004,#4005,#4006,#4007,
    #4008,#4009,#4010,#4011,#4012,#4013,#4014,#4015,#4016,#4017,#4018,
    #4019,#4020,#4021,#4022,#4023,#4024,#4025,#4026,#4027,#4028,#4029,
    #4030,#4031,#4032,#4033,#4034,#4035,#4036,#4037,#4038,#4039,#4040,
    #4041,#4042,#4043,#4044,#4045,#4046,#4047,#4048,#4049,#4050,#4051,
    #4052,#4053,#4054,#4055,#4056,#4057,#4058,#4059,#4060,#4061,#4062,
    #4063,#4064,#4065,#4066,#4067,#4068,#4069,#4070,#4071,#4072,#4073,
    #4074,#4075,#4076,#4077,#4078,#4079,#4080,#4081,#4082,#4083,#4084,
    #4085,#4086),.UNSPECIFIED.,.T.,.F.,(8,6,6,6,6,6,6,6,6,6,6,6,6,6,6,6,
    6,6,6,6,6,8),(0.,5.835164778401E-02,7.7962278784E-02,
    9.053043331619E-02,0.105106801296,0.118675464272,0.250250948939,
    0.381324736386,0.394893404252,0.409469777483,0.422037936544,
    0.44164857461,0.500000581366,0.557849621931,0.618675519815,
    0.750250820501,0.881324423999,0.895395631988,0.909972053217,
    0.922540257818,0.942150968163,1.),.UNSPECIFIED.);
#3959 = CARTESIAN_POINT('',(13.247369149618,-32.,-1.55));
#3960 = CARTESIAN_POINT('',(13.249075337615,-31.91891118288,-1.55));
#3961 = CARTESIAN_POINT('',(13.250782238202,-31.83782245725,
    -1.545050598958));
#3962 = CARTESIAN_POINT('',(13.252482241983,-31.75709553731,
    -1.535152494488));
#3963 = CARTESIAN_POINT('',(13.254167783218,-31.67708911652,
    -1.520337801817));
#3964 = CARTESIAN_POINT('',(13.255831365274,-31.59815772309,
    -1.500670489621));
#3965 = CARTESIAN_POINT('',(13.257465586066,-31.52065057547,
    -1.476246815845));
#3966 = CARTESIAN_POINT('',(13.259600072117,-31.41945594003,
    -1.437432380857));
#3967 = CARTESIAN_POINT('',(13.26013284813,-31.39420072922,
    -1.427146257631));
#3968 = CARTESIAN_POINT('',(13.260661217936,-31.36915768348,
    -1.416342242632));
#3969 = CARTESIAN_POINT('',(13.261184911175,-31.34433951808,
    -1.405025573829));
#3970 = CARTESIAN_POINT('',(13.261703660751,-31.31975878548,
    -1.39320187838));
#3971 = CARTESIAN_POINT('',(13.262217202826,-31.29542787531,
    -1.380877172635));
#3972 = CARTESIAN_POINT('',(13.263050893699,-31.2559336483,
    -1.359842161402));
#3973 = CARTESIAN_POINT('',(13.26337426478,-31.24061590882,
    -1.351423307738));
#3974 = CARTESIAN_POINT('',(13.263695321539,-31.22540901133,
    -1.342802986298));
#3975 = CARTESIAN_POINT('',(13.264013996155,-31.21031613682,
    -1.33398294524));
#3976 = CARTESIAN_POINT('',(13.264330221505,-31.19534043195,
    -1.324964995719));
#3977 = CARTESIAN_POINT('',(13.264643931169,-31.18048500905,
    -1.315751011888));
#3978 = CARTESIAN_POINT('',(13.265315901587,-31.14866690777,
    -1.295431571545));
#3979 = CARTESIAN_POINT('',(13.265673271579,-31.13174679725,
    -1.284259129204));
#3980 = CARTESIAN_POINT('',(13.266027066853,-31.11499741753,
    -1.272828626813));
#3981 = CARTESIAN_POINT('',(13.266377186357,-31.09842349911,
    -1.261143195938));
#3982 = CARTESIAN_POINT('',(13.266723530535,-31.08202970006,
    -1.249206076769));
#3983 = CARTESIAN_POINT('',(13.267066001328,-31.06582060602,
    -1.237020618127));
#3984 = CARTESIAN_POINT('',(13.267719601513,-31.03488835306,
    -1.21301928093));
#3985 = CARTESIAN_POINT('',(13.268031260921,-31.02013993242,
    -1.201236088211));
#3986 = CARTESIAN_POINT('',(13.268339402522,-31.00555910804,
    -1.189243488025));
#3987 = CARTESIAN_POINT('',(13.268643949737,-30.99114945766,
    -1.177044345558));
#3988 = CARTESIAN_POINT('',(13.268944827283,-30.97691449695,
    -1.164641602455));
#3989 = CARTESIAN_POINT('',(13.269241961173,-30.96285767946,
    -1.152038276821));
#3990 = CARTESIAN_POINT('',(13.272379582351,-30.81443361655,
    -1.015107822978));
#3991 = CARTESIAN_POINT('',(13.27486687644,-30.69686743422,
    -0.872326659002));
#3992 = CARTESIAN_POINT('',(13.276926639553,-30.59957717082,
    -0.713825599452));
#3993 = CARTESIAN_POINT('',(13.27850732483,-30.5249526451,
    -0.543120471938));
#3994 = CARTESIAN_POINT('',(13.27957256584,-30.47467444413,
    -0.364035663023));
#3995 = CARTESIAN_POINT('',(13.280101425229,-30.44971278045,
    -0.180711759498));
#3996 = CARTESIAN_POINT('',(13.280089196177,-30.45028998002,
    0.184907311685));
#3997 = CARTESIAN_POINT('',(13.279552171684,-30.47563702875,
    0.367451051813));
#3998 = CARTESIAN_POINT('',(13.278483155898,-30.52609366997,
    0.54572558846));
#3999 = CARTESIAN_POINT('',(13.276903031783,-30.60069225668,
    0.715640105853));
#4000 = CARTESIAN_POINT('',(13.274847881459,-30.69776526658,
    0.873416220778));
#4001 = CARTESIAN_POINT('',(13.272368736002,-30.81494669924,
    1.015581173755));
#4002 = CARTESIAN_POINT('',(13.269241961173,-30.96285767946,
    1.152038276821));
#4003 = CARTESIAN_POINT('',(13.268944827283,-30.97691449695,
    1.164641602455));
#4004 = CARTESIAN_POINT('',(13.268643949737,-30.99114945766,
    1.177044345558));
#4005 = CARTESIAN_POINT('',(13.268339402522,-31.00555910804,
    1.189243488025));
#4006 = CARTESIAN_POINT('',(13.268031260921,-31.02013993242,
    1.201236088211));
#4007 = CARTESIAN_POINT('',(13.267719601513,-31.03488835306,
    1.21301928093));
#4008 = CARTESIAN_POINT('',(13.267066001328,-31.06582060602,
    1.237020618127));
#4009 = CARTESIAN_POINT('',(13.266723530535,-31.08202970006,
    1.249206076769));
#4010 = CARTESIAN_POINT('',(13.266377186357,-31.09842349911,
    1.261143195938));
#4011 = CARTESIAN_POINT('',(13.266027066853,-31.11499741753,
    1.272828626813));
#4012 = CARTESIAN_POINT('',(13.265673271579,-31.13174679725,
    1.284259129204));
#4013 = CARTESIAN_POINT('',(13.265315901587,-31.14866690777,
    1.295431571545));
#4014 = CARTESIAN_POINT('',(13.264643931169,-31.18048500905,
    1.315751011888));
#4015 = CARTESIAN_POINT('',(13.264330221505,-31.19534043195,
    1.324964995719));
#4016 = CARTESIAN_POINT('',(13.264013996155,-31.21031613682,
    1.33398294524));
#4017 = CARTESIAN_POINT('',(13.263695321539,-31.22540901133,
    1.342802986298));
#4018 = CARTESIAN_POINT('',(13.26337426478,-31.24061590882,
    1.351423307738));
#4019 = CARTESIAN_POINT('',(13.263050893699,-31.2559336483,
    1.359842161402));
#4020 = CARTESIAN_POINT('',(13.262217202826,-31.29542787531,
    1.380877172635));
#4021 = CARTESIAN_POINT('',(13.261703660751,-31.31975878548,
    1.39320187838));
#4022 = CARTESIAN_POINT('',(13.261184911175,-31.34433951808,
    1.405025573829));
#4023 = CARTESIAN_POINT('',(13.260661217936,-31.36915768348,
    1.416342242632));
#4024 = CARTESIAN_POINT('',(13.26013284813,-31.39420072922,
    1.427146257631));
#4025 = CARTESIAN_POINT('',(13.259600072117,-31.41945594003,
    1.437432380857));
#4026 = CARTESIAN_POINT('',(13.257465576814,-31.52065101412,
    1.476246984095));
#4027 = CARTESIAN_POINT('',(13.25583135964,-31.59815799059,
    1.500670528475));
#4028 = CARTESIAN_POINT('',(13.254167777773,-31.67708937482,
    1.520337874438));
#4029 = CARTESIAN_POINT('',(13.252482226384,-31.75709627725,
    1.535152704392));
#4030 = CARTESIAN_POINT('',(13.250782206319,-31.83782397113,
    1.545050810536));
#4031 = CARTESIAN_POINT('',(13.249075300381,-31.91891295248,1.55));
#4032 = CARTESIAN_POINT('',(13.245677705053,-32.08038811622,1.55));
#4033 = CARTESIAN_POINT('',(13.243986922863,-32.16077812648,
    1.54513576793));
#4034 = CARTESIAN_POINT('',(13.242304247872,-32.24081617365,
    1.535407554636));
#4035 = CARTESIAN_POINT('',(13.240637030731,-32.32015196142,
    1.520846448749));
#4036 = CARTESIAN_POINT('',(13.238992508176,-32.39843976568,
    1.501514469388));
#4037 = CARTESIAN_POINT('',(13.23737778328,-32.47533944592,
    1.477504658883));
#4038 = CARTESIAN_POINT('',(13.234140626887,-32.62956405709,
    1.418907842035));
#4039 = CARTESIAN_POINT('',(13.232521982242,-32.70671164284,
    1.383838422073));
#4040 = CARTESIAN_POINT('',(13.23095196215,-32.78157195697,
    1.343878024062));
#4041 = CARTESIAN_POINT('',(13.229438274654,-32.85377409911,
    1.299206565036));
#4042 = CARTESIAN_POINT('',(13.227988215496,-32.9229661809,
    1.250038310719));
#4043 = CARTESIAN_POINT('',(13.226608638151,-32.98881698154,
    1.196621415633));
#4044 = CARTESIAN_POINT('',(13.222487962612,-33.18556663242,
    1.015107593277));
#4045 = CARTESIAN_POINT('',(13.22002762377,-33.30313293249,
    0.872326193667));
#4046 = CARTESIAN_POINT('',(13.21799299524,-33.40042316539,
    0.713824970498));
#4047 = CARTESIAN_POINT('',(13.216433130278,-33.47504756603,
    0.543119820082));
#4048 = CARTESIAN_POINT('',(13.21538241967,-33.52532562557,
    0.364035149843));
#4049 = CARTESIAN_POINT('',(13.214860770692,-33.55028721914,
    0.180711503918));
#4050 = CARTESIAN_POINT('',(13.214872833026,-33.54971002038,
    -0.184907056146));
#4051 = CARTESIAN_POINT('',(13.21540253579,-33.52436304229,
    -0.367450540525));
#4052 = CARTESIAN_POINT('',(13.216456981054,-33.47390654159,
    -0.545724940238));
#4053 = CARTESIAN_POINT('',(13.218016315094,-33.39930807849,
    -0.715639481112));
#4054 = CARTESIAN_POINT('',(13.220046413019,-33.302235098,
    -0.873415758846));
#4055 = CARTESIAN_POINT('',(13.222498708527,-33.18505354786,
    -1.015580945786));
#4056 = CARTESIAN_POINT('',(13.225607288214,-33.03662837765,
    -1.152512421178));
#4057 = CARTESIAN_POINT('',(13.225912763655,-33.02204391937,
    -1.165574990862));
#4058 = CARTESIAN_POINT('',(13.226222272058,-33.00726801122,
    -1.178421720666));
#4059 = CARTESIAN_POINT('',(13.226535733772,-32.99230450766,
    -1.191049247532));
#4060 = CARTESIAN_POINT('',(13.22685306763,-32.97715733477,
    -1.203454296957));
#4061 = CARTESIAN_POINT('',(13.227174190946,-32.9618304903,
    -1.215633682988));
#4062 = CARTESIAN_POINT('',(13.227835510743,-32.93026899651,
    -1.239964009205));
#4063 = CARTESIAN_POINT('',(13.228175978158,-32.91402150666,
    -1.252098230705));
#4064 = CARTESIAN_POINT('',(13.228520328148,-32.89759009818,
    -1.263983529685));
#4065 = CARTESIAN_POINT('',(13.22886846556,-32.88097936721,
    -1.275616571962));
#4066 = CARTESIAN_POINT('',(13.229220293697,-32.86419398197,
    -1.286994132213));
#4067 = CARTESIAN_POINT('',(13.229575714324,-32.84723868275,
    -1.298113093969));
#4068 = CARTESIAN_POINT('',(13.230244092939,-32.81535658586,
    -1.318331970192));
#4069 = CARTESIAN_POINT('',(13.230556154892,-32.80047214397,
    -1.327499004561));
#4070 = CARTESIAN_POINT('',(13.230870749575,-32.78546804031,
    -1.336469625396));
#4071 = CARTESIAN_POINT('',(13.231187812305,-32.77034739304,
    -1.345241968467));
#4072 = CARTESIAN_POINT('',(13.231507277663,-32.75511335442,
    -1.353814232649));
#4073 = CARTESIAN_POINT('',(13.23182907949,-32.73976911087,
    -1.362184679916));
#4074 = CARTESIAN_POINT('',(13.232658813434,-32.70020866717,
    -1.383094887263));
#4075 = CARTESIAN_POINT('',(13.233170001922,-32.67583896574,
    -1.395342709191));
#4076 = CARTESIAN_POINT('',(13.233686461972,-32.65122102519,
    -1.407088734528));
#4077 = CARTESIAN_POINT('',(13.23420793565,-32.6263672536,
    -1.418326986314));
#4078 = CARTESIAN_POINT('',(13.234734161459,-32.6012902206,
    -1.429051877238));
#4079 = CARTESIAN_POINT('',(13.235264874348,-32.57600265736,
    -1.439258209633));
#4080 = CARTESIAN_POINT('',(13.23737778328,-32.47533944592,
    -1.477504658883));
#4081 = CARTESIAN_POINT('',(13.238992508176,-32.39843976568,
    -1.501514469388));
#4082 = CARTESIAN_POINT('',(13.240637030731,-32.32015196142,
    -1.520846448749));
#4083 = CARTESIAN_POINT('',(13.242304247872,-32.24081617365,
    -1.535407554636));
#4084 = CARTESIAN_POINT('',(13.243986922863,-32.16077812648,
    -1.54513576793));
#4085 = CARTESIAN_POINT('',(13.245677705053,-32.08038811622,-1.55));
#4086 = CARTESIAN_POINT('',(13.247369149618,-32.,-1.55));
#4087 = ORIENTED_EDGE('',*,*,#4088,.F.);
#4088 = EDGE_CURVE('',#1599,#3956,#4089,.T.);
#4089 = B_SPLINE_CURVE_WITH_KNOTS('',1,(#4090,#4091),.UNSPECIFIED.,.F.,
  .F.,(2,2),(-62.75263085038,-53.24736914961),.PIECEWISE_BEZIER_KNOTS.);
#4090 = CARTESIAN_POINT('',(22.752630850382,-32.,-1.55));
#4091 = CARTESIAN_POINT('',(13.247369149618,-32.,-1.55));
#4092 = ORIENTED_EDGE('',*,*,#1598,.T.);
#4093 = ORIENTED_EDGE('',*,*,#1809,.T.);
#4094 = ORIENTED_EDGE('',*,*,#1683,.T.);
#4095 = ORIENTED_EDGE('',*,*,#4088,.T.);
#4096 = CYLINDRICAL_SURFACE('',#4097,1.55);
#4097 = AXIS2_PLACEMENT_3D('',#4098,#4099,#4100);
#4098 = CARTESIAN_POINT('',(-40.,-32.,0.));
#4099 = DIRECTION('',(-1.,0.,2.22044604925E-16));
#4100 = DIRECTION('',(-2.22044604925E-16,0.,-1.));
#4101 = ADVANCED_FACE('',(#4102),#4114,.T.);
#4102 = FACE_BOUND('',#4103,.T.);
#4103 = EDGE_LOOP('',(#4104,#4111,#4112,#4113));
#4104 = ORIENTED_EDGE('',*,*,#4105,.F.);
#4105 = EDGE_CURVE('',#3930,#3804,#4106,.T.);
#4106 = CIRCLE('',#4107,4.031243385545);
#4107 = AXIS2_PLACEMENT_3D('',#4108,#4109,#4110);
#4108 = CARTESIAN_POINT('',(34.237812921102,-1.017399184364,
    -7.960995721201E-16));
#4109 = DIRECTION('',(0.866025403784,0.5,2.691449756667E-16));
#4110 = DIRECTION('',(2.330863862283E-16,1.345724878334E-16,-1.));
#4111 = ORIENTED_EDGE('',*,*,#3941,.T.);
#4112 = ORIENTED_EDGE('',*,*,#1732,.F.);
#4113 = ORIENTED_EDGE('',*,*,#3814,.F.);
#4114 = PLANE('',#4115);
#4115 = AXIS2_PLACEMENT_3D('',#4116,#4117,#4118);
#4116 = CARTESIAN_POINT('',(32.487812921102,2.013689728881,-1.65));
#4117 = DIRECTION('',(0.866025403784,0.5,2.691449756667E-16));
#4118 = DIRECTION('',(-3.441086886908E-16,5.7723780805E-17,1.));
#4119 = ADVANCED_FACE('',(#4120),#4147,.T.);
#4120 = FACE_BOUND('',#4121,.T.);
#4121 = EDGE_LOOP('',(#4122,#4123,#4131,#4140,#4146));
#4122 = ORIENTED_EDGE('',*,*,#1928,.F.);
#4123 = ORIENTED_EDGE('',*,*,#4124,.T.);
#4124 = EDGE_CURVE('',#1921,#4125,#4127,.T.);
#4125 = VERTEX_POINT('',#4126);
#4126 = CARTESIAN_POINT('',(18.076863167391,26.974186887631,1.65));
#4127 = LINE('',#4128,#4129);
#4128 = CARTESIAN_POINT('',(32.487812921102,2.013689728881,1.65));
#4129 = VECTOR('',#4130,1.);
#4130 = DIRECTION('',(-0.5,0.866025403784,-2.22044604925E-16));
#4131 = ORIENTED_EDGE('',*,*,#4132,.F.);
#4132 = EDGE_CURVE('',#4133,#4125,#4135,.T.);
#4133 = VERTEX_POINT('',#4134);
#4134 = CARTESIAN_POINT('',(20.590311256654,28.336534759818,3.3));
#4135 = CIRCLE('',#4136,4.06745763552);
#4136 = AXIS2_PLACEMENT_3D('',#4137,#4138,#4139);
#4137 = CARTESIAN_POINT('',(17.540264826386,30.911486309998,
    2.518301270189));
#4138 = DIRECTION('',(0.433012701892,0.25,-0.866025403784));
#4139 = DIRECTION('',(-0.75,-0.433012701892,-0.5));
#4140 = ORIENTED_EDGE('',*,*,#4141,.F.);
#4141 = EDGE_CURVE('',#2053,#4133,#4142,.T.);
#4142 = LINE('',#4143,#4144);
#4143 = CARTESIAN_POINT('',(34.962812921102,3.442631645126,3.3));
#4144 = VECTOR('',#4145,1.);
#4145 = DIRECTION('',(-0.5,0.866025403784,-2.22044604925E-16));
#4146 = ORIENTED_EDGE('',*,*,#2060,.T.);
#4147 = PLANE('',#4148);
#4148 = AXIS2_PLACEMENT_3D('',#4149,#4150,#4151);
#4149 = CARTESIAN_POINT('',(32.487812921102,2.013689728881,1.65));
#4150 = DIRECTION('',(0.433012701892,0.25,-0.866025403784));
#4151 = DIRECTION('',(0.75,0.433012701892,0.5));
#4152 = ADVANCED_FACE('',(#4153),#4172,.T.);
#4153 = FACE_BOUND('',#4154,.T.);
#4154 = EDGE_LOOP('',(#4155,#4156,#4157,#4165));
#4155 = ORIENTED_EDGE('',*,*,#4124,.F.);
#4156 = ORIENTED_EDGE('',*,*,#1920,.T.);
#4157 = ORIENTED_EDGE('',*,*,#4158,.T.);
#4158 = EDGE_CURVE('',#1912,#4159,#4161,.T.);
#4159 = VERTEX_POINT('',#4160);
#4160 = CARTESIAN_POINT('',(18.076863167391,26.974186887631,-1.65));
#4161 = LINE('',#4162,#4163);
#4162 = CARTESIAN_POINT('',(32.487812921102,2.013689728881,-1.65));
#4163 = VECTOR('',#4164,1.);
#4164 = DIRECTION('',(-0.5,0.866025403784,-2.22044604925E-16));
#4165 = ORIENTED_EDGE('',*,*,#4166,.F.);
#4166 = EDGE_CURVE('',#4125,#4159,#4167,.T.);
#4167 = CIRCLE('',#4168,4.031243385545);
#4168 = AXIS2_PLACEMENT_3D('',#4169,#4170,#4171);
#4169 = CARTESIAN_POINT('',(16.237812921102,30.159515351876,
    -7.960995721201E-16));
#4170 = DIRECTION('',(0.866025403784,0.5,2.691449756667E-16));
#4171 = DIRECTION('',(2.330863862283E-16,1.345724878334E-16,-1.));
#4172 = PLANE('',#4173);
#4173 = AXIS2_PLACEMENT_3D('',#4174,#4175,#4176);
#4174 = CARTESIAN_POINT('',(32.487812921102,2.013689728881,-1.65));
#4175 = DIRECTION('',(0.866025403784,0.5,2.691449756667E-16));
#4176 = DIRECTION('',(-3.441086886908E-16,5.7723780805E-17,1.));
#4177 = ADVANCED_FACE('',(#4178),#4198,.T.);
#4178 = FACE_BOUND('',#4179,.T.);
#4179 = EDGE_LOOP('',(#4180,#4181,#4182,#4190,#4197));
#4180 = ORIENTED_EDGE('',*,*,#1911,.F.);
#4181 = ORIENTED_EDGE('',*,*,#2028,.T.);
#4182 = ORIENTED_EDGE('',*,*,#4183,.T.);
#4183 = EDGE_CURVE('',#2029,#4184,#4186,.T.);
#4184 = VERTEX_POINT('',#4185);
#4185 = CARTESIAN_POINT('',(20.590311256654,28.336534759818,-3.3));
#4186 = LINE('',#4187,#4188);
#4187 = CARTESIAN_POINT('',(34.962812921102,3.442631645126,-3.3));
#4188 = VECTOR('',#4189,1.);
#4189 = DIRECTION('',(-0.5,0.866025403784,-2.22044604925E-16));
#4190 = ORIENTED_EDGE('',*,*,#4191,.F.);
#4191 = EDGE_CURVE('',#4159,#4184,#4192,.T.);
#4192 = CIRCLE('',#4193,4.06745763552);
#4193 = AXIS2_PLACEMENT_3D('',#4194,#4195,#4196);
#4194 = CARTESIAN_POINT('',(17.540264826386,30.911486309998,
    -2.518301270189));
#4195 = DIRECTION('',(0.433012701892,0.25,0.866025403784));
#4196 = DIRECTION('',(0.75,0.433012701892,-0.5));
#4197 = ORIENTED_EDGE('',*,*,#4158,.F.);
#4198 = PLANE('',#4199);
#4199 = AXIS2_PLACEMENT_3D('',#4200,#4201,#4202);
#4200 = CARTESIAN_POINT('',(34.962812921102,3.442631645126,-3.3));
#4201 = DIRECTION('',(0.433012701892,0.25,0.866025403784));
#4202 = DIRECTION('',(-0.75,-0.433012701892,0.5));
#4203 = ADVANCED_FACE('',(#4204),#4231,.T.);
#4204 = FACE_BOUND('',#4205,.T.);
#4205 = EDGE_LOOP('',(#4206,#4207,#4215,#4224,#4230));
#4206 = ORIENTED_EDGE('',*,*,#2099,.F.);
#4207 = ORIENTED_EDGE('',*,*,#4208,.T.);
#4208 = EDGE_CURVE('',#2092,#4209,#4211,.T.);
#4209 = VERTEX_POINT('',#4210);
#4210 = CARTESIAN_POINT('',(14.321899507422,-29.14211616751,1.65));
#4211 = LINE('',#4212,#4213);
#4212 = CARTESIAN_POINT('',(-14.5,-29.14211616751,1.65));
#4213 = VECTOR('',#4214,1.);
#4214 = DIRECTION('',(1.,0.,-2.22044604925E-16));
#4215 = ORIENTED_EDGE('',*,*,#4216,.F.);
#4216 = EDGE_CURVE('',#4217,#4209,#4219,.T.);
#4217 = VERTEX_POINT('',#4218);
#4218 = CARTESIAN_POINT('',(14.245003328896,-32.,3.3));
#4219 = CIRCLE('',#4220,4.06745763552);
#4220 = AXIS2_PLACEMENT_3D('',#4221,#4222,#4223);
#4221 = CARTESIAN_POINT('',(18.,-30.64605808375,2.518301270189));
#4222 = DIRECTION('',(-1.922962686384E-16,-0.5,-0.866025403784));
#4223 = DIRECTION('',(0.,0.866025403784,-0.5));
#4224 = ORIENTED_EDGE('',*,*,#4225,.F.);
#4225 = EDGE_CURVE('',#1996,#4217,#4226,.T.);
#4226 = LINE('',#4227,#4228);
#4227 = CARTESIAN_POINT('',(-14.5,-32.,3.3));
#4228 = VECTOR('',#4229,1.);
#4229 = DIRECTION('',(1.,0.,-2.22044604925E-16));
#4230 = ORIENTED_EDGE('',*,*,#2003,.T.);
#4231 = PLANE('',#4232);
#4232 = AXIS2_PLACEMENT_3D('',#4233,#4234,#4235);
#4233 = CARTESIAN_POINT('',(-14.5,-29.14211616751,1.65));
#4234 = DIRECTION('',(-1.922962686384E-16,-0.5,-0.866025403784));
#4235 = DIRECTION('',(1.110223024625E-16,-0.866025403784,0.5));
#4236 = ADVANCED_FACE('',(#4237),#4256,.T.);
#4237 = FACE_BOUND('',#4238,.T.);
#4238 = EDGE_LOOP('',(#4239,#4247,#4248,#4249));
#4239 = ORIENTED_EDGE('',*,*,#4240,.F.);
#4240 = EDGE_CURVE('',#1988,#4241,#4243,.T.);
#4241 = VERTEX_POINT('',#4242);
#4242 = CARTESIAN_POINT('',(14.169650568617,-34.85788383248,1.65));
#4243 = LINE('',#4244,#4245);
#4244 = CARTESIAN_POINT('',(-14.5,-34.85788383248,1.65));
#4245 = VECTOR('',#4246,1.);
#4246 = DIRECTION('',(1.,0.,-2.22044604925E-16));
#4247 = ORIENTED_EDGE('',*,*,#1995,.T.);
#4248 = ORIENTED_EDGE('',*,*,#4225,.T.);
#4249 = ORIENTED_EDGE('',*,*,#4250,.F.);
#4250 = EDGE_CURVE('',#4241,#4217,#4251,.T.);
#4251 = CIRCLE('',#4252,4.137123201362);
#4252 = AXIS2_PLACEMENT_3D('',#4253,#4254,#4255);
#4253 = CARTESIAN_POINT('',(18.,-33.50394191624,2.431698729811));
#4254 = DIRECTION('',(-1.922962686384E-16,0.5,-0.866025403784));
#4255 = DIRECTION('',(0.,0.866025403784,0.5));
#4256 = PLANE('',#4257);
#4257 = AXIS2_PLACEMENT_3D('',#4258,#4259,#4260);
#4258 = CARTESIAN_POINT('',(-14.5,-32.,3.3));
#4259 = DIRECTION('',(-1.922962686384E-16,0.5,-0.866025403784));
#4260 = DIRECTION('',(-1.110223024625E-16,-0.866025403784,-0.5));
#4261 = ADVANCED_FACE('',(#4262),#4281,.T.);
#4262 = FACE_BOUND('',#4263,.T.);
#4263 = EDGE_LOOP('',(#4264,#4272,#4273,#4274));
#4264 = ORIENTED_EDGE('',*,*,#4265,.F.);
#4265 = EDGE_CURVE('',#1980,#4266,#4268,.T.);
#4266 = VERTEX_POINT('',#4267);
#4267 = CARTESIAN_POINT('',(14.169650568617,-34.85788383248,-1.65));
#4268 = LINE('',#4269,#4270);
#4269 = CARTESIAN_POINT('',(-14.5,-34.85788383248,-1.65));
#4270 = VECTOR('',#4271,1.);
#4271 = DIRECTION('',(1.,0.,-2.22044604925E-16));
#4272 = ORIENTED_EDGE('',*,*,#1987,.T.);
#4273 = ORIENTED_EDGE('',*,*,#4240,.T.);
#4274 = ORIENTED_EDGE('',*,*,#4275,.F.);
#4275 = EDGE_CURVE('',#4266,#4241,#4276,.T.);
#4276 = CIRCLE('',#4277,4.170620669217);
#4277 = AXIS2_PLACEMENT_3D('',#4278,#4279,#4280);
#4278 = CARTESIAN_POINT('',(18.,-34.85788383248,1.11340586548E-15));
#4279 = DIRECTION('',(-8.964328468421E-32,1.,-4.037174635001E-16));
#4280 = DIRECTION('',(0.,4.037174635001E-16,1.));
#4281 = PLANE('',#4282);
#4282 = AXIS2_PLACEMENT_3D('',#4283,#4284,#4285);
#4283 = CARTESIAN_POINT('',(-14.5,-34.85788383248,1.65));
#4284 = DIRECTION('',(-8.964328468421E-32,1.,-4.037174635001E-16));
#4285 = DIRECTION('',(-2.22044604925E-16,-4.037174635001E-16,-1.));
#4286 = ADVANCED_FACE('',(#4287),#4306,.T.);
#4287 = FACE_BOUND('',#4288,.T.);
#4288 = EDGE_LOOP('',(#4289,#4297,#4298,#4299));
#4289 = ORIENTED_EDGE('',*,*,#4290,.F.);
#4290 = EDGE_CURVE('',#1972,#4291,#4293,.T.);
#4291 = VERTEX_POINT('',#4292);
#4292 = CARTESIAN_POINT('',(14.245003328896,-32.,-3.3));
#4293 = LINE('',#4294,#4295);
#4294 = CARTESIAN_POINT('',(-14.5,-32.,-3.3));
#4295 = VECTOR('',#4296,1.);
#4296 = DIRECTION('',(1.,0.,-2.22044604925E-16));
#4297 = ORIENTED_EDGE('',*,*,#1979,.T.);
#4298 = ORIENTED_EDGE('',*,*,#4265,.T.);
#4299 = ORIENTED_EDGE('',*,*,#4300,.F.);
#4300 = EDGE_CURVE('',#4291,#4266,#4301,.T.);
#4301 = CIRCLE('',#4302,4.137123201362);
#4302 = AXIS2_PLACEMENT_3D('',#4303,#4304,#4305);
#4303 = CARTESIAN_POINT('',(18.,-33.50394191624,-2.431698729811));
#4304 = DIRECTION('',(1.922962686384E-16,0.5,0.866025403784));
#4305 = DIRECTION('',(-1.232595164408E-32,-0.866025403784,0.5));
#4306 = PLANE('',#4307);
#4307 = AXIS2_PLACEMENT_3D('',#4308,#4309,#4310);
#4308 = CARTESIAN_POINT('',(-14.5,-34.85788383248,-1.65));
#4309 = DIRECTION('',(1.922962686384E-16,0.5,0.866025403784));
#4310 = DIRECTION('',(-1.110223024625E-16,0.866025403784,-0.5));
#4311 = ADVANCED_FACE('',(#4312),#4332,.T.);
#4312 = FACE_BOUND('',#4313,.T.);
#4313 = EDGE_LOOP('',(#4314,#4315,#4316,#4317,#4326));
#4314 = ORIENTED_EDGE('',*,*,#2082,.F.);
#4315 = ORIENTED_EDGE('',*,*,#1971,.T.);
#4316 = ORIENTED_EDGE('',*,*,#4290,.T.);
#4317 = ORIENTED_EDGE('',*,*,#4318,.F.);
#4318 = EDGE_CURVE('',#4319,#4291,#4321,.T.);
#4319 = VERTEX_POINT('',#4320);
#4320 = CARTESIAN_POINT('',(14.321899507422,-29.14211616751,-1.65));
#4321 = CIRCLE('',#4322,4.06745763552);
#4322 = AXIS2_PLACEMENT_3D('',#4323,#4324,#4325);
#4323 = CARTESIAN_POINT('',(18.,-30.64605808375,-2.518301270189));
#4324 = DIRECTION('',(1.922962686384E-16,-0.5,0.866025403784));
#4325 = DIRECTION('',(0.,-0.866025403784,-0.5));
#4326 = ORIENTED_EDGE('',*,*,#4327,.F.);
#4327 = EDGE_CURVE('',#2083,#4319,#4328,.T.);
#4328 = LINE('',#4329,#4330);
#4329 = CARTESIAN_POINT('',(-14.5,-29.14211616751,-1.65));
#4330 = VECTOR('',#4331,1.);
#4331 = DIRECTION('',(1.,0.,-2.22044604925E-16));
#4332 = PLANE('',#4333);
#4333 = AXIS2_PLACEMENT_3D('',#4334,#4335,#4336);
#4334 = CARTESIAN_POINT('',(-14.5,-32.,-3.3));
#4335 = DIRECTION('',(1.922962686384E-16,-0.5,0.866025403784));
#4336 = DIRECTION('',(1.110223024625E-16,0.866025403784,0.5));
#4337 = ADVANCED_FACE('',(#4338),#4357,.T.);
#4338 = FACE_BOUND('',#4339,.T.);
#4339 = EDGE_LOOP('',(#4340,#4348,#4349,#4350));
#4340 = ORIENTED_EDGE('',*,*,#4341,.F.);
#4341 = EDGE_CURVE('',#2045,#4342,#4344,.T.);
#4342 = VERTEX_POINT('',#4343);
#4343 = CARTESIAN_POINT('',(23.102987636794,29.700219271415,1.65));
#4344 = LINE('',#4345,#4346);
#4345 = CARTESIAN_POINT('',(37.437812921102,4.87157356137,1.65));
#4346 = VECTOR('',#4347,1.);
#4347 = DIRECTION('',(-0.5,0.866025403784,-2.22044604925E-16));
#4348 = ORIENTED_EDGE('',*,*,#2052,.T.);
#4349 = ORIENTED_EDGE('',*,*,#4141,.T.);
#4350 = ORIENTED_EDGE('',*,*,#4351,.F.);
#4351 = EDGE_CURVE('',#4342,#4133,#4352,.T.);
#4352 = CIRCLE('',#4353,4.137123201362);
#4353 = AXIS2_PLACEMENT_3D('',#4354,#4355,#4356);
#4354 = CARTESIAN_POINT('',(20.015264826386,32.340428226242,
    2.431698729811));
#4355 = DIRECTION('',(-0.433012701892,-0.25,-0.866025403784));
#4356 = DIRECTION('',(-0.75,-0.433012701892,0.5));
#4357 = PLANE('',#4358);
#4358 = AXIS2_PLACEMENT_3D('',#4359,#4360,#4361);
#4359 = CARTESIAN_POINT('',(34.962812921102,3.442631645126,3.3));
#4360 = DIRECTION('',(-0.433012701892,-0.25,-0.866025403784));
#4361 = DIRECTION('',(0.75,0.433012701892,-0.5));
#4362 = ADVANCED_FACE('',(#4363),#4382,.T.);
#4363 = FACE_BOUND('',#4364,.T.);
#4364 = EDGE_LOOP('',(#4365,#4373,#4374,#4375));
#4365 = ORIENTED_EDGE('',*,*,#4366,.F.);
#4366 = EDGE_CURVE('',#2037,#4367,#4369,.T.);
#4367 = VERTEX_POINT('',#4368);
#4368 = CARTESIAN_POINT('',(23.102987636794,29.700219271415,-1.65));
#4369 = LINE('',#4370,#4371);
#4370 = CARTESIAN_POINT('',(37.437812921102,4.87157356137,-1.65));
#4371 = VECTOR('',#4372,1.);
#4372 = DIRECTION('',(-0.5,0.866025403784,-2.22044604925E-16));
#4373 = ORIENTED_EDGE('',*,*,#2044,.T.);
#4374 = ORIENTED_EDGE('',*,*,#4341,.T.);
#4375 = ORIENTED_EDGE('',*,*,#4376,.F.);
#4376 = EDGE_CURVE('',#4367,#4342,#4377,.T.);
#4377 = CIRCLE('',#4378,4.170620669217);
#4378 = AXIS2_PLACEMENT_3D('',#4379,#4380,#4381);
#4379 = CARTESIAN_POINT('',(21.187812921102,33.017399184364,
    1.11340586548E-15));
#4380 = DIRECTION('',(-0.866025403784,-0.5,-4.037174635001E-16));
#4381 = DIRECTION('',(-3.496295793425E-16,-2.0185873175E-16,1.));
#4382 = PLANE('',#4383);
#4383 = AXIS2_PLACEMENT_3D('',#4384,#4385,#4386);
#4384 = CARTESIAN_POINT('',(37.437812921102,4.87157356137,1.65));
#4385 = DIRECTION('',(-0.866025403784,-0.5,-4.037174635001E-16));
#4386 = DIRECTION('',(4.60651881805E-16,9.562463111672E-18,-1.));
#4387 = ADVANCED_FACE('',(#4388),#4400,.T.);
#4388 = FACE_BOUND('',#4389,.T.);
#4389 = EDGE_LOOP('',(#4390,#4391,#4392,#4393));
#4390 = ORIENTED_EDGE('',*,*,#4183,.F.);
#4391 = ORIENTED_EDGE('',*,*,#2036,.T.);
#4392 = ORIENTED_EDGE('',*,*,#4366,.T.);
#4393 = ORIENTED_EDGE('',*,*,#4394,.F.);
#4394 = EDGE_CURVE('',#4184,#4367,#4395,.T.);
#4395 = CIRCLE('',#4396,4.137123201362);
#4396 = AXIS2_PLACEMENT_3D('',#4397,#4398,#4399);
#4397 = CARTESIAN_POINT('',(20.015264826386,32.340428226242,
    -2.431698729811));
#4398 = DIRECTION('',(-0.433012701892,-0.25,0.866025403784));
#4399 = DIRECTION('',(0.75,0.433012701892,0.5));
#4400 = PLANE('',#4401);
#4401 = AXIS2_PLACEMENT_3D('',#4402,#4403,#4404);
#4402 = CARTESIAN_POINT('',(37.437812921102,4.87157356137,-1.65));
#4403 = DIRECTION('',(-0.433012701892,-0.25,0.866025403784));
#4404 = DIRECTION('',(-0.75,-0.433012701892,-0.5));
#4405 = ADVANCED_FACE('',(#4406),#4418,.T.);
#4406 = FACE_BOUND('',#4407,.T.);
#4407 = EDGE_LOOP('',(#4408,#4409,#4410,#4411));
#4408 = ORIENTED_EDGE('',*,*,#4208,.F.);
#4409 = ORIENTED_EDGE('',*,*,#2091,.T.);
#4410 = ORIENTED_EDGE('',*,*,#4327,.T.);
#4411 = ORIENTED_EDGE('',*,*,#4412,.F.);
#4412 = EDGE_CURVE('',#4209,#4319,#4413,.T.);
#4413 = CIRCLE('',#4414,4.031243385545);
#4414 = AXIS2_PLACEMENT_3D('',#4415,#4416,#4417);
#4415 = CARTESIAN_POINT('',(18.,-29.14211616751,-7.960995721201E-16));
#4416 = DIRECTION('',(5.976218978947E-32,-1.,2.691449756667E-16));
#4417 = DIRECTION('',(0.,-2.691449756667E-16,-1.));
#4418 = PLANE('',#4419);
#4419 = AXIS2_PLACEMENT_3D('',#4420,#4421,#4422);
#4420 = CARTESIAN_POINT('',(-14.5,-29.14211616751,-1.65));
#4421 = DIRECTION('',(5.976218978947E-32,-1.,2.691449756667E-16));
#4422 = DIRECTION('',(2.22044604925E-16,2.691449756667E-16,1.));
#4423 = ADVANCED_FACE('',(#4424),#4568,.F.);
#4424 = FACE_BOUND('',#4425,.T.);
#4425 = EDGE_LOOP('',(#4426,#4559,#4564,#4565,#4566,#4567));
#4426 = ORIENTED_EDGE('',*,*,#4427,.F.);
#4427 = EDGE_CURVE('',#4428,#4428,#4430,.T.);
#4428 = VERTEX_POINT('',#4429);
#4429 = CARTESIAN_POINT('',(21.089128346293,27.47255821688,-1.55));
#4430 = B_SPLINE_CURVE_WITH_KNOTS('',7,(#4431,#4432,#4433,#4434,#4435,
    #4436,#4437,#4438,#4439,#4440,#4441,#4442,#4443,#4444,#4445,#4446,
    #4447,#4448,#4449,#4450,#4451,#4452,#4453,#4454,#4455,#4456,#4457,
    #4458,#4459,#4460,#4461,#4462,#4463,#4464,#4465,#4466,#4467,#4468,
    #4469,#4470,#4471,#4472,#4473,#4474,#4475,#4476,#4477,#4478,#4479,
    #4480,#4481,#4482,#4483,#4484,#4485,#4486,#4487,#4488,#4489,#4490,
    #4491,#4492,#4493,#4494,#4495,#4496,#4497,#4498,#4499,#4500,#4501,
    #4502,#4503,#4504,#4505,#4506,#4507,#4508,#4509,#4510,#4511,#4512,
    #4513,#4514,#4515,#4516,#4517,#4518,#4519,#4520,#4521,#4522,#4523,
    #4524,#4525,#4526,#4527,#4528,#4529,#4530,#4531,#4532,#4533,#4534,
    #4535,#4536,#4537,#4538,#4539,#4540,#4541,#4542,#4543,#4544,#4545,
    #4546,#4547,#4548,#4549,#4550,#4551,#4552,#4553,#4554,#4555,#4556,
    #4557,#4558),.UNSPECIFIED.,.T.,.F.,(8,6,6,6,6,6,6,6,6,6,6,6,6,6,6,6,
    6,6,6,6,6,8),(0.,5.835164778401E-02,7.7962278784E-02,
    9.053043331619E-02,0.105106801296,0.118675464272,0.250250948939,
    0.381324736386,0.394893404252,0.409469777483,0.422037936544,
    0.44164857461,0.500000581366,0.557849621931,0.618675519815,
    0.750250820501,0.881324423999,0.895395631988,0.909972053217,
    0.922540257818,0.942150968163,1.),.UNSPECIFIED.);
#4431 = CARTESIAN_POINT('',(21.089128346293,27.47255821688,-1.55));
#4432 = CARTESIAN_POINT('',(21.018050276707,27.433491410469,-1.55));
#4433 = CARTESIAN_POINT('',(20.946971930058,27.394425266925,
    -1.545050598958));
#4434 = CARTESIAN_POINT('',(20.876210364733,27.355534053417,
    -1.535152494488));
#4435 = CARTESIAN_POINT('',(20.806080001247,27.316990564552,
    -1.520337801817));
#4436 = CARTESIAN_POINT('',(20.736891618352,27.278965572158,
    -1.500670489621));
#4437 = CARTESIAN_POINT('',(20.668951349138,27.241627275067,
    -1.476246815845));
#4438 = CARTESIAN_POINT('',(20.580246981096,27.192878476491,
    -1.437432380857));
#4439 = CARTESIAN_POINT('',(20.55810893895,27.180712268649,
    -1.427146257631));
#4440 = CARTESIAN_POINT('',(20.536156840252,27.168648327455,
    -1.416342242632));
#4441 = CARTESIAN_POINT('',(20.514401831922,27.156692776405,
    -1.405025573829));
#4442 = CARTESIAN_POINT('',(20.492854918254,27.144851660414,
    -1.39320187838));
#4443 = CARTESIAN_POINT('',(20.471526960915,27.133130945812,
    -1.380877172635));
#4444 = CARTESIAN_POINT('',(20.436907111579,27.114105829779,
    -1.359842161402));
#4445 = CARTESIAN_POINT('',(20.423479874526,27.106727007614,
    -1.351423307738));
#4446 = CARTESIAN_POINT('',(20.410149786607,27.099401602178,
    -1.342802986298));
#4447 = CARTESIAN_POINT('',(20.396919636555,27.092131145234,
    -1.33398294524));
#4448 = CARTESIAN_POINT('',(20.383792183023,27.084917151985,
    -1.324964995719));
#4449 = CARTESIAN_POINT('',(20.370770154577,27.077761121075,
    -1.315751011888));
#4450 = CARTESIAN_POINT('',(20.342878885361,27.062434013889,
    -1.295431571545));
#4451 = CARTESIAN_POINT('',(20.328046954821,27.054283450121,
    -1.284259129204));
#4452 = CARTESIAN_POINT('',(20.313364668843,27.046215155952,
    -1.272828626813));
#4453 = CARTESIAN_POINT('',(20.298836174698,27.038231409126,
    -1.261143195938));
#4454 = CARTESIAN_POINT('',(20.284465556172,27.030334452461,
    -1.249206076769));
#4455 = CARTESIAN_POINT('',(20.270256833567,27.022526493849,
    -1.237020618127));
#4456 = CARTESIAN_POINT('',(20.243141916614,27.007626401733,
    -1.21301928093));
#4457 = CARTESIAN_POINT('',(20.230213579963,27.000522096373,
    -1.201236088211));
#4458 = CARTESIAN_POINT('',(20.217432144845,26.993498542639,
    -1.189243488025));
#4459 = CARTESIAN_POINT('',(20.204800747953,26.986557463078,
    -1.177044345558));
#4460 = CARTESIAN_POINT('',(20.192322471576,26.979700550317,
    -1.164641602455));
#4461 = CARTESIAN_POINT('',(20.180000343594,26.972929467072,
    -1.152038276821));
#4462 = CARTESIAN_POINT('',(20.049892523988,26.901434695262,
    -1.015107822978));
#4463 = CARTESIAN_POINT('',(19.946833576418,26.844805663964,
    -0.872326659002));
#4464 = CARTESIAN_POINT('',(19.861547855217,26.797944339445,
    -0.713825599452));
#4465 = CARTESIAN_POINT('',(19.796130777562,26.762000990193,
    -0.543120471938));
#4466 = CARTESIAN_POINT('',(19.752055957764,26.737784415485,
    -0.364035663023));
#4467 = CARTESIAN_POINT('',(19.730174093196,26.725761589308,
    -0.180711759498));
#4468 = CARTESIAN_POINT('',(19.730680077212,26.726039598423,
    0.184907311685));
#4469 = CARTESIAN_POINT('',(19.75289977757,26.738248045934,
    0.367451051813));
#4470 = CARTESIAN_POINT('',(19.797131018556,26.76255057172,0.54572558846
    ));
#4471 = CARTESIAN_POINT('',(19.862525351791,26.798481437451,
    0.715640105853));
#4472 = CARTESIAN_POINT('',(19.947620619543,26.845238130008,
    0.873416220778));
#4473 = CARTESIAN_POINT('',(20.050342289806,26.901681843393,
    1.015581173755));
#4474 = CARTESIAN_POINT('',(20.180000343594,26.972929467072,
    1.152038276821));
#4475 = CARTESIAN_POINT('',(20.192322471576,26.979700550317,
    1.164641602455));
#4476 = CARTESIAN_POINT('',(20.204800747953,26.986557463078,
    1.177044345558));
#4477 = CARTESIAN_POINT('',(20.217432144845,26.993498542639,
    1.189243488025));
#4478 = CARTESIAN_POINT('',(20.230213579963,27.000522096373,
    1.201236088211));
#4479 = CARTESIAN_POINT('',(20.243141916614,27.007626401733,
    1.21301928093));
#4480 = CARTESIAN_POINT('',(20.270256833567,27.022526493849,
    1.237020618127));
#4481 = CARTESIAN_POINT('',(20.284465556172,27.030334452461,
    1.249206076769));
#4482 = CARTESIAN_POINT('',(20.298836174698,27.038231409126,
    1.261143195938));
#4483 = CARTESIAN_POINT('',(20.313364668843,27.046215155952,
    1.272828626813));
#4484 = CARTESIAN_POINT('',(20.328046954821,27.054283450121,
    1.284259129204));
#4485 = CARTESIAN_POINT('',(20.342878885361,27.062434013889,
    1.295431571545));
#4486 = CARTESIAN_POINT('',(20.370770154577,27.077761121075,
    1.315751011888));
#4487 = CARTESIAN_POINT('',(20.383792183023,27.084917151985,
    1.324964995719));
#4488 = CARTESIAN_POINT('',(20.396919636555,27.092131145234,
    1.33398294524));
#4489 = CARTESIAN_POINT('',(20.410149786607,27.099401602178,
    1.342802986298));
#4490 = CARTESIAN_POINT('',(20.423479874526,27.106727007614,
    1.351423307738));
#4491 = CARTESIAN_POINT('',(20.436907111579,27.114105829779,
    1.359842161402));
#4492 = CARTESIAN_POINT('',(20.471526960915,27.133130945812,
    1.380877172635));
#4493 = CARTESIAN_POINT('',(20.492854918254,27.144851660414,
    1.39320187838));
#4494 = CARTESIAN_POINT('',(20.514401831922,27.156692776405,
    1.405025573829));
#4495 = CARTESIAN_POINT('',(20.536156840252,27.168648327455,
    1.416342242632));
#4496 = CARTESIAN_POINT('',(20.55810893895,27.180712268649,
    1.427146257631));
#4497 = CARTESIAN_POINT('',(20.580246981096,27.192878476491,
    1.437432380857));
#4498 = CARTESIAN_POINT('',(20.668951733648,27.24162748638,
    1.476246984095));
#4499 = CARTESIAN_POINT('',(20.73689185283,27.278965701028,
    1.500670528475));
#4500 = CARTESIAN_POINT('',(20.806080227663,27.316990688985,
    1.520337874438));
#4501 = CARTESIAN_POINT('',(20.876211013338,27.355534409877,
    1.535152704392));
#4502 = CARTESIAN_POINT('',(20.946973257062,27.394425996255,
    1.545050810536));
#4503 = CARTESIAN_POINT('',(21.018051827844,27.433492263025,1.55));
#4504 = CARTESIAN_POINT('',(21.15959221939,27.51128744103,1.55));
#4505 = CARTESIAN_POINT('',(21.230057401581,27.550018185832,
    1.54513576793));
#4506 = CARTESIAN_POINT('',(21.300213721195,27.588579970128,
    1.535407554636));
#4507 = CARTESIAN_POINT('',(21.369754137403,27.626804011616,
    1.520846448749));
#4508 = CARTESIAN_POINT('',(21.438375625979,27.664523715437,
    1.501514469388));
#4509 = CARTESIAN_POINT('',(21.505780065053,27.701575162774,
    1.477504658883));
#4510 = CARTESIAN_POINT('',(21.64096107441,27.775884008685,
    1.418907842035));
#4511 = CARTESIAN_POINT('',(21.708582165835,27.81305601418,
    1.383838422073));
#4512 = CARTESIAN_POINT('',(21.774198109653,27.849126493961,
    1.343878024062));
#4513 = CARTESIAN_POINT('',(21.837483842699,27.883916673205,
    1.299206565036));
#4514 = CARTESIAN_POINT('',(21.898130972852,27.917256926033,
    1.250038310719));
#4515 = CARTESIAN_POINT('',(21.955849227736,27.948987577325,
    1.196621415633));
#4516 = CARTESIAN_POINT('',(22.128299761359,28.04379379307,
    1.015107593277));
#4517 = CARTESIAN_POINT('',(22.231345333266,28.100446227164,
    0.872326193667));
#4518 = CARTESIAN_POINT('',(22.316618460764,28.147329303621,
    0.713824970498));
#4519 = CARTESIAN_POINT('',(22.382025019941,28.183290621257,
    0.543119820082));
#4520 = CARTESIAN_POINT('',(22.426092452057,28.207519708947,
    0.364035149843));
#4521 = CARTESIAN_POINT('',(22.447970650698,28.219548744466,
    0.180711503918));
#4522 = CARTESIAN_POINT('',(22.44746475074,28.219270591373,
    -0.184907056146));
#4523 = CARTESIAN_POINT('',(22.425248772425,28.207055838379,
    -0.367450540525));
#4524 = CARTESIAN_POINT('',(22.3810249384,28.182740764414,
    -0.545724940238));
#4525 = CARTESIAN_POINT('',(22.315641107248,28.146791955754,
    -0.715639481112));
#4526 = CARTESIAN_POINT('',(22.230558391163,28.100013581885,
    -0.873415758846));
#4527 = CARTESIAN_POINT('',(22.127850044132,28.043546557022,
    -1.015580945786));
#4528 = CARTESIAN_POINT('',(21.997755786325,27.972026080896,
    -1.152512421178));
#4529 = CARTESIAN_POINT('',(21.984972537233,27.964998401248,
    -1.165574990862));
#4530 = CARTESIAN_POINT('',(21.972021471215,27.957878489315,
    -1.178421720666));
#4531 = CARTESIAN_POINT('',(21.958905966142,27.950668203341,
    -1.191049247532));
#4532 = CARTESIAN_POINT('',(21.945629462695,27.943369436079,
    -1.203454296957));
#4533 = CARTESIAN_POINT('',(21.932195464368,27.935984114794,
    -1.215633682988));
#4534 = CARTESIAN_POINT('',(21.904531749061,27.92077608764,
    -1.239964009205));
#4535 = CARTESIAN_POINT('',(21.890290776399,27.912947196147,
    -1.252098230705));
#4536 = CARTESIAN_POINT('',(21.875888584239,27.905029707746,
    -1.263983529685));
#4537 = CARTESIAN_POINT('',(21.861329200537,27.897025838103,
    -1.275616571962));
#4538 = CARTESIAN_POINT('',(21.846616716438,27.888937837588,
    -1.286994132213));
#4539 = CARTESIAN_POINT('',(21.831755286278,27.880767991273,
    -1.298113093969));
#4540 = CARTESIAN_POINT('',(21.803810391131,27.865405775685,
    -1.318331970192));
#4541 = CARTESIAN_POINT('',(21.790764055358,27.858233808319,
    -1.327499004561));
#4542 = CARTESIAN_POINT('',(21.777612823087,27.851004203477,
    -1.336469625396));
#4543 = CARTESIAN_POINT('',(21.764359427061,27.843718464219,
    -1.345241968467));
#4544 = CARTESIAN_POINT('',(21.751006629942,27.836378110029,
    -1.353814232649));
#4545 = CARTESIAN_POINT('',(21.737557224312,27.82898467681,
    -1.362184679916));
#4546 = CARTESIAN_POINT('',(21.702882008104,27.809923025631,
    -1.383094887263));
#4547 = CARTESIAN_POINT('',(21.681521633344,27.798180877135,
    -1.395342709191));
#4548 = CARTESIAN_POINT('',(21.65994364141,27.786319174382,
    -1.407088734528));
#4549 = CARTESIAN_POINT('',(21.638158906994,27.774343898038,
    -1.418326986314));
#4550 = CARTESIAN_POINT('',(21.616178446462,27.762261106459,
    -1.429051877238));
#4551 = CARTESIAN_POINT('',(21.594013417852,27.750076935682,
    -1.439258209633));
#4552 = CARTESIAN_POINT('',(21.505780065053,27.701575162774,
    -1.477504658883));
#4553 = CARTESIAN_POINT('',(21.438375625978,27.664523715437,
    -1.501514469388));
#4554 = CARTESIAN_POINT('',(21.369754137403,27.626804011616,
    -1.520846448749));
#4555 = CARTESIAN_POINT('',(21.300213721195,27.588579970128,
    -1.535407554636));
#4556 = CARTESIAN_POINT('',(21.230057401581,27.550018185832,
    -1.54513576793));
#4557 = CARTESIAN_POINT('',(21.15959221939,27.51128744103,-1.55));
#4558 = CARTESIAN_POINT('',(21.089128346293,27.47255821688,-1.55));
#4559 = ORIENTED_EDGE('',*,*,#4560,.F.);
#4560 = EDGE_CURVE('',#2326,#4428,#4561,.T.);
#4561 = B_SPLINE_CURVE_WITH_KNOTS('',1,(#4562,#4563),.UNSPECIFIED.,.F.,
  .F.,(2,2),(-62.75263085038,-53.24736914961),.PIECEWISE_BEZIER_KNOTS.);
#4562 = CARTESIAN_POINT('',(16.336497495911,35.70435631936,-1.55));
#4563 = CARTESIAN_POINT('',(21.089128346293,27.47255821688,-1.55));
#4564 = ORIENTED_EDGE('',*,*,#2325,.T.);
#4565 = ORIENTED_EDGE('',*,*,#2215,.T.);
#4566 = ORIENTED_EDGE('',*,*,#2410,.T.);
#4567 = ORIENTED_EDGE('',*,*,#4560,.T.);
#4568 = CYLINDRICAL_SURFACE('',#4569,1.55);
#4569 = AXIS2_PLACEMENT_3D('',#4570,#4571,#4572);
#4570 = CARTESIAN_POINT('',(47.712812921102,-18.64101615137,0.));
#4571 = DIRECTION('',(0.5,-0.866025403784,2.22044604925E-16));
#4572 = DIRECTION('',(1.110223024625E-16,-1.922962686384E-16,-1.));
#4573 = ADVANCED_FACE('',(#4574),#4601,.T.);
#4574 = FACE_BOUND('',#4575,.T.);
#4575 = EDGE_LOOP('',(#4576,#4587,#4593,#4594,#4595));
#4576 = ORIENTED_EDGE('',*,*,#4577,.F.);
#4577 = EDGE_CURVE('',#4578,#4580,#4582,.T.);
#4578 = VERTEX_POINT('',#4579);
#4579 = CARTESIAN_POINT('',(-14.24500332889,-32.,-3.3));
#4580 = VERTEX_POINT('',#4581);
#4581 = CARTESIAN_POINT('',(-14.32189950742,-29.14211616751,-1.65));
#4582 = CIRCLE('',#4583,4.06745763552);
#4583 = AXIS2_PLACEMENT_3D('',#4584,#4585,#4586);
#4584 = CARTESIAN_POINT('',(-18.,-30.64605808375,-2.518301270189));
#4585 = DIRECTION('',(1.922962686384E-16,-0.5,0.866025403784));
#4586 = DIRECTION('',(0.,-0.866025403784,-0.5));
#4587 = ORIENTED_EDGE('',*,*,#4588,.T.);
#4588 = EDGE_CURVE('',#4578,#2444,#4589,.T.);
#4589 = LINE('',#4590,#4591);
#4590 = CARTESIAN_POINT('',(-14.5,-32.,-3.3));
#4591 = VECTOR('',#4592,1.);
#4592 = DIRECTION('',(1.,0.,-2.22044604925E-16));
#4593 = ORIENTED_EDGE('',*,*,#2443,.F.);
#4594 = ORIENTED_EDGE('',*,*,#2308,.F.);
#4595 = ORIENTED_EDGE('',*,*,#4596,.F.);
#4596 = EDGE_CURVE('',#4580,#2301,#4597,.T.);
#4597 = LINE('',#4598,#4599);
#4598 = CARTESIAN_POINT('',(-14.5,-29.14211616751,-1.65));
#4599 = VECTOR('',#4600,1.);
#4600 = DIRECTION('',(1.,0.,-2.22044604925E-16));
#4601 = PLANE('',#4602);
#4602 = AXIS2_PLACEMENT_3D('',#4603,#4604,#4605);
#4603 = CARTESIAN_POINT('',(-14.5,-32.,-3.3));
#4604 = DIRECTION('',(1.922962686384E-16,-0.5,0.866025403784));
#4605 = DIRECTION('',(1.110223024625E-16,0.866025403784,0.5));
#4606 = ADVANCED_FACE('',(#4607),#4626,.T.);
#4607 = FACE_BOUND('',#4608,.T.);
#4608 = EDGE_LOOP('',(#4609,#4618,#4619,#4620));
#4609 = ORIENTED_EDGE('',*,*,#4610,.F.);
#4610 = EDGE_CURVE('',#4580,#4611,#4613,.T.);
#4611 = VERTEX_POINT('',#4612);
#4612 = CARTESIAN_POINT('',(-14.32189950742,-29.14211616751,1.65));
#4613 = CIRCLE('',#4614,4.031243385545);
#4614 = AXIS2_PLACEMENT_3D('',#4615,#4616,#4617);
#4615 = CARTESIAN_POINT('',(-18.,-29.14211616751,-7.960995721201E-16));
#4616 = DIRECTION('',(5.976218978947E-32,-1.,2.691449756667E-16));
#4617 = DIRECTION('',(0.,-2.691449756667E-16,-1.));
#4618 = ORIENTED_EDGE('',*,*,#4596,.T.);
#4619 = ORIENTED_EDGE('',*,*,#2300,.F.);
#4620 = ORIENTED_EDGE('',*,*,#4621,.F.);
#4621 = EDGE_CURVE('',#4611,#2292,#4622,.T.);
#4622 = LINE('',#4623,#4624);
#4623 = CARTESIAN_POINT('',(-14.5,-29.14211616751,1.65));
#4624 = VECTOR('',#4625,1.);
#4625 = DIRECTION('',(1.,0.,-2.22044604925E-16));
#4626 = PLANE('',#4627);
#4627 = AXIS2_PLACEMENT_3D('',#4628,#4629,#4630);
#4628 = CARTESIAN_POINT('',(-14.5,-29.14211616751,-1.65));
#4629 = DIRECTION('',(5.976218978947E-32,-1.,2.691449756667E-16));
#4630 = DIRECTION('',(2.22044604925E-16,2.691449756667E-16,1.));
#4631 = ADVANCED_FACE('',(#4632),#4652,.T.);
#4632 = FACE_BOUND('',#4633,.T.);
#4633 = EDGE_LOOP('',(#4634,#4643,#4644,#4645,#4646));
#4634 = ORIENTED_EDGE('',*,*,#4635,.F.);
#4635 = EDGE_CURVE('',#4611,#4636,#4638,.T.);
#4636 = VERTEX_POINT('',#4637);
#4637 = CARTESIAN_POINT('',(-14.24500332889,-32.,3.3));
#4638 = CIRCLE('',#4639,4.06745763552);
#4639 = AXIS2_PLACEMENT_3D('',#4640,#4641,#4642);
#4640 = CARTESIAN_POINT('',(-18.,-30.64605808375,2.518301270189));
#4641 = DIRECTION('',(-1.922962686384E-16,-0.5,-0.866025403784));
#4642 = DIRECTION('',(0.,0.866025403784,-0.5));
#4643 = ORIENTED_EDGE('',*,*,#4621,.T.);
#4644 = ORIENTED_EDGE('',*,*,#2291,.F.);
#4645 = ORIENTED_EDGE('',*,*,#2475,.F.);
#4646 = ORIENTED_EDGE('',*,*,#4647,.F.);
#4647 = EDGE_CURVE('',#4636,#2468,#4648,.T.);
#4648 = LINE('',#4649,#4650);
#4649 = CARTESIAN_POINT('',(-14.5,-32.,3.3));
#4650 = VECTOR('',#4651,1.);
#4651 = DIRECTION('',(1.,0.,-2.22044604925E-16));
#4652 = PLANE('',#4653);
#4653 = AXIS2_PLACEMENT_3D('',#4654,#4655,#4656);
#4654 = CARTESIAN_POINT('',(-14.5,-29.14211616751,1.65));
#4655 = DIRECTION('',(-1.922962686384E-16,-0.5,-0.866025403784));
#4656 = DIRECTION('',(1.110223024625E-16,-0.866025403784,0.5));
#4657 = ADVANCED_FACE('',(#4658),#4686,.T.);
#4658 = FACE_BOUND('',#4659,.T.);
#4659 = EDGE_LOOP('',(#4660,#4669,#4670,#4671,#4679));
#4660 = ORIENTED_EDGE('',*,*,#4661,.F.);
#4661 = EDGE_CURVE('',#4636,#4662,#4664,.T.);
#4662 = VERTEX_POINT('',#4663);
#4663 = CARTESIAN_POINT('',(-14.19372651477,-32.1,3.242264973081));
#4664 = CIRCLE('',#4665,4.137123201362);
#4665 = AXIS2_PLACEMENT_3D('',#4666,#4667,#4668);
#4666 = CARTESIAN_POINT('',(-18.,-33.50394191624,2.431698729811));
#4667 = DIRECTION('',(-1.922962686384E-16,0.5,-0.866025403784));
#4668 = DIRECTION('',(0.,0.866025403784,0.5));
#4669 = ORIENTED_EDGE('',*,*,#4647,.T.);
#4670 = ORIENTED_EDGE('',*,*,#2467,.F.);
#4671 = ORIENTED_EDGE('',*,*,#4672,.F.);
#4672 = EDGE_CURVE('',#4673,#2460,#4675,.T.);
#4673 = VERTEX_POINT('',#4674);
#4674 = CARTESIAN_POINT('',(-14.16965056861,-34.85788383248,1.65));
#4675 = LINE('',#4676,#4677);
#4676 = CARTESIAN_POINT('',(-14.5,-34.85788383248,1.65));
#4677 = VECTOR('',#4678,1.);
#4678 = DIRECTION('',(1.,0.,-2.22044604925E-16));
#4679 = ORIENTED_EDGE('',*,*,#4680,.F.);
#4680 = EDGE_CURVE('',#4662,#4673,#4681,.T.);
#4681 = CIRCLE('',#4682,4.137123201362);
#4682 = AXIS2_PLACEMENT_3D('',#4683,#4684,#4685);
#4683 = CARTESIAN_POINT('',(-18.,-33.50394191624,2.431698729811));
#4684 = DIRECTION('',(-1.922962686384E-16,0.5,-0.866025403784));
#4685 = DIRECTION('',(0.,0.866025403784,0.5));
#4686 = PLANE('',#4687);
#4687 = AXIS2_PLACEMENT_3D('',#4688,#4689,#4690);
#4688 = CARTESIAN_POINT('',(-14.5,-32.,3.3));
#4689 = DIRECTION('',(-1.922962686384E-16,0.5,-0.866025403784));
#4690 = DIRECTION('',(-1.110223024625E-16,-0.866025403784,-0.5));
#4691 = ADVANCED_FACE('',(#4692),#4711,.T.);
#4692 = FACE_BOUND('',#4693,.T.);
#4693 = EDGE_LOOP('',(#4694,#4703,#4704,#4705));
#4694 = ORIENTED_EDGE('',*,*,#4695,.F.);
#4695 = EDGE_CURVE('',#4673,#4696,#4698,.T.);
#4696 = VERTEX_POINT('',#4697);
#4697 = CARTESIAN_POINT('',(-14.16965056861,-34.85788383248,-1.65));
#4698 = CIRCLE('',#4699,4.170620669217);
#4699 = AXIS2_PLACEMENT_3D('',#4700,#4701,#4702);
#4700 = CARTESIAN_POINT('',(-18.,-34.85788383248,1.11340586548E-15));
#4701 = DIRECTION('',(-8.964328468421E-32,1.,-4.037174635001E-16));
#4702 = DIRECTION('',(0.,4.037174635001E-16,1.));
#4703 = ORIENTED_EDGE('',*,*,#4672,.T.);
#4704 = ORIENTED_EDGE('',*,*,#2459,.F.);
#4705 = ORIENTED_EDGE('',*,*,#4706,.F.);
#4706 = EDGE_CURVE('',#4696,#2452,#4707,.T.);
#4707 = LINE('',#4708,#4709);
#4708 = CARTESIAN_POINT('',(-14.5,-34.85788383248,-1.65));
#4709 = VECTOR('',#4710,1.);
#4710 = DIRECTION('',(1.,0.,-2.22044604925E-16));
#4711 = PLANE('',#4712);
#4712 = AXIS2_PLACEMENT_3D('',#4713,#4714,#4715);
#4713 = CARTESIAN_POINT('',(-14.5,-34.85788383248,1.65));
#4714 = DIRECTION('',(-8.964328468421E-32,1.,-4.037174635001E-16));
#4715 = DIRECTION('',(-2.22044604925E-16,-4.037174635001E-16,-1.));
#4716 = ADVANCED_FACE('',(#4717),#4738,.T.);
#4717 = FACE_BOUND('',#4718,.T.);
#4718 = EDGE_LOOP('',(#4719,#4728,#4729,#4730,#4731));
#4719 = ORIENTED_EDGE('',*,*,#4720,.F.);
#4720 = EDGE_CURVE('',#4696,#4721,#4723,.T.);
#4721 = VERTEX_POINT('',#4722);
#4722 = CARTESIAN_POINT('',(-14.19372651477,-32.1,-3.242264973081));
#4723 = CIRCLE('',#4724,4.137123201362);
#4724 = AXIS2_PLACEMENT_3D('',#4725,#4726,#4727);
#4725 = CARTESIAN_POINT('',(-18.,-33.50394191624,-2.431698729811));
#4726 = DIRECTION('',(1.922962686384E-16,0.5,0.866025403784));
#4727 = DIRECTION('',(-1.232595164408E-32,-0.866025403784,0.5));
#4728 = ORIENTED_EDGE('',*,*,#4706,.T.);
#4729 = ORIENTED_EDGE('',*,*,#2451,.F.);
#4730 = ORIENTED_EDGE('',*,*,#4588,.F.);
#4731 = ORIENTED_EDGE('',*,*,#4732,.F.);
#4732 = EDGE_CURVE('',#4721,#4578,#4733,.T.);
#4733 = CIRCLE('',#4734,4.137123201362);
#4734 = AXIS2_PLACEMENT_3D('',#4735,#4736,#4737);
#4735 = CARTESIAN_POINT('',(-18.,-33.50394191624,-2.431698729811));
#4736 = DIRECTION('',(1.922962686384E-16,0.5,0.866025403784));
#4737 = DIRECTION('',(-1.232595164408E-32,-0.866025403784,0.5));
#4738 = PLANE('',#4739);
#4739 = AXIS2_PLACEMENT_3D('',#4740,#4741,#4742);
#4740 = CARTESIAN_POINT('',(-14.5,-34.85788383248,-1.65));
#4741 = DIRECTION('',(1.922962686384E-16,0.5,0.866025403784));
#4742 = DIRECTION('',(-1.110223024625E-16,0.866025403784,-0.5));
#4743 = ADVANCED_FACE('',(#4744),#4902,.F.);
#4744 = FACE_BOUND('',#4745,.T.);
#4745 = EDGE_LOOP('',(#4746,#4747,#4754,#4839,#4890,#4901));
#4746 = ORIENTED_EDGE('',*,*,#2562,.F.);
#4747 = ORIENTED_EDGE('',*,*,#4748,.F.);
#4748 = EDGE_CURVE('',#4749,#2563,#4751,.T.);
#4749 = VERTEX_POINT('',#4750);
#4750 = CARTESIAN_POINT('',(-13.24736914961,-32.,-1.55));
#4751 = B_SPLINE_CURVE_WITH_KNOTS('',1,(#4752,#4753),.UNSPECIFIED.,.F.,
  .F.,(2,2),(-26.75263085038,-17.24736914961),.PIECEWISE_BEZIER_KNOTS.);
#4752 = CARTESIAN_POINT('',(-13.24736914961,-32.,-1.55));
#4753 = CARTESIAN_POINT('',(-22.75263085038,-32.,-1.55));
#4754 = ORIENTED_EDGE('',*,*,#4755,.T.);
#4755 = EDGE_CURVE('',#4749,#4756,#4758,.T.);
#4756 = VERTEX_POINT('',#4757);
#4757 = CARTESIAN_POINT('',(-13.2452655174,-32.1,1.546770829826));
#4758 = B_SPLINE_CURVE_WITH_KNOTS('',7,(#4759,#4760,#4761,#4762,#4763,
    #4764,#4765,#4766,#4767,#4768,#4769,#4770,#4771,#4772,#4773,#4774,
    #4775,#4776,#4777,#4778,#4779,#4780,#4781,#4782,#4783,#4784,#4785,
    #4786,#4787,#4788,#4789,#4790,#4791,#4792,#4793,#4794,#4795,#4796,
    #4797,#4798,#4799,#4800,#4801,#4802,#4803,#4804,#4805,#4806,#4807,
    #4808,#4809,#4810,#4811,#4812,#4813,#4814,#4815,#4816,#4817,#4818,
    #4819,#4820,#4821,#4822,#4823,#4824,#4825,#4826,#4827,#4828,#4829,
    #4830,#4831,#4832,#4833,#4834,#4835,#4836,#4837,#4838),
  .UNSPECIFIED.,.F.,.F.,(8,6,6,6,6,6,6,6,6,6,6,6,6,8),(0.,0.114350424398
    ,0.152780941149,0.177410473634,0.205975457279,0.232565663877,
    0.490411210378,0.747273592013,0.773863808192,0.80242880213,
    0.82705834349,0.865488874088,0.979840001955,1.),.UNSPECIFIED.);
#4759 = CARTESIAN_POINT('',(-13.24736914961,-32.,-1.55));
#4760 = CARTESIAN_POINT('',(-13.24907533761,-31.91891118288,-1.55));
#4761 = CARTESIAN_POINT('',(-13.2507822382,-31.83782245725,
    -1.545050598958));
#4762 = CARTESIAN_POINT('',(-13.25248224198,-31.75709553731,
    -1.535152494488));
#4763 = CARTESIAN_POINT('',(-13.25416778321,-31.67708911652,
    -1.520337801817));
#4764 = CARTESIAN_POINT('',(-13.25583136527,-31.59815772309,
    -1.500670489621));
#4765 = CARTESIAN_POINT('',(-13.25746558606,-31.52065057547,
    -1.476246815845));
#4766 = CARTESIAN_POINT('',(-13.25960007211,-31.41945594003,
    -1.437432380857));
#4767 = CARTESIAN_POINT('',(-13.26013284813,-31.39420072922,
    -1.427146257631));
#4768 = CARTESIAN_POINT('',(-13.26066121793,-31.36915768348,
    -1.416342242632));
#4769 = CARTESIAN_POINT('',(-13.26118491117,-31.34433951808,
    -1.405025573829));
#4770 = CARTESIAN_POINT('',(-13.26170366075,-31.31975878548,
    -1.39320187838));
#4771 = CARTESIAN_POINT('',(-13.26221720282,-31.29542787531,
    -1.380877172635));
#4772 = CARTESIAN_POINT('',(-13.26305089369,-31.2559336483,
    -1.359842161402));
#4773 = CARTESIAN_POINT('',(-13.26337426478,-31.24061590882,
    -1.351423307738));
#4774 = CARTESIAN_POINT('',(-13.26369532153,-31.22540901133,
    -1.342802986298));
#4775 = CARTESIAN_POINT('',(-13.26401399615,-31.21031613682,
    -1.33398294524));
#4776 = CARTESIAN_POINT('',(-13.2643302215,-31.19534043195,
    -1.324964995719));
#4777 = CARTESIAN_POINT('',(-13.26464393116,-31.18048500905,
    -1.315751011888));
#4778 = CARTESIAN_POINT('',(-13.26531590158,-31.14866690777,
    -1.295431571545));
#4779 = CARTESIAN_POINT('',(-13.26567327157,-31.13174679725,
    -1.284259129204));
#4780 = CARTESIAN_POINT('',(-13.26602706685,-31.11499741753,
    -1.272828626813));
#4781 = CARTESIAN_POINT('',(-13.26637718635,-31.09842349911,
    -1.261143195938));
#4782 = CARTESIAN_POINT('',(-13.26672353053,-31.08202970006,
    -1.249206076769));
#4783 = CARTESIAN_POINT('',(-13.26706600132,-31.06582060602,
    -1.237020618127));
#4784 = CARTESIAN_POINT('',(-13.26771960151,-31.03488835306,
    -1.21301928093));
#4785 = CARTESIAN_POINT('',(-13.26803126092,-31.02013993242,
    -1.201236088211));
#4786 = CARTESIAN_POINT('',(-13.26833940252,-31.00555910804,
    -1.189243488025));
#4787 = CARTESIAN_POINT('',(-13.26864394973,-30.99114945766,
    -1.177044345558));
#4788 = CARTESIAN_POINT('',(-13.26894482728,-30.97691449695,
    -1.164641602455));
#4789 = CARTESIAN_POINT('',(-13.26924196117,-30.96285767946,
    -1.152038276821));
#4790 = CARTESIAN_POINT('',(-13.27237958235,-30.81443361655,
    -1.015107822978));
#4791 = CARTESIAN_POINT('',(-13.27486687644,-30.69686743422,
    -0.872326659003));
#4792 = CARTESIAN_POINT('',(-13.27692663955,-30.59957717081,
    -0.71382559945));
#4793 = CARTESIAN_POINT('',(-13.27850732483,-30.5249526451,
    -0.54312047194));
#4794 = CARTESIAN_POINT('',(-13.27957256584,-30.47467444413,
    -0.364035663022));
#4795 = CARTESIAN_POINT('',(-13.28010142522,-30.44971278045,
    -0.180711759498));
#4796 = CARTESIAN_POINT('',(-13.28008919617,-30.45028998002,
    0.184907311685));
#4797 = CARTESIAN_POINT('',(-13.27955217168,-30.47563702875,
    0.367451051813));
#4798 = CARTESIAN_POINT('',(-13.27848315589,-30.52609366997,
    0.545725588461));
#4799 = CARTESIAN_POINT('',(-13.27690303178,-30.60069225668,
    0.715640105852));
#4800 = CARTESIAN_POINT('',(-13.27484788145,-30.69776526658,
    0.873416220778));
#4801 = CARTESIAN_POINT('',(-13.272368736,-30.81494669924,1.015581173755
    ));
#4802 = CARTESIAN_POINT('',(-13.26924196117,-30.96285767946,
    1.152038276821));
#4803 = CARTESIAN_POINT('',(-13.26894482728,-30.97691449695,
    1.164641602455));
#4804 = CARTESIAN_POINT('',(-13.26864394973,-30.99114945766,
    1.177044345558));
#4805 = CARTESIAN_POINT('',(-13.26833940252,-31.00555910804,
    1.189243488025));
#4806 = CARTESIAN_POINT('',(-13.26803126092,-31.02013993242,
    1.201236088211));
#4807 = CARTESIAN_POINT('',(-13.26771960151,-31.03488835306,
    1.21301928093));
#4808 = CARTESIAN_POINT('',(-13.26706600132,-31.06582060602,
    1.237020618127));
#4809 = CARTESIAN_POINT('',(-13.26672353053,-31.08202970006,
    1.249206076769));
#4810 = CARTESIAN_POINT('',(-13.26637718635,-31.09842349911,
    1.261143195938));
#4811 = CARTESIAN_POINT('',(-13.26602706685,-31.11499741753,
    1.272828626813));
#4812 = CARTESIAN_POINT('',(-13.26567327157,-31.13174679725,
    1.284259129204));
#4813 = CARTESIAN_POINT('',(-13.26531590158,-31.14866690777,
    1.295431571545));
#4814 = CARTESIAN_POINT('',(-13.26464393116,-31.18048500905,
    1.315751011888));
#4815 = CARTESIAN_POINT('',(-13.2643302215,-31.19534043195,
    1.324964995719));
#4816 = CARTESIAN_POINT('',(-13.26401399615,-31.21031613682,
    1.33398294524));
#4817 = CARTESIAN_POINT('',(-13.26369532153,-31.22540901133,
    1.342802986298));
#4818 = CARTESIAN_POINT('',(-13.26337426478,-31.24061590882,
    1.351423307738));
#4819 = CARTESIAN_POINT('',(-13.26305089369,-31.2559336483,
    1.359842161402));
#4820 = CARTESIAN_POINT('',(-13.26221720282,-31.29542787531,
    1.380877172635));
#4821 = CARTESIAN_POINT('',(-13.26170366075,-31.31975878548,
    1.39320187838));
#4822 = CARTESIAN_POINT('',(-13.26118491117,-31.34433951808,
    1.405025573829));
#4823 = CARTESIAN_POINT('',(-13.26066121793,-31.36915768348,
    1.416342242632));
#4824 = CARTESIAN_POINT('',(-13.26013284813,-31.39420072922,
    1.427146257631));
#4825 = CARTESIAN_POINT('',(-13.25960007211,-31.41945594003,
    1.437432380857));
#4826 = CARTESIAN_POINT('',(-13.25746557681,-31.52065101412,
    1.476246984095));
#4827 = CARTESIAN_POINT('',(-13.25583135964,-31.59815799059,
    1.500670528475));
#4828 = CARTESIAN_POINT('',(-13.25416777777,-31.67708937482,
    1.520337874438));
#4829 = CARTESIAN_POINT('',(-13.25248222638,-31.75709627725,
    1.535152704392));
#4830 = CARTESIAN_POINT('',(-13.25078220631,-31.83782397113,
    1.545050810536));
#4831 = CARTESIAN_POINT('',(-13.24907530038,-31.91891295248,1.55));
#4832 = CARTESIAN_POINT('',(-13.24706835681,-32.01429557145,1.55));
#4833 = CARTESIAN_POINT('',(-13.24676758621,-32.02859114353,
    1.549846178128));
#4834 = CARTESIAN_POINT('',(-13.2464668793,-32.04288474386,
    1.549538534337));
#4835 = CARTESIAN_POINT('',(-13.24616627754,-32.05717440063,
    1.549077099745));
#4836 = CARTESIAN_POINT('',(-13.24586582237,-32.0714581426,
    1.548461936637));
#4837 = CARTESIAN_POINT('',(-13.2455655552,-32.08573399909,
    1.547693138459));
#4838 = CARTESIAN_POINT('',(-13.2452655174,-32.1,1.546770829826));
#4839 = ORIENTED_EDGE('',*,*,#4840,.T.);
#4840 = EDGE_CURVE('',#4756,#4841,#4843,.T.);
#4841 = VERTEX_POINT('',#4842);
#4842 = CARTESIAN_POINT('',(-13.2452655174,-32.1,-1.546770829826));
#4843 = B_SPLINE_CURVE_WITH_KNOTS('',5,(#4844,#4845,#4846,#4847,#4848,
    #4849,#4850,#4851,#4852,#4853,#4854,#4855,#4856,#4857,#4858,#4859,
    #4860,#4861,#4862,#4863,#4864,#4865,#4866,#4867,#4868,#4869,#4870,
    #4871,#4872,#4873,#4874,#4875,#4876,#4877,#4878,#4879,#4880,#4881,
    #4882,#4883,#4884,#4885,#4886,#4887,#4888,#4889),.UNSPECIFIED.,.F.,
  .F.,(6,4,4,4,4,4,4,4,4,4,4,6),(0.,0.100699431951,0.141272503208,
    0.225979141111,0.359383692413,0.405552605596,0.49993773849,
    0.640490031069,0.773894426241,0.858600935133,0.899173943755,1.),
  .UNSPECIFIED.);
#4844 = CARTESIAN_POINT('',(-13.2452655174,-32.1,1.546770829826));
#4845 = CARTESIAN_POINT('',(-13.24329404038,-32.1937384977,
    1.540710559235));
#4846 = CARTESIAN_POINT('',(-13.24133313805,-32.28702277801,
    1.527548840002));
#4847 = CARTESIAN_POINT('',(-13.23939786772,-32.3791358812,
    1.507331341369));
#4848 = CARTESIAN_POINT('',(-13.23750287968,-32.46937716533,
    1.480208065075));
#4849 = CARTESIAN_POINT('',(-13.23492064282,-32.59240365109,
    1.43282640261));
#4850 = CARTESIAN_POINT('',(-13.23418785093,-32.62732320702,
    1.418138804877));
#4851 = CARTESIAN_POINT('',(-13.23346479461,-32.6617854736,
    1.402388118051));
#4852 = CARTESIAN_POINT('',(-13.23275236569,-32.69574757724,
    1.385593606388));
#4853 = CARTESIAN_POINT('',(-13.2305880531,-32.79894088836,
    1.330580819168));
#4854 = CARTESIAN_POINT('',(-13.22917475759,-32.86635289316,
    1.288929661804));
#4855 = CARTESIAN_POINT('',(-13.22781948273,-32.93102150814,
    1.243024210733));
#4856 = CARTESIAN_POINT('',(-13.2265295085,-32.99259524756,
    1.193110713409));
#4857 = CARTESIAN_POINT('',(-13.22339314762,-33.14234671133,
    1.055019917739));
#4858 = CARTESIAN_POINT('',(-13.22165309021,-33.22547503945,
    0.961335084741));
#4859 = CARTESIAN_POINT('',(-13.22011725353,-33.29888132639,
    0.859574823847));
#4860 = CARTESIAN_POINT('',(-13.21880610017,-33.36156979263,
    0.751109313204));
#4861 = CARTESIAN_POINT('',(-13.21736308693,-33.4305785228,
    0.598168921967));
#4862 = CARTESIAN_POINT('',(-13.21702071732,-33.44695326956,
    0.558229417759));
#4863 = CARTESIAN_POINT('',(-13.21670757365,-33.46193154034,
    0.517735572012));
#4864 = CARTESIAN_POINT('',(-13.21642415371,-33.47548906505,
    0.476752760045));
#4865 = CARTESIAN_POINT('',(-13.21565304329,-33.51237766992,
    0.350702539296));
#4866 = CARTESIAN_POINT('',(-13.21526113088,-33.53112944408,
    0.264292397583));
#4867 = CARTESIAN_POINT('',(-13.21499857955,-33.54369288383,
    0.176692613486));
#4868 = CARTESIAN_POINT('',(-13.2148671251,-33.549983152,
    8.849411085532E-02));
#4869 = CARTESIAN_POINT('',(-13.21486625017,-33.55002501879,
    -0.131043993449));
#4870 = CARTESIAN_POINT('',(-13.21515646449,-33.53613790308,
    -0.262394655059));
#4871 = CARTESIAN_POINT('',(-13.21573738821,-33.50833980403,
    -0.391766498726));
#4872 = CARTESIAN_POINT('',(-13.21660051547,-33.46704677553,
    -0.517224203707));
#4873 = CARTESIAN_POINT('',(-13.21880011041,-33.36185618457,
    -0.750589918584));
#4874 = CARTESIAN_POINT('',(-13.22011039645,-33.29920910518,
    -0.859079317348));
#4875 = CARTESIAN_POINT('',(-13.22164541847,-33.22584164203,
    -0.960867571859));
#4876 = CARTESIAN_POINT('',(-13.22338472491,-33.1427490442,
    -1.054584119689));
#4877 = CARTESIAN_POINT('',(-13.22651997686,-32.99305024316,
    -1.19273203748));
#4878 = CARTESIAN_POINT('',(-13.2278095495,-32.931495548,-1.242669015157
    ));
#4879 = CARTESIAN_POINT('',(-13.22916445447,-32.86684444511,
    -1.288599129861));
#4880 = CARTESIAN_POINT('',(-13.23057741376,-32.79944832761,
    -1.330275998245));
#4881 = CARTESIAN_POINT('',(-13.23274128124,-32.69627600215,
    -1.385328142432));
#4882 = CARTESIAN_POINT('',(-13.23345357409,-32.66232030577,
    -1.402135606628));
#4883 = CARTESIAN_POINT('',(-13.23417650261,-32.62786404879,
    -1.417899436557));
#4884 = CARTESIAN_POINT('',(-13.23490917511,-32.59295009779,
    -1.432600351545));
#4885 = CARTESIAN_POINT('',(-13.23749334308,-32.46983130868,
    -1.480071494823));
#4886 = CARTESIAN_POINT('',(-13.23939056296,-32.37948356638,
    -1.507254995014));
#4887 = CARTESIAN_POINT('',(-13.24132820362,-32.28725751965,
    -1.527515708222));
#4888 = CARTESIAN_POINT('',(-13.24329155991,-32.19385643723,
    -1.540702934348));
#4889 = CARTESIAN_POINT('',(-13.2452655174,-32.1,-1.546770829826));
#4890 = ORIENTED_EDGE('',*,*,#4891,.T.);
#4891 = EDGE_CURVE('',#4841,#4749,#4892,.T.);
#4892 = B_SPLINE_CURVE_WITH_KNOTS('',4,(#4893,#4894,#4895,#4896,#4897,
    #4898,#4899,#4900),.UNSPECIFIED.,.F.,.F.,(5,3,5),(0.,0.735402089798,
    1.),.UNSPECIFIED.);
#4893 = CARTESIAN_POINT('',(-13.2452655174,-32.1,-1.546770829826));
#4894 = CARTESIAN_POINT('',(-13.24565165217,-32.08164031686,
    -1.547957798366));
#4895 = CARTESIAN_POINT('',(-13.24603822105,-32.06326198079,
    -1.548854193458));
#4896 = CARTESIAN_POINT('',(-13.24642508015,-32.04487184406,
    -1.549459581631));
#4897 = CARTESIAN_POINT('',(-13.24695132964,-32.01985821691,
    -1.549886921442));
#4898 = CARTESIAN_POINT('',(-13.24709059304,-32.01323902418,
    -1.549962307149));
#4899 = CARTESIAN_POINT('',(-13.24722986861,-32.00661951214,-1.55));
#4900 = CARTESIAN_POINT('',(-13.24736914961,-32.,-1.55));
#4901 = ORIENTED_EDGE('',*,*,#4748,.T.);
#4902 = CYLINDRICAL_SURFACE('',#4903,1.55);
#4903 = AXIS2_PLACEMENT_3D('',#4904,#4905,#4906);
#4904 = CARTESIAN_POINT('',(-40.,-32.,0.));
#4905 = DIRECTION('',(-1.,0.,2.22044604925E-16));
#4906 = DIRECTION('',(-2.22044604925E-16,0.,-1.));
#4907 = ADVANCED_FACE('',(#4908),#5066,.F.);
#4908 = FACE_BOUND('',#4909,.T.);
#4909 = EDGE_LOOP('',(#4910,#4911,#4918,#5003,#5054,#5065));
#4910 = ORIENTED_EDGE('',*,*,#2846,.F.);
#4911 = ORIENTED_EDGE('',*,*,#4912,.F.);
#4912 = EDGE_CURVE('',#4913,#2847,#4915,.T.);
#4913 = VERTEX_POINT('',#4914);
#4914 = CARTESIAN_POINT('',(-21.08912834629,27.47255821688,-1.55));
#4915 = B_SPLINE_CURVE_WITH_KNOTS('',1,(#4916,#4917),.UNSPECIFIED.,.F.,
  .F.,(2,2),(-26.75263085038,-17.24736914961),.PIECEWISE_BEZIER_KNOTS.);
#4916 = CARTESIAN_POINT('',(-21.08912834629,27.47255821688,-1.55));
#4917 = CARTESIAN_POINT('',(-16.33649749591,35.70435631936,-1.55));
#4918 = ORIENTED_EDGE('',*,*,#4919,.T.);
#4919 = EDGE_CURVE('',#4913,#4920,#4922,.T.);
#4920 = VERTEX_POINT('',#4921);
#4921 = CARTESIAN_POINT('',(-21.17678270277,27.520736417941,
    1.546770829826));
#4922 = B_SPLINE_CURVE_WITH_KNOTS('',7,(#4923,#4924,#4925,#4926,#4927,
    #4928,#4929,#4930,#4931,#4932,#4933,#4934,#4935,#4936,#4937,#4938,
    #4939,#4940,#4941,#4942,#4943,#4944,#4945,#4946,#4947,#4948,#4949,
    #4950,#4951,#4952,#4953,#4954,#4955,#4956,#4957,#4958,#4959,#4960,
    #4961,#4962,#4963,#4964,#4965,#4966,#4967,#4968,#4969,#4970,#4971,
    #4972,#4973,#4974,#4975,#4976,#4977,#4978,#4979,#4980,#4981,#4982,
    #4983,#4984,#4985,#4986,#4987,#4988,#4989,#4990,#4991,#4992,#4993,
    #4994,#4995,#4996,#4997,#4998,#4999,#5000,#5001,#5002),
  .UNSPECIFIED.,.F.,.F.,(8,6,6,6,6,6,6,6,6,6,6,6,6,8),(0.,0.114350424398
    ,0.152780941149,0.177410473634,0.205975457279,0.232565663877,
    0.490411210378,0.747273592013,0.773863808192,0.80242880213,
    0.82705834349,0.865488874088,0.979840001955,1.),.UNSPECIFIED.);
#4923 = CARTESIAN_POINT('',(-21.08912834629,27.47255821688,-1.55));
#4924 = CARTESIAN_POINT('',(-21.0180502767,27.433491410469,-1.55));
#4925 = CARTESIAN_POINT('',(-20.94697193005,27.394425266925,
    -1.545050598958));
#4926 = CARTESIAN_POINT('',(-20.87621036473,27.355534053417,
    -1.535152494488));
#4927 = CARTESIAN_POINT('',(-20.80608000124,27.316990564552,
    -1.520337801817));
#4928 = CARTESIAN_POINT('',(-20.73689161835,27.278965572158,
    -1.500670489621));
#4929 = CARTESIAN_POINT('',(-20.66895134913,27.241627275067,
    -1.476246815845));
#4930 = CARTESIAN_POINT('',(-20.58024698109,27.192878476491,
    -1.437432380857));
#4931 = CARTESIAN_POINT('',(-20.55810893895,27.180712268649,
    -1.427146257631));
#4932 = CARTESIAN_POINT('',(-20.53615684025,27.168648327455,
    -1.416342242632));
#4933 = CARTESIAN_POINT('',(-20.51440183192,27.156692776405,
    -1.405025573829));
#4934 = CARTESIAN_POINT('',(-20.49285491825,27.144851660413,
    -1.39320187838));
#4935 = CARTESIAN_POINT('',(-20.47152696091,27.133130945812,
    -1.380877172635));
#4936 = CARTESIAN_POINT('',(-20.43690711157,27.114105829779,
    -1.359842161402));
#4937 = CARTESIAN_POINT('',(-20.42347987452,27.106727007614,
    -1.351423307738));
#4938 = CARTESIAN_POINT('',(-20.4101497866,27.099401602178,
    -1.342802986298));
#4939 = CARTESIAN_POINT('',(-20.39691963655,27.092131145234,
    -1.33398294524));
#4940 = CARTESIAN_POINT('',(-20.38379218302,27.084917151985,
    -1.324964995719));
#4941 = CARTESIAN_POINT('',(-20.37077015457,27.077761121075,
    -1.315751011888));
#4942 = CARTESIAN_POINT('',(-20.34287888536,27.062434013889,
    -1.295431571545));
#4943 = CARTESIAN_POINT('',(-20.32804695482,27.054283450121,
    -1.284259129204));
#4944 = CARTESIAN_POINT('',(-20.31336466884,27.046215155952,
    -1.272828626813));
#4945 = CARTESIAN_POINT('',(-20.29883617469,27.038231409126,
    -1.261143195938));
#4946 = CARTESIAN_POINT('',(-20.28446555617,27.030334452461,
    -1.249206076769));
#4947 = CARTESIAN_POINT('',(-20.27025683356,27.022526493849,
    -1.237020618127));
#4948 = CARTESIAN_POINT('',(-20.24314191661,27.007626401733,
    -1.21301928093));
#4949 = CARTESIAN_POINT('',(-20.23021357996,27.000522096373,
    -1.201236088211));
#4950 = CARTESIAN_POINT('',(-20.21743214484,26.993498542639,
    -1.189243488025));
#4951 = CARTESIAN_POINT('',(-20.20480074795,26.986557463078,
    -1.177044345558));
#4952 = CARTESIAN_POINT('',(-20.19232247157,26.979700550317,
    -1.164641602455));
#4953 = CARTESIAN_POINT('',(-20.18000034359,26.972929467072,
    -1.152038276821));
#4954 = CARTESIAN_POINT('',(-20.04989252398,26.901434695262,
    -1.015107822978));
#4955 = CARTESIAN_POINT('',(-19.94683357641,26.844805663965,
    -0.872326659003));
#4956 = CARTESIAN_POINT('',(-19.86154785521,26.797944339445,
    -0.71382559945));
#4957 = CARTESIAN_POINT('',(-19.79613077756,26.762000990193,
    -0.54312047194));
#4958 = CARTESIAN_POINT('',(-19.75205595776,26.737784415485,
    -0.364035663022));
#4959 = CARTESIAN_POINT('',(-19.73017409319,26.725761589308,
    -0.180711759498));
#4960 = CARTESIAN_POINT('',(-19.73068007721,26.726039598423,
    0.184907311685));
#4961 = CARTESIAN_POINT('',(-19.75289977757,26.738248045934,
    0.367451051813));
#4962 = CARTESIAN_POINT('',(-19.79713101855,26.76255057172,
    0.545725588461));
#4963 = CARTESIAN_POINT('',(-19.86252535179,26.798481437451,
    0.715640105852));
#4964 = CARTESIAN_POINT('',(-19.94762061954,26.845238130008,
    0.873416220778));
#4965 = CARTESIAN_POINT('',(-20.0503422898,26.901681843393,
    1.015581173755));
#4966 = CARTESIAN_POINT('',(-20.18000034359,26.972929467072,
    1.152038276821));
#4967 = CARTESIAN_POINT('',(-20.19232247157,26.979700550317,
    1.164641602455));
#4968 = CARTESIAN_POINT('',(-20.20480074795,26.986557463078,
    1.177044345558));
#4969 = CARTESIAN_POINT('',(-20.21743214484,26.993498542639,
    1.189243488025));
#4970 = CARTESIAN_POINT('',(-20.23021357996,27.000522096373,
    1.201236088211));
#4971 = CARTESIAN_POINT('',(-20.24314191661,27.007626401733,
    1.21301928093));
#4972 = CARTESIAN_POINT('',(-20.27025683356,27.022526493849,
    1.237020618127));
#4973 = CARTESIAN_POINT('',(-20.28446555617,27.030334452461,
    1.249206076769));
#4974 = CARTESIAN_POINT('',(-20.29883617469,27.038231409126,
    1.261143195938));
#4975 = CARTESIAN_POINT('',(-20.31336466884,27.046215155952,
    1.272828626813));
#4976 = CARTESIAN_POINT('',(-20.32804695482,27.054283450121,
    1.284259129204));
#4977 = CARTESIAN_POINT('',(-20.34287888536,27.062434013889,
    1.295431571545));
#4978 = CARTESIAN_POINT('',(-20.37077015457,27.077761121075,
    1.315751011888));
#4979 = CARTESIAN_POINT('',(-20.38379218302,27.084917151985,
    1.324964995719));
#4980 = CARTESIAN_POINT('',(-20.39691963655,27.092131145234,
    1.33398294524));
#4981 = CARTESIAN_POINT('',(-20.4101497866,27.099401602178,
    1.342802986298));
#4982 = CARTESIAN_POINT('',(-20.42347987452,27.106727007614,
    1.351423307738));
#4983 = CARTESIAN_POINT('',(-20.43690711157,27.114105829779,
    1.359842161402));
#4984 = CARTESIAN_POINT('',(-20.47152696091,27.133130945812,
    1.380877172635));
#4985 = CARTESIAN_POINT('',(-20.49285491825,27.144851660413,
    1.39320187838));
#4986 = CARTESIAN_POINT('',(-20.51440183192,27.156692776405,
    1.405025573829));
#4987 = CARTESIAN_POINT('',(-20.53615684025,27.168648327455,
    1.416342242632));
#4988 = CARTESIAN_POINT('',(-20.55810893895,27.180712268649,
    1.427146257631));
#4989 = CARTESIAN_POINT('',(-20.58024698109,27.192878476491,
    1.437432380857));
#4990 = CARTESIAN_POINT('',(-20.66895173364,27.24162748638,
    1.476246984095));
#4991 = CARTESIAN_POINT('',(-20.73689185283,27.278965701028,
    1.500670528475));
#4992 = CARTESIAN_POINT('',(-20.80608022766,27.316990688985,
    1.520337874438));
#4993 = CARTESIAN_POINT('',(-20.87621101333,27.355534409877,
    1.535152704392));
#4994 = CARTESIAN_POINT('',(-20.94697325706,27.394425996255,
    1.545050810536));
#4995 = CARTESIAN_POINT('',(-21.01805182784,27.433492263025,1.55));
#4996 = CARTESIAN_POINT('',(-21.10165907073,27.4794455084,1.55));
#4997 = CARTESIAN_POINT('',(-21.11418978461,27.486332819455,
    1.549846178128));
#4998 = CARTESIAN_POINT('',(-21.12671875906,27.493219199793,
    1.549538534337));
#4999 = CARTESIAN_POINT('',(-21.13924426572,27.500103699422,
    1.549077099745));
#5000 = CARTESIAN_POINT('',(-21.15176457671,27.506985368601,
    1.548461936637));
#5001 = CARTESIAN_POINT('',(-21.16427796468,27.51386325785,
    1.547693138459));
#5002 = CARTESIAN_POINT('',(-21.17678270277,27.520736417941,
    1.546770829826));
#5003 = ORIENTED_EDGE('',*,*,#5004,.T.);
#5004 = EDGE_CURVE('',#4920,#5005,#5007,.T.);
#5005 = VERTEX_POINT('',#5006);
#5006 = CARTESIAN_POINT('',(-21.17678270277,27.520736417941,
    -1.546770829826));
#5007 = B_SPLINE_CURVE_WITH_KNOTS('',5,(#5008,#5009,#5010,#5011,#5012,
    #5013,#5014,#5015,#5016,#5017,#5018,#5019,#5020,#5021,#5022,#5023,
    #5024,#5025,#5026,#5027,#5028,#5029,#5030,#5031,#5032,#5033,#5034,
    #5035,#5036,#5037,#5038,#5039,#5040,#5041,#5042,#5043,#5044,#5045,
    #5046,#5047,#5048,#5049,#5050,#5051,#5052,#5053),.UNSPECIFIED.,.F.,
  .F.,(6,4,4,4,4,4,4,4,4,4,4,6),(0.,0.100699431951,0.141272503208,
    0.225979141111,0.359383692413,0.405552605596,0.49993773849,
    0.640490031069,0.773894426241,0.858600935133,0.899173943755,1.),
  .UNSPECIFIED.);
#5008 = CARTESIAN_POINT('',(-21.17678270277,27.520736417941,
    1.546770829826));
#5009 = CARTESIAN_POINT('',(-21.25894836161,27.565898317609,
    1.540710559235));
#5010 = CARTESIAN_POINT('',(-21.34071536929,27.61084226654,
    1.527548840002));
#5011 = CARTESIAN_POINT('',(-21.42145529184,27.655222824861,
    1.507331341369));
#5012 = CARTESIAN_POINT('',(-21.50055403039,27.698702359148,
    1.480208065075));
#5013 = CARTESIAN_POINT('',(-21.60838921083,27.757979319303,
    1.43282640261));
#5014 = CARTESIAN_POINT('',(-21.63899682929,27.774804480876,
    1.418138804877));
#5015 = CARTESIAN_POINT('',(-21.66920355579,27.791409429027,
    1.402388118051));
#5016 = CARTESIAN_POINT('',(-21.69897181477,27.807773499307,
    1.385593606388));
#5017 = CARTESIAN_POINT('',(-21.78942199999,27.857495805183,
    1.330580819168));
#5018 = CARTESIAN_POINT('',(-21.84850915642,27.889977857764,
    1.288929661804));
#5019 = CARTESIAN_POINT('',(-21.90519145726,27.921138462794,
    1.243024210733));
#5020 = CARTESIAN_POINT('',(-21.95916086691,27.950808182055,
    1.193110713409));
#5021 = CARTESIAN_POINT('',(-22.09041761923,28.022967745738,
    1.055019917739));
#5022 = CARTESIAN_POINT('',(-22.16327889186,28.063024975877,
    0.961335084741));
#5023 = CARTESIAN_POINT('',(-22.22761851949,28.098398045772,
    0.859574823847));
#5024 = CARTESIAN_POINT('',(-22.28256390046,28.128606786769,
    0.751109313204));
#5025 = CARTESIAN_POINT('',(-22.34304872049,28.161861465733,
    0.598168921967));
#5026 = CARTESIAN_POINT('',(-22.35740085196,28.169752338332,
    0.558229417759));
#5027 = CARTESIAN_POINT('',(-22.3705289868,28.176970283346,
    0.517735572012));
#5028 = CARTESIAN_POINT('',(-22.38241185758,28.183503596833,
    0.476752760045));
#5029 = CARTESIAN_POINT('',(-22.41474388172,28.201280098056,
    0.350702539296));
#5030 = CARTESIAN_POINT('',(-22.43117935072,28.210316579038,
    0.264292397583));
#5031 = CARTESIAN_POINT('',(-22.44219088436,28.216370922788,
    0.176692613486));
#5032 = CARTESIAN_POINT('',(-22.44770414362,28.21940221398,
    8.849411085532E-02));
#5033 = CARTESIAN_POINT('',(-22.44774083879,28.219422389659,
    -0.131043993449));
#5034 = CARTESIAN_POINT('',(-22.43556913663,28.212730164781,
    -0.262394655059));
#5035 = CARTESIAN_POINT('',(-22.41120481482,28.199334209959,
    -0.391766498726));
#5036 = CARTESIAN_POINT('',(-22.37501243951,28.179435185834,
    -0.517224203707));
#5037 = CARTESIAN_POINT('',(-22.28281491804,28.128744795457,
    -0.750589918584));
#5038 = CARTESIAN_POINT('',(-22.22790581279,28.098555996756,
    -0.859079317348));
#5039 = CARTESIAN_POINT('',(-22.16360021488,28.063201633246,
    -0.960867571859));
#5040 = CARTESIAN_POINT('',(-22.09077026107,28.023161617893,
    -1.054584119689));
#5041 = CARTESIAN_POINT('',(-21.95955967048,27.951027425212,
    -1.19273203748));
#5042 = CARTESIAN_POINT('',(-21.90560695443,27.921366880294,
    -1.242669015157));
#5043 = CARTESIAN_POINT('',(-21.84894000446,27.890214710972,
    -1.288599129861));
#5044 = CARTESIAN_POINT('',(-21.78986677494,27.857740310862,
    -1.330275998245));
#5045 = CARTESIAN_POINT('',(-21.69943498638,27.808028112342,
    -1.385328142432));
#5046 = CARTESIAN_POINT('',(-21.6696723443,27.791667127855,
    -1.402135606628));
#5047 = CARTESIAN_POINT('',(-21.63947088617,27.775065073825,
    -1.417899436557));
#5048 = CARTESIAN_POINT('',(-21.60886818141,27.758242611329,
    -1.432600351545));
#5049 = CARTESIAN_POINT('',(-21.50095209837,27.698921171881,
    -1.480071494823));
#5050 = CARTESIAN_POINT('',(-21.42176004843,27.655390341345,
    -1.507254995014));
#5051 = CARTESIAN_POINT('',(-21.34092112873,27.610955364011,
    -1.527515708222));
#5052 = CARTESIAN_POINT('',(-21.25905174047,27.565955139229,
    -1.540702934348));
#5053 = CARTESIAN_POINT('',(-21.17678270277,27.520736417941,
    -1.546770829826));
#5054 = ORIENTED_EDGE('',*,*,#5055,.T.);
#5055 = EDGE_CURVE('',#5005,#4913,#5056,.T.);
#5056 = B_SPLINE_CURVE_WITH_KNOTS('',4,(#5057,#5058,#5059,#5060,#5061,
    #5062,#5063,#5064),.UNSPECIFIED.,.F.,.F.,(5,3,5),(0.,0.735402089798,
    1.),.UNSPECIFIED.);
#5057 = CARTESIAN_POINT('',(-21.17678270277,27.520736417941,
    -1.546770829826));
#5058 = CARTESIAN_POINT('',(-21.16068968339,27.511890978896,
    -1.547957798366));
#5059 = CARTESIAN_POINT('',(-21.14458029303,27.503036589333,
    -1.548854193458));
#5060 = CARTESIAN_POINT('',(-21.1284605379,27.494176550775,
    -1.549459581631));
#5061 = CARTESIAN_POINT('',(-21.1065349766,27.482125482624,
    -1.549886921442));
#5062 = CARTESIAN_POINT('',(-21.10073295584,27.478936491904,
    -1.549962307149));
#5063 = CARTESIAN_POINT('',(-21.09493065247,27.475747352059,-1.55));
#5064 = CARTESIAN_POINT('',(-21.08912834629,27.47255821688,-1.55));
#5065 = ORIENTED_EDGE('',*,*,#4912,.T.);
#5066 = CYLINDRICAL_SURFACE('',#5067,1.55);
#5067 = AXIS2_PLACEMENT_3D('',#5068,#5069,#5070);
#5068 = CARTESIAN_POINT('',(-7.712812921102,50.641016151378,0.));
#5069 = DIRECTION('',(0.5,0.866025403784,2.22044604925E-16));
#5070 = DIRECTION('',(1.110223024625E-16,1.922962686384E-16,-1.));
#5071 = ADVANCED_FACE('',(#5072),#5099,.T.);
#5072 = FACE_BOUND('',#5073,.T.);
#5073 = EDGE_LOOP('',(#5074,#5085,#5091,#5092,#5093));
#5074 = ORIENTED_EDGE('',*,*,#5075,.F.);
#5075 = EDGE_CURVE('',#5076,#5078,#5080,.T.);
#5076 = VERTEX_POINT('',#5077);
#5077 = CARTESIAN_POINT('',(-18.07686316739,26.974186887631,1.65));
#5078 = VERTEX_POINT('',#5079);
#5079 = CARTESIAN_POINT('',(-20.59031125665,28.336534759818,3.3));
#5080 = CIRCLE('',#5081,4.06745763552);
#5081 = AXIS2_PLACEMENT_3D('',#5082,#5083,#5084);
#5082 = CARTESIAN_POINT('',(-17.54026482638,30.911486309998,
    2.518301270189));
#5083 = DIRECTION('',(-0.433012701892,0.25,-0.866025403784));
#5084 = DIRECTION('',(0.75,-0.433012701892,-0.5));
#5085 = ORIENTED_EDGE('',*,*,#5086,.T.);
#5086 = EDGE_CURVE('',#5076,#3241,#5087,.T.);
#5087 = LINE('',#5088,#5089);
#5088 = CARTESIAN_POINT('',(-17.9878129211,27.12842643863,1.65));
#5089 = VECTOR('',#5090,1.);
#5090 = DIRECTION('',(-0.5,-0.866025403784,-2.22044604925E-16));
#5091 = ORIENTED_EDGE('',*,*,#3240,.F.);
#5092 = ORIENTED_EDGE('',*,*,#3091,.F.);
#5093 = ORIENTED_EDGE('',*,*,#5094,.F.);
#5094 = EDGE_CURVE('',#5078,#3084,#5095,.T.);
#5095 = LINE('',#5096,#5097);
#5096 = CARTESIAN_POINT('',(-20.4628129211,28.557368354874,3.3));
#5097 = VECTOR('',#5098,1.);
#5098 = DIRECTION('',(-0.5,-0.866025403784,-2.22044604925E-16));
#5099 = PLANE('',#5100);
#5100 = AXIS2_PLACEMENT_3D('',#5101,#5102,#5103);
#5101 = CARTESIAN_POINT('',(-17.9878129211,27.12842643863,1.65));
#5102 = DIRECTION('',(-0.433012701892,0.25,-0.866025403784));
#5103 = DIRECTION('',(-0.75,0.433012701892,0.5));
#5104 = ADVANCED_FACE('',(#5105),#5133,.T.);
#5105 = FACE_BOUND('',#5106,.T.);
#5106 = EDGE_LOOP('',(#5107,#5116,#5117,#5118,#5126));
#5107 = ORIENTED_EDGE('',*,*,#5108,.F.);
#5108 = EDGE_CURVE('',#5078,#5109,#5111,.T.);
#5109 = VERTEX_POINT('',#5110);
#5110 = CARTESIAN_POINT('',(-20.70255220409,28.342127736163,
    3.242264973081));
#5111 = CIRCLE('',#5112,4.137123201362);
#5112 = AXIS2_PLACEMENT_3D('',#5113,#5114,#5115);
#5113 = CARTESIAN_POINT('',(-20.01526482638,32.340428226242,
    2.431698729811));
#5114 = DIRECTION('',(0.433012701892,-0.25,-0.866025403784));
#5115 = DIRECTION('',(0.75,-0.433012701892,0.5));
#5116 = ORIENTED_EDGE('',*,*,#5094,.T.);
#5117 = ORIENTED_EDGE('',*,*,#3083,.F.);
#5118 = ORIENTED_EDGE('',*,*,#5119,.F.);
#5119 = EDGE_CURVE('',#5120,#3076,#5122,.T.);
#5120 = VERTEX_POINT('',#5121);
#5121 = CARTESIAN_POINT('',(-23.10298763679,29.700219271415,1.65));
#5122 = LINE('',#5123,#5124);
#5123 = CARTESIAN_POINT('',(-22.9378129211,29.986310271119,1.65));
#5124 = VECTOR('',#5125,1.);
#5125 = DIRECTION('',(-0.5,-0.866025403784,-2.22044604925E-16));
#5126 = ORIENTED_EDGE('',*,*,#5127,.F.);
#5127 = EDGE_CURVE('',#5109,#5120,#5128,.T.);
#5128 = CIRCLE('',#5129,4.137123201362);
#5129 = AXIS2_PLACEMENT_3D('',#5130,#5131,#5132);
#5130 = CARTESIAN_POINT('',(-20.01526482638,32.340428226242,
    2.431698729811));
#5131 = DIRECTION('',(0.433012701892,-0.25,-0.866025403784));
#5132 = DIRECTION('',(0.75,-0.433012701892,0.5));
#5133 = PLANE('',#5134);
#5134 = AXIS2_PLACEMENT_3D('',#5135,#5136,#5137);
#5135 = CARTESIAN_POINT('',(-20.4628129211,28.557368354874,3.3));
#5136 = DIRECTION('',(0.433012701892,-0.25,-0.866025403784));
#5137 = DIRECTION('',(-0.75,0.433012701892,-0.5));
#5138 = ADVANCED_FACE('',(#5139),#5158,.T.);
#5139 = FACE_BOUND('',#5140,.T.);
#5140 = EDGE_LOOP('',(#5141,#5150,#5151,#5152));
#5141 = ORIENTED_EDGE('',*,*,#5142,.F.);
#5142 = EDGE_CURVE('',#5120,#5143,#5145,.T.);
#5143 = VERTEX_POINT('',#5144);
#5144 = CARTESIAN_POINT('',(-23.10298763679,29.700219271415,-1.65));
#5145 = CIRCLE('',#5146,4.170620669217);
#5146 = AXIS2_PLACEMENT_3D('',#5147,#5148,#5149);
#5147 = CARTESIAN_POINT('',(-21.1878129211,33.017399184364,
    1.11340586548E-15));
#5148 = DIRECTION('',(0.866025403784,-0.5,-4.037174635001E-16));
#5149 = DIRECTION('',(3.496295793425E-16,-2.0185873175E-16,1.));
#5150 = ORIENTED_EDGE('',*,*,#5119,.T.);
#5151 = ORIENTED_EDGE('',*,*,#3075,.F.);
#5152 = ORIENTED_EDGE('',*,*,#5153,.F.);
#5153 = EDGE_CURVE('',#5143,#3068,#5154,.T.);
#5154 = LINE('',#5155,#5156);
#5155 = CARTESIAN_POINT('',(-22.9378129211,29.986310271119,-1.65));
#5156 = VECTOR('',#5157,1.);
#5157 = DIRECTION('',(-0.5,-0.866025403784,-2.22044604925E-16));
#5158 = PLANE('',#5159);
#5159 = AXIS2_PLACEMENT_3D('',#5160,#5161,#5162);
#5160 = CARTESIAN_POINT('',(-22.9378129211,29.986310271119,1.65));
#5161 = DIRECTION('',(0.866025403784,-0.5,-4.037174635001E-16));
#5162 = DIRECTION('',(-2.3860727688E-16,3.941550003884E-16,-1.));
#5163 = ADVANCED_FACE('',(#5164),#5192,.T.);
#5164 = FACE_BOUND('',#5165,.T.);
#5165 = EDGE_LOOP('',(#5166,#5175,#5176,#5177,#5185));
#5166 = ORIENTED_EDGE('',*,*,#5167,.F.);
#5167 = EDGE_CURVE('',#5143,#5168,#5170,.T.);
#5168 = VERTEX_POINT('',#5169);
#5169 = CARTESIAN_POINT('',(-20.70255220409,28.342127736163,
    -3.242264973081));
#5170 = CIRCLE('',#5171,4.137123201362);
#5171 = AXIS2_PLACEMENT_3D('',#5172,#5173,#5174);
#5172 = CARTESIAN_POINT('',(-20.01526482638,32.340428226242,
    -2.431698729811));
#5173 = DIRECTION('',(0.433012701892,-0.25,0.866025403784));
#5174 = DIRECTION('',(-0.75,0.433012701892,0.5));
#5175 = ORIENTED_EDGE('',*,*,#5153,.T.);
#5176 = ORIENTED_EDGE('',*,*,#3067,.F.);
#5177 = ORIENTED_EDGE('',*,*,#5178,.F.);
#5178 = EDGE_CURVE('',#5179,#3060,#5181,.T.);
#5179 = VERTEX_POINT('',#5180);
#5180 = CARTESIAN_POINT('',(-20.59031125665,28.336534759818,-3.3));
#5181 = LINE('',#5182,#5183);
#5182 = CARTESIAN_POINT('',(-20.4628129211,28.557368354874,-3.3));
#5183 = VECTOR('',#5184,1.);
#5184 = DIRECTION('',(-0.5,-0.866025403784,-2.22044604925E-16));
#5185 = ORIENTED_EDGE('',*,*,#5186,.F.);
#5186 = EDGE_CURVE('',#5168,#5179,#5187,.T.);
#5187 = CIRCLE('',#5188,4.137123201362);
#5188 = AXIS2_PLACEMENT_3D('',#5189,#5190,#5191);
#5189 = CARTESIAN_POINT('',(-20.01526482638,32.340428226242,
    -2.431698729811));
#5190 = DIRECTION('',(0.433012701892,-0.25,0.866025403784));
#5191 = DIRECTION('',(-0.75,0.433012701892,0.5));
#5192 = PLANE('',#5193);
#5193 = AXIS2_PLACEMENT_3D('',#5194,#5195,#5196);
#5194 = CARTESIAN_POINT('',(-22.9378129211,29.986310271119,-1.65));
#5195 = DIRECTION('',(0.433012701892,-0.25,0.866025403784));
#5196 = DIRECTION('',(0.75,-0.433012701892,-0.5));
#5197 = ADVANCED_FACE('',(#5198),#5218,.T.);
#5198 = FACE_BOUND('',#5199,.T.);
#5199 = EDGE_LOOP('',(#5200,#5209,#5210,#5211,#5212));
#5200 = ORIENTED_EDGE('',*,*,#5201,.F.);
#5201 = EDGE_CURVE('',#5179,#5202,#5204,.T.);
#5202 = VERTEX_POINT('',#5203);
#5203 = CARTESIAN_POINT('',(-18.07686316739,26.974186887631,-1.65));
#5204 = CIRCLE('',#5205,4.06745763552);
#5205 = AXIS2_PLACEMENT_3D('',#5206,#5207,#5208);
#5206 = CARTESIAN_POINT('',(-17.54026482638,30.911486309998,
    -2.518301270189));
#5207 = DIRECTION('',(-0.433012701892,0.25,0.866025403784));
#5208 = DIRECTION('',(-0.75,0.433012701892,-0.5));
#5209 = ORIENTED_EDGE('',*,*,#5178,.T.);
#5210 = ORIENTED_EDGE('',*,*,#3059,.F.);
#5211 = ORIENTED_EDGE('',*,*,#3257,.F.);
#5212 = ORIENTED_EDGE('',*,*,#5213,.F.);
#5213 = EDGE_CURVE('',#5202,#3250,#5214,.T.);
#5214 = LINE('',#5215,#5216);
#5215 = CARTESIAN_POINT('',(-17.9878129211,27.12842643863,-1.65));
#5216 = VECTOR('',#5217,1.);
#5217 = DIRECTION('',(-0.5,-0.866025403784,-2.22044604925E-16));
#5218 = PLANE('',#5219);
#5219 = AXIS2_PLACEMENT_3D('',#5220,#5221,#5222);
#5220 = CARTESIAN_POINT('',(-20.4628129211,28.557368354874,-3.3));
#5221 = DIRECTION('',(-0.433012701892,0.25,0.866025403784));
#5222 = DIRECTION('',(0.75,-0.433012701892,0.5));
#5223 = ADVANCED_FACE('',(#5224),#5368,.F.);
#5224 = FACE_BOUND('',#5225,.T.);
#5225 = EDGE_LOOP('',(#5226,#5359,#5364,#5365,#5366,#5367));
#5226 = ORIENTED_EDGE('',*,*,#5227,.F.);
#5227 = EDGE_CURVE('',#5228,#5228,#5230,.T.);
#5228 = VERTEX_POINT('',#5229);
#5229 = CARTESIAN_POINT('',(-34.33649749591,4.52744178312,-1.55));
#5230 = B_SPLINE_CURVE_WITH_KNOTS('',7,(#5231,#5232,#5233,#5234,#5235,
    #5236,#5237,#5238,#5239,#5240,#5241,#5242,#5243,#5244,#5245,#5246,
    #5247,#5248,#5249,#5250,#5251,#5252,#5253,#5254,#5255,#5256,#5257,
    #5258,#5259,#5260,#5261,#5262,#5263,#5264,#5265,#5266,#5267,#5268,
    #5269,#5270,#5271,#5272,#5273,#5274,#5275,#5276,#5277,#5278,#5279,
    #5280,#5281,#5282,#5283,#5284,#5285,#5286,#5287,#5288,#5289,#5290,
    #5291,#5292,#5293,#5294,#5295,#5296,#5297,#5298,#5299,#5300,#5301,
    #5302,#5303,#5304,#5305,#5306,#5307,#5308,#5309,#5310,#5311,#5312,
    #5313,#5314,#5315,#5316,#5317,#5318,#5319,#5320,#5321,#5322,#5323,
    #5324,#5325,#5326,#5327,#5328,#5329,#5330,#5331,#5332,#5333,#5334,
    #5335,#5336,#5337,#5338,#5339,#5340,#5341,#5342,#5343,#5344,#5345,
    #5346,#5347,#5348,#5349,#5350,#5351,#5352,#5353,#5354,#5355,#5356,
    #5357,#5358),.UNSPECIFIED.,.T.,.F.,(8,6,6,6,6,6,6,6,6,6,6,6,6,6,6,6,
    6,6,6,6,6,8),(0.,5.835164778401E-02,7.7962278784E-02,
    9.053043331619E-02,0.105106801296,0.118675464272,0.250250948939,
    0.381324736386,0.394893404252,0.409469777483,0.422037936544,
    0.44164857461,0.500000581366,0.557849621931,0.618675519815,
    0.750250820501,0.881324423999,0.895395631988,0.909972053217,
    0.922540257818,0.942150968163,1.),.UNSPECIFIED.);
#5231 = CARTESIAN_POINT('',(-34.33649749591,4.52744178312,-1.55));
#5232 = CARTESIAN_POINT('',(-34.26712561432,4.485419772412,-1.55));
#5233 = CARTESIAN_POINT('',(-34.19775416826,4.443397190327,
    -1.545050598958));
#5234 = CARTESIAN_POINT('',(-34.12869260671,4.401561483898,
    -1.535152494488));
#5235 = CARTESIAN_POINT('',(-34.06024778446,4.360098551975,
    -1.520337801817));
#5236 = CARTESIAN_POINT('',(-33.99272298362,4.319192150938,
    -1.500670489621));
#5237 = CARTESIAN_POINT('',(-33.9264169352,4.279023300404,
    -1.476246815845));
#5238 = CARTESIAN_POINT('',(-33.83984705321,4.226577463541,
    -1.437432380857));
#5239 = CARTESIAN_POINT('',(-33.81824178708,4.213488460574,
    -1.427146257631));
#5240 = CARTESIAN_POINT('',(-33.79681805818,4.200509356032,
    -1.416342242632));
#5241 = CARTESIAN_POINT('',(-33.77558674309,4.187646741684,
    -1.405025573829));
#5242 = CARTESIAN_POINT('',(-33.754558579,4.17490712507,-1.39320187838)
  );
#5243 = CARTESIAN_POINT('',(-33.73374416374,4.162296929504,
    -1.380877172635));
#5244 = CARTESIAN_POINT('',(-33.69995800527,4.141827818521,
    -1.359842161402));
#5245 = CARTESIAN_POINT('',(-33.6868541393,4.133888901213,
    -1.351423307738));
#5246 = CARTESIAN_POINT('',(-33.67384510814,4.126007409158,
    -1.342802986298));
#5247 = CARTESIAN_POINT('',(-33.66093363271,4.118184991589,
    -1.33398294524));
#5248 = CARTESIAN_POINT('',(-33.64812240452,4.110423279968,
    -1.324964995719));
#5249 = CARTESIAN_POINT('',(-33.63541408574,4.10272388798,
    -1.315751011888));
#5250 = CARTESIAN_POINT('',(-33.60819478694,4.086232893888,
    -1.295431571545));
#5251 = CARTESIAN_POINT('',(-33.5937202264,4.077463347138,
    -1.284259129204));
#5252 = CARTESIAN_POINT('',(-33.57939173569,4.068782261579,
    -1.272828626813));
#5253 = CARTESIAN_POINT('',(-33.56521336105,4.060192089984,
    -1.261143195938));
#5254 = CARTESIAN_POINT('',(-33.5511890867,4.051695247605,
    -1.249206076769));
#5255 = CARTESIAN_POINT('',(-33.53732283489,4.04329411218,
    -1.237020618127));
#5256 = CARTESIAN_POINT('',(-33.51086151812,4.027261951335,
    -1.21301928093));
#5257 = CARTESIAN_POINT('',(-33.49824484088,4.019617836046,
    -1.201236088211));
#5258 = CARTESIAN_POINT('',(-33.48577154736,4.012060565404,
    -1.189243488025));
#5259 = CARTESIAN_POINT('',(-33.47344469769,4.004591994592,
    -1.177044345558));
#5260 = CARTESIAN_POINT('',(-33.46126729886,3.997213946634,
    -1.164641602455));
#5261 = CARTESIAN_POINT('',(-33.44924230476,3.989928212396,
    -1.152038276821));
#5262 = CARTESIAN_POINT('',(-33.32227210633,3.912998921291,
    -1.015107822978));
#5263 = CARTESIAN_POINT('',(-33.22170045285,3.852061770256,
    -0.872326659002));
#5264 = CARTESIAN_POINT('',(-33.13847449476,3.801632831375,
    -0.713825599452));
#5265 = CARTESIAN_POINT('',(-33.07463810239,3.762951654911,
    -0.543120471938));
#5266 = CARTESIAN_POINT('',(-33.0316285236,3.736890028653,
    -0.364035663023));
#5267 = CARTESIAN_POINT('',(-33.01027551842,3.723951191144,
    -0.180711759498));
#5268 = CARTESIAN_POINT('',(-33.01076927338,3.724250381597,
    0.184907311685));
#5269 = CARTESIAN_POINT('',(-33.03245194925,3.737388982817,
    0.367451051813));
#5270 = CARTESIAN_POINT('',(-33.07561417445,3.763543098258,0.54572558846
    ));
#5271 = CARTESIAN_POINT('',(-33.13942838357,3.802210819238,
    0.715640105853));
#5272 = CARTESIAN_POINT('',(-33.222468501,3.852527136574,0.873416220778)
  );
#5273 = CARTESIAN_POINT('',(-33.3227110258,3.913264855848,1.015581173755
    ));
#5274 = CARTESIAN_POINT('',(-33.44924230476,3.989928212396,
    1.152038276821));
#5275 = CARTESIAN_POINT('',(-33.46126729886,3.997213946634,
    1.164641602455));
#5276 = CARTESIAN_POINT('',(-33.47344469769,4.004591994592,
    1.177044345558));
#5277 = CARTESIAN_POINT('',(-33.48577154736,4.012060565404,
    1.189243488025));
#5278 = CARTESIAN_POINT('',(-33.49824484088,4.019617836047,
    1.201236088211));
#5279 = CARTESIAN_POINT('',(-33.51086151812,4.027261951335,1.21301928093
    ));
#5280 = CARTESIAN_POINT('',(-33.53732283489,4.04329411218,1.237020618127
    ));
#5281 = CARTESIAN_POINT('',(-33.5511890867,4.051695247605,1.249206076769
    ));
#5282 = CARTESIAN_POINT('',(-33.56521336105,4.060192089984,
    1.261143195938));
#5283 = CARTESIAN_POINT('',(-33.57939173569,4.068782261579,
    1.272828626813));
#5284 = CARTESIAN_POINT('',(-33.5937202264,4.077463347138,1.284259129204
    ));
#5285 = CARTESIAN_POINT('',(-33.60819478694,4.086232893888,
    1.295431571545));
#5286 = CARTESIAN_POINT('',(-33.63541408574,4.10272388798,1.315751011888
    ));
#5287 = CARTESIAN_POINT('',(-33.64812240452,4.110423279968,
    1.324964995719));
#5288 = CARTESIAN_POINT('',(-33.66093363271,4.118184991589,1.33398294524
    ));
#5289 = CARTESIAN_POINT('',(-33.67384510814,4.126007409158,
    1.342802986298));
#5290 = CARTESIAN_POINT('',(-33.6868541393,4.133888901213,1.351423307738
    ));
#5291 = CARTESIAN_POINT('',(-33.69995800527,4.141827818521,
    1.359842161402));
#5292 = CARTESIAN_POINT('',(-33.73374416374,4.162296929504,
    1.380877172635));
#5293 = CARTESIAN_POINT('',(-33.754558579,4.17490712507,1.39320187838));
#5294 = CARTESIAN_POINT('',(-33.77558674309,4.187646741684,
    1.405025573829));
#5295 = CARTESIAN_POINT('',(-33.79681805818,4.200509356032,
    1.416342242632));
#5296 = CARTESIAN_POINT('',(-33.81824178708,4.213488460574,
    1.427146257631));
#5297 = CARTESIAN_POINT('',(-33.83984705321,4.226577463542,
    1.437432380857));
#5298 = CARTESIAN_POINT('',(-33.92641731046,4.279023527744,
    1.476246984095));
#5299 = CARTESIAN_POINT('',(-33.99272321247,4.319192289568,
    1.500670528475));
#5300 = CARTESIAN_POINT('',(-34.06024800543,4.360098685841,
    1.520337874438));
#5301 = CARTESIAN_POINT('',(-34.12869323972,4.401561867377,
    1.535152704392));
#5302 = CARTESIAN_POINT('',(-34.19775546338,4.443397974881,
    1.545050810536));
#5303 = CARTESIAN_POINT('',(-34.26712712822,4.485420689458,1.55));
#5304 = CARTESIAN_POINT('',(-34.40526992444,4.569100675196,1.55));
#5305 = CARTESIAN_POINT('',(-34.47404432444,4.610759940655,1.54513576793
    ));
#5306 = CARTESIAN_POINT('',(-34.54251796906,4.652236203529,
    1.535407554636));
#5307 = CARTESIAN_POINT('',(-34.61039116813,4.693347949811,
    1.520846448749));
#5308 = CARTESIAN_POINT('',(-34.67736813415,4.733916050252,
    1.501514469388));
#5309 = CARTESIAN_POINT('',(-34.74315784833,4.77376428315,1.477504658883
    ));
#5310 = CARTESIAN_POINT('',(-34.87510170129,4.853680048406,
    1.418907842035));
#5311 = CARTESIAN_POINT('',(-34.94110414807,4.893655628665,
    1.383838422073));
#5312 = CARTESIAN_POINT('',(-35.0051500718,4.932445463014,1.343878024062
    ));
#5313 = CARTESIAN_POINT('',(-35.06692211735,4.969857425907,
    1.299206565036));
#5314 = CARTESIAN_POINT('',(-35.12611918834,5.005709254872,
    1.250038310719));
#5315 = CARTESIAN_POINT('',(-35.18245786588,5.039829404218,
    1.196621415633));
#5316 = CARTESIAN_POINT('',(-35.35078772397,5.141772839359,
    1.015107593277));
#5317 = CARTESIAN_POINT('',(-35.45137295703,5.202686705331,
    0.872326193667));
#5318 = CARTESIAN_POINT('',(-35.534611456,5.253093861776,0.713824970498)
  );
#5319 = CARTESIAN_POINT('',(-35.59845815021,5.291756944779,
    0.543119820082));
#5320 = CARTESIAN_POINT('',(-35.64147487172,5.317805916626,
    0.364035149843));
#5321 = CARTESIAN_POINT('',(-35.66283142139,5.330738474679,
    0.180711503918));
#5322 = CARTESIAN_POINT('',(-35.66233758376,5.33043942901,
    -0.184907056146));
#5323 = CARTESIAN_POINT('',(-35.64065130821,5.317307203916,
    -0.367450540525));
#5324 = CARTESIAN_POINT('',(-35.59748191945,5.291165777181,
    -0.545724940238));
#5325 = CARTESIAN_POINT('',(-35.53365742234,5.252516122736,
    -0.715639481112));
#5326 = CARTESIAN_POINT('',(-35.45060480418,5.202221516118,
    -0.873415758846));
#5327 = CARTESIAN_POINT('',(-35.35034875265,5.14150699084,
    -1.015580945786));
#5328 = CARTESIAN_POINT('',(-35.22336307454,5.064602296756,
    -1.152512421178));
#5329 = CARTESIAN_POINT('',(-35.21088530088,5.057045518123,
    -1.165574990862));
#5330 = CARTESIAN_POINT('',(-35.19824374327,5.049389521912,
    -1.178421720666));
#5331 = CARTESIAN_POINT('',(-35.18544169991,5.041636304322,
    -1.191049247532));
#5332 = CARTESIAN_POINT('',(-35.17248253032,5.033787898695,
    -1.203454296957));
#5333 = CARTESIAN_POINT('',(-35.15936965531,5.025846375512,
    -1.215633682988));
#5334 = CARTESIAN_POINT('',(-35.1323672598,5.00949290887,-1.239964009205
    ));
#5335 = CARTESIAN_POINT('',(-35.11846675455,5.001074310516,
    -1.252098230705));
#5336 = CARTESIAN_POINT('',(-35.10440891238,4.992560390436,
    -1.263983529685));
#5337 = CARTESIAN_POINT('',(-35.09019766609,4.983953529108,
    -1.275616571962));
#5338 = CARTESIAN_POINT('',(-35.07583701013,4.975256144383,
    -1.286994132213));
#5339 = CARTESIAN_POINT('',(-35.0613310006,4.966470691485,
    -1.298113093969));
#5340 = CARTESIAN_POINT('',(-35.03405448407,4.949950810176,
    -1.318331970192));
#5341 = CARTESIAN_POINT('',(-35.02132021025,4.942238335653,
    -1.327499004561));
#5342 = CARTESIAN_POINT('',(-35.00848357266,4.934463836836,
    -1.336469625396));
#5343 = CARTESIAN_POINT('',(-34.99554723936,4.92662892882,
    -1.345241968467));
#5344 = CARTESIAN_POINT('',(-34.9825139076,4.918735244399,
    -1.353814232649));
#5345 = CARTESIAN_POINT('',(-34.9693863038,4.910784434066,
    -1.362184679916));
#5346 = CARTESIAN_POINT('',(-34.93554082153,4.890285641539,
    -1.383094887263));
#5347 = CARTESIAN_POINT('',(-34.91469163526,4.87765808861,
    -1.395342709191));
#5348 = CARTESIAN_POINT('',(-34.89363010338,4.864901850809,
    -1.407088734528));
#5349 = CARTESIAN_POINT('',(-34.87236684264,4.852023355562,
    -1.418326986314));
#5350 = CARTESIAN_POINT('',(-34.85091260792,4.839029114144,
    -1.429051877238));
#5351 = CARTESIAN_POINT('',(-34.8292782922,4.82592572168,-1.439258209633
    ));
#5352 = CARTESIAN_POINT('',(-34.74315784833,4.77376428315,
    -1.477504658883));
#5353 = CARTESIAN_POINT('',(-34.67736813415,4.733916050252,
    -1.501514469388));
#5354 = CARTESIAN_POINT('',(-34.61039116813,4.693347949811,
    -1.520846448749));
#5355 = CARTESIAN_POINT('',(-34.54251796906,4.652236203529,
    -1.535407554636));
#5356 = CARTESIAN_POINT('',(-34.47404432444,4.610759940655,
    -1.54513576793));
#5357 = CARTESIAN_POINT('',(-34.40526992444,4.569100675196,-1.55));
#5358 = CARTESIAN_POINT('',(-34.33649749591,4.52744178312,-1.55));
#5359 = ORIENTED_EDGE('',*,*,#5360,.F.);
#5360 = EDGE_CURVE('',#3116,#5228,#5361,.T.);
#5361 = B_SPLINE_CURVE_WITH_KNOTS('',1,(#5362,#5363),.UNSPECIFIED.,.F.,
  .F.,(2,2),(-62.75263085038,-53.24736914961),.PIECEWISE_BEZIER_KNOTS.);
#5362 = CARTESIAN_POINT('',(-39.08912834629,-3.70435631936,-1.55));
#5363 = CARTESIAN_POINT('',(-34.33649749591,4.52744178312,-1.55));
#5364 = ORIENTED_EDGE('',*,*,#3115,.T.);
#5365 = ORIENTED_EDGE('',*,*,#3326,.T.);
#5366 = ORIENTED_EDGE('',*,*,#3200,.T.);
#5367 = ORIENTED_EDGE('',*,*,#5360,.T.);
#5368 = CYLINDRICAL_SURFACE('',#5369,1.55);
#5369 = AXIS2_PLACEMENT_3D('',#5370,#5371,#5372);
#5370 = CARTESIAN_POINT('',(-7.712812921102,50.641016151378,0.));
#5371 = DIRECTION('',(0.5,0.866025403784,2.22044604925E-16));
#5372 = DIRECTION('',(1.110223024625E-16,1.922962686384E-16,-1.));
#5373 = ADVANCED_FACE('',(#5374),#5386,.T.);
#5374 = FACE_BOUND('',#5375,.T.);
#5375 = EDGE_LOOP('',(#5376,#5383,#5384,#5385));
#5376 = ORIENTED_EDGE('',*,*,#5377,.F.);
#5377 = EDGE_CURVE('',#5202,#5076,#5378,.T.);
#5378 = CIRCLE('',#5379,4.031243385545);
#5379 = AXIS2_PLACEMENT_3D('',#5380,#5381,#5382);
#5380 = CARTESIAN_POINT('',(-16.2378129211,30.159515351876,
    -7.960995721201E-16));
#5381 = DIRECTION('',(-0.866025403784,0.5,2.691449756667E-16));
#5382 = DIRECTION('',(-2.330863862283E-16,1.345724878334E-16,-1.));
#5383 = ORIENTED_EDGE('',*,*,#5213,.T.);
#5384 = ORIENTED_EDGE('',*,*,#3249,.F.);
#5385 = ORIENTED_EDGE('',*,*,#5086,.F.);
#5386 = PLANE('',#5387);
#5387 = AXIS2_PLACEMENT_3D('',#5388,#5389,#5390);
#5388 = CARTESIAN_POINT('',(-17.9878129211,27.12842643863,-1.65));
#5389 = DIRECTION('',(-0.866025403784,0.5,2.691449756667E-16));
#5390 = DIRECTION('',(1.220640837658E-16,-3.268687564717E-16,1.));
#5391 = ADVANCED_FACE('',(#5392),#5419,.T.);
#5392 = FACE_BOUND('',#5393,.T.);
#5393 = EDGE_LOOP('',(#5394,#5395,#5403,#5412,#5418));
#5394 = ORIENTED_EDGE('',*,*,#3445,.F.);
#5395 = ORIENTED_EDGE('',*,*,#5396,.T.);
#5396 = EDGE_CURVE('',#3438,#5397,#5399,.T.);
#5397 = VERTEX_POINT('',#5398);
#5398 = CARTESIAN_POINT('',(-32.39876267481,2.16792927988,1.65));
#5399 = LINE('',#5400,#5401);
#5400 = CARTESIAN_POINT('',(-17.9878129211,27.12842643863,1.65));
#5401 = VECTOR('',#5402,1.);
#5402 = DIRECTION('',(-0.5,-0.866025403784,-2.22044604925E-16));
#5403 = ORIENTED_EDGE('',*,*,#5404,.F.);
#5404 = EDGE_CURVE('',#5405,#5397,#5407,.T.);
#5405 = VERTEX_POINT('',#5406);
#5406 = CARTESIAN_POINT('',(-34.83531458555,3.663465240182,3.3));
#5407 = CIRCLE('',#5408,4.06745763552);
#5408 = AXIS2_PLACEMENT_3D('',#5409,#5410,#5411);
#5409 = CARTESIAN_POINT('',(-35.54026482638,-0.265428226242,
    2.518301270189));
#5410 = DIRECTION('',(-0.433012701892,0.25,-0.866025403784));
#5411 = DIRECTION('',(0.75,-0.433012701892,-0.5));
#5412 = ORIENTED_EDGE('',*,*,#5413,.F.);
#5413 = EDGE_CURVE('',#3499,#5405,#5414,.T.);
#5414 = LINE('',#5415,#5416);
#5415 = CARTESIAN_POINT('',(-20.4628129211,28.557368354874,3.3));
#5416 = VECTOR('',#5417,1.);
#5417 = DIRECTION('',(-0.5,-0.866025403784,-2.22044604925E-16));
#5418 = ORIENTED_EDGE('',*,*,#3506,.T.);
#5419 = PLANE('',#5420);
#5420 = AXIS2_PLACEMENT_3D('',#5421,#5422,#5423);
#5421 = CARTESIAN_POINT('',(-17.9878129211,27.12842643863,1.65));
#5422 = DIRECTION('',(-0.433012701892,0.25,-0.866025403784));
#5423 = DIRECTION('',(-0.75,0.433012701892,0.5));
#5424 = ADVANCED_FACE('',(#5425),#5444,.T.);
#5425 = FACE_BOUND('',#5426,.T.);
#5426 = EDGE_LOOP('',(#5427,#5428,#5429,#5437));
#5427 = ORIENTED_EDGE('',*,*,#5396,.F.);
#5428 = ORIENTED_EDGE('',*,*,#3437,.T.);
#5429 = ORIENTED_EDGE('',*,*,#5430,.T.);
#5430 = EDGE_CURVE('',#3429,#5431,#5433,.T.);
#5431 = VERTEX_POINT('',#5432);
#5432 = CARTESIAN_POINT('',(-32.39876267481,2.16792927988,-1.65));
#5433 = LINE('',#5434,#5435);
#5434 = CARTESIAN_POINT('',(-17.9878129211,27.12842643863,-1.65));
#5435 = VECTOR('',#5436,1.);
#5436 = DIRECTION('',(-0.5,-0.866025403784,-2.22044604925E-16));
#5437 = ORIENTED_EDGE('',*,*,#5438,.F.);
#5438 = EDGE_CURVE('',#5397,#5431,#5439,.T.);
#5439 = CIRCLE('',#5440,4.031243385545);
#5440 = AXIS2_PLACEMENT_3D('',#5441,#5442,#5443);
#5441 = CARTESIAN_POINT('',(-34.2378129211,-1.017399184364,
    -7.960995721201E-16));
#5442 = DIRECTION('',(-0.866025403784,0.5,2.691449756667E-16));
#5443 = DIRECTION('',(-2.330863862283E-16,1.345724878334E-16,-1.));
#5444 = PLANE('',#5445);
#5445 = AXIS2_PLACEMENT_3D('',#5446,#5447,#5448);
#5446 = CARTESIAN_POINT('',(-17.9878129211,27.12842643863,-1.65));
#5447 = DIRECTION('',(-0.866025403784,0.5,2.691449756667E-16));
#5448 = DIRECTION('',(1.220640837658E-16,-3.268687564717E-16,1.));
#5449 = ADVANCED_FACE('',(#5450),#5470,.T.);
#5450 = FACE_BOUND('',#5451,.T.);
#5451 = EDGE_LOOP('',(#5452,#5453,#5454,#5462,#5469));
#5452 = ORIENTED_EDGE('',*,*,#3428,.F.);
#5453 = ORIENTED_EDGE('',*,*,#3474,.T.);
#5454 = ORIENTED_EDGE('',*,*,#5455,.T.);
#5455 = EDGE_CURVE('',#3475,#5456,#5458,.T.);
#5456 = VERTEX_POINT('',#5457);
#5457 = CARTESIAN_POINT('',(-34.83531458555,3.663465240182,-3.3));
#5458 = LINE('',#5459,#5460);
#5459 = CARTESIAN_POINT('',(-20.4628129211,28.557368354874,-3.3));
#5460 = VECTOR('',#5461,1.);
#5461 = DIRECTION('',(-0.5,-0.866025403784,-2.22044604925E-16));
#5462 = ORIENTED_EDGE('',*,*,#5463,.F.);
#5463 = EDGE_CURVE('',#5431,#5456,#5464,.T.);
#5464 = CIRCLE('',#5465,4.06745763552);
#5465 = AXIS2_PLACEMENT_3D('',#5466,#5467,#5468);
#5466 = CARTESIAN_POINT('',(-35.54026482638,-0.265428226242,
    -2.518301270189));
#5467 = DIRECTION('',(-0.433012701892,0.25,0.866025403784));
#5468 = DIRECTION('',(-0.75,0.433012701892,-0.5));
#5469 = ORIENTED_EDGE('',*,*,#5430,.F.);
#5470 = PLANE('',#5471);
#5471 = AXIS2_PLACEMENT_3D('',#5472,#5473,#5474);
#5472 = CARTESIAN_POINT('',(-20.4628129211,28.557368354874,-3.3));
#5473 = DIRECTION('',(-0.433012701892,0.25,0.866025403784));
#5474 = DIRECTION('',(0.75,-0.433012701892,0.5));
#5475 = ADVANCED_FACE('',(#5476),#5495,.T.);
#5476 = FACE_BOUND('',#5477,.T.);
#5477 = EDGE_LOOP('',(#5478,#5486,#5487,#5488));
#5478 = ORIENTED_EDGE('',*,*,#5479,.F.);
#5479 = EDGE_CURVE('',#3491,#5480,#5482,.T.);
#5480 = VERTEX_POINT('',#5481);
#5481 = CARTESIAN_POINT('',(-37.27263820541,5.157664561074,1.65));
#5482 = LINE('',#5483,#5484);
#5483 = CARTESIAN_POINT('',(-22.9378129211,29.986310271119,1.65));
#5484 = VECTOR('',#5485,1.);
#5485 = DIRECTION('',(-0.5,-0.866025403784,-2.22044604925E-16));
#5486 = ORIENTED_EDGE('',*,*,#3498,.T.);
#5487 = ORIENTED_EDGE('',*,*,#5413,.T.);
#5488 = ORIENTED_EDGE('',*,*,#5489,.F.);
#5489 = EDGE_CURVE('',#5480,#5405,#5490,.T.);
#5490 = CIRCLE('',#5491,4.137123201362);
#5491 = AXIS2_PLACEMENT_3D('',#5492,#5493,#5494);
#5492 = CARTESIAN_POINT('',(-38.01526482638,1.163513690002,
    2.431698729811));
#5493 = DIRECTION('',(0.433012701892,-0.25,-0.866025403784));
#5494 = DIRECTION('',(0.75,-0.433012701892,0.5));
#5495 = PLANE('',#5496);
#5496 = AXIS2_PLACEMENT_3D('',#5497,#5498,#5499);
#5497 = CARTESIAN_POINT('',(-20.4628129211,28.557368354874,3.3));
#5498 = DIRECTION('',(0.433012701892,-0.25,-0.866025403784));
#5499 = DIRECTION('',(-0.75,0.433012701892,-0.5));
#5500 = ADVANCED_FACE('',(#5501),#5520,.T.);
#5501 = FACE_BOUND('',#5502,.T.);
#5502 = EDGE_LOOP('',(#5503,#5511,#5512,#5513));
#5503 = ORIENTED_EDGE('',*,*,#5504,.F.);
#5504 = EDGE_CURVE('',#3483,#5505,#5507,.T.);
#5505 = VERTEX_POINT('',#5506);
#5506 = CARTESIAN_POINT('',(-37.27263820541,5.157664561074,-1.65));
#5507 = LINE('',#5508,#5509);
#5508 = CARTESIAN_POINT('',(-22.9378129211,29.986310271119,-1.65));
#5509 = VECTOR('',#5510,1.);
#5510 = DIRECTION('',(-0.5,-0.866025403784,-2.22044604925E-16));
#5511 = ORIENTED_EDGE('',*,*,#3490,.T.);
#5512 = ORIENTED_EDGE('',*,*,#5479,.T.);
#5513 = ORIENTED_EDGE('',*,*,#5514,.F.);
#5514 = EDGE_CURVE('',#5505,#5480,#5515,.T.);
#5515 = CIRCLE('',#5516,4.170620669217);
#5516 = AXIS2_PLACEMENT_3D('',#5517,#5518,#5519);
#5517 = CARTESIAN_POINT('',(-39.1878129211,1.840484648124,
    1.11340586548E-15));
#5518 = DIRECTION('',(0.866025403784,-0.5,-4.037174635001E-16));
#5519 = DIRECTION('',(3.496295793425E-16,-2.0185873175E-16,1.));
#5520 = PLANE('',#5521);
#5521 = AXIS2_PLACEMENT_3D('',#5522,#5523,#5524);
#5522 = CARTESIAN_POINT('',(-22.9378129211,29.986310271119,1.65));
#5523 = DIRECTION('',(0.866025403784,-0.5,-4.037174635001E-16));
#5524 = DIRECTION('',(-2.3860727688E-16,3.941550003884E-16,-1.));
#5525 = ADVANCED_FACE('',(#5526),#5538,.T.);
#5526 = FACE_BOUND('',#5527,.T.);
#5527 = EDGE_LOOP('',(#5528,#5529,#5530,#5531));
#5528 = ORIENTED_EDGE('',*,*,#5455,.F.);
#5529 = ORIENTED_EDGE('',*,*,#3482,.T.);
#5530 = ORIENTED_EDGE('',*,*,#5504,.T.);
#5531 = ORIENTED_EDGE('',*,*,#5532,.F.);
#5532 = EDGE_CURVE('',#5456,#5505,#5533,.T.);
#5533 = CIRCLE('',#5534,4.137123201362);
#5534 = AXIS2_PLACEMENT_3D('',#5535,#5536,#5537);
#5535 = CARTESIAN_POINT('',(-38.01526482638,1.163513690002,
    -2.431698729811));
#5536 = DIRECTION('',(0.433012701892,-0.25,0.866025403784));
#5537 = DIRECTION('',(-0.75,0.433012701892,0.5));
#5538 = PLANE('',#5539);
#5539 = AXIS2_PLACEMENT_3D('',#5540,#5541,#5542);
#5540 = CARTESIAN_POINT('',(-22.9378129211,29.986310271119,-1.65));
#5541 = DIRECTION('',(0.433012701892,-0.25,0.866025403784));
#5542 = DIRECTION('',(0.75,-0.433012701892,-0.5));
#5543 = ADVANCED_FACE('',(#5544),#5567,.T.);
#5544 = FACE_BOUND('',#5545,.T.);
#5545 = EDGE_LOOP('',(#5546,#5547,#5554,#5555,#5556,#5563,#5564,#5565,
    #5566));
#5546 = ORIENTED_EDGE('',*,*,#3836,.T.);
#5547 = ORIENTED_EDGE('',*,*,#5548,.F.);
#5548 = EDGE_CURVE('',#3648,#3837,#5549,.T.);
#5549 = CIRCLE('',#5550,5.);
#5550 = AXIS2_PLACEMENT_3D('',#5551,#5552,#5553);
#5551 = CARTESIAN_POINT('',(36.79941546148,0.46154273188,0.));
#5552 = DIRECTION('',(0.866025403784,0.5,-0.));
#5553 = DIRECTION('',(-0.5,0.866025403784,0.));
#5554 = ORIENTED_EDGE('',*,*,#3647,.F.);
#5555 = ORIENTED_EDGE('',*,*,#3783,.F.);
#5556 = ORIENTED_EDGE('',*,*,#5557,.F.);
#5557 = EDGE_CURVE('',#3896,#3733,#5558,.T.);
#5558 = CIRCLE('',#5559,5.);
#5559 = AXIS2_PLACEMENT_3D('',#5560,#5561,#5562);
#5560 = CARTESIAN_POINT('',(36.79941546148,0.46154273188,0.));
#5561 = DIRECTION('',(0.866025403784,0.5,-0.));
#5562 = DIRECTION('',(-0.5,0.866025403784,0.));
#5563 = ORIENTED_EDGE('',*,*,#3914,.T.);
#5564 = ORIENTED_EDGE('',*,*,#3929,.T.);
#5565 = ORIENTED_EDGE('',*,*,#4105,.T.);
#5566 = ORIENTED_EDGE('',*,*,#3803,.T.);
#5567 = SPHERICAL_SURFACE('',#5568,5.);
#5568 = AXIS2_PLACEMENT_3D('',#5569,#5570,#5571);
#5569 = CARTESIAN_POINT('',(36.79941546148,0.46154273188,0.));
#5570 = DIRECTION('',(0.,0.,1.));
#5571 = DIRECTION('',(-0.5,0.866025403784,0.));
#5572 = ADVANCED_FACE('',(#5573),#5581,.T.);
#5573 = FACE_BOUND('',#5574,.T.);
#5574 = EDGE_LOOP('',(#5575,#5576,#5577,#5578,#5579,#5580));
#5575 = ORIENTED_EDGE('',*,*,#5548,.T.);
#5576 = ORIENTED_EDGE('',*,*,#3855,.T.);
#5577 = ORIENTED_EDGE('',*,*,#3870,.T.);
#5578 = ORIENTED_EDGE('',*,*,#3895,.T.);
#5579 = ORIENTED_EDGE('',*,*,#5557,.T.);
#5580 = ORIENTED_EDGE('',*,*,#3732,.F.);
#5581 = SPHERICAL_SURFACE('',#5582,5.);
#5582 = AXIS2_PLACEMENT_3D('',#5583,#5584,#5585);
#5583 = CARTESIAN_POINT('',(36.79941546148,0.46154273188,0.));
#5584 = DIRECTION('',(0.,0.,1.));
#5585 = DIRECTION('',(-0.5,0.866025403784,0.));
#5586 = ADVANCED_FACE('',(#5587,#5595),#5598,.T.);
#5587 = FACE_BOUND('',#5588,.T.);
#5588 = EDGE_LOOP('',(#5589,#5590,#5591,#5592,#5593,#5594));
#5589 = ORIENTED_EDGE('',*,*,#4250,.T.);
#5590 = ORIENTED_EDGE('',*,*,#4216,.T.);
#5591 = ORIENTED_EDGE('',*,*,#4412,.T.);
#5592 = ORIENTED_EDGE('',*,*,#4318,.T.);
#5593 = ORIENTED_EDGE('',*,*,#4300,.T.);
#5594 = ORIENTED_EDGE('',*,*,#4275,.T.);
#5595 = FACE_BOUND('',#5596,.T.);
#5596 = EDGE_LOOP('',(#5597));
#5597 = ORIENTED_EDGE('',*,*,#3955,.T.);
#5598 = SPHERICAL_SURFACE('',#5599,5.);
#5599 = AXIS2_PLACEMENT_3D('',#5600,#5601,#5602);
#5600 = CARTESIAN_POINT('',(18.,-32.1,0.));
#5601 = DIRECTION('',(0.,0.,1.));
#5602 = DIRECTION('',(1.,0.,0.));
#5603 = ADVANCED_FACE('',(#5604,#5612),#5615,.T.);
#5604 = FACE_BOUND('',#5605,.T.);
#5605 = EDGE_LOOP('',(#5606,#5607,#5608,#5609,#5610,#5611));
#5606 = ORIENTED_EDGE('',*,*,#4351,.T.);
#5607 = ORIENTED_EDGE('',*,*,#4132,.T.);
#5608 = ORIENTED_EDGE('',*,*,#4166,.T.);
#5609 = ORIENTED_EDGE('',*,*,#4191,.T.);
#5610 = ORIENTED_EDGE('',*,*,#4394,.T.);
#5611 = ORIENTED_EDGE('',*,*,#4376,.T.);
#5612 = FACE_BOUND('',#5613,.T.);
#5613 = EDGE_LOOP('',(#5614));
#5614 = ORIENTED_EDGE('',*,*,#4427,.T.);
#5615 = SPHERICAL_SURFACE('',#5616,5.);
#5616 = AXIS2_PLACEMENT_3D('',#5617,#5618,#5619);
#5617 = CARTESIAN_POINT('',(18.79941546148,31.63845726812,0.));
#5618 = DIRECTION('',(0.,0.,1.));
#5619 = DIRECTION('',(-0.5,0.866025403784,0.));
#5620 = ADVANCED_FACE('',(#5621),#5644,.T.);
#5621 = FACE_BOUND('',#5622,.T.);
#5622 = EDGE_LOOP('',(#5623,#5624,#5631,#5632,#5633,#5640,#5641,#5642,
    #5643));
#5623 = ORIENTED_EDGE('',*,*,#4661,.T.);
#5624 = ORIENTED_EDGE('',*,*,#5625,.F.);
#5625 = EDGE_CURVE('',#4756,#4662,#5626,.T.);
#5626 = CIRCLE('',#5627,5.);
#5627 = AXIS2_PLACEMENT_3D('',#5628,#5629,#5630);
#5628 = CARTESIAN_POINT('',(-18.,-32.1,0.));
#5629 = DIRECTION('',(-2.449293598295E-16,-1.,0.));
#5630 = DIRECTION('',(1.,-2.449293598295E-16,0.));
#5631 = ORIENTED_EDGE('',*,*,#4755,.F.);
#5632 = ORIENTED_EDGE('',*,*,#4891,.F.);
#5633 = ORIENTED_EDGE('',*,*,#5634,.F.);
#5634 = EDGE_CURVE('',#4721,#4841,#5635,.T.);
#5635 = CIRCLE('',#5636,5.);
#5636 = AXIS2_PLACEMENT_3D('',#5637,#5638,#5639);
#5637 = CARTESIAN_POINT('',(-18.,-32.1,0.));
#5638 = DIRECTION('',(-2.449293598295E-16,-1.,0.));
#5639 = DIRECTION('',(1.,-2.449293598295E-16,0.));
#5640 = ORIENTED_EDGE('',*,*,#4732,.T.);
#5641 = ORIENTED_EDGE('',*,*,#4577,.T.);
#5642 = ORIENTED_EDGE('',*,*,#4610,.T.);
#5643 = ORIENTED_EDGE('',*,*,#4635,.T.);
#5644 = SPHERICAL_SURFACE('',#5645,5.);
#5645 = AXIS2_PLACEMENT_3D('',#5646,#5647,#5648);
#5646 = CARTESIAN_POINT('',(-18.,-32.1,0.));
#5647 = DIRECTION('',(0.,0.,1.));
#5648 = DIRECTION('',(1.,0.,0.));
#5649 = ADVANCED_FACE('',(#5650),#5658,.T.);
#5650 = FACE_BOUND('',#5651,.T.);
#5651 = EDGE_LOOP('',(#5652,#5653,#5654,#5655,#5656,#5657));
#5652 = ORIENTED_EDGE('',*,*,#5625,.T.);
#5653 = ORIENTED_EDGE('',*,*,#4680,.T.);
#5654 = ORIENTED_EDGE('',*,*,#4695,.T.);
#5655 = ORIENTED_EDGE('',*,*,#4720,.T.);
#5656 = ORIENTED_EDGE('',*,*,#5634,.T.);
#5657 = ORIENTED_EDGE('',*,*,#4840,.F.);
#5658 = SPHERICAL_SURFACE('',#5659,5.);
#5659 = AXIS2_PLACEMENT_3D('',#5660,#5661,#5662);
#5660 = CARTESIAN_POINT('',(-18.,-32.1,0.));
#5661 = DIRECTION('',(0.,0.,1.));
#5662 = DIRECTION('',(1.,0.,0.));
#5663 = ADVANCED_FACE('',(#5664),#5687,.T.);
#5664 = FACE_BOUND('',#5665,.T.);
#5665 = EDGE_LOOP('',(#5666,#5667,#5674,#5675,#5676,#5683,#5684,#5685,
    #5686));
#5666 = ORIENTED_EDGE('',*,*,#5108,.T.);
#5667 = ORIENTED_EDGE('',*,*,#5668,.F.);
#5668 = EDGE_CURVE('',#4920,#5109,#5669,.T.);
#5669 = CIRCLE('',#5670,5.);
#5670 = AXIS2_PLACEMENT_3D('',#5671,#5672,#5673);
#5671 = CARTESIAN_POINT('',(-18.79941546148,31.63845726812,0.));
#5672 = DIRECTION('',(-0.866025403784,0.5,0.));
#5673 = DIRECTION('',(-0.5,-0.866025403784,0.));
#5674 = ORIENTED_EDGE('',*,*,#4919,.F.);
#5675 = ORIENTED_EDGE('',*,*,#5055,.F.);
#5676 = ORIENTED_EDGE('',*,*,#5677,.F.);
#5677 = EDGE_CURVE('',#5168,#5005,#5678,.T.);
#5678 = CIRCLE('',#5679,5.);
#5679 = AXIS2_PLACEMENT_3D('',#5680,#5681,#5682);
#5680 = CARTESIAN_POINT('',(-18.79941546148,31.63845726812,0.));
#5681 = DIRECTION('',(-0.866025403784,0.5,0.));
#5682 = DIRECTION('',(-0.5,-0.866025403784,0.));
#5683 = ORIENTED_EDGE('',*,*,#5186,.T.);
#5684 = ORIENTED_EDGE('',*,*,#5201,.T.);
#5685 = ORIENTED_EDGE('',*,*,#5377,.T.);
#5686 = ORIENTED_EDGE('',*,*,#5075,.T.);
#5687 = SPHERICAL_SURFACE('',#5688,5.);
#5688 = AXIS2_PLACEMENT_3D('',#5689,#5690,#5691);
#5689 = CARTESIAN_POINT('',(-18.79941546148,31.63845726812,0.));
#5690 = DIRECTION('',(0.,0.,1.));
#5691 = DIRECTION('',(-0.5,-0.866025403784,0.));
#5692 = ADVANCED_FACE('',(#5693),#5701,.T.);
#5693 = FACE_BOUND('',#5694,.T.);
#5694 = EDGE_LOOP('',(#5695,#5696,#5697,#5698,#5699,#5700));
#5695 = ORIENTED_EDGE('',*,*,#5668,.T.);
#5696 = ORIENTED_EDGE('',*,*,#5127,.T.);
#5697 = ORIENTED_EDGE('',*,*,#5142,.T.);
#5698 = ORIENTED_EDGE('',*,*,#5167,.T.);
#5699 = ORIENTED_EDGE('',*,*,#5677,.T.);
#5700 = ORIENTED_EDGE('',*,*,#5004,.F.);
#5701 = SPHERICAL_SURFACE('',#5702,5.);
#5702 = AXIS2_PLACEMENT_3D('',#5703,#5704,#5705);
#5703 = CARTESIAN_POINT('',(-18.79941546148,31.63845726812,0.));
#5704 = DIRECTION('',(0.,0.,1.));
#5705 = DIRECTION('',(-0.5,-0.866025403784,0.));
#5706 = ADVANCED_FACE('',(#5707,#5715),#5718,.T.);
#5707 = FACE_BOUND('',#5708,.T.);
#5708 = EDGE_LOOP('',(#5709,#5710,#5711,#5712,#5713,#5714));
#5709 = ORIENTED_EDGE('',*,*,#5489,.T.);
#5710 = ORIENTED_EDGE('',*,*,#5404,.T.);
#5711 = ORIENTED_EDGE('',*,*,#5438,.T.);
#5712 = ORIENTED_EDGE('',*,*,#5463,.T.);
#5713 = ORIENTED_EDGE('',*,*,#5532,.T.);
#5714 = ORIENTED_EDGE('',*,*,#5514,.T.);
#5715 = FACE_BOUND('',#5716,.T.);
#5716 = EDGE_LOOP('',(#5717));
#5717 = ORIENTED_EDGE('',*,*,#5227,.T.);
#5718 = SPHERICAL_SURFACE('',#5719,5.);
#5719 = AXIS2_PLACEMENT_3D('',#5720,#5721,#5722);
#5720 = CARTESIAN_POINT('',(-36.79941546148,0.46154273188,0.));
#5721 = DIRECTION('',(0.,0.,1.));
#5722 = DIRECTION('',(-0.5,-0.866025403784,0.));
#5723 = ( GEOMETRIC_REPRESENTATION_CONTEXT(3) 
GLOBAL_UNCERTAINTY_ASSIGNED_CONTEXT((#5727)) 
GLOBAL_UNIT_ASSIGNED_CONTEXT((#5724,#5725,#5726)) REPRESENTATION_CONTEXT
('Context #1','3D Context with UNIT and UNCERTAINTY') );
#5724 = ( LENGTH_UNIT() NAMED_UNIT(*) SI_UNIT(.MILLI.,.METRE.) );
#5725 = ( NAMED_UNIT(*) PLANE_ANGLE_UNIT() SI_UNIT($,.RADIAN.) );
#5726 = ( NAMED_UNIT(*) SI_UNIT($,.STERADIAN.) SOLID_ANGLE_UNIT() );
#5727 = UNCERTAINTY_MEASURE_WITH_UNIT(LENGTH_MEASURE(5.E-05),#5724,
  'distance_accuracy_value','confusion accuracy');
#5728 = CONTEXT_DEPENDENT_SHAPE_REPRESENTATION(#5729,#5731);
#5729 = ( REPRESENTATION_RELATIONSHIP('','',#151,#10) 
REPRESENTATION_RELATIONSHIP_WITH_TRANSFORMATION(#5730) 
SHAPE_REPRESENTATION_RELATIONSHIP() );
#5730 = ITEM_DEFINED_TRANSFORMATION('','',#11,#19);
#5731 = PRODUCT_DEFINITION_SHAPE('Placement','Placement of an item',
  #5732);
#5732 = NEXT_ASSEMBLY_USAGE_OCCURRENCE('51','difference007','',#5,#146,$
  );
#5733 = PRODUCT_RELATED_PRODUCT_CATEGORY('part',$,(#148));
#5734 = SHAPE_DEFINITION_REPRESENTATION(#5735,#5741);
#5735 = PRODUCT_DEFINITION_SHAPE('','',#5736);
#5736 = PRODUCT_DEFINITION('design','',#5737,#5740);
#5737 = PRODUCT_DEFINITION_FORMATION('','',#5738);
#5738 = PRODUCT('difference023','difference023','',(#5739));
#5739 = PRODUCT_CONTEXT('',#2,'mechanical');
#5740 = PRODUCT_DEFINITION_CONTEXT('part definition',#2,'design');
#5741 = ADVANCED_BREP_SHAPE_REPRESENTATION('',(#11,#5742),#12189);
#5742 = MANIFOLD_SOLID_BREP('',#5743);
#5743 = CLOSED_SHELL('',(#5744,#5786,#6333,#6381,#6853,#6871,#6893,#6912
    ,#6930,#7126,#7143,#7161,#7179,#7244,#7369,#7411,#7522,#7539,#7557,
    #7608,#7673,#7730,#7772,#7833,#7850,#7928,#7979,#8088,#8145,#8206,
    #8359,#8376,#8400,#8417,#8456,#8497,#8514,#8538,#8556,#8595,#8791,
    #8808,#8826,#8844,#8909,#9034,#9076,#9187,#9204,#9222,#9273,#9324,
    #9341,#9358,#9389,#9420,#9437,#9454,#9485,#9516,#9533,#9550,#9567,
    #9613,#9630,#9794,#9827,#9861,#9886,#9920,#9946,#10096,#10114,#10147
    ,#10172,#10198,#10231,#10256,#10281,#10306,#10332,#10357,#10382,
    #10400,#10418,#10568,#10601,#10626,#10652,#10686,#10711,#10738,
    #10902,#10953,#10965,#11129,#11162,#11196,#11221,#11255,#11281,
    #11431,#11449,#11482,#11507,#11533,#11558,#11583,#11601,#11632,
    #11663,#11692,#11706,#11723,#11740,#11769,#11783,#11814,#11845,
    #11874,#11888,#11905,#11936,#11967,#11998,#12029,#12057,#12085,
    #12113,#12141,#12153,#12165,#12177));
#5744 = ADVANCED_FACE('',(#5745),#5781,.T.);
#5745 = FACE_BOUND('',#5746,.F.);
#5746 = EDGE_LOOP('',(#5747,#5758,#5766,#5775));
#5747 = ORIENTED_EDGE('',*,*,#5748,.F.);
#5748 = EDGE_CURVE('',#5749,#5751,#5753,.T.);
#5749 = VERTEX_POINT('',#5750);
#5750 = CARTESIAN_POINT('',(11.202689309723,27.829835648632,0.));
#5751 = VERTEX_POINT('',#5752);
#5752 = CARTESIAN_POINT('',(9.,28.618176042508,0.));
#5753 = CIRCLE('',#5754,30.);
#5754 = AXIS2_PLACEMENT_3D('',#5755,#5756,#5757);
#5755 = CARTESIAN_POINT('',(0.,0.,0.));
#5756 = DIRECTION('',(0.,0.,1.));
#5757 = DIRECTION('',(1.,0.,0.));
#5758 = ORIENTED_EDGE('',*,*,#5759,.F.);
#5759 = EDGE_CURVE('',#5760,#5749,#5762,.T.);
#5760 = VERTEX_POINT('',#5761);
#5761 = CARTESIAN_POINT('',(11.202689309723,27.829835648632,8.));
#5762 = LINE('',#5763,#5764);
#5763 = CARTESIAN_POINT('',(11.202689309722,27.829835648632,0.));
#5764 = VECTOR('',#5765,1.);
#5765 = DIRECTION('',(-0.,-0.,-1.));
#5766 = ORIENTED_EDGE('',*,*,#5767,.T.);
#5767 = EDGE_CURVE('',#5760,#5768,#5770,.T.);
#5768 = VERTEX_POINT('',#5769);
#5769 = CARTESIAN_POINT('',(9.,28.618176042508,8.));
#5770 = CIRCLE('',#5771,30.);
#5771 = AXIS2_PLACEMENT_3D('',#5772,#5773,#5774);
#5772 = CARTESIAN_POINT('',(0.,0.,8.));
#5773 = DIRECTION('',(0.,0.,1.));
#5774 = DIRECTION('',(1.,0.,0.));
#5775 = ORIENTED_EDGE('',*,*,#5776,.T.);
#5776 = EDGE_CURVE('',#5768,#5751,#5777,.T.);
#5777 = LINE('',#5778,#5779);
#5778 = CARTESIAN_POINT('',(9.,28.618176042508,0.));
#5779 = VECTOR('',#5780,1.);
#5780 = DIRECTION('',(-0.,-0.,-1.));
#5781 = CYLINDRICAL_SURFACE('',#5782,30.);
#5782 = AXIS2_PLACEMENT_3D('',#5783,#5784,#5785);
#5783 = CARTESIAN_POINT('',(0.,0.,0.));
#5784 = DIRECTION('',(-0.,-0.,-1.));
#5785 = DIRECTION('',(1.,0.,0.));
#5786 = ADVANCED_FACE('',(#5787,#6205,#6216,#6227,#6261,#6272,#6283,
    #6317),#6328,.T.);
#5787 = FACE_BOUND('',#5788,.T.);
#5788 = EDGE_LOOP('',(#5789,#5800,#5809,#5818,#5827,#5835,#5844,#5853,
    #5861,#5869,#5878,#5887,#5896,#5904,#5912,#5921,#5929,#5938,#5946,
    #5954,#5962,#5971,#5979,#5988,#5997,#6005,#6013,#6022,#6031,#6040,
    #6048,#6056,#6065,#6073,#6082,#6090,#6098,#6104,#6105,#6113,#6122,
    #6131,#6139,#6147,#6156,#6165,#6174,#6182,#6190,#6199));
#5789 = ORIENTED_EDGE('',*,*,#5790,.F.);
#5790 = EDGE_CURVE('',#5791,#5793,#5795,.T.);
#5791 = VERTEX_POINT('',#5792);
#5792 = CARTESIAN_POINT('',(28.047398791937,-10.64628672383,0.));
#5793 = VERTEX_POINT('',#5794);
#5794 = CARTESIAN_POINT('',(29.702689309722,-4.213104291392,0.));
#5795 = CIRCLE('',#5796,30.);
#5796 = AXIS2_PLACEMENT_3D('',#5797,#5798,#5799);
#5797 = CARTESIAN_POINT('',(0.,0.,0.));
#5798 = DIRECTION('',(0.,0.,1.));
#5799 = DIRECTION('',(1.,0.,0.));
#5800 = ORIENTED_EDGE('',*,*,#5801,.F.);
#5801 = EDGE_CURVE('',#5802,#5791,#5804,.T.);
#5802 = VERTEX_POINT('',#5803);
#5803 = CARTESIAN_POINT('',(24.346787517318,-19.83012701892,0.));
#5804 = CIRCLE('',#5805,5.);
#5805 = AXIS2_PLACEMENT_3D('',#5806,#5807,#5808);
#5806 = CARTESIAN_POINT('',(26.846787517318,-15.5,0.));
#5807 = DIRECTION('',(0.,0.,1.));
#5808 = DIRECTION('',(-0.5,-0.866025403784,0.));
#5809 = ORIENTED_EDGE('',*,*,#5810,.F.);
#5810 = EDGE_CURVE('',#5811,#5802,#5813,.T.);
#5811 = VERTEX_POINT('',#5812);
#5812 = CARTESIAN_POINT('',(23.24365415478,-18.96661650197,0.));
#5813 = CIRCLE('',#5814,5.);
#5814 = AXIS2_PLACEMENT_3D('',#5815,#5816,#5817);
#5815 = CARTESIAN_POINT('',(26.846787517318,-15.5,0.));
#5816 = DIRECTION('',(0.,0.,1.));
#5817 = DIRECTION('',(-0.5,-0.866025403784,0.));
#5818 = ORIENTED_EDGE('',*,*,#5819,.F.);
#5819 = EDGE_CURVE('',#5820,#5811,#5822,.T.);
#5820 = VERTEX_POINT('',#5821);
#5821 = CARTESIAN_POINT('',(18.5,-23.61673135723,0.));
#5822 = CIRCLE('',#5823,30.);
#5823 = AXIS2_PLACEMENT_3D('',#5824,#5825,#5826);
#5824 = CARTESIAN_POINT('',(0.,0.,0.));
#5825 = DIRECTION('',(0.,0.,1.));
#5826 = DIRECTION('',(1.,0.,0.));
#5827 = ORIENTED_EDGE('',*,*,#5828,.T.);
#5828 = EDGE_CURVE('',#5820,#5829,#5831,.T.);
#5829 = VERTEX_POINT('',#5830);
#5830 = CARTESIAN_POINT('',(18.5,-29.14196010845,0.));
#5831 = LINE('',#5832,#5833);
#5832 = CARTESIAN_POINT('',(18.5,-43.44642857142,-8.881784197001E-16));
#5833 = VECTOR('',#5834,1.);
#5834 = DIRECTION('',(0.,-1.,0.));
#5835 = ORIENTED_EDGE('',*,*,#5836,.F.);
#5836 = EDGE_CURVE('',#5837,#5829,#5839,.T.);
#5837 = VERTEX_POINT('',#5838);
#5838 = CARTESIAN_POINT('',(21.,-32.1,-8.881784197001E-16));
#5839 = CIRCLE('',#5840,3.);
#5840 = AXIS2_PLACEMENT_3D('',#5841,#5842,#5843);
#5841 = CARTESIAN_POINT('',(18.,-32.1,0.));
#5842 = DIRECTION('',(0.,0.,1.));
#5843 = DIRECTION('',(1.,0.,0.));
#5844 = ORIENTED_EDGE('',*,*,#5845,.F.);
#5845 = EDGE_CURVE('',#5846,#5837,#5848,.T.);
#5846 = VERTEX_POINT('',#5847);
#5847 = CARTESIAN_POINT('',(17.231885425213,-35.,-4.440892098501E-15));
#5848 = CIRCLE('',#5849,3.);
#5849 = AXIS2_PLACEMENT_3D('',#5850,#5851,#5852);
#5850 = CARTESIAN_POINT('',(18.,-32.1,0.));
#5851 = DIRECTION('',(0.,0.,1.));
#5852 = DIRECTION('',(1.,0.,0.));
#5853 = ORIENTED_EDGE('',*,*,#5854,.T.);
#5854 = EDGE_CURVE('',#5846,#5855,#5857,.T.);
#5855 = VERTEX_POINT('',#5856);
#5856 = CARTESIAN_POINT('',(12.,-35.,-7.993605777301E-15));
#5857 = LINE('',#5858,#5859);
#5858 = CARTESIAN_POINT('',(-23.,-35.,0.));
#5859 = VECTOR('',#5860,1.);
#5860 = DIRECTION('',(-1.,0.,2.22044604925E-16));
#5861 = ORIENTED_EDGE('',*,*,#5862,.F.);
#5862 = EDGE_CURVE('',#5863,#5855,#5865,.T.);
#5863 = VERTEX_POINT('',#5864);
#5864 = CARTESIAN_POINT('',(12.,-30.,0.));
#5865 = LINE('',#5866,#5867);
#5866 = CARTESIAN_POINT('',(12.,-37.69642857142,-8.881784197001E-16));
#5867 = VECTOR('',#5868,1.);
#5868 = DIRECTION('',(0.,-1.,0.));
#5869 = ORIENTED_EDGE('',*,*,#5870,.F.);
#5870 = EDGE_CURVE('',#5871,#5863,#5873,.T.);
#5871 = VERTEX_POINT('',#5872);
#5872 = CARTESIAN_POINT('',(11.757550765359,-27.6,0.));
#5873 = CIRCLE('',#5874,12.);
#5874 = AXIS2_PLACEMENT_3D('',#5875,#5876,#5877);
#5875 = CARTESIAN_POINT('',(0.,-30.,0.));
#5876 = DIRECTION('',(0.,0.,-1.));
#5877 = DIRECTION('',(1.,0.,0.));
#5878 = ORIENTED_EDGE('',*,*,#5879,.F.);
#5879 = EDGE_CURVE('',#5880,#5871,#5882,.T.);
#5880 = VERTEX_POINT('',#5881);
#5881 = CARTESIAN_POINT('',(-11.75755076535,-27.6,0.));
#5882 = CIRCLE('',#5883,30.);
#5883 = AXIS2_PLACEMENT_3D('',#5884,#5885,#5886);
#5884 = CARTESIAN_POINT('',(0.,0.,0.));
#5885 = DIRECTION('',(0.,0.,1.));
#5886 = DIRECTION('',(1.,0.,0.));
#5887 = ORIENTED_EDGE('',*,*,#5888,.F.);
#5888 = EDGE_CURVE('',#5889,#5880,#5891,.T.);
#5889 = VERTEX_POINT('',#5890);
#5890 = CARTESIAN_POINT('',(-12.,-30.,0.));
#5891 = CIRCLE('',#5892,12.);
#5892 = AXIS2_PLACEMENT_3D('',#5893,#5894,#5895);
#5893 = CARTESIAN_POINT('',(0.,-30.,0.));
#5894 = DIRECTION('',(0.,0.,-1.));
#5895 = DIRECTION('',(1.,0.,0.));
#5896 = ORIENTED_EDGE('',*,*,#5897,.T.);
#5897 = EDGE_CURVE('',#5889,#5898,#5900,.T.);
#5898 = VERTEX_POINT('',#5899);
#5899 = CARTESIAN_POINT('',(-12.,-35.,-2.6645352591E-15));
#5900 = LINE('',#5901,#5902);
#5901 = CARTESIAN_POINT('',(-12.,-37.69642857142,-8.881784197001E-16));
#5902 = VECTOR('',#5903,1.);
#5903 = DIRECTION('',(0.,-1.,0.));
#5904 = ORIENTED_EDGE('',*,*,#5905,.T.);
#5905 = EDGE_CURVE('',#5898,#5906,#5908,.T.);
#5906 = VERTEX_POINT('',#5907);
#5907 = CARTESIAN_POINT('',(-17.23188542521,-35.,0.));
#5908 = LINE('',#5909,#5910);
#5909 = CARTESIAN_POINT('',(-23.,-35.,0.));
#5910 = VECTOR('',#5911,1.);
#5911 = DIRECTION('',(-1.,0.,2.22044604925E-16));
#5912 = ORIENTED_EDGE('',*,*,#5913,.F.);
#5913 = EDGE_CURVE('',#5914,#5906,#5916,.T.);
#5914 = VERTEX_POINT('',#5915);
#5915 = CARTESIAN_POINT('',(-18.5,-29.14196010845,0.));
#5916 = CIRCLE('',#5917,3.);
#5917 = AXIS2_PLACEMENT_3D('',#5918,#5919,#5920);
#5918 = CARTESIAN_POINT('',(-18.,-32.1,0.));
#5919 = DIRECTION('',(0.,0.,1.));
#5920 = DIRECTION('',(1.,0.,0.));
#5921 = ORIENTED_EDGE('',*,*,#5922,.F.);
#5922 = EDGE_CURVE('',#5923,#5914,#5925,.T.);
#5923 = VERTEX_POINT('',#5924);
#5924 = CARTESIAN_POINT('',(-18.5,-23.61673135723,0.));
#5925 = LINE('',#5926,#5927);
#5926 = CARTESIAN_POINT('',(-18.5,-43.44642857142,-8.881784197001E-16));
#5927 = VECTOR('',#5928,1.);
#5928 = DIRECTION('',(0.,-1.,0.));
#5929 = ORIENTED_EDGE('',*,*,#5930,.F.);
#5930 = EDGE_CURVE('',#5931,#5923,#5933,.T.);
#5931 = VERTEX_POINT('',#5932);
#5932 = CARTESIAN_POINT('',(-20.28406746278,-22.10331665531,0.));
#5933 = CIRCLE('',#5934,30.);
#5934 = AXIS2_PLACEMENT_3D('',#5935,#5936,#5937);
#5935 = CARTESIAN_POINT('',(0.,0.,0.));
#5936 = DIRECTION('',(0.,0.,1.));
#5937 = DIRECTION('',(1.,0.,0.));
#5938 = ORIENTED_EDGE('',*,*,#5939,.F.);
#5939 = EDGE_CURVE('',#5940,#5931,#5942,.T.);
#5940 = VERTEX_POINT('',#5941);
#5941 = CARTESIAN_POINT('',(-50.28000390368,-39.42147863406,0.));
#5942 = LINE('',#5943,#5944);
#5943 = CARTESIAN_POINT('',(-50.28000390368,-39.42147863406,0.));
#5944 = VECTOR('',#5945,1.);
#5945 = DIRECTION('',(0.866025403784,0.5,0.));
#5946 = ORIENTED_EDGE('',*,*,#5947,.F.);
#5947 = EDGE_CURVE('',#5948,#5940,#5950,.T.);
#5948 = VERTEX_POINT('',#5949);
#5949 = CARTESIAN_POINT('',(-59.28000390368,-23.83302136594,0.));
#5950 = LINE('',#5951,#5952);
#5951 = CARTESIAN_POINT('',(-59.28000390368,-23.83302136594,0.));
#5952 = VECTOR('',#5953,1.);
#5953 = DIRECTION('',(0.5,-0.866025403784,0.));
#5954 = ORIENTED_EDGE('',*,*,#5955,.T.);
#5955 = EDGE_CURVE('',#5948,#5956,#5958,.T.);
#5956 = VERTEX_POINT('',#5957);
#5957 = CARTESIAN_POINT('',(-29.28406746278,-6.514859387195,0.));
#5958 = LINE('',#5959,#5960);
#5959 = CARTESIAN_POINT('',(-59.28000390368,-23.83302136594,0.));
#5960 = VECTOR('',#5961,1.);
#5961 = DIRECTION('',(0.866025403784,0.5,0.));
#5962 = ORIENTED_EDGE('',*,*,#5963,.F.);
#5963 = EDGE_CURVE('',#5964,#5956,#5966,.T.);
#5964 = VERTEX_POINT('',#5965);
#5965 = CARTESIAN_POINT('',(-29.70268930972,-4.213104291392,0.));
#5966 = CIRCLE('',#5967,30.);
#5967 = AXIS2_PLACEMENT_3D('',#5968,#5969,#5970);
#5968 = CARTESIAN_POINT('',(0.,0.,0.));
#5969 = DIRECTION('',(0.,0.,1.));
#5970 = DIRECTION('',(1.,0.,0.));
#5971 = ORIENTED_EDGE('',*,*,#5972,.T.);
#5972 = EDGE_CURVE('',#5964,#5973,#5975,.T.);
#5973 = VERTEX_POINT('',#5974);
#5974 = CARTESIAN_POINT('',(-34.48767776999,-1.450489915787,0.));
#5975 = LINE('',#5976,#5977);
#5976 = CARTESIAN_POINT('',(-46.87571084656,5.701744315702,
    -8.881784197001E-16));
#5977 = VECTOR('',#5978,1.);
#5978 = DIRECTION('',(-0.866025403784,0.5,0.));
#5979 = ORIENTED_EDGE('',*,*,#5980,.F.);
#5980 = EDGE_CURVE('',#5981,#5973,#5983,.T.);
#5981 = VERTEX_POINT('',#5982);
#5982 = CARTESIAN_POINT('',(-38.29941546148,-2.136533479473,
    -8.881784197001E-16));
#5983 = CIRCLE('',#5984,3.);
#5984 = AXIS2_PLACEMENT_3D('',#5985,#5986,#5987);
#5985 = CARTESIAN_POINT('',(-36.79941546148,0.46154273188,0.));
#5986 = DIRECTION('',(0.,0.,1.));
#5987 = DIRECTION('',(-0.5,-0.866025403784,0.));
#5988 = ORIENTED_EDGE('',*,*,#5989,.F.);
#5989 = EDGE_CURVE('',#5990,#5981,#5992,.T.);
#5990 = VERTEX_POINT('',#5991);
#5991 = CARTESIAN_POINT('',(-38.92683184506,2.576749466663,
    -4.440892098501E-15));
#5992 = CIRCLE('',#5993,3.);
#5993 = AXIS2_PLACEMENT_3D('',#5994,#5995,#5996);
#5994 = CARTESIAN_POINT('',(-36.79941546148,0.46154273188,0.));
#5995 = DIRECTION('',(0.,0.,1.));
#5996 = DIRECTION('',(-0.5,-0.866025403784,0.));
#5997 = ORIENTED_EDGE('',*,*,#5998,.T.);
#5998 = EDGE_CURVE('',#5990,#5999,#6001,.T.);
#5999 = VERTEX_POINT('',#6000);
#6000 = CARTESIAN_POINT('',(-36.31088913245,7.107695154587,
    -7.993605777301E-15));
#6001 = LINE('',#6002,#6003);
#6002 = CARTESIAN_POINT('',(-18.81088913245,37.418584287042,0.));
#6003 = VECTOR('',#6004,1.);
#6004 = DIRECTION('',(0.5,0.866025403784,2.22044604925E-16));
#6005 = ORIENTED_EDGE('',*,*,#6006,.F.);
#6006 = EDGE_CURVE('',#6007,#5999,#6009,.T.);
#6007 = VERTEX_POINT('',#6008);
#6008 = CARTESIAN_POINT('',(-31.98076211353,4.607695154587,0.));
#6009 = LINE('',#6010,#6011);
#6010 = CARTESIAN_POINT('',(-38.6460647748,8.455909440301,
    -8.881784197001E-16));
#6011 = VECTOR('',#6012,1.);
#6012 = DIRECTION('',(-0.866025403784,0.5,0.));
#6013 = ORIENTED_EDGE('',*,*,#6014,.F.);
#6014 = EDGE_CURVE('',#6015,#6007,#6017,.T.);
#6015 = VERTEX_POINT('',#6016);
#6016 = CARTESIAN_POINT('',(-29.78107652713,3.617662350914,0.));
#6017 = CIRCLE('',#6018,12.);
#6018 = AXIS2_PLACEMENT_3D('',#6019,#6020,#6021);
#6019 = CARTESIAN_POINT('',(-25.98076211353,15.,0.));
#6020 = DIRECTION('',(-0.,0.,-1.));
#6021 = DIRECTION('',(-0.5,-0.866025403784,0.));
#6022 = ORIENTED_EDGE('',*,*,#6023,.F.);
#6023 = EDGE_CURVE('',#6024,#6015,#6026,.T.);
#6024 = VERTEX_POINT('',#6025);
#6025 = CARTESIAN_POINT('',(-18.02352576177,23.982337649086,0.));
#6026 = CIRCLE('',#6027,30.);
#6027 = AXIS2_PLACEMENT_3D('',#6028,#6029,#6030);
#6028 = CARTESIAN_POINT('',(0.,0.,0.));
#6029 = DIRECTION('',(0.,0.,1.));
#6030 = DIRECTION('',(1.,0.,0.));
#6031 = ORIENTED_EDGE('',*,*,#6032,.F.);
#6032 = EDGE_CURVE('',#6033,#6024,#6035,.T.);
#6033 = VERTEX_POINT('',#6034);
#6034 = CARTESIAN_POINT('',(-19.98076211353,25.392304845413,0.));
#6035 = CIRCLE('',#6036,12.);
#6036 = AXIS2_PLACEMENT_3D('',#6037,#6038,#6039);
#6037 = CARTESIAN_POINT('',(-25.98076211353,15.,0.));
#6038 = DIRECTION('',(-0.,0.,-1.));
#6039 = DIRECTION('',(-0.5,-0.866025403784,0.));
#6040 = ORIENTED_EDGE('',*,*,#6041,.T.);
#6041 = EDGE_CURVE('',#6033,#6042,#6044,.T.);
#6042 = VERTEX_POINT('',#6043);
#6043 = CARTESIAN_POINT('',(-24.31088913245,27.892304845413,
    -2.6645352591E-15));
#6044 = LINE('',#6045,#6046);
#6045 = CARTESIAN_POINT('',(-26.6460647748,29.240519131128,
    -8.881784197001E-16));
#6046 = VECTOR('',#6047,1.);
#6047 = DIRECTION('',(-0.866025403784,0.5,0.));
#6048 = ORIENTED_EDGE('',*,*,#6049,.T.);
#6049 = EDGE_CURVE('',#6042,#6050,#6052,.T.);
#6050 = VERTEX_POINT('',#6051);
#6051 = CARTESIAN_POINT('',(-21.69494641984,32.423250533337,0.));
#6052 = LINE('',#6053,#6054);
#6053 = CARTESIAN_POINT('',(-18.81088913245,37.418584287042,0.));
#6054 = VECTOR('',#6055,1.);
#6055 = DIRECTION('',(0.5,0.866025403784,2.22044604925E-16));
#6056 = ORIENTED_EDGE('',*,*,#6057,.F.);
#6057 = EDGE_CURVE('',#6058,#6050,#6060,.T.);
#6058 = VERTEX_POINT('',#6059);
#6059 = CARTESIAN_POINT('',(-15.98767776999,30.592450024237,0.));
#6060 = CIRCLE('',#6061,3.);
#6061 = AXIS2_PLACEMENT_3D('',#6062,#6063,#6064);
#6062 = CARTESIAN_POINT('',(-18.79941546148,31.63845726812,0.));
#6063 = DIRECTION('',(0.,0.,1.));
#6064 = DIRECTION('',(-0.5,-0.866025403784,0.));
#6065 = ORIENTED_EDGE('',*,*,#6066,.F.);
#6066 = EDGE_CURVE('',#6067,#6058,#6069,.T.);
#6067 = VERTEX_POINT('',#6068);
#6068 = CARTESIAN_POINT('',(-11.20268930972,27.829835648632,0.));
#6069 = LINE('',#6070,#6071);
#6070 = CARTESIAN_POINT('',(-28.37571084656,37.744684255726,
    -8.881784197001E-16));
#6071 = VECTOR('',#6072,1.);
#6072 = DIRECTION('',(-0.866025403784,0.5,0.));
#6073 = ORIENTED_EDGE('',*,*,#6074,.F.);
#6074 = EDGE_CURVE('',#6075,#6067,#6077,.T.);
#6075 = VERTEX_POINT('',#6076);
#6076 = CARTESIAN_POINT('',(-9.,28.618176042508,0.));
#6077 = CIRCLE('',#6078,30.);
#6078 = AXIS2_PLACEMENT_3D('',#6079,#6080,#6081);
#6079 = CARTESIAN_POINT('',(0.,0.,0.));
#6080 = DIRECTION('',(0.,0.,1.));
#6081 = DIRECTION('',(1.,0.,0.));
#6082 = ORIENTED_EDGE('',*,*,#6083,.F.);
#6083 = EDGE_CURVE('',#6084,#6075,#6086,.T.);
#6084 = VERTEX_POINT('',#6085);
#6085 = CARTESIAN_POINT('',(-9.,63.2545,0.));
#6086 = LINE('',#6087,#6088);
#6087 = CARTESIAN_POINT('',(-9.,63.2545,0.));
#6088 = VECTOR('',#6089,1.);
#6089 = DIRECTION('',(-1.224646799147E-16,-1.,0.));
#6090 = ORIENTED_EDGE('',*,*,#6091,.F.);
#6091 = EDGE_CURVE('',#6092,#6084,#6094,.T.);
#6092 = VERTEX_POINT('',#6093);
#6093 = CARTESIAN_POINT('',(9.,63.2545,0.));
#6094 = LINE('',#6095,#6096);
#6095 = CARTESIAN_POINT('',(9.,63.2545,0.));
#6096 = VECTOR('',#6097,1.);
#6097 = DIRECTION('',(-1.,1.224646799147E-16,0.));
#6098 = ORIENTED_EDGE('',*,*,#6099,.T.);
#6099 = EDGE_CURVE('',#6092,#5751,#6100,.T.);
#6100 = LINE('',#6101,#6102);
#6101 = CARTESIAN_POINT('',(9.,63.2545,0.));
#6102 = VECTOR('',#6103,1.);
#6103 = DIRECTION('',(-1.224646799147E-16,-1.,0.));
#6104 = ORIENTED_EDGE('',*,*,#5748,.F.);
#6105 = ORIENTED_EDGE('',*,*,#6106,.T.);
#6106 = EDGE_CURVE('',#5749,#6107,#6109,.T.);
#6107 = VERTEX_POINT('',#6108);
#6108 = CARTESIAN_POINT('',(15.987677769991,30.592450024237,0.));
#6109 = LINE('',#6110,#6111);
#6110 = CARTESIAN_POINT('',(28.375710846563,37.744684255726,
    -8.881784197001E-16));
#6111 = VECTOR('',#6112,1.);
#6112 = DIRECTION('',(0.866025403784,0.5,0.));
#6113 = ORIENTED_EDGE('',*,*,#6114,.F.);
#6114 = EDGE_CURVE('',#6115,#6107,#6117,.T.);
#6115 = VERTEX_POINT('',#6116);
#6116 = CARTESIAN_POINT('',(17.29941546148,34.236533479473,
    -8.881784197001E-16));
#6117 = CIRCLE('',#6118,3.);
#6118 = AXIS2_PLACEMENT_3D('',#6119,#6120,#6121);
#6119 = CARTESIAN_POINT('',(18.79941546148,31.63845726812,0.));
#6120 = DIRECTION('',(0.,0.,1.));
#6121 = DIRECTION('',(-0.5,0.866025403784,0.));
#6122 = ORIENTED_EDGE('',*,*,#6123,.F.);
#6123 = EDGE_CURVE('',#6124,#6115,#6126,.T.);
#6124 = VERTEX_POINT('',#6125);
#6125 = CARTESIAN_POINT('',(21.694946419849,32.423250533337,
    -4.440892098501E-15));
#6126 = CIRCLE('',#6127,3.);
#6127 = AXIS2_PLACEMENT_3D('',#6128,#6129,#6130);
#6128 = CARTESIAN_POINT('',(18.79941546148,31.63845726812,0.));
#6129 = DIRECTION('',(0.,0.,1.));
#6130 = DIRECTION('',(-0.5,0.866025403784,0.));
#6131 = ORIENTED_EDGE('',*,*,#6132,.T.);
#6132 = EDGE_CURVE('',#6124,#6133,#6135,.T.);
#6133 = VERTEX_POINT('',#6134);
#6134 = CARTESIAN_POINT('',(24.310889132455,27.892304845413,
    -7.993605777301E-15));
#6135 = LINE('',#6136,#6137);
#6136 = CARTESIAN_POINT('',(41.810889132455,-2.418584287042,0.));
#6137 = VECTOR('',#6138,1.);
#6138 = DIRECTION('',(0.5,-0.866025403784,2.22044604925E-16));
#6139 = ORIENTED_EDGE('',*,*,#6140,.F.);
#6140 = EDGE_CURVE('',#6141,#6133,#6143,.T.);
#6141 = VERTEX_POINT('',#6142);
#6142 = CARTESIAN_POINT('',(19.980762113533,25.392304845413,0.));
#6143 = LINE('',#6144,#6145);
#6144 = CARTESIAN_POINT('',(26.646064774803,29.240519131128,
    -8.881784197001E-16));
#6145 = VECTOR('',#6146,1.);
#6146 = DIRECTION('',(0.866025403784,0.5,0.));
#6147 = ORIENTED_EDGE('',*,*,#6148,.F.);
#6148 = EDGE_CURVE('',#6149,#6141,#6151,.T.);
#6149 = VERTEX_POINT('',#6150);
#6150 = CARTESIAN_POINT('',(18.023525761771,23.982337649086,0.));
#6151 = CIRCLE('',#6152,12.);
#6152 = AXIS2_PLACEMENT_3D('',#6153,#6154,#6155);
#6153 = CARTESIAN_POINT('',(25.980762113533,15.,0.));
#6154 = DIRECTION('',(0.,0.,-1.));
#6155 = DIRECTION('',(-0.5,0.866025403784,0.));
#6156 = ORIENTED_EDGE('',*,*,#6157,.F.);
#6157 = EDGE_CURVE('',#6158,#6149,#6160,.T.);
#6158 = VERTEX_POINT('',#6159);
#6159 = CARTESIAN_POINT('',(29.78107652713,3.617662350914,0.));
#6160 = CIRCLE('',#6161,30.);
#6161 = AXIS2_PLACEMENT_3D('',#6162,#6163,#6164);
#6162 = CARTESIAN_POINT('',(0.,0.,0.));
#6163 = DIRECTION('',(0.,0.,1.));
#6164 = DIRECTION('',(1.,0.,0.));
#6165 = ORIENTED_EDGE('',*,*,#6166,.F.);
#6166 = EDGE_CURVE('',#6167,#6158,#6169,.T.);
#6167 = VERTEX_POINT('',#6168);
#6168 = CARTESIAN_POINT('',(31.980762113533,4.607695154587,0.));
#6169 = CIRCLE('',#6170,12.);
#6170 = AXIS2_PLACEMENT_3D('',#6171,#6172,#6173);
#6171 = CARTESIAN_POINT('',(25.980762113533,15.,0.));
#6172 = DIRECTION('',(0.,0.,-1.));
#6173 = DIRECTION('',(-0.5,0.866025403784,0.));
#6174 = ORIENTED_EDGE('',*,*,#6175,.T.);
#6175 = EDGE_CURVE('',#6167,#6176,#6178,.T.);
#6176 = VERTEX_POINT('',#6177);
#6177 = CARTESIAN_POINT('',(36.310889132455,7.107695154587,
    -2.6645352591E-15));
#6178 = LINE('',#6179,#6180);
#6179 = CARTESIAN_POINT('',(38.646064774803,8.455909440301,
    -8.881784197001E-16));
#6180 = VECTOR('',#6181,1.);
#6181 = DIRECTION('',(0.866025403784,0.5,0.));
#6182 = ORIENTED_EDGE('',*,*,#6183,.T.);
#6183 = EDGE_CURVE('',#6176,#6184,#6186,.T.);
#6184 = VERTEX_POINT('',#6185);
#6185 = CARTESIAN_POINT('',(38.926831845062,2.576749466663,0.));
#6186 = LINE('',#6187,#6188);
#6187 = CARTESIAN_POINT('',(41.810889132455,-2.418584287042,0.));
#6188 = VECTOR('',#6189,1.);
#6189 = DIRECTION('',(0.5,-0.866025403784,2.22044604925E-16));
#6190 = ORIENTED_EDGE('',*,*,#6191,.F.);
#6191 = EDGE_CURVE('',#6192,#6184,#6194,.T.);
#6192 = VERTEX_POINT('',#6193);
#6193 = CARTESIAN_POINT('',(34.487677769991,-1.450489915787,0.));
#6194 = CIRCLE('',#6195,3.);
#6195 = AXIS2_PLACEMENT_3D('',#6196,#6197,#6198);
#6196 = CARTESIAN_POINT('',(36.79941546148,0.46154273188,0.));
#6197 = DIRECTION('',(0.,0.,1.));
#6198 = DIRECTION('',(-0.5,0.866025403784,0.));
#6199 = ORIENTED_EDGE('',*,*,#6200,.F.);
#6200 = EDGE_CURVE('',#5793,#6192,#6201,.T.);
#6201 = LINE('',#6202,#6203);
#6202 = CARTESIAN_POINT('',(46.875710846563,5.701744315702,
    -8.881784197001E-16));
#6203 = VECTOR('',#6204,1.);
#6204 = DIRECTION('',(0.866025403784,0.5,0.));
#6205 = FACE_BOUND('',#6206,.T.);
#6206 = EDGE_LOOP('',(#6207));
#6207 = ORIENTED_EDGE('',*,*,#6208,.F.);
#6208 = EDGE_CURVE('',#6209,#6209,#6211,.T.);
#6209 = VERTEX_POINT('',#6210);
#6210 = CARTESIAN_POINT('',(2.2,-25.,-8.881784197001E-16));
#6211 = CIRCLE('',#6212,2.2);
#6212 = AXIS2_PLACEMENT_3D('',#6213,#6214,#6215);
#6213 = CARTESIAN_POINT('',(0.,-25.,-8.881784197001E-16));
#6214 = DIRECTION('',(0.,0.,-1.));
#6215 = DIRECTION('',(1.,0.,0.));
#6216 = FACE_BOUND('',#6217,.T.);
#6217 = EDGE_LOOP('',(#6218));
#6218 = ORIENTED_EDGE('',*,*,#6219,.F.);
#6219 = EDGE_CURVE('',#6220,#6220,#6222,.T.);
#6220 = VERTEX_POINT('',#6221);
#6221 = CARTESIAN_POINT('',(22.750635094611,-10.59474411167,
    -8.881784197001E-16));
#6222 = CIRCLE('',#6223,2.2);
#6223 = AXIS2_PLACEMENT_3D('',#6224,#6225,#6226);
#6224 = CARTESIAN_POINT('',(21.650635094611,-12.5,-8.881784197001E-16));
#6225 = DIRECTION('',(0.,0.,-1.));
#6226 = DIRECTION('',(0.5,0.866025403784,0.));
#6227 = FACE_BOUND('',#6228,.T.);
#6228 = EDGE_LOOP('',(#6229,#6239,#6247,#6255));
#6229 = ORIENTED_EDGE('',*,*,#6230,.F.);
#6230 = EDGE_CURVE('',#6231,#6233,#6235,.T.);
#6231 = VERTEX_POINT('',#6232);
#6232 = CARTESIAN_POINT('',(-22.95114535182,-4.590595909244,0.));
#6233 = VERTEX_POINT('',#6234);
#6234 = CARTESIAN_POINT('',(-15.45114535182,-17.58097696601,0.));
#6235 = LINE('',#6236,#6237);
#6236 = CARTESIAN_POINT('',(-22.74216420723,-4.952561869497,
    1.537270237523E-15));
#6237 = VECTOR('',#6238,1.);
#6238 = DIRECTION('',(0.5,-0.866025403784,0.));
#6239 = ORIENTED_EDGE('',*,*,#6240,.F.);
#6240 = EDGE_CURVE('',#6241,#6231,#6243,.T.);
#6241 = VERTEX_POINT('',#6242);
#6242 = CARTESIAN_POINT('',(-25.40063509461,-6.004809471617,0.));
#6243 = LINE('',#6244,#6245);
#6244 = CARTESIAN_POINT('',(-21.72665763325,-3.883637595307,
    -2.390866018775E-16));
#6245 = VECTOR('',#6246,1.);
#6246 = DIRECTION('',(0.866025403784,0.5,-0.));
#6247 = ORIENTED_EDGE('',*,*,#6248,.T.);
#6248 = EDGE_CURVE('',#6241,#6249,#6251,.T.);
#6249 = VERTEX_POINT('',#6250);
#6250 = CARTESIAN_POINT('',(-17.90063509461,-18.99519052838,0.));
#6251 = LINE('',#6252,#6253);
#6252 = CARTESIAN_POINT('',(-25.19165395002,-6.366775431871,
    1.537270237523E-15));
#6253 = VECTOR('',#6254,1.);
#6254 = DIRECTION('',(0.5,-0.866025403784,0.));
#6255 = ORIENTED_EDGE('',*,*,#6256,.F.);
#6256 = EDGE_CURVE('',#6233,#6249,#6257,.T.);
#6257 = LINE('',#6258,#6259);
#6258 = CARTESIAN_POINT('',(-14.22665763325,-16.87401865207,
    -2.390866018775E-16));
#6259 = VECTOR('',#6260,1.);
#6260 = DIRECTION('',(-0.866025403784,-0.5,0.));
#6261 = FACE_BOUND('',#6262,.T.);
#6262 = EDGE_LOOP('',(#6263));
#6263 = ORIENTED_EDGE('',*,*,#6264,.F.);
#6264 = EDGE_CURVE('',#6265,#6265,#6267,.T.);
#6265 = VERTEX_POINT('',#6266);
#6266 = CARTESIAN_POINT('',(20.,-4.898587196589E-15,-8.881784197001E-16)
  );
#6267 = CIRCLE('',#6268,20.);
#6268 = AXIS2_PLACEMENT_3D('',#6269,#6270,#6271);
#6269 = CARTESIAN_POINT('',(0.,0.,-8.881784197001E-16));
#6270 = DIRECTION('',(0.,0.,-1.));
#6271 = DIRECTION('',(1.,0.,0.));
#6272 = FACE_BOUND('',#6273,.T.);
#6273 = EDGE_LOOP('',(#6274));
#6274 = ORIENTED_EDGE('',*,*,#6275,.F.);
#6275 = EDGE_CURVE('',#6276,#6276,#6278,.T.);
#6276 = VERTEX_POINT('',#6277);
#6277 = CARTESIAN_POINT('',(20.550635094611,14.405255888326,
    -8.881784197001E-16));
#6278 = CIRCLE('',#6279,2.2);
#6279 = AXIS2_PLACEMENT_3D('',#6280,#6281,#6282);
#6280 = CARTESIAN_POINT('',(21.650635094611,12.5,-8.881784197001E-16));
#6281 = DIRECTION('',(0.,0.,-1.));
#6282 = DIRECTION('',(-0.5,0.866025403784,0.));
#6283 = FACE_BOUND('',#6284,.T.);
#6284 = EDGE_LOOP('',(#6285,#6295,#6303,#6311));
#6285 = ORIENTED_EDGE('',*,*,#6286,.F.);
#6286 = EDGE_CURVE('',#6287,#6289,#6291,.T.);
#6287 = VERTEX_POINT('',#6288);
#6288 = CARTESIAN_POINT('',(7.5,22.171572875254,0.));
#6289 = VERTEX_POINT('',#6290);
#6290 = CARTESIAN_POINT('',(-7.5,22.171572875254,0.));
#6291 = LINE('',#6292,#6293);
#6292 = CARTESIAN_POINT('',(0.416757423665,22.171572875254,
    -2.390866018775E-16));
#6293 = VECTOR('',#6294,1.);
#6294 = DIRECTION('',(-1.,1.224646799147E-16,0.));
#6295 = ORIENTED_EDGE('',*,*,#6296,.F.);
#6296 = EDGE_CURVE('',#6297,#6287,#6299,.T.);
#6297 = VERTEX_POINT('',#6298);
#6298 = CARTESIAN_POINT('',(7.5,25.,0.));
#6299 = LINE('',#6300,#6301);
#6300 = CARTESIAN_POINT('',(7.5,20.755569359092,-2.390866018775E-16));
#6301 = VECTOR('',#6302,1.);
#6302 = DIRECTION('',(-1.224646799147E-16,-1.,0.));
#6303 = ORIENTED_EDGE('',*,*,#6304,.T.);
#6304 = EDGE_CURVE('',#6297,#6305,#6307,.T.);
#6305 = VERTEX_POINT('',#6306);
#6306 = CARTESIAN_POINT('',(-7.5,25.,0.));
#6307 = LINE('',#6308,#6309);
#6308 = CARTESIAN_POINT('',(0.416757423665,25.,-2.390866018775E-16));
#6309 = VECTOR('',#6310,1.);
#6310 = DIRECTION('',(-1.,1.224646799147E-16,0.));
#6311 = ORIENTED_EDGE('',*,*,#6312,.F.);
#6312 = EDGE_CURVE('',#6289,#6305,#6313,.T.);
#6313 = LINE('',#6314,#6315);
#6314 = CARTESIAN_POINT('',(-7.5,20.755569359092,-2.390866018775E-16));
#6315 = VECTOR('',#6316,1.);
#6316 = DIRECTION('',(1.224646799147E-16,1.,-0.));
#6317 = FACE_BOUND('',#6318,.T.);
#6318 = EDGE_LOOP('',(#6319));
#6319 = ORIENTED_EDGE('',*,*,#6320,.F.);
#6320 = EDGE_CURVE('',#6321,#6321,#6323,.T.);
#6321 = VERTEX_POINT('',#6322);
#6322 = CARTESIAN_POINT('',(-22.75063509461,10.594744111674,
    -8.881784197001E-16));
#6323 = CIRCLE('',#6324,2.2);
#6324 = AXIS2_PLACEMENT_3D('',#6325,#6326,#6327);
#6325 = CARTESIAN_POINT('',(-21.65063509461,12.5,-8.881784197001E-16));
#6326 = DIRECTION('',(0.,0.,-1.));
#6327 = DIRECTION('',(-0.5,-0.866025403784,-0.));
#6328 = PLANE('',#6329);
#6329 = AXIS2_PLACEMENT_3D('',#6330,#6331,#6332);
#6330 = CARTESIAN_POINT('',(-6.66648515267,3.846114479724,
    -4.78173203755E-16));
#6331 = DIRECTION('',(-0.,-0.,-1.));
#6332 = DIRECTION('',(-1.,0.,0.));
#6333 = ADVANCED_FACE('',(#6334),#6376,.T.);
#6334 = FACE_BOUND('',#6335,.T.);
#6335 = EDGE_LOOP('',(#6336,#6337,#6345,#6353,#6361,#6369,#6375));
#6336 = ORIENTED_EDGE('',*,*,#6099,.F.);
#6337 = ORIENTED_EDGE('',*,*,#6338,.T.);
#6338 = EDGE_CURVE('',#6092,#6339,#6341,.T.);
#6339 = VERTEX_POINT('',#6340);
#6340 = CARTESIAN_POINT('',(9.,70.679121202459,7.424621202459));
#6341 = LINE('',#6342,#6343);
#6342 = CARTESIAN_POINT('',(9.,63.2545,0.));
#6343 = VECTOR('',#6344,1.);
#6344 = DIRECTION('',(8.659560562355E-17,0.707106781187,0.707106781187)
  );
#6345 = ORIENTED_EDGE('',*,*,#6346,.T.);
#6346 = EDGE_CURVE('',#6339,#6347,#6349,.T.);
#6347 = VERTEX_POINT('',#6348);
#6348 = CARTESIAN_POINT('',(9.,32.424644340267,45.679098064651));
#6349 = LINE('',#6350,#6351);
#6350 = CARTESIAN_POINT('',(9.,70.679121202459,7.424621202459));
#6351 = VECTOR('',#6352,1.);
#6352 = DIRECTION('',(-8.659560562355E-17,-0.707106781187,0.707106781187
    ));
#6353 = ORIENTED_EDGE('',*,*,#6354,.F.);
#6354 = EDGE_CURVE('',#6355,#6347,#6357,.T.);
#6355 = VERTEX_POINT('',#6356);
#6356 = CARTESIAN_POINT('',(9.,25.000011568904,38.254488431096));
#6357 = LINE('',#6358,#6359);
#6358 = CARTESIAN_POINT('',(9.,25.000023137808,38.254476862192));
#6359 = VECTOR('',#6360,1.);
#6360 = DIRECTION('',(8.659560562355E-17,0.707106781187,0.707106781187)
  );
#6361 = ORIENTED_EDGE('',*,*,#6362,.F.);
#6362 = EDGE_CURVE('',#6363,#6355,#6365,.T.);
#6363 = VERTEX_POINT('',#6364);
#6364 = CARTESIAN_POINT('',(9.,25.,8.));
#6365 = LINE('',#6366,#6367);
#6366 = CARTESIAN_POINT('',(9.,25.,0.));
#6367 = VECTOR('',#6368,1.);
#6368 = DIRECTION('',(0.,0.,1.));
#6369 = ORIENTED_EDGE('',*,*,#6370,.T.);
#6370 = EDGE_CURVE('',#6363,#5768,#6371,.T.);
#6371 = LINE('',#6372,#6373);
#6372 = CARTESIAN_POINT('',(9.,21.232302365389,8.));
#6373 = VECTOR('',#6374,1.);
#6374 = DIRECTION('',(1.224646799147E-16,1.,0.));
#6375 = ORIENTED_EDGE('',*,*,#5776,.T.);
#6376 = PLANE('',#6377);
#6377 = AXIS2_PLACEMENT_3D('',#6378,#6379,#6380);
#6378 = CARTESIAN_POINT('',(9.,42.464604730778,17.464593269391));
#6379 = DIRECTION('',(1.,-1.224646799147E-16,-0.));
#6380 = DIRECTION('',(-0.,0.,-1.));
#6381 = ADVANCED_FACE('',(#6382,#6793,#6804,#6815,#6826,#6837),#6848,.T.
  );
#6382 = FACE_BOUND('',#6383,.T.);
#6383 = EDGE_LOOP('',(#6384,#6395,#6404,#6412,#6421,#6429,#6437,#6446,
    #6455,#6464,#6472,#6480,#6489,#6498,#6504,#6505,#6506,#6514,#6522,
    #6531,#6539,#6548,#6556,#6564,#6573,#6582,#6591,#6599,#6607,#6616,
    #6625,#6633,#6642,#6650,#6658,#6666,#6675,#6683,#6692,#6700,#6708,
    #6717,#6726,#6735,#6743,#6751,#6760,#6769,#6777,#6786));
#6384 = ORIENTED_EDGE('',*,*,#6385,.T.);
#6385 = EDGE_CURVE('',#6386,#6388,#6390,.T.);
#6386 = VERTEX_POINT('',#6387);
#6387 = CARTESIAN_POINT('',(24.346787517318,-19.83012701892,8.));
#6388 = VERTEX_POINT('',#6389);
#6389 = CARTESIAN_POINT('',(28.047398791937,-10.64628672383,8.));
#6390 = CIRCLE('',#6391,5.);
#6391 = AXIS2_PLACEMENT_3D('',#6392,#6393,#6394);
#6392 = CARTESIAN_POINT('',(26.846787517318,-15.5,8.));
#6393 = DIRECTION('',(0.,0.,1.));
#6394 = DIRECTION('',(-0.5,-0.866025403784,0.));
#6395 = ORIENTED_EDGE('',*,*,#6396,.T.);
#6396 = EDGE_CURVE('',#6388,#6397,#6399,.T.);
#6397 = VERTEX_POINT('',#6398);
#6398 = CARTESIAN_POINT('',(29.702689309722,-4.213104291392,8.));
#6399 = CIRCLE('',#6400,30.);
#6400 = AXIS2_PLACEMENT_3D('',#6401,#6402,#6403);
#6401 = CARTESIAN_POINT('',(0.,0.,8.));
#6402 = DIRECTION('',(0.,0.,1.));
#6403 = DIRECTION('',(1.,0.,0.));
#6404 = ORIENTED_EDGE('',*,*,#6405,.F.);
#6405 = EDGE_CURVE('',#6406,#6397,#6408,.T.);
#6406 = VERTEX_POINT('',#6407);
#6407 = CARTESIAN_POINT('',(34.487677769991,-1.450489915787,8.));
#6408 = LINE('',#6409,#6410);
#6409 = CARTESIAN_POINT('',(46.875710846563,5.701744315702,8.));
#6410 = VECTOR('',#6411,1.);
#6411 = DIRECTION('',(-0.866025403784,-0.5,0.));
#6412 = ORIENTED_EDGE('',*,*,#6413,.T.);
#6413 = EDGE_CURVE('',#6406,#6414,#6416,.T.);
#6414 = VERTEX_POINT('',#6415);
#6415 = CARTESIAN_POINT('',(38.926831845062,2.576749466663,8.));
#6416 = CIRCLE('',#6417,3.);
#6417 = AXIS2_PLACEMENT_3D('',#6418,#6419,#6420);
#6418 = CARTESIAN_POINT('',(36.79941546148,0.46154273188,8.));
#6419 = DIRECTION('',(0.,0.,1.));
#6420 = DIRECTION('',(-0.5,0.866025403784,0.));
#6421 = ORIENTED_EDGE('',*,*,#6422,.F.);
#6422 = EDGE_CURVE('',#6423,#6414,#6425,.T.);
#6423 = VERTEX_POINT('',#6424);
#6424 = CARTESIAN_POINT('',(36.310889132455,7.107695154587,8.));
#6425 = LINE('',#6426,#6427);
#6426 = CARTESIAN_POINT('',(41.810889132455,-2.418584287042,8.));
#6427 = VECTOR('',#6428,1.);
#6428 = DIRECTION('',(0.5,-0.866025403784,2.22044604925E-16));
#6429 = ORIENTED_EDGE('',*,*,#6430,.T.);
#6430 = EDGE_CURVE('',#6423,#6431,#6433,.T.);
#6431 = VERTEX_POINT('',#6432);
#6432 = CARTESIAN_POINT('',(31.980762113533,4.607695154587,8.));
#6433 = LINE('',#6434,#6435);
#6434 = CARTESIAN_POINT('',(38.646064774803,8.455909440301,8.));
#6435 = VECTOR('',#6436,1.);
#6436 = DIRECTION('',(-0.866025403784,-0.5,0.));
#6437 = ORIENTED_EDGE('',*,*,#6438,.T.);
#6438 = EDGE_CURVE('',#6431,#6439,#6441,.T.);
#6439 = VERTEX_POINT('',#6440);
#6440 = CARTESIAN_POINT('',(29.78107652713,3.617662350914,8.));
#6441 = CIRCLE('',#6442,12.);
#6442 = AXIS2_PLACEMENT_3D('',#6443,#6444,#6445);
#6443 = CARTESIAN_POINT('',(25.980762113533,15.,8.));
#6444 = DIRECTION('',(0.,0.,-1.));
#6445 = DIRECTION('',(-0.5,0.866025403784,0.));
#6446 = ORIENTED_EDGE('',*,*,#6447,.T.);
#6447 = EDGE_CURVE('',#6439,#6448,#6450,.T.);
#6448 = VERTEX_POINT('',#6449);
#6449 = CARTESIAN_POINT('',(18.023525761771,23.982337649086,8.));
#6450 = CIRCLE('',#6451,30.);
#6451 = AXIS2_PLACEMENT_3D('',#6452,#6453,#6454);
#6452 = CARTESIAN_POINT('',(0.,0.,8.));
#6453 = DIRECTION('',(0.,0.,1.));
#6454 = DIRECTION('',(1.,0.,0.));
#6455 = ORIENTED_EDGE('',*,*,#6456,.T.);
#6456 = EDGE_CURVE('',#6448,#6457,#6459,.T.);
#6457 = VERTEX_POINT('',#6458);
#6458 = CARTESIAN_POINT('',(19.980762113533,25.392304845413,8.));
#6459 = CIRCLE('',#6460,12.);
#6460 = AXIS2_PLACEMENT_3D('',#6461,#6462,#6463);
#6461 = CARTESIAN_POINT('',(25.980762113533,15.,8.));
#6462 = DIRECTION('',(0.,0.,-1.));
#6463 = DIRECTION('',(-0.5,0.866025403784,0.));
#6464 = ORIENTED_EDGE('',*,*,#6465,.F.);
#6465 = EDGE_CURVE('',#6466,#6457,#6468,.T.);
#6466 = VERTEX_POINT('',#6467);
#6467 = CARTESIAN_POINT('',(24.310889132455,27.892304845413,8.));
#6468 = LINE('',#6469,#6470);
#6469 = CARTESIAN_POINT('',(26.646064774803,29.240519131128,8.));
#6470 = VECTOR('',#6471,1.);
#6471 = DIRECTION('',(-0.866025403784,-0.5,0.));
#6472 = ORIENTED_EDGE('',*,*,#6473,.F.);
#6473 = EDGE_CURVE('',#6474,#6466,#6476,.T.);
#6474 = VERTEX_POINT('',#6475);
#6475 = CARTESIAN_POINT('',(21.694946419849,32.423250533337,8.));
#6476 = LINE('',#6477,#6478);
#6477 = CARTESIAN_POINT('',(41.810889132455,-2.418584287042,8.));
#6478 = VECTOR('',#6479,1.);
#6479 = DIRECTION('',(0.5,-0.866025403784,2.22044604925E-16));
#6480 = ORIENTED_EDGE('',*,*,#6481,.T.);
#6481 = EDGE_CURVE('',#6474,#6482,#6484,.T.);
#6482 = VERTEX_POINT('',#6483);
#6483 = CARTESIAN_POINT('',(17.29941546148,34.236533479473,8.));
#6484 = CIRCLE('',#6485,3.);
#6485 = AXIS2_PLACEMENT_3D('',#6486,#6487,#6488);
#6486 = CARTESIAN_POINT('',(18.79941546148,31.63845726812,8.));
#6487 = DIRECTION('',(0.,0.,1.));
#6488 = DIRECTION('',(-0.5,0.866025403784,0.));
#6489 = ORIENTED_EDGE('',*,*,#6490,.T.);
#6490 = EDGE_CURVE('',#6482,#6491,#6493,.T.);
#6491 = VERTEX_POINT('',#6492);
#6492 = CARTESIAN_POINT('',(15.987677769991,30.592450024237,8.));
#6493 = CIRCLE('',#6494,3.);
#6494 = AXIS2_PLACEMENT_3D('',#6495,#6496,#6497);
#6495 = CARTESIAN_POINT('',(18.79941546148,31.63845726812,8.));
#6496 = DIRECTION('',(0.,0.,1.));
#6497 = DIRECTION('',(-0.5,0.866025403784,0.));
#6498 = ORIENTED_EDGE('',*,*,#6499,.T.);
#6499 = EDGE_CURVE('',#6491,#5760,#6500,.T.);
#6500 = LINE('',#6501,#6502);
#6501 = CARTESIAN_POINT('',(28.375710846563,37.744684255726,8.));
#6502 = VECTOR('',#6503,1.);
#6503 = DIRECTION('',(-0.866025403784,-0.5,0.));
#6504 = ORIENTED_EDGE('',*,*,#5767,.T.);
#6505 = ORIENTED_EDGE('',*,*,#6370,.F.);
#6506 = ORIENTED_EDGE('',*,*,#6507,.F.);
#6507 = EDGE_CURVE('',#6508,#6363,#6510,.T.);
#6508 = VERTEX_POINT('',#6509);
#6509 = CARTESIAN_POINT('',(-9.,25.,8.));
#6510 = LINE('',#6511,#6512);
#6511 = CARTESIAN_POINT('',(-1.324279996985E-15,25.000001193305,8.));
#6512 = VECTOR('',#6513,1.);
#6513 = DIRECTION('',(1.,-1.224646799147E-16,0.));
#6514 = ORIENTED_EDGE('',*,*,#6515,.F.);
#6515 = EDGE_CURVE('',#6516,#6508,#6518,.T.);
#6516 = VERTEX_POINT('',#6517);
#6517 = CARTESIAN_POINT('',(-9.,28.618176042508,8.));
#6518 = LINE('',#6519,#6520);
#6519 = CARTESIAN_POINT('',(-9.,21.232302365389,8.));
#6520 = VECTOR('',#6521,1.);
#6521 = DIRECTION('',(-1.224646799147E-16,-1.,0.));
#6522 = ORIENTED_EDGE('',*,*,#6523,.T.);
#6523 = EDGE_CURVE('',#6516,#6524,#6526,.T.);
#6524 = VERTEX_POINT('',#6525);
#6525 = CARTESIAN_POINT('',(-11.20268930972,27.829835648632,8.));
#6526 = CIRCLE('',#6527,30.);
#6527 = AXIS2_PLACEMENT_3D('',#6528,#6529,#6530);
#6528 = CARTESIAN_POINT('',(0.,0.,8.));
#6529 = DIRECTION('',(0.,0.,1.));
#6530 = DIRECTION('',(1.,0.,0.));
#6531 = ORIENTED_EDGE('',*,*,#6532,.F.);
#6532 = EDGE_CURVE('',#6533,#6524,#6535,.T.);
#6533 = VERTEX_POINT('',#6534);
#6534 = CARTESIAN_POINT('',(-15.98767776999,30.592450024237,8.));
#6535 = LINE('',#6536,#6537);
#6536 = CARTESIAN_POINT('',(-28.37571084656,37.744684255726,8.));
#6537 = VECTOR('',#6538,1.);
#6538 = DIRECTION('',(0.866025403784,-0.5,0.));
#6539 = ORIENTED_EDGE('',*,*,#6540,.T.);
#6540 = EDGE_CURVE('',#6533,#6541,#6543,.T.);
#6541 = VERTEX_POINT('',#6542);
#6542 = CARTESIAN_POINT('',(-21.69494641984,32.423250533337,8.));
#6543 = CIRCLE('',#6544,3.);
#6544 = AXIS2_PLACEMENT_3D('',#6545,#6546,#6547);
#6545 = CARTESIAN_POINT('',(-18.79941546148,31.63845726812,8.));
#6546 = DIRECTION('',(0.,0.,1.));
#6547 = DIRECTION('',(-0.5,-0.866025403784,0.));
#6548 = ORIENTED_EDGE('',*,*,#6549,.F.);
#6549 = EDGE_CURVE('',#6550,#6541,#6552,.T.);
#6550 = VERTEX_POINT('',#6551);
#6551 = CARTESIAN_POINT('',(-24.31088913245,27.892304845413,8.));
#6552 = LINE('',#6553,#6554);
#6553 = CARTESIAN_POINT('',(-18.81088913245,37.418584287042,8.));
#6554 = VECTOR('',#6555,1.);
#6555 = DIRECTION('',(0.5,0.866025403784,2.22044604925E-16));
#6556 = ORIENTED_EDGE('',*,*,#6557,.T.);
#6557 = EDGE_CURVE('',#6550,#6558,#6560,.T.);
#6558 = VERTEX_POINT('',#6559);
#6559 = CARTESIAN_POINT('',(-19.98076211353,25.392304845413,8.));
#6560 = LINE('',#6561,#6562);
#6561 = CARTESIAN_POINT('',(-26.6460647748,29.240519131128,8.));
#6562 = VECTOR('',#6563,1.);
#6563 = DIRECTION('',(0.866025403784,-0.5,0.));
#6564 = ORIENTED_EDGE('',*,*,#6565,.T.);
#6565 = EDGE_CURVE('',#6558,#6566,#6568,.T.);
#6566 = VERTEX_POINT('',#6567);
#6567 = CARTESIAN_POINT('',(-18.02352576177,23.982337649086,8.));
#6568 = CIRCLE('',#6569,12.);
#6569 = AXIS2_PLACEMENT_3D('',#6570,#6571,#6572);
#6570 = CARTESIAN_POINT('',(-25.98076211353,15.,8.));
#6571 = DIRECTION('',(-0.,0.,-1.));
#6572 = DIRECTION('',(-0.5,-0.866025403784,0.));
#6573 = ORIENTED_EDGE('',*,*,#6574,.T.);
#6574 = EDGE_CURVE('',#6566,#6575,#6577,.T.);
#6575 = VERTEX_POINT('',#6576);
#6576 = CARTESIAN_POINT('',(-29.78107652713,3.617662350914,8.));
#6577 = CIRCLE('',#6578,30.);
#6578 = AXIS2_PLACEMENT_3D('',#6579,#6580,#6581);
#6579 = CARTESIAN_POINT('',(0.,0.,8.));
#6580 = DIRECTION('',(0.,0.,1.));
#6581 = DIRECTION('',(1.,0.,0.));
#6582 = ORIENTED_EDGE('',*,*,#6583,.T.);
#6583 = EDGE_CURVE('',#6575,#6584,#6586,.T.);
#6584 = VERTEX_POINT('',#6585);
#6585 = CARTESIAN_POINT('',(-31.98076211353,4.607695154587,8.));
#6586 = CIRCLE('',#6587,12.);
#6587 = AXIS2_PLACEMENT_3D('',#6588,#6589,#6590);
#6588 = CARTESIAN_POINT('',(-25.98076211353,15.,8.));
#6589 = DIRECTION('',(-0.,0.,-1.));
#6590 = DIRECTION('',(-0.5,-0.866025403784,0.));
#6591 = ORIENTED_EDGE('',*,*,#6592,.F.);
#6592 = EDGE_CURVE('',#6593,#6584,#6595,.T.);
#6593 = VERTEX_POINT('',#6594);
#6594 = CARTESIAN_POINT('',(-36.31088913245,7.107695154587,8.));
#6595 = LINE('',#6596,#6597);
#6596 = CARTESIAN_POINT('',(-38.6460647748,8.455909440301,8.));
#6597 = VECTOR('',#6598,1.);
#6598 = DIRECTION('',(0.866025403784,-0.5,0.));
#6599 = ORIENTED_EDGE('',*,*,#6600,.F.);
#6600 = EDGE_CURVE('',#6601,#6593,#6603,.T.);
#6601 = VERTEX_POINT('',#6602);
#6602 = CARTESIAN_POINT('',(-38.92683184506,2.576749466663,8.));
#6603 = LINE('',#6604,#6605);
#6604 = CARTESIAN_POINT('',(-18.81088913245,37.418584287042,8.));
#6605 = VECTOR('',#6606,1.);
#6606 = DIRECTION('',(0.5,0.866025403784,2.22044604925E-16));
#6607 = ORIENTED_EDGE('',*,*,#6608,.T.);
#6608 = EDGE_CURVE('',#6601,#6609,#6611,.T.);
#6609 = VERTEX_POINT('',#6610);
#6610 = CARTESIAN_POINT('',(-38.29941546148,-2.136533479473,8.));
#6611 = CIRCLE('',#6612,3.);
#6612 = AXIS2_PLACEMENT_3D('',#6613,#6614,#6615);
#6613 = CARTESIAN_POINT('',(-36.79941546148,0.46154273188,8.));
#6614 = DIRECTION('',(0.,0.,1.));
#6615 = DIRECTION('',(-0.5,-0.866025403784,0.));
#6616 = ORIENTED_EDGE('',*,*,#6617,.T.);
#6617 = EDGE_CURVE('',#6609,#6618,#6620,.T.);
#6618 = VERTEX_POINT('',#6619);
#6619 = CARTESIAN_POINT('',(-34.48767776999,-1.450489915787,8.));
#6620 = CIRCLE('',#6621,3.);
#6621 = AXIS2_PLACEMENT_3D('',#6622,#6623,#6624);
#6622 = CARTESIAN_POINT('',(-36.79941546148,0.46154273188,8.));
#6623 = DIRECTION('',(0.,0.,1.));
#6624 = DIRECTION('',(-0.5,-0.866025403784,0.));
#6625 = ORIENTED_EDGE('',*,*,#6626,.T.);
#6626 = EDGE_CURVE('',#6618,#6627,#6629,.T.);
#6627 = VERTEX_POINT('',#6628);
#6628 = CARTESIAN_POINT('',(-29.70268930972,-4.213104291392,8.));
#6629 = LINE('',#6630,#6631);
#6630 = CARTESIAN_POINT('',(-46.87571084656,5.701744315702,8.));
#6631 = VECTOR('',#6632,1.);
#6632 = DIRECTION('',(0.866025403784,-0.5,0.));
#6633 = ORIENTED_EDGE('',*,*,#6634,.T.);
#6634 = EDGE_CURVE('',#6627,#6635,#6637,.T.);
#6635 = VERTEX_POINT('',#6636);
#6636 = CARTESIAN_POINT('',(-29.28406746278,-6.514859387194,8.));
#6637 = CIRCLE('',#6638,30.);
#6638 = AXIS2_PLACEMENT_3D('',#6639,#6640,#6641);
#6639 = CARTESIAN_POINT('',(0.,0.,8.));
#6640 = DIRECTION('',(0.,0.,1.));
#6641 = DIRECTION('',(1.,0.,0.));
#6642 = ORIENTED_EDGE('',*,*,#6643,.F.);
#6643 = EDGE_CURVE('',#6644,#6635,#6646,.T.);
#6644 = VERTEX_POINT('',#6645);
#6645 = CARTESIAN_POINT('',(-26.15063509461,-4.70577136594,8.));
#6646 = LINE('',#6647,#6648);
#6647 = CARTESIAN_POINT('',(-22.88771322925,-2.821922548635,8.));
#6648 = VECTOR('',#6649,1.);
#6649 = DIRECTION('',(-0.866025403784,-0.5,0.));
#6650 = ORIENTED_EDGE('',*,*,#6651,.F.);
#6651 = EDGE_CURVE('',#6652,#6644,#6654,.T.);
#6652 = VERTEX_POINT('',#6653);
#6653 = CARTESIAN_POINT('',(-17.15063509461,-20.29422863406,8.));
#6654 = LINE('',#6655,#6656);
#6655 = CARTESIAN_POINT('',(-21.65063612804,-12.50000059665,8.));
#6656 = VECTOR('',#6657,1.);
#6657 = DIRECTION('',(-0.5,0.866025403784,0.));
#6658 = ORIENTED_EDGE('',*,*,#6659,.F.);
#6659 = EDGE_CURVE('',#6660,#6652,#6662,.T.);
#6660 = VERTEX_POINT('',#6661);
#6661 = CARTESIAN_POINT('',(-20.28406746278,-22.10331665531,8.));
#6662 = LINE('',#6663,#6664);
#6663 = CARTESIAN_POINT('',(-13.88771322925,-18.41037981675,8.));
#6664 = VECTOR('',#6665,1.);
#6665 = DIRECTION('',(0.866025403784,0.5,0.));
#6666 = ORIENTED_EDGE('',*,*,#6667,.T.);
#6667 = EDGE_CURVE('',#6660,#6668,#6670,.T.);
#6668 = VERTEX_POINT('',#6669);
#6669 = CARTESIAN_POINT('',(-18.5,-23.61673135723,8.));
#6670 = CIRCLE('',#6671,30.);
#6671 = AXIS2_PLACEMENT_3D('',#6672,#6673,#6674);
#6672 = CARTESIAN_POINT('',(0.,0.,8.));
#6673 = DIRECTION('',(0.,0.,1.));
#6674 = DIRECTION('',(1.,0.,0.));
#6675 = ORIENTED_EDGE('',*,*,#6676,.F.);
#6676 = EDGE_CURVE('',#6677,#6668,#6679,.T.);
#6677 = VERTEX_POINT('',#6678);
#6678 = CARTESIAN_POINT('',(-18.5,-29.14196010845,8.));
#6679 = LINE('',#6680,#6681);
#6680 = CARTESIAN_POINT('',(-18.5,-43.44642857142,8.));
#6681 = VECTOR('',#6682,1.);
#6682 = DIRECTION('',(0.,1.,0.));
#6683 = ORIENTED_EDGE('',*,*,#6684,.T.);
#6684 = EDGE_CURVE('',#6677,#6685,#6687,.T.);
#6685 = VERTEX_POINT('',#6686);
#6686 = CARTESIAN_POINT('',(-17.23188542521,-35.,8.));
#6687 = CIRCLE('',#6688,3.);
#6688 = AXIS2_PLACEMENT_3D('',#6689,#6690,#6691);
#6689 = CARTESIAN_POINT('',(-18.,-32.1,8.));
#6690 = DIRECTION('',(0.,0.,1.));
#6691 = DIRECTION('',(1.,0.,0.));
#6692 = ORIENTED_EDGE('',*,*,#6693,.F.);
#6693 = EDGE_CURVE('',#6694,#6685,#6696,.T.);
#6694 = VERTEX_POINT('',#6695);
#6695 = CARTESIAN_POINT('',(-12.,-35.,8.));
#6696 = LINE('',#6697,#6698);
#6697 = CARTESIAN_POINT('',(-23.,-35.,8.));
#6698 = VECTOR('',#6699,1.);
#6699 = DIRECTION('',(-1.,0.,2.22044604925E-16));
#6700 = ORIENTED_EDGE('',*,*,#6701,.T.);
#6701 = EDGE_CURVE('',#6694,#6702,#6704,.T.);
#6702 = VERTEX_POINT('',#6703);
#6703 = CARTESIAN_POINT('',(-12.,-30.,8.));
#6704 = LINE('',#6705,#6706);
#6705 = CARTESIAN_POINT('',(-12.,-37.69642857142,8.));
#6706 = VECTOR('',#6707,1.);
#6707 = DIRECTION('',(0.,1.,0.));
#6708 = ORIENTED_EDGE('',*,*,#6709,.T.);
#6709 = EDGE_CURVE('',#6702,#6710,#6712,.T.);
#6710 = VERTEX_POINT('',#6711);
#6711 = CARTESIAN_POINT('',(-11.75755076535,-27.6,8.));
#6712 = CIRCLE('',#6713,12.);
#6713 = AXIS2_PLACEMENT_3D('',#6714,#6715,#6716);
#6714 = CARTESIAN_POINT('',(0.,-30.,8.));
#6715 = DIRECTION('',(0.,0.,-1.));
#6716 = DIRECTION('',(1.,0.,0.));
#6717 = ORIENTED_EDGE('',*,*,#6718,.T.);
#6718 = EDGE_CURVE('',#6710,#6719,#6721,.T.);
#6719 = VERTEX_POINT('',#6720);
#6720 = CARTESIAN_POINT('',(11.757550765359,-27.6,8.));
#6721 = CIRCLE('',#6722,30.);
#6722 = AXIS2_PLACEMENT_3D('',#6723,#6724,#6725);
#6723 = CARTESIAN_POINT('',(0.,0.,8.));
#6724 = DIRECTION('',(0.,0.,1.));
#6725 = DIRECTION('',(1.,0.,0.));
#6726 = ORIENTED_EDGE('',*,*,#6727,.T.);
#6727 = EDGE_CURVE('',#6719,#6728,#6730,.T.);
#6728 = VERTEX_POINT('',#6729);
#6729 = CARTESIAN_POINT('',(12.,-30.,8.));
#6730 = CIRCLE('',#6731,12.);
#6731 = AXIS2_PLACEMENT_3D('',#6732,#6733,#6734);
#6732 = CARTESIAN_POINT('',(0.,-30.,8.));
#6733 = DIRECTION('',(0.,0.,-1.));
#6734 = DIRECTION('',(1.,0.,0.));
#6735 = ORIENTED_EDGE('',*,*,#6736,.F.);
#6736 = EDGE_CURVE('',#6737,#6728,#6739,.T.);
#6737 = VERTEX_POINT('',#6738);
#6738 = CARTESIAN_POINT('',(12.,-35.,8.));
#6739 = LINE('',#6740,#6741);
#6740 = CARTESIAN_POINT('',(12.,-37.69642857142,8.));
#6741 = VECTOR('',#6742,1.);
#6742 = DIRECTION('',(0.,1.,0.));
#6743 = ORIENTED_EDGE('',*,*,#6744,.F.);
#6744 = EDGE_CURVE('',#6745,#6737,#6747,.T.);
#6745 = VERTEX_POINT('',#6746);
#6746 = CARTESIAN_POINT('',(17.231885425213,-35.,8.));
#6747 = LINE('',#6748,#6749);
#6748 = CARTESIAN_POINT('',(-23.,-35.,8.));
#6749 = VECTOR('',#6750,1.);
#6750 = DIRECTION('',(-1.,0.,2.22044604925E-16));
#6751 = ORIENTED_EDGE('',*,*,#6752,.T.);
#6752 = EDGE_CURVE('',#6745,#6753,#6755,.T.);
#6753 = VERTEX_POINT('',#6754);
#6754 = CARTESIAN_POINT('',(21.,-32.1,8.));
#6755 = CIRCLE('',#6756,3.);
#6756 = AXIS2_PLACEMENT_3D('',#6757,#6758,#6759);
#6757 = CARTESIAN_POINT('',(18.,-32.1,8.));
#6758 = DIRECTION('',(0.,0.,1.));
#6759 = DIRECTION('',(1.,0.,0.));
#6760 = ORIENTED_EDGE('',*,*,#6761,.T.);
#6761 = EDGE_CURVE('',#6753,#6762,#6764,.T.);
#6762 = VERTEX_POINT('',#6763);
#6763 = CARTESIAN_POINT('',(18.5,-29.14196010845,8.));
#6764 = CIRCLE('',#6765,3.);
#6765 = AXIS2_PLACEMENT_3D('',#6766,#6767,#6768);
#6766 = CARTESIAN_POINT('',(18.,-32.1,8.));
#6767 = DIRECTION('',(0.,0.,1.));
#6768 = DIRECTION('',(1.,0.,0.));
#6769 = ORIENTED_EDGE('',*,*,#6770,.T.);
#6770 = EDGE_CURVE('',#6762,#6771,#6773,.T.);
#6771 = VERTEX_POINT('',#6772);
#6772 = CARTESIAN_POINT('',(18.5,-23.61673135723,8.));
#6773 = LINE('',#6774,#6775);
#6774 = CARTESIAN_POINT('',(18.5,-43.44642857142,8.));
#6775 = VECTOR('',#6776,1.);
#6776 = DIRECTION('',(0.,1.,0.));
#6777 = ORIENTED_EDGE('',*,*,#6778,.T.);
#6778 = EDGE_CURVE('',#6771,#6779,#6781,.T.);
#6779 = VERTEX_POINT('',#6780);
#6780 = CARTESIAN_POINT('',(23.24365415478,-18.96661650197,8.));
#6781 = CIRCLE('',#6782,30.);
#6782 = AXIS2_PLACEMENT_3D('',#6783,#6784,#6785);
#6783 = CARTESIAN_POINT('',(0.,0.,8.));
#6784 = DIRECTION('',(0.,0.,1.));
#6785 = DIRECTION('',(1.,0.,0.));
#6786 = ORIENTED_EDGE('',*,*,#6787,.T.);
#6787 = EDGE_CURVE('',#6779,#6386,#6788,.T.);
#6788 = CIRCLE('',#6789,5.);
#6789 = AXIS2_PLACEMENT_3D('',#6790,#6791,#6792);
#6790 = CARTESIAN_POINT('',(26.846787517318,-15.5,8.));
#6791 = DIRECTION('',(0.,0.,1.));
#6792 = DIRECTION('',(-0.5,-0.866025403784,0.));
#6793 = FACE_BOUND('',#6794,.T.);
#6794 = EDGE_LOOP('',(#6795));
#6795 = ORIENTED_EDGE('',*,*,#6796,.T.);
#6796 = EDGE_CURVE('',#6797,#6797,#6799,.T.);
#6797 = VERTEX_POINT('',#6798);
#6798 = CARTESIAN_POINT('',(2.2,-25.,8.));
#6799 = CIRCLE('',#6800,2.2);
#6800 = AXIS2_PLACEMENT_3D('',#6801,#6802,#6803);
#6801 = CARTESIAN_POINT('',(0.,-25.,8.));
#6802 = DIRECTION('',(0.,0.,-1.));
#6803 = DIRECTION('',(1.,0.,0.));
#6804 = FACE_BOUND('',#6805,.T.);
#6805 = EDGE_LOOP('',(#6806));
#6806 = ORIENTED_EDGE('',*,*,#6807,.T.);
#6807 = EDGE_CURVE('',#6808,#6808,#6810,.T.);
#6808 = VERTEX_POINT('',#6809);
#6809 = CARTESIAN_POINT('',(22.750635094611,-10.59474411167,8.));
#6810 = CIRCLE('',#6811,2.2);
#6811 = AXIS2_PLACEMENT_3D('',#6812,#6813,#6814);
#6812 = CARTESIAN_POINT('',(21.650635094611,-12.5,8.));
#6813 = DIRECTION('',(0.,0.,-1.));
#6814 = DIRECTION('',(0.5,0.866025403784,0.));
#6815 = FACE_BOUND('',#6816,.T.);
#6816 = EDGE_LOOP('',(#6817));
#6817 = ORIENTED_EDGE('',*,*,#6818,.T.);
#6818 = EDGE_CURVE('',#6819,#6819,#6821,.T.);
#6819 = VERTEX_POINT('',#6820);
#6820 = CARTESIAN_POINT('',(-22.75063509461,10.594744111674,8.));
#6821 = CIRCLE('',#6822,2.2);
#6822 = AXIS2_PLACEMENT_3D('',#6823,#6824,#6825);
#6823 = CARTESIAN_POINT('',(-21.65063509461,12.5,8.));
#6824 = DIRECTION('',(0.,0.,-1.));
#6825 = DIRECTION('',(-0.5,-0.866025403784,-0.));
#6826 = FACE_BOUND('',#6827,.T.);
#6827 = EDGE_LOOP('',(#6828));
#6828 = ORIENTED_EDGE('',*,*,#6829,.T.);
#6829 = EDGE_CURVE('',#6830,#6830,#6832,.T.);
#6830 = VERTEX_POINT('',#6831);
#6831 = CARTESIAN_POINT('',(20.,-4.898587196589E-15,8.));
#6832 = CIRCLE('',#6833,20.);
#6833 = AXIS2_PLACEMENT_3D('',#6834,#6835,#6836);
#6834 = CARTESIAN_POINT('',(0.,0.,8.));
#6835 = DIRECTION('',(0.,0.,-1.));
#6836 = DIRECTION('',(1.,0.,0.));
#6837 = FACE_BOUND('',#6838,.T.);
#6838 = EDGE_LOOP('',(#6839));
#6839 = ORIENTED_EDGE('',*,*,#6840,.T.);
#6840 = EDGE_CURVE('',#6841,#6841,#6843,.T.);
#6841 = VERTEX_POINT('',#6842);
#6842 = CARTESIAN_POINT('',(20.550635094611,14.405255888326,8.));
#6843 = CIRCLE('',#6844,2.2);
#6844 = AXIS2_PLACEMENT_3D('',#6845,#6846,#6847);
#6845 = CARTESIAN_POINT('',(21.650635094611,12.5,8.));
#6846 = DIRECTION('',(0.,0.,-1.));
#6847 = DIRECTION('',(-0.5,0.866025403784,0.));
#6848 = PLANE('',#6849);
#6849 = AXIS2_PLACEMENT_3D('',#6850,#6851,#6852);
#6850 = CARTESIAN_POINT('',(-8.771794281982E-15,7.646295677419E-14,8.));
#6851 = DIRECTION('',(0.,0.,1.));
#6852 = DIRECTION('',(1.,0.,0.));
#6853 = ADVANCED_FACE('',(#6854),#6866,.T.);
#6854 = FACE_BOUND('',#6855,.T.);
#6855 = EDGE_LOOP('',(#6856,#6857,#6858,#6865));
#6856 = ORIENTED_EDGE('',*,*,#5759,.F.);
#6857 = ORIENTED_EDGE('',*,*,#6499,.F.);
#6858 = ORIENTED_EDGE('',*,*,#6859,.F.);
#6859 = EDGE_CURVE('',#6107,#6491,#6860,.T.);
#6860 = CIRCLE('',#6861,4.974937185533);
#6861 = AXIS2_PLACEMENT_3D('',#6862,#6863,#6864);
#6862 = CARTESIAN_POINT('',(18.54941546148,32.071469970012,4.));
#6863 = DIRECTION('',(-0.5,0.866025403784,0.));
#6864 = DIRECTION('',(0.,0.,1.));
#6865 = ORIENTED_EDGE('',*,*,#6106,.F.);
#6866 = PLANE('',#6867);
#6867 = AXIS2_PLACEMENT_3D('',#6868,#6869,#6870);
#6868 = CARTESIAN_POINT('',(44.010562332743,46.771469970012,-46.));
#6869 = DIRECTION('',(-0.5,0.866025403784,0.));
#6870 = DIRECTION('',(0.,0.,1.));
#6871 = ADVANCED_FACE('',(#6872),#6888,.T.);
#6872 = FACE_BOUND('',#6873,.F.);
#6873 = EDGE_LOOP('',(#6874,#6880,#6881,#6887));
#6874 = ORIENTED_EDGE('',*,*,#6875,.T.);
#6875 = EDGE_CURVE('',#6397,#5793,#6876,.T.);
#6876 = LINE('',#6877,#6878);
#6877 = CARTESIAN_POINT('',(29.702689309722,-4.213104291393,0.));
#6878 = VECTOR('',#6879,1.);
#6879 = DIRECTION('',(-0.,-0.,-1.));
#6880 = ORIENTED_EDGE('',*,*,#5790,.F.);
#6881 = ORIENTED_EDGE('',*,*,#6882,.F.);
#6882 = EDGE_CURVE('',#6388,#5791,#6883,.T.);
#6883 = LINE('',#6884,#6885);
#6884 = CARTESIAN_POINT('',(28.047398791937,-10.64628672383,0.));
#6885 = VECTOR('',#6886,1.);
#6886 = DIRECTION('',(0.,0.,-1.));
#6887 = ORIENTED_EDGE('',*,*,#6396,.T.);
#6888 = CYLINDRICAL_SURFACE('',#6889,30.);
#6889 = AXIS2_PLACEMENT_3D('',#6890,#6891,#6892);
#6890 = CARTESIAN_POINT('',(0.,0.,0.));
#6891 = DIRECTION('',(-0.,-0.,-1.));
#6892 = DIRECTION('',(1.,0.,0.));
#6893 = ADVANCED_FACE('',(#6894),#6907,.T.);
#6894 = FACE_BOUND('',#6895,.F.);
#6895 = EDGE_LOOP('',(#6896,#6902,#6903,#6904,#6905,#6906));
#6896 = ORIENTED_EDGE('',*,*,#6897,.F.);
#6897 = EDGE_CURVE('',#6779,#5811,#6898,.T.);
#6898 = LINE('',#6899,#6900);
#6899 = CARTESIAN_POINT('',(23.24365415478,-18.96661650197,0.));
#6900 = VECTOR('',#6901,1.);
#6901 = DIRECTION('',(0.,0.,-1.));
#6902 = ORIENTED_EDGE('',*,*,#6787,.T.);
#6903 = ORIENTED_EDGE('',*,*,#6385,.T.);
#6904 = ORIENTED_EDGE('',*,*,#6882,.T.);
#6905 = ORIENTED_EDGE('',*,*,#5801,.F.);
#6906 = ORIENTED_EDGE('',*,*,#5810,.F.);
#6907 = CYLINDRICAL_SURFACE('',#6908,5.);
#6908 = AXIS2_PLACEMENT_3D('',#6909,#6910,#6911);
#6909 = CARTESIAN_POINT('',(26.846787517318,-15.5,0.));
#6910 = DIRECTION('',(0.,0.,-1.));
#6911 = DIRECTION('',(-0.5,-0.866025403784,0.));
#6912 = ADVANCED_FACE('',(#6913),#6925,.F.);
#6913 = FACE_BOUND('',#6914,.F.);
#6914 = EDGE_LOOP('',(#6915,#6916,#6917,#6924));
#6915 = ORIENTED_EDGE('',*,*,#6875,.F.);
#6916 = ORIENTED_EDGE('',*,*,#6405,.F.);
#6917 = ORIENTED_EDGE('',*,*,#6918,.F.);
#6918 = EDGE_CURVE('',#6192,#6406,#6919,.T.);
#6919 = CIRCLE('',#6920,4.974937185533);
#6920 = AXIS2_PLACEMENT_3D('',#6921,#6922,#6923);
#6921 = CARTESIAN_POINT('',(37.04941546148,2.853002998788E-02,4.));
#6922 = DIRECTION('',(-0.5,0.866025403784,0.));
#6923 = DIRECTION('',(0.,0.,1.));
#6924 = ORIENTED_EDGE('',*,*,#6200,.F.);
#6925 = PLANE('',#6926);
#6926 = AXIS2_PLACEMENT_3D('',#6927,#6928,#6929);
#6927 = CARTESIAN_POINT('',(62.510562332743,14.728530029988,-46.));
#6928 = DIRECTION('',(-0.5,0.866025403784,0.));
#6929 = DIRECTION('',(0.,0.,1.));
#6930 = ADVANCED_FACE('',(#6931,#6986),#7121,.T.);
#6931 = FACE_BOUND('',#6932,.T.);
#6932 = EDGE_LOOP('',(#6933,#6934,#6935,#6936));
#6933 = ORIENTED_EDGE('',*,*,#6413,.F.);
#6934 = ORIENTED_EDGE('',*,*,#6918,.F.);
#6935 = ORIENTED_EDGE('',*,*,#6191,.T.);
#6936 = ORIENTED_EDGE('',*,*,#6937,.F.);
#6937 = EDGE_CURVE('',#6414,#6184,#6938,.T.);
#6938 = B_SPLINE_CURVE_WITH_KNOTS('',6,(#6939,#6940,#6941,#6942,#6943,
    #6944,#6945,#6946,#6947,#6948,#6949,#6950,#6951,#6952,#6953,#6954,
    #6955,#6956,#6957,#6958,#6959,#6960,#6961,#6962,#6963,#6964,#6965,
    #6966,#6967,#6968,#6969,#6970,#6971,#6972,#6973,#6974,#6975,#6976,
    #6977,#6978,#6979,#6980,#6981,#6982,#6983,#6984,#6985),
  .UNSPECIFIED.,.F.,.F.,(7,5,5,5,5,5,5,5,5,7),(0.,4.893628290988E-02,
    0.227098995059,0.310592055533,0.500071659534,0.63343938437,
    0.689553174784,0.773046427284,0.951209915395,1.),.UNSPECIFIED.);
#6939 = CARTESIAN_POINT('',(38.926831845062,2.576749466663,8.));
#6940 = CARTESIAN_POINT('',(38.974935766045,2.613551052024,
    7.954954992294));
#6941 = CARTESIAN_POINT('',(39.022464332164,2.649793244084,7.90880256935
    ));
#6942 = CARTESIAN_POINT('',(39.069390397182,2.685466426304,
    7.861560460043));
#6943 = CARTESIAN_POINT('',(39.115687849279,2.720560943672,
    7.813247223115));
#6944 = CARTESIAN_POINT('',(39.161331611047,2.755067102707,
    7.763882247168));
#6945 = CARTESIAN_POINT('',(39.370005814813,2.912424545457,
    7.530006827351));
#6946 = CARTESIAN_POINT('',(39.524734650062,3.027949793795,
    7.332850575747));
#6947 = CARTESIAN_POINT('',(39.669311969128,3.135075738558,
    7.123000475694));
#6948 = CARTESIAN_POINT('',(39.802745664744,3.233348281472,
    6.901570198168));
#6949 = CARTESIAN_POINT('',(39.924174127039,3.322355463737,
    6.669782460904));
#6950 = CARTESIAN_POINT('',(40.08382194935,3.438944204291,6.316132207419
    ));
#6951 = CARTESIAN_POINT('',(40.131971182089,3.474034652159,
    6.201302779286));
#6952 = CARTESIAN_POINT('',(40.177253322252,3.50697625458,6.084628968043
    ));
#6953 = CARTESIAN_POINT('',(40.219602118474,3.537735889972,
    5.966251620775));
#6954 = CARTESIAN_POINT('',(40.25895856434,3.566283719103,5.846315430094
    ));
#6955 = CARTESIAN_POINT('',(40.377678306087,3.652300029811,
    5.449584538458));
#6956 = CARTESIAN_POINT('',(40.444411476664,3.700481623665,
    5.166924662528));
#6957 = CARTESIAN_POINT('',(40.494856738799,3.736822489977,
    4.878743899154));
#6958 = CARTESIAN_POINT('',(40.528616277187,3.761116127497,
    4.586847106432));
#6959 = CARTESIAN_POINT('',(40.545478511526,3.77325036511,4.293078958087
    ));
#6960 = CARTESIAN_POINT('',(40.545423430451,3.773210728213,
    3.792563235819));
#6961 = CARTESIAN_POINT('',(40.537030611376,3.767171182441,
    3.585800387412));
#6962 = CARTESIAN_POINT('',(40.520268008853,3.755108597802,3.37968985281
    ));
#6963 = CARTESIAN_POINT('',(40.495185811672,3.737049352029,
    3.174877857987));
#6964 = CARTESIAN_POINT('',(40.461884184836,3.713045763416,2.97200312375
    ));
#6965 = CARTESIAN_POINT('',(40.403106766068,3.670608146121,
    2.687417851991));
#6966 = CARTESIAN_POINT('',(40.384271671662,3.657001954111,
    2.603593830954));
#6967 = CARTESIAN_POINT('',(40.364019203543,3.642362991486,
    2.520270671503));
#6968 = CARTESIAN_POINT('',(40.342362031252,3.626697790404,
    2.437494511255));
#6969 = CARTESIAN_POINT('',(40.319314345807,3.610013634276,
    2.355310928344));
#6970 = CARTESIAN_POINT('',(40.258552970758,3.565989566621,
    2.152430424069));
#6971 = CARTESIAN_POINT('',(40.219170315034,3.537422385193,
    2.032507249082));
#6972 = CARTESIAN_POINT('',(40.176795692823,3.506643589175,
    1.914143938941));
#6973 = CARTESIAN_POINT('',(40.131488148983,3.473683035621,
    1.797485168344));
#6974 = CARTESIAN_POINT('',(40.083313972938,3.438573862953,
    1.682671764202));
#6975 = CARTESIAN_POINT('',(39.923589319025,3.321927037178,
    1.329074244172));
#6976 = CARTESIAN_POINT('',(39.80211068539,3.232881314677,1.097326670821
    ));
#6977 = CARTESIAN_POINT('',(39.668629405738,3.134571450854,
    0.875940757928));
#6978 = CARTESIAN_POINT('',(39.524007455254,3.027409530096,0.66613896979
    ));
#6979 = CARTESIAN_POINT('',(39.369237304766,2.91184974791,0.469034687547
    ));
#6980 = CARTESIAN_POINT('',(39.160649763796,2.754551626072,
    0.235380473749));
#6981 = CARTESIAN_POINT('',(39.115134573454,2.720141542683,
    0.186175504026));
#6982 = CARTESIAN_POINT('',(39.068969815823,2.685146697218,
    0.138016171175));
#6983 = CARTESIAN_POINT('',(39.022180349971,2.649576696388,
    9.092168554341E-02));
#6984 = CARTESIAN_POINT('',(38.974792058004,2.613441109141,
    4.491043801369E-02));
#6985 = CARTESIAN_POINT('',(38.926831845062,2.576749466663,0.));
#6986 = FACE_BOUND('',#6987,.T.);
#6987 = EDGE_LOOP('',(#6988));
#6988 = ORIENTED_EDGE('',*,*,#6989,.T.);
#6989 = EDGE_CURVE('',#6990,#6990,#6992,.T.);
#6990 = VERTEX_POINT('',#6991);
#6991 = CARTESIAN_POINT('',(39.089128346293,-3.70435631936,2.45));
#6992 = B_SPLINE_CURVE_WITH_KNOTS('',7,(#6993,#6994,#6995,#6996,#6997,
    #6998,#6999,#7000,#7001,#7002,#7003,#7004,#7005,#7006,#7007,#7008,
    #7009,#7010,#7011,#7012,#7013,#7014,#7015,#7016,#7017,#7018,#7019,
    #7020,#7021,#7022,#7023,#7024,#7025,#7026,#7027,#7028,#7029,#7030,
    #7031,#7032,#7033,#7034,#7035,#7036,#7037,#7038,#7039,#7040,#7041,
    #7042,#7043,#7044,#7045,#7046,#7047,#7048,#7049,#7050,#7051,#7052,
    #7053,#7054,#7055,#7056,#7057,#7058,#7059,#7060,#7061,#7062,#7063,
    #7064,#7065,#7066,#7067,#7068,#7069,#7070,#7071,#7072,#7073,#7074,
    #7075,#7076,#7077,#7078,#7079,#7080,#7081,#7082,#7083,#7084,#7085,
    #7086,#7087,#7088,#7089,#7090,#7091,#7092,#7093,#7094,#7095,#7096,
    #7097,#7098,#7099,#7100,#7101,#7102,#7103,#7104,#7105,#7106,#7107,
    #7108,#7109,#7110,#7111,#7112,#7113,#7114,#7115,#7116,#7117,#7118,
    #7119,#7120),.UNSPECIFIED.,.T.,.F.,(8,6,6,6,6,6,6,6,6,6,6,6,6,6,6,6,
    6,6,6,6,6,8),(0.,5.835164778387E-02,7.796227878381E-02,
    9.053043331597E-02,0.105106801295,0.118675464272,0.250250948939,
    0.381324736386,0.394893404252,0.409469777483,0.422037936544,
    0.44164857461,0.500000581366,0.557849621931,0.618675519815,
    0.750250820501,0.881324423998,0.895395631987,0.909972053217,
    0.922540257817,0.942150968163,1.),.UNSPECIFIED.);
#6993 = CARTESIAN_POINT('',(39.089128346293,-3.70435631936,2.45));
#6994 = CARTESIAN_POINT('',(39.018050276707,-3.74342312577,2.45));
#6995 = CARTESIAN_POINT('',(38.946971930058,-3.782489269315,
    2.454949401042));
#6996 = CARTESIAN_POINT('',(38.876210364733,-3.821380482823,
    2.464847505512));
#6997 = CARTESIAN_POINT('',(38.806080001247,-3.859923971688,
    2.479662198183));
#6998 = CARTESIAN_POINT('',(38.736891618352,-3.897948964082,
    2.499329510379));
#6999 = CARTESIAN_POINT('',(38.668951349138,-3.935287261173,
    2.523753184155));
#7000 = CARTESIAN_POINT('',(38.580246981096,-3.984036059748,
    2.562567619143));
#7001 = CARTESIAN_POINT('',(38.55810893895,-3.996202267591,
    2.572853742369));
#7002 = CARTESIAN_POINT('',(38.536156840252,-4.008266208785,
    2.583657757368));
#7003 = CARTESIAN_POINT('',(38.514401831922,-4.020221759834,
    2.594974426171));
#7004 = CARTESIAN_POINT('',(38.492854918254,-4.032062875826,
    2.60679812162));
#7005 = CARTESIAN_POINT('',(38.471526960915,-4.043783590428,
    2.619122827365));
#7006 = CARTESIAN_POINT('',(38.436907111579,-4.062808706461,
    2.640157838598));
#7007 = CARTESIAN_POINT('',(38.423479874526,-4.070187528626,
    2.648576692262));
#7008 = CARTESIAN_POINT('',(38.410149786607,-4.077512934062,
    2.657197013702));
#7009 = CARTESIAN_POINT('',(38.396919636555,-4.084783391006,
    2.66601705476));
#7010 = CARTESIAN_POINT('',(38.383792183023,-4.091997384254,
    2.675035004281));
#7011 = CARTESIAN_POINT('',(38.370770154577,-4.099153415164,
    2.684248988112));
#7012 = CARTESIAN_POINT('',(38.342878885361,-4.114480522351,
    2.704568428455));
#7013 = CARTESIAN_POINT('',(38.328046954821,-4.122631086119,
    2.715740870796));
#7014 = CARTESIAN_POINT('',(38.313364668843,-4.130699380288,
    2.727171373187));
#7015 = CARTESIAN_POINT('',(38.298836174698,-4.138683127114,
    2.738856804062));
#7016 = CARTESIAN_POINT('',(38.284465556172,-4.146580083779,
    2.750793923231));
#7017 = CARTESIAN_POINT('',(38.270256833567,-4.154388042391,
    2.762979381873));
#7018 = CARTESIAN_POINT('',(38.243141916614,-4.169288134507,
    2.78698071907));
#7019 = CARTESIAN_POINT('',(38.230213579963,-4.176392439867,
    2.798763911789));
#7020 = CARTESIAN_POINT('',(38.217432144845,-4.1834159936,2.810756511975
    ));
#7021 = CARTESIAN_POINT('',(38.204800747953,-4.190357073162,
    2.822955654442));
#7022 = CARTESIAN_POINT('',(38.192322471576,-4.197213985923,
    2.835358397545));
#7023 = CARTESIAN_POINT('',(38.180000343594,-4.203985069168,
    2.847961723179));
#7024 = CARTESIAN_POINT('',(38.049892523988,-4.275479840978,
    2.984892177022));
#7025 = CARTESIAN_POINT('',(37.946833576419,-4.332108872275,
    3.127673340997));
#7026 = CARTESIAN_POINT('',(37.861547855215,-4.378970196795,
    3.28617440055));
#7027 = CARTESIAN_POINT('',(37.796130777563,-4.414913546047,
    3.456879528061));
#7028 = CARTESIAN_POINT('',(37.752055957763,-4.439130120755,
    3.635964336977));
#7029 = CARTESIAN_POINT('',(37.730174093196,-4.451152946932,
    3.819288240502));
#7030 = CARTESIAN_POINT('',(37.730680077212,-4.450874937817,
    4.184907311685));
#7031 = CARTESIAN_POINT('',(37.75289977757,-4.438666490306,
    4.367451051814));
#7032 = CARTESIAN_POINT('',(37.797131018556,-4.41436396452,
    4.545725588459));
#7033 = CARTESIAN_POINT('',(37.862525351791,-4.378433098789,
    4.715640105854));
#7034 = CARTESIAN_POINT('',(37.947620619543,-4.331676406232,
    4.873416220777));
#7035 = CARTESIAN_POINT('',(38.050342289806,-4.275232692847,
    5.015581173755));
#7036 = CARTESIAN_POINT('',(38.180000343594,-4.203985069168,
    5.152038276821));
#7037 = CARTESIAN_POINT('',(38.192322471576,-4.197213985923,
    5.164641602455));
#7038 = CARTESIAN_POINT('',(38.204800747953,-4.190357073162,
    5.177044345558));
#7039 = CARTESIAN_POINT('',(38.217432144845,-4.1834159936,5.189243488025
    ));
#7040 = CARTESIAN_POINT('',(38.230213579963,-4.176392439867,
    5.201236088211));
#7041 = CARTESIAN_POINT('',(38.243141916614,-4.169288134507,
    5.21301928093));
#7042 = CARTESIAN_POINT('',(38.270256833567,-4.154388042391,
    5.237020618127));
#7043 = CARTESIAN_POINT('',(38.284465556172,-4.146580083779,
    5.249206076769));
#7044 = CARTESIAN_POINT('',(38.298836174698,-4.138683127114,
    5.261143195938));
#7045 = CARTESIAN_POINT('',(38.313364668843,-4.130699380288,
    5.272828626813));
#7046 = CARTESIAN_POINT('',(38.328046954821,-4.122631086119,
    5.284259129204));
#7047 = CARTESIAN_POINT('',(38.342878885361,-4.114480522351,
    5.295431571545));
#7048 = CARTESIAN_POINT('',(38.370770154577,-4.099153415164,
    5.315751011888));
#7049 = CARTESIAN_POINT('',(38.383792183023,-4.091997384254,
    5.324964995719));
#7050 = CARTESIAN_POINT('',(38.396919636555,-4.084783391006,
    5.33398294524));
#7051 = CARTESIAN_POINT('',(38.410149786607,-4.077512934062,
    5.342802986298));
#7052 = CARTESIAN_POINT('',(38.423479874526,-4.070187528626,
    5.351423307738));
#7053 = CARTESIAN_POINT('',(38.436907111579,-4.062808706461,
    5.359842161402));
#7054 = CARTESIAN_POINT('',(38.471526960915,-4.043783590428,
    5.380877172635));
#7055 = CARTESIAN_POINT('',(38.492854918254,-4.032062875826,
    5.39320187838));
#7056 = CARTESIAN_POINT('',(38.514401831922,-4.020221759834,
    5.405025573829));
#7057 = CARTESIAN_POINT('',(38.536156840252,-4.008266208785,
    5.416342242632));
#7058 = CARTESIAN_POINT('',(38.55810893895,-3.996202267591,
    5.427146257631));
#7059 = CARTESIAN_POINT('',(38.580246981096,-3.984036059748,
    5.437432380857));
#7060 = CARTESIAN_POINT('',(38.668951733648,-3.93528704986,
    5.476246984095));
#7061 = CARTESIAN_POINT('',(38.736891852831,-3.897948835211,
    5.500670528475));
#7062 = CARTESIAN_POINT('',(38.806080227663,-3.859923847254,
    5.520337874438));
#7063 = CARTESIAN_POINT('',(38.876211013338,-3.821380126363,
    5.535152704392));
#7064 = CARTESIAN_POINT('',(38.946973257062,-3.782488539985,
    5.545050810536));
#7065 = CARTESIAN_POINT('',(39.018051827844,-3.743422273215,5.55));
#7066 = CARTESIAN_POINT('',(39.15959221939,-3.66562709521,5.55));
#7067 = CARTESIAN_POINT('',(39.230057401581,-3.626896350408,
    5.54513576793));
#7068 = CARTESIAN_POINT('',(39.300213721195,-3.588334566111,
    5.535407554636));
#7069 = CARTESIAN_POINT('',(39.369754137403,-3.550110524624,
    5.520846448749));
#7070 = CARTESIAN_POINT('',(39.438375625979,-3.512390820803,
    5.501514469388));
#7071 = CARTESIAN_POINT('',(39.505780065053,-3.475339373466,
    5.477504658883));
#7072 = CARTESIAN_POINT('',(39.64096107441,-3.401030527554,
    5.418907842035));
#7073 = CARTESIAN_POINT('',(39.708582165835,-3.36385852206,
    5.383838422073));
#7074 = CARTESIAN_POINT('',(39.774198109653,-3.327788042278,
    5.343878024062));
#7075 = CARTESIAN_POINT('',(39.837483842699,-3.292997863035,
    5.299206565036));
#7076 = CARTESIAN_POINT('',(39.898130972852,-3.259657610206,
    5.250038310719));
#7077 = CARTESIAN_POINT('',(39.955849227736,-3.227926958915,
    5.196621415633));
#7078 = CARTESIAN_POINT('',(40.128299761359,-3.13312074317,
    5.015107593277));
#7079 = CARTESIAN_POINT('',(40.231345333267,-3.076468309075,
    4.872326193665));
#7080 = CARTESIAN_POINT('',(40.316618460764,-3.029585232619,
    4.713824970501));
#7081 = CARTESIAN_POINT('',(40.382025019941,-2.993623914982,
    4.543119820079));
#7082 = CARTESIAN_POINT('',(40.426092452057,-2.969394827293,
    4.364035149845));
#7083 = CARTESIAN_POINT('',(40.447970650698,-2.957365791774,
    4.180711503917));
#7084 = CARTESIAN_POINT('',(40.44746475074,-2.957643944867,
    3.815092943854));
#7085 = CARTESIAN_POINT('',(40.425248772425,-2.969858697861,
    3.632549459474));
#7086 = CARTESIAN_POINT('',(40.381024938401,-2.994173771826,
    3.454275059763));
#7087 = CARTESIAN_POINT('',(40.315641107247,-3.030122580487,
    3.284360518886));
#7088 = CARTESIAN_POINT('',(40.230558391163,-3.076900954354,
    3.126584241155));
#7089 = CARTESIAN_POINT('',(40.127850044132,-3.133367979218,
    2.984419054214));
#7090 = CARTESIAN_POINT('',(39.997755786325,-3.204888455343,
    2.847487578822));
#7091 = CARTESIAN_POINT('',(39.984972537233,-3.211916134992,
    2.834425009138));
#7092 = CARTESIAN_POINT('',(39.972021471215,-3.219036046925,
    2.821578279334));
#7093 = CARTESIAN_POINT('',(39.958905966142,-3.226246332899,
    2.808950752468));
#7094 = CARTESIAN_POINT('',(39.945629462695,-3.233545100161,
    2.796545703043));
#7095 = CARTESIAN_POINT('',(39.932195464368,-3.240930421446,
    2.784366317012));
#7096 = CARTESIAN_POINT('',(39.904531749061,-3.2561384486,2.760035990795
    ));
#7097 = CARTESIAN_POINT('',(39.890290776399,-3.263967340092,
    2.747901769295));
#7098 = CARTESIAN_POINT('',(39.875888584239,-3.271884828494,
    2.736016470315));
#7099 = CARTESIAN_POINT('',(39.861329200537,-3.279888698137,
    2.724383428038));
#7100 = CARTESIAN_POINT('',(39.846616716438,-3.287976698652,
    2.713005867787));
#7101 = CARTESIAN_POINT('',(39.831755286278,-3.296146544966,
    2.701886906031));
#7102 = CARTESIAN_POINT('',(39.803810391131,-3.311508760555,
    2.681668029808));
#7103 = CARTESIAN_POINT('',(39.790764055358,-3.318680727921,
    2.672500995439));
#7104 = CARTESIAN_POINT('',(39.777612823087,-3.325910332763,
    2.663530374604));
#7105 = CARTESIAN_POINT('',(39.764359427061,-3.33319607202,
    2.654758031533));
#7106 = CARTESIAN_POINT('',(39.751006629942,-3.340536426211,
    2.646185767351));
#7107 = CARTESIAN_POINT('',(39.737557224312,-3.347929859429,
    2.637815320084));
#7108 = CARTESIAN_POINT('',(39.702882008104,-3.366991510609,
    2.616905112737));
#7109 = CARTESIAN_POINT('',(39.681521633344,-3.378733659105,
    2.604657290809));
#7110 = CARTESIAN_POINT('',(39.65994364141,-3.390595361858,
    2.592911265472));
#7111 = CARTESIAN_POINT('',(39.638158906994,-3.402570638201,
    2.581673013686));
#7112 = CARTESIAN_POINT('',(39.616178446462,-3.414653429781,
    2.570948122762));
#7113 = CARTESIAN_POINT('',(39.594013417852,-3.426837600557,
    2.560741790367));
#7114 = CARTESIAN_POINT('',(39.505780065053,-3.475339373466,
    2.522495341117));
#7115 = CARTESIAN_POINT('',(39.438375625978,-3.512390820803,
    2.498485530612));
#7116 = CARTESIAN_POINT('',(39.369754137403,-3.550110524624,
    2.479153551251));
#7117 = CARTESIAN_POINT('',(39.300213721195,-3.588334566111,
    2.464592445364));
#7118 = CARTESIAN_POINT('',(39.230057401581,-3.626896350408,
    2.45486423207));
#7119 = CARTESIAN_POINT('',(39.15959221939,-3.66562709521,2.45));
#7120 = CARTESIAN_POINT('',(39.089128346293,-3.70435631936,2.45));
#7121 = SPHERICAL_SURFACE('',#7122,5.);
#7122 = AXIS2_PLACEMENT_3D('',#7123,#7124,#7125);
#7123 = CARTESIAN_POINT('',(36.79941546148,0.46154273188,4.));
#7124 = DIRECTION('',(0.,0.,1.));
#7125 = DIRECTION('',(-0.5,0.866025403784,0.));
#7126 = ADVANCED_FACE('',(#7127),#7138,.T.);
#7127 = FACE_BOUND('',#7128,.F.);
#7128 = EDGE_LOOP('',(#7129,#7130,#7131,#7137));
#7129 = ORIENTED_EDGE('',*,*,#6897,.T.);
#7130 = ORIENTED_EDGE('',*,*,#5819,.F.);
#7131 = ORIENTED_EDGE('',*,*,#7132,.F.);
#7132 = EDGE_CURVE('',#6771,#5820,#7133,.T.);
#7133 = LINE('',#7134,#7135);
#7134 = CARTESIAN_POINT('',(18.5,-23.61673135723,0.));
#7135 = VECTOR('',#7136,1.);
#7136 = DIRECTION('',(-0.,-0.,-1.));
#7137 = ORIENTED_EDGE('',*,*,#6778,.T.);
#7138 = CYLINDRICAL_SURFACE('',#7139,30.);
#7139 = AXIS2_PLACEMENT_3D('',#7140,#7141,#7142);
#7140 = CARTESIAN_POINT('',(0.,0.,0.));
#7141 = DIRECTION('',(-0.,-0.,-1.));
#7142 = DIRECTION('',(1.,0.,0.));
#7143 = ADVANCED_FACE('',(#7144),#7156,.T.);
#7144 = FACE_BOUND('',#7145,.F.);
#7145 = EDGE_LOOP('',(#7146,#7153,#7154,#7155));
#7146 = ORIENTED_EDGE('',*,*,#7147,.F.);
#7147 = EDGE_CURVE('',#6176,#6423,#7148,.T.);
#7148 = CIRCLE('',#7149,5.);
#7149 = AXIS2_PLACEMENT_3D('',#7150,#7151,#7152);
#7150 = CARTESIAN_POINT('',(33.712812921102,5.607695154587,4.));
#7151 = DIRECTION('',(0.5,-0.866025403784,2.22044604925E-16));
#7152 = DIRECTION('',(1.110223024625E-16,-1.922962686384E-16,-1.));
#7153 = ORIENTED_EDGE('',*,*,#6183,.T.);
#7154 = ORIENTED_EDGE('',*,*,#6937,.F.);
#7155 = ORIENTED_EDGE('',*,*,#6422,.F.);
#7156 = CYLINDRICAL_SURFACE('',#7157,5.);
#7157 = AXIS2_PLACEMENT_3D('',#7158,#7159,#7160);
#7158 = CARTESIAN_POINT('',(39.212812921102,-3.918584287042,4.));
#7159 = DIRECTION('',(0.5,-0.866025403784,2.22044604925E-16));
#7160 = DIRECTION('',(1.110223024625E-16,-1.922962686384E-16,-1.));
#7161 = ADVANCED_FACE('',(#7162),#7174,.T.);
#7162 = FACE_BOUND('',#7163,.T.);
#7163 = EDGE_LOOP('',(#7164,#7165,#7166,#7173));
#7164 = ORIENTED_EDGE('',*,*,#7132,.F.);
#7165 = ORIENTED_EDGE('',*,*,#6770,.F.);
#7166 = ORIENTED_EDGE('',*,*,#7167,.F.);
#7167 = EDGE_CURVE('',#5829,#6762,#7168,.T.);
#7168 = CIRCLE('',#7169,4.974937185533);
#7169 = AXIS2_PLACEMENT_3D('',#7170,#7171,#7172);
#7170 = CARTESIAN_POINT('',(18.5,-32.1,4.));
#7171 = DIRECTION('',(1.,0.,-0.));
#7172 = DIRECTION('',(0.,0.,1.));
#7173 = ORIENTED_EDGE('',*,*,#5828,.F.);
#7174 = PLANE('',#7175);
#7175 = AXIS2_PLACEMENT_3D('',#7176,#7177,#7178);
#7176 = CARTESIAN_POINT('',(18.5,-61.5,-46.));
#7177 = DIRECTION('',(1.,0.,0.));
#7178 = DIRECTION('',(0.,0.,1.));
#7179 = ADVANCED_FACE('',(#7180),#7239,.T.);
#7180 = FACE_BOUND('',#7181,.T.);
#7181 = EDGE_LOOP('',(#7182,#7190,#7191,#7192,#7193,#7201,#7209,#7217,
    #7225,#7233));
#7182 = ORIENTED_EDGE('',*,*,#7183,.T.);
#7183 = EDGE_CURVE('',#7184,#6431,#7186,.T.);
#7184 = VERTEX_POINT('',#7185);
#7185 = CARTESIAN_POINT('',(31.980762113533,4.607695154587,
    6.145299461621));
#7186 = LINE('',#7187,#7188);
#7187 = CARTESIAN_POINT('',(31.980762113533,4.607695154587,-46.));
#7188 = VECTOR('',#7189,1.);
#7189 = DIRECTION('',(0.,0.,1.));
#7190 = ORIENTED_EDGE('',*,*,#6430,.F.);
#7191 = ORIENTED_EDGE('',*,*,#7147,.F.);
#7192 = ORIENTED_EDGE('',*,*,#6175,.F.);
#7193 = ORIENTED_EDGE('',*,*,#7194,.T.);
#7194 = EDGE_CURVE('',#6167,#7195,#7197,.T.);
#7195 = VERTEX_POINT('',#7196);
#7196 = CARTESIAN_POINT('',(31.980762113533,4.607695154587,
    1.854700538379));
#7197 = LINE('',#7198,#7199);
#7198 = CARTESIAN_POINT('',(31.980762113533,4.607695154587,-46.));
#7199 = VECTOR('',#7200,1.);
#7200 = DIRECTION('',(0.,0.,1.));
#7201 = ORIENTED_EDGE('',*,*,#7202,.T.);
#7202 = EDGE_CURVE('',#7195,#7203,#7205,.T.);
#7203 = VERTEX_POINT('',#7204);
#7204 = CARTESIAN_POINT('',(33.712812921102,5.607695154587,0.7));
#7205 = LINE('',#7206,#7207);
#7206 = CARTESIAN_POINT('',(48.314734396647,14.038118449178,
    -9.03461431703));
#7207 = VECTOR('',#7208,1.);
#7208 = DIRECTION('',(0.75,0.433012701892,-0.5));
#7209 = ORIENTED_EDGE('',*,*,#7210,.T.);
#7210 = EDGE_CURVE('',#7203,#7211,#7213,.T.);
#7211 = VERTEX_POINT('',#7212);
#7212 = CARTESIAN_POINT('',(36.187812921102,7.036637070831,2.35));
#7213 = LINE('',#7214,#7215);
#7214 = CARTESIAN_POINT('',(32.039734396647,4.641742818117,
    -0.41538568297));
#7215 = VECTOR('',#7216,1.);
#7216 = DIRECTION('',(0.75,0.433012701892,0.5));
#7217 = ORIENTED_EDGE('',*,*,#7218,.T.);
#7218 = EDGE_CURVE('',#7211,#7219,#7221,.T.);
#7219 = VERTEX_POINT('',#7220);
#7220 = CARTESIAN_POINT('',(36.187812921102,7.036637070831,5.65));
#7221 = LINE('',#7222,#7223);
#7222 = CARTESIAN_POINT('',(36.187812921102,7.036637070831,-20.175));
#7223 = VECTOR('',#7224,1.);
#7224 = DIRECTION('',(-3.496295793425E-16,-2.0185873175E-16,1.));
#7225 = ORIENTED_EDGE('',*,*,#7226,.T.);
#7226 = EDGE_CURVE('',#7219,#7227,#7229,.T.);
#7227 = VERTEX_POINT('',#7228);
#7228 = CARTESIAN_POINT('',(33.712812921102,5.607695154587,7.3));
#7229 = LINE('',#7230,#7231);
#7230 = CARTESIAN_POINT('',(49.552234396647,14.752589407301,
    -3.25961431703));
#7231 = VECTOR('',#7232,1.);
#7232 = DIRECTION('',(-0.75,-0.433012701892,0.5));
#7233 = ORIENTED_EDGE('',*,*,#7234,.T.);
#7234 = EDGE_CURVE('',#7227,#7184,#7235,.T.);
#7235 = LINE('',#7236,#7237);
#7236 = CARTESIAN_POINT('',(28.327234396647,2.498329943751,3.70961431703
    ));
#7237 = VECTOR('',#7238,1.);
#7238 = DIRECTION('',(-0.75,-0.433012701892,-0.5));
#7239 = PLANE('',#7240);
#7240 = AXIS2_PLACEMENT_3D('',#7241,#7242,#7243);
#7241 = CARTESIAN_POINT('',(49.301270189222,14.607695154587,-46.));
#7242 = DIRECTION('',(-0.5,0.866025403784,0.));
#7243 = DIRECTION('',(0.,0.,1.));
#7244 = ADVANCED_FACE('',(#7245),#7364,.T.);
#7245 = FACE_BOUND('',#7246,.T.);
#7246 = EDGE_LOOP('',(#7247,#7248,#7257,#7342,#7355,#7362,#7363));
#7247 = ORIENTED_EDGE('',*,*,#6761,.F.);
#7248 = ORIENTED_EDGE('',*,*,#7249,.F.);
#7249 = EDGE_CURVE('',#7250,#6753,#7252,.T.);
#7250 = VERTEX_POINT('',#7251);
#7251 = CARTESIAN_POINT('',(22.754734482597,-32.1,5.546770829826));
#7252 = CIRCLE('',#7253,5.);
#7253 = AXIS2_PLACEMENT_3D('',#7254,#7255,#7256);
#7254 = CARTESIAN_POINT('',(18.,-32.1,4.));
#7255 = DIRECTION('',(-2.449293598295E-16,-1.,0.));
#7256 = DIRECTION('',(1.,-2.449293598295E-16,0.));
#7257 = ORIENTED_EDGE('',*,*,#7258,.F.);
#7258 = EDGE_CURVE('',#7259,#7250,#7261,.T.);
#7259 = VERTEX_POINT('',#7260);
#7260 = CARTESIAN_POINT('',(22.752630850382,-32.,2.45));
#7261 = B_SPLINE_CURVE_WITH_KNOTS('',7,(#7262,#7263,#7264,#7265,#7266,
    #7267,#7268,#7269,#7270,#7271,#7272,#7273,#7274,#7275,#7276,#7277,
    #7278,#7279,#7280,#7281,#7282,#7283,#7284,#7285,#7286,#7287,#7288,
    #7289,#7290,#7291,#7292,#7293,#7294,#7295,#7296,#7297,#7298,#7299,
    #7300,#7301,#7302,#7303,#7304,#7305,#7306,#7307,#7308,#7309,#7310,
    #7311,#7312,#7313,#7314,#7315,#7316,#7317,#7318,#7319,#7320,#7321,
    #7322,#7323,#7324,#7325,#7326,#7327,#7328,#7329,#7330,#7331,#7332,
    #7333,#7334,#7335,#7336,#7337,#7338,#7339,#7340,#7341),
  .UNSPECIFIED.,.F.,.F.,(8,6,6,6,6,6,6,6,6,6,6,6,6,8),(0.,0.114350424399
    ,0.152780941149,0.177410473634,0.205975457279,0.232565663877,
    0.490411210378,0.747273592013,0.773863808192,0.80242880213,
    0.82705834349,0.865488874088,0.979840001955,1.),.UNSPECIFIED.);
#7262 = CARTESIAN_POINT('',(22.752630850382,-32.,2.45));
#7263 = CARTESIAN_POINT('',(22.750924662385,-31.91891118288,2.45));
#7264 = CARTESIAN_POINT('',(22.749217761798,-31.83782245725,
    2.454949401042));
#7265 = CARTESIAN_POINT('',(22.747517758017,-31.75709553731,
    2.464847505512));
#7266 = CARTESIAN_POINT('',(22.745832216782,-31.67708911652,
    2.479662198182));
#7267 = CARTESIAN_POINT('',(22.744168634726,-31.59815772309,
    2.499329510379));
#7268 = CARTESIAN_POINT('',(22.742534413934,-31.52065057547,
    2.523753184155));
#7269 = CARTESIAN_POINT('',(22.740399927883,-31.41945594003,
    2.562567619143));
#7270 = CARTESIAN_POINT('',(22.73986715187,-31.39420072922,
    2.572853742369));
#7271 = CARTESIAN_POINT('',(22.739338782064,-31.36915768348,
    2.583657757368));
#7272 = CARTESIAN_POINT('',(22.738815088825,-31.34433951808,
    2.594974426171));
#7273 = CARTESIAN_POINT('',(22.738296339249,-31.31975878548,
    2.60679812162));
#7274 = CARTESIAN_POINT('',(22.737782797174,-31.29542787531,
    2.619122827365));
#7275 = CARTESIAN_POINT('',(22.736949106301,-31.2559336483,
    2.640157838598));
#7276 = CARTESIAN_POINT('',(22.73662573522,-31.24061590882,
    2.648576692262));
#7277 = CARTESIAN_POINT('',(22.736304678461,-31.22540901133,
    2.657197013702));
#7278 = CARTESIAN_POINT('',(22.735986003845,-31.21031613682,
    2.66601705476));
#7279 = CARTESIAN_POINT('',(22.735669778495,-31.19534043195,
    2.675035004281));
#7280 = CARTESIAN_POINT('',(22.735356068831,-31.18048500905,
    2.684248988112));
#7281 = CARTESIAN_POINT('',(22.734684098413,-31.14866690777,
    2.704568428455));
#7282 = CARTESIAN_POINT('',(22.734326728421,-31.13174679725,
    2.715740870796));
#7283 = CARTESIAN_POINT('',(22.733972933147,-31.11499741753,
    2.727171373187));
#7284 = CARTESIAN_POINT('',(22.733622813643,-31.09842349911,
    2.738856804062));
#7285 = CARTESIAN_POINT('',(22.733276469465,-31.08202970006,
    2.750793923231));
#7286 = CARTESIAN_POINT('',(22.732933998672,-31.06582060602,
    2.762979381873));
#7287 = CARTESIAN_POINT('',(22.732280398487,-31.03488835306,
    2.78698071907));
#7288 = CARTESIAN_POINT('',(22.731968739079,-31.02013993242,
    2.798763911789));
#7289 = CARTESIAN_POINT('',(22.731660597478,-31.00555910804,
    2.810756511975));
#7290 = CARTESIAN_POINT('',(22.731356050263,-30.99114945766,
    2.822955654442));
#7291 = CARTESIAN_POINT('',(22.731055172717,-30.97691449695,
    2.835358397545));
#7292 = CARTESIAN_POINT('',(22.730758038827,-30.96285767946,
    2.847961723179));
#7293 = CARTESIAN_POINT('',(22.727620417649,-30.81443361655,
    2.984892177022));
#7294 = CARTESIAN_POINT('',(22.72513312356,-30.69686743422,
    3.127673340997));
#7295 = CARTESIAN_POINT('',(22.723073360447,-30.59957717081,
    3.28617440055));
#7296 = CARTESIAN_POINT('',(22.72149267517,-30.5249526451,3.456879528061
    ));
#7297 = CARTESIAN_POINT('',(22.72042743416,-30.47467444413,
    3.635964336978));
#7298 = CARTESIAN_POINT('',(22.719898574771,-30.44971278045,
    3.819288240502));
#7299 = CARTESIAN_POINT('',(22.719910803823,-30.45028998002,
    4.184907311685));
#7300 = CARTESIAN_POINT('',(22.720447828316,-30.47563702875,
    4.367451051814));
#7301 = CARTESIAN_POINT('',(22.721516844102,-30.52609366997,
    4.545725588459));
#7302 = CARTESIAN_POINT('',(22.723096968217,-30.60069225668,
    4.715640105853));
#7303 = CARTESIAN_POINT('',(22.725152118541,-30.69776526658,
    4.873416220778));
#7304 = CARTESIAN_POINT('',(22.727631263998,-30.81494669924,
    5.015581173755));
#7305 = CARTESIAN_POINT('',(22.730758038827,-30.96285767946,
    5.152038276821));
#7306 = CARTESIAN_POINT('',(22.731055172717,-30.97691449695,
    5.164641602455));
#7307 = CARTESIAN_POINT('',(22.731356050263,-30.99114945766,
    5.177044345558));
#7308 = CARTESIAN_POINT('',(22.731660597478,-31.00555910804,
    5.189243488025));
#7309 = CARTESIAN_POINT('',(22.731968739079,-31.02013993242,
    5.201236088211));
#7310 = CARTESIAN_POINT('',(22.732280398487,-31.03488835306,
    5.21301928093));
#7311 = CARTESIAN_POINT('',(22.732933998672,-31.06582060602,
    5.237020618127));
#7312 = CARTESIAN_POINT('',(22.733276469465,-31.08202970006,
    5.249206076769));
#7313 = CARTESIAN_POINT('',(22.733622813643,-31.09842349911,
    5.261143195938));
#7314 = CARTESIAN_POINT('',(22.733972933147,-31.11499741753,
    5.272828626813));
#7315 = CARTESIAN_POINT('',(22.734326728421,-31.13174679725,
    5.284259129204));
#7316 = CARTESIAN_POINT('',(22.734684098413,-31.14866690777,
    5.295431571545));
#7317 = CARTESIAN_POINT('',(22.735356068831,-31.18048500905,
    5.315751011888));
#7318 = CARTESIAN_POINT('',(22.735669778495,-31.19534043195,
    5.324964995719));
#7319 = CARTESIAN_POINT('',(22.735986003845,-31.21031613682,
    5.33398294524));
#7320 = CARTESIAN_POINT('',(22.736304678461,-31.22540901133,
    5.342802986298));
#7321 = CARTESIAN_POINT('',(22.73662573522,-31.24061590882,
    5.351423307738));
#7322 = CARTESIAN_POINT('',(22.736949106301,-31.2559336483,
    5.359842161402));
#7323 = CARTESIAN_POINT('',(22.737782797174,-31.29542787531,
    5.380877172635));
#7324 = CARTESIAN_POINT('',(22.738296339249,-31.31975878548,
    5.39320187838));
#7325 = CARTESIAN_POINT('',(22.738815088825,-31.34433951808,
    5.405025573829));
#7326 = CARTESIAN_POINT('',(22.739338782064,-31.36915768348,
    5.416342242632));
#7327 = CARTESIAN_POINT('',(22.73986715187,-31.39420072922,
    5.427146257631));
#7328 = CARTESIAN_POINT('',(22.740399927883,-31.41945594003,
    5.437432380857));
#7329 = CARTESIAN_POINT('',(22.742534423186,-31.52065101412,
    5.476246984095));
#7330 = CARTESIAN_POINT('',(22.74416864036,-31.59815799059,
    5.500670528475));
#7331 = CARTESIAN_POINT('',(22.745832222227,-31.67708937482,
    5.520337874438));
#7332 = CARTESIAN_POINT('',(22.747517773616,-31.75709627725,
    5.535152704392));
#7333 = CARTESIAN_POINT('',(22.749217793681,-31.83782397113,
    5.545050810536));
#7334 = CARTESIAN_POINT('',(22.750924699619,-31.91891295248,5.55));
#7335 = CARTESIAN_POINT('',(22.752931643183,-32.01429557145,5.55));
#7336 = CARTESIAN_POINT('',(22.753232413787,-32.02859114353,
    5.549846178128));
#7337 = CARTESIAN_POINT('',(22.753533120699,-32.04288474386,
    5.549538534337));
#7338 = CARTESIAN_POINT('',(22.753833722456,-32.05717440063,
    5.549077099745));
#7339 = CARTESIAN_POINT('',(22.754134177622,-32.0714581426,
    5.548461936637));
#7340 = CARTESIAN_POINT('',(22.754434444794,-32.08573399909,
    5.547693138459));
#7341 = CARTESIAN_POINT('',(22.754734482597,-32.1,5.546770829826));
#7342 = ORIENTED_EDGE('',*,*,#7343,.F.);
#7343 = EDGE_CURVE('',#7344,#7259,#7346,.T.);
#7344 = VERTEX_POINT('',#7345);
#7345 = CARTESIAN_POINT('',(22.754734482597,-32.1,2.453229170174));
#7346 = B_SPLINE_CURVE_WITH_KNOTS('',4,(#7347,#7348,#7349,#7350,#7351,
    #7352,#7353,#7354),.UNSPECIFIED.,.F.,.F.,(5,3,5),(0.,0.735402089797,
    1.),.UNSPECIFIED.);
#7347 = CARTESIAN_POINT('',(22.754734482597,-32.1,2.453229170174));
#7348 = CARTESIAN_POINT('',(22.754348347826,-32.08164031686,
    2.452042201634));
#7349 = CARTESIAN_POINT('',(22.753961778941,-32.06326198079,
    2.451145806542));
#7350 = CARTESIAN_POINT('',(22.753574919846,-32.04487184406,
    2.450540418369));
#7351 = CARTESIAN_POINT('',(22.753048670356,-32.01985821691,
    2.450113078558));
#7352 = CARTESIAN_POINT('',(22.752909406953,-32.01323902418,
    2.450037692851));
#7353 = CARTESIAN_POINT('',(22.752770131389,-32.00661951214,2.45));
#7354 = CARTESIAN_POINT('',(22.752630850382,-32.,2.45));
#7355 = ORIENTED_EDGE('',*,*,#7356,.F.);
#7356 = EDGE_CURVE('',#5837,#7344,#7357,.T.);
#7357 = CIRCLE('',#7358,5.);
#7358 = AXIS2_PLACEMENT_3D('',#7359,#7360,#7361);
#7359 = CARTESIAN_POINT('',(18.,-32.1,4.));
#7360 = DIRECTION('',(-2.449293598295E-16,-1.,0.));
#7361 = DIRECTION('',(1.,-2.449293598295E-16,0.));
#7362 = ORIENTED_EDGE('',*,*,#5836,.T.);
#7363 = ORIENTED_EDGE('',*,*,#7167,.T.);
#7364 = SPHERICAL_SURFACE('',#7365,5.);
#7365 = AXIS2_PLACEMENT_3D('',#7366,#7367,#7368);
#7366 = CARTESIAN_POINT('',(18.,-32.1,4.));
#7367 = DIRECTION('',(0.,0.,1.));
#7368 = DIRECTION('',(1.,0.,0.));
#7369 = ADVANCED_FACE('',(#7370),#7406,.F.);
#7370 = FACE_BOUND('',#7371,.T.);
#7371 = EDGE_LOOP('',(#7372,#7373,#7374,#7380,#7381,#7382,#7391,#7399));
#7372 = ORIENTED_EDGE('',*,*,#7194,.F.);
#7373 = ORIENTED_EDGE('',*,*,#6166,.T.);
#7374 = ORIENTED_EDGE('',*,*,#7375,.F.);
#7375 = EDGE_CURVE('',#6439,#6158,#7376,.T.);
#7376 = LINE('',#7377,#7378);
#7377 = CARTESIAN_POINT('',(29.78107652713,3.617662350914,-46.));
#7378 = VECTOR('',#7379,1.);
#7379 = DIRECTION('',(0.,0.,-1.));
#7380 = ORIENTED_EDGE('',*,*,#6438,.F.);
#7381 = ORIENTED_EDGE('',*,*,#7183,.F.);
#7382 = ORIENTED_EDGE('',*,*,#7383,.T.);
#7383 = EDGE_CURVE('',#7184,#7384,#7386,.T.);
#7384 = VERTEX_POINT('',#7385);
#7385 = CARTESIAN_POINT('',(31.222460682875,4.205344094962,5.65));
#7386 = ELLIPSE('',#7387,13.856406460551,12.);
#7387 = AXIS2_PLACEMENT_3D('',#7388,#7389,#7390);
#7388 = CARTESIAN_POINT('',(25.980762113533,15.,6.145299461621));
#7389 = DIRECTION('',(0.433012701892,0.25,-0.866025403784));
#7390 = DIRECTION('',(-0.75,-0.433012701892,-0.5));
#7391 = ORIENTED_EDGE('',*,*,#7392,.T.);
#7392 = EDGE_CURVE('',#7384,#7393,#7395,.T.);
#7393 = VERTEX_POINT('',#7394);
#7394 = CARTESIAN_POINT('',(31.222460682875,4.205344094962,2.35));
#7395 = LINE('',#7396,#7397);
#7396 = CARTESIAN_POINT('',(31.222460682875,4.205344094962,-46.));
#7397 = VECTOR('',#7398,1.);
#7398 = DIRECTION('',(0.,0.,-1.));
#7399 = ORIENTED_EDGE('',*,*,#7400,.T.);
#7400 = EDGE_CURVE('',#7393,#7195,#7401,.T.);
#7401 = ELLIPSE('',#7402,13.856406460551,12.);
#7402 = AXIS2_PLACEMENT_3D('',#7403,#7404,#7405);
#7403 = CARTESIAN_POINT('',(25.980762113533,15.,1.854700538379));
#7404 = DIRECTION('',(0.433012701892,0.25,0.866025403784));
#7405 = DIRECTION('',(0.75,0.433012701892,-0.5));
#7406 = CYLINDRICAL_SURFACE('',#7407,12.);
#7407 = AXIS2_PLACEMENT_3D('',#7408,#7409,#7410);
#7408 = CARTESIAN_POINT('',(25.980762113533,15.,-46.));
#7409 = DIRECTION('',(0.,0.,-1.));
#7410 = DIRECTION('',(-0.5,0.866025403784,0.));
#7411 = ADVANCED_FACE('',(#7412),#7517,.T.);
#7412 = FACE_BOUND('',#7413,.T.);
#7413 = EDGE_LOOP('',(#7414,#7415,#7416,#7466,#7467,#7468));
#7414 = ORIENTED_EDGE('',*,*,#7249,.T.);
#7415 = ORIENTED_EDGE('',*,*,#6752,.F.);
#7416 = ORIENTED_EDGE('',*,*,#7417,.F.);
#7417 = EDGE_CURVE('',#5846,#6745,#7418,.T.);
#7418 = B_SPLINE_CURVE_WITH_KNOTS('',6,(#7419,#7420,#7421,#7422,#7423,
    #7424,#7425,#7426,#7427,#7428,#7429,#7430,#7431,#7432,#7433,#7434,
    #7435,#7436,#7437,#7438,#7439,#7440,#7441,#7442,#7443,#7444,#7445,
    #7446,#7447,#7448,#7449,#7450,#7451,#7452,#7453,#7454,#7455,#7456,
    #7457,#7458,#7459,#7460,#7461,#7462,#7463,#7464,#7465),
  .UNSPECIFIED.,.F.,.F.,(7,5,5,5,5,5,5,5,5,7),(0.,4.883626554553E-02,
    0.227141164381,0.310631649331,0.367134889003,0.500229441217,
    0.689153199334,0.772643396164,0.950947136742,1.),.UNSPECIFIED.);
#7419 = CARTESIAN_POINT('',(17.231885425213,-35.,0.));
#7420 = CARTESIAN_POINT('',(17.224082257965,-35.05993726493,
    4.495294869877E-02));
#7421 = CARTESIAN_POINT('',(17.216475058769,-35.11909973799,
    9.100879076545E-02));
#7422 = CARTESIAN_POINT('',(17.20905861448,-35.17745927475,
    0.138149905875));
#7423 = CARTESIAN_POINT('',(17.201828258229,-35.23498860028,
    0.18635785054));
#7424 = CARTESIAN_POINT('',(17.194779869423,-35.29166130923,
    0.235613358109));
#7425 = CARTESIAN_POINT('',(17.162826999991,-35.55114740693,
    0.469483303899));
#7426 = CARTESIAN_POINT('',(17.140121135428,-35.74308860536,
    0.666771641725));
#7427 = CARTESIAN_POINT('',(17.119617163945,-35.92201946852,
    0.876775743433));
#7428 = CARTESIAN_POINT('',(17.101212033573,-36.0868510469,
    1.098379366626));
#7429 = CARTESIAN_POINT('',(17.084831527914,-36.2366288786,
    1.330356880871));
#7430 = CARTESIAN_POINT('',(17.063678771776,-36.43325967412,
    1.684211570931));
#7431 = CARTESIAN_POINT('',(17.05736543224,-36.49249269427,
    1.799042139835));
#7432 = CARTESIAN_POINT('',(17.051479465729,-36.54816838434,
    1.915716699767));
#7433 = CARTESIAN_POINT('',(17.046016432358,-36.6002128266,
    2.034094410598));
#7434 = CARTESIAN_POINT('',(17.040972671839,-36.6485600181,
    2.154030587775));
#7435 = CARTESIAN_POINT('',(17.033213673521,-36.7233299698,2.35749921721
    ));
#7436 = CARTESIAN_POINT('',(17.030272733578,-36.75178813711,
    2.440267609019));
#7437 = CARTESIAN_POINT('',(17.027521568173,-36.77850839484,
    2.523635907804));
#7438 = CARTESIAN_POINT('',(17.024959374858,-36.8034745064,
    2.607557569735));
#7439 = CARTESIAN_POINT('',(17.022585464216,-36.82667197636,
    2.691985477105));
#7440 = CARTESIAN_POINT('',(17.01524961018,-36.89853405679,
    2.976823757205));
#7441 = CARTESIAN_POINT('',(17.011141380469,-36.93909643781,
    3.179321962964));
#7442 = CARTESIAN_POINT('',(17.008067061477,-36.96960787834,
    3.383739859355));
#7443 = CARTESIAN_POINT('',(17.00602193656,-36.98995676978,
    3.589442535836));
#7444 = CARTESIAN_POINT('',(17.005003788835,-37.00008730077,
    3.795787686489));
#7445 = CARTESIAN_POINT('',(17.00502512736,-36.99987498513,
    4.295018136531));
#7446 = CARTESIAN_POINT('',(17.007106876763,-36.97916187543,
    4.587912587504));
#7447 = CARTESIAN_POINT('',(17.011258168649,-36.93785805427,
    4.878940441531));
#7448 = CARTESIAN_POINT('',(17.017487598929,-36.87620107768,
    5.166273258043));
#7449 = CARTESIAN_POINT('',(17.025815053833,-36.79463461906,
    5.44812197554));
#7450 = CARTESIAN_POINT('',(17.040895795636,-36.64929756026,
    5.844111028278));
#7451 = CARTESIAN_POINT('',(17.045934142295,-36.60099833975,
    5.964066468683));
#7452 = CARTESIAN_POINT('',(17.051391723431,-36.54900123463,
    6.082464956206));
#7453 = CARTESIAN_POINT('',(17.057272193733,-36.49337218535,
    6.199161779781));
#7454 = CARTESIAN_POINT('',(17.063579986506,-36.43418504831,
    6.314016069418));
#7455 = CARTESIAN_POINT('',(17.084715123975,-36.23769596858,
    6.667948869672));
#7456 = CARTESIAN_POINT('',(17.101083338066,-36.08801115543,
    6.899985902947));
#7457 = CARTESIAN_POINT('',(17.119475824617,-35.92326836822,
    7.121655280108));
#7458 = CARTESIAN_POINT('',(17.139966690419,-35.74442150573,
    7.331730994503));
#7459 = CARTESIAN_POINT('',(17.162658842722,-35.55255897766,
    7.529096373426));
#7460 = CARTESIAN_POINT('',(17.194623604737,-35.29291788219,
    7.763294174286));
#7461 = CARTESIAN_POINT('',(17.201700011325,-35.23600909206,
    7.812786798319));
#7462 = CARTESIAN_POINT('',(17.208959947745,-35.1782357157,
    7.861222805495));
#7463 = CARTESIAN_POINT('',(17.216407585175,-35.11962450369,
    7.908582664412));
#7464 = CARTESIAN_POINT('',(17.224047650279,-35.0602030916,
    7.954847681295));
#7465 = CARTESIAN_POINT('',(17.231885425213,-35.,8.));
#7466 = ORIENTED_EDGE('',*,*,#5845,.T.);
#7467 = ORIENTED_EDGE('',*,*,#7356,.T.);
#7468 = ORIENTED_EDGE('',*,*,#7469,.F.);
#7469 = EDGE_CURVE('',#7250,#7344,#7470,.T.);
#7470 = B_SPLINE_CURVE_WITH_KNOTS('',5,(#7471,#7472,#7473,#7474,#7475,
    #7476,#7477,#7478,#7479,#7480,#7481,#7482,#7483,#7484,#7485,#7486,
    #7487,#7488,#7489,#7490,#7491,#7492,#7493,#7494,#7495,#7496,#7497,
    #7498,#7499,#7500,#7501,#7502,#7503,#7504,#7505,#7506,#7507,#7508,
    #7509,#7510,#7511,#7512,#7513,#7514,#7515,#7516),.UNSPECIFIED.,.F.,
  .F.,(6,4,4,4,4,4,4,4,4,4,4,6),(0.,0.100699431951,0.141272503208,
    0.225979141111,0.359383692413,0.405552605596,0.49993773849,
    0.640490031069,0.773894426241,0.858600935133,0.899173943755,1.),
  .UNSPECIFIED.);
#7471 = CARTESIAN_POINT('',(22.754734482597,-32.1,5.546770829826));
#7472 = CARTESIAN_POINT('',(22.756705959618,-32.1937384977,
    5.540710559235));
#7473 = CARTESIAN_POINT('',(22.758666861941,-32.28702277801,
    5.527548840002));
#7474 = CARTESIAN_POINT('',(22.760602132273,-32.3791358812,
    5.507331341369));
#7475 = CARTESIAN_POINT('',(22.762497120311,-32.46937716533,
    5.480208065075));
#7476 = CARTESIAN_POINT('',(22.765079357178,-32.59240365109,
    5.43282640261));
#7477 = CARTESIAN_POINT('',(22.765812149064,-32.62732320702,
    5.418138804877));
#7478 = CARTESIAN_POINT('',(22.766535205386,-32.6617854736,
    5.402388118051));
#7479 = CARTESIAN_POINT('',(22.767247634302,-32.69574757724,
    5.385593606388));
#7480 = CARTESIAN_POINT('',(22.769411946891,-32.79894088836,
    5.330580819168));
#7481 = CARTESIAN_POINT('',(22.770825242402,-32.86635289316,
    5.288929661804));
#7482 = CARTESIAN_POINT('',(22.772180517269,-32.93102150814,
    5.243024210733));
#7483 = CARTESIAN_POINT('',(22.773470491494,-32.99259524756,
    5.193110713409));
#7484 = CARTESIAN_POINT('',(22.776606852377,-33.14234671133,
    5.055019917739));
#7485 = CARTESIAN_POINT('',(22.778346909784,-33.22547503945,
    4.961335084741));
#7486 = CARTESIAN_POINT('',(22.779882746462,-33.29888132639,
    4.859574823847));
#7487 = CARTESIAN_POINT('',(22.781193899826,-33.36156979263,
    4.751109313204));
#7488 = CARTESIAN_POINT('',(22.782636913064,-33.4305785228,
    4.598168921967));
#7489 = CARTESIAN_POINT('',(22.782979282673,-33.44695326956,
    4.558229417759));
#7490 = CARTESIAN_POINT('',(22.783292426347,-33.46193154034,
    4.517735572012));
#7491 = CARTESIAN_POINT('',(22.783575846286,-33.47548906505,
    4.476752760045));
#7492 = CARTESIAN_POINT('',(22.784346956704,-33.51237766992,
    4.350702539296));
#7493 = CARTESIAN_POINT('',(22.784738869112,-33.53112944408,
    4.264292397583));
#7494 = CARTESIAN_POINT('',(22.785001420442,-33.54369288383,
    4.176692613486));
#7495 = CARTESIAN_POINT('',(22.785132874895,-33.549983152,4.088494110855
    ));
#7496 = CARTESIAN_POINT('',(22.78513374983,-33.55002501879,
    3.868956006551));
#7497 = CARTESIAN_POINT('',(22.784843535502,-33.53613790308,
    3.73760534494));
#7498 = CARTESIAN_POINT('',(22.784262611781,-33.50833980403,
    3.608233501274));
#7499 = CARTESIAN_POINT('',(22.78339948453,-33.46704677553,
    3.482775796293));
#7500 = CARTESIAN_POINT('',(22.781199889586,-33.36185618457,
    3.249410081416));
#7501 = CARTESIAN_POINT('',(22.779889603546,-33.29920910518,
    3.140920682652));
#7502 = CARTESIAN_POINT('',(22.778354581528,-33.22584164203,
    3.039132428141));
#7503 = CARTESIAN_POINT('',(22.776615275082,-33.1427490442,
    2.945415880311));
#7504 = CARTESIAN_POINT('',(22.773480023131,-32.99305024316,
    2.80726796252));
#7505 = CARTESIAN_POINT('',(22.772190450498,-32.931495548,2.757330984843
    ));
#7506 = CARTESIAN_POINT('',(22.770835545527,-32.86684444511,
    2.711400870139));
#7507 = CARTESIAN_POINT('',(22.769422586238,-32.79944832761,
    2.669724001755));
#7508 = CARTESIAN_POINT('',(22.767258718754,-32.69627600215,
    2.614671857568));
#7509 = CARTESIAN_POINT('',(22.766546425907,-32.66232030577,
    2.597864393372));
#7510 = CARTESIAN_POINT('',(22.765823497388,-32.62786404879,
    2.582100563443));
#7511 = CARTESIAN_POINT('',(22.765090824883,-32.59295009779,
    2.567399648455));
#7512 = CARTESIAN_POINT('',(22.762506656915,-32.46983130868,
    2.519928505177));
#7513 = CARTESIAN_POINT('',(22.760609437035,-32.37948356638,
    2.492745004986));
#7514 = CARTESIAN_POINT('',(22.758671796377,-32.28725751965,
    2.472484291778));
#7515 = CARTESIAN_POINT('',(22.756708440083,-32.19385643723,
    2.459297065652));
#7516 = CARTESIAN_POINT('',(22.754734482597,-32.1,2.453229170174));
#7517 = SPHERICAL_SURFACE('',#7518,5.);
#7518 = AXIS2_PLACEMENT_3D('',#7519,#7520,#7521);
#7519 = CARTESIAN_POINT('',(18.,-32.1,4.));
#7520 = DIRECTION('',(0.,0.,1.));
#7521 = DIRECTION('',(1.,0.,0.));
#7522 = ADVANCED_FACE('',(#7523),#7534,.T.);
#7523 = FACE_BOUND('',#7524,.F.);
#7524 = EDGE_LOOP('',(#7525,#7526,#7527,#7528));
#7525 = ORIENTED_EDGE('',*,*,#6157,.F.);
#7526 = ORIENTED_EDGE('',*,*,#7375,.F.);
#7527 = ORIENTED_EDGE('',*,*,#6447,.T.);
#7528 = ORIENTED_EDGE('',*,*,#7529,.T.);
#7529 = EDGE_CURVE('',#6448,#6149,#7530,.T.);
#7530 = LINE('',#7531,#7532);
#7531 = CARTESIAN_POINT('',(18.023525761771,23.982337649086,-46.));
#7532 = VECTOR('',#7533,1.);
#7533 = DIRECTION('',(0.,0.,-1.));
#7534 = CYLINDRICAL_SURFACE('',#7535,30.);
#7535 = AXIS2_PLACEMENT_3D('',#7536,#7537,#7538);
#7536 = CARTESIAN_POINT('',(0.,0.,0.));
#7537 = DIRECTION('',(-0.,-0.,-1.));
#7538 = DIRECTION('',(1.,0.,0.));
#7539 = ADVANCED_FACE('',(#7540),#7552,.T.);
#7540 = FACE_BOUND('',#7541,.F.);
#7541 = EDGE_LOOP('',(#7542,#7543,#7544,#7551));
#7542 = ORIENTED_EDGE('',*,*,#7417,.F.);
#7543 = ORIENTED_EDGE('',*,*,#5854,.T.);
#7544 = ORIENTED_EDGE('',*,*,#7545,.T.);
#7545 = EDGE_CURVE('',#5855,#6737,#7546,.T.);
#7546 = CIRCLE('',#7547,5.);
#7547 = AXIS2_PLACEMENT_3D('',#7548,#7549,#7550);
#7548 = CARTESIAN_POINT('',(12.,-32.,4.));
#7549 = DIRECTION('',(-1.,0.,2.22044604925E-16));
#7550 = DIRECTION('',(-2.22044604925E-16,0.,-1.));
#7551 = ORIENTED_EDGE('',*,*,#6744,.F.);
#7552 = CYLINDRICAL_SURFACE('',#7553,5.);
#7553 = AXIS2_PLACEMENT_3D('',#7554,#7555,#7556);
#7554 = CARTESIAN_POINT('',(-23.,-32.,4.));
#7555 = DIRECTION('',(-1.,-0.,2.22044604925E-16));
#7556 = DIRECTION('',(-2.22044604925E-16,0.,-1.));
#7557 = ADVANCED_FACE('',(#7558),#7603,.F.);
#7558 = FACE_BOUND('',#7559,.T.);
#7559 = EDGE_LOOP('',(#7560,#7561,#7562,#7570,#7579,#7587,#7596,#7602));
#7560 = ORIENTED_EDGE('',*,*,#7529,.T.);
#7561 = ORIENTED_EDGE('',*,*,#6148,.T.);
#7562 = ORIENTED_EDGE('',*,*,#7563,.T.);
#7563 = EDGE_CURVE('',#6141,#7564,#7566,.T.);
#7564 = VERTEX_POINT('',#7565);
#7565 = CARTESIAN_POINT('',(19.980762113533,25.392304845413,
    1.854700538379));
#7566 = LINE('',#7567,#7568);
#7567 = CARTESIAN_POINT('',(19.980762113533,25.392304845413,-46.));
#7568 = VECTOR('',#7569,1.);
#7569 = DIRECTION('',(0.,0.,1.));
#7570 = ORIENTED_EDGE('',*,*,#7571,.T.);
#7571 = EDGE_CURVE('',#7564,#7572,#7574,.T.);
#7572 = VERTEX_POINT('',#7573);
#7573 = CARTESIAN_POINT('',(19.25316515933,24.936772072549,2.35));
#7574 = ELLIPSE('',#7575,13.856406460551,12.);
#7575 = AXIS2_PLACEMENT_3D('',#7576,#7577,#7578);
#7576 = CARTESIAN_POINT('',(25.980762113533,15.,1.854700538379));
#7577 = DIRECTION('',(0.433012701892,0.25,0.866025403784));
#7578 = DIRECTION('',(0.75,0.433012701892,-0.5));
#7579 = ORIENTED_EDGE('',*,*,#7580,.F.);
#7580 = EDGE_CURVE('',#7581,#7572,#7583,.T.);
#7581 = VERTEX_POINT('',#7582);
#7582 = CARTESIAN_POINT('',(19.25316515933,24.936772072549,5.65));
#7583 = LINE('',#7584,#7585);
#7584 = CARTESIAN_POINT('',(19.25316515933,24.936772072549,-46.));
#7585 = VECTOR('',#7586,1.);
#7586 = DIRECTION('',(0.,0.,-1.));
#7587 = ORIENTED_EDGE('',*,*,#7588,.T.);
#7588 = EDGE_CURVE('',#7581,#7589,#7591,.T.);
#7589 = VERTEX_POINT('',#7590);
#7590 = CARTESIAN_POINT('',(19.980762113533,25.392304845413,
    6.145299461621));
#7591 = ELLIPSE('',#7592,13.856406460551,12.);
#7592 = AXIS2_PLACEMENT_3D('',#7593,#7594,#7595);
#7593 = CARTESIAN_POINT('',(25.980762113533,15.,6.145299461621));
#7594 = DIRECTION('',(0.433012701892,0.25,-0.866025403784));
#7595 = DIRECTION('',(-0.75,-0.433012701892,-0.5));
#7596 = ORIENTED_EDGE('',*,*,#7597,.T.);
#7597 = EDGE_CURVE('',#7589,#6457,#7598,.T.);
#7598 = LINE('',#7599,#7600);
#7599 = CARTESIAN_POINT('',(19.980762113533,25.392304845413,-46.));
#7600 = VECTOR('',#7601,1.);
#7601 = DIRECTION('',(0.,0.,1.));
#7602 = ORIENTED_EDGE('',*,*,#6456,.F.);
#7603 = CYLINDRICAL_SURFACE('',#7604,12.);
#7604 = AXIS2_PLACEMENT_3D('',#7605,#7606,#7607);
#7605 = CARTESIAN_POINT('',(25.980762113533,15.,-46.));
#7606 = DIRECTION('',(0.,0.,-1.));
#7607 = DIRECTION('',(-0.5,0.866025403784,0.));
#7608 = ADVANCED_FACE('',(#7609),#7668,.F.);
#7609 = FACE_BOUND('',#7610,.F.);
#7610 = EDGE_LOOP('',(#7611,#7619,#7620,#7621,#7622,#7630,#7638,#7646,
    #7654,#7662));
#7611 = ORIENTED_EDGE('',*,*,#7612,.T.);
#7612 = EDGE_CURVE('',#7613,#6728,#7615,.T.);
#7613 = VERTEX_POINT('',#7614);
#7614 = CARTESIAN_POINT('',(12.,-30.,6.145299461621));
#7615 = LINE('',#7616,#7617);
#7616 = CARTESIAN_POINT('',(12.,-30.,-46.));
#7617 = VECTOR('',#7618,1.);
#7618 = DIRECTION('',(0.,0.,1.));
#7619 = ORIENTED_EDGE('',*,*,#6736,.F.);
#7620 = ORIENTED_EDGE('',*,*,#7545,.F.);
#7621 = ORIENTED_EDGE('',*,*,#5862,.F.);
#7622 = ORIENTED_EDGE('',*,*,#7623,.T.);
#7623 = EDGE_CURVE('',#5863,#7624,#7626,.T.);
#7624 = VERTEX_POINT('',#7625);
#7625 = CARTESIAN_POINT('',(12.,-30.,1.854700538379));
#7626 = LINE('',#7627,#7628);
#7627 = CARTESIAN_POINT('',(12.,-30.,-46.));
#7628 = VECTOR('',#7629,1.);
#7629 = DIRECTION('',(0.,0.,1.));
#7630 = ORIENTED_EDGE('',*,*,#7631,.T.);
#7631 = EDGE_CURVE('',#7624,#7632,#7634,.T.);
#7632 = VERTEX_POINT('',#7633);
#7633 = CARTESIAN_POINT('',(12.,-32.,0.7));
#7634 = LINE('',#7635,#7636);
#7635 = CARTESIAN_POINT('',(12.,-48.86084658918,-9.03461431703));
#7636 = VECTOR('',#7637,1.);
#7637 = DIRECTION('',(0.,-0.866025403784,-0.5));
#7638 = ORIENTED_EDGE('',*,*,#7639,.T.);
#7639 = EDGE_CURVE('',#7632,#7640,#7642,.T.);
#7640 = VERTEX_POINT('',#7641);
#7641 = CARTESIAN_POINT('',(12.,-34.85788383248,2.35));
#7642 = LINE('',#7643,#7644);
#7643 = CARTESIAN_POINT('',(12.,-30.06809532706,-0.41538568297));
#7644 = VECTOR('',#7645,1.);
#7645 = DIRECTION('',(0.,-0.866025403784,0.5));
#7646 = ORIENTED_EDGE('',*,*,#7647,.T.);
#7647 = EDGE_CURVE('',#7640,#7648,#7650,.T.);
#7648 = VERTEX_POINT('',#7649);
#7649 = CARTESIAN_POINT('',(12.,-34.85788383248,5.65));
#7650 = LINE('',#7651,#7652);
#7651 = CARTESIAN_POINT('',(12.,-34.85788383248,-20.175));
#7652 = VECTOR('',#7653,1.);
#7653 = DIRECTION('',(0.,4.037174635001E-16,1.));
#7654 = ORIENTED_EDGE('',*,*,#7655,.T.);
#7655 = EDGE_CURVE('',#7648,#7656,#7658,.T.);
#7656 = VERTEX_POINT('',#7657);
#7657 = CARTESIAN_POINT('',(12.,-32.,7.3));
#7658 = LINE('',#7659,#7660);
#7659 = CARTESIAN_POINT('',(12.,-50.28978850542,-3.25961431703));
#7660 = VECTOR('',#7661,1.);
#7661 = DIRECTION('',(0.,0.866025403784,0.5));
#7662 = ORIENTED_EDGE('',*,*,#7663,.T.);
#7663 = EDGE_CURVE('',#7656,#7613,#7664,.T.);
#7664 = LINE('',#7665,#7666);
#7665 = CARTESIAN_POINT('',(12.,-25.78126957832,3.70961431703));
#7666 = VECTOR('',#7667,1.);
#7667 = DIRECTION('',(0.,0.866025403784,-0.5));
#7668 = PLANE('',#7669);
#7669 = AXIS2_PLACEMENT_3D('',#7670,#7671,#7672);
#7670 = CARTESIAN_POINT('',(12.,-50.,-46.));
#7671 = DIRECTION('',(1.,0.,0.));
#7672 = DIRECTION('',(0.,0.,1.));
#7673 = ADVANCED_FACE('',(#7674),#7725,.F.);
#7674 = FACE_BOUND('',#7675,.F.);
#7675 = EDGE_LOOP('',(#7676,#7677,#7678,#7685,#7686,#7687,#7695,#7703,
    #7711,#7719));
#7676 = ORIENTED_EDGE('',*,*,#7597,.T.);
#7677 = ORIENTED_EDGE('',*,*,#6465,.F.);
#7678 = ORIENTED_EDGE('',*,*,#7679,.F.);
#7679 = EDGE_CURVE('',#6133,#6466,#7680,.T.);
#7680 = CIRCLE('',#7681,5.);
#7681 = AXIS2_PLACEMENT_3D('',#7682,#7683,#7684);
#7682 = CARTESIAN_POINT('',(21.712812921102,26.392304845413,4.));
#7683 = DIRECTION('',(0.5,-0.866025403784,2.22044604925E-16));
#7684 = DIRECTION('',(1.110223024625E-16,-1.922962686384E-16,-1.));
#7685 = ORIENTED_EDGE('',*,*,#6140,.F.);
#7686 = ORIENTED_EDGE('',*,*,#7563,.T.);
#7687 = ORIENTED_EDGE('',*,*,#7688,.T.);
#7688 = EDGE_CURVE('',#7564,#7689,#7691,.T.);
#7689 = VERTEX_POINT('',#7690);
#7690 = CARTESIAN_POINT('',(21.712812921102,26.392304845413,0.7));
#7691 = LINE('',#7692,#7693);
#7692 = CARTESIAN_POINT('',(36.314734396647,34.822728140005,
    -9.03461431703));
#7693 = VECTOR('',#7694,1.);
#7694 = DIRECTION('',(0.75,0.433012701892,-0.5));
#7695 = ORIENTED_EDGE('',*,*,#7696,.T.);
#7696 = EDGE_CURVE('',#7689,#7697,#7699,.T.);
#7697 = VERTEX_POINT('',#7698);
#7698 = CARTESIAN_POINT('',(24.187812921102,27.821246761658,2.35));
#7699 = LINE('',#7700,#7701);
#7700 = CARTESIAN_POINT('',(20.039734396647,25.426352508944,
    -0.41538568297));
#7701 = VECTOR('',#7702,1.);
#7702 = DIRECTION('',(0.75,0.433012701892,0.5));
#7703 = ORIENTED_EDGE('',*,*,#7704,.T.);
#7704 = EDGE_CURVE('',#7697,#7705,#7707,.T.);
#7705 = VERTEX_POINT('',#7706);
#7706 = CARTESIAN_POINT('',(24.187812921102,27.821246761658,5.65));
#7707 = LINE('',#7708,#7709);
#7708 = CARTESIAN_POINT('',(24.187812921102,27.821246761658,-20.175));
#7709 = VECTOR('',#7710,1.);
#7710 = DIRECTION('',(-3.496295793425E-16,-2.0185873175E-16,1.));
#7711 = ORIENTED_EDGE('',*,*,#7712,.T.);
#7712 = EDGE_CURVE('',#7705,#7713,#7715,.T.);
#7713 = VERTEX_POINT('',#7714);
#7714 = CARTESIAN_POINT('',(21.712812921102,26.392304845413,7.3));
#7715 = LINE('',#7716,#7717);
#7716 = CARTESIAN_POINT('',(37.552234396647,35.537199098127,
    -3.25961431703));
#7717 = VECTOR('',#7718,1.);
#7718 = DIRECTION('',(-0.75,-0.433012701892,0.5));
#7719 = ORIENTED_EDGE('',*,*,#7720,.T.);
#7720 = EDGE_CURVE('',#7713,#7589,#7721,.T.);
#7721 = LINE('',#7722,#7723);
#7722 = CARTESIAN_POINT('',(16.327234396647,23.282939634577,
    3.70961431703));
#7723 = VECTOR('',#7724,1.);
#7724 = DIRECTION('',(-0.75,-0.433012701892,-0.5));
#7725 = PLANE('',#7726);
#7726 = AXIS2_PLACEMENT_3D('',#7727,#7728,#7729);
#7727 = CARTESIAN_POINT('',(37.301270189222,35.392304845413,-46.));
#7728 = DIRECTION('',(-0.5,0.866025403784,0.));
#7729 = DIRECTION('',(0.,0.,1.));
#7730 = ADVANCED_FACE('',(#7731),#7767,.F.);
#7731 = FACE_BOUND('',#7732,.T.);
#7732 = EDGE_LOOP('',(#7733,#7739,#7740,#7741,#7750,#7758,#7765,#7766));
#7733 = ORIENTED_EDGE('',*,*,#7734,.T.);
#7734 = EDGE_CURVE('',#6719,#5871,#7735,.T.);
#7735 = LINE('',#7736,#7737);
#7736 = CARTESIAN_POINT('',(11.757550765359,-27.6,-46.));
#7737 = VECTOR('',#7738,1.);
#7738 = DIRECTION('',(-0.,-0.,-1.));
#7739 = ORIENTED_EDGE('',*,*,#5870,.T.);
#7740 = ORIENTED_EDGE('',*,*,#7623,.T.);
#7741 = ORIENTED_EDGE('',*,*,#7742,.T.);
#7742 = EDGE_CURVE('',#7624,#7743,#7745,.T.);
#7743 = VERTEX_POINT('',#7744);
#7744 = CARTESIAN_POINT('',(11.969295523545,-29.14211616751,2.35));
#7745 = ELLIPSE('',#7746,13.856406460551,12.);
#7746 = AXIS2_PLACEMENT_3D('',#7747,#7748,#7749);
#7747 = CARTESIAN_POINT('',(0.,-30.,1.854700538379));
#7748 = DIRECTION('',(1.922962686384E-16,-0.5,0.866025403784));
#7749 = DIRECTION('',(3.330669073875E-16,-0.866025403784,-0.5));
#7750 = ORIENTED_EDGE('',*,*,#7751,.F.);
#7751 = EDGE_CURVE('',#7752,#7743,#7754,.T.);
#7752 = VERTEX_POINT('',#7753);
#7753 = CARTESIAN_POINT('',(11.969295523545,-29.14211616751,5.65));
#7754 = LINE('',#7755,#7756);
#7755 = CARTESIAN_POINT('',(11.969295523545,-29.14211616751,-46.));
#7756 = VECTOR('',#7757,1.);
#7757 = DIRECTION('',(-0.,-0.,-1.));
#7758 = ORIENTED_EDGE('',*,*,#7759,.T.);
#7759 = EDGE_CURVE('',#7752,#7613,#7760,.T.);
#7760 = ELLIPSE('',#7761,13.856406460551,12.);
#7761 = AXIS2_PLACEMENT_3D('',#7762,#7763,#7764);
#7762 = CARTESIAN_POINT('',(0.,-30.,6.145299461621));
#7763 = DIRECTION('',(-1.922962686384E-16,-0.5,-0.866025403784));
#7764 = DIRECTION('',(3.330669073875E-16,0.866025403784,-0.5));
#7765 = ORIENTED_EDGE('',*,*,#7612,.T.);
#7766 = ORIENTED_EDGE('',*,*,#6727,.F.);
#7767 = CYLINDRICAL_SURFACE('',#7768,12.);
#7768 = AXIS2_PLACEMENT_3D('',#7769,#7770,#7771);
#7769 = CARTESIAN_POINT('',(0.,-30.,-46.));
#7770 = DIRECTION('',(-0.,-0.,-1.));
#7771 = DIRECTION('',(1.,0.,0.));
#7772 = ADVANCED_FACE('',(#7773),#7828,.T.);
#7773 = FACE_BOUND('',#7774,.F.);
#7774 = EDGE_LOOP('',(#7775,#7825,#7826,#7827));
#7775 = ORIENTED_EDGE('',*,*,#7776,.F.);
#7776 = EDGE_CURVE('',#6124,#6474,#7777,.T.);
#7777 = B_SPLINE_CURVE_WITH_KNOTS('',6,(#7778,#7779,#7780,#7781,#7782,
    #7783,#7784,#7785,#7786,#7787,#7788,#7789,#7790,#7791,#7792,#7793,
    #7794,#7795,#7796,#7797,#7798,#7799,#7800,#7801,#7802,#7803,#7804,
    #7805,#7806,#7807,#7808,#7809,#7810,#7811,#7812,#7813,#7814,#7815,
    #7816,#7817,#7818,#7819,#7820,#7821,#7822,#7823,#7824),
  .UNSPECIFIED.,.F.,.F.,(7,5,5,5,5,5,5,5,5,7),(0.,4.883626554553E-02,
    0.227141164381,0.310631649331,0.367134889003,0.500229441217,
    0.689153199334,0.772643396164,0.950947136742,1.),.UNSPECIFIED.);
#7778 = CARTESIAN_POINT('',(21.694946419849,32.423250533337,0.));
#7779 = CARTESIAN_POINT('',(21.750755197537,32.446461424736,
    4.495294869877E-02));
#7780 = CARTESIAN_POINT('',(21.805795001761,32.469454633514,
    9.100879076545E-02));
#7781 = CARTESIAN_POINT('',(21.860044065287,32.492211572731,
    0.138149905875));
#7782 = CARTESIAN_POINT('',(21.913481100787,32.514714563305,
    0.18635785054));
#7783 = CARTESIAN_POINT('',(21.96608530084,32.536946834017,
    0.235613358109));
#7784 = CARTESIAN_POINT('',(22.206783288099,32.639017886219,
    0.469483303899));
#7785 = CARTESIAN_POINT('',(22.384362174252,32.715324629907,
    0.666771641725));
#7786 = CARTESIAN_POINT('',(22.549572833007,32.787033101302,
    0.876775743433));
#7787 = CARTESIAN_POINT('',(22.701523732421,32.853509580033,
    1.098379366626));
#7788 = CARTESIAN_POINT('',(22.83942539242,32.914212561851,
    1.330356880871));
#7789 = CARTESIAN_POINT('',(23.020289034576,32.994209135436,
    1.684211570931));
#7790 = CARTESIAN_POINT('',(23.074743004541,33.018358133092,
    1.799042139835));
#7791 = CARTESIAN_POINT('',(23.125902549768,33.041098581601,
    1.915716699767));
#7792 = CARTESIAN_POINT('',(23.173705875578,33.062389677052,
    2.034094410598));
#7793 = CARTESIAN_POINT('',(23.218097651881,33.082195248063,
    2.154030587775));
#7794 = CARTESIAN_POINT('',(23.286729828649,33.11286073426,2.35749921721
    ));
#7795 = CARTESIAN_POINT('',(23.312845794455,33.124542889213,
    2.440267609019));
#7796 = CARTESIAN_POINT('',(23.337361799148,33.135520438947,
    2.523635907804));
#7797 = CARTESIAN_POINT('',(23.360264182653,33.145784570229,
    2.607557569735));
#7798 = CARTESIAN_POINT('',(23.38154073626,33.155327438285,
    2.691985477105));
#7799 = CARTESIAN_POINT('',(23.447443050503,33.184905442548,
    2.976823757205));
#7800 = CARTESIAN_POINT('',(23.48462521776,33.201628801764,
    3.179321962964));
#7801 = CARTESIAN_POINT('',(23.512586059859,33.214222083681,
    3.383739859355));
#7802 = CARTESIAN_POINT('',(23.531231279244,33.22262539927,
    3.589442535836));
#7803 = CARTESIAN_POINT('',(23.540513650293,33.226808922968,
    3.795787686489));
#7804 = CARTESIAN_POINT('',(23.540319110298,33.226721244856,
    4.295018136531));
#7805 = CARTESIAN_POINT('',(23.521340156401,33.21816753787,
    4.587912587504));
#7806 = CARTESIAN_POINT('',(23.483494352059,33.201110751522,
    4.878940441531));
#7807 = CARTESIAN_POINT('',(23.426983128872,33.175677108101,
    5.166273258043));
#7808 = CARTESIAN_POINT('',(23.352180776156,33.142105666286,
    5.44812197554));
#7809 = CARTESIAN_POINT('',(23.21877482023,33.082497442398,
    5.844111028278));
#7810 = CARTESIAN_POINT('',(23.174427294949,33.06271116834,
    5.964066468683));
#7811 = CARTESIAN_POINT('',(23.126667690431,33.041439019691,
    6.082464956206));
#7812 = CARTESIAN_POINT('',(23.075551285414,33.018717131718,
    6.199161779781));
#7813 = CARTESIAN_POINT('',(23.02113982477,32.994586271979,
    6.314016069418));
#7814 = CARTESIAN_POINT('',(22.840407721421,32.914645298073,
    6.667948869672));
#7815 = CARTESIAN_POINT('',(22.702592763628,32.853978180717,
    6.899985902947));
#7816 = CARTESIAN_POINT('',(22.550725081537,32.787535147702,
    7.121655280108));
#7817 = CARTESIAN_POINT('',(22.385593722332,32.715857326787,
    7.331730994503));
#7818 = CARTESIAN_POINT('',(22.208089822841,32.639578043115,
    7.529096373426));
#7819 = CARTESIAN_POINT('',(21.967251657293,32.537439791312,
    7.763294174286));
#7820 = CARTESIAN_POINT('',(21.914428996046,32.515113744119,
    7.812786798319));
#7821 = CARTESIAN_POINT('',(21.860765816245,32.492514345309,
    7.861222805495));
#7822 = CARTESIAN_POINT('',(21.806283198983,32.469658582516,
    7.908582664412));
#7823 = CARTESIAN_POINT('',(21.751002714033,32.446564366939,
    7.954847681295));
#7824 = CARTESIAN_POINT('',(21.694946419849,32.423250533337,8.));
#7825 = ORIENTED_EDGE('',*,*,#6132,.T.);
#7826 = ORIENTED_EDGE('',*,*,#7679,.T.);
#7827 = ORIENTED_EDGE('',*,*,#6473,.F.);
#7828 = CYLINDRICAL_SURFACE('',#7829,5.);
#7829 = AXIS2_PLACEMENT_3D('',#7830,#7831,#7832);
#7830 = CARTESIAN_POINT('',(39.212812921102,-3.918584287042,4.));
#7831 = DIRECTION('',(0.5,-0.866025403784,2.22044604925E-16));
#7832 = DIRECTION('',(1.110223024625E-16,-1.922962686384E-16,-1.));
#7833 = ADVANCED_FACE('',(#7834),#7845,.T.);
#7834 = FACE_BOUND('',#7835,.F.);
#7835 = EDGE_LOOP('',(#7836,#7837,#7838,#7844));
#7836 = ORIENTED_EDGE('',*,*,#7734,.T.);
#7837 = ORIENTED_EDGE('',*,*,#5879,.F.);
#7838 = ORIENTED_EDGE('',*,*,#7839,.F.);
#7839 = EDGE_CURVE('',#6710,#5880,#7840,.T.);
#7840 = LINE('',#7841,#7842);
#7841 = CARTESIAN_POINT('',(-11.75755076535,-27.6,-46.));
#7842 = VECTOR('',#7843,1.);
#7843 = DIRECTION('',(-0.,-0.,-1.));
#7844 = ORIENTED_EDGE('',*,*,#6718,.T.);
#7845 = CYLINDRICAL_SURFACE('',#7846,30.);
#7846 = AXIS2_PLACEMENT_3D('',#7847,#7848,#7849);
#7847 = CARTESIAN_POINT('',(0.,0.,0.));
#7848 = DIRECTION('',(-0.,-0.,-1.));
#7849 = DIRECTION('',(1.,0.,0.));
#7850 = ADVANCED_FACE('',(#7851),#7923,.T.);
#7851 = FACE_BOUND('',#7852,.T.);
#7852 = EDGE_LOOP('',(#7853,#7862,#7863,#7864,#7865,#7874));
#7853 = ORIENTED_EDGE('',*,*,#7854,.T.);
#7854 = EDGE_CURVE('',#7855,#6482,#7857,.T.);
#7855 = VERTEX_POINT('',#7856);
#7856 = CARTESIAN_POINT('',(16.422048220182,35.756178118299,
    5.546770829826));
#7857 = CIRCLE('',#7858,5.);
#7858 = AXIS2_PLACEMENT_3D('',#7859,#7860,#7861);
#7859 = CARTESIAN_POINT('',(18.79941546148,31.63845726812,4.));
#7860 = DIRECTION('',(0.866025403784,0.5,-0.));
#7861 = DIRECTION('',(-0.5,0.866025403784,0.));
#7862 = ORIENTED_EDGE('',*,*,#6481,.F.);
#7863 = ORIENTED_EDGE('',*,*,#7776,.F.);
#7864 = ORIENTED_EDGE('',*,*,#6123,.T.);
#7865 = ORIENTED_EDGE('',*,*,#7866,.T.);
#7866 = EDGE_CURVE('',#6115,#7867,#7869,.T.);
#7867 = VERTEX_POINT('',#7868);
#7868 = CARTESIAN_POINT('',(16.422048220182,35.756178118299,
    2.453229170174));
#7869 = CIRCLE('',#7870,5.);
#7870 = AXIS2_PLACEMENT_3D('',#7871,#7872,#7873);
#7871 = CARTESIAN_POINT('',(18.79941546148,31.63845726812,4.));
#7872 = DIRECTION('',(0.866025403784,0.5,-0.));
#7873 = DIRECTION('',(-0.5,0.866025403784,0.));
#7874 = ORIENTED_EDGE('',*,*,#7875,.F.);
#7875 = EDGE_CURVE('',#7855,#7867,#7876,.T.);
#7876 = B_SPLINE_CURVE_WITH_KNOTS('',5,(#7877,#7878,#7879,#7880,#7881,
    #7882,#7883,#7884,#7885,#7886,#7887,#7888,#7889,#7890,#7891,#7892,
    #7893,#7894,#7895,#7896,#7897,#7898,#7899,#7900,#7901,#7902,#7903,
    #7904,#7905,#7906,#7907,#7908,#7909,#7910,#7911,#7912,#7913,#7914,
    #7915,#7916,#7917,#7918,#7919,#7920,#7921,#7922),.UNSPECIFIED.,.F.,
  .F.,(6,4,4,4,4,4,4,4,4,4,4,6),(0.,0.100699431951,0.141272503208,
    0.225979141111,0.359383692413,0.405552605596,0.49993773849,
    0.640490031069,0.773894426241,0.858600935133,0.899173943755,1.),
  .UNSPECIFIED.);
#7877 = CARTESIAN_POINT('',(16.422048220182,35.756178118299,
    5.546770829826));
#7878 = CARTESIAN_POINT('',(16.502242401995,35.804754716333,
    5.540710559235));
#7879 = CARTESIAN_POINT('',(16.582048507359,35.853095047716,
    5.527548840002));
#7880 = CARTESIAN_POINT('',(16.660853159571,35.900827592579,
    5.507331341369));
#7881 = CARTESIAN_POINT('',(16.738056910083,35.947589342427,
    5.480208065075));
#7882 = CARTESIAN_POINT('',(16.843309853657,36.011338868034,
    5.43282640261));
#7883 = CARTESIAN_POINT('',(16.873184680234,36.029433262384,
    5.418138804877));
#7884 = CARTESIAN_POINT('',(16.90266835041,36.047290580821,
    5.402388118051));
#7885 = CARTESIAN_POINT('',(16.931724180469,36.064888614181,
    5.385593606388));
#7886 = CARTESIAN_POINT('',(17.020010053106,36.118359619425,
    5.330580819168));
#7887 = CARTESIAN_POINT('',(17.07768391402,36.153289571636,
    5.288929661804));
#7888 = CARTESIAN_POINT('',(17.133010939993,36.186797581595,
    5.243024210733));
#7889 = CARTESIAN_POINT('',(17.185690375425,36.218701601753,
    5.193110713409));
#7890 = CARTESIAN_POINT('',(17.313810766859,36.296293501837,
    5.055019917739));
#7891 = CARTESIAN_POINT('',(17.384931982077,36.339364599812,
    4.961335084741));
#7892 = CARTESIAN_POINT('',(17.447735773033,36.377397816866,
    4.859574823847));
#7893 = CARTESIAN_POINT('',(17.501370000636,36.409877542105,
    4.751109313204));
#7894 = CARTESIAN_POINT('',(17.56041180743,36.445631593315,
    4.598168921967));
#7895 = CARTESIAN_POINT('',(17.574421569296,36.454115467471,
    4.558229417759));
#7896 = CARTESIAN_POINT('',(17.587236560461,36.461875793239,
    4.517735572012));
#7897 = CARTESIAN_POINT('',(17.5988360113,36.468900004459,4.476752760045
    ));
#7898 = CARTESIAN_POINT('',(17.630396925017,36.488012108104,
    4.350702539296));
#7899 = CARTESIAN_POINT('',(17.646440481608,36.497727401289,
    4.264292397583));
#7900 = CARTESIAN_POINT('',(17.65718946392,36.504236497283,
    4.176692613486));
#7901 = CARTESIAN_POINT('',(17.66257126873,36.507495474266,
    4.088494110855));
#7902 = CARTESIAN_POINT('',(17.662607088965,36.507517165376,
    3.868956006551));
#7903 = CARTESIAN_POINT('',(17.650725601134,36.500322274538,
    3.73760534494));
#7904 = CARTESIAN_POINT('',(17.626942203045,36.485920130315,
    3.608233501274));
#7905 = CARTESIAN_POINT('',(17.591612954989,36.464526125939,
    3.482775796293));
#7906 = CARTESIAN_POINT('',(17.501615028456,36.410025925362,
    3.249410081416));
#7907 = CARTESIAN_POINT('',(17.448016209246,36.377567644668,
    3.140920682652));
#7908 = CARTESIAN_POINT('',(17.38524563336,36.339554545031,
    3.039132428141));
#7909 = CARTESIAN_POINT('',(17.314154985988,36.296501962546,
    2.945415880311));
#7910 = CARTESIAN_POINT('',(17.18607964735,36.21893735419,2.80726796252)
  );
#7911 = CARTESIAN_POINT('',(17.133416503938,36.187043203952,
    2.757330984843));
#7912 = CARTESIAN_POINT('',(17.078104458936,36.153544270381,
    2.711400870139));
#7913 = CARTESIAN_POINT('',(17.02044418871,36.118622552993,
    2.669724001755));
#7914 = CARTESIAN_POINT('',(16.932176267633,36.065162426049,
    2.614671857568));
#7915 = CARTESIAN_POINT('',(16.903125918394,36.047567714162,
    2.597864393372));
#7916 = CARTESIAN_POINT('',(16.873647388784,36.029713511206,
    2.582100563443));
#7917 = CARTESIAN_POINT('',(16.843777356528,36.011622022706,
    2.567399648455));
#7918 = CARTESIAN_POINT('',(16.738445441458,35.947824673043,
    2.519928505177));
#7919 = CARTESIAN_POINT('',(16.661150611394,35.901007761282,
    2.492745004986));
#7920 = CARTESIAN_POINT('',(16.58224933236,35.85321669188,2.472484291778
    ));
#7921 = CARTESIAN_POINT('',(16.502343300391,35.804815834244,
    2.459297065652));
#7922 = CARTESIAN_POINT('',(16.422048220182,35.756178118299,
    2.453229170174));
#7923 = SPHERICAL_SURFACE('',#7924,5.);
#7924 = AXIS2_PLACEMENT_3D('',#7925,#7926,#7927);
#7925 = CARTESIAN_POINT('',(18.79941546148,31.63845726812,4.));
#7926 = DIRECTION('',(0.,0.,1.));
#7927 = DIRECTION('',(-0.5,0.866025403784,0.));
#7928 = ADVANCED_FACE('',(#7929),#7974,.F.);
#7929 = FACE_BOUND('',#7930,.T.);
#7930 = EDGE_LOOP('',(#7931,#7939,#7940,#7941,#7942,#7950,#7959,#7967));
#7931 = ORIENTED_EDGE('',*,*,#7932,.F.);
#7932 = EDGE_CURVE('',#5889,#7933,#7935,.T.);
#7933 = VERTEX_POINT('',#7934);
#7934 = CARTESIAN_POINT('',(-12.,-30.,1.854700538379));
#7935 = LINE('',#7936,#7937);
#7936 = CARTESIAN_POINT('',(-12.,-30.,-46.));
#7937 = VECTOR('',#7938,1.);
#7938 = DIRECTION('',(0.,0.,1.));
#7939 = ORIENTED_EDGE('',*,*,#5888,.T.);
#7940 = ORIENTED_EDGE('',*,*,#7839,.F.);
#7941 = ORIENTED_EDGE('',*,*,#6709,.F.);
#7942 = ORIENTED_EDGE('',*,*,#7943,.F.);
#7943 = EDGE_CURVE('',#7944,#6702,#7946,.T.);
#7944 = VERTEX_POINT('',#7945);
#7945 = CARTESIAN_POINT('',(-12.,-30.,6.145299461621));
#7946 = LINE('',#7947,#7948);
#7947 = CARTESIAN_POINT('',(-12.,-30.,-46.));
#7948 = VECTOR('',#7949,1.);
#7949 = DIRECTION('',(0.,0.,1.));
#7950 = ORIENTED_EDGE('',*,*,#7951,.T.);
#7951 = EDGE_CURVE('',#7944,#7952,#7954,.T.);
#7952 = VERTEX_POINT('',#7953);
#7953 = CARTESIAN_POINT('',(-11.96929552354,-29.14211616751,5.65));
#7954 = ELLIPSE('',#7955,13.856406460551,12.);
#7955 = AXIS2_PLACEMENT_3D('',#7956,#7957,#7958);
#7956 = CARTESIAN_POINT('',(0.,-30.,6.145299461621));
#7957 = DIRECTION('',(-1.922962686384E-16,-0.5,-0.866025403784));
#7958 = DIRECTION('',(3.330669073875E-16,0.866025403784,-0.5));
#7959 = ORIENTED_EDGE('',*,*,#7960,.T.);
#7960 = EDGE_CURVE('',#7952,#7961,#7963,.T.);
#7961 = VERTEX_POINT('',#7962);
#7962 = CARTESIAN_POINT('',(-11.96929552354,-29.14211616751,2.35));
#7963 = LINE('',#7964,#7965);
#7964 = CARTESIAN_POINT('',(-11.96929552354,-29.14211616751,-46.));
#7965 = VECTOR('',#7966,1.);
#7966 = DIRECTION('',(-0.,-0.,-1.));
#7967 = ORIENTED_EDGE('',*,*,#7968,.T.);
#7968 = EDGE_CURVE('',#7961,#7933,#7969,.T.);
#7969 = ELLIPSE('',#7970,13.856406460551,12.);
#7970 = AXIS2_PLACEMENT_3D('',#7971,#7972,#7973);
#7971 = CARTESIAN_POINT('',(0.,-30.,1.854700538379));
#7972 = DIRECTION('',(1.922962686384E-16,-0.5,0.866025403784));
#7973 = DIRECTION('',(3.330669073875E-16,-0.866025403784,-0.5));
#7974 = CYLINDRICAL_SURFACE('',#7975,12.);
#7975 = AXIS2_PLACEMENT_3D('',#7976,#7977,#7978);
#7976 = CARTESIAN_POINT('',(0.,-30.,-46.));
#7977 = DIRECTION('',(-0.,-0.,-1.));
#7978 = DIRECTION('',(1.,0.,0.));
#7979 = ADVANCED_FACE('',(#7980),#8083,.T.);
#7980 = FACE_BOUND('',#7981,.T.);
#7981 = EDGE_LOOP('',(#7982,#7983,#7984,#8069,#8080,#8081,#8082));
#7982 = ORIENTED_EDGE('',*,*,#6490,.F.);
#7983 = ORIENTED_EDGE('',*,*,#7854,.F.);
#7984 = ORIENTED_EDGE('',*,*,#7985,.F.);
#7985 = EDGE_CURVE('',#7986,#7855,#7988,.T.);
#7986 = VERTEX_POINT('',#7987);
#7987 = CARTESIAN_POINT('',(16.336497495911,35.70435631936,2.45));
#7988 = B_SPLINE_CURVE_WITH_KNOTS('',7,(#7989,#7990,#7991,#7992,#7993,
    #7994,#7995,#7996,#7997,#7998,#7999,#8000,#8001,#8002,#8003,#8004,
    #8005,#8006,#8007,#8008,#8009,#8010,#8011,#8012,#8013,#8014,#8015,
    #8016,#8017,#8018,#8019,#8020,#8021,#8022,#8023,#8024,#8025,#8026,
    #8027,#8028,#8029,#8030,#8031,#8032,#8033,#8034,#8035,#8036,#8037,
    #8038,#8039,#8040,#8041,#8042,#8043,#8044,#8045,#8046,#8047,#8048,
    #8049,#8050,#8051,#8052,#8053,#8054,#8055,#8056,#8057,#8058,#8059,
    #8060,#8061,#8062,#8063,#8064,#8065,#8066,#8067,#8068),
  .UNSPECIFIED.,.F.,.F.,(8,6,6,6,6,6,6,6,6,6,6,6,6,8),(0.,0.114350424399
    ,0.152780941149,0.177410473634,0.205975457279,0.232565663877,
    0.490411210378,0.747273592013,0.773863808192,0.80242880213,
    0.82705834349,0.865488874088,0.979840001955,1.),.UNSPECIFIED.);
#7989 = CARTESIAN_POINT('',(16.336497495911,35.70435631936,2.45));
#7990 = CARTESIAN_POINT('',(16.267125614322,35.662334308652,2.45));
#7991 = CARTESIAN_POINT('',(16.19775416826,35.620311726567,
    2.454949401042));
#7992 = CARTESIAN_POINT('',(16.128692606716,35.578476020138,
    2.464847505512));
#7993 = CARTESIAN_POINT('',(16.060247784466,35.537013088215,
    2.479662198182));
#7994 = CARTESIAN_POINT('',(15.992722983625,35.496106687178,
    2.499329510379));
#7995 = CARTESIAN_POINT('',(15.926416935204,35.455937836644,
    2.523753184155));
#7996 = CARTESIAN_POINT('',(15.839847053213,35.403491999781,
    2.562567619143));
#7997 = CARTESIAN_POINT('',(15.81824178708,35.390402996814,
    2.572853742369));
#7998 = CARTESIAN_POINT('',(15.796818058187,35.377423892272,
    2.583657757368));
#7999 = CARTESIAN_POINT('',(15.775586743097,35.364561277923,
    2.594974426171));
#8000 = CARTESIAN_POINT('',(15.754558579005,35.35182166131,2.60679812162
    ));
#8001 = CARTESIAN_POINT('',(15.73374416374,35.339211465744,
    2.619122827365));
#8002 = CARTESIAN_POINT('',(15.699958005278,35.318742354761,
    2.640157838598));
#8003 = CARTESIAN_POINT('',(15.686854139307,35.310803437453,
    2.648576692262));
#8004 = CARTESIAN_POINT('',(15.673845108146,35.302921945398,
    2.657197013702));
#8005 = CARTESIAN_POINT('',(15.66093363271,35.295099527829,2.66601705476
    ));
#8006 = CARTESIAN_POINT('',(15.648122404528,35.287337816207,
    2.675035004281));
#8007 = CARTESIAN_POINT('',(15.635414085747,35.27963842422,
    2.684248988112));
#8008 = CARTESIAN_POINT('',(15.608194786948,35.263147430128,
    2.704568428455));
#8009 = CARTESIAN_POINT('',(15.5937202264,35.254377883378,2.715740870796
    ));
#8010 = CARTESIAN_POINT('',(15.579391735696,35.245696797819,
    2.727171373187));
#8011 = CARTESIAN_POINT('',(15.565213361054,35.237106626223,
    2.738856804062));
#8012 = CARTESIAN_POINT('',(15.551189086707,35.228609783845,
    2.750793923231));
#8013 = CARTESIAN_POINT('',(15.537322834895,35.22020864842,
    2.762979381873));
#8014 = CARTESIAN_POINT('',(15.510861518127,35.204176487574,
    2.78698071907));
#8015 = CARTESIAN_POINT('',(15.498244840884,35.196532372286,
    2.798763911789));
#8016 = CARTESIAN_POINT('',(15.485771547366,35.188975101644,
    2.810756511975));
#8017 = CARTESIAN_POINT('',(15.47344469769,35.181506530831,
    2.822955654442));
#8018 = CARTESIAN_POINT('',(15.46126729886,35.174128482874,
    2.835358397545));
#8019 = CARTESIAN_POINT('',(15.449242304767,35.166842748635,
    2.847961723179));
#8020 = CARTESIAN_POINT('',(15.322272106339,35.08991345753,
    2.984892177022));
#8021 = CARTESIAN_POINT('',(15.22170045286,35.028976306497,
    3.127673340997));
#8022 = CARTESIAN_POINT('',(15.138474494768,34.978547367614,
    3.28617440055));
#8023 = CARTESIAN_POINT('',(15.074638102393,34.939866191151,
    3.456879528061));
#8024 = CARTESIAN_POINT('',(15.031628523603,34.913804564892,
    3.635964336978));
#8025 = CARTESIAN_POINT('',(15.010275518425,34.900865727383,
    3.819288240502));
#8026 = CARTESIAN_POINT('',(15.010769273389,34.901164917837,
    4.184907311685));
#8027 = CARTESIAN_POINT('',(15.032451949254,34.914303519057,
    4.367451051814));
#8028 = CARTESIAN_POINT('',(15.075614174453,34.940457634498,
    4.545725588459));
#8029 = CARTESIAN_POINT('',(15.139428383574,34.979125355477,
    4.715640105853));
#8030 = CARTESIAN_POINT('',(15.222468501001,35.029441672814,
    4.873416220778));
#8031 = CARTESIAN_POINT('',(15.322711025808,35.090179392088,
    5.015581173755));
#8032 = CARTESIAN_POINT('',(15.449242304767,35.166842748635,
    5.152038276821));
#8033 = CARTESIAN_POINT('',(15.46126729886,35.174128482874,
    5.164641602455));
#8034 = CARTESIAN_POINT('',(15.47344469769,35.181506530831,
    5.177044345558));
#8035 = CARTESIAN_POINT('',(15.485771547366,35.188975101644,
    5.189243488025));
#8036 = CARTESIAN_POINT('',(15.498244840884,35.196532372286,
    5.201236088211));
#8037 = CARTESIAN_POINT('',(15.510861518127,35.204176487574,
    5.21301928093));
#8038 = CARTESIAN_POINT('',(15.537322834895,35.22020864842,
    5.237020618127));
#8039 = CARTESIAN_POINT('',(15.551189086707,35.228609783845,
    5.249206076769));
#8040 = CARTESIAN_POINT('',(15.565213361054,35.237106626223,
    5.261143195938));
#8041 = CARTESIAN_POINT('',(15.579391735696,35.245696797819,
    5.272828626813));
#8042 = CARTESIAN_POINT('',(15.5937202264,35.254377883378,5.284259129204
    ));
#8043 = CARTESIAN_POINT('',(15.608194786948,35.263147430128,
    5.295431571545));
#8044 = CARTESIAN_POINT('',(15.635414085747,35.27963842422,
    5.315751011888));
#8045 = CARTESIAN_POINT('',(15.648122404528,35.287337816207,
    5.324964995719));
#8046 = CARTESIAN_POINT('',(15.66093363271,35.295099527829,5.33398294524
    ));
#8047 = CARTESIAN_POINT('',(15.673845108146,35.302921945398,
    5.342802986298));
#8048 = CARTESIAN_POINT('',(15.686854139306,35.310803437453,
    5.351423307738));
#8049 = CARTESIAN_POINT('',(15.699958005278,35.318742354761,
    5.359842161402));
#8050 = CARTESIAN_POINT('',(15.73374416374,35.339211465744,
    5.380877172635));
#8051 = CARTESIAN_POINT('',(15.754558579005,35.35182166131,5.39320187838
    ));
#8052 = CARTESIAN_POINT('',(15.775586743097,35.364561277923,
    5.405025573829));
#8053 = CARTESIAN_POINT('',(15.796818058187,35.377423892272,
    5.416342242632));
#8054 = CARTESIAN_POINT('',(15.81824178708,35.390402996814,
    5.427146257631));
#8055 = CARTESIAN_POINT('',(15.839847053213,35.403491999781,
    5.437432380857));
#8056 = CARTESIAN_POINT('',(15.926417310462,35.455938063983,
    5.476246984095));
#8057 = CARTESIAN_POINT('',(15.99272321247,35.496106825807,
    5.500670528475));
#8058 = CARTESIAN_POINT('',(16.060248005436,35.537013222081,
    5.520337874438));
#8059 = CARTESIAN_POINT('',(16.128693239722,35.578476403617,
    5.535152704392));
#8060 = CARTESIAN_POINT('',(16.19775546338,35.620312511121,
    5.545050810536));
#8061 = CARTESIAN_POINT('',(16.267127128225,35.662335225698,5.55));
#8062 = CARTESIAN_POINT('',(16.348727427552,35.711764599295,5.55));
#8063 = CARTESIAN_POINT('',(16.360957370831,35.719172860317,
    5.549846178128));
#8064 = CARTESIAN_POINT('',(16.37318563837,35.726580080306,
    5.549538534337));
#8065 = CARTESIAN_POINT('',(16.385410543267,35.733985237449,
    5.549077099745));
#8066 = CARTESIAN_POINT('',(16.397630399093,35.741387310242,
    5.548461936637));
#8067 = CARTESIAN_POINT('',(16.409843519892,35.748785277488,
    5.547693138459));
#8068 = CARTESIAN_POINT('',(16.422048220182,35.756178118299,
    5.546770829826));
#8069 = ORIENTED_EDGE('',*,*,#8070,.F.);
#8070 = EDGE_CURVE('',#7867,#7986,#8071,.T.);
#8071 = B_SPLINE_CURVE_WITH_KNOTS('',4,(#8072,#8073,#8074,#8075,#8076,
    #8077,#8078,#8079),.UNSPECIFIED.,.F.,.F.,(5,3,5),(0.,0.735402089797,
    1.),.UNSPECIFIED.);
#8072 = CARTESIAN_POINT('',(16.422048220182,35.756178118299,
    2.453229170174));
#8073 = CARTESIAN_POINT('',(16.406341335569,35.746663874211,
    2.452042201634));
#8074 = CARTESIAN_POINT('',(16.390618514091,35.737139927699,
    2.451145806542));
#8075 = CARTESIAN_POINT('',(16.374885618057,35.727609829533,
    2.450540418369));
#8076 = CARTESIAN_POINT('',(16.353486306244,35.714647270528,
    2.450113078558));
#8077 = CARTESIAN_POINT('',(16.347823548889,35.711217068518,
    2.450037692851));
#8078 = CARTESIAN_POINT('',(16.342160521081,35.707786696321,2.45));
#8079 = CARTESIAN_POINT('',(16.336497495911,35.70435631936,2.45));
#8080 = ORIENTED_EDGE('',*,*,#7866,.F.);
#8081 = ORIENTED_EDGE('',*,*,#6114,.T.);
#8082 = ORIENTED_EDGE('',*,*,#6859,.T.);
#8083 = SPHERICAL_SURFACE('',#8084,5.);
#8084 = AXIS2_PLACEMENT_3D('',#8085,#8086,#8087);
#8085 = CARTESIAN_POINT('',(18.79941546148,31.63845726812,4.));
#8086 = DIRECTION('',(0.,0.,1.));
#8087 = DIRECTION('',(-0.5,0.866025403784,0.));
#8088 = ADVANCED_FACE('',(#8089),#8140,.T.);
#8089 = FACE_BOUND('',#8090,.T.);
#8090 = EDGE_LOOP('',(#8091,#8092,#8093,#8100,#8101,#8102,#8110,#8118,
    #8126,#8134));
#8091 = ORIENTED_EDGE('',*,*,#7943,.T.);
#8092 = ORIENTED_EDGE('',*,*,#6701,.F.);
#8093 = ORIENTED_EDGE('',*,*,#8094,.F.);
#8094 = EDGE_CURVE('',#5898,#6694,#8095,.T.);
#8095 = CIRCLE('',#8096,5.);
#8096 = AXIS2_PLACEMENT_3D('',#8097,#8098,#8099);
#8097 = CARTESIAN_POINT('',(-12.,-32.,4.));
#8098 = DIRECTION('',(-1.,0.,2.22044604925E-16));
#8099 = DIRECTION('',(-2.22044604925E-16,0.,-1.));
#8100 = ORIENTED_EDGE('',*,*,#5897,.F.);
#8101 = ORIENTED_EDGE('',*,*,#7932,.T.);
#8102 = ORIENTED_EDGE('',*,*,#8103,.T.);
#8103 = EDGE_CURVE('',#7933,#8104,#8106,.T.);
#8104 = VERTEX_POINT('',#8105);
#8105 = CARTESIAN_POINT('',(-12.,-32.,0.7));
#8106 = LINE('',#8107,#8108);
#8107 = CARTESIAN_POINT('',(-12.,-48.86084658918,-9.03461431703));
#8108 = VECTOR('',#8109,1.);
#8109 = DIRECTION('',(0.,-0.866025403784,-0.5));
#8110 = ORIENTED_EDGE('',*,*,#8111,.T.);
#8111 = EDGE_CURVE('',#8104,#8112,#8114,.T.);
#8112 = VERTEX_POINT('',#8113);
#8113 = CARTESIAN_POINT('',(-12.,-34.85788383248,2.35));
#8114 = LINE('',#8115,#8116);
#8115 = CARTESIAN_POINT('',(-12.,-30.06809532706,-0.41538568297));
#8116 = VECTOR('',#8117,1.);
#8117 = DIRECTION('',(0.,-0.866025403784,0.5));
#8118 = ORIENTED_EDGE('',*,*,#8119,.T.);
#8119 = EDGE_CURVE('',#8112,#8120,#8122,.T.);
#8120 = VERTEX_POINT('',#8121);
#8121 = CARTESIAN_POINT('',(-12.,-34.85788383248,5.65));
#8122 = LINE('',#8123,#8124);
#8123 = CARTESIAN_POINT('',(-12.,-34.85788383248,-20.175));
#8124 = VECTOR('',#8125,1.);
#8125 = DIRECTION('',(0.,4.037174635001E-16,1.));
#8126 = ORIENTED_EDGE('',*,*,#8127,.T.);
#8127 = EDGE_CURVE('',#8120,#8128,#8130,.T.);
#8128 = VERTEX_POINT('',#8129);
#8129 = CARTESIAN_POINT('',(-12.,-32.,7.3));
#8130 = LINE('',#8131,#8132);
#8131 = CARTESIAN_POINT('',(-12.,-50.28978850542,-3.25961431703));
#8132 = VECTOR('',#8133,1.);
#8133 = DIRECTION('',(0.,0.866025403784,0.5));
#8134 = ORIENTED_EDGE('',*,*,#8135,.T.);
#8135 = EDGE_CURVE('',#8128,#7944,#8136,.T.);
#8136 = LINE('',#8137,#8138);
#8137 = CARTESIAN_POINT('',(-12.,-25.78126957832,3.70961431703));
#8138 = VECTOR('',#8139,1.);
#8139 = DIRECTION('',(0.,0.866025403784,-0.5));
#8140 = PLANE('',#8141);
#8141 = AXIS2_PLACEMENT_3D('',#8142,#8143,#8144);
#8142 = CARTESIAN_POINT('',(-12.,-50.,-46.));
#8143 = DIRECTION('',(1.,0.,0.));
#8144 = DIRECTION('',(0.,0.,1.));
#8145 = ADVANCED_FACE('',(#8146),#8201,.T.);
#8146 = FACE_BOUND('',#8147,.F.);
#8147 = EDGE_LOOP('',(#8148,#8149,#8150,#8200));
#8148 = ORIENTED_EDGE('',*,*,#8094,.F.);
#8149 = ORIENTED_EDGE('',*,*,#5905,.T.);
#8150 = ORIENTED_EDGE('',*,*,#8151,.F.);
#8151 = EDGE_CURVE('',#6685,#5906,#8152,.T.);
#8152 = B_SPLINE_CURVE_WITH_KNOTS('',6,(#8153,#8154,#8155,#8156,#8157,
    #8158,#8159,#8160,#8161,#8162,#8163,#8164,#8165,#8166,#8167,#8168,
    #8169,#8170,#8171,#8172,#8173,#8174,#8175,#8176,#8177,#8178,#8179,
    #8180,#8181,#8182,#8183,#8184,#8185,#8186,#8187,#8188,#8189,#8190,
    #8191,#8192,#8193,#8194,#8195,#8196,#8197,#8198,#8199),
  .UNSPECIFIED.,.F.,.F.,(7,5,5,5,5,5,5,5,5,7),(0.,4.893628290988E-02,
    0.227098995059,0.310592055533,0.500071659534,0.63343938437,
    0.689553174784,0.773046427284,0.951209915395,1.),.UNSPECIFIED.);
#8153 = CARTESIAN_POINT('',(-17.23188542521,-35.,8.));
#8154 = CARTESIAN_POINT('',(-17.22406627788,-35.06006001027,
    7.954954992294));
#8155 = CARTESIAN_POINT('',(-17.21644390192,-35.11934205196,
    7.90880256935));
#8156 = CARTESIAN_POINT('',(-17.2090130524,-35.17781780748,
    7.861560460043));
#8157 = CARTESIAN_POINT('',(-17.20176903487,-35.23545983581,
    7.813247223115));
#8158 = CARTESIAN_POINT('',(-17.19470770544,-35.29224157254,
    7.763882247168));
#8159 = CARTESIAN_POINT('',(-17.16276926443,-35.55163745549,
    7.530006827351));
#8160 = CARTESIAN_POINT('',(-17.14008588222,-35.74339918169,
    7.332850575747));
#8161 = CARTESIAN_POINT('',(-17.11960075218,-35.92216978519,
    7.123000475694));
#8162 = CARTESIAN_POINT('',(-17.10121108133,-36.08686302677,
    6.901570198168));
#8163 = CARTESIAN_POINT('',(-17.08484283152,-36.23652675099,
    6.669782460904));
#8164 = CARTESIAN_POINT('',(-17.06369793156,-36.43308019105,
    6.316132207419));
#8165 = CARTESIAN_POINT('',(-17.05738332864,-36.49232387371,
    6.201302779286));
#8166 = CARTESIAN_POINT('',(-17.05149613419,-36.54801015864,
    6.084628968043));
#8167 = CARTESIAN_POINT('',(-17.04603190664,-36.60006510968,
    5.966251620775));
#8168 = CARTESIAN_POINT('',(-17.04098698432,-36.64842270617,
    5.846315430094));
#8169 = CARTESIAN_POINT('',(-17.02585454498,-36.79424517381,
    5.449584538458));
#8170 = CARTESIAN_POINT('',(-17.017494646,-36.87612859173,5.166924662528
    ));
#8171 = CARTESIAN_POINT('',(-17.01124516364,-36.9379859034,
    4.878743899154));
#8172 = CARTESIAN_POINT('',(-17.00708602559,-36.97936934002,
    4.586847106432));
#8173 = CARTESIAN_POINT('',(-17.00500858473,-37.00003958213,
    4.293078958087));
#8174 = CARTESIAN_POINT('',(-17.00501537076,-36.99997206207,
    3.792563235819));
#8175 = CARTESIAN_POINT('',(-17.00604936129,-36.98968389466,
    3.585800387412));
#8176 = CARTESIAN_POINT('',(-17.00811456476,-36.96913576272,
    3.37968985281));
#8177 = CARTESIAN_POINT('',(-17.01121323178,-36.93838431989,
    3.174877857987));
#8178 = CARTESIAN_POINT('',(-17.01535013588,-36.89754247076,
    2.97200312375));
#8179 = CARTESIAN_POINT('',(-17.02271348115,-36.82542092429,
    2.687417851991));
#8180 = CARTESIAN_POINT('',(-17.02507924188,-36.80230615804,
    2.603593830954));
#8181 = CARTESIAN_POINT('',(-17.02763072134,-36.77744752485,
    2.520270671503));
#8182 = CARTESIAN_POINT('',(-17.03036859728,-36.75085926293,
    2.437494511255));
#8183 = CARTESIAN_POINT('',(-17.03329365761,-36.72255730377,
    2.355310928344));
#8184 = CARTESIAN_POINT('',(-17.04103893105,-36.64792437558,
    2.152430424069));
#8185 = CARTESIAN_POINT('',(-17.04608750802,-36.59953440454,
    2.032507249082));
#8186 = CARTESIAN_POINT('',(-17.05155541616,-36.54744750723,
    1.914143938941));
#8187 = CARTESIAN_POINT('',(-17.05744632094,-36.4917297465,
    1.797485168344));
#8188 = CARTESIAN_POINT('',(-17.06376466836,-36.4324550999,
    1.682671764202));
#8189 = CARTESIAN_POINT('',(-17.08492145579,-36.23580607912,
    1.329074244172));
#8190 = CARTESIAN_POINT('',(-17.10129799676,-36.08607963512,
    1.097326670821));
#8191 = CARTESIAN_POINT('',(-17.11969619645,-35.9213265241,
    0.875940757928));
#8192 = CARTESIAN_POINT('',(-17.1401901669,-35.74249928066,0.66613896979
    ));
#8193 = CARTESIAN_POINT('',(-17.16288279869,-35.5506845075,
    0.469034687547));
#8194 = CARTESIAN_POINT('',(-17.19481319768,-35.29139333718,
    0.235380473749));
#8195 = CARTESIAN_POINT('',(-17.20185560887,-35.23477098439,
    0.186175504026));
#8196 = CARTESIAN_POINT('',(-17.20907965523,-35.17729370879,
    0.138016171175));
#8197 = CARTESIAN_POINT('',(-17.21648944663,-35.11898784232,
    9.092168554341E-02));
#8198 = CARTESIAN_POINT('',(-17.22408963719,-35.05988058401,
    4.491043801369E-02));
#8199 = CARTESIAN_POINT('',(-17.23188542521,-35.,0.));
#8200 = ORIENTED_EDGE('',*,*,#6693,.F.);
#8201 = CYLINDRICAL_SURFACE('',#8202,5.);
#8202 = AXIS2_PLACEMENT_3D('',#8203,#8204,#8205);
#8203 = CARTESIAN_POINT('',(-23.,-32.,4.));
#8204 = DIRECTION('',(-1.,-0.,2.22044604925E-16));
#8205 = DIRECTION('',(-2.22044604925E-16,0.,-1.));
#8206 = ADVANCED_FACE('',(#8207,#8219),#8354,.T.);
#8207 = FACE_BOUND('',#8208,.T.);
#8208 = EDGE_LOOP('',(#8209,#8210,#8217,#8218));
#8209 = ORIENTED_EDGE('',*,*,#6684,.F.);
#8210 = ORIENTED_EDGE('',*,*,#8211,.F.);
#8211 = EDGE_CURVE('',#5914,#6677,#8212,.T.);
#8212 = CIRCLE('',#8213,4.974937185533);
#8213 = AXIS2_PLACEMENT_3D('',#8214,#8215,#8216);
#8214 = CARTESIAN_POINT('',(-18.5,-32.1,4.));
#8215 = DIRECTION('',(1.,0.,-0.));
#8216 = DIRECTION('',(0.,0.,1.));
#8217 = ORIENTED_EDGE('',*,*,#5913,.T.);
#8218 = ORIENTED_EDGE('',*,*,#8151,.F.);
#8219 = FACE_BOUND('',#8220,.T.);
#8220 = EDGE_LOOP('',(#8221));
#8221 = ORIENTED_EDGE('',*,*,#8222,.T.);
#8222 = EDGE_CURVE('',#8223,#8223,#8225,.T.);
#8223 = VERTEX_POINT('',#8224);
#8224 = CARTESIAN_POINT('',(-22.75263085038,-32.,2.45));
#8225 = B_SPLINE_CURVE_WITH_KNOTS('',7,(#8226,#8227,#8228,#8229,#8230,
    #8231,#8232,#8233,#8234,#8235,#8236,#8237,#8238,#8239,#8240,#8241,
    #8242,#8243,#8244,#8245,#8246,#8247,#8248,#8249,#8250,#8251,#8252,
    #8253,#8254,#8255,#8256,#8257,#8258,#8259,#8260,#8261,#8262,#8263,
    #8264,#8265,#8266,#8267,#8268,#8269,#8270,#8271,#8272,#8273,#8274,
    #8275,#8276,#8277,#8278,#8279,#8280,#8281,#8282,#8283,#8284,#8285,
    #8286,#8287,#8288,#8289,#8290,#8291,#8292,#8293,#8294,#8295,#8296,
    #8297,#8298,#8299,#8300,#8301,#8302,#8303,#8304,#8305,#8306,#8307,
    #8308,#8309,#8310,#8311,#8312,#8313,#8314,#8315,#8316,#8317,#8318,
    #8319,#8320,#8321,#8322,#8323,#8324,#8325,#8326,#8327,#8328,#8329,
    #8330,#8331,#8332,#8333,#8334,#8335,#8336,#8337,#8338,#8339,#8340,
    #8341,#8342,#8343,#8344,#8345,#8346,#8347,#8348,#8349,#8350,#8351,
    #8352,#8353),.UNSPECIFIED.,.T.,.F.,(8,6,6,6,6,6,6,6,6,6,6,6,6,6,6,6,
    6,6,6,6,6,8),(0.,5.835164778387E-02,7.796227878381E-02,
    9.053043331597E-02,0.105106801295,0.118675464272,0.250250948939,
    0.381324736386,0.394893404252,0.409469777483,0.422037936544,
    0.44164857461,0.500000581366,0.557849621931,0.618675519815,
    0.750250820501,0.881324423998,0.895395631987,0.909972053217,
    0.922540257817,0.942150968163,1.),.UNSPECIFIED.);
#8226 = CARTESIAN_POINT('',(-22.75263085038,-32.,2.45));
#8227 = CARTESIAN_POINT('',(-22.75092466238,-31.91891118288,2.45));
#8228 = CARTESIAN_POINT('',(-22.74921776179,-31.83782245725,
    2.454949401042));
#8229 = CARTESIAN_POINT('',(-22.74751775801,-31.75709553731,
    2.464847505512));
#8230 = CARTESIAN_POINT('',(-22.74583221678,-31.67708911652,
    2.479662198183));
#8231 = CARTESIAN_POINT('',(-22.74416863472,-31.59815772309,
    2.499329510379));
#8232 = CARTESIAN_POINT('',(-22.74253441393,-31.52065057547,
    2.523753184155));
#8233 = CARTESIAN_POINT('',(-22.74039992788,-31.41945594003,
    2.562567619143));
#8234 = CARTESIAN_POINT('',(-22.73986715187,-31.39420072922,
    2.572853742369));
#8235 = CARTESIAN_POINT('',(-22.73933878206,-31.36915768348,
    2.583657757368));
#8236 = CARTESIAN_POINT('',(-22.73881508882,-31.34433951808,
    2.594974426171));
#8237 = CARTESIAN_POINT('',(-22.73829633924,-31.31975878548,
    2.60679812162));
#8238 = CARTESIAN_POINT('',(-22.73778279717,-31.29542787531,
    2.619122827365));
#8239 = CARTESIAN_POINT('',(-22.7369491063,-31.2559336483,2.640157838598
    ));
#8240 = CARTESIAN_POINT('',(-22.73662573522,-31.24061590882,
    2.648576692262));
#8241 = CARTESIAN_POINT('',(-22.73630467846,-31.22540901133,
    2.657197013702));
#8242 = CARTESIAN_POINT('',(-22.73598600384,-31.21031613682,
    2.66601705476));
#8243 = CARTESIAN_POINT('',(-22.73566977849,-31.19534043195,
    2.675035004281));
#8244 = CARTESIAN_POINT('',(-22.73535606883,-31.18048500905,
    2.684248988112));
#8245 = CARTESIAN_POINT('',(-22.73468409841,-31.14866690777,
    2.704568428455));
#8246 = CARTESIAN_POINT('',(-22.73432672842,-31.13174679725,
    2.715740870796));
#8247 = CARTESIAN_POINT('',(-22.73397293314,-31.11499741753,
    2.727171373187));
#8248 = CARTESIAN_POINT('',(-22.73362281364,-31.09842349911,
    2.738856804062));
#8249 = CARTESIAN_POINT('',(-22.73327646946,-31.08202970006,
    2.750793923231));
#8250 = CARTESIAN_POINT('',(-22.73293399867,-31.06582060602,
    2.762979381873));
#8251 = CARTESIAN_POINT('',(-22.73228039848,-31.03488835306,
    2.78698071907));
#8252 = CARTESIAN_POINT('',(-22.73196873907,-31.02013993242,
    2.798763911789));
#8253 = CARTESIAN_POINT('',(-22.73166059747,-31.00555910804,
    2.810756511975));
#8254 = CARTESIAN_POINT('',(-22.73135605026,-30.99114945766,
    2.822955654442));
#8255 = CARTESIAN_POINT('',(-22.73105517271,-30.97691449695,
    2.835358397545));
#8256 = CARTESIAN_POINT('',(-22.73075803882,-30.96285767946,
    2.847961723179));
#8257 = CARTESIAN_POINT('',(-22.72762041764,-30.81443361655,
    2.984892177022));
#8258 = CARTESIAN_POINT('',(-22.72513312356,-30.69686743422,
    3.127673340997));
#8259 = CARTESIAN_POINT('',(-22.72307336044,-30.59957717081,
    3.28617440055));
#8260 = CARTESIAN_POINT('',(-22.72149267517,-30.5249526451,
    3.456879528061));
#8261 = CARTESIAN_POINT('',(-22.72042743416,-30.47467444413,
    3.635964336977));
#8262 = CARTESIAN_POINT('',(-22.71989857477,-30.44971278045,
    3.819288240502));
#8263 = CARTESIAN_POINT('',(-22.71991080382,-30.45028998002,
    4.184907311685));
#8264 = CARTESIAN_POINT('',(-22.72044782831,-30.47563702875,
    4.367451051814));
#8265 = CARTESIAN_POINT('',(-22.7215168441,-30.52609366997,
    4.545725588459));
#8266 = CARTESIAN_POINT('',(-22.72309696821,-30.60069225668,
    4.715640105854));
#8267 = CARTESIAN_POINT('',(-22.72515211854,-30.69776526658,
    4.873416220777));
#8268 = CARTESIAN_POINT('',(-22.72763126399,-30.81494669924,
    5.015581173755));
#8269 = CARTESIAN_POINT('',(-22.73075803882,-30.96285767946,
    5.152038276821));
#8270 = CARTESIAN_POINT('',(-22.73105517271,-30.97691449695,
    5.164641602455));
#8271 = CARTESIAN_POINT('',(-22.73135605026,-30.99114945766,
    5.177044345558));
#8272 = CARTESIAN_POINT('',(-22.73166059747,-31.00555910804,
    5.189243488025));
#8273 = CARTESIAN_POINT('',(-22.73196873907,-31.02013993242,
    5.201236088211));
#8274 = CARTESIAN_POINT('',(-22.73228039848,-31.03488835306,
    5.21301928093));
#8275 = CARTESIAN_POINT('',(-22.73293399867,-31.06582060602,
    5.237020618127));
#8276 = CARTESIAN_POINT('',(-22.73327646946,-31.08202970006,
    5.249206076769));
#8277 = CARTESIAN_POINT('',(-22.73362281364,-31.09842349911,
    5.261143195938));
#8278 = CARTESIAN_POINT('',(-22.73397293314,-31.11499741753,
    5.272828626813));
#8279 = CARTESIAN_POINT('',(-22.73432672842,-31.13174679725,
    5.284259129204));
#8280 = CARTESIAN_POINT('',(-22.73468409841,-31.14866690777,
    5.295431571545));
#8281 = CARTESIAN_POINT('',(-22.73535606883,-31.18048500905,
    5.315751011888));
#8282 = CARTESIAN_POINT('',(-22.73566977849,-31.19534043195,
    5.324964995719));
#8283 = CARTESIAN_POINT('',(-22.73598600384,-31.21031613682,
    5.33398294524));
#8284 = CARTESIAN_POINT('',(-22.73630467846,-31.22540901133,
    5.342802986298));
#8285 = CARTESIAN_POINT('',(-22.73662573522,-31.24061590882,
    5.351423307738));
#8286 = CARTESIAN_POINT('',(-22.7369491063,-31.2559336483,5.359842161402
    ));
#8287 = CARTESIAN_POINT('',(-22.73778279717,-31.29542787531,
    5.380877172635));
#8288 = CARTESIAN_POINT('',(-22.73829633924,-31.31975878548,
    5.39320187838));
#8289 = CARTESIAN_POINT('',(-22.73881508882,-31.34433951808,
    5.405025573829));
#8290 = CARTESIAN_POINT('',(-22.73933878206,-31.36915768348,
    5.416342242632));
#8291 = CARTESIAN_POINT('',(-22.73986715187,-31.39420072922,
    5.427146257631));
#8292 = CARTESIAN_POINT('',(-22.74039992788,-31.41945594003,
    5.437432380857));
#8293 = CARTESIAN_POINT('',(-22.74253442318,-31.52065101412,
    5.476246984095));
#8294 = CARTESIAN_POINT('',(-22.74416864036,-31.59815799059,
    5.500670528475));
#8295 = CARTESIAN_POINT('',(-22.74583222222,-31.67708937482,
    5.520337874438));
#8296 = CARTESIAN_POINT('',(-22.74751777361,-31.75709627725,
    5.535152704392));
#8297 = CARTESIAN_POINT('',(-22.74921779368,-31.83782397113,
    5.545050810536));
#8298 = CARTESIAN_POINT('',(-22.75092469961,-31.91891295248,5.55));
#8299 = CARTESIAN_POINT('',(-22.75432229494,-32.08038811622,5.55));
#8300 = CARTESIAN_POINT('',(-22.75601307713,-32.16077812648,
    5.54513576793));
#8301 = CARTESIAN_POINT('',(-22.75769575212,-32.24081617365,
    5.535407554636));
#8302 = CARTESIAN_POINT('',(-22.75936296926,-32.32015196142,
    5.520846448749));
#8303 = CARTESIAN_POINT('',(-22.76100749182,-32.39843976568,
    5.501514469388));
#8304 = CARTESIAN_POINT('',(-22.76262221672,-32.47533944592,
    5.477504658883));
#8305 = CARTESIAN_POINT('',(-22.76585937311,-32.62956405709,
    5.418907842035));
#8306 = CARTESIAN_POINT('',(-22.76747801775,-32.70671164284,
    5.383838422073));
#8307 = CARTESIAN_POINT('',(-22.76904803785,-32.78157195697,
    5.343878024062));
#8308 = CARTESIAN_POINT('',(-22.77056172534,-32.85377409911,
    5.299206565036));
#8309 = CARTESIAN_POINT('',(-22.7720117845,-32.9229661809,5.250038310719
    ));
#8310 = CARTESIAN_POINT('',(-22.77339136184,-32.98881698154,
    5.196621415633));
#8311 = CARTESIAN_POINT('',(-22.77751203738,-33.18556663242,
    5.015107593277));
#8312 = CARTESIAN_POINT('',(-22.77997237623,-33.30313293249,
    4.872326193665));
#8313 = CARTESIAN_POINT('',(-22.78200700476,-33.40042316539,
    4.713824970501));
#8314 = CARTESIAN_POINT('',(-22.78356686972,-33.47504756603,
    4.543119820079));
#8315 = CARTESIAN_POINT('',(-22.78461758033,-33.52532562557,
    4.364035149845));
#8316 = CARTESIAN_POINT('',(-22.7851392293,-33.55028721914,
    4.180711503917));
#8317 = CARTESIAN_POINT('',(-22.78512716697,-33.54971002038,
    3.815092943854));
#8318 = CARTESIAN_POINT('',(-22.78459746421,-33.52436304229,
    3.632549459474));
#8319 = CARTESIAN_POINT('',(-22.78354301894,-33.47390654159,
    3.454275059763));
#8320 = CARTESIAN_POINT('',(-22.7819836849,-33.39930807848,
    3.284360518886));
#8321 = CARTESIAN_POINT('',(-22.77995358698,-33.302235098,3.126584241155
    ));
#8322 = CARTESIAN_POINT('',(-22.77750129147,-33.18505354786,
    2.984419054214));
#8323 = CARTESIAN_POINT('',(-22.77439271178,-33.03662837765,
    2.847487578822));
#8324 = CARTESIAN_POINT('',(-22.77408723634,-33.02204391937,
    2.834425009138));
#8325 = CARTESIAN_POINT('',(-22.77377772794,-33.00726801122,
    2.821578279334));
#8326 = CARTESIAN_POINT('',(-22.77346426622,-32.99230450766,
    2.808950752468));
#8327 = CARTESIAN_POINT('',(-22.77314693237,-32.97715733477,
    2.796545703043));
#8328 = CARTESIAN_POINT('',(-22.77282580905,-32.9618304903,
    2.784366317012));
#8329 = CARTESIAN_POINT('',(-22.77216448925,-32.93026899651,
    2.760035990795));
#8330 = CARTESIAN_POINT('',(-22.77182402184,-32.91402150666,
    2.747901769295));
#8331 = CARTESIAN_POINT('',(-22.77147967185,-32.89759009818,
    2.736016470315));
#8332 = CARTESIAN_POINT('',(-22.77113153444,-32.88097936721,
    2.724383428038));
#8333 = CARTESIAN_POINT('',(-22.7707797063,-32.86419398197,
    2.713005867787));
#8334 = CARTESIAN_POINT('',(-22.77042428567,-32.84723868275,
    2.701886906031));
#8335 = CARTESIAN_POINT('',(-22.76975590706,-32.81535658586,
    2.681668029808));
#8336 = CARTESIAN_POINT('',(-22.7694438451,-32.80047214397,
    2.672500995439));
#8337 = CARTESIAN_POINT('',(-22.76912925042,-32.78546804031,
    2.663530374604));
#8338 = CARTESIAN_POINT('',(-22.76881218769,-32.77034739304,
    2.654758031533));
#8339 = CARTESIAN_POINT('',(-22.76849272233,-32.75511335442,
    2.646185767351));
#8340 = CARTESIAN_POINT('',(-22.76817092051,-32.73976911087,
    2.637815320084));
#8341 = CARTESIAN_POINT('',(-22.76734118656,-32.70020866717,
    2.616905112737));
#8342 = CARTESIAN_POINT('',(-22.76682999807,-32.67583896574,
    2.604657290809));
#8343 = CARTESIAN_POINT('',(-22.76631353802,-32.65122102519,
    2.592911265472));
#8344 = CARTESIAN_POINT('',(-22.76579206435,-32.6263672536,
    2.581673013686));
#8345 = CARTESIAN_POINT('',(-22.76526583854,-32.6012902206,
    2.570948122762));
#8346 = CARTESIAN_POINT('',(-22.76473512565,-32.57600265736,
    2.560741790367));
#8347 = CARTESIAN_POINT('',(-22.76262221672,-32.47533944592,
    2.522495341117));
#8348 = CARTESIAN_POINT('',(-22.76100749182,-32.39843976568,
    2.498485530612));
#8349 = CARTESIAN_POINT('',(-22.75936296926,-32.32015196142,
    2.479153551251));
#8350 = CARTESIAN_POINT('',(-22.75769575212,-32.24081617365,
    2.464592445364));
#8351 = CARTESIAN_POINT('',(-22.75601307713,-32.16077812648,
    2.45486423207));
#8352 = CARTESIAN_POINT('',(-22.75432229494,-32.08038811622,2.45));
#8353 = CARTESIAN_POINT('',(-22.75263085038,-32.,2.45));
#8354 = SPHERICAL_SURFACE('',#8355,5.);
#8355 = AXIS2_PLACEMENT_3D('',#8356,#8357,#8358);
#8356 = CARTESIAN_POINT('',(-18.,-32.1,4.));
#8357 = DIRECTION('',(0.,0.,1.));
#8358 = DIRECTION('',(1.,0.,0.));
#8359 = ADVANCED_FACE('',(#8360),#8371,.F.);
#8360 = FACE_BOUND('',#8361,.F.);
#8361 = EDGE_LOOP('',(#8362,#8368,#8369,#8370));
#8362 = ORIENTED_EDGE('',*,*,#8363,.F.);
#8363 = EDGE_CURVE('',#6668,#5923,#8364,.T.);
#8364 = LINE('',#8365,#8366);
#8365 = CARTESIAN_POINT('',(-18.5,-23.61673135723,0.));
#8366 = VECTOR('',#8367,1.);
#8367 = DIRECTION('',(-0.,-0.,-1.));
#8368 = ORIENTED_EDGE('',*,*,#6676,.F.);
#8369 = ORIENTED_EDGE('',*,*,#8211,.F.);
#8370 = ORIENTED_EDGE('',*,*,#5922,.F.);
#8371 = PLANE('',#8372);
#8372 = AXIS2_PLACEMENT_3D('',#8373,#8374,#8375);
#8373 = CARTESIAN_POINT('',(-18.5,-61.5,-46.));
#8374 = DIRECTION('',(1.,0.,0.));
#8375 = DIRECTION('',(0.,0.,1.));
#8376 = ADVANCED_FACE('',(#8377),#8395,.F.);
#8377 = FACE_BOUND('',#8378,.F.);
#8378 = EDGE_LOOP('',(#8379,#8380,#8381,#8389));
#8379 = ORIENTED_EDGE('',*,*,#6091,.F.);
#8380 = ORIENTED_EDGE('',*,*,#6338,.T.);
#8381 = ORIENTED_EDGE('',*,*,#8382,.T.);
#8382 = EDGE_CURVE('',#6339,#8383,#8385,.T.);
#8383 = VERTEX_POINT('',#8384);
#8384 = CARTESIAN_POINT('',(-9.,70.679121202459,7.424621202459));
#8385 = LINE('',#8386,#8387);
#8386 = CARTESIAN_POINT('',(9.,70.679121202459,7.424621202459));
#8387 = VECTOR('',#8388,1.);
#8388 = DIRECTION('',(-1.,1.224646799147E-16,0.));
#8389 = ORIENTED_EDGE('',*,*,#8390,.F.);
#8390 = EDGE_CURVE('',#6084,#8383,#8391,.T.);
#8391 = LINE('',#8392,#8393);
#8392 = CARTESIAN_POINT('',(-9.,63.2545,0.));
#8393 = VECTOR('',#8394,1.);
#8394 = DIRECTION('',(8.659560562355E-17,0.707106781187,0.707106781187)
  );
#8395 = PLANE('',#8396);
#8396 = AXIS2_PLACEMENT_3D('',#8397,#8398,#8399);
#8397 = CARTESIAN_POINT('',(9.,63.2545,0.));
#8398 = DIRECTION('',(-8.659560562355E-17,-0.707106781187,0.707106781187
    ));
#8399 = DIRECTION('',(8.659560562355E-17,0.707106781187,0.707106781187)
  );
#8400 = ADVANCED_FACE('',(#8401),#8412,.T.);
#8401 = FACE_BOUND('',#8402,.F.);
#8402 = EDGE_LOOP('',(#8403,#8404,#8405,#8406));
#8403 = ORIENTED_EDGE('',*,*,#6667,.T.);
#8404 = ORIENTED_EDGE('',*,*,#8363,.T.);
#8405 = ORIENTED_EDGE('',*,*,#5930,.F.);
#8406 = ORIENTED_EDGE('',*,*,#8407,.F.);
#8407 = EDGE_CURVE('',#6660,#5931,#8408,.T.);
#8408 = LINE('',#8409,#8410);
#8409 = CARTESIAN_POINT('',(-20.28406746278,-22.10331665531,0.));
#8410 = VECTOR('',#8411,1.);
#8411 = DIRECTION('',(-0.,-0.,-1.));
#8412 = CYLINDRICAL_SURFACE('',#8413,30.);
#8413 = AXIS2_PLACEMENT_3D('',#8414,#8415,#8416);
#8414 = CARTESIAN_POINT('',(0.,0.,0.));
#8415 = DIRECTION('',(-0.,-0.,-1.));
#8416 = DIRECTION('',(1.,0.,0.));
#8417 = ADVANCED_FACE('',(#8418),#8451,.T.);
#8418 = FACE_BOUND('',#8419,.T.);
#8419 = EDGE_LOOP('',(#8420,#8421,#8422,#8428,#8429,#8437,#8445));
#8420 = ORIENTED_EDGE('',*,*,#8390,.F.);
#8421 = ORIENTED_EDGE('',*,*,#6083,.T.);
#8422 = ORIENTED_EDGE('',*,*,#8423,.F.);
#8423 = EDGE_CURVE('',#6516,#6075,#8424,.T.);
#8424 = LINE('',#8425,#8426);
#8425 = CARTESIAN_POINT('',(-9.,28.618176042508,0.));
#8426 = VECTOR('',#8427,1.);
#8427 = DIRECTION('',(-0.,-0.,-1.));
#8428 = ORIENTED_EDGE('',*,*,#6515,.T.);
#8429 = ORIENTED_EDGE('',*,*,#8430,.T.);
#8430 = EDGE_CURVE('',#6508,#8431,#8433,.T.);
#8431 = VERTEX_POINT('',#8432);
#8432 = CARTESIAN_POINT('',(-9.,25.000011568904,38.254488431096));
#8433 = LINE('',#8434,#8435);
#8434 = CARTESIAN_POINT('',(-9.,25.,0.));
#8435 = VECTOR('',#8436,1.);
#8436 = DIRECTION('',(0.,0.,1.));
#8437 = ORIENTED_EDGE('',*,*,#8438,.T.);
#8438 = EDGE_CURVE('',#8431,#8439,#8441,.T.);
#8439 = VERTEX_POINT('',#8440);
#8440 = CARTESIAN_POINT('',(-9.,32.424644340267,45.679098064651));
#8441 = LINE('',#8442,#8443);
#8442 = CARTESIAN_POINT('',(-9.,25.000023137808,38.254476862192));
#8443 = VECTOR('',#8444,1.);
#8444 = DIRECTION('',(8.659560562355E-17,0.707106781187,0.707106781187)
  );
#8445 = ORIENTED_EDGE('',*,*,#8446,.F.);
#8446 = EDGE_CURVE('',#8383,#8439,#8447,.T.);
#8447 = LINE('',#8448,#8449);
#8448 = CARTESIAN_POINT('',(-9.,70.679121202459,7.424621202459));
#8449 = VECTOR('',#8450,1.);
#8450 = DIRECTION('',(-8.659560562355E-17,-0.707106781187,0.707106781187
    ));
#8451 = PLANE('',#8452);
#8452 = AXIS2_PLACEMENT_3D('',#8453,#8454,#8455);
#8453 = CARTESIAN_POINT('',(-9.,42.464604730778,17.464593269391));
#8454 = DIRECTION('',(-1.,1.224646799147E-16,0.));
#8455 = DIRECTION('',(0.,0.,1.));
#8456 = ADVANCED_FACE('',(#8457),#8492,.T.);
#8457 = FACE_BOUND('',#8458,.T.);
#8458 = EDGE_LOOP('',(#8459,#8467,#8468,#8469,#8470,#8478,#8486));
#8459 = ORIENTED_EDGE('',*,*,#8460,.F.);
#8460 = EDGE_CURVE('',#5940,#8461,#8463,.T.);
#8461 = VERTEX_POINT('',#8462);
#8462 = CARTESIAN_POINT('',(-56.70991447848,-43.13378923528,
    7.424621202459));
#8463 = LINE('',#8464,#8465);
#8464 = CARTESIAN_POINT('',(-50.28000390368,-39.42147863406,0.));
#8465 = VECTOR('',#8466,1.);
#8466 = DIRECTION('',(-0.612372435696,-0.353553390593,0.707106781187));
#8467 = ORIENTED_EDGE('',*,*,#5939,.T.);
#8468 = ORIENTED_EDGE('',*,*,#8407,.F.);
#8469 = ORIENTED_EDGE('',*,*,#6659,.T.);
#8470 = ORIENTED_EDGE('',*,*,#8471,.T.);
#8471 = EDGE_CURVE('',#6652,#8472,#8474,.T.);
#8472 = VERTEX_POINT('',#8473);
#8473 = CARTESIAN_POINT('',(-17.15064511357,-20.29423441851,
    38.254488431096));
#8474 = LINE('',#8475,#8476);
#8475 = CARTESIAN_POINT('',(-17.15063509461,-20.29422863406,0.));
#8476 = VECTOR('',#8477,1.);
#8477 = DIRECTION('',(0.,0.,1.));
#8478 = ORIENTED_EDGE('',*,*,#8479,.T.);
#8479 = EDGE_CURVE('',#8472,#8480,#8482,.T.);
#8480 = VERTEX_POINT('',#8481);
#8481 = CARTESIAN_POINT('',(-23.58056570734,-24.00655080419,
    45.679098064651));
#8482 = LINE('',#8483,#8484);
#8483 = CARTESIAN_POINT('',(-17.15065513254,-20.29424020296,
    38.254476862192));
#8484 = VECTOR('',#8485,1.);
#8485 = DIRECTION('',(-0.612372435696,-0.353553390593,0.707106781187));
#8486 = ORIENTED_EDGE('',*,*,#8487,.F.);
#8487 = EDGE_CURVE('',#8461,#8480,#8488,.T.);
#8488 = LINE('',#8489,#8490);
#8489 = CARTESIAN_POINT('',(-56.70991447848,-43.13378923528,
    7.424621202459));
#8490 = VECTOR('',#8491,1.);
#8491 = DIRECTION('',(0.612372435696,0.353553390593,0.707106781187));
#8492 = PLANE('',#8493);
#8493 = AXIS2_PLACEMENT_3D('',#8494,#8495,#8496);
#8494 = CARTESIAN_POINT('',(-32.27542645851,-29.02653099944,
    17.464593269391));
#8495 = DIRECTION('',(0.5,-0.866025403784,0.));
#8496 = DIRECTION('',(0.,0.,1.));
#8497 = ADVANCED_FACE('',(#8498),#8509,.T.);
#8498 = FACE_BOUND('',#8499,.F.);
#8499 = EDGE_LOOP('',(#8500,#8501,#8502,#8503));
#8500 = ORIENTED_EDGE('',*,*,#6074,.F.);
#8501 = ORIENTED_EDGE('',*,*,#8423,.F.);
#8502 = ORIENTED_EDGE('',*,*,#6523,.T.);
#8503 = ORIENTED_EDGE('',*,*,#8504,.T.);
#8504 = EDGE_CURVE('',#6524,#6067,#8505,.T.);
#8505 = LINE('',#8506,#8507);
#8506 = CARTESIAN_POINT('',(-11.20268930972,27.829835648632,0.));
#8507 = VECTOR('',#8508,1.);
#8508 = DIRECTION('',(-0.,-0.,-1.));
#8509 = CYLINDRICAL_SURFACE('',#8510,30.);
#8510 = AXIS2_PLACEMENT_3D('',#8511,#8512,#8513);
#8511 = CARTESIAN_POINT('',(0.,0.,0.));
#8512 = DIRECTION('',(-0.,-0.,-1.));
#8513 = DIRECTION('',(1.,0.,0.));
#8514 = ADVANCED_FACE('',(#8515),#8533,.F.);
#8515 = FACE_BOUND('',#8516,.F.);
#8516 = EDGE_LOOP('',(#8517,#8518,#8526,#8532));
#8517 = ORIENTED_EDGE('',*,*,#5947,.F.);
#8518 = ORIENTED_EDGE('',*,*,#8519,.T.);
#8519 = EDGE_CURVE('',#5948,#8520,#8522,.T.);
#8520 = VERTEX_POINT('',#8521);
#8521 = CARTESIAN_POINT('',(-65.70991447848,-27.54533196716,
    7.424621202459));
#8522 = LINE('',#8523,#8524);
#8523 = CARTESIAN_POINT('',(-59.28000390368,-23.83302136594,0.));
#8524 = VECTOR('',#8525,1.);
#8525 = DIRECTION('',(-0.612372435696,-0.353553390593,0.707106781187));
#8526 = ORIENTED_EDGE('',*,*,#8527,.T.);
#8527 = EDGE_CURVE('',#8520,#8461,#8528,.T.);
#8528 = LINE('',#8529,#8530);
#8529 = CARTESIAN_POINT('',(-65.70991447848,-27.54533196716,
    7.424621202459));
#8530 = VECTOR('',#8531,1.);
#8531 = DIRECTION('',(0.5,-0.866025403784,0.));
#8532 = ORIENTED_EDGE('',*,*,#8460,.F.);
#8533 = PLANE('',#8534);
#8534 = AXIS2_PLACEMENT_3D('',#8535,#8536,#8537);
#8535 = CARTESIAN_POINT('',(-59.28000390368,-23.83302136594,0.));
#8536 = DIRECTION('',(0.612372435696,0.353553390593,0.707106781187));
#8537 = DIRECTION('',(-0.612372435696,-0.353553390593,0.707106781187));
#8538 = ADVANCED_FACE('',(#8539),#8551,.F.);
#8539 = FACE_BOUND('',#8540,.F.);
#8540 = EDGE_LOOP('',(#8541,#8542,#8543,#8550));
#8541 = ORIENTED_EDGE('',*,*,#8504,.F.);
#8542 = ORIENTED_EDGE('',*,*,#6532,.F.);
#8543 = ORIENTED_EDGE('',*,*,#8544,.F.);
#8544 = EDGE_CURVE('',#6058,#6533,#8545,.T.);
#8545 = CIRCLE('',#8546,4.974937185533);
#8546 = AXIS2_PLACEMENT_3D('',#8547,#8548,#8549);
#8547 = CARTESIAN_POINT('',(-18.54941546148,32.071469970012,4.));
#8548 = DIRECTION('',(-0.5,-0.866025403784,0.));
#8549 = DIRECTION('',(0.,0.,1.));
#8550 = ORIENTED_EDGE('',*,*,#6066,.F.);
#8551 = PLANE('',#8552);
#8552 = AXIS2_PLACEMENT_3D('',#8553,#8554,#8555);
#8553 = CARTESIAN_POINT('',(-44.01056233274,46.771469970012,-46.));
#8554 = DIRECTION('',(-0.5,-0.866025403784,0.));
#8555 = DIRECTION('',(0.,0.,1.));
#8556 = ADVANCED_FACE('',(#8557),#8590,.T.);
#8557 = FACE_BOUND('',#8558,.T.);
#8558 = EDGE_LOOP('',(#8559,#8560,#8561,#8569,#8577,#8583,#8584));
#8559 = ORIENTED_EDGE('',*,*,#5955,.F.);
#8560 = ORIENTED_EDGE('',*,*,#8519,.T.);
#8561 = ORIENTED_EDGE('',*,*,#8562,.T.);
#8562 = EDGE_CURVE('',#8520,#8563,#8565,.T.);
#8563 = VERTEX_POINT('',#8564);
#8564 = CARTESIAN_POINT('',(-32.58056570734,-8.418093536073,
    45.679098064651));
#8565 = LINE('',#8566,#8567);
#8566 = CARTESIAN_POINT('',(-65.70991447848,-27.54533196716,
    7.424621202459));
#8567 = VECTOR('',#8568,1.);
#8568 = DIRECTION('',(0.612372435696,0.353553390593,0.707106781187));
#8569 = ORIENTED_EDGE('',*,*,#8570,.F.);
#8570 = EDGE_CURVE('',#8571,#8563,#8573,.T.);
#8571 = VERTEX_POINT('',#8572);
#8572 = CARTESIAN_POINT('',(-26.15064511357,-4.705777150392,
    38.254488431096));
#8573 = LINE('',#8574,#8575);
#8574 = CARTESIAN_POINT('',(-26.15065513254,-4.705782934844,
    38.254476862192));
#8575 = VECTOR('',#8576,1.);
#8576 = DIRECTION('',(-0.612372435696,-0.353553390593,0.707106781187));
#8577 = ORIENTED_EDGE('',*,*,#8578,.F.);
#8578 = EDGE_CURVE('',#6644,#8571,#8579,.T.);
#8579 = LINE('',#8580,#8581);
#8580 = CARTESIAN_POINT('',(-26.15063509461,-4.70577136594,0.));
#8581 = VECTOR('',#8582,1.);
#8582 = DIRECTION('',(0.,0.,1.));
#8583 = ORIENTED_EDGE('',*,*,#6643,.T.);
#8584 = ORIENTED_EDGE('',*,*,#8585,.T.);
#8585 = EDGE_CURVE('',#6635,#5956,#8586,.T.);
#8586 = LINE('',#8587,#8588);
#8587 = CARTESIAN_POINT('',(-29.28406746278,-6.514859387194,0.));
#8588 = VECTOR('',#8589,1.);
#8589 = DIRECTION('',(-0.,-0.,-1.));
#8590 = PLANE('',#8591);
#8591 = AXIS2_PLACEMENT_3D('',#8592,#8593,#8594);
#8592 = CARTESIAN_POINT('',(-41.27542645851,-13.43807373132,
    17.464593269391));
#8593 = DIRECTION('',(-0.5,0.866025403784,-0.));
#8594 = DIRECTION('',(0.,0.,-1.));
#8595 = ADVANCED_FACE('',(#8596,#8651),#8786,.T.);
#8596 = FACE_BOUND('',#8597,.T.);
#8597 = EDGE_LOOP('',(#8598,#8599,#8600,#8601));
#8598 = ORIENTED_EDGE('',*,*,#6540,.F.);
#8599 = ORIENTED_EDGE('',*,*,#8544,.F.);
#8600 = ORIENTED_EDGE('',*,*,#6057,.T.);
#8601 = ORIENTED_EDGE('',*,*,#8602,.F.);
#8602 = EDGE_CURVE('',#6541,#6050,#8603,.T.);
#8603 = B_SPLINE_CURVE_WITH_KNOTS('',6,(#8604,#8605,#8606,#8607,#8608,
    #8609,#8610,#8611,#8612,#8613,#8614,#8615,#8616,#8617,#8618,#8619,
    #8620,#8621,#8622,#8623,#8624,#8625,#8626,#8627,#8628,#8629,#8630,
    #8631,#8632,#8633,#8634,#8635,#8636,#8637,#8638,#8639,#8640,#8641,
    #8642,#8643,#8644,#8645,#8646,#8647,#8648,#8649,#8650),
  .UNSPECIFIED.,.F.,.F.,(7,5,5,5,5,5,5,5,5,7),(0.,4.893628290988E-02,
    0.227098995059,0.310592055533,0.500071659534,0.63343938437,
    0.689553174784,0.773046427284,0.951209915395,1.),.UNSPECIFIED.);
#8604 = CARTESIAN_POINT('',(-21.69494641984,32.423250533337,8.));
#8605 = CARTESIAN_POINT('',(-21.75086948816,32.44650895825,
    7.954954992294));
#8606 = CARTESIAN_POINT('',(-21.80602043023,32.469548807884,
    7.90880256935));
#8607 = CARTESIAN_POINT('',(-21.86037734478,32.49235138118,
    7.861560460043));
#8608 = CARTESIAN_POINT('',(-21.9139188144,32.514898892142,
    7.813247223115));
#8609 = CARTESIAN_POINT('',(-21.96662390559,32.53717446984,
    7.763882247168));
#8610 = CARTESIAN_POINT('',(-22.20723655037,32.63921291004,
    7.530006827351));
#8611 = CARTESIAN_POINT('',(-22.38464876784,32.715449387895,
    7.332850575747));
#8612 = CARTESIAN_POINT('',(-22.54971121694,32.787094046635,
    7.123000475694));
#8613 = CARTESIAN_POINT('',(-22.7015345834,32.853514745303,
    6.901570198168));
#8614 = CARTESIAN_POINT('',(-22.83933129551,32.91417128726,
    6.669782460904));
#8615 = CARTESIAN_POINT('',(-23.02012401778,32.994135986764,
    6.316132207419));
#8616 = CARTESIAN_POINT('',(-23.07458785344,33.018289221555,
    6.201302779286));
#8617 = CARTESIAN_POINT('',(-23.12575718806,33.041033904063,
    6.084628968043));
#8618 = CARTESIAN_POINT('',(-23.17357021183,33.062329219714,
    5.966251620775));
#8619 = CARTESIAN_POINT('',(-23.21797158001,33.082138987072,
    5.846315430094));
#8620 = CARTESIAN_POINT('',(-23.3518237611,33.141945144002,
    5.449584538458));
#8621 = CARTESIAN_POINT('',(-23.42691683066,33.17564696807,
    5.166924662528));
#8622 = CARTESIAN_POINT('',(-23.48361157515,33.201163413422,
    4.878743899154));
#8623 = CARTESIAN_POINT('',(-23.52153025158,33.218253212528,
    4.586847106432));
#8624 = CARTESIAN_POINT('',(-23.54046992678,33.226789217023,
    4.293078958087));
#8625 = CARTESIAN_POINT('',(-23.54040805969,33.226761333861,
    3.792563235819));
#8626 = CARTESIAN_POINT('',(-23.53098125008,33.222512712219,
    3.585800387412));
#8627 = CARTESIAN_POINT('',(-23.51215344409,33.214027164919,
    3.37968985281));
#8628 = CARTESIAN_POINT('',(-23.48397257988,33.201334967864,
    3.174877857987));
#8629 = CARTESIAN_POINT('',(-23.44653404895,33.184496707344,
    2.97200312375));
#8630 = CARTESIAN_POINT('',(-23.38039328491,33.154812778169,
    2.687417851991));
#8631 = CARTESIAN_POINT('',(-23.35919242978,33.145304203936,
    2.603593830954));
#8632 = CARTESIAN_POINT('',(-23.3363884822,33.135084533368,
    2.520270671503));
#8633 = CARTESIAN_POINT('',(-23.31199343396,33.124161472531,
    2.437494511255));
#8634 = CARTESIAN_POINT('',(-23.28602068819,33.112543669501,
    2.355310928344));
#8635 = CARTESIAN_POINT('',(-23.2175140397,33.081934808967,
    2.152430424069));
#8636 = CARTESIAN_POINT('',(-23.17308280701,33.062112019355,
    2.032507249082));
#8637 = CARTESIAN_POINT('',(-23.12524027665,33.040803918055,
    1.914143938941));
#8638 = CARTESIAN_POINT('',(-23.07404182803,33.018046710883,
    1.797485168344));
#8639 = CARTESIAN_POINT('',(-23.01954930457,32.993881236955,
    1.682671764202));
#8640 = CARTESIAN_POINT('',(-22.83866786322,32.913879041944,
    1.329074244172));
#8641 = CARTESIAN_POINT('',(-22.70081268862,32.853198320449,
    1.097326670821));
#8642 = CARTESIAN_POINT('',(-22.54893320928,32.786755073253,
    0.875940757928));
#8643 = CARTESIAN_POINT('',(-22.38381728834,32.715089750568,
    0.66613896979));
#8644 = CARTESIAN_POINT('',(-22.20635450607,32.63883475959,
    0.469034687547));
#8645 = CARTESIAN_POINT('',(-21.96583656611,32.536841711116,
    0.235380473749));
#8646 = CARTESIAN_POINT('',(-21.91327896458,32.514629441717,
    0.186175504026));
#8647 = CARTESIAN_POINT('',(-21.85989016059,32.492147011581,
    0.138016171175));
#8648 = CARTESIAN_POINT('',(-21.80569090333,32.469411145939,
    9.092168554341E-02));
#8649 = CARTESIAN_POINT('',(-21.75070242081,32.446439474877,
    4.491043801369E-02));
#8650 = CARTESIAN_POINT('',(-21.69494641984,32.423250533337,0.));
#8651 = FACE_BOUND('',#8652,.T.);
#8652 = EDGE_LOOP('',(#8653));
#8653 = ORIENTED_EDGE('',*,*,#8654,.T.);
#8654 = EDGE_CURVE('',#8655,#8655,#8657,.T.);
#8655 = VERTEX_POINT('',#8656);
#8656 = CARTESIAN_POINT('',(-16.33649749591,35.70435631936,2.45));
#8657 = B_SPLINE_CURVE_WITH_KNOTS('',7,(#8658,#8659,#8660,#8661,#8662,
    #8663,#8664,#8665,#8666,#8667,#8668,#8669,#8670,#8671,#8672,#8673,
    #8674,#8675,#8676,#8677,#8678,#8679,#8680,#8681,#8682,#8683,#8684,
    #8685,#8686,#8687,#8688,#8689,#8690,#8691,#8692,#8693,#8694,#8695,
    #8696,#8697,#8698,#8699,#8700,#8701,#8702,#8703,#8704,#8705,#8706,
    #8707,#8708,#8709,#8710,#8711,#8712,#8713,#8714,#8715,#8716,#8717,
    #8718,#8719,#8720,#8721,#8722,#8723,#8724,#8725,#8726,#8727,#8728,
    #8729,#8730,#8731,#8732,#8733,#8734,#8735,#8736,#8737,#8738,#8739,
    #8740,#8741,#8742,#8743,#8744,#8745,#8746,#8747,#8748,#8749,#8750,
    #8751,#8752,#8753,#8754,#8755,#8756,#8757,#8758,#8759,#8760,#8761,
    #8762,#8763,#8764,#8765,#8766,#8767,#8768,#8769,#8770,#8771,#8772,
    #8773,#8774,#8775,#8776,#8777,#8778,#8779,#8780,#8781,#8782,#8783,
    #8784,#8785),.UNSPECIFIED.,.T.,.F.,(8,6,6,6,6,6,6,6,6,6,6,6,6,6,6,6,
    6,6,6,6,6,8),(0.,5.835164778387E-02,7.796227878381E-02,
    9.053043331597E-02,0.105106801295,0.118675464272,0.250250948939,
    0.381324736386,0.394893404252,0.409469777483,0.422037936544,
    0.44164857461,0.500000581366,0.557849621931,0.618675519815,
    0.750250820501,0.881324423998,0.895395631987,0.909972053217,
    0.922540257817,0.942150968163,1.),.UNSPECIFIED.);
#8658 = CARTESIAN_POINT('',(-16.33649749591,35.70435631936,2.45));
#8659 = CARTESIAN_POINT('',(-16.26712561432,35.662334308652,2.45));
#8660 = CARTESIAN_POINT('',(-16.19775416826,35.620311726567,
    2.454949401042));
#8661 = CARTESIAN_POINT('',(-16.12869260671,35.578476020138,
    2.464847505512));
#8662 = CARTESIAN_POINT('',(-16.06024778446,35.537013088215,
    2.479662198183));
#8663 = CARTESIAN_POINT('',(-15.99272298362,35.496106687178,
    2.499329510379));
#8664 = CARTESIAN_POINT('',(-15.9264169352,35.455937836644,
    2.523753184155));
#8665 = CARTESIAN_POINT('',(-15.83984705321,35.403491999781,
    2.562567619143));
#8666 = CARTESIAN_POINT('',(-15.81824178708,35.390402996814,
    2.572853742369));
#8667 = CARTESIAN_POINT('',(-15.79681805818,35.377423892272,
    2.583657757368));
#8668 = CARTESIAN_POINT('',(-15.77558674309,35.364561277923,
    2.594974426171));
#8669 = CARTESIAN_POINT('',(-15.754558579,35.35182166131,2.60679812162)
  );
#8670 = CARTESIAN_POINT('',(-15.73374416374,35.339211465744,
    2.619122827365));
#8671 = CARTESIAN_POINT('',(-15.69995800527,35.318742354761,
    2.640157838598));
#8672 = CARTESIAN_POINT('',(-15.6868541393,35.310803437453,
    2.648576692262));
#8673 = CARTESIAN_POINT('',(-15.67384510814,35.302921945398,
    2.657197013702));
#8674 = CARTESIAN_POINT('',(-15.66093363271,35.295099527829,
    2.66601705476));
#8675 = CARTESIAN_POINT('',(-15.64812240452,35.287337816207,
    2.675035004281));
#8676 = CARTESIAN_POINT('',(-15.63541408574,35.27963842422,
    2.684248988112));
#8677 = CARTESIAN_POINT('',(-15.60819478694,35.263147430128,
    2.704568428455));
#8678 = CARTESIAN_POINT('',(-15.5937202264,35.254377883378,
    2.715740870796));
#8679 = CARTESIAN_POINT('',(-15.57939173569,35.245696797819,
    2.727171373187));
#8680 = CARTESIAN_POINT('',(-15.56521336105,35.237106626223,
    2.738856804062));
#8681 = CARTESIAN_POINT('',(-15.5511890867,35.228609783845,
    2.750793923231));
#8682 = CARTESIAN_POINT('',(-15.53732283489,35.22020864842,
    2.762979381873));
#8683 = CARTESIAN_POINT('',(-15.51086151812,35.204176487574,
    2.78698071907));
#8684 = CARTESIAN_POINT('',(-15.49824484088,35.196532372286,
    2.798763911789));
#8685 = CARTESIAN_POINT('',(-15.48577154736,35.188975101644,
    2.810756511975));
#8686 = CARTESIAN_POINT('',(-15.47344469769,35.181506530831,
    2.822955654442));
#8687 = CARTESIAN_POINT('',(-15.46126729886,35.174128482874,
    2.835358397545));
#8688 = CARTESIAN_POINT('',(-15.44924230476,35.166842748635,
    2.847961723179));
#8689 = CARTESIAN_POINT('',(-15.32227210633,35.08991345753,
    2.984892177022));
#8690 = CARTESIAN_POINT('',(-15.22170045286,35.028976306497,
    3.127673340997));
#8691 = CARTESIAN_POINT('',(-15.13847449476,34.978547367614,
    3.28617440055));
#8692 = CARTESIAN_POINT('',(-15.07463810239,34.939866191152,
    3.456879528061));
#8693 = CARTESIAN_POINT('',(-15.0316285236,34.913804564892,
    3.635964336977));
#8694 = CARTESIAN_POINT('',(-15.01027551842,34.900865727383,
    3.819288240502));
#8695 = CARTESIAN_POINT('',(-15.01076927338,34.901164917837,
    4.184907311685));
#8696 = CARTESIAN_POINT('',(-15.03245194925,34.914303519057,
    4.367451051814));
#8697 = CARTESIAN_POINT('',(-15.07561417445,34.940457634498,
    4.545725588459));
#8698 = CARTESIAN_POINT('',(-15.13942838357,34.979125355478,
    4.715640105854));
#8699 = CARTESIAN_POINT('',(-15.222468501,35.029441672814,4.873416220777
    ));
#8700 = CARTESIAN_POINT('',(-15.3227110258,35.090179392088,
    5.015581173755));
#8701 = CARTESIAN_POINT('',(-15.44924230476,35.166842748635,
    5.152038276821));
#8702 = CARTESIAN_POINT('',(-15.46126729886,35.174128482874,
    5.164641602455));
#8703 = CARTESIAN_POINT('',(-15.47344469769,35.181506530831,
    5.177044345558));
#8704 = CARTESIAN_POINT('',(-15.48577154736,35.188975101644,
    5.189243488025));
#8705 = CARTESIAN_POINT('',(-15.49824484088,35.196532372286,
    5.201236088211));
#8706 = CARTESIAN_POINT('',(-15.51086151812,35.204176487574,
    5.21301928093));
#8707 = CARTESIAN_POINT('',(-15.53732283489,35.22020864842,
    5.237020618127));
#8708 = CARTESIAN_POINT('',(-15.5511890867,35.228609783845,
    5.249206076769));
#8709 = CARTESIAN_POINT('',(-15.56521336105,35.237106626223,
    5.261143195938));
#8710 = CARTESIAN_POINT('',(-15.57939173569,35.245696797819,
    5.272828626813));
#8711 = CARTESIAN_POINT('',(-15.5937202264,35.254377883378,
    5.284259129204));
#8712 = CARTESIAN_POINT('',(-15.60819478694,35.263147430128,
    5.295431571545));
#8713 = CARTESIAN_POINT('',(-15.63541408574,35.27963842422,
    5.315751011888));
#8714 = CARTESIAN_POINT('',(-15.64812240452,35.287337816208,
    5.324964995719));
#8715 = CARTESIAN_POINT('',(-15.66093363271,35.295099527829,
    5.33398294524));
#8716 = CARTESIAN_POINT('',(-15.67384510814,35.302921945398,
    5.342802986298));
#8717 = CARTESIAN_POINT('',(-15.6868541393,35.310803437453,
    5.351423307738));
#8718 = CARTESIAN_POINT('',(-15.69995800527,35.318742354761,
    5.359842161402));
#8719 = CARTESIAN_POINT('',(-15.73374416374,35.339211465744,
    5.380877172635));
#8720 = CARTESIAN_POINT('',(-15.754558579,35.35182166131,5.39320187838)
  );
#8721 = CARTESIAN_POINT('',(-15.77558674309,35.364561277923,
    5.405025573829));
#8722 = CARTESIAN_POINT('',(-15.79681805818,35.377423892272,
    5.416342242632));
#8723 = CARTESIAN_POINT('',(-15.81824178708,35.390402996814,
    5.427146257631));
#8724 = CARTESIAN_POINT('',(-15.83984705321,35.403491999781,
    5.437432380857));
#8725 = CARTESIAN_POINT('',(-15.92641731046,35.455938063983,
    5.476246984095));
#8726 = CARTESIAN_POINT('',(-15.99272321247,35.496106825807,
    5.500670528475));
#8727 = CARTESIAN_POINT('',(-16.06024800543,35.537013222081,
    5.520337874438));
#8728 = CARTESIAN_POINT('',(-16.12869323972,35.578476403617,
    5.535152704392));
#8729 = CARTESIAN_POINT('',(-16.19775546338,35.620312511121,
    5.545050810536));
#8730 = CARTESIAN_POINT('',(-16.26712712822,35.662335225698,5.55));
#8731 = CARTESIAN_POINT('',(-16.40526992444,35.746015211436,5.55));
#8732 = CARTESIAN_POINT('',(-16.47404432444,35.787674476895,
    5.54513576793));
#8733 = CARTESIAN_POINT('',(-16.54251796906,35.829150739769,
    5.535407554636));
#8734 = CARTESIAN_POINT('',(-16.61039116813,35.870262486051,
    5.520846448749));
#8735 = CARTESIAN_POINT('',(-16.67736813415,35.910830586492,
    5.501514469388));
#8736 = CARTESIAN_POINT('',(-16.74315784833,35.95067881939,
    5.477504658883));
#8737 = CARTESIAN_POINT('',(-16.87510170129,36.030594584646,
    5.418907842035));
#8738 = CARTESIAN_POINT('',(-16.94110414807,36.070570164905,
    5.383838422073));
#8739 = CARTESIAN_POINT('',(-17.0051500718,36.109359999254,
    5.343878024062));
#8740 = CARTESIAN_POINT('',(-17.06692211735,36.146771962147,
    5.299206565036));
#8741 = CARTESIAN_POINT('',(-17.12611918834,36.182623791112,
    5.250038310719));
#8742 = CARTESIAN_POINT('',(-17.18245786588,36.216743940458,
    5.196621415633));
#8743 = CARTESIAN_POINT('',(-17.35078772397,36.318687375599,
    5.015107593277));
#8744 = CARTESIAN_POINT('',(-17.45137295703,36.379601241571,
    4.872326193665));
#8745 = CARTESIAN_POINT('',(-17.534611456,36.430008398015,4.713824970501
    ));
#8746 = CARTESIAN_POINT('',(-17.59845815021,36.468671481019,
    4.543119820079));
#8747 = CARTESIAN_POINT('',(-17.64147487172,36.494720452866,
    4.364035149845));
#8748 = CARTESIAN_POINT('',(-17.66283142139,36.507653010919,
    4.180711503917));
#8749 = CARTESIAN_POINT('',(-17.66233758376,36.50735396525,
    3.815092943854));
#8750 = CARTESIAN_POINT('',(-17.64065130821,36.494221740156,
    3.632549459474));
#8751 = CARTESIAN_POINT('',(-17.59748191945,36.468080313421,
    3.454275059763));
#8752 = CARTESIAN_POINT('',(-17.53365742234,36.429430658975,
    3.284360518886));
#8753 = CARTESIAN_POINT('',(-17.45060480418,36.379136052358,
    3.126584241155));
#8754 = CARTESIAN_POINT('',(-17.35034875265,36.31842152708,
    2.984419054214));
#8755 = CARTESIAN_POINT('',(-17.22336307454,36.241516832995,
    2.847487578822));
#8756 = CARTESIAN_POINT('',(-17.21088530088,36.233960054363,
    2.834425009138));
#8757 = CARTESIAN_POINT('',(-17.19824374327,36.226304058152,
    2.821578279334));
#8758 = CARTESIAN_POINT('',(-17.18544169991,36.218550840562,
    2.808950752468));
#8759 = CARTESIAN_POINT('',(-17.17248253032,36.210702434935,
    2.796545703043));
#8760 = CARTESIAN_POINT('',(-17.15936965531,36.202760911752,
    2.784366317012));
#8761 = CARTESIAN_POINT('',(-17.1323672598,36.18640744511,2.760035990795
    ));
#8762 = CARTESIAN_POINT('',(-17.11846675455,36.177988846756,
    2.747901769295));
#8763 = CARTESIAN_POINT('',(-17.10440891238,36.169474926676,
    2.736016470315));
#8764 = CARTESIAN_POINT('',(-17.09019766609,36.160868065348,
    2.724383428038));
#8765 = CARTESIAN_POINT('',(-17.07583701013,36.152170680623,
    2.713005867787));
#8766 = CARTESIAN_POINT('',(-17.0613310006,36.143385227725,
    2.701886906031));
#8767 = CARTESIAN_POINT('',(-17.03405448407,36.126865346416,
    2.681668029808));
#8768 = CARTESIAN_POINT('',(-17.02132021025,36.119152871893,
    2.672500995439));
#8769 = CARTESIAN_POINT('',(-17.00848357266,36.111378373076,
    2.663530374604));
#8770 = CARTESIAN_POINT('',(-16.99554723936,36.10354346506,
    2.654758031533));
#8771 = CARTESIAN_POINT('',(-16.9825139076,36.095649780639,
    2.646185767351));
#8772 = CARTESIAN_POINT('',(-16.9693863038,36.087698970306,
    2.637815320084));
#8773 = CARTESIAN_POINT('',(-16.93554082153,36.067200177779,
    2.616905112737));
#8774 = CARTESIAN_POINT('',(-16.91469163526,36.05457262485,
    2.604657290809));
#8775 = CARTESIAN_POINT('',(-16.89363010338,36.041816387049,
    2.592911265472));
#8776 = CARTESIAN_POINT('',(-16.87236684264,36.028937891802,
    2.581673013686));
#8777 = CARTESIAN_POINT('',(-16.85091260792,36.015943650384,
    2.570948122762));
#8778 = CARTESIAN_POINT('',(-16.8292782922,36.00284025792,2.560741790367
    ));
#8779 = CARTESIAN_POINT('',(-16.74315784833,35.95067881939,
    2.522495341117));
#8780 = CARTESIAN_POINT('',(-16.67736813415,35.910830586492,
    2.498485530612));
#8781 = CARTESIAN_POINT('',(-16.61039116813,35.870262486051,
    2.479153551251));
#8782 = CARTESIAN_POINT('',(-16.54251796906,35.829150739769,
    2.464592445364));
#8783 = CARTESIAN_POINT('',(-16.47404432444,35.787674476895,
    2.45486423207));
#8784 = CARTESIAN_POINT('',(-16.40526992444,35.746015211436,2.45));
#8785 = CARTESIAN_POINT('',(-16.33649749591,35.70435631936,2.45));
#8786 = SPHERICAL_SURFACE('',#8787,5.);
#8787 = AXIS2_PLACEMENT_3D('',#8788,#8789,#8790);
#8788 = CARTESIAN_POINT('',(-18.79941546148,31.63845726812,4.));
#8789 = DIRECTION('',(0.,0.,1.));
#8790 = DIRECTION('',(-0.5,-0.866025403784,0.));
#8791 = ADVANCED_FACE('',(#8792),#8803,.T.);
#8792 = FACE_BOUND('',#8793,.F.);
#8793 = EDGE_LOOP('',(#8794,#8795,#8801,#8802));
#8794 = ORIENTED_EDGE('',*,*,#5963,.F.);
#8795 = ORIENTED_EDGE('',*,*,#8796,.F.);
#8796 = EDGE_CURVE('',#6627,#5964,#8797,.T.);
#8797 = LINE('',#8798,#8799);
#8798 = CARTESIAN_POINT('',(-29.70268930972,-4.213104291393,0.));
#8799 = VECTOR('',#8800,1.);
#8800 = DIRECTION('',(-0.,-0.,-1.));
#8801 = ORIENTED_EDGE('',*,*,#6634,.T.);
#8802 = ORIENTED_EDGE('',*,*,#8585,.T.);
#8803 = CYLINDRICAL_SURFACE('',#8804,30.);
#8804 = AXIS2_PLACEMENT_3D('',#8805,#8806,#8807);
#8805 = CARTESIAN_POINT('',(0.,0.,0.));
#8806 = DIRECTION('',(-0.,-0.,-1.));
#8807 = DIRECTION('',(1.,0.,0.));
#8808 = ADVANCED_FACE('',(#8809),#8821,.T.);
#8809 = FACE_BOUND('',#8810,.F.);
#8810 = EDGE_LOOP('',(#8811,#8818,#8819,#8820));
#8811 = ORIENTED_EDGE('',*,*,#8812,.F.);
#8812 = EDGE_CURVE('',#6042,#6550,#8813,.T.);
#8813 = CIRCLE('',#8814,5.);
#8814 = AXIS2_PLACEMENT_3D('',#8815,#8816,#8817);
#8815 = CARTESIAN_POINT('',(-21.7128129211,26.392304845413,4.));
#8816 = DIRECTION('',(0.5,0.866025403784,2.22044604925E-16));
#8817 = DIRECTION('',(1.110223024625E-16,1.922962686384E-16,-1.));
#8818 = ORIENTED_EDGE('',*,*,#6049,.T.);
#8819 = ORIENTED_EDGE('',*,*,#8602,.F.);
#8820 = ORIENTED_EDGE('',*,*,#6549,.F.);
#8821 = CYLINDRICAL_SURFACE('',#8822,5.);
#8822 = AXIS2_PLACEMENT_3D('',#8823,#8824,#8825);
#8823 = CARTESIAN_POINT('',(-16.2128129211,35.918584287042,4.));
#8824 = DIRECTION('',(0.5,0.866025403784,2.22044604925E-16));
#8825 = DIRECTION('',(1.110223024625E-16,1.922962686384E-16,-1.));
#8826 = ADVANCED_FACE('',(#8827),#8839,.T.);
#8827 = FACE_BOUND('',#8828,.T.);
#8828 = EDGE_LOOP('',(#8829,#8830,#8831,#8838));
#8829 = ORIENTED_EDGE('',*,*,#8796,.F.);
#8830 = ORIENTED_EDGE('',*,*,#6626,.F.);
#8831 = ORIENTED_EDGE('',*,*,#8832,.F.);
#8832 = EDGE_CURVE('',#5973,#6618,#8833,.T.);
#8833 = CIRCLE('',#8834,4.974937185533);
#8834 = AXIS2_PLACEMENT_3D('',#8835,#8836,#8837);
#8835 = CARTESIAN_POINT('',(-37.04941546148,2.853002998787E-02,4.));
#8836 = DIRECTION('',(-0.5,-0.866025403784,0.));
#8837 = DIRECTION('',(0.,0.,1.));
#8838 = ORIENTED_EDGE('',*,*,#5972,.F.);
#8839 = PLANE('',#8840);
#8840 = AXIS2_PLACEMENT_3D('',#8841,#8842,#8843);
#8841 = CARTESIAN_POINT('',(-62.51056233274,14.728530029988,-46.));
#8842 = DIRECTION('',(-0.5,-0.866025403784,0.));
#8843 = DIRECTION('',(0.,0.,1.));
#8844 = ADVANCED_FACE('',(#8845),#8904,.T.);
#8845 = FACE_BOUND('',#8846,.T.);
#8846 = EDGE_LOOP('',(#8847,#8855,#8856,#8857,#8858,#8866,#8874,#8882,
    #8890,#8898));
#8847 = ORIENTED_EDGE('',*,*,#8848,.T.);
#8848 = EDGE_CURVE('',#8849,#6558,#8851,.T.);
#8849 = VERTEX_POINT('',#8850);
#8850 = CARTESIAN_POINT('',(-19.98076211353,25.392304845413,
    6.145299461621));
#8851 = LINE('',#8852,#8853);
#8852 = CARTESIAN_POINT('',(-19.98076211353,25.392304845413,-46.));
#8853 = VECTOR('',#8854,1.);
#8854 = DIRECTION('',(0.,0.,1.));
#8855 = ORIENTED_EDGE('',*,*,#6557,.F.);
#8856 = ORIENTED_EDGE('',*,*,#8812,.F.);
#8857 = ORIENTED_EDGE('',*,*,#6041,.F.);
#8858 = ORIENTED_EDGE('',*,*,#8859,.T.);
#8859 = EDGE_CURVE('',#6033,#8860,#8862,.T.);
#8860 = VERTEX_POINT('',#8861);
#8861 = CARTESIAN_POINT('',(-19.98076211353,25.392304845413,
    1.854700538379));
#8862 = LINE('',#8863,#8864);
#8863 = CARTESIAN_POINT('',(-19.98076211353,25.392304845413,-46.));
#8864 = VECTOR('',#8865,1.);
#8865 = DIRECTION('',(0.,0.,1.));
#8866 = ORIENTED_EDGE('',*,*,#8867,.T.);
#8867 = EDGE_CURVE('',#8860,#8868,#8870,.T.);
#8868 = VERTEX_POINT('',#8869);
#8869 = CARTESIAN_POINT('',(-21.7128129211,26.392304845413,0.7));
#8870 = LINE('',#8871,#8872);
#8871 = CARTESIAN_POINT('',(-36.31473439664,34.822728140005,
    -9.03461431703));
#8872 = VECTOR('',#8873,1.);
#8873 = DIRECTION('',(-0.75,0.433012701892,-0.5));
#8874 = ORIENTED_EDGE('',*,*,#8875,.T.);
#8875 = EDGE_CURVE('',#8868,#8876,#8878,.T.);
#8876 = VERTEX_POINT('',#8877);
#8877 = CARTESIAN_POINT('',(-24.1878129211,27.821246761658,2.35));
#8878 = LINE('',#8879,#8880);
#8879 = CARTESIAN_POINT('',(-20.03973439664,25.426352508944,
    -0.41538568297));
#8880 = VECTOR('',#8881,1.);
#8881 = DIRECTION('',(-0.75,0.433012701892,0.5));
#8882 = ORIENTED_EDGE('',*,*,#8883,.T.);
#8883 = EDGE_CURVE('',#8876,#8884,#8886,.T.);
#8884 = VERTEX_POINT('',#8885);
#8885 = CARTESIAN_POINT('',(-24.1878129211,27.821246761658,5.65));
#8886 = LINE('',#8887,#8888);
#8887 = CARTESIAN_POINT('',(-24.1878129211,27.821246761658,-20.175));
#8888 = VECTOR('',#8889,1.);
#8889 = DIRECTION('',(3.496295793425E-16,-2.0185873175E-16,1.));
#8890 = ORIENTED_EDGE('',*,*,#8891,.T.);
#8891 = EDGE_CURVE('',#8884,#8892,#8894,.T.);
#8892 = VERTEX_POINT('',#8893);
#8893 = CARTESIAN_POINT('',(-21.7128129211,26.392304845413,7.3));
#8894 = LINE('',#8895,#8896);
#8895 = CARTESIAN_POINT('',(-37.55223439664,35.537199098127,
    -3.25961431703));
#8896 = VECTOR('',#8897,1.);
#8897 = DIRECTION('',(0.75,-0.433012701892,0.5));
#8898 = ORIENTED_EDGE('',*,*,#8899,.T.);
#8899 = EDGE_CURVE('',#8892,#8849,#8900,.T.);
#8900 = LINE('',#8901,#8902);
#8901 = CARTESIAN_POINT('',(-16.32723439664,23.282939634577,
    3.70961431703));
#8902 = VECTOR('',#8903,1.);
#8903 = DIRECTION('',(0.75,-0.433012701892,-0.5));
#8904 = PLANE('',#8905);
#8905 = AXIS2_PLACEMENT_3D('',#8906,#8907,#8908);
#8906 = CARTESIAN_POINT('',(-37.30127018922,35.392304845413,-46.));
#8907 = DIRECTION('',(-0.5,-0.866025403784,0.));
#8908 = DIRECTION('',(0.,0.,1.));
#8909 = ADVANCED_FACE('',(#8910),#9029,.T.);
#8910 = FACE_BOUND('',#8911,.T.);
#8911 = EDGE_LOOP('',(#8912,#8913,#8922,#9007,#9020,#9027,#9028));
#8912 = ORIENTED_EDGE('',*,*,#6617,.F.);
#8913 = ORIENTED_EDGE('',*,*,#8914,.F.);
#8914 = EDGE_CURVE('',#8915,#6609,#8917,.T.);
#8915 = VERTEX_POINT('',#8916);
#8916 = CARTESIAN_POINT('',(-39.17678270277,-3.656178118299,
    5.546770829826));
#8917 = CIRCLE('',#8918,5.);
#8918 = AXIS2_PLACEMENT_3D('',#8919,#8920,#8921);
#8919 = CARTESIAN_POINT('',(-36.79941546148,0.46154273188,4.));
#8920 = DIRECTION('',(-0.866025403784,0.5,0.));
#8921 = DIRECTION('',(-0.5,-0.866025403784,0.));
#8922 = ORIENTED_EDGE('',*,*,#8923,.F.);
#8923 = EDGE_CURVE('',#8924,#8915,#8926,.T.);
#8924 = VERTEX_POINT('',#8925);
#8925 = CARTESIAN_POINT('',(-39.08912834629,-3.70435631936,2.45));
#8926 = B_SPLINE_CURVE_WITH_KNOTS('',7,(#8927,#8928,#8929,#8930,#8931,
    #8932,#8933,#8934,#8935,#8936,#8937,#8938,#8939,#8940,#8941,#8942,
    #8943,#8944,#8945,#8946,#8947,#8948,#8949,#8950,#8951,#8952,#8953,
    #8954,#8955,#8956,#8957,#8958,#8959,#8960,#8961,#8962,#8963,#8964,
    #8965,#8966,#8967,#8968,#8969,#8970,#8971,#8972,#8973,#8974,#8975,
    #8976,#8977,#8978,#8979,#8980,#8981,#8982,#8983,#8984,#8985,#8986,
    #8987,#8988,#8989,#8990,#8991,#8992,#8993,#8994,#8995,#8996,#8997,
    #8998,#8999,#9000,#9001,#9002,#9003,#9004,#9005,#9006),
  .UNSPECIFIED.,.F.,.F.,(8,6,6,6,6,6,6,6,6,6,6,6,6,8),(0.,0.114350424399
    ,0.152780941149,0.177410473634,0.205975457279,0.232565663877,
    0.490411210378,0.747273592013,0.773863808192,0.80242880213,
    0.82705834349,0.865488874088,0.979840001955,1.),.UNSPECIFIED.);
#8927 = CARTESIAN_POINT('',(-39.08912834629,-3.70435631936,2.45));
#8928 = CARTESIAN_POINT('',(-39.0180502767,-3.74342312577,2.45));
#8929 = CARTESIAN_POINT('',(-38.94697193005,-3.782489269315,
    2.454949401042));
#8930 = CARTESIAN_POINT('',(-38.87621036473,-3.821380482823,
    2.464847505512));
#8931 = CARTESIAN_POINT('',(-38.80608000124,-3.859923971688,
    2.479662198182));
#8932 = CARTESIAN_POINT('',(-38.73689161835,-3.897948964082,
    2.499329510379));
#8933 = CARTESIAN_POINT('',(-38.66895134913,-3.935287261173,
    2.523753184155));
#8934 = CARTESIAN_POINT('',(-38.58024698109,-3.984036059748,
    2.562567619143));
#8935 = CARTESIAN_POINT('',(-38.55810893895,-3.996202267591,
    2.572853742369));
#8936 = CARTESIAN_POINT('',(-38.53615684025,-4.008266208785,
    2.583657757368));
#8937 = CARTESIAN_POINT('',(-38.51440183192,-4.020221759835,
    2.594974426171));
#8938 = CARTESIAN_POINT('',(-38.49285491825,-4.032062875826,
    2.60679812162));
#8939 = CARTESIAN_POINT('',(-38.47152696091,-4.043783590428,
    2.619122827365));
#8940 = CARTESIAN_POINT('',(-38.43690711157,-4.062808706461,
    2.640157838598));
#8941 = CARTESIAN_POINT('',(-38.42347987452,-4.070187528626,
    2.648576692262));
#8942 = CARTESIAN_POINT('',(-38.4101497866,-4.077512934062,
    2.657197013702));
#8943 = CARTESIAN_POINT('',(-38.39691963655,-4.084783391006,
    2.66601705476));
#8944 = CARTESIAN_POINT('',(-38.38379218302,-4.091997384254,
    2.675035004281));
#8945 = CARTESIAN_POINT('',(-38.37077015457,-4.099153415164,
    2.684248988112));
#8946 = CARTESIAN_POINT('',(-38.34287888536,-4.114480522351,
    2.704568428455));
#8947 = CARTESIAN_POINT('',(-38.32804695482,-4.122631086119,
    2.715740870796));
#8948 = CARTESIAN_POINT('',(-38.31336466884,-4.130699380288,
    2.727171373187));
#8949 = CARTESIAN_POINT('',(-38.29883617469,-4.138683127114,
    2.738856804062));
#8950 = CARTESIAN_POINT('',(-38.28446555617,-4.146580083779,
    2.750793923231));
#8951 = CARTESIAN_POINT('',(-38.27025683356,-4.154388042391,
    2.762979381873));
#8952 = CARTESIAN_POINT('',(-38.24314191661,-4.169288134507,
    2.78698071907));
#8953 = CARTESIAN_POINT('',(-38.23021357996,-4.176392439867,
    2.798763911789));
#8954 = CARTESIAN_POINT('',(-38.21743214484,-4.1834159936,2.810756511975
    ));
#8955 = CARTESIAN_POINT('',(-38.20480074795,-4.190357073162,
    2.822955654442));
#8956 = CARTESIAN_POINT('',(-38.19232247157,-4.197213985923,
    2.835358397545));
#8957 = CARTESIAN_POINT('',(-38.18000034359,-4.203985069168,
    2.847961723179));
#8958 = CARTESIAN_POINT('',(-38.04989252398,-4.275479840978,
    2.984892177022));
#8959 = CARTESIAN_POINT('',(-37.94683357641,-4.332108872275,
    3.127673340997));
#8960 = CARTESIAN_POINT('',(-37.86154785521,-4.378970196795,
    3.28617440055));
#8961 = CARTESIAN_POINT('',(-37.79613077756,-4.414913546047,
    3.456879528061));
#8962 = CARTESIAN_POINT('',(-37.75205595776,-4.439130120755,
    3.635964336978));
#8963 = CARTESIAN_POINT('',(-37.73017409319,-4.451152946932,
    3.819288240502));
#8964 = CARTESIAN_POINT('',(-37.73068007721,-4.450874937817,
    4.184907311685));
#8965 = CARTESIAN_POINT('',(-37.75289977757,-4.438666490306,
    4.367451051814));
#8966 = CARTESIAN_POINT('',(-37.79713101855,-4.41436396452,
    4.545725588459));
#8967 = CARTESIAN_POINT('',(-37.86252535179,-4.378433098789,
    4.715640105853));
#8968 = CARTESIAN_POINT('',(-37.94762061954,-4.331676406231,
    4.873416220778));
#8969 = CARTESIAN_POINT('',(-38.0503422898,-4.275232692847,
    5.015581173755));
#8970 = CARTESIAN_POINT('',(-38.18000034359,-4.203985069168,
    5.152038276821));
#8971 = CARTESIAN_POINT('',(-38.19232247157,-4.197213985923,
    5.164641602455));
#8972 = CARTESIAN_POINT('',(-38.20480074795,-4.190357073162,
    5.177044345558));
#8973 = CARTESIAN_POINT('',(-38.21743214484,-4.1834159936,5.189243488025
    ));
#8974 = CARTESIAN_POINT('',(-38.23021357996,-4.176392439867,
    5.201236088211));
#8975 = CARTESIAN_POINT('',(-38.24314191661,-4.169288134507,
    5.21301928093));
#8976 = CARTESIAN_POINT('',(-38.27025683356,-4.154388042391,
    5.237020618127));
#8977 = CARTESIAN_POINT('',(-38.28446555617,-4.146580083779,
    5.249206076769));
#8978 = CARTESIAN_POINT('',(-38.29883617469,-4.138683127114,
    5.261143195938));
#8979 = CARTESIAN_POINT('',(-38.31336466884,-4.130699380288,
    5.272828626813));
#8980 = CARTESIAN_POINT('',(-38.32804695482,-4.122631086119,
    5.284259129204));
#8981 = CARTESIAN_POINT('',(-38.34287888536,-4.114480522351,
    5.295431571545));
#8982 = CARTESIAN_POINT('',(-38.37077015457,-4.099153415164,
    5.315751011888));
#8983 = CARTESIAN_POINT('',(-38.38379218302,-4.091997384254,
    5.324964995719));
#8984 = CARTESIAN_POINT('',(-38.39691963655,-4.084783391006,
    5.33398294524));
#8985 = CARTESIAN_POINT('',(-38.4101497866,-4.077512934062,
    5.342802986298));
#8986 = CARTESIAN_POINT('',(-38.42347987452,-4.070187528626,
    5.351423307738));
#8987 = CARTESIAN_POINT('',(-38.43690711157,-4.062808706461,
    5.359842161402));
#8988 = CARTESIAN_POINT('',(-38.47152696091,-4.043783590428,
    5.380877172635));
#8989 = CARTESIAN_POINT('',(-38.49285491825,-4.032062875826,
    5.39320187838));
#8990 = CARTESIAN_POINT('',(-38.51440183192,-4.020221759834,
    5.405025573829));
#8991 = CARTESIAN_POINT('',(-38.53615684025,-4.008266208785,
    5.416342242632));
#8992 = CARTESIAN_POINT('',(-38.55810893895,-3.996202267591,
    5.427146257631));
#8993 = CARTESIAN_POINT('',(-38.58024698109,-3.984036059748,
    5.437432380857));
#8994 = CARTESIAN_POINT('',(-38.66895173364,-3.93528704986,
    5.476246984095));
#8995 = CARTESIAN_POINT('',(-38.73689185283,-3.897948835211,
    5.500670528475));
#8996 = CARTESIAN_POINT('',(-38.80608022766,-3.859923847254,
    5.520337874438));
#8997 = CARTESIAN_POINT('',(-38.87621101333,-3.821380126363,
    5.535152704392));
#8998 = CARTESIAN_POINT('',(-38.94697325706,-3.782488539985,
    5.545050810536));
#8999 = CARTESIAN_POINT('',(-39.01805182784,-3.743422273215,5.55));
#9000 = CARTESIAN_POINT('',(-39.10165907073,-3.697469027839,5.55));
#9001 = CARTESIAN_POINT('',(-39.11418978461,-3.690581716785,
    5.549846178128));
#9002 = CARTESIAN_POINT('',(-39.12671875906,-3.683695336446,
    5.549538534337));
#9003 = CARTESIAN_POINT('',(-39.13924426572,-3.676810836818,
    5.549077099745));
#9004 = CARTESIAN_POINT('',(-39.15176457671,-3.669929167638,
    5.548461936637));
#9005 = CARTESIAN_POINT('',(-39.16427796468,-3.66305127839,
    5.547693138459));
#9006 = CARTESIAN_POINT('',(-39.17678270277,-3.656178118299,
    5.546770829826));
#9007 = ORIENTED_EDGE('',*,*,#9008,.F.);
#9008 = EDGE_CURVE('',#9009,#8924,#9011,.T.);
#9009 = VERTEX_POINT('',#9010);
#9010 = CARTESIAN_POINT('',(-39.17678270277,-3.656178118299,
    2.453229170174));
#9011 = B_SPLINE_CURVE_WITH_KNOTS('',4,(#9012,#9013,#9014,#9015,#9016,
    #9017,#9018,#9019),.UNSPECIFIED.,.F.,.F.,(5,3,5),(0.,0.735402089797,
    1.),.UNSPECIFIED.);
#9012 = CARTESIAN_POINT('',(-39.17678270277,-3.656178118299,
    2.453229170174));
#9013 = CARTESIAN_POINT('',(-39.16068968339,-3.665023557344,
    2.452042201634));
#9014 = CARTESIAN_POINT('',(-39.14458029303,-3.673877946907,
    2.451145806542));
#9015 = CARTESIAN_POINT('',(-39.1284605379,-3.682737985465,
    2.450540418369));
#9016 = CARTESIAN_POINT('',(-39.1065349766,-3.694789053616,
    2.450113078558));
#9017 = CARTESIAN_POINT('',(-39.10073295584,-3.697978044336,
    2.450037692851));
#9018 = CARTESIAN_POINT('',(-39.09493065247,-3.701167184181,2.45));
#9019 = CARTESIAN_POINT('',(-39.08912834629,-3.70435631936,2.45));
#9020 = ORIENTED_EDGE('',*,*,#9021,.F.);
#9021 = EDGE_CURVE('',#5981,#9009,#9022,.T.);
#9022 = CIRCLE('',#9023,5.);
#9023 = AXIS2_PLACEMENT_3D('',#9024,#9025,#9026);
#9024 = CARTESIAN_POINT('',(-36.79941546148,0.46154273188,4.));
#9025 = DIRECTION('',(-0.866025403784,0.5,0.));
#9026 = DIRECTION('',(-0.5,-0.866025403784,0.));
#9027 = ORIENTED_EDGE('',*,*,#5980,.T.);
#9028 = ORIENTED_EDGE('',*,*,#8832,.T.);
#9029 = SPHERICAL_SURFACE('',#9030,5.);
#9030 = AXIS2_PLACEMENT_3D('',#9031,#9032,#9033);
#9031 = CARTESIAN_POINT('',(-36.79941546148,0.46154273188,4.));
#9032 = DIRECTION('',(0.,0.,1.));
#9033 = DIRECTION('',(-0.5,-0.866025403784,0.));
#9034 = ADVANCED_FACE('',(#9035),#9071,.F.);
#9035 = FACE_BOUND('',#9036,.T.);
#9036 = EDGE_LOOP('',(#9037,#9038,#9039,#9045,#9046,#9047,#9056,#9064));
#9037 = ORIENTED_EDGE('',*,*,#8859,.F.);
#9038 = ORIENTED_EDGE('',*,*,#6032,.T.);
#9039 = ORIENTED_EDGE('',*,*,#9040,.F.);
#9040 = EDGE_CURVE('',#6566,#6024,#9041,.T.);
#9041 = LINE('',#9042,#9043);
#9042 = CARTESIAN_POINT('',(-18.02352576177,23.982337649086,-46.));
#9043 = VECTOR('',#9044,1.);
#9044 = DIRECTION('',(0.,0.,-1.));
#9045 = ORIENTED_EDGE('',*,*,#6565,.F.);
#9046 = ORIENTED_EDGE('',*,*,#8848,.F.);
#9047 = ORIENTED_EDGE('',*,*,#9048,.T.);
#9048 = EDGE_CURVE('',#8849,#9049,#9051,.T.);
#9049 = VERTEX_POINT('',#9050);
#9050 = CARTESIAN_POINT('',(-19.25316515933,24.936772072549,5.65));
#9051 = ELLIPSE('',#9052,13.856406460551,12.);
#9052 = AXIS2_PLACEMENT_3D('',#9053,#9054,#9055);
#9053 = CARTESIAN_POINT('',(-25.98076211353,15.,6.145299461621));
#9054 = DIRECTION('',(-0.433012701892,0.25,-0.866025403784));
#9055 = DIRECTION('',(0.75,-0.433012701892,-0.5));
#9056 = ORIENTED_EDGE('',*,*,#9057,.T.);
#9057 = EDGE_CURVE('',#9049,#9058,#9060,.T.);
#9058 = VERTEX_POINT('',#9059);
#9059 = CARTESIAN_POINT('',(-19.25316515933,24.936772072549,2.35));
#9060 = LINE('',#9061,#9062);
#9061 = CARTESIAN_POINT('',(-19.25316515933,24.936772072549,-46.));
#9062 = VECTOR('',#9063,1.);
#9063 = DIRECTION('',(0.,0.,-1.));
#9064 = ORIENTED_EDGE('',*,*,#9065,.T.);
#9065 = EDGE_CURVE('',#9058,#8860,#9066,.T.);
#9066 = ELLIPSE('',#9067,13.856406460551,12.);
#9067 = AXIS2_PLACEMENT_3D('',#9068,#9069,#9070);
#9068 = CARTESIAN_POINT('',(-25.98076211353,15.,1.854700538379));
#9069 = DIRECTION('',(-0.433012701892,0.25,0.866025403784));
#9070 = DIRECTION('',(-0.75,0.433012701892,-0.5));
#9071 = CYLINDRICAL_SURFACE('',#9072,12.);
#9072 = AXIS2_PLACEMENT_3D('',#9073,#9074,#9075);
#9073 = CARTESIAN_POINT('',(-25.98076211353,15.,-46.));
#9074 = DIRECTION('',(0.,0.,-1.));
#9075 = DIRECTION('',(-0.5,-0.866025403784,0.));
#9076 = ADVANCED_FACE('',(#9077),#9182,.T.);
#9077 = FACE_BOUND('',#9078,.T.);
#9078 = EDGE_LOOP('',(#9079,#9080,#9081,#9131,#9132,#9133));
#9079 = ORIENTED_EDGE('',*,*,#8914,.T.);
#9080 = ORIENTED_EDGE('',*,*,#6608,.F.);
#9081 = ORIENTED_EDGE('',*,*,#9082,.F.);
#9082 = EDGE_CURVE('',#5990,#6601,#9083,.T.);
#9083 = B_SPLINE_CURVE_WITH_KNOTS('',6,(#9084,#9085,#9086,#9087,#9088,
    #9089,#9090,#9091,#9092,#9093,#9094,#9095,#9096,#9097,#9098,#9099,
    #9100,#9101,#9102,#9103,#9104,#9105,#9106,#9107,#9108,#9109,#9110,
    #9111,#9112,#9113,#9114,#9115,#9116,#9117,#9118,#9119,#9120,#9121,
    #9122,#9123,#9124,#9125,#9126,#9127,#9128,#9129,#9130),
  .UNSPECIFIED.,.F.,.F.,(7,5,5,5,5,5,5,5,5,7),(0.,4.883626554553E-02,
    0.227141164381,0.310631649331,0.367134889003,0.500229441217,
    0.689153199334,0.772643396164,0.950947136742,1.),.UNSPECIFIED.);
#9084 = CARTESIAN_POINT('',(-38.92683184506,2.576749466663,0.));
#9085 = CARTESIAN_POINT('',(-38.9748374555,2.613475840196,
    4.495294869877E-02));
#9086 = CARTESIAN_POINT('',(-39.02227006053,2.649645104484,
    9.100879076545E-02));
#9087 = CARTESIAN_POINT('',(-39.06910267976,2.68524770202,0.138149905875
    ));
#9088 = CARTESIAN_POINT('',(-39.11530935901,2.720274036979,0.18635785054
    ));
#9089 = CARTESIAN_POINT('',(-39.16086517026,2.754714475214,
    0.235613358109));
#9090 = CARTESIAN_POINT('',(-39.36961028809,2.91212952072,0.469483303899
    ));
#9091 = CARTESIAN_POINT('',(-39.52448330968,3.02776397546,0.666771641725
    ));
#9092 = CARTESIAN_POINT('',(-39.66918999695,3.134986367221,
    0.876775743433));
#9093 = CARTESIAN_POINT('',(-39.80273576599,3.233341466876,
    1.098379366626));
#9094 = CARTESIAN_POINT('',(-39.92425692033,3.32241631675,1.330356880871
    ));
#9095 = CARTESIAN_POINT('',(-40.08396780635,3.439050538685,
    1.684211570931));
#9096 = CARTESIAN_POINT('',(-40.13210843678,3.474134561184,
    1.799042139835));
#9097 = CARTESIAN_POINT('',(-40.17738201549,3.507069802742,
    1.915716699767));
#9098 = CARTESIAN_POINT('',(-40.21972230793,3.537823149553,
    2.034094410598));
#9099 = CARTESIAN_POINT('',(-40.25907032372,3.566364770045,
    2.154030587775));
#9100 = CARTESIAN_POINT('',(-40.31994350217,3.610469235545,2.35749921721
    ));
#9101 = CARTESIAN_POINT('',(-40.34311852803,3.6272452479,2.440267609019)
  );
#9102 = CARTESIAN_POINT('',(-40.36488336732,3.642987955897,
    2.523635907804));
#9103 = CARTESIAN_POINT('',(-40.38522355751,3.657689936179,
    2.607557569735));
#9104 = CARTESIAN_POINT('',(-40.40412620047,3.67134453808,2.691985477105
    ));
#9105 = CARTESIAN_POINT('',(-40.46269266068,3.71362861425,2.976823757205
    ));
#9106 = CARTESIAN_POINT('',(-40.49576659822,3.737467636054,
    3.179321962964));
#9107 = CARTESIAN_POINT('',(-40.52065312133,3.755385794665,
    3.383739859355));
#9108 = CARTESIAN_POINT('',(-40.5372532158,3.767331370517,3.589442535836
    ));
#9109 = CARTESIAN_POINT('',(-40.54551743912,3.773278377804,
    3.795787686489));
#9110 = CARTESIAN_POINT('',(-40.54534423765,3.773153740282,
    4.295018136531));
#9111 = CARTESIAN_POINT('',(-40.52844703316,3.760994337563,
    4.587912587504));
#9112 = CARTESIAN_POINT('',(-40.4947525207,3.736747302751,4.878940441531
    ));
#9113 = CARTESIAN_POINT('',(-40.4444707278,3.700523969582,5.166273258043
    ));
#9114 = CARTESIAN_POINT('',(-40.37799582999,3.652528952775,5.44812197554
    ));
#9115 = CARTESIAN_POINT('',(-40.25967061586,3.56680011787,5.844111028278
    ));
#9116 = CARTESIAN_POINT('',(-40.22036143724,3.538287171411,
    5.964066468683));
#9117 = CARTESIAN_POINT('',(-40.17805941386,3.507562214948,
    6.082464956206));
#9118 = CARTESIAN_POINT('',(-40.13282347914,3.47465505364,6.199161779781
    ));
#9119 = CARTESIAN_POINT('',(-40.08471981127,3.439598776335,
    6.314016069418));
#9120 = CARTESIAN_POINT('',(-39.92512284539,3.323050670508,
    6.667948869672));
#9121 = CARTESIAN_POINT('',(-39.80367610169,3.234032974716,
    6.899985902947));
#9122 = CARTESIAN_POINT('',(-39.67020090615,3.135733220519,
    7.121655280108));
#9123 = CARTESIAN_POINT('',(-39.52556041275,3.028564178943,
    7.331730994503));
#9124 = CARTESIAN_POINT('',(-39.37074866556,2.91298093455,7.529096373426
    ));
#9125 = CARTESIAN_POINT('',(-39.16187526203,2.755478090886,
    7.763294174286));
#9126 = CARTESIAN_POINT('',(-39.11612900737,2.720895347947,
    7.812786798319));
#9127 = CARTESIAN_POINT('',(-39.06972576399,2.685721370396,
    7.861222805495));
#9128 = CARTESIAN_POINT('',(-39.02269078415,2.649965921179,
    7.908582664412));
#9129 = CARTESIAN_POINT('',(-38.97505036431,2.613638724668,
    7.954847681295));
#9130 = CARTESIAN_POINT('',(-38.92683184506,2.576749466663,8.));
#9131 = ORIENTED_EDGE('',*,*,#5989,.T.);
#9132 = ORIENTED_EDGE('',*,*,#9021,.T.);
#9133 = ORIENTED_EDGE('',*,*,#9134,.F.);
#9134 = EDGE_CURVE('',#8915,#9009,#9135,.T.);
#9135 = B_SPLINE_CURVE_WITH_KNOTS('',5,(#9136,#9137,#9138,#9139,#9140,
    #9141,#9142,#9143,#9144,#9145,#9146,#9147,#9148,#9149,#9150,#9151,
    #9152,#9153,#9154,#9155,#9156,#9157,#9158,#9159,#9160,#9161,#9162,
    #9163,#9164,#9165,#9166,#9167,#9168,#9169,#9170,#9171,#9172,#9173,
    #9174,#9175,#9176,#9177,#9178,#9179,#9180,#9181),.UNSPECIFIED.,.F.,
  .F.,(6,4,4,4,4,4,4,4,4,4,4,6),(0.,0.100699431951,0.141272503208,
    0.225979141111,0.359383692413,0.405552605596,0.49993773849,
    0.640490031069,0.773894426241,0.858600935133,0.899173943755,1.),
  .UNSPECIFIED.);
#9136 = CARTESIAN_POINT('',(-39.17678270277,-3.656178118299,
    5.546770829826));
#9137 = CARTESIAN_POINT('',(-39.25894836161,-3.61101621863,
    5.540710559235));
#9138 = CARTESIAN_POINT('',(-39.34071536929,-3.5660722697,5.527548840002
    ));
#9139 = CARTESIAN_POINT('',(-39.42145529184,-3.521691711379,
    5.507331341369));
#9140 = CARTESIAN_POINT('',(-39.50055403039,-3.478212177092,
    5.480208065075));
#9141 = CARTESIAN_POINT('',(-39.60838921083,-3.418935216937,
    5.43282640261));
#9142 = CARTESIAN_POINT('',(-39.63899682929,-3.402110055363,
    5.418138804877));
#9143 = CARTESIAN_POINT('',(-39.66920355579,-3.385505107212,
    5.402388118051));
#9144 = CARTESIAN_POINT('',(-39.69897181477,-3.369141036933,
    5.385593606388));
#9145 = CARTESIAN_POINT('',(-39.78942199999,-3.319418731057,
    5.330580819168));
#9146 = CARTESIAN_POINT('',(-39.84850915642,-3.286936678476,
    5.288929661804));
#9147 = CARTESIAN_POINT('',(-39.90519145726,-3.255776073446,
    5.243024210733));
#9148 = CARTESIAN_POINT('',(-39.95916086691,-3.226106354185,
    5.193110713409));
#9149 = CARTESIAN_POINT('',(-40.09041761923,-3.153946790502,
    5.055019917739));
#9150 = CARTESIAN_POINT('',(-40.16327889186,-3.113889560363,
    4.961335084741));
#9151 = CARTESIAN_POINT('',(-40.22761851949,-3.078516490468,
    4.859574823847));
#9152 = CARTESIAN_POINT('',(-40.28256390046,-3.048307749471,
    4.751109313204));
#9153 = CARTESIAN_POINT('',(-40.34304872049,-3.015053070507,
    4.598168921967));
#9154 = CARTESIAN_POINT('',(-40.35740085196,-3.007162197908,
    4.558229417759));
#9155 = CARTESIAN_POINT('',(-40.3705289868,-2.999944252894,
    4.517735572012));
#9156 = CARTESIAN_POINT('',(-40.38241185758,-2.993410939407,
    4.476752760045));
#9157 = CARTESIAN_POINT('',(-40.41474388172,-2.975634438184,
    4.350702539296));
#9158 = CARTESIAN_POINT('',(-40.43117935072,-2.966597957202,
    4.264292397583));
#9159 = CARTESIAN_POINT('',(-40.44219088436,-2.960543613452,
    4.176692613486));
#9160 = CARTESIAN_POINT('',(-40.44770414362,-2.95751232226,
    4.088494110855));
#9161 = CARTESIAN_POINT('',(-40.44774083879,-2.957492146581,
    3.868956006551));
#9162 = CARTESIAN_POINT('',(-40.43556913663,-2.964184371458,
    3.73760534494));
#9163 = CARTESIAN_POINT('',(-40.41120481482,-2.977580326281,
    3.608233501274));
#9164 = CARTESIAN_POINT('',(-40.37501243951,-2.997479350406,
    3.482775796293));
#9165 = CARTESIAN_POINT('',(-40.28281491804,-3.048169740783,
    3.249410081416));
#9166 = CARTESIAN_POINT('',(-40.22790581279,-3.078358539484,
    3.140920682652));
#9167 = CARTESIAN_POINT('',(-40.16360021488,-3.113712902994,
    3.039132428141));
#9168 = CARTESIAN_POINT('',(-40.09077026107,-3.153752918346,
    2.945415880311));
#9169 = CARTESIAN_POINT('',(-39.95955967048,-3.225887111027,
    2.80726796252));
#9170 = CARTESIAN_POINT('',(-39.90560695443,-3.255547655946,
    2.757330984843));
#9171 = CARTESIAN_POINT('',(-39.84894000446,-3.286699825268,
    2.711400870139));
#9172 = CARTESIAN_POINT('',(-39.78986677494,-3.319174225378,
    2.669724001755));
#9173 = CARTESIAN_POINT('',(-39.69943498638,-3.368886423898,
    2.614671857568));
#9174 = CARTESIAN_POINT('',(-39.6696723443,-3.385247408385,
    2.597864393372));
#9175 = CARTESIAN_POINT('',(-39.63947088617,-3.401849462415,
    2.582100563443));
#9176 = CARTESIAN_POINT('',(-39.60886818141,-3.418671924911,
    2.567399648455));
#9177 = CARTESIAN_POINT('',(-39.50095209837,-3.477993364359,
    2.519928505177));
#9178 = CARTESIAN_POINT('',(-39.42176004843,-3.521524194895,
    2.492745004986));
#9179 = CARTESIAN_POINT('',(-39.34092112873,-3.565959172229,
    2.472484291778));
#9180 = CARTESIAN_POINT('',(-39.25905174047,-3.610959397011,
    2.459297065652));
#9181 = CARTESIAN_POINT('',(-39.17678270277,-3.656178118299,
    2.453229170174));
#9182 = SPHERICAL_SURFACE('',#9183,5.);
#9183 = AXIS2_PLACEMENT_3D('',#9184,#9185,#9186);
#9184 = CARTESIAN_POINT('',(-36.79941546148,0.46154273188,4.));
#9185 = DIRECTION('',(0.,0.,1.));
#9186 = DIRECTION('',(-0.5,-0.866025403784,0.));
#9187 = ADVANCED_FACE('',(#9188),#9199,.T.);
#9188 = FACE_BOUND('',#9189,.F.);
#9189 = EDGE_LOOP('',(#9190,#9191,#9192,#9193));
#9190 = ORIENTED_EDGE('',*,*,#6023,.F.);
#9191 = ORIENTED_EDGE('',*,*,#9040,.F.);
#9192 = ORIENTED_EDGE('',*,*,#6574,.T.);
#9193 = ORIENTED_EDGE('',*,*,#9194,.T.);
#9194 = EDGE_CURVE('',#6575,#6015,#9195,.T.);
#9195 = LINE('',#9196,#9197);
#9196 = CARTESIAN_POINT('',(-29.78107652713,3.617662350914,-46.));
#9197 = VECTOR('',#9198,1.);
#9198 = DIRECTION('',(0.,0.,-1.));
#9199 = CYLINDRICAL_SURFACE('',#9200,30.);
#9200 = AXIS2_PLACEMENT_3D('',#9201,#9202,#9203);
#9201 = CARTESIAN_POINT('',(0.,0.,0.));
#9202 = DIRECTION('',(-0.,-0.,-1.));
#9203 = DIRECTION('',(1.,0.,0.));
#9204 = ADVANCED_FACE('',(#9205),#9217,.T.);
#9205 = FACE_BOUND('',#9206,.F.);
#9206 = EDGE_LOOP('',(#9207,#9208,#9209,#9216));
#9207 = ORIENTED_EDGE('',*,*,#9082,.F.);
#9208 = ORIENTED_EDGE('',*,*,#5998,.T.);
#9209 = ORIENTED_EDGE('',*,*,#9210,.T.);
#9210 = EDGE_CURVE('',#5999,#6593,#9211,.T.);
#9211 = CIRCLE('',#9212,5.);
#9212 = AXIS2_PLACEMENT_3D('',#9213,#9214,#9215);
#9213 = CARTESIAN_POINT('',(-33.7128129211,5.607695154587,4.));
#9214 = DIRECTION('',(0.5,0.866025403784,2.22044604925E-16));
#9215 = DIRECTION('',(1.110223024625E-16,1.922962686384E-16,-1.));
#9216 = ORIENTED_EDGE('',*,*,#6600,.F.);
#9217 = CYLINDRICAL_SURFACE('',#9218,5.);
#9218 = AXIS2_PLACEMENT_3D('',#9219,#9220,#9221);
#9219 = CARTESIAN_POINT('',(-16.2128129211,35.918584287042,4.));
#9220 = DIRECTION('',(0.5,0.866025403784,2.22044604925E-16));
#9221 = DIRECTION('',(1.110223024625E-16,1.922962686384E-16,-1.));
#9222 = ADVANCED_FACE('',(#9223),#9268,.F.);
#9223 = FACE_BOUND('',#9224,.T.);
#9224 = EDGE_LOOP('',(#9225,#9226,#9227,#9235,#9244,#9252,#9261,#9267));
#9225 = ORIENTED_EDGE('',*,*,#9194,.T.);
#9226 = ORIENTED_EDGE('',*,*,#6014,.T.);
#9227 = ORIENTED_EDGE('',*,*,#9228,.T.);
#9228 = EDGE_CURVE('',#6007,#9229,#9231,.T.);
#9229 = VERTEX_POINT('',#9230);
#9230 = CARTESIAN_POINT('',(-31.98076211353,4.607695154587,
    1.854700538379));
#9231 = LINE('',#9232,#9233);
#9232 = CARTESIAN_POINT('',(-31.98076211353,4.607695154587,-46.));
#9233 = VECTOR('',#9234,1.);
#9234 = DIRECTION('',(0.,0.,1.));
#9235 = ORIENTED_EDGE('',*,*,#9236,.T.);
#9236 = EDGE_CURVE('',#9229,#9237,#9239,.T.);
#9237 = VERTEX_POINT('',#9238);
#9238 = CARTESIAN_POINT('',(-31.22246068287,4.205344094962,2.35));
#9239 = ELLIPSE('',#9240,13.856406460551,12.);
#9240 = AXIS2_PLACEMENT_3D('',#9241,#9242,#9243);
#9241 = CARTESIAN_POINT('',(-25.98076211353,15.,1.854700538379));
#9242 = DIRECTION('',(-0.433012701892,0.25,0.866025403784));
#9243 = DIRECTION('',(-0.75,0.433012701892,-0.5));
#9244 = ORIENTED_EDGE('',*,*,#9245,.F.);
#9245 = EDGE_CURVE('',#9246,#9237,#9248,.T.);
#9246 = VERTEX_POINT('',#9247);
#9247 = CARTESIAN_POINT('',(-31.22246068287,4.205344094962,5.65));
#9248 = LINE('',#9249,#9250);
#9249 = CARTESIAN_POINT('',(-31.22246068287,4.205344094962,-46.));
#9250 = VECTOR('',#9251,1.);
#9251 = DIRECTION('',(0.,0.,-1.));
#9252 = ORIENTED_EDGE('',*,*,#9253,.T.);
#9253 = EDGE_CURVE('',#9246,#9254,#9256,.T.);
#9254 = VERTEX_POINT('',#9255);
#9255 = CARTESIAN_POINT('',(-31.98076211353,4.607695154587,
    6.145299461621));
#9256 = ELLIPSE('',#9257,13.856406460551,12.);
#9257 = AXIS2_PLACEMENT_3D('',#9258,#9259,#9260);
#9258 = CARTESIAN_POINT('',(-25.98076211353,15.,6.145299461621));
#9259 = DIRECTION('',(-0.433012701892,0.25,-0.866025403784));
#9260 = DIRECTION('',(0.75,-0.433012701892,-0.5));
#9261 = ORIENTED_EDGE('',*,*,#9262,.T.);
#9262 = EDGE_CURVE('',#9254,#6584,#9263,.T.);
#9263 = LINE('',#9264,#9265);
#9264 = CARTESIAN_POINT('',(-31.98076211353,4.607695154587,-46.));
#9265 = VECTOR('',#9266,1.);
#9266 = DIRECTION('',(0.,0.,1.));
#9267 = ORIENTED_EDGE('',*,*,#6583,.F.);
#9268 = CYLINDRICAL_SURFACE('',#9269,12.);
#9269 = AXIS2_PLACEMENT_3D('',#9270,#9271,#9272);
#9270 = CARTESIAN_POINT('',(-25.98076211353,15.,-46.));
#9271 = DIRECTION('',(0.,0.,-1.));
#9272 = DIRECTION('',(-0.5,-0.866025403784,0.));
#9273 = ADVANCED_FACE('',(#9274),#9319,.F.);
#9274 = FACE_BOUND('',#9275,.F.);
#9275 = EDGE_LOOP('',(#9276,#9277,#9278,#9279,#9280,#9281,#9289,#9297,
    #9305,#9313));
#9276 = ORIENTED_EDGE('',*,*,#9262,.T.);
#9277 = ORIENTED_EDGE('',*,*,#6592,.F.);
#9278 = ORIENTED_EDGE('',*,*,#9210,.F.);
#9279 = ORIENTED_EDGE('',*,*,#6006,.F.);
#9280 = ORIENTED_EDGE('',*,*,#9228,.T.);
#9281 = ORIENTED_EDGE('',*,*,#9282,.T.);
#9282 = EDGE_CURVE('',#9229,#9283,#9285,.T.);
#9283 = VERTEX_POINT('',#9284);
#9284 = CARTESIAN_POINT('',(-33.7128129211,5.607695154587,0.7));
#9285 = LINE('',#9286,#9287);
#9286 = CARTESIAN_POINT('',(-48.31473439664,14.038118449178,
    -9.03461431703));
#9287 = VECTOR('',#9288,1.);
#9288 = DIRECTION('',(-0.75,0.433012701892,-0.5));
#9289 = ORIENTED_EDGE('',*,*,#9290,.T.);
#9290 = EDGE_CURVE('',#9283,#9291,#9293,.T.);
#9291 = VERTEX_POINT('',#9292);
#9292 = CARTESIAN_POINT('',(-36.1878129211,7.036637070831,2.35));
#9293 = LINE('',#9294,#9295);
#9294 = CARTESIAN_POINT('',(-32.03973439664,4.641742818117,
    -0.41538568297));
#9295 = VECTOR('',#9296,1.);
#9296 = DIRECTION('',(-0.75,0.433012701892,0.5));
#9297 = ORIENTED_EDGE('',*,*,#9298,.T.);
#9298 = EDGE_CURVE('',#9291,#9299,#9301,.T.);
#9299 = VERTEX_POINT('',#9300);
#9300 = CARTESIAN_POINT('',(-36.1878129211,7.036637070831,5.65));
#9301 = LINE('',#9302,#9303);
#9302 = CARTESIAN_POINT('',(-36.1878129211,7.036637070831,-20.175));
#9303 = VECTOR('',#9304,1.);
#9304 = DIRECTION('',(3.496295793425E-16,-2.0185873175E-16,1.));
#9305 = ORIENTED_EDGE('',*,*,#9306,.T.);
#9306 = EDGE_CURVE('',#9299,#9307,#9309,.T.);
#9307 = VERTEX_POINT('',#9308);
#9308 = CARTESIAN_POINT('',(-33.7128129211,5.607695154587,7.3));
#9309 = LINE('',#9310,#9311);
#9310 = CARTESIAN_POINT('',(-49.55223439664,14.752589407301,
    -3.25961431703));
#9311 = VECTOR('',#9312,1.);
#9312 = DIRECTION('',(0.75,-0.433012701892,0.5));
#9313 = ORIENTED_EDGE('',*,*,#9314,.T.);
#9314 = EDGE_CURVE('',#9307,#9254,#9315,.T.);
#9315 = LINE('',#9316,#9317);
#9316 = CARTESIAN_POINT('',(-28.32723439664,2.498329943751,3.70961431703
    ));
#9317 = VECTOR('',#9318,1.);
#9318 = DIRECTION('',(0.75,-0.433012701892,-0.5));
#9319 = PLANE('',#9320);
#9320 = AXIS2_PLACEMENT_3D('',#9321,#9322,#9323);
#9321 = CARTESIAN_POINT('',(-49.30127018922,14.607695154587,-46.));
#9322 = DIRECTION('',(-0.5,-0.866025403784,0.));
#9323 = DIRECTION('',(0.,0.,1.));
#9324 = ADVANCED_FACE('',(#9325),#9336,.F.);
#9325 = FACE_BOUND('',#9326,.T.);
#9326 = EDGE_LOOP('',(#9327,#9328,#9334,#9335));
#9327 = ORIENTED_EDGE('',*,*,#6208,.T.);
#9328 = ORIENTED_EDGE('',*,*,#9329,.T.);
#9329 = EDGE_CURVE('',#6209,#6797,#9330,.T.);
#9330 = LINE('',#9331,#9332);
#9331 = CARTESIAN_POINT('',(2.2,-25.,-0.5));
#9332 = VECTOR('',#9333,1.);
#9333 = DIRECTION('',(0.,0.,1.));
#9334 = ORIENTED_EDGE('',*,*,#6796,.F.);
#9335 = ORIENTED_EDGE('',*,*,#9329,.F.);
#9336 = CYLINDRICAL_SURFACE('',#9337,2.2);
#9337 = AXIS2_PLACEMENT_3D('',#9338,#9339,#9340);
#9338 = CARTESIAN_POINT('',(0.,-25.,-0.5));
#9339 = DIRECTION('',(-0.,-0.,-1.));
#9340 = DIRECTION('',(1.,0.,0.));
#9341 = ADVANCED_FACE('',(#9342),#9353,.F.);
#9342 = FACE_BOUND('',#9343,.T.);
#9343 = EDGE_LOOP('',(#9344,#9345,#9351,#9352));
#9344 = ORIENTED_EDGE('',*,*,#6219,.T.);
#9345 = ORIENTED_EDGE('',*,*,#9346,.T.);
#9346 = EDGE_CURVE('',#6220,#6808,#9347,.T.);
#9347 = LINE('',#9348,#9349);
#9348 = CARTESIAN_POINT('',(22.750635094611,-10.59474411167,-0.5));
#9349 = VECTOR('',#9350,1.);
#9350 = DIRECTION('',(0.,0.,1.));
#9351 = ORIENTED_EDGE('',*,*,#6807,.F.);
#9352 = ORIENTED_EDGE('',*,*,#9346,.F.);
#9353 = CYLINDRICAL_SURFACE('',#9354,2.2);
#9354 = AXIS2_PLACEMENT_3D('',#9355,#9356,#9357);
#9355 = CARTESIAN_POINT('',(21.650635094611,-12.5,-0.5));
#9356 = DIRECTION('',(0.,-0.,-1.));
#9357 = DIRECTION('',(0.5,0.866025403784,0.));
#9358 = ADVANCED_FACE('',(#9359),#9384,.F.);
#9359 = FACE_BOUND('',#9360,.F.);
#9360 = EDGE_LOOP('',(#9361,#9369,#9370,#9378));
#9361 = ORIENTED_EDGE('',*,*,#9362,.F.);
#9362 = EDGE_CURVE('',#6233,#9363,#9365,.T.);
#9363 = VERTEX_POINT('',#9364);
#9364 = CARTESIAN_POINT('',(-19.19967320028,-19.74519052838,
    4.328427124746));
#9365 = LINE('',#9366,#9367);
#9366 = CARTESIAN_POINT('',(-1.366579330825,-9.449248982365,
    -16.26345596729));
#9367 = VECTOR('',#9368,1.);
#9368 = DIRECTION('',(-0.612372435696,-0.353553390593,0.707106781187));
#9369 = ORIENTED_EDGE('',*,*,#6230,.F.);
#9370 = ORIENTED_EDGE('',*,*,#9371,.T.);
#9371 = EDGE_CURVE('',#6231,#9372,#9374,.T.);
#9372 = VERTEX_POINT('',#9373);
#9373 = CARTESIAN_POINT('',(-26.69967320028,-6.754809471617,
    4.328427124746));
#9374 = LINE('',#9375,#9376);
#9375 = CARTESIAN_POINT('',(-8.866579330825,3.541132074402,
    -16.26345596729));
#9376 = VECTOR('',#9377,1.);
#9377 = DIRECTION('',(-0.612372435696,-0.353553390593,0.707106781187));
#9378 = ORIENTED_EDGE('',*,*,#9379,.F.);
#9379 = EDGE_CURVE('',#9363,#9372,#9380,.T.);
#9380 = LINE('',#9381,#9382);
#9381 = CARTESIAN_POINT('',(-26.69967320028,-6.754809471617,
    4.328427124746));
#9382 = VECTOR('',#9383,1.);
#9383 = DIRECTION('',(-0.5,0.866025403784,0.));
#9384 = PLANE('',#9385);
#9385 = AXIS2_PLACEMENT_3D('',#9386,#9387,#9388);
#9386 = CARTESIAN_POINT('',(-8.866579330825,3.541132074402,
    -16.26345596729));
#9387 = DIRECTION('',(0.612372435696,0.353553390593,0.707106781187));
#9388 = DIRECTION('',(-0.612372435696,-0.353553390593,0.707106781187));
#9389 = ADVANCED_FACE('',(#9390),#9415,.T.);
#9390 = FACE_BOUND('',#9391,.T.);
#9391 = EDGE_LOOP('',(#9392,#9400,#9401,#9409));
#9392 = ORIENTED_EDGE('',*,*,#9393,.F.);
#9393 = EDGE_CURVE('',#6249,#9394,#9396,.T.);
#9394 = VERTEX_POINT('',#9395);
#9395 = CARTESIAN_POINT('',(-19.19967320028,-19.74519052838,1.5));
#9396 = LINE('',#9397,#9398);
#9397 = CARTESIAN_POINT('',(-2.591324202216,-10.15635576355,
    -17.67766952966));
#9398 = VECTOR('',#9399,1.);
#9399 = DIRECTION('',(-0.612372435696,-0.353553390593,0.707106781187));
#9400 = ORIENTED_EDGE('',*,*,#6248,.F.);
#9401 = ORIENTED_EDGE('',*,*,#9402,.T.);
#9402 = EDGE_CURVE('',#6241,#9403,#9405,.T.);
#9403 = VERTEX_POINT('',#9404);
#9404 = CARTESIAN_POINT('',(-26.69967320028,-6.754809471617,1.5));
#9405 = LINE('',#9406,#9407);
#9406 = CARTESIAN_POINT('',(-10.09132420221,2.834025293215,
    -17.67766952966));
#9407 = VECTOR('',#9408,1.);
#9408 = DIRECTION('',(-0.612372435696,-0.353553390593,0.707106781187));
#9409 = ORIENTED_EDGE('',*,*,#9410,.T.);
#9410 = EDGE_CURVE('',#9403,#9394,#9411,.T.);
#9411 = LINE('',#9412,#9413);
#9412 = CARTESIAN_POINT('',(-26.69967320028,-6.754809471617,1.5));
#9413 = VECTOR('',#9414,1.);
#9414 = DIRECTION('',(0.5,-0.866025403784,0.));
#9415 = PLANE('',#9416);
#9416 = AXIS2_PLACEMENT_3D('',#9417,#9418,#9419);
#9417 = CARTESIAN_POINT('',(-10.09132420221,2.834025293215,
    -17.67766952966));
#9418 = DIRECTION('',(0.612372435696,0.353553390593,0.707106781187));
#9419 = DIRECTION('',(-0.612372435696,-0.353553390593,0.707106781187));
#9420 = ADVANCED_FACE('',(#9421),#9432,.F.);
#9421 = FACE_BOUND('',#9422,.T.);
#9422 = EDGE_LOOP('',(#9423,#9424,#9430,#9431));
#9423 = ORIENTED_EDGE('',*,*,#6264,.T.);
#9424 = ORIENTED_EDGE('',*,*,#9425,.T.);
#9425 = EDGE_CURVE('',#6265,#6830,#9426,.T.);
#9426 = LINE('',#9427,#9428);
#9427 = CARTESIAN_POINT('',(20.,-4.898587196589E-15,-6.));
#9428 = VECTOR('',#9429,1.);
#9429 = DIRECTION('',(0.,0.,1.));
#9430 = ORIENTED_EDGE('',*,*,#6829,.F.);
#9431 = ORIENTED_EDGE('',*,*,#9425,.F.);
#9432 = CYLINDRICAL_SURFACE('',#9433,20.);
#9433 = AXIS2_PLACEMENT_3D('',#9434,#9435,#9436);
#9434 = CARTESIAN_POINT('',(0.,0.,-6.));
#9435 = DIRECTION('',(-0.,-0.,-1.));
#9436 = DIRECTION('',(1.,0.,0.));
#9437 = ADVANCED_FACE('',(#9438),#9449,.F.);
#9438 = FACE_BOUND('',#9439,.T.);
#9439 = EDGE_LOOP('',(#9440,#9441,#9447,#9448));
#9440 = ORIENTED_EDGE('',*,*,#6275,.T.);
#9441 = ORIENTED_EDGE('',*,*,#9442,.T.);
#9442 = EDGE_CURVE('',#6276,#6841,#9443,.T.);
#9443 = LINE('',#9444,#9445);
#9444 = CARTESIAN_POINT('',(20.550635094611,14.405255888326,-0.5));
#9445 = VECTOR('',#9446,1.);
#9446 = DIRECTION('',(0.,0.,1.));
#9447 = ORIENTED_EDGE('',*,*,#6840,.F.);
#9448 = ORIENTED_EDGE('',*,*,#9442,.F.);
#9449 = CYLINDRICAL_SURFACE('',#9450,2.2);
#9450 = AXIS2_PLACEMENT_3D('',#9451,#9452,#9453);
#9451 = CARTESIAN_POINT('',(21.650635094611,12.5,-0.5));
#9452 = DIRECTION('',(0.,0.,-1.));
#9453 = DIRECTION('',(-0.5,0.866025403784,0.));
#9454 = ADVANCED_FACE('',(#9455),#9480,.F.);
#9455 = FACE_BOUND('',#9456,.F.);
#9456 = EDGE_LOOP('',(#9457,#9465,#9466,#9474));
#9457 = ORIENTED_EDGE('',*,*,#9458,.F.);
#9458 = EDGE_CURVE('',#6289,#9459,#9461,.T.);
#9459 = VERTEX_POINT('',#9460);
#9460 = CARTESIAN_POINT('',(-7.5,26.5,4.328427124746));
#9461 = LINE('',#9462,#9463);
#9462 = CARTESIAN_POINT('',(-7.5,5.908116907963,-16.26345596729));
#9463 = VECTOR('',#9464,1.);
#9464 = DIRECTION('',(8.659560562355E-17,0.707106781187,0.707106781187)
  );
#9465 = ORIENTED_EDGE('',*,*,#6286,.F.);
#9466 = ORIENTED_EDGE('',*,*,#9467,.T.);
#9467 = EDGE_CURVE('',#6287,#9468,#9470,.T.);
#9468 = VERTEX_POINT('',#9469);
#9469 = CARTESIAN_POINT('',(7.5,26.5,4.328427124746));
#9470 = LINE('',#9471,#9472);
#9471 = CARTESIAN_POINT('',(7.5,5.908116907963,-16.26345596729));
#9472 = VECTOR('',#9473,1.);
#9473 = DIRECTION('',(8.659560562355E-17,0.707106781187,0.707106781187)
  );
#9474 = ORIENTED_EDGE('',*,*,#9475,.F.);
#9475 = EDGE_CURVE('',#9459,#9468,#9476,.T.);
#9476 = LINE('',#9477,#9478);
#9477 = CARTESIAN_POINT('',(7.5,26.5,4.328427124746));
#9478 = VECTOR('',#9479,1.);
#9479 = DIRECTION('',(1.,-1.224646799147E-16,0.));
#9480 = PLANE('',#9481);
#9481 = AXIS2_PLACEMENT_3D('',#9482,#9483,#9484);
#9482 = CARTESIAN_POINT('',(7.5,5.908116907963,-16.26345596729));
#9483 = DIRECTION('',(-8.659560562355E-17,-0.707106781187,0.707106781187
    ));
#9484 = DIRECTION('',(8.659560562355E-17,0.707106781187,0.707106781187)
  );
#9485 = ADVANCED_FACE('',(#9486),#9511,.T.);
#9486 = FACE_BOUND('',#9487,.T.);
#9487 = EDGE_LOOP('',(#9488,#9496,#9497,#9505));
#9488 = ORIENTED_EDGE('',*,*,#9489,.F.);
#9489 = EDGE_CURVE('',#6305,#9490,#9492,.T.);
#9490 = VERTEX_POINT('',#9491);
#9491 = CARTESIAN_POINT('',(-7.5,26.5,1.5));
#9492 = LINE('',#9493,#9494);
#9493 = CARTESIAN_POINT('',(-7.5,7.322330470336,-17.67766952966));
#9494 = VECTOR('',#9495,1.);
#9495 = DIRECTION('',(8.659560562355E-17,0.707106781187,0.707106781187)
  );
#9496 = ORIENTED_EDGE('',*,*,#6304,.F.);
#9497 = ORIENTED_EDGE('',*,*,#9498,.T.);
#9498 = EDGE_CURVE('',#6297,#9499,#9501,.T.);
#9499 = VERTEX_POINT('',#9500);
#9500 = CARTESIAN_POINT('',(7.5,26.5,1.5));
#9501 = LINE('',#9502,#9503);
#9502 = CARTESIAN_POINT('',(7.5,7.322330470336,-17.67766952966));
#9503 = VECTOR('',#9504,1.);
#9504 = DIRECTION('',(8.659560562355E-17,0.707106781187,0.707106781187)
  );
#9505 = ORIENTED_EDGE('',*,*,#9506,.T.);
#9506 = EDGE_CURVE('',#9499,#9490,#9507,.T.);
#9507 = LINE('',#9508,#9509);
#9508 = CARTESIAN_POINT('',(7.5,26.5,1.5));
#9509 = VECTOR('',#9510,1.);
#9510 = DIRECTION('',(-1.,1.224646799147E-16,0.));
#9511 = PLANE('',#9512);
#9512 = AXIS2_PLACEMENT_3D('',#9513,#9514,#9515);
#9513 = CARTESIAN_POINT('',(7.5,7.322330470336,-17.67766952966));
#9514 = DIRECTION('',(-8.659560562355E-17,-0.707106781187,0.707106781187
    ));
#9515 = DIRECTION('',(8.659560562355E-17,0.707106781187,0.707106781187)
  );
#9516 = ADVANCED_FACE('',(#9517),#9528,.F.);
#9517 = FACE_BOUND('',#9518,.T.);
#9518 = EDGE_LOOP('',(#9519,#9520,#9526,#9527));
#9519 = ORIENTED_EDGE('',*,*,#6320,.T.);
#9520 = ORIENTED_EDGE('',*,*,#9521,.T.);
#9521 = EDGE_CURVE('',#6321,#6819,#9522,.T.);
#9522 = LINE('',#9523,#9524);
#9523 = CARTESIAN_POINT('',(-22.75063509461,10.594744111674,-0.5));
#9524 = VECTOR('',#9525,1.);
#9525 = DIRECTION('',(0.,0.,1.));
#9526 = ORIENTED_EDGE('',*,*,#6818,.F.);
#9527 = ORIENTED_EDGE('',*,*,#9521,.F.);
#9528 = CYLINDRICAL_SURFACE('',#9529,2.2);
#9529 = AXIS2_PLACEMENT_3D('',#9530,#9531,#9532);
#9530 = CARTESIAN_POINT('',(-21.65063509461,12.5,-0.5));
#9531 = DIRECTION('',(0.,0.,-1.));
#9532 = DIRECTION('',(-0.5,-0.866025403784,0.));
#9533 = ADVANCED_FACE('',(#9534),#9545,.T.);
#9534 = FACE_BOUND('',#9535,.T.);
#9535 = EDGE_LOOP('',(#9536,#9537,#9538,#9544));
#9536 = ORIENTED_EDGE('',*,*,#6507,.T.);
#9537 = ORIENTED_EDGE('',*,*,#6362,.T.);
#9538 = ORIENTED_EDGE('',*,*,#9539,.T.);
#9539 = EDGE_CURVE('',#6355,#8431,#9540,.T.);
#9540 = LINE('',#9541,#9542);
#9541 = CARTESIAN_POINT('',(-7.5,25.,38.2545));
#9542 = VECTOR('',#9543,1.);
#9543 = DIRECTION('',(-1.,1.224646799147E-16,0.));
#9544 = ORIENTED_EDGE('',*,*,#8430,.F.);
#9545 = PLANE('',#9546);
#9546 = AXIS2_PLACEMENT_3D('',#9547,#9548,#9549);
#9547 = CARTESIAN_POINT('',(3.061617375647E-15,25.000003084794,
    19.127246915206));
#9548 = DIRECTION('',(-1.224646799147E-16,-1.,1.699871407149E-07));
#9549 = DIRECTION('',(2.081742077727E-23,1.699871407149E-07,1.));
#9550 = ADVANCED_FACE('',(#9551),#9562,.T.);
#9551 = FACE_BOUND('',#9552,.T.);
#9552 = EDGE_LOOP('',(#9553,#9554,#9555,#9561));
#9553 = ORIENTED_EDGE('',*,*,#9539,.F.);
#9554 = ORIENTED_EDGE('',*,*,#6354,.T.);
#9555 = ORIENTED_EDGE('',*,*,#9556,.T.);
#9556 = EDGE_CURVE('',#6347,#8439,#9557,.T.);
#9557 = LINE('',#9558,#9559);
#9558 = CARTESIAN_POINT('',(9.,32.424644340267,45.679098064651));
#9559 = VECTOR('',#9560,1.);
#9560 = DIRECTION('',(-1.,1.224646799147E-16,0.));
#9561 = ORIENTED_EDGE('',*,*,#8438,.F.);
#9562 = PLANE('',#9563);
#9563 = AXIS2_PLACEMENT_3D('',#9564,#9565,#9566);
#9564 = CARTESIAN_POINT('',(9.,25.000023137808,38.254476862192));
#9565 = DIRECTION('',(-8.659560562355E-17,-0.707106781187,0.707106781187
    ));
#9566 = DIRECTION('',(8.659560562355E-17,0.707106781187,0.707106781187)
  );
#9567 = ADVANCED_FACE('',(#9568,#9574),#9608,.T.);
#9568 = FACE_BOUND('',#9569,.T.);
#9569 = EDGE_LOOP('',(#9570,#9571,#9572,#9573));
#9570 = ORIENTED_EDGE('',*,*,#6346,.F.);
#9571 = ORIENTED_EDGE('',*,*,#8382,.T.);
#9572 = ORIENTED_EDGE('',*,*,#8446,.T.);
#9573 = ORIENTED_EDGE('',*,*,#9556,.F.);
#9574 = FACE_BOUND('',#9575,.T.);
#9575 = EDGE_LOOP('',(#9576,#9586,#9594,#9602));
#9576 = ORIENTED_EDGE('',*,*,#9577,.T.);
#9577 = EDGE_CURVE('',#9578,#9580,#9582,.T.);
#9578 = VERTEX_POINT('',#9579);
#9579 = CARTESIAN_POINT('',(-7.5,69.618461030679,8.485281374239));
#9580 = VERTEX_POINT('',#9581);
#9581 = CARTESIAN_POINT('',(7.5,69.618461030679,8.485281374239));
#9582 = LINE('',#9583,#9584);
#9583 = CARTESIAN_POINT('',(8.25,69.618461030679,8.485281374239));
#9584 = VECTOR('',#9585,1.);
#9585 = DIRECTION('',(1.,-1.224646799147E-16,0.));
#9586 = ORIENTED_EDGE('',*,*,#9587,.T.);
#9587 = EDGE_CURVE('',#9580,#9588,#9590,.T.);
#9588 = VERTEX_POINT('',#9589);
#9589 = CARTESIAN_POINT('',(7.5,33.485304512046,44.618437892871));
#9590 = LINE('',#9591,#9592);
#9591 = CARTESIAN_POINT('',(7.5,70.148791116569,7.954951288349));
#9592 = VECTOR('',#9593,1.);
#9593 = DIRECTION('',(-8.659560562355E-17,-0.707106781187,0.707106781187
    ));
#9594 = ORIENTED_EDGE('',*,*,#9595,.F.);
#9595 = EDGE_CURVE('',#9596,#9588,#9598,.T.);
#9596 = VERTEX_POINT('',#9597);
#9597 = CARTESIAN_POINT('',(-7.5,33.485304512046,44.618437892871));
#9598 = LINE('',#9599,#9600);
#9599 = CARTESIAN_POINT('',(8.25,33.485304512046,44.618437892871));
#9600 = VECTOR('',#9601,1.);
#9601 = DIRECTION('',(1.,-1.224646799147E-16,0.));
#9602 = ORIENTED_EDGE('',*,*,#9603,.F.);
#9603 = EDGE_CURVE('',#9578,#9596,#9604,.T.);
#9604 = LINE('',#9605,#9606);
#9605 = CARTESIAN_POINT('',(-7.5,70.148791116569,7.954951288349));
#9606 = VECTOR('',#9607,1.);
#9607 = DIRECTION('',(-8.659560562355E-17,-0.707106781187,0.707106781187
    ));
#9608 = PLANE('',#9609);
#9609 = AXIS2_PLACEMENT_3D('',#9610,#9611,#9612);
#9610 = CARTESIAN_POINT('',(9.,70.679121202459,7.424621202459));
#9611 = DIRECTION('',(8.659560562355E-17,0.707106781187,0.707106781187)
  );
#9612 = DIRECTION('',(-1.,1.224646799147E-16,0.));
#9613 = ADVANCED_FACE('',(#9614),#9625,.T.);
#9614 = FACE_BOUND('',#9615,.T.);
#9615 = EDGE_LOOP('',(#9616,#9617,#9618,#9624));
#9616 = ORIENTED_EDGE('',*,*,#6651,.T.);
#9617 = ORIENTED_EDGE('',*,*,#8578,.T.);
#9618 = ORIENTED_EDGE('',*,*,#9619,.T.);
#9619 = EDGE_CURVE('',#8571,#8472,#9620,.T.);
#9620 = LINE('',#9621,#9622);
#9621 = CARTESIAN_POINT('',(-17.90063509461,-18.99519052838,38.2545));
#9622 = VECTOR('',#9623,1.);
#9623 = DIRECTION('',(0.5,-0.866025403784,0.));
#9624 = ORIENTED_EDGE('',*,*,#8471,.F.);
#9625 = PLANE('',#9626);
#9626 = AXIS2_PLACEMENT_3D('',#9627,#9628,#9629);
#9627 = CARTESIAN_POINT('',(-21.65063776612,-12.50000154239,
    19.127246915206));
#9628 = DIRECTION('',(0.866025403784,0.5,1.699871407149E-07));
#9629 = DIRECTION('',(-1.472131821758E-07,-8.499357035746E-08,1.));
#9630 = ADVANCED_FACE('',(#9631),#9789,.F.);
#9631 = FACE_BOUND('',#9632,.T.);
#9632 = EDGE_LOOP('',(#9633,#9634,#9641,#9726,#9777,#9788));
#9633 = ORIENTED_EDGE('',*,*,#6989,.F.);
#9634 = ORIENTED_EDGE('',*,*,#9635,.F.);
#9635 = EDGE_CURVE('',#9636,#6990,#9638,.T.);
#9636 = VERTEX_POINT('',#9637);
#9637 = CARTESIAN_POINT('',(34.336497495911,4.52744178312,2.45));
#9638 = B_SPLINE_CURVE_WITH_KNOTS('',1,(#9639,#9640),.UNSPECIFIED.,.F.,
  .F.,(2,2),(-26.75263085038,-17.24736914961),.PIECEWISE_BEZIER_KNOTS.);
#9639 = CARTESIAN_POINT('',(34.336497495911,4.52744178312,2.45));
#9640 = CARTESIAN_POINT('',(39.089128346293,-3.70435631936,2.45));
#9641 = ORIENTED_EDGE('',*,*,#9642,.T.);
#9642 = EDGE_CURVE('',#9636,#9643,#9645,.T.);
#9643 = VERTEX_POINT('',#9644);
#9644 = CARTESIAN_POINT('',(34.422048220182,4.579263582059,
    5.546770829826));
#9645 = B_SPLINE_CURVE_WITH_KNOTS('',7,(#9646,#9647,#9648,#9649,#9650,
    #9651,#9652,#9653,#9654,#9655,#9656,#9657,#9658,#9659,#9660,#9661,
    #9662,#9663,#9664,#9665,#9666,#9667,#9668,#9669,#9670,#9671,#9672,
    #9673,#9674,#9675,#9676,#9677,#9678,#9679,#9680,#9681,#9682,#9683,
    #9684,#9685,#9686,#9687,#9688,#9689,#9690,#9691,#9692,#9693,#9694,
    #9695,#9696,#9697,#9698,#9699,#9700,#9701,#9702,#9703,#9704,#9705,
    #9706,#9707,#9708,#9709,#9710,#9711,#9712,#9713,#9714,#9715,#9716,
    #9717,#9718,#9719,#9720,#9721,#9722,#9723,#9724,#9725),
  .UNSPECIFIED.,.F.,.F.,(8,6,6,6,6,6,6,6,6,6,6,6,6,8),(0.,0.114350424398
    ,0.152780941149,0.177410473634,0.205975457279,0.232565663877,
    0.490411210378,0.747273592013,0.773863808192,0.80242880213,
    0.82705834349,0.865488874088,0.979840001955,1.),.UNSPECIFIED.);
#9646 = CARTESIAN_POINT('',(34.336497495911,4.52744178312,2.45));
#9647 = CARTESIAN_POINT('',(34.267125614322,4.485419772412,2.45));
#9648 = CARTESIAN_POINT('',(34.19775416826,4.443397190327,2.454949401042
    ));
#9649 = CARTESIAN_POINT('',(34.128692606716,4.401561483898,
    2.464847505512));
#9650 = CARTESIAN_POINT('',(34.060247784466,4.360098551975,
    2.479662198183));
#9651 = CARTESIAN_POINT('',(33.992722983625,4.319192150938,
    2.499329510379));
#9652 = CARTESIAN_POINT('',(33.926416935204,4.279023300404,
    2.523753184155));
#9653 = CARTESIAN_POINT('',(33.839847053213,4.226577463542,
    2.562567619143));
#9654 = CARTESIAN_POINT('',(33.81824178708,4.213488460574,2.572853742369
    ));
#9655 = CARTESIAN_POINT('',(33.796818058187,4.200509356032,
    2.583657757368));
#9656 = CARTESIAN_POINT('',(33.775586743097,4.187646741684,
    2.594974426171));
#9657 = CARTESIAN_POINT('',(33.754558579005,4.17490712507,2.60679812162)
  );
#9658 = CARTESIAN_POINT('',(33.73374416374,4.162296929504,2.619122827365
    ));
#9659 = CARTESIAN_POINT('',(33.699958005278,4.141827818521,
    2.640157838598));
#9660 = CARTESIAN_POINT('',(33.686854139306,4.133888901213,
    2.648576692262));
#9661 = CARTESIAN_POINT('',(33.673845108146,4.126007409158,
    2.657197013702));
#9662 = CARTESIAN_POINT('',(33.66093363271,4.118184991589,2.66601705476)
  );
#9663 = CARTESIAN_POINT('',(33.648122404528,4.110423279968,
    2.675035004281));
#9664 = CARTESIAN_POINT('',(33.635414085747,4.10272388798,2.684248988112
    ));
#9665 = CARTESIAN_POINT('',(33.608194786948,4.086232893888,
    2.704568428455));
#9666 = CARTESIAN_POINT('',(33.5937202264,4.077463347138,2.715740870796)
  );
#9667 = CARTESIAN_POINT('',(33.579391735696,4.068782261579,
    2.727171373187));
#9668 = CARTESIAN_POINT('',(33.565213361054,4.060192089984,
    2.738856804062));
#9669 = CARTESIAN_POINT('',(33.551189086707,4.051695247605,
    2.750793923231));
#9670 = CARTESIAN_POINT('',(33.537322834895,4.04329411218,2.762979381873
    ));
#9671 = CARTESIAN_POINT('',(33.510861518127,4.027261951335,2.78698071907
    ));
#9672 = CARTESIAN_POINT('',(33.498244840884,4.019617836047,
    2.798763911789));
#9673 = CARTESIAN_POINT('',(33.485771547366,4.012060565404,
    2.810756511975));
#9674 = CARTESIAN_POINT('',(33.47344469769,4.004591994592,2.822955654442
    ));
#9675 = CARTESIAN_POINT('',(33.46126729886,3.997213946634,2.835358397545
    ));
#9676 = CARTESIAN_POINT('',(33.449242304767,3.989928212396,
    2.847961723179));
#9677 = CARTESIAN_POINT('',(33.322272106339,3.91299892129,2.984892177022
    ));
#9678 = CARTESIAN_POINT('',(33.22170045286,3.852061770257,3.127673340997
    ));
#9679 = CARTESIAN_POINT('',(33.138474494768,3.801632831374,3.28617440055
    ));
#9680 = CARTESIAN_POINT('',(33.074638102393,3.762951654912,3.45687952806
    ));
#9681 = CARTESIAN_POINT('',(33.031628523603,3.736890028653,
    3.635964336978));
#9682 = CARTESIAN_POINT('',(33.010275518425,3.723951191144,
    3.819288240502));
#9683 = CARTESIAN_POINT('',(33.010769273389,3.724250381597,
    4.184907311685));
#9684 = CARTESIAN_POINT('',(33.032451949254,3.737388982817,
    4.367451051813));
#9685 = CARTESIAN_POINT('',(33.075614174453,3.763543098258,
    4.545725588461));
#9686 = CARTESIAN_POINT('',(33.139428383574,3.802210819238,
    4.715640105852));
#9687 = CARTESIAN_POINT('',(33.222468501001,3.852527136574,
    4.873416220778));
#9688 = CARTESIAN_POINT('',(33.322711025808,3.913264855848,
    5.015581173755));
#9689 = CARTESIAN_POINT('',(33.449242304767,3.989928212396,
    5.152038276821));
#9690 = CARTESIAN_POINT('',(33.46126729886,3.997213946634,5.164641602455
    ));
#9691 = CARTESIAN_POINT('',(33.47344469769,4.004591994592,5.177044345558
    ));
#9692 = CARTESIAN_POINT('',(33.485771547366,4.012060565404,
    5.189243488025));
#9693 = CARTESIAN_POINT('',(33.498244840884,4.019617836047,
    5.201236088211));
#9694 = CARTESIAN_POINT('',(33.510861518127,4.027261951335,5.21301928093
    ));
#9695 = CARTESIAN_POINT('',(33.537322834895,4.04329411218,5.237020618127
    ));
#9696 = CARTESIAN_POINT('',(33.551189086707,4.051695247605,
    5.249206076769));
#9697 = CARTESIAN_POINT('',(33.565213361054,4.060192089984,
    5.261143195938));
#9698 = CARTESIAN_POINT('',(33.579391735696,4.068782261579,
    5.272828626813));
#9699 = CARTESIAN_POINT('',(33.5937202264,4.077463347138,5.284259129204)
  );
#9700 = CARTESIAN_POINT('',(33.608194786948,4.086232893888,
    5.295431571545));
#9701 = CARTESIAN_POINT('',(33.635414085747,4.10272388798,5.315751011888
    ));
#9702 = CARTESIAN_POINT('',(33.648122404528,4.110423279968,
    5.324964995719));
#9703 = CARTESIAN_POINT('',(33.66093363271,4.118184991589,5.33398294524)
  );
#9704 = CARTESIAN_POINT('',(33.673845108146,4.126007409158,
    5.342802986298));
#9705 = CARTESIAN_POINT('',(33.686854139306,4.133888901213,
    5.351423307738));
#9706 = CARTESIAN_POINT('',(33.699958005278,4.141827818521,
    5.359842161402));
#9707 = CARTESIAN_POINT('',(33.73374416374,4.162296929504,5.380877172635
    ));
#9708 = CARTESIAN_POINT('',(33.754558579005,4.17490712507,5.39320187838)
  );
#9709 = CARTESIAN_POINT('',(33.775586743097,4.187646741684,
    5.405025573829));
#9710 = CARTESIAN_POINT('',(33.796818058187,4.200509356032,
    5.416342242632));
#9711 = CARTESIAN_POINT('',(33.81824178708,4.213488460574,5.427146257631
    ));
#9712 = CARTESIAN_POINT('',(33.839847053213,4.226577463542,
    5.437432380857));
#9713 = CARTESIAN_POINT('',(33.926417310462,4.279023527744,
    5.476246984095));
#9714 = CARTESIAN_POINT('',(33.99272321247,4.319192289568,5.500670528475
    ));
#9715 = CARTESIAN_POINT('',(34.060248005436,4.360098685841,
    5.520337874438));
#9716 = CARTESIAN_POINT('',(34.128693239722,4.401561867377,
    5.535152704392));
#9717 = CARTESIAN_POINT('',(34.19775546338,4.443397974881,5.545050810536
    ));
#9718 = CARTESIAN_POINT('',(34.267127128225,4.485420689458,5.55));
#9719 = CARTESIAN_POINT('',(34.348727427552,4.534850063055,5.55));
#9720 = CARTESIAN_POINT('',(34.360957370831,4.542258324077,
    5.549846178128));
#9721 = CARTESIAN_POINT('',(34.37318563837,4.549665544066,5.549538534337
    ));
#9722 = CARTESIAN_POINT('',(34.385410543267,4.55707070121,5.549077099745
    ));
#9723 = CARTESIAN_POINT('',(34.397630399093,4.564472774003,
    5.548461936637));
#9724 = CARTESIAN_POINT('',(34.409843519892,4.571870741249,
    5.547693138459));
#9725 = CARTESIAN_POINT('',(34.422048220182,4.579263582059,
    5.546770829826));
#9726 = ORIENTED_EDGE('',*,*,#9727,.T.);
#9727 = EDGE_CURVE('',#9643,#9728,#9730,.T.);
#9728 = VERTEX_POINT('',#9729);
#9729 = CARTESIAN_POINT('',(34.422048220182,4.579263582059,
    2.453229170174));
#9730 = B_SPLINE_CURVE_WITH_KNOTS('',5,(#9731,#9732,#9733,#9734,#9735,
    #9736,#9737,#9738,#9739,#9740,#9741,#9742,#9743,#9744,#9745,#9746,
    #9747,#9748,#9749,#9750,#9751,#9752,#9753,#9754,#9755,#9756,#9757,
    #9758,#9759,#9760,#9761,#9762,#9763,#9764,#9765,#9766,#9767,#9768,
    #9769,#9770,#9771,#9772,#9773,#9774,#9775,#9776),.UNSPECIFIED.,.F.,
  .F.,(6,4,4,4,4,4,4,4,4,4,4,6),(0.,0.100699431951,0.141272503208,
    0.225979141111,0.359383692413,0.405552605596,0.49993773849,
    0.640490031069,0.773894426241,0.858600935133,0.899173943755,1.),
  .UNSPECIFIED.);
#9731 = CARTESIAN_POINT('',(34.422048220182,4.579263582059,
    5.546770829826));
#9732 = CARTESIAN_POINT('',(34.502242401995,4.627840180093,
    5.540710559235));
#9733 = CARTESIAN_POINT('',(34.582048507358,4.676180511476,
    5.527548840002));
#9734 = CARTESIAN_POINT('',(34.660853159571,4.723913056339,
    5.507331341369));
#9735 = CARTESIAN_POINT('',(34.738056910083,4.770674806187,
    5.480208065075));
#9736 = CARTESIAN_POINT('',(34.843309853657,4.834424331794,5.43282640261
    ));
#9737 = CARTESIAN_POINT('',(34.873184680234,4.852518726145,
    5.418138804877));
#9738 = CARTESIAN_POINT('',(34.90266835041,4.870376044581,5.402388118051
    ));
#9739 = CARTESIAN_POINT('',(34.931724180469,4.887974077941,
    5.385593606388));
#9740 = CARTESIAN_POINT('',(35.020010053105,4.941445083185,
    5.330580819168));
#9741 = CARTESIAN_POINT('',(35.07768391402,4.976375035396,5.288929661804
    ));
#9742 = CARTESIAN_POINT('',(35.133010939993,5.009883045355,
    5.243024210733));
#9743 = CARTESIAN_POINT('',(35.185690375425,5.041787065514,
    5.193110713409));
#9744 = CARTESIAN_POINT('',(35.313810766859,5.119378965597,
    5.055019917739));
#9745 = CARTESIAN_POINT('',(35.384931982077,5.162450063573,
    4.961335084741));
#9746 = CARTESIAN_POINT('',(35.447735773033,5.200483280626,
    4.859574823847));
#9747 = CARTESIAN_POINT('',(35.501370000636,5.232963005866,
    4.751109313204));
#9748 = CARTESIAN_POINT('',(35.56041180743,5.268717057075,4.598168921967
    ));
#9749 = CARTESIAN_POINT('',(35.574421569296,5.277200931231,
    4.558229417759));
#9750 = CARTESIAN_POINT('',(35.587236560461,5.284961256999,
    4.517735572012));
#9751 = CARTESIAN_POINT('',(35.5988360113,5.291985468219,4.476752760045)
  );
#9752 = CARTESIAN_POINT('',(35.630396925017,5.311097571864,
    4.350702539296));
#9753 = CARTESIAN_POINT('',(35.646440481608,5.32081286505,4.264292397583
    ));
#9754 = CARTESIAN_POINT('',(35.65718946392,5.327321961043,4.176692613486
    ));
#9755 = CARTESIAN_POINT('',(35.66257126873,5.330580938027,4.088494110855
    ));
#9756 = CARTESIAN_POINT('',(35.662607088965,5.330602629137,
    3.868956006551));
#9757 = CARTESIAN_POINT('',(35.650725601134,5.323407738298,
    3.737605344941));
#9758 = CARTESIAN_POINT('',(35.626942203045,5.309005594076,
    3.608233501274));
#9759 = CARTESIAN_POINT('',(35.591612954989,5.287611589699,
    3.482775796293));
#9760 = CARTESIAN_POINT('',(35.501615028456,5.233111389122,
    3.249410081416));
#9761 = CARTESIAN_POINT('',(35.448016209246,5.200653108428,
    3.140920682652));
#9762 = CARTESIAN_POINT('',(35.38524563336,5.162640008792,3.039132428141
    ));
#9763 = CARTESIAN_POINT('',(35.314154985988,5.119587426306,
    2.945415880311));
#9764 = CARTESIAN_POINT('',(35.18607964735,5.042022817951,2.80726796252)
  );
#9765 = CARTESIAN_POINT('',(35.133416503938,5.010128667712,
    2.757330984843));
#9766 = CARTESIAN_POINT('',(35.078104458936,4.976629734141,
    2.711400870139));
#9767 = CARTESIAN_POINT('',(35.02044418871,4.941708016753,2.669724001755
    ));
#9768 = CARTESIAN_POINT('',(34.932176267633,4.888247889809,
    2.614671857568));
#9769 = CARTESIAN_POINT('',(34.903125918394,4.870653177922,
    2.597864393372));
#9770 = CARTESIAN_POINT('',(34.873647388784,4.852798974966,
    2.582100563443));
#9771 = CARTESIAN_POINT('',(34.843777356528,4.834707486466,
    2.567399648455));
#9772 = CARTESIAN_POINT('',(34.738445441458,4.770910136803,
    2.519928505177));
#9773 = CARTESIAN_POINT('',(34.661150611394,4.724093225042,
    2.492745004986));
#9774 = CARTESIAN_POINT('',(34.58224933236,4.67630215564,2.472484291778)
  );
#9775 = CARTESIAN_POINT('',(34.502343300391,4.627901298004,
    2.459297065652));
#9776 = CARTESIAN_POINT('',(34.422048220182,4.579263582059,
    2.453229170174));
#9777 = ORIENTED_EDGE('',*,*,#9778,.T.);
#9778 = EDGE_CURVE('',#9728,#9636,#9779,.T.);
#9779 = B_SPLINE_CURVE_WITH_KNOTS('',4,(#9780,#9781,#9782,#9783,#9784,
    #9785,#9786,#9787),.UNSPECIFIED.,.F.,.F.,(5,3,5),(0.,0.735402089798,
    1.),.UNSPECIFIED.);
#9780 = CARTESIAN_POINT('',(34.422048220182,4.579263582059,
    2.453229170174));
#9781 = CARTESIAN_POINT('',(34.406341335569,4.569749337971,
    2.452042201634));
#9782 = CARTESIAN_POINT('',(34.390618514091,4.560225391459,
    2.451145806542));
#9783 = CARTESIAN_POINT('',(34.374885618057,4.550695293293,
    2.450540418369));
#9784 = CARTESIAN_POINT('',(34.353486306244,4.537732734288,
    2.450113078558));
#9785 = CARTESIAN_POINT('',(34.347823548889,4.534302532278,
    2.450037692851));
#9786 = CARTESIAN_POINT('',(34.342160521081,4.530872160081,2.45));
#9787 = CARTESIAN_POINT('',(34.336497495911,4.52744178312,2.45));
#9788 = ORIENTED_EDGE('',*,*,#9635,.T.);
#9789 = CYLINDRICAL_SURFACE('',#9790,1.55);
#9790 = AXIS2_PLACEMENT_3D('',#9791,#9792,#9793);
#9791 = CARTESIAN_POINT('',(47.712812921102,-18.64101615137,4.));
#9792 = DIRECTION('',(0.5,-0.866025403784,2.22044604925E-16));
#9793 = DIRECTION('',(1.110223024625E-16,-1.922962686384E-16,-1.));
#9794 = ADVANCED_FACE('',(#9795),#9822,.T.);
#9795 = FACE_BOUND('',#9796,.T.);
#9796 = EDGE_LOOP('',(#9797,#9808,#9814,#9815,#9816));
#9797 = ORIENTED_EDGE('',*,*,#9798,.F.);
#9798 = EDGE_CURVE('',#9799,#9801,#9803,.T.);
#9799 = VERTEX_POINT('',#9800);
#9800 = CARTESIAN_POINT('',(32.398762674813,2.16792927988,5.65));
#9801 = VERTEX_POINT('',#9802);
#9802 = CARTESIAN_POINT('',(34.83531458555,3.663465240182,7.3));
#9803 = CIRCLE('',#9804,4.06745763552);
#9804 = AXIS2_PLACEMENT_3D('',#9805,#9806,#9807);
#9805 = CARTESIAN_POINT('',(35.540264826386,-0.265428226242,
    6.518301270189));
#9806 = DIRECTION('',(0.433012701892,0.25,-0.866025403784));
#9807 = DIRECTION('',(-0.75,-0.433012701892,-0.5));
#9808 = ORIENTED_EDGE('',*,*,#9809,.T.);
#9809 = EDGE_CURVE('',#9799,#7384,#9810,.T.);
#9810 = LINE('',#9811,#9812);
#9811 = CARTESIAN_POINT('',(32.487812921102,2.013689728881,5.65));
#9812 = VECTOR('',#9813,1.);
#9813 = DIRECTION('',(-0.5,0.866025403784,-2.22044604925E-16));
#9814 = ORIENTED_EDGE('',*,*,#7383,.F.);
#9815 = ORIENTED_EDGE('',*,*,#7234,.F.);
#9816 = ORIENTED_EDGE('',*,*,#9817,.F.);
#9817 = EDGE_CURVE('',#9801,#7227,#9818,.T.);
#9818 = LINE('',#9819,#9820);
#9819 = CARTESIAN_POINT('',(34.962812921102,3.442631645126,7.3));
#9820 = VECTOR('',#9821,1.);
#9821 = DIRECTION('',(-0.5,0.866025403784,-2.22044604925E-16));
#9822 = PLANE('',#9823);
#9823 = AXIS2_PLACEMENT_3D('',#9824,#9825,#9826);
#9824 = CARTESIAN_POINT('',(32.487812921102,2.013689728881,5.65));
#9825 = DIRECTION('',(0.433012701892,0.25,-0.866025403784));
#9826 = DIRECTION('',(0.75,0.433012701892,0.5));
#9827 = ADVANCED_FACE('',(#9828),#9856,.T.);
#9828 = FACE_BOUND('',#9829,.T.);
#9829 = EDGE_LOOP('',(#9830,#9839,#9840,#9841,#9849));
#9830 = ORIENTED_EDGE('',*,*,#9831,.F.);
#9831 = EDGE_CURVE('',#9801,#9832,#9834,.T.);
#9832 = VERTEX_POINT('',#9833);
#9833 = CARTESIAN_POINT('',(34.896278718868,3.757872263837,
    7.242264973081));
#9834 = CIRCLE('',#9835,4.137123201362);
#9835 = AXIS2_PLACEMENT_3D('',#9836,#9837,#9838);
#9836 = CARTESIAN_POINT('',(38.015264826386,1.163513690002,
    6.431698729811));
#9837 = DIRECTION('',(-0.433012701892,-0.25,-0.866025403784));
#9838 = DIRECTION('',(-0.75,-0.433012701892,0.5));
#9839 = ORIENTED_EDGE('',*,*,#9817,.T.);
#9840 = ORIENTED_EDGE('',*,*,#7226,.F.);
#9841 = ORIENTED_EDGE('',*,*,#9842,.F.);
#9842 = EDGE_CURVE('',#9843,#7219,#9845,.T.);
#9843 = VERTEX_POINT('',#9844);
#9844 = CARTESIAN_POINT('',(37.27263820541,5.157664561074,5.65));
#9845 = LINE('',#9846,#9847);
#9846 = CARTESIAN_POINT('',(37.437812921102,4.87157356137,5.65));
#9847 = VECTOR('',#9848,1.);
#9848 = DIRECTION('',(-0.5,0.866025403784,-2.22044604925E-16));
#9849 = ORIENTED_EDGE('',*,*,#9850,.F.);
#9850 = EDGE_CURVE('',#9832,#9843,#9851,.T.);
#9851 = CIRCLE('',#9852,4.137123201362);
#9852 = AXIS2_PLACEMENT_3D('',#9853,#9854,#9855);
#9853 = CARTESIAN_POINT('',(38.015264826386,1.163513690002,
    6.431698729811));
#9854 = DIRECTION('',(-0.433012701892,-0.25,-0.866025403784));
#9855 = DIRECTION('',(-0.75,-0.433012701892,0.5));
#9856 = PLANE('',#9857);
#9857 = AXIS2_PLACEMENT_3D('',#9858,#9859,#9860);
#9858 = CARTESIAN_POINT('',(34.962812921102,3.442631645126,7.3));
#9859 = DIRECTION('',(-0.433012701892,-0.25,-0.866025403784));
#9860 = DIRECTION('',(0.75,0.433012701892,-0.5));
#9861 = ADVANCED_FACE('',(#9862),#9881,.T.);
#9862 = FACE_BOUND('',#9863,.T.);
#9863 = EDGE_LOOP('',(#9864,#9873,#9874,#9875));
#9864 = ORIENTED_EDGE('',*,*,#9865,.F.);
#9865 = EDGE_CURVE('',#9843,#9866,#9868,.T.);
#9866 = VERTEX_POINT('',#9867);
#9867 = CARTESIAN_POINT('',(37.27263820541,5.157664561074,2.35));
#9868 = CIRCLE('',#9869,4.170620669217);
#9869 = AXIS2_PLACEMENT_3D('',#9870,#9871,#9872);
#9870 = CARTESIAN_POINT('',(39.187812921102,1.840484648124,4.));
#9871 = DIRECTION('',(-0.866025403784,-0.5,-4.037174635001E-16));
#9872 = DIRECTION('',(-3.496295793425E-16,-2.0185873175E-16,1.));
#9873 = ORIENTED_EDGE('',*,*,#9842,.T.);
#9874 = ORIENTED_EDGE('',*,*,#7218,.F.);
#9875 = ORIENTED_EDGE('',*,*,#9876,.F.);
#9876 = EDGE_CURVE('',#9866,#7211,#9877,.T.);
#9877 = LINE('',#9878,#9879);
#9878 = CARTESIAN_POINT('',(37.437812921102,4.87157356137,2.35));
#9879 = VECTOR('',#9880,1.);
#9880 = DIRECTION('',(-0.5,0.866025403784,-2.22044604925E-16));
#9881 = PLANE('',#9882);
#9882 = AXIS2_PLACEMENT_3D('',#9883,#9884,#9885);
#9883 = CARTESIAN_POINT('',(37.437812921102,4.87157356137,5.65));
#9884 = DIRECTION('',(-0.866025403784,-0.5,-4.037174635001E-16));
#9885 = DIRECTION('',(4.60651881805E-16,9.562463111672E-18,-1.));
#9886 = ADVANCED_FACE('',(#9887),#9915,.T.);
#9887 = FACE_BOUND('',#9888,.T.);
#9888 = EDGE_LOOP('',(#9889,#9898,#9899,#9900,#9908));
#9889 = ORIENTED_EDGE('',*,*,#9890,.F.);
#9890 = EDGE_CURVE('',#9866,#9891,#9893,.T.);
#9891 = VERTEX_POINT('',#9892);
#9892 = CARTESIAN_POINT('',(34.896278718868,3.757872263837,
    0.757735026919));
#9893 = CIRCLE('',#9894,4.137123201362);
#9894 = AXIS2_PLACEMENT_3D('',#9895,#9896,#9897);
#9895 = CARTESIAN_POINT('',(38.015264826386,1.163513690002,
    1.568301270189));
#9896 = DIRECTION('',(-0.433012701892,-0.25,0.866025403784));
#9897 = DIRECTION('',(0.75,0.433012701892,0.5));
#9898 = ORIENTED_EDGE('',*,*,#9876,.T.);
#9899 = ORIENTED_EDGE('',*,*,#7210,.F.);
#9900 = ORIENTED_EDGE('',*,*,#9901,.F.);
#9901 = EDGE_CURVE('',#9902,#7203,#9904,.T.);
#9902 = VERTEX_POINT('',#9903);
#9903 = CARTESIAN_POINT('',(34.83531458555,3.663465240182,0.7));
#9904 = LINE('',#9905,#9906);
#9905 = CARTESIAN_POINT('',(34.962812921102,3.442631645126,0.7));
#9906 = VECTOR('',#9907,1.);
#9907 = DIRECTION('',(-0.5,0.866025403784,-2.22044604925E-16));
#9908 = ORIENTED_EDGE('',*,*,#9909,.F.);
#9909 = EDGE_CURVE('',#9891,#9902,#9910,.T.);
#9910 = CIRCLE('',#9911,4.137123201362);
#9911 = AXIS2_PLACEMENT_3D('',#9912,#9913,#9914);
#9912 = CARTESIAN_POINT('',(38.015264826386,1.163513690002,
    1.568301270189));
#9913 = DIRECTION('',(-0.433012701892,-0.25,0.866025403784));
#9914 = DIRECTION('',(0.75,0.433012701892,0.5));
#9915 = PLANE('',#9916);
#9916 = AXIS2_PLACEMENT_3D('',#9917,#9918,#9919);
#9917 = CARTESIAN_POINT('',(37.437812921102,4.87157356137,2.35));
#9918 = DIRECTION('',(-0.433012701892,-0.25,0.866025403784));
#9919 = DIRECTION('',(-0.75,-0.433012701892,-0.5));
#9920 = ADVANCED_FACE('',(#9921),#9941,.T.);
#9921 = FACE_BOUND('',#9922,.T.);
#9922 = EDGE_LOOP('',(#9923,#9932,#9933,#9934,#9935));
#9923 = ORIENTED_EDGE('',*,*,#9924,.F.);
#9924 = EDGE_CURVE('',#9902,#9925,#9927,.T.);
#9925 = VERTEX_POINT('',#9926);
#9926 = CARTESIAN_POINT('',(32.398762674813,2.16792927988,2.35));
#9927 = CIRCLE('',#9928,4.06745763552);
#9928 = AXIS2_PLACEMENT_3D('',#9929,#9930,#9931);
#9929 = CARTESIAN_POINT('',(35.540264826386,-0.265428226242,
    1.481698729811));
#9930 = DIRECTION('',(0.433012701892,0.25,0.866025403784));
#9931 = DIRECTION('',(0.75,0.433012701892,-0.5));
#9932 = ORIENTED_EDGE('',*,*,#9901,.T.);
#9933 = ORIENTED_EDGE('',*,*,#7202,.F.);
#9934 = ORIENTED_EDGE('',*,*,#7400,.F.);
#9935 = ORIENTED_EDGE('',*,*,#9936,.F.);
#9936 = EDGE_CURVE('',#9925,#7393,#9937,.T.);
#9937 = LINE('',#9938,#9939);
#9938 = CARTESIAN_POINT('',(32.487812921102,2.013689728881,2.35));
#9939 = VECTOR('',#9940,1.);
#9940 = DIRECTION('',(-0.5,0.866025403784,-2.22044604925E-16));
#9941 = PLANE('',#9942);
#9942 = AXIS2_PLACEMENT_3D('',#9943,#9944,#9945);
#9943 = CARTESIAN_POINT('',(34.962812921102,3.442631645126,0.7));
#9944 = DIRECTION('',(0.433012701892,0.25,0.866025403784));
#9945 = DIRECTION('',(-0.75,-0.433012701892,0.5));
#9946 = ADVANCED_FACE('',(#9947),#10091,.F.);
#9947 = FACE_BOUND('',#9948,.T.);
#9948 = EDGE_LOOP('',(#9949,#10082,#10087,#10088,#10089,#10090));
#9949 = ORIENTED_EDGE('',*,*,#9950,.F.);
#9950 = EDGE_CURVE('',#9951,#9951,#9953,.T.);
#9951 = VERTEX_POINT('',#9952);
#9952 = CARTESIAN_POINT('',(13.247369149618,-32.,2.45));
#9953 = B_SPLINE_CURVE_WITH_KNOTS('',7,(#9954,#9955,#9956,#9957,#9958,
    #9959,#9960,#9961,#9962,#9963,#9964,#9965,#9966,#9967,#9968,#9969,
    #9970,#9971,#9972,#9973,#9974,#9975,#9976,#9977,#9978,#9979,#9980,
    #9981,#9982,#9983,#9984,#9985,#9986,#9987,#9988,#9989,#9990,#9991,
    #9992,#9993,#9994,#9995,#9996,#9997,#9998,#9999,#10000,#10001,#10002
    ,#10003,#10004,#10005,#10006,#10007,#10008,#10009,#10010,#10011,
    #10012,#10013,#10014,#10015,#10016,#10017,#10018,#10019,#10020,
    #10021,#10022,#10023,#10024,#10025,#10026,#10027,#10028,#10029,
    #10030,#10031,#10032,#10033,#10034,#10035,#10036,#10037,#10038,
    #10039,#10040,#10041,#10042,#10043,#10044,#10045,#10046,#10047,
    #10048,#10049,#10050,#10051,#10052,#10053,#10054,#10055,#10056,
    #10057,#10058,#10059,#10060,#10061,#10062,#10063,#10064,#10065,
    #10066,#10067,#10068,#10069,#10070,#10071,#10072,#10073,#10074,
    #10075,#10076,#10077,#10078,#10079,#10080,#10081),.UNSPECIFIED.,.T.,
  .F.,(8,6,6,6,6,6,6,6,6,6,6,6,6,6,6,6,6,6,6,6,6,8),(0.,
    5.835164778401E-02,7.7962278784E-02,9.053043331619E-02,
    0.105106801296,0.118675464272,0.250250948939,0.381324736386,
    0.394893404252,0.409469777483,0.422037936544,0.44164857461,
    0.500000581366,0.557849621931,0.618675519815,0.750250820501,
    0.881324423999,0.895395631988,0.909972053217,0.922540257818,
    0.942150968163,1.),.UNSPECIFIED.);
#9954 = CARTESIAN_POINT('',(13.247369149618,-32.,2.45));
#9955 = CARTESIAN_POINT('',(13.249075337615,-31.91891118288,2.45));
#9956 = CARTESIAN_POINT('',(13.250782238202,-31.83782245725,
    2.454949401042));
#9957 = CARTESIAN_POINT('',(13.252482241983,-31.75709553731,
    2.464847505512));
#9958 = CARTESIAN_POINT('',(13.254167783218,-31.67708911652,
    2.479662198183));
#9959 = CARTESIAN_POINT('',(13.255831365274,-31.59815772309,
    2.499329510379));
#9960 = CARTESIAN_POINT('',(13.257465586066,-31.52065057547,
    2.523753184155));
#9961 = CARTESIAN_POINT('',(13.259600072117,-31.41945594003,
    2.562567619143));
#9962 = CARTESIAN_POINT('',(13.26013284813,-31.39420072922,
    2.572853742369));
#9963 = CARTESIAN_POINT('',(13.260661217936,-31.36915768348,
    2.583657757368));
#9964 = CARTESIAN_POINT('',(13.261184911175,-31.34433951808,
    2.594974426171));
#9965 = CARTESIAN_POINT('',(13.261703660751,-31.31975878548,
    2.60679812162));
#9966 = CARTESIAN_POINT('',(13.262217202826,-31.29542787531,
    2.619122827365));
#9967 = CARTESIAN_POINT('',(13.263050893699,-31.2559336483,
    2.640157838598));
#9968 = CARTESIAN_POINT('',(13.26337426478,-31.24061590882,
    2.648576692262));
#9969 = CARTESIAN_POINT('',(13.263695321539,-31.22540901133,
    2.657197013702));
#9970 = CARTESIAN_POINT('',(13.264013996155,-31.21031613682,
    2.66601705476));
#9971 = CARTESIAN_POINT('',(13.264330221505,-31.19534043195,
    2.675035004281));
#9972 = CARTESIAN_POINT('',(13.264643931169,-31.18048500905,
    2.684248988112));
#9973 = CARTESIAN_POINT('',(13.265315901587,-31.14866690777,
    2.704568428455));
#9974 = CARTESIAN_POINT('',(13.265673271579,-31.13174679725,
    2.715740870796));
#9975 = CARTESIAN_POINT('',(13.266027066853,-31.11499741753,
    2.727171373187));
#9976 = CARTESIAN_POINT('',(13.266377186357,-31.09842349911,
    2.738856804062));
#9977 = CARTESIAN_POINT('',(13.266723530535,-31.08202970006,
    2.750793923231));
#9978 = CARTESIAN_POINT('',(13.267066001328,-31.06582060602,
    2.762979381873));
#9979 = CARTESIAN_POINT('',(13.267719601513,-31.03488835306,
    2.78698071907));
#9980 = CARTESIAN_POINT('',(13.268031260921,-31.02013993242,
    2.798763911789));
#9981 = CARTESIAN_POINT('',(13.268339402522,-31.00555910804,
    2.810756511975));
#9982 = CARTESIAN_POINT('',(13.268643949737,-30.99114945766,
    2.822955654442));
#9983 = CARTESIAN_POINT('',(13.268944827283,-30.97691449695,
    2.835358397545));
#9984 = CARTESIAN_POINT('',(13.269241961173,-30.96285767946,
    2.847961723179));
#9985 = CARTESIAN_POINT('',(13.272379582351,-30.81443361655,
    2.984892177022));
#9986 = CARTESIAN_POINT('',(13.27486687644,-30.69686743422,
    3.127673340998));
#9987 = CARTESIAN_POINT('',(13.276926639553,-30.59957717082,
    3.286174400548));
#9988 = CARTESIAN_POINT('',(13.27850732483,-30.5249526451,3.456879528062
    ));
#9989 = CARTESIAN_POINT('',(13.27957256584,-30.47467444413,
    3.635964336977));
#9990 = CARTESIAN_POINT('',(13.280101425229,-30.44971278045,
    3.819288240502));
#9991 = CARTESIAN_POINT('',(13.280089196177,-30.45028998002,
    4.184907311685));
#9992 = CARTESIAN_POINT('',(13.279552171684,-30.47563702875,
    4.367451051813));
#9993 = CARTESIAN_POINT('',(13.278483155898,-30.52609366997,
    4.54572558846));
#9994 = CARTESIAN_POINT('',(13.276903031783,-30.60069225668,
    4.715640105853));
#9995 = CARTESIAN_POINT('',(13.274847881459,-30.69776526658,
    4.873416220778));
#9996 = CARTESIAN_POINT('',(13.272368736002,-30.81494669924,
    5.015581173755));
#9997 = CARTESIAN_POINT('',(13.269241961173,-30.96285767946,
    5.152038276821));
#9998 = CARTESIAN_POINT('',(13.268944827283,-30.97691449695,
    5.164641602455));
#9999 = CARTESIAN_POINT('',(13.268643949737,-30.99114945766,
    5.177044345558));
#10000 = CARTESIAN_POINT('',(13.268339402522,-31.00555910804,
    5.189243488025));
#10001 = CARTESIAN_POINT('',(13.268031260921,-31.02013993242,
    5.201236088211));
#10002 = CARTESIAN_POINT('',(13.267719601513,-31.03488835306,
    5.21301928093));
#10003 = CARTESIAN_POINT('',(13.267066001328,-31.06582060602,
    5.237020618127));
#10004 = CARTESIAN_POINT('',(13.266723530535,-31.08202970006,
    5.249206076769));
#10005 = CARTESIAN_POINT('',(13.266377186357,-31.09842349911,
    5.261143195938));
#10006 = CARTESIAN_POINT('',(13.266027066853,-31.11499741753,
    5.272828626813));
#10007 = CARTESIAN_POINT('',(13.265673271579,-31.13174679725,
    5.284259129204));
#10008 = CARTESIAN_POINT('',(13.265315901587,-31.14866690777,
    5.295431571545));
#10009 = CARTESIAN_POINT('',(13.264643931169,-31.18048500905,
    5.315751011888));
#10010 = CARTESIAN_POINT('',(13.264330221505,-31.19534043195,
    5.324964995719));
#10011 = CARTESIAN_POINT('',(13.264013996155,-31.21031613682,
    5.33398294524));
#10012 = CARTESIAN_POINT('',(13.263695321539,-31.22540901133,
    5.342802986298));
#10013 = CARTESIAN_POINT('',(13.26337426478,-31.24061590882,
    5.351423307738));
#10014 = CARTESIAN_POINT('',(13.263050893699,-31.2559336483,
    5.359842161402));
#10015 = CARTESIAN_POINT('',(13.262217202826,-31.29542787531,
    5.380877172635));
#10016 = CARTESIAN_POINT('',(13.261703660751,-31.31975878548,
    5.39320187838));
#10017 = CARTESIAN_POINT('',(13.261184911175,-31.34433951808,
    5.405025573829));
#10018 = CARTESIAN_POINT('',(13.260661217936,-31.36915768348,
    5.416342242632));
#10019 = CARTESIAN_POINT('',(13.26013284813,-31.39420072922,
    5.427146257631));
#10020 = CARTESIAN_POINT('',(13.259600072117,-31.41945594003,
    5.437432380857));
#10021 = CARTESIAN_POINT('',(13.257465576814,-31.52065101412,
    5.476246984095));
#10022 = CARTESIAN_POINT('',(13.25583135964,-31.59815799059,
    5.500670528475));
#10023 = CARTESIAN_POINT('',(13.254167777773,-31.67708937482,
    5.520337874438));
#10024 = CARTESIAN_POINT('',(13.252482226384,-31.75709627725,
    5.535152704392));
#10025 = CARTESIAN_POINT('',(13.250782206319,-31.83782397113,
    5.545050810536));
#10026 = CARTESIAN_POINT('',(13.249075300381,-31.91891295248,5.55));
#10027 = CARTESIAN_POINT('',(13.245677705053,-32.08038811622,5.55));
#10028 = CARTESIAN_POINT('',(13.243986922863,-32.16077812648,
    5.54513576793));
#10029 = CARTESIAN_POINT('',(13.242304247872,-32.24081617365,
    5.535407554636));
#10030 = CARTESIAN_POINT('',(13.240637030731,-32.32015196142,
    5.520846448749));
#10031 = CARTESIAN_POINT('',(13.238992508176,-32.39843976568,
    5.501514469388));
#10032 = CARTESIAN_POINT('',(13.23737778328,-32.47533944592,
    5.477504658883));
#10033 = CARTESIAN_POINT('',(13.234140626887,-32.62956405709,
    5.418907842035));
#10034 = CARTESIAN_POINT('',(13.232521982242,-32.70671164284,
    5.383838422073));
#10035 = CARTESIAN_POINT('',(13.23095196215,-32.78157195697,
    5.343878024062));
#10036 = CARTESIAN_POINT('',(13.229438274654,-32.85377409911,
    5.299206565036));
#10037 = CARTESIAN_POINT('',(13.227988215496,-32.9229661809,
    5.250038310719));
#10038 = CARTESIAN_POINT('',(13.226608638151,-32.98881698154,
    5.196621415633));
#10039 = CARTESIAN_POINT('',(13.222487962612,-33.18556663242,
    5.015107593277));
#10040 = CARTESIAN_POINT('',(13.22002762377,-33.30313293249,
    4.872326193667));
#10041 = CARTESIAN_POINT('',(13.21799299524,-33.40042316539,
    4.713824970498));
#10042 = CARTESIAN_POINT('',(13.216433130278,-33.47504756603,
    4.543119820082));
#10043 = CARTESIAN_POINT('',(13.21538241967,-33.52532562557,
    4.364035149843));
#10044 = CARTESIAN_POINT('',(13.214860770692,-33.55028721914,
    4.180711503918));
#10045 = CARTESIAN_POINT('',(13.214872833026,-33.54971002038,
    3.815092943854));
#10046 = CARTESIAN_POINT('',(13.21540253579,-33.52436304229,
    3.632549459475));
#10047 = CARTESIAN_POINT('',(13.216456981054,-33.47390654159,
    3.454275059762));
#10048 = CARTESIAN_POINT('',(13.218016315094,-33.39930807849,
    3.284360518888));
#10049 = CARTESIAN_POINT('',(13.220046413019,-33.302235098,
    3.126584241154));
#10050 = CARTESIAN_POINT('',(13.222498708527,-33.18505354786,
    2.984419054214));
#10051 = CARTESIAN_POINT('',(13.225607288214,-33.03662837765,
    2.847487578822));
#10052 = CARTESIAN_POINT('',(13.225912763655,-33.02204391937,
    2.834425009138));
#10053 = CARTESIAN_POINT('',(13.226222272058,-33.00726801122,
    2.821578279334));
#10054 = CARTESIAN_POINT('',(13.226535733772,-32.99230450766,
    2.808950752468));
#10055 = CARTESIAN_POINT('',(13.22685306763,-32.97715733477,
    2.796545703043));
#10056 = CARTESIAN_POINT('',(13.227174190946,-32.9618304903,
    2.784366317012));
#10057 = CARTESIAN_POINT('',(13.227835510743,-32.93026899651,
    2.760035990795));
#10058 = CARTESIAN_POINT('',(13.228175978158,-32.91402150666,
    2.747901769295));
#10059 = CARTESIAN_POINT('',(13.228520328148,-32.89759009818,
    2.736016470315));
#10060 = CARTESIAN_POINT('',(13.22886846556,-32.88097936721,
    2.724383428038));
#10061 = CARTESIAN_POINT('',(13.229220293697,-32.86419398197,
    2.713005867787));
#10062 = CARTESIAN_POINT('',(13.229575714324,-32.84723868275,
    2.701886906031));
#10063 = CARTESIAN_POINT('',(13.230244092939,-32.81535658586,
    2.681668029808));
#10064 = CARTESIAN_POINT('',(13.230556154892,-32.80047214397,
    2.672500995439));
#10065 = CARTESIAN_POINT('',(13.230870749575,-32.78546804031,
    2.663530374604));
#10066 = CARTESIAN_POINT('',(13.231187812305,-32.77034739304,
    2.654758031533));
#10067 = CARTESIAN_POINT('',(13.231507277663,-32.75511335442,
    2.646185767351));
#10068 = CARTESIAN_POINT('',(13.23182907949,-32.73976911087,
    2.637815320084));
#10069 = CARTESIAN_POINT('',(13.232658813434,-32.70020866717,
    2.616905112737));
#10070 = CARTESIAN_POINT('',(13.233170001922,-32.67583896574,
    2.604657290809));
#10071 = CARTESIAN_POINT('',(13.233686461972,-32.65122102519,
    2.592911265472));
#10072 = CARTESIAN_POINT('',(13.23420793565,-32.6263672536,
    2.581673013686));
#10073 = CARTESIAN_POINT('',(13.234734161459,-32.6012902206,
    2.570948122762));
#10074 = CARTESIAN_POINT('',(13.235264874348,-32.57600265736,
    2.560741790367));
#10075 = CARTESIAN_POINT('',(13.23737778328,-32.47533944592,
    2.522495341117));
#10076 = CARTESIAN_POINT('',(13.238992508176,-32.39843976568,
    2.498485530612));
#10077 = CARTESIAN_POINT('',(13.240637030731,-32.32015196142,
    2.479153551251));
#10078 = CARTESIAN_POINT('',(13.242304247872,-32.24081617365,
    2.464592445364));
#10079 = CARTESIAN_POINT('',(13.243986922863,-32.16077812648,
    2.45486423207));
#10080 = CARTESIAN_POINT('',(13.245677705053,-32.08038811622,2.45));
#10081 = CARTESIAN_POINT('',(13.247369149618,-32.,2.45));
#10082 = ORIENTED_EDGE('',*,*,#10083,.F.);
#10083 = EDGE_CURVE('',#7259,#9951,#10084,.T.);
#10084 = B_SPLINE_CURVE_WITH_KNOTS('',1,(#10085,#10086),.UNSPECIFIED.,
  .F.,.F.,(2,2),(-62.75263085038,-53.24736914961),
  .PIECEWISE_BEZIER_KNOTS.);
#10085 = CARTESIAN_POINT('',(22.752630850382,-32.,2.45));
#10086 = CARTESIAN_POINT('',(13.247369149618,-32.,2.45));
#10087 = ORIENTED_EDGE('',*,*,#7258,.T.);
#10088 = ORIENTED_EDGE('',*,*,#7469,.T.);
#10089 = ORIENTED_EDGE('',*,*,#7343,.T.);
#10090 = ORIENTED_EDGE('',*,*,#10083,.T.);
#10091 = CYLINDRICAL_SURFACE('',#10092,1.55);
#10092 = AXIS2_PLACEMENT_3D('',#10093,#10094,#10095);
#10093 = CARTESIAN_POINT('',(-40.,-32.,4.));
#10094 = DIRECTION('',(-1.,0.,2.22044604925E-16));
#10095 = DIRECTION('',(-2.22044604925E-16,0.,-1.));
#10096 = ADVANCED_FACE('',(#10097),#10109,.T.);
#10097 = FACE_BOUND('',#10098,.T.);
#10098 = EDGE_LOOP('',(#10099,#10106,#10107,#10108));
#10099 = ORIENTED_EDGE('',*,*,#10100,.F.);
#10100 = EDGE_CURVE('',#9925,#9799,#10101,.T.);
#10101 = CIRCLE('',#10102,4.031243385545);
#10102 = AXIS2_PLACEMENT_3D('',#10103,#10104,#10105);
#10103 = CARTESIAN_POINT('',(34.237812921102,-1.017399184364,4.));
#10104 = DIRECTION('',(0.866025403784,0.5,2.691449756667E-16));
#10105 = DIRECTION('',(2.330863862283E-16,1.345724878334E-16,-1.));
#10106 = ORIENTED_EDGE('',*,*,#9936,.T.);
#10107 = ORIENTED_EDGE('',*,*,#7392,.F.);
#10108 = ORIENTED_EDGE('',*,*,#9809,.F.);
#10109 = PLANE('',#10110);
#10110 = AXIS2_PLACEMENT_3D('',#10111,#10112,#10113);
#10111 = CARTESIAN_POINT('',(32.487812921102,2.013689728881,2.35));
#10112 = DIRECTION('',(0.866025403784,0.5,2.691449756667E-16));
#10113 = DIRECTION('',(-3.441086886908E-16,5.7723780805E-17,1.));
#10114 = ADVANCED_FACE('',(#10115),#10142,.T.);
#10115 = FACE_BOUND('',#10116,.T.);
#10116 = EDGE_LOOP('',(#10117,#10118,#10126,#10135,#10141));
#10117 = ORIENTED_EDGE('',*,*,#7588,.F.);
#10118 = ORIENTED_EDGE('',*,*,#10119,.T.);
#10119 = EDGE_CURVE('',#7581,#10120,#10122,.T.);
#10120 = VERTEX_POINT('',#10121);
#10121 = CARTESIAN_POINT('',(18.076863167391,26.974186887631,5.65));
#10122 = LINE('',#10123,#10124);
#10123 = CARTESIAN_POINT('',(32.487812921102,2.013689728881,5.65));
#10124 = VECTOR('',#10125,1.);
#10125 = DIRECTION('',(-0.5,0.866025403784,-2.22044604925E-16));
#10126 = ORIENTED_EDGE('',*,*,#10127,.F.);
#10127 = EDGE_CURVE('',#10128,#10120,#10130,.T.);
#10128 = VERTEX_POINT('',#10129);
#10129 = CARTESIAN_POINT('',(20.590311256654,28.336534759818,7.3));
#10130 = CIRCLE('',#10131,4.06745763552);
#10131 = AXIS2_PLACEMENT_3D('',#10132,#10133,#10134);
#10132 = CARTESIAN_POINT('',(17.540264826386,30.911486309998,
    6.518301270189));
#10133 = DIRECTION('',(0.433012701892,0.25,-0.866025403784));
#10134 = DIRECTION('',(-0.75,-0.433012701892,-0.5));
#10135 = ORIENTED_EDGE('',*,*,#10136,.F.);
#10136 = EDGE_CURVE('',#7713,#10128,#10137,.T.);
#10137 = LINE('',#10138,#10139);
#10138 = CARTESIAN_POINT('',(34.962812921102,3.442631645126,7.3));
#10139 = VECTOR('',#10140,1.);
#10140 = DIRECTION('',(-0.5,0.866025403784,-2.22044604925E-16));
#10141 = ORIENTED_EDGE('',*,*,#7720,.T.);
#10142 = PLANE('',#10143);
#10143 = AXIS2_PLACEMENT_3D('',#10144,#10145,#10146);
#10144 = CARTESIAN_POINT('',(32.487812921102,2.013689728881,5.65));
#10145 = DIRECTION('',(0.433012701892,0.25,-0.866025403784));
#10146 = DIRECTION('',(0.75,0.433012701892,0.5));
#10147 = ADVANCED_FACE('',(#10148),#10167,.T.);
#10148 = FACE_BOUND('',#10149,.T.);
#10149 = EDGE_LOOP('',(#10150,#10151,#10152,#10160));
#10150 = ORIENTED_EDGE('',*,*,#10119,.F.);
#10151 = ORIENTED_EDGE('',*,*,#7580,.T.);
#10152 = ORIENTED_EDGE('',*,*,#10153,.T.);
#10153 = EDGE_CURVE('',#7572,#10154,#10156,.T.);
#10154 = VERTEX_POINT('',#10155);
#10155 = CARTESIAN_POINT('',(18.076863167391,26.974186887631,2.35));
#10156 = LINE('',#10157,#10158);
#10157 = CARTESIAN_POINT('',(32.487812921102,2.013689728881,2.35));
#10158 = VECTOR('',#10159,1.);
#10159 = DIRECTION('',(-0.5,0.866025403784,-2.22044604925E-16));
#10160 = ORIENTED_EDGE('',*,*,#10161,.F.);
#10161 = EDGE_CURVE('',#10120,#10154,#10162,.T.);
#10162 = CIRCLE('',#10163,4.031243385545);
#10163 = AXIS2_PLACEMENT_3D('',#10164,#10165,#10166);
#10164 = CARTESIAN_POINT('',(16.237812921102,30.159515351876,4.));
#10165 = DIRECTION('',(0.866025403784,0.5,2.691449756667E-16));
#10166 = DIRECTION('',(2.330863862283E-16,1.345724878334E-16,-1.));
#10167 = PLANE('',#10168);
#10168 = AXIS2_PLACEMENT_3D('',#10169,#10170,#10171);
#10169 = CARTESIAN_POINT('',(32.487812921102,2.013689728881,2.35));
#10170 = DIRECTION('',(0.866025403784,0.5,2.691449756667E-16));
#10171 = DIRECTION('',(-3.441086886908E-16,5.7723780805E-17,1.));
#10172 = ADVANCED_FACE('',(#10173),#10193,.T.);
#10173 = FACE_BOUND('',#10174,.T.);
#10174 = EDGE_LOOP('',(#10175,#10176,#10177,#10185,#10192));
#10175 = ORIENTED_EDGE('',*,*,#7571,.F.);
#10176 = ORIENTED_EDGE('',*,*,#7688,.T.);
#10177 = ORIENTED_EDGE('',*,*,#10178,.T.);
#10178 = EDGE_CURVE('',#7689,#10179,#10181,.T.);
#10179 = VERTEX_POINT('',#10180);
#10180 = CARTESIAN_POINT('',(20.590311256654,28.336534759818,0.7));
#10181 = LINE('',#10182,#10183);
#10182 = CARTESIAN_POINT('',(34.962812921102,3.442631645126,0.7));
#10183 = VECTOR('',#10184,1.);
#10184 = DIRECTION('',(-0.5,0.866025403784,-2.22044604925E-16));
#10185 = ORIENTED_EDGE('',*,*,#10186,.F.);
#10186 = EDGE_CURVE('',#10154,#10179,#10187,.T.);
#10187 = CIRCLE('',#10188,4.06745763552);
#10188 = AXIS2_PLACEMENT_3D('',#10189,#10190,#10191);
#10189 = CARTESIAN_POINT('',(17.540264826386,30.911486309998,
    1.481698729811));
#10190 = DIRECTION('',(0.433012701892,0.25,0.866025403784));
#10191 = DIRECTION('',(0.75,0.433012701892,-0.5));
#10192 = ORIENTED_EDGE('',*,*,#10153,.F.);
#10193 = PLANE('',#10194);
#10194 = AXIS2_PLACEMENT_3D('',#10195,#10196,#10197);
#10195 = CARTESIAN_POINT('',(34.962812921102,3.442631645126,0.7));
#10196 = DIRECTION('',(0.433012701892,0.25,0.866025403784));
#10197 = DIRECTION('',(-0.75,-0.433012701892,0.5));
#10198 = ADVANCED_FACE('',(#10199),#10226,.T.);
#10199 = FACE_BOUND('',#10200,.T.);
#10200 = EDGE_LOOP('',(#10201,#10202,#10210,#10219,#10225));
#10201 = ORIENTED_EDGE('',*,*,#7759,.F.);
#10202 = ORIENTED_EDGE('',*,*,#10203,.T.);
#10203 = EDGE_CURVE('',#7752,#10204,#10206,.T.);
#10204 = VERTEX_POINT('',#10205);
#10205 = CARTESIAN_POINT('',(14.321899507422,-29.14211616751,5.65));
#10206 = LINE('',#10207,#10208);
#10207 = CARTESIAN_POINT('',(-14.5,-29.14211616751,5.65));
#10208 = VECTOR('',#10209,1.);
#10209 = DIRECTION('',(1.,0.,-2.22044604925E-16));
#10210 = ORIENTED_EDGE('',*,*,#10211,.F.);
#10211 = EDGE_CURVE('',#10212,#10204,#10214,.T.);
#10212 = VERTEX_POINT('',#10213);
#10213 = CARTESIAN_POINT('',(14.245003328896,-32.,7.3));
#10214 = CIRCLE('',#10215,4.06745763552);
#10215 = AXIS2_PLACEMENT_3D('',#10216,#10217,#10218);
#10216 = CARTESIAN_POINT('',(18.,-30.64605808375,6.518301270189));
#10217 = DIRECTION('',(-1.922962686384E-16,-0.5,-0.866025403784));
#10218 = DIRECTION('',(0.,0.866025403784,-0.5));
#10219 = ORIENTED_EDGE('',*,*,#10220,.F.);
#10220 = EDGE_CURVE('',#7656,#10212,#10221,.T.);
#10221 = LINE('',#10222,#10223);
#10222 = CARTESIAN_POINT('',(-14.5,-32.,7.3));
#10223 = VECTOR('',#10224,1.);
#10224 = DIRECTION('',(1.,0.,-2.22044604925E-16));
#10225 = ORIENTED_EDGE('',*,*,#7663,.T.);
#10226 = PLANE('',#10227);
#10227 = AXIS2_PLACEMENT_3D('',#10228,#10229,#10230);
#10228 = CARTESIAN_POINT('',(-14.5,-29.14211616751,5.65));
#10229 = DIRECTION('',(-1.922962686384E-16,-0.5,-0.866025403784));
#10230 = DIRECTION('',(1.110223024625E-16,-0.866025403784,0.5));
#10231 = ADVANCED_FACE('',(#10232),#10251,.T.);
#10232 = FACE_BOUND('',#10233,.T.);
#10233 = EDGE_LOOP('',(#10234,#10242,#10243,#10244));
#10234 = ORIENTED_EDGE('',*,*,#10235,.F.);
#10235 = EDGE_CURVE('',#7648,#10236,#10238,.T.);
#10236 = VERTEX_POINT('',#10237);
#10237 = CARTESIAN_POINT('',(14.169650568617,-34.85788383248,5.65));
#10238 = LINE('',#10239,#10240);
#10239 = CARTESIAN_POINT('',(-14.5,-34.85788383248,5.65));
#10240 = VECTOR('',#10241,1.);
#10241 = DIRECTION('',(1.,0.,-2.22044604925E-16));
#10242 = ORIENTED_EDGE('',*,*,#7655,.T.);
#10243 = ORIENTED_EDGE('',*,*,#10220,.T.);
#10244 = ORIENTED_EDGE('',*,*,#10245,.F.);
#10245 = EDGE_CURVE('',#10236,#10212,#10246,.T.);
#10246 = CIRCLE('',#10247,4.137123201362);
#10247 = AXIS2_PLACEMENT_3D('',#10248,#10249,#10250);
#10248 = CARTESIAN_POINT('',(18.,-33.50394191624,6.431698729811));
#10249 = DIRECTION('',(-1.922962686384E-16,0.5,-0.866025403784));
#10250 = DIRECTION('',(0.,0.866025403784,0.5));
#10251 = PLANE('',#10252);
#10252 = AXIS2_PLACEMENT_3D('',#10253,#10254,#10255);
#10253 = CARTESIAN_POINT('',(-14.5,-32.,7.3));
#10254 = DIRECTION('',(-1.922962686384E-16,0.5,-0.866025403784));
#10255 = DIRECTION('',(-1.110223024625E-16,-0.866025403784,-0.5));
#10256 = ADVANCED_FACE('',(#10257),#10276,.T.);
#10257 = FACE_BOUND('',#10258,.T.);
#10258 = EDGE_LOOP('',(#10259,#10267,#10268,#10269));
#10259 = ORIENTED_EDGE('',*,*,#10260,.F.);
#10260 = EDGE_CURVE('',#7640,#10261,#10263,.T.);
#10261 = VERTEX_POINT('',#10262);
#10262 = CARTESIAN_POINT('',(14.169650568617,-34.85788383248,2.35));
#10263 = LINE('',#10264,#10265);
#10264 = CARTESIAN_POINT('',(-14.5,-34.85788383248,2.35));
#10265 = VECTOR('',#10266,1.);
#10266 = DIRECTION('',(1.,0.,-2.22044604925E-16));
#10267 = ORIENTED_EDGE('',*,*,#7647,.T.);
#10268 = ORIENTED_EDGE('',*,*,#10235,.T.);
#10269 = ORIENTED_EDGE('',*,*,#10270,.F.);
#10270 = EDGE_CURVE('',#10261,#10236,#10271,.T.);
#10271 = CIRCLE('',#10272,4.170620669217);
#10272 = AXIS2_PLACEMENT_3D('',#10273,#10274,#10275);
#10273 = CARTESIAN_POINT('',(18.,-34.85788383248,4.));
#10274 = DIRECTION('',(-8.964328468421E-32,1.,-4.037174635001E-16));
#10275 = DIRECTION('',(0.,4.037174635001E-16,1.));
#10276 = PLANE('',#10277);
#10277 = AXIS2_PLACEMENT_3D('',#10278,#10279,#10280);
#10278 = CARTESIAN_POINT('',(-14.5,-34.85788383248,5.65));
#10279 = DIRECTION('',(-8.964328468421E-32,1.,-4.037174635001E-16));
#10280 = DIRECTION('',(-2.22044604925E-16,-4.037174635001E-16,-1.));
#10281 = ADVANCED_FACE('',(#10282),#10301,.T.);
#10282 = FACE_BOUND('',#10283,.T.);
#10283 = EDGE_LOOP('',(#10284,#10292,#10293,#10294));
#10284 = ORIENTED_EDGE('',*,*,#10285,.F.);
#10285 = EDGE_CURVE('',#7632,#10286,#10288,.T.);
#10286 = VERTEX_POINT('',#10287);
#10287 = CARTESIAN_POINT('',(14.245003328896,-32.,0.7));
#10288 = LINE('',#10289,#10290);
#10289 = CARTESIAN_POINT('',(-14.5,-32.,0.7));
#10290 = VECTOR('',#10291,1.);
#10291 = DIRECTION('',(1.,0.,-2.22044604925E-16));
#10292 = ORIENTED_EDGE('',*,*,#7639,.T.);
#10293 = ORIENTED_EDGE('',*,*,#10260,.T.);
#10294 = ORIENTED_EDGE('',*,*,#10295,.F.);
#10295 = EDGE_CURVE('',#10286,#10261,#10296,.T.);
#10296 = CIRCLE('',#10297,4.137123201362);
#10297 = AXIS2_PLACEMENT_3D('',#10298,#10299,#10300);
#10298 = CARTESIAN_POINT('',(18.,-33.50394191624,1.568301270189));
#10299 = DIRECTION('',(1.922962686384E-16,0.5,0.866025403784));
#10300 = DIRECTION('',(-1.232595164408E-32,-0.866025403784,0.5));
#10301 = PLANE('',#10302);
#10302 = AXIS2_PLACEMENT_3D('',#10303,#10304,#10305);
#10303 = CARTESIAN_POINT('',(-14.5,-34.85788383248,2.35));
#10304 = DIRECTION('',(1.922962686384E-16,0.5,0.866025403784));
#10305 = DIRECTION('',(-1.110223024625E-16,0.866025403784,-0.5));
#10306 = ADVANCED_FACE('',(#10307),#10327,.T.);
#10307 = FACE_BOUND('',#10308,.T.);
#10308 = EDGE_LOOP('',(#10309,#10310,#10311,#10312,#10321));
#10309 = ORIENTED_EDGE('',*,*,#7742,.F.);
#10310 = ORIENTED_EDGE('',*,*,#7631,.T.);
#10311 = ORIENTED_EDGE('',*,*,#10285,.T.);
#10312 = ORIENTED_EDGE('',*,*,#10313,.F.);
#10313 = EDGE_CURVE('',#10314,#10286,#10316,.T.);
#10314 = VERTEX_POINT('',#10315);
#10315 = CARTESIAN_POINT('',(14.321899507422,-29.14211616751,2.35));
#10316 = CIRCLE('',#10317,4.06745763552);
#10317 = AXIS2_PLACEMENT_3D('',#10318,#10319,#10320);
#10318 = CARTESIAN_POINT('',(18.,-30.64605808375,1.481698729811));
#10319 = DIRECTION('',(1.922962686384E-16,-0.5,0.866025403784));
#10320 = DIRECTION('',(0.,-0.866025403784,-0.5));
#10321 = ORIENTED_EDGE('',*,*,#10322,.F.);
#10322 = EDGE_CURVE('',#7743,#10314,#10323,.T.);
#10323 = LINE('',#10324,#10325);
#10324 = CARTESIAN_POINT('',(-14.5,-29.14211616751,2.35));
#10325 = VECTOR('',#10326,1.);
#10326 = DIRECTION('',(1.,0.,-2.22044604925E-16));
#10327 = PLANE('',#10328);
#10328 = AXIS2_PLACEMENT_3D('',#10329,#10330,#10331);
#10329 = CARTESIAN_POINT('',(-14.5,-32.,0.7));
#10330 = DIRECTION('',(1.922962686384E-16,-0.5,0.866025403784));
#10331 = DIRECTION('',(1.110223024625E-16,0.866025403784,0.5));
#10332 = ADVANCED_FACE('',(#10333),#10352,.T.);
#10333 = FACE_BOUND('',#10334,.T.);
#10334 = EDGE_LOOP('',(#10335,#10343,#10344,#10345));
#10335 = ORIENTED_EDGE('',*,*,#10336,.F.);
#10336 = EDGE_CURVE('',#7705,#10337,#10339,.T.);
#10337 = VERTEX_POINT('',#10338);
#10338 = CARTESIAN_POINT('',(23.102987636794,29.700219271415,5.65));
#10339 = LINE('',#10340,#10341);
#10340 = CARTESIAN_POINT('',(37.437812921102,4.87157356137,5.65));
#10341 = VECTOR('',#10342,1.);
#10342 = DIRECTION('',(-0.5,0.866025403784,-2.22044604925E-16));
#10343 = ORIENTED_EDGE('',*,*,#7712,.T.);
#10344 = ORIENTED_EDGE('',*,*,#10136,.T.);
#10345 = ORIENTED_EDGE('',*,*,#10346,.F.);
#10346 = EDGE_CURVE('',#10337,#10128,#10347,.T.);
#10347 = CIRCLE('',#10348,4.137123201362);
#10348 = AXIS2_PLACEMENT_3D('',#10349,#10350,#10351);
#10349 = CARTESIAN_POINT('',(20.015264826386,32.340428226242,
    6.431698729811));
#10350 = DIRECTION('',(-0.433012701892,-0.25,-0.866025403784));
#10351 = DIRECTION('',(-0.75,-0.433012701892,0.5));
#10352 = PLANE('',#10353);
#10353 = AXIS2_PLACEMENT_3D('',#10354,#10355,#10356);
#10354 = CARTESIAN_POINT('',(34.962812921102,3.442631645126,7.3));
#10355 = DIRECTION('',(-0.433012701892,-0.25,-0.866025403784));
#10356 = DIRECTION('',(0.75,0.433012701892,-0.5));
#10357 = ADVANCED_FACE('',(#10358),#10377,.T.);
#10358 = FACE_BOUND('',#10359,.T.);
#10359 = EDGE_LOOP('',(#10360,#10368,#10369,#10370));
#10360 = ORIENTED_EDGE('',*,*,#10361,.F.);
#10361 = EDGE_CURVE('',#7697,#10362,#10364,.T.);
#10362 = VERTEX_POINT('',#10363);
#10363 = CARTESIAN_POINT('',(23.102987636794,29.700219271415,2.35));
#10364 = LINE('',#10365,#10366);
#10365 = CARTESIAN_POINT('',(37.437812921102,4.87157356137,2.35));
#10366 = VECTOR('',#10367,1.);
#10367 = DIRECTION('',(-0.5,0.866025403784,-2.22044604925E-16));
#10368 = ORIENTED_EDGE('',*,*,#7704,.T.);
#10369 = ORIENTED_EDGE('',*,*,#10336,.T.);
#10370 = ORIENTED_EDGE('',*,*,#10371,.F.);
#10371 = EDGE_CURVE('',#10362,#10337,#10372,.T.);
#10372 = CIRCLE('',#10373,4.170620669217);
#10373 = AXIS2_PLACEMENT_3D('',#10374,#10375,#10376);
#10374 = CARTESIAN_POINT('',(21.187812921102,33.017399184364,4.));
#10375 = DIRECTION('',(-0.866025403784,-0.5,-4.037174635001E-16));
#10376 = DIRECTION('',(-3.496295793425E-16,-2.0185873175E-16,1.));
#10377 = PLANE('',#10378);
#10378 = AXIS2_PLACEMENT_3D('',#10379,#10380,#10381);
#10379 = CARTESIAN_POINT('',(37.437812921102,4.87157356137,5.65));
#10380 = DIRECTION('',(-0.866025403784,-0.5,-4.037174635001E-16));
#10381 = DIRECTION('',(4.60651881805E-16,9.562463111672E-18,-1.));
#10382 = ADVANCED_FACE('',(#10383),#10395,.T.);
#10383 = FACE_BOUND('',#10384,.T.);
#10384 = EDGE_LOOP('',(#10385,#10386,#10387,#10388));
#10385 = ORIENTED_EDGE('',*,*,#10178,.F.);
#10386 = ORIENTED_EDGE('',*,*,#7696,.T.);
#10387 = ORIENTED_EDGE('',*,*,#10361,.T.);
#10388 = ORIENTED_EDGE('',*,*,#10389,.F.);
#10389 = EDGE_CURVE('',#10179,#10362,#10390,.T.);
#10390 = CIRCLE('',#10391,4.137123201362);
#10391 = AXIS2_PLACEMENT_3D('',#10392,#10393,#10394);
#10392 = CARTESIAN_POINT('',(20.015264826386,32.340428226242,
    1.568301270189));
#10393 = DIRECTION('',(-0.433012701892,-0.25,0.866025403784));
#10394 = DIRECTION('',(0.75,0.433012701892,0.5));
#10395 = PLANE('',#10396);
#10396 = AXIS2_PLACEMENT_3D('',#10397,#10398,#10399);
#10397 = CARTESIAN_POINT('',(37.437812921102,4.87157356137,2.35));
#10398 = DIRECTION('',(-0.433012701892,-0.25,0.866025403784));
#10399 = DIRECTION('',(-0.75,-0.433012701892,-0.5));
#10400 = ADVANCED_FACE('',(#10401),#10413,.T.);
#10401 = FACE_BOUND('',#10402,.T.);
#10402 = EDGE_LOOP('',(#10403,#10404,#10405,#10406));
#10403 = ORIENTED_EDGE('',*,*,#10203,.F.);
#10404 = ORIENTED_EDGE('',*,*,#7751,.T.);
#10405 = ORIENTED_EDGE('',*,*,#10322,.T.);
#10406 = ORIENTED_EDGE('',*,*,#10407,.F.);
#10407 = EDGE_CURVE('',#10204,#10314,#10408,.T.);
#10408 = CIRCLE('',#10409,4.031243385545);
#10409 = AXIS2_PLACEMENT_3D('',#10410,#10411,#10412);
#10410 = CARTESIAN_POINT('',(18.,-29.14211616751,4.));
#10411 = DIRECTION('',(5.976218978947E-32,-1.,2.691449756667E-16));
#10412 = DIRECTION('',(0.,-2.691449756667E-16,-1.));
#10413 = PLANE('',#10414);
#10414 = AXIS2_PLACEMENT_3D('',#10415,#10416,#10417);
#10415 = CARTESIAN_POINT('',(-14.5,-29.14211616751,2.35));
#10416 = DIRECTION('',(5.976218978947E-32,-1.,2.691449756667E-16));
#10417 = DIRECTION('',(2.22044604925E-16,2.691449756667E-16,1.));
#10418 = ADVANCED_FACE('',(#10419),#10563,.F.);
#10419 = FACE_BOUND('',#10420,.T.);
#10420 = EDGE_LOOP('',(#10421,#10554,#10559,#10560,#10561,#10562));
#10421 = ORIENTED_EDGE('',*,*,#10422,.F.);
#10422 = EDGE_CURVE('',#10423,#10423,#10425,.T.);
#10423 = VERTEX_POINT('',#10424);
#10424 = CARTESIAN_POINT('',(21.089128346293,27.47255821688,2.45));
#10425 = B_SPLINE_CURVE_WITH_KNOTS('',7,(#10426,#10427,#10428,#10429,
    #10430,#10431,#10432,#10433,#10434,#10435,#10436,#10437,#10438,
    #10439,#10440,#10441,#10442,#10443,#10444,#10445,#10446,#10447,
    #10448,#10449,#10450,#10451,#10452,#10453,#10454,#10455,#10456,
    #10457,#10458,#10459,#10460,#10461,#10462,#10463,#10464,#10465,
    #10466,#10467,#10468,#10469,#10470,#10471,#10472,#10473,#10474,
    #10475,#10476,#10477,#10478,#10479,#10480,#10481,#10482,#10483,
    #10484,#10485,#10486,#10487,#10488,#10489,#10490,#10491,#10492,
    #10493,#10494,#10495,#10496,#10497,#10498,#10499,#10500,#10501,
    #10502,#10503,#10504,#10505,#10506,#10507,#10508,#10509,#10510,
    #10511,#10512,#10513,#10514,#10515,#10516,#10517,#10518,#10519,
    #10520,#10521,#10522,#10523,#10524,#10525,#10526,#10527,#10528,
    #10529,#10530,#10531,#10532,#10533,#10534,#10535,#10536,#10537,
    #10538,#10539,#10540,#10541,#10542,#10543,#10544,#10545,#10546,
    #10547,#10548,#10549,#10550,#10551,#10552,#10553),.UNSPECIFIED.,.T.,
  .F.,(8,6,6,6,6,6,6,6,6,6,6,6,6,6,6,6,6,6,6,6,6,8),(0.,
    5.835164778401E-02,7.7962278784E-02,9.053043331619E-02,
    0.105106801296,0.118675464272,0.250250948939,0.381324736386,
    0.394893404252,0.409469777483,0.422037936544,0.44164857461,
    0.500000581366,0.557849621931,0.618675519815,0.750250820501,
    0.881324423999,0.895395631988,0.909972053217,0.922540257818,
    0.942150968163,1.),.UNSPECIFIED.);
#10426 = CARTESIAN_POINT('',(21.089128346293,27.47255821688,2.45));
#10427 = CARTESIAN_POINT('',(21.018050276707,27.433491410469,2.45));
#10428 = CARTESIAN_POINT('',(20.946971930058,27.394425266925,
    2.454949401042));
#10429 = CARTESIAN_POINT('',(20.876210364733,27.355534053417,
    2.464847505512));
#10430 = CARTESIAN_POINT('',(20.806080001247,27.316990564552,
    2.479662198183));
#10431 = CARTESIAN_POINT('',(20.736891618352,27.278965572158,
    2.499329510379));
#10432 = CARTESIAN_POINT('',(20.668951349138,27.241627275067,
    2.523753184155));
#10433 = CARTESIAN_POINT('',(20.580246981096,27.192878476491,
    2.562567619143));
#10434 = CARTESIAN_POINT('',(20.55810893895,27.180712268649,
    2.572853742369));
#10435 = CARTESIAN_POINT('',(20.536156840252,27.168648327455,
    2.583657757368));
#10436 = CARTESIAN_POINT('',(20.514401831922,27.156692776405,
    2.594974426171));
#10437 = CARTESIAN_POINT('',(20.492854918254,27.144851660414,
    2.60679812162));
#10438 = CARTESIAN_POINT('',(20.471526960915,27.133130945812,
    2.619122827365));
#10439 = CARTESIAN_POINT('',(20.436907111579,27.114105829779,
    2.640157838598));
#10440 = CARTESIAN_POINT('',(20.423479874526,27.106727007614,
    2.648576692262));
#10441 = CARTESIAN_POINT('',(20.410149786607,27.099401602178,
    2.657197013702));
#10442 = CARTESIAN_POINT('',(20.396919636555,27.092131145234,
    2.66601705476));
#10443 = CARTESIAN_POINT('',(20.383792183023,27.084917151985,
    2.675035004281));
#10444 = CARTESIAN_POINT('',(20.370770154577,27.077761121075,
    2.684248988112));
#10445 = CARTESIAN_POINT('',(20.342878885361,27.062434013889,
    2.704568428455));
#10446 = CARTESIAN_POINT('',(20.328046954821,27.054283450121,
    2.715740870796));
#10447 = CARTESIAN_POINT('',(20.313364668843,27.046215155952,
    2.727171373187));
#10448 = CARTESIAN_POINT('',(20.298836174698,27.038231409126,
    2.738856804062));
#10449 = CARTESIAN_POINT('',(20.284465556172,27.030334452461,
    2.750793923231));
#10450 = CARTESIAN_POINT('',(20.270256833567,27.022526493849,
    2.762979381873));
#10451 = CARTESIAN_POINT('',(20.243141916614,27.007626401733,
    2.78698071907));
#10452 = CARTESIAN_POINT('',(20.230213579963,27.000522096373,
    2.798763911789));
#10453 = CARTESIAN_POINT('',(20.217432144845,26.993498542639,
    2.810756511975));
#10454 = CARTESIAN_POINT('',(20.204800747953,26.986557463078,
    2.822955654442));
#10455 = CARTESIAN_POINT('',(20.192322471576,26.979700550317,
    2.835358397545));
#10456 = CARTESIAN_POINT('',(20.180000343594,26.972929467072,
    2.847961723179));
#10457 = CARTESIAN_POINT('',(20.049892523988,26.901434695262,
    2.984892177022));
#10458 = CARTESIAN_POINT('',(19.946833576418,26.844805663964,
    3.127673340998));
#10459 = CARTESIAN_POINT('',(19.861547855217,26.797944339445,
    3.286174400548));
#10460 = CARTESIAN_POINT('',(19.796130777562,26.762000990193,
    3.456879528062));
#10461 = CARTESIAN_POINT('',(19.752055957764,26.737784415485,
    3.635964336977));
#10462 = CARTESIAN_POINT('',(19.730174093196,26.725761589308,
    3.819288240502));
#10463 = CARTESIAN_POINT('',(19.730680077212,26.726039598423,
    4.184907311685));
#10464 = CARTESIAN_POINT('',(19.75289977757,26.738248045934,
    4.367451051813));
#10465 = CARTESIAN_POINT('',(19.797131018556,26.76255057172,
    4.54572558846));
#10466 = CARTESIAN_POINT('',(19.862525351791,26.798481437451,
    4.715640105853));
#10467 = CARTESIAN_POINT('',(19.947620619543,26.845238130008,
    4.873416220778));
#10468 = CARTESIAN_POINT('',(20.050342289806,26.901681843393,
    5.015581173755));
#10469 = CARTESIAN_POINT('',(20.180000343594,26.972929467072,
    5.152038276821));
#10470 = CARTESIAN_POINT('',(20.192322471576,26.979700550317,
    5.164641602455));
#10471 = CARTESIAN_POINT('',(20.204800747953,26.986557463078,
    5.177044345558));
#10472 = CARTESIAN_POINT('',(20.217432144845,26.993498542639,
    5.189243488025));
#10473 = CARTESIAN_POINT('',(20.230213579963,27.000522096373,
    5.201236088211));
#10474 = CARTESIAN_POINT('',(20.243141916614,27.007626401733,
    5.21301928093));
#10475 = CARTESIAN_POINT('',(20.270256833567,27.022526493849,
    5.237020618127));
#10476 = CARTESIAN_POINT('',(20.284465556172,27.030334452461,
    5.249206076769));
#10477 = CARTESIAN_POINT('',(20.298836174698,27.038231409126,
    5.261143195938));
#10478 = CARTESIAN_POINT('',(20.313364668843,27.046215155952,
    5.272828626813));
#10479 = CARTESIAN_POINT('',(20.328046954821,27.054283450121,
    5.284259129204));
#10480 = CARTESIAN_POINT('',(20.342878885361,27.062434013889,
    5.295431571545));
#10481 = CARTESIAN_POINT('',(20.370770154577,27.077761121075,
    5.315751011888));
#10482 = CARTESIAN_POINT('',(20.383792183023,27.084917151985,
    5.324964995719));
#10483 = CARTESIAN_POINT('',(20.396919636555,27.092131145234,
    5.33398294524));
#10484 = CARTESIAN_POINT('',(20.410149786607,27.099401602178,
    5.342802986298));
#10485 = CARTESIAN_POINT('',(20.423479874526,27.106727007614,
    5.351423307738));
#10486 = CARTESIAN_POINT('',(20.436907111579,27.114105829779,
    5.359842161402));
#10487 = CARTESIAN_POINT('',(20.471526960915,27.133130945812,
    5.380877172635));
#10488 = CARTESIAN_POINT('',(20.492854918254,27.144851660414,
    5.39320187838));
#10489 = CARTESIAN_POINT('',(20.514401831922,27.156692776405,
    5.405025573829));
#10490 = CARTESIAN_POINT('',(20.536156840252,27.168648327455,
    5.416342242632));
#10491 = CARTESIAN_POINT('',(20.55810893895,27.180712268649,
    5.427146257631));
#10492 = CARTESIAN_POINT('',(20.580246981096,27.192878476491,
    5.437432380857));
#10493 = CARTESIAN_POINT('',(20.668951733648,27.24162748638,
    5.476246984095));
#10494 = CARTESIAN_POINT('',(20.73689185283,27.278965701028,
    5.500670528475));
#10495 = CARTESIAN_POINT('',(20.806080227663,27.316990688985,
    5.520337874438));
#10496 = CARTESIAN_POINT('',(20.876211013338,27.355534409877,
    5.535152704392));
#10497 = CARTESIAN_POINT('',(20.946973257062,27.394425996255,
    5.545050810536));
#10498 = CARTESIAN_POINT('',(21.018051827844,27.433492263025,5.55));
#10499 = CARTESIAN_POINT('',(21.15959221939,27.51128744103,5.55));
#10500 = CARTESIAN_POINT('',(21.230057401581,27.550018185832,
    5.54513576793));
#10501 = CARTESIAN_POINT('',(21.300213721195,27.588579970128,
    5.535407554636));
#10502 = CARTESIAN_POINT('',(21.369754137403,27.626804011616,
    5.520846448749));
#10503 = CARTESIAN_POINT('',(21.438375625979,27.664523715437,
    5.501514469388));
#10504 = CARTESIAN_POINT('',(21.505780065053,27.701575162774,
    5.477504658883));
#10505 = CARTESIAN_POINT('',(21.64096107441,27.775884008685,
    5.418907842035));
#10506 = CARTESIAN_POINT('',(21.708582165835,27.81305601418,
    5.383838422073));
#10507 = CARTESIAN_POINT('',(21.774198109653,27.849126493961,
    5.343878024062));
#10508 = CARTESIAN_POINT('',(21.837483842699,27.883916673205,
    5.299206565036));
#10509 = CARTESIAN_POINT('',(21.898130972852,27.917256926033,
    5.250038310719));
#10510 = CARTESIAN_POINT('',(21.955849227736,27.948987577325,
    5.196621415633));
#10511 = CARTESIAN_POINT('',(22.128299761359,28.04379379307,
    5.015107593277));
#10512 = CARTESIAN_POINT('',(22.231345333266,28.100446227164,
    4.872326193667));
#10513 = CARTESIAN_POINT('',(22.316618460764,28.147329303621,
    4.713824970498));
#10514 = CARTESIAN_POINT('',(22.382025019941,28.183290621257,
    4.543119820082));
#10515 = CARTESIAN_POINT('',(22.426092452057,28.207519708947,
    4.364035149843));
#10516 = CARTESIAN_POINT('',(22.447970650698,28.219548744466,
    4.180711503918));
#10517 = CARTESIAN_POINT('',(22.44746475074,28.219270591373,
    3.815092943854));
#10518 = CARTESIAN_POINT('',(22.425248772425,28.207055838379,
    3.632549459475));
#10519 = CARTESIAN_POINT('',(22.3810249384,28.182740764414,
    3.454275059762));
#10520 = CARTESIAN_POINT('',(22.315641107248,28.146791955754,
    3.284360518888));
#10521 = CARTESIAN_POINT('',(22.230558391163,28.100013581885,
    3.126584241154));
#10522 = CARTESIAN_POINT('',(22.127850044132,28.043546557022,
    2.984419054214));
#10523 = CARTESIAN_POINT('',(21.997755786325,27.972026080896,
    2.847487578822));
#10524 = CARTESIAN_POINT('',(21.984972537233,27.964998401248,
    2.834425009138));
#10525 = CARTESIAN_POINT('',(21.972021471215,27.957878489315,
    2.821578279334));
#10526 = CARTESIAN_POINT('',(21.958905966142,27.950668203341,
    2.808950752468));
#10527 = CARTESIAN_POINT('',(21.945629462695,27.943369436079,
    2.796545703043));
#10528 = CARTESIAN_POINT('',(21.932195464368,27.935984114794,
    2.784366317012));
#10529 = CARTESIAN_POINT('',(21.904531749061,27.92077608764,
    2.760035990795));
#10530 = CARTESIAN_POINT('',(21.890290776399,27.912947196147,
    2.747901769295));
#10531 = CARTESIAN_POINT('',(21.875888584239,27.905029707746,
    2.736016470315));
#10532 = CARTESIAN_POINT('',(21.861329200537,27.897025838103,
    2.724383428038));
#10533 = CARTESIAN_POINT('',(21.846616716438,27.888937837588,
    2.713005867787));
#10534 = CARTESIAN_POINT('',(21.831755286278,27.880767991273,
    2.701886906031));
#10535 = CARTESIAN_POINT('',(21.803810391131,27.865405775685,
    2.681668029808));
#10536 = CARTESIAN_POINT('',(21.790764055358,27.858233808319,
    2.672500995439));
#10537 = CARTESIAN_POINT('',(21.777612823087,27.851004203477,
    2.663530374604));
#10538 = CARTESIAN_POINT('',(21.764359427061,27.843718464219,
    2.654758031533));
#10539 = CARTESIAN_POINT('',(21.751006629942,27.836378110029,
    2.646185767351));
#10540 = CARTESIAN_POINT('',(21.737557224312,27.82898467681,
    2.637815320084));
#10541 = CARTESIAN_POINT('',(21.702882008104,27.809923025631,
    2.616905112737));
#10542 = CARTESIAN_POINT('',(21.681521633344,27.798180877135,
    2.604657290809));
#10543 = CARTESIAN_POINT('',(21.65994364141,27.786319174382,
    2.592911265472));
#10544 = CARTESIAN_POINT('',(21.638158906994,27.774343898038,
    2.581673013686));
#10545 = CARTESIAN_POINT('',(21.616178446462,27.762261106459,
    2.570948122762));
#10546 = CARTESIAN_POINT('',(21.594013417852,27.750076935682,
    2.560741790367));
#10547 = CARTESIAN_POINT('',(21.505780065053,27.701575162774,
    2.522495341117));
#10548 = CARTESIAN_POINT('',(21.438375625978,27.664523715437,
    2.498485530612));
#10549 = CARTESIAN_POINT('',(21.369754137403,27.626804011616,
    2.479153551251));
#10550 = CARTESIAN_POINT('',(21.300213721195,27.588579970128,
    2.464592445364));
#10551 = CARTESIAN_POINT('',(21.230057401581,27.550018185832,
    2.45486423207));
#10552 = CARTESIAN_POINT('',(21.15959221939,27.51128744103,2.45));
#10553 = CARTESIAN_POINT('',(21.089128346293,27.47255821688,2.45));
#10554 = ORIENTED_EDGE('',*,*,#10555,.F.);
#10555 = EDGE_CURVE('',#7986,#10423,#10556,.T.);
#10556 = B_SPLINE_CURVE_WITH_KNOTS('',1,(#10557,#10558),.UNSPECIFIED.,
  .F.,.F.,(2,2),(-62.75263085038,-53.24736914961),
  .PIECEWISE_BEZIER_KNOTS.);
#10557 = CARTESIAN_POINT('',(16.336497495911,35.70435631936,2.45));
#10558 = CARTESIAN_POINT('',(21.089128346293,27.47255821688,2.45));
#10559 = ORIENTED_EDGE('',*,*,#7985,.T.);
#10560 = ORIENTED_EDGE('',*,*,#7875,.T.);
#10561 = ORIENTED_EDGE('',*,*,#8070,.T.);
#10562 = ORIENTED_EDGE('',*,*,#10555,.T.);
#10563 = CYLINDRICAL_SURFACE('',#10564,1.55);
#10564 = AXIS2_PLACEMENT_3D('',#10565,#10566,#10567);
#10565 = CARTESIAN_POINT('',(47.712812921102,-18.64101615137,4.));
#10566 = DIRECTION('',(0.5,-0.866025403784,2.22044604925E-16));
#10567 = DIRECTION('',(1.110223024625E-16,-1.922962686384E-16,-1.));
#10568 = ADVANCED_FACE('',(#10569),#10596,.T.);
#10569 = FACE_BOUND('',#10570,.T.);
#10570 = EDGE_LOOP('',(#10571,#10582,#10588,#10589,#10590));
#10571 = ORIENTED_EDGE('',*,*,#10572,.F.);
#10572 = EDGE_CURVE('',#10573,#10575,#10577,.T.);
#10573 = VERTEX_POINT('',#10574);
#10574 = CARTESIAN_POINT('',(-14.24500332889,-32.,0.7));
#10575 = VERTEX_POINT('',#10576);
#10576 = CARTESIAN_POINT('',(-14.32189950742,-29.14211616751,2.35));
#10577 = CIRCLE('',#10578,4.06745763552);
#10578 = AXIS2_PLACEMENT_3D('',#10579,#10580,#10581);
#10579 = CARTESIAN_POINT('',(-18.,-30.64605808375,1.481698729811));
#10580 = DIRECTION('',(1.922962686384E-16,-0.5,0.866025403784));
#10581 = DIRECTION('',(0.,-0.866025403784,-0.5));
#10582 = ORIENTED_EDGE('',*,*,#10583,.T.);
#10583 = EDGE_CURVE('',#10573,#8104,#10584,.T.);
#10584 = LINE('',#10585,#10586);
#10585 = CARTESIAN_POINT('',(-14.5,-32.,0.7));
#10586 = VECTOR('',#10587,1.);
#10587 = DIRECTION('',(1.,0.,-2.22044604925E-16));
#10588 = ORIENTED_EDGE('',*,*,#8103,.F.);
#10589 = ORIENTED_EDGE('',*,*,#7968,.F.);
#10590 = ORIENTED_EDGE('',*,*,#10591,.F.);
#10591 = EDGE_CURVE('',#10575,#7961,#10592,.T.);
#10592 = LINE('',#10593,#10594);
#10593 = CARTESIAN_POINT('',(-14.5,-29.14211616751,2.35));
#10594 = VECTOR('',#10595,1.);
#10595 = DIRECTION('',(1.,0.,-2.22044604925E-16));
#10596 = PLANE('',#10597);
#10597 = AXIS2_PLACEMENT_3D('',#10598,#10599,#10600);
#10598 = CARTESIAN_POINT('',(-14.5,-32.,0.7));
#10599 = DIRECTION('',(1.922962686384E-16,-0.5,0.866025403784));
#10600 = DIRECTION('',(1.110223024625E-16,0.866025403784,0.5));
#10601 = ADVANCED_FACE('',(#10602),#10621,.T.);
#10602 = FACE_BOUND('',#10603,.T.);
#10603 = EDGE_LOOP('',(#10604,#10613,#10614,#10615));
#10604 = ORIENTED_EDGE('',*,*,#10605,.F.);
#10605 = EDGE_CURVE('',#10575,#10606,#10608,.T.);
#10606 = VERTEX_POINT('',#10607);
#10607 = CARTESIAN_POINT('',(-14.32189950742,-29.14211616751,5.65));
#10608 = CIRCLE('',#10609,4.031243385545);
#10609 = AXIS2_PLACEMENT_3D('',#10610,#10611,#10612);
#10610 = CARTESIAN_POINT('',(-18.,-29.14211616751,4.));
#10611 = DIRECTION('',(5.976218978947E-32,-1.,2.691449756667E-16));
#10612 = DIRECTION('',(0.,-2.691449756667E-16,-1.));
#10613 = ORIENTED_EDGE('',*,*,#10591,.T.);
#10614 = ORIENTED_EDGE('',*,*,#7960,.F.);
#10615 = ORIENTED_EDGE('',*,*,#10616,.F.);
#10616 = EDGE_CURVE('',#10606,#7952,#10617,.T.);
#10617 = LINE('',#10618,#10619);
#10618 = CARTESIAN_POINT('',(-14.5,-29.14211616751,5.65));
#10619 = VECTOR('',#10620,1.);
#10620 = DIRECTION('',(1.,0.,-2.22044604925E-16));
#10621 = PLANE('',#10622);
#10622 = AXIS2_PLACEMENT_3D('',#10623,#10624,#10625);
#10623 = CARTESIAN_POINT('',(-14.5,-29.14211616751,2.35));
#10624 = DIRECTION('',(5.976218978947E-32,-1.,2.691449756667E-16));
#10625 = DIRECTION('',(2.22044604925E-16,2.691449756667E-16,1.));
#10626 = ADVANCED_FACE('',(#10627),#10647,.T.);
#10627 = FACE_BOUND('',#10628,.T.);
#10628 = EDGE_LOOP('',(#10629,#10638,#10639,#10640,#10641));
#10629 = ORIENTED_EDGE('',*,*,#10630,.F.);
#10630 = EDGE_CURVE('',#10606,#10631,#10633,.T.);
#10631 = VERTEX_POINT('',#10632);
#10632 = CARTESIAN_POINT('',(-14.24500332889,-32.,7.3));
#10633 = CIRCLE('',#10634,4.06745763552);
#10634 = AXIS2_PLACEMENT_3D('',#10635,#10636,#10637);
#10635 = CARTESIAN_POINT('',(-18.,-30.64605808375,6.518301270189));
#10636 = DIRECTION('',(-1.922962686384E-16,-0.5,-0.866025403784));
#10637 = DIRECTION('',(0.,0.866025403784,-0.5));
#10638 = ORIENTED_EDGE('',*,*,#10616,.T.);
#10639 = ORIENTED_EDGE('',*,*,#7951,.F.);
#10640 = ORIENTED_EDGE('',*,*,#8135,.F.);
#10641 = ORIENTED_EDGE('',*,*,#10642,.F.);
#10642 = EDGE_CURVE('',#10631,#8128,#10643,.T.);
#10643 = LINE('',#10644,#10645);
#10644 = CARTESIAN_POINT('',(-14.5,-32.,7.3));
#10645 = VECTOR('',#10646,1.);
#10646 = DIRECTION('',(1.,0.,-2.22044604925E-16));
#10647 = PLANE('',#10648);
#10648 = AXIS2_PLACEMENT_3D('',#10649,#10650,#10651);
#10649 = CARTESIAN_POINT('',(-14.5,-29.14211616751,5.65));
#10650 = DIRECTION('',(-1.922962686384E-16,-0.5,-0.866025403784));
#10651 = DIRECTION('',(1.110223024625E-16,-0.866025403784,0.5));
#10652 = ADVANCED_FACE('',(#10653),#10681,.T.);
#10653 = FACE_BOUND('',#10654,.T.);
#10654 = EDGE_LOOP('',(#10655,#10664,#10665,#10666,#10674));
#10655 = ORIENTED_EDGE('',*,*,#10656,.F.);
#10656 = EDGE_CURVE('',#10631,#10657,#10659,.T.);
#10657 = VERTEX_POINT('',#10658);
#10658 = CARTESIAN_POINT('',(-14.19372651477,-32.1,7.242264973081));
#10659 = CIRCLE('',#10660,4.137123201362);
#10660 = AXIS2_PLACEMENT_3D('',#10661,#10662,#10663);
#10661 = CARTESIAN_POINT('',(-18.,-33.50394191624,6.431698729811));
#10662 = DIRECTION('',(-1.922962686384E-16,0.5,-0.866025403784));
#10663 = DIRECTION('',(0.,0.866025403784,0.5));
#10664 = ORIENTED_EDGE('',*,*,#10642,.T.);
#10665 = ORIENTED_EDGE('',*,*,#8127,.F.);
#10666 = ORIENTED_EDGE('',*,*,#10667,.F.);
#10667 = EDGE_CURVE('',#10668,#8120,#10670,.T.);
#10668 = VERTEX_POINT('',#10669);
#10669 = CARTESIAN_POINT('',(-14.16965056861,-34.85788383248,5.65));
#10670 = LINE('',#10671,#10672);
#10671 = CARTESIAN_POINT('',(-14.5,-34.85788383248,5.65));
#10672 = VECTOR('',#10673,1.);
#10673 = DIRECTION('',(1.,0.,-2.22044604925E-16));
#10674 = ORIENTED_EDGE('',*,*,#10675,.F.);
#10675 = EDGE_CURVE('',#10657,#10668,#10676,.T.);
#10676 = CIRCLE('',#10677,4.137123201362);
#10677 = AXIS2_PLACEMENT_3D('',#10678,#10679,#10680);
#10678 = CARTESIAN_POINT('',(-18.,-33.50394191624,6.431698729811));
#10679 = DIRECTION('',(-1.922962686384E-16,0.5,-0.866025403784));
#10680 = DIRECTION('',(0.,0.866025403784,0.5));
#10681 = PLANE('',#10682);
#10682 = AXIS2_PLACEMENT_3D('',#10683,#10684,#10685);
#10683 = CARTESIAN_POINT('',(-14.5,-32.,7.3));
#10684 = DIRECTION('',(-1.922962686384E-16,0.5,-0.866025403784));
#10685 = DIRECTION('',(-1.110223024625E-16,-0.866025403784,-0.5));
#10686 = ADVANCED_FACE('',(#10687),#10706,.T.);
#10687 = FACE_BOUND('',#10688,.T.);
#10688 = EDGE_LOOP('',(#10689,#10698,#10699,#10700));
#10689 = ORIENTED_EDGE('',*,*,#10690,.F.);
#10690 = EDGE_CURVE('',#10668,#10691,#10693,.T.);
#10691 = VERTEX_POINT('',#10692);
#10692 = CARTESIAN_POINT('',(-14.16965056861,-34.85788383248,2.35));
#10693 = CIRCLE('',#10694,4.170620669217);
#10694 = AXIS2_PLACEMENT_3D('',#10695,#10696,#10697);
#10695 = CARTESIAN_POINT('',(-18.,-34.85788383248,4.));
#10696 = DIRECTION('',(-8.964328468421E-32,1.,-4.037174635001E-16));
#10697 = DIRECTION('',(0.,4.037174635001E-16,1.));
#10698 = ORIENTED_EDGE('',*,*,#10667,.T.);
#10699 = ORIENTED_EDGE('',*,*,#8119,.F.);
#10700 = ORIENTED_EDGE('',*,*,#10701,.F.);
#10701 = EDGE_CURVE('',#10691,#8112,#10702,.T.);
#10702 = LINE('',#10703,#10704);
#10703 = CARTESIAN_POINT('',(-14.5,-34.85788383248,2.35));
#10704 = VECTOR('',#10705,1.);
#10705 = DIRECTION('',(1.,0.,-2.22044604925E-16));
#10706 = PLANE('',#10707);
#10707 = AXIS2_PLACEMENT_3D('',#10708,#10709,#10710);
#10708 = CARTESIAN_POINT('',(-14.5,-34.85788383248,5.65));
#10709 = DIRECTION('',(-8.964328468421E-32,1.,-4.037174635001E-16));
#10710 = DIRECTION('',(-2.22044604925E-16,-4.037174635001E-16,-1.));
#10711 = ADVANCED_FACE('',(#10712),#10733,.T.);
#10712 = FACE_BOUND('',#10713,.T.);
#10713 = EDGE_LOOP('',(#10714,#10723,#10724,#10725,#10726));
#10714 = ORIENTED_EDGE('',*,*,#10715,.F.);
#10715 = EDGE_CURVE('',#10691,#10716,#10718,.T.);
#10716 = VERTEX_POINT('',#10717);
#10717 = CARTESIAN_POINT('',(-14.19372651477,-32.1,0.757735026919));
#10718 = CIRCLE('',#10719,4.137123201362);
#10719 = AXIS2_PLACEMENT_3D('',#10720,#10721,#10722);
#10720 = CARTESIAN_POINT('',(-18.,-33.50394191624,1.568301270189));
#10721 = DIRECTION('',(1.922962686384E-16,0.5,0.866025403784));
#10722 = DIRECTION('',(-1.232595164408E-32,-0.866025403784,0.5));
#10723 = ORIENTED_EDGE('',*,*,#10701,.T.);
#10724 = ORIENTED_EDGE('',*,*,#8111,.F.);
#10725 = ORIENTED_EDGE('',*,*,#10583,.F.);
#10726 = ORIENTED_EDGE('',*,*,#10727,.F.);
#10727 = EDGE_CURVE('',#10716,#10573,#10728,.T.);
#10728 = CIRCLE('',#10729,4.137123201362);
#10729 = AXIS2_PLACEMENT_3D('',#10730,#10731,#10732);
#10730 = CARTESIAN_POINT('',(-18.,-33.50394191624,1.568301270189));
#10731 = DIRECTION('',(1.922962686384E-16,0.5,0.866025403784));
#10732 = DIRECTION('',(-1.232595164408E-32,-0.866025403784,0.5));
#10733 = PLANE('',#10734);
#10734 = AXIS2_PLACEMENT_3D('',#10735,#10736,#10737);
#10735 = CARTESIAN_POINT('',(-14.5,-34.85788383248,2.35));
#10736 = DIRECTION('',(1.922962686384E-16,0.5,0.866025403784));
#10737 = DIRECTION('',(-1.110223024625E-16,0.866025403784,-0.5));
#10738 = ADVANCED_FACE('',(#10739),#10897,.F.);
#10739 = FACE_BOUND('',#10740,.T.);
#10740 = EDGE_LOOP('',(#10741,#10742,#10749,#10834,#10885,#10896));
#10741 = ORIENTED_EDGE('',*,*,#8222,.F.);
#10742 = ORIENTED_EDGE('',*,*,#10743,.F.);
#10743 = EDGE_CURVE('',#10744,#8223,#10746,.T.);
#10744 = VERTEX_POINT('',#10745);
#10745 = CARTESIAN_POINT('',(-13.24736914961,-32.,2.45));
#10746 = B_SPLINE_CURVE_WITH_KNOTS('',1,(#10747,#10748),.UNSPECIFIED.,
  .F.,.F.,(2,2),(-26.75263085038,-17.24736914961),
  .PIECEWISE_BEZIER_KNOTS.);
#10747 = CARTESIAN_POINT('',(-13.24736914961,-32.,2.45));
#10748 = CARTESIAN_POINT('',(-22.75263085038,-32.,2.45));
#10749 = ORIENTED_EDGE('',*,*,#10750,.T.);
#10750 = EDGE_CURVE('',#10744,#10751,#10753,.T.);
#10751 = VERTEX_POINT('',#10752);
#10752 = CARTESIAN_POINT('',(-13.2452655174,-32.1,5.546770829826));
#10753 = B_SPLINE_CURVE_WITH_KNOTS('',7,(#10754,#10755,#10756,#10757,
    #10758,#10759,#10760,#10761,#10762,#10763,#10764,#10765,#10766,
    #10767,#10768,#10769,#10770,#10771,#10772,#10773,#10774,#10775,
    #10776,#10777,#10778,#10779,#10780,#10781,#10782,#10783,#10784,
    #10785,#10786,#10787,#10788,#10789,#10790,#10791,#10792,#10793,
    #10794,#10795,#10796,#10797,#10798,#10799,#10800,#10801,#10802,
    #10803,#10804,#10805,#10806,#10807,#10808,#10809,#10810,#10811,
    #10812,#10813,#10814,#10815,#10816,#10817,#10818,#10819,#10820,
    #10821,#10822,#10823,#10824,#10825,#10826,#10827,#10828,#10829,
    #10830,#10831,#10832,#10833),.UNSPECIFIED.,.F.,.F.,(8,6,6,6,6,6,6,6,
    6,6,6,6,6,8),(0.,0.114350424398,0.152780941149,0.177410473634,
    0.205975457279,0.232565663877,0.490411210378,0.747273592013,
    0.773863808192,0.80242880213,0.82705834349,0.865488874088,
    0.979840001955,1.),.UNSPECIFIED.);
#10754 = CARTESIAN_POINT('',(-13.24736914961,-32.,2.45));
#10755 = CARTESIAN_POINT('',(-13.24907533761,-31.91891118288,2.45));
#10756 = CARTESIAN_POINT('',(-13.2507822382,-31.83782245725,
    2.454949401042));
#10757 = CARTESIAN_POINT('',(-13.25248224198,-31.75709553731,
    2.464847505512));
#10758 = CARTESIAN_POINT('',(-13.25416778321,-31.67708911652,
    2.479662198183));
#10759 = CARTESIAN_POINT('',(-13.25583136527,-31.59815772309,
    2.499329510379));
#10760 = CARTESIAN_POINT('',(-13.25746558606,-31.52065057547,
    2.523753184155));
#10761 = CARTESIAN_POINT('',(-13.25960007211,-31.41945594003,
    2.562567619143));
#10762 = CARTESIAN_POINT('',(-13.26013284813,-31.39420072922,
    2.572853742369));
#10763 = CARTESIAN_POINT('',(-13.26066121793,-31.36915768348,
    2.583657757368));
#10764 = CARTESIAN_POINT('',(-13.26118491117,-31.34433951808,
    2.594974426171));
#10765 = CARTESIAN_POINT('',(-13.26170366075,-31.31975878548,
    2.60679812162));
#10766 = CARTESIAN_POINT('',(-13.26221720282,-31.29542787531,
    2.619122827365));
#10767 = CARTESIAN_POINT('',(-13.26305089369,-31.2559336483,
    2.640157838598));
#10768 = CARTESIAN_POINT('',(-13.26337426478,-31.24061590882,
    2.648576692262));
#10769 = CARTESIAN_POINT('',(-13.26369532153,-31.22540901133,
    2.657197013702));
#10770 = CARTESIAN_POINT('',(-13.26401399615,-31.21031613682,
    2.66601705476));
#10771 = CARTESIAN_POINT('',(-13.2643302215,-31.19534043195,
    2.675035004281));
#10772 = CARTESIAN_POINT('',(-13.26464393116,-31.18048500905,
    2.684248988112));
#10773 = CARTESIAN_POINT('',(-13.26531590158,-31.14866690777,
    2.704568428455));
#10774 = CARTESIAN_POINT('',(-13.26567327157,-31.13174679725,
    2.715740870796));
#10775 = CARTESIAN_POINT('',(-13.26602706685,-31.11499741753,
    2.727171373187));
#10776 = CARTESIAN_POINT('',(-13.26637718635,-31.09842349911,
    2.738856804062));
#10777 = CARTESIAN_POINT('',(-13.26672353053,-31.08202970006,
    2.750793923231));
#10778 = CARTESIAN_POINT('',(-13.26706600132,-31.06582060602,
    2.762979381873));
#10779 = CARTESIAN_POINT('',(-13.26771960151,-31.03488835306,
    2.78698071907));
#10780 = CARTESIAN_POINT('',(-13.26803126092,-31.02013993242,
    2.798763911789));
#10781 = CARTESIAN_POINT('',(-13.26833940252,-31.00555910804,
    2.810756511975));
#10782 = CARTESIAN_POINT('',(-13.26864394973,-30.99114945766,
    2.822955654442));
#10783 = CARTESIAN_POINT('',(-13.26894482728,-30.97691449695,
    2.835358397545));
#10784 = CARTESIAN_POINT('',(-13.26924196117,-30.96285767946,
    2.847961723179));
#10785 = CARTESIAN_POINT('',(-13.27237958235,-30.81443361655,
    2.984892177022));
#10786 = CARTESIAN_POINT('',(-13.27486687644,-30.69686743422,
    3.127673340997));
#10787 = CARTESIAN_POINT('',(-13.27692663955,-30.59957717081,
    3.28617440055));
#10788 = CARTESIAN_POINT('',(-13.27850732483,-30.5249526451,
    3.45687952806));
#10789 = CARTESIAN_POINT('',(-13.27957256584,-30.47467444413,
    3.635964336978));
#10790 = CARTESIAN_POINT('',(-13.28010142522,-30.44971278045,
    3.819288240502));
#10791 = CARTESIAN_POINT('',(-13.28008919617,-30.45028998002,
    4.184907311685));
#10792 = CARTESIAN_POINT('',(-13.27955217168,-30.47563702875,
    4.367451051813));
#10793 = CARTESIAN_POINT('',(-13.27848315589,-30.52609366997,
    4.545725588461));
#10794 = CARTESIAN_POINT('',(-13.27690303178,-30.60069225668,
    4.715640105852));
#10795 = CARTESIAN_POINT('',(-13.27484788145,-30.69776526658,
    4.873416220778));
#10796 = CARTESIAN_POINT('',(-13.272368736,-30.81494669924,
    5.015581173755));
#10797 = CARTESIAN_POINT('',(-13.26924196117,-30.96285767946,
    5.152038276821));
#10798 = CARTESIAN_POINT('',(-13.26894482728,-30.97691449695,
    5.164641602455));
#10799 = CARTESIAN_POINT('',(-13.26864394973,-30.99114945766,
    5.177044345558));
#10800 = CARTESIAN_POINT('',(-13.26833940252,-31.00555910804,
    5.189243488025));
#10801 = CARTESIAN_POINT('',(-13.26803126092,-31.02013993242,
    5.201236088211));
#10802 = CARTESIAN_POINT('',(-13.26771960151,-31.03488835306,
    5.21301928093));
#10803 = CARTESIAN_POINT('',(-13.26706600132,-31.06582060602,
    5.237020618127));
#10804 = CARTESIAN_POINT('',(-13.26672353053,-31.08202970006,
    5.249206076769));
#10805 = CARTESIAN_POINT('',(-13.26637718635,-31.09842349911,
    5.261143195938));
#10806 = CARTESIAN_POINT('',(-13.26602706685,-31.11499741753,
    5.272828626813));
#10807 = CARTESIAN_POINT('',(-13.26567327157,-31.13174679725,
    5.284259129204));
#10808 = CARTESIAN_POINT('',(-13.26531590158,-31.14866690777,
    5.295431571545));
#10809 = CARTESIAN_POINT('',(-13.26464393116,-31.18048500905,
    5.315751011888));
#10810 = CARTESIAN_POINT('',(-13.2643302215,-31.19534043195,
    5.324964995719));
#10811 = CARTESIAN_POINT('',(-13.26401399615,-31.21031613682,
    5.33398294524));
#10812 = CARTESIAN_POINT('',(-13.26369532153,-31.22540901133,
    5.342802986298));
#10813 = CARTESIAN_POINT('',(-13.26337426478,-31.24061590882,
    5.351423307738));
#10814 = CARTESIAN_POINT('',(-13.26305089369,-31.2559336483,
    5.359842161402));
#10815 = CARTESIAN_POINT('',(-13.26221720282,-31.29542787531,
    5.380877172635));
#10816 = CARTESIAN_POINT('',(-13.26170366075,-31.31975878548,
    5.39320187838));
#10817 = CARTESIAN_POINT('',(-13.26118491117,-31.34433951808,
    5.405025573829));
#10818 = CARTESIAN_POINT('',(-13.26066121793,-31.36915768348,
    5.416342242632));
#10819 = CARTESIAN_POINT('',(-13.26013284813,-31.39420072922,
    5.427146257631));
#10820 = CARTESIAN_POINT('',(-13.25960007211,-31.41945594003,
    5.437432380857));
#10821 = CARTESIAN_POINT('',(-13.25746557681,-31.52065101412,
    5.476246984095));
#10822 = CARTESIAN_POINT('',(-13.25583135964,-31.59815799059,
    5.500670528475));
#10823 = CARTESIAN_POINT('',(-13.25416777777,-31.67708937482,
    5.520337874438));
#10824 = CARTESIAN_POINT('',(-13.25248222638,-31.75709627725,
    5.535152704392));
#10825 = CARTESIAN_POINT('',(-13.25078220631,-31.83782397113,
    5.545050810536));
#10826 = CARTESIAN_POINT('',(-13.24907530038,-31.91891295248,5.55));
#10827 = CARTESIAN_POINT('',(-13.24706835681,-32.01429557145,5.55));
#10828 = CARTESIAN_POINT('',(-13.24676758621,-32.02859114353,
    5.549846178128));
#10829 = CARTESIAN_POINT('',(-13.2464668793,-32.04288474386,
    5.549538534337));
#10830 = CARTESIAN_POINT('',(-13.24616627754,-32.05717440063,
    5.549077099745));
#10831 = CARTESIAN_POINT('',(-13.24586582237,-32.0714581426,
    5.548461936637));
#10832 = CARTESIAN_POINT('',(-13.2455655552,-32.08573399909,
    5.547693138459));
#10833 = CARTESIAN_POINT('',(-13.2452655174,-32.1,5.546770829826));
#10834 = ORIENTED_EDGE('',*,*,#10835,.T.);
#10835 = EDGE_CURVE('',#10751,#10836,#10838,.T.);
#10836 = VERTEX_POINT('',#10837);
#10837 = CARTESIAN_POINT('',(-13.2452655174,-32.1,2.453229170174));
#10838 = B_SPLINE_CURVE_WITH_KNOTS('',5,(#10839,#10840,#10841,#10842,
    #10843,#10844,#10845,#10846,#10847,#10848,#10849,#10850,#10851,
    #10852,#10853,#10854,#10855,#10856,#10857,#10858,#10859,#10860,
    #10861,#10862,#10863,#10864,#10865,#10866,#10867,#10868,#10869,
    #10870,#10871,#10872,#10873,#10874,#10875,#10876,#10877,#10878,
    #10879,#10880,#10881,#10882,#10883,#10884),.UNSPECIFIED.,.F.,.F.,(6,
    4,4,4,4,4,4,4,4,4,4,6),(0.,0.100699431951,0.141272503208,
    0.225979141111,0.359383692413,0.405552605596,0.49993773849,
    0.640490031069,0.773894426241,0.858600935133,0.899173943755,1.),
  .UNSPECIFIED.);
#10839 = CARTESIAN_POINT('',(-13.2452655174,-32.1,5.546770829826));
#10840 = CARTESIAN_POINT('',(-13.24329404038,-32.1937384977,
    5.540710559235));
#10841 = CARTESIAN_POINT('',(-13.24133313805,-32.28702277801,
    5.527548840002));
#10842 = CARTESIAN_POINT('',(-13.23939786772,-32.3791358812,
    5.507331341369));
#10843 = CARTESIAN_POINT('',(-13.23750287968,-32.46937716533,
    5.480208065075));
#10844 = CARTESIAN_POINT('',(-13.23492064282,-32.59240365109,
    5.43282640261));
#10845 = CARTESIAN_POINT('',(-13.23418785093,-32.62732320702,
    5.418138804877));
#10846 = CARTESIAN_POINT('',(-13.23346479461,-32.6617854736,
    5.402388118051));
#10847 = CARTESIAN_POINT('',(-13.23275236569,-32.69574757724,
    5.385593606388));
#10848 = CARTESIAN_POINT('',(-13.2305880531,-32.79894088836,
    5.330580819168));
#10849 = CARTESIAN_POINT('',(-13.22917475759,-32.86635289316,
    5.288929661804));
#10850 = CARTESIAN_POINT('',(-13.22781948273,-32.93102150814,
    5.243024210733));
#10851 = CARTESIAN_POINT('',(-13.2265295085,-32.99259524756,
    5.193110713409));
#10852 = CARTESIAN_POINT('',(-13.22339314762,-33.14234671133,
    5.055019917739));
#10853 = CARTESIAN_POINT('',(-13.22165309021,-33.22547503945,
    4.961335084741));
#10854 = CARTESIAN_POINT('',(-13.22011725353,-33.29888132639,
    4.859574823847));
#10855 = CARTESIAN_POINT('',(-13.21880610017,-33.36156979263,
    4.751109313204));
#10856 = CARTESIAN_POINT('',(-13.21736308693,-33.4305785228,
    4.598168921967));
#10857 = CARTESIAN_POINT('',(-13.21702071732,-33.44695326956,
    4.558229417759));
#10858 = CARTESIAN_POINT('',(-13.21670757365,-33.46193154034,
    4.517735572012));
#10859 = CARTESIAN_POINT('',(-13.21642415371,-33.47548906505,
    4.476752760045));
#10860 = CARTESIAN_POINT('',(-13.21565304329,-33.51237766992,
    4.350702539296));
#10861 = CARTESIAN_POINT('',(-13.21526113088,-33.53112944408,
    4.264292397583));
#10862 = CARTESIAN_POINT('',(-13.21499857955,-33.54369288383,
    4.176692613486));
#10863 = CARTESIAN_POINT('',(-13.2148671251,-33.549983152,4.088494110855
    ));
#10864 = CARTESIAN_POINT('',(-13.21486625017,-33.55002501879,
    3.868956006551));
#10865 = CARTESIAN_POINT('',(-13.21515646449,-33.53613790308,
    3.737605344941));
#10866 = CARTESIAN_POINT('',(-13.21573738821,-33.50833980403,
    3.608233501274));
#10867 = CARTESIAN_POINT('',(-13.21660051547,-33.46704677553,
    3.482775796293));
#10868 = CARTESIAN_POINT('',(-13.21880011041,-33.36185618457,
    3.249410081416));
#10869 = CARTESIAN_POINT('',(-13.22011039645,-33.29920910518,
    3.140920682652));
#10870 = CARTESIAN_POINT('',(-13.22164541847,-33.22584164203,
    3.039132428141));
#10871 = CARTESIAN_POINT('',(-13.22338472491,-33.1427490442,
    2.945415880311));
#10872 = CARTESIAN_POINT('',(-13.22651997686,-32.99305024316,
    2.80726796252));
#10873 = CARTESIAN_POINT('',(-13.2278095495,-32.931495548,2.757330984843
    ));
#10874 = CARTESIAN_POINT('',(-13.22916445447,-32.86684444511,
    2.711400870139));
#10875 = CARTESIAN_POINT('',(-13.23057741376,-32.79944832761,
    2.669724001755));
#10876 = CARTESIAN_POINT('',(-13.23274128124,-32.69627600215,
    2.614671857568));
#10877 = CARTESIAN_POINT('',(-13.23345357409,-32.66232030577,
    2.597864393372));
#10878 = CARTESIAN_POINT('',(-13.23417650261,-32.62786404879,
    2.582100563443));
#10879 = CARTESIAN_POINT('',(-13.23490917511,-32.59295009779,
    2.567399648455));
#10880 = CARTESIAN_POINT('',(-13.23749334308,-32.46983130868,
    2.519928505177));
#10881 = CARTESIAN_POINT('',(-13.23939056296,-32.37948356638,
    2.492745004986));
#10882 = CARTESIAN_POINT('',(-13.24132820362,-32.28725751965,
    2.472484291778));
#10883 = CARTESIAN_POINT('',(-13.24329155991,-32.19385643723,
    2.459297065652));
#10884 = CARTESIAN_POINT('',(-13.2452655174,-32.1,2.453229170174));
#10885 = ORIENTED_EDGE('',*,*,#10886,.T.);
#10886 = EDGE_CURVE('',#10836,#10744,#10887,.T.);
#10887 = B_SPLINE_CURVE_WITH_KNOTS('',4,(#10888,#10889,#10890,#10891,
    #10892,#10893,#10894,#10895),.UNSPECIFIED.,.F.,.F.,(5,3,5),(0.,
    0.735402089798,1.),.UNSPECIFIED.);
#10888 = CARTESIAN_POINT('',(-13.2452655174,-32.1,2.453229170174));
#10889 = CARTESIAN_POINT('',(-13.24565165217,-32.08164031686,
    2.452042201634));
#10890 = CARTESIAN_POINT('',(-13.24603822105,-32.06326198079,
    2.451145806542));
#10891 = CARTESIAN_POINT('',(-13.24642508015,-32.04487184406,
    2.450540418369));
#10892 = CARTESIAN_POINT('',(-13.24695132964,-32.01985821691,
    2.450113078558));
#10893 = CARTESIAN_POINT('',(-13.24709059304,-32.01323902418,
    2.450037692851));
#10894 = CARTESIAN_POINT('',(-13.24722986861,-32.00661951214,2.45));
#10895 = CARTESIAN_POINT('',(-13.24736914961,-32.,2.45));
#10896 = ORIENTED_EDGE('',*,*,#10743,.T.);
#10897 = CYLINDRICAL_SURFACE('',#10898,1.55);
#10898 = AXIS2_PLACEMENT_3D('',#10899,#10900,#10901);
#10899 = CARTESIAN_POINT('',(-40.,-32.,4.));
#10900 = DIRECTION('',(-1.,0.,2.22044604925E-16));
#10901 = DIRECTION('',(-2.22044604925E-16,0.,-1.));
#10902 = ADVANCED_FACE('',(#10903,#10914),#10948,.T.);
#10903 = FACE_BOUND('',#10904,.T.);
#10904 = EDGE_LOOP('',(#10905,#10906,#10907,#10908));
#10905 = ORIENTED_EDGE('',*,*,#8562,.F.);
#10906 = ORIENTED_EDGE('',*,*,#8527,.T.);
#10907 = ORIENTED_EDGE('',*,*,#8487,.T.);
#10908 = ORIENTED_EDGE('',*,*,#10909,.F.);
#10909 = EDGE_CURVE('',#8563,#8480,#10910,.T.);
#10910 = LINE('',#10911,#10912);
#10911 = CARTESIAN_POINT('',(-32.58056570734,-8.418093536073,
    45.679098064651));
#10912 = VECTOR('',#10913,1.);
#10913 = DIRECTION('',(0.5,-0.866025403784,0.));
#10914 = FACE_BOUND('',#10915,.T.);
#10915 = EDGE_LOOP('',(#10916,#10926,#10934,#10942));
#10916 = ORIENTED_EDGE('',*,*,#10917,.T.);
#10917 = EDGE_CURVE('',#10918,#10920,#10922,.T.);
#10918 = VERTEX_POINT('',#10919);
#10919 = CARTESIAN_POINT('',(-56.54135582494,-41.30442104372,
    8.485281374239));
#10920 = VERTEX_POINT('',#10921);
#10921 = CARTESIAN_POINT('',(-64.04135582494,-28.31403998695,
    8.485281374239));
#10922 = LINE('',#10923,#10924);
#10923 = CARTESIAN_POINT('',(-64.41635582494,-27.66452093411,
    8.485281374239));
#10924 = VECTOR('',#10925,1.);
#10925 = DIRECTION('',(-0.5,0.866025403784,0.));
#10926 = ORIENTED_EDGE('',*,*,#10927,.T.);
#10927 = EDGE_CURVE('',#10920,#10928,#10930,.T.);
#10928 = VERTEX_POINT('',#10929);
#10929 = CARTESIAN_POINT('',(-32.74912436089,-10.24746172764,
    44.618437892871));
#10930 = LINE('',#10931,#10932);
#10931 = CARTESIAN_POINT('',(-64.50063515171,-28.5792050299,
    7.954951288349));
#10932 = VECTOR('',#10933,1.);
#10933 = DIRECTION('',(0.612372435696,0.353553390593,0.707106781187));
#10934 = ORIENTED_EDGE('',*,*,#10935,.F.);
#10935 = EDGE_CURVE('',#10936,#10928,#10938,.T.);
#10936 = VERTEX_POINT('',#10937);
#10937 = CARTESIAN_POINT('',(-25.24912436089,-23.2378427844,
    44.618437892871));
#10938 = LINE('',#10939,#10940);
#10939 = CARTESIAN_POINT('',(-33.12412436089,-9.597942674802,
    44.618437892871));
#10940 = VECTOR('',#10941,1.);
#10941 = DIRECTION('',(-0.5,0.866025403784,0.));
#10942 = ORIENTED_EDGE('',*,*,#10943,.F.);
#10943 = EDGE_CURVE('',#10918,#10936,#10944,.T.);
#10944 = LINE('',#10945,#10946);
#10945 = CARTESIAN_POINT('',(-57.00063515171,-41.56958608666,
    7.954951288349));
#10946 = VECTOR('',#10947,1.);
#10947 = DIRECTION('',(0.612372435696,0.353553390593,0.707106781187));
#10948 = PLANE('',#10949);
#10949 = AXIS2_PLACEMENT_3D('',#10950,#10951,#10952);
#10950 = CARTESIAN_POINT('',(-65.70991447848,-27.54533196716,
    7.424621202459));
#10951 = DIRECTION('',(-0.612372435696,-0.353553390593,0.707106781187));
#10952 = DIRECTION('',(0.5,-0.866025403784,0.));
#10953 = ADVANCED_FACE('',(#10954),#10960,.T.);
#10954 = FACE_BOUND('',#10955,.T.);
#10955 = EDGE_LOOP('',(#10956,#10957,#10958,#10959));
#10956 = ORIENTED_EDGE('',*,*,#9619,.F.);
#10957 = ORIENTED_EDGE('',*,*,#8570,.T.);
#10958 = ORIENTED_EDGE('',*,*,#10909,.T.);
#10959 = ORIENTED_EDGE('',*,*,#8479,.F.);
#10960 = PLANE('',#10961);
#10961 = AXIS2_PLACEMENT_3D('',#10962,#10963,#10964);
#10962 = CARTESIAN_POINT('',(-26.15065513254,-4.705782934844,
    38.254476862192));
#10963 = DIRECTION('',(0.612372435696,0.353553390593,0.707106781187));
#10964 = DIRECTION('',(-0.612372435696,-0.353553390593,0.707106781187));
#10965 = ADVANCED_FACE('',(#10966),#11124,.F.);
#10966 = FACE_BOUND('',#10967,.T.);
#10967 = EDGE_LOOP('',(#10968,#10969,#10976,#11061,#11112,#11123));
#10968 = ORIENTED_EDGE('',*,*,#8654,.F.);
#10969 = ORIENTED_EDGE('',*,*,#10970,.F.);
#10970 = EDGE_CURVE('',#10971,#8655,#10973,.T.);
#10971 = VERTEX_POINT('',#10972);
#10972 = CARTESIAN_POINT('',(-21.08912834629,27.47255821688,2.45));
#10973 = B_SPLINE_CURVE_WITH_KNOTS('',1,(#10974,#10975),.UNSPECIFIED.,
  .F.,.F.,(2,2),(-26.75263085038,-17.24736914961),
  .PIECEWISE_BEZIER_KNOTS.);
#10974 = CARTESIAN_POINT('',(-21.08912834629,27.47255821688,2.45));
#10975 = CARTESIAN_POINT('',(-16.33649749591,35.70435631936,2.45));
#10976 = ORIENTED_EDGE('',*,*,#10977,.T.);
#10977 = EDGE_CURVE('',#10971,#10978,#10980,.T.);
#10978 = VERTEX_POINT('',#10979);
#10979 = CARTESIAN_POINT('',(-21.17678270277,27.520736417941,
    5.546770829826));
#10980 = B_SPLINE_CURVE_WITH_KNOTS('',7,(#10981,#10982,#10983,#10984,
    #10985,#10986,#10987,#10988,#10989,#10990,#10991,#10992,#10993,
    #10994,#10995,#10996,#10997,#10998,#10999,#11000,#11001,#11002,
    #11003,#11004,#11005,#11006,#11007,#11008,#11009,#11010,#11011,
    #11012,#11013,#11014,#11015,#11016,#11017,#11018,#11019,#11020,
    #11021,#11022,#11023,#11024,#11025,#11026,#11027,#11028,#11029,
    #11030,#11031,#11032,#11033,#11034,#11035,#11036,#11037,#11038,
    #11039,#11040,#11041,#11042,#11043,#11044,#11045,#11046,#11047,
    #11048,#11049,#11050,#11051,#11052,#11053,#11054,#11055,#11056,
    #11057,#11058,#11059,#11060),.UNSPECIFIED.,.F.,.F.,(8,6,6,6,6,6,6,6,
    6,6,6,6,6,8),(0.,0.114350424398,0.152780941149,0.177410473634,
    0.205975457279,0.232565663877,0.490411210378,0.747273592013,
    0.773863808192,0.80242880213,0.82705834349,0.865488874088,
    0.979840001955,1.),.UNSPECIFIED.);
#10981 = CARTESIAN_POINT('',(-21.08912834629,27.47255821688,2.45));
#10982 = CARTESIAN_POINT('',(-21.0180502767,27.433491410469,2.45));
#10983 = CARTESIAN_POINT('',(-20.94697193005,27.394425266925,
    2.454949401042));
#10984 = CARTESIAN_POINT('',(-20.87621036473,27.355534053417,
    2.464847505512));
#10985 = CARTESIAN_POINT('',(-20.80608000124,27.316990564552,
    2.479662198183));
#10986 = CARTESIAN_POINT('',(-20.73689161835,27.278965572158,
    2.499329510379));
#10987 = CARTESIAN_POINT('',(-20.66895134913,27.241627275067,
    2.523753184155));
#10988 = CARTESIAN_POINT('',(-20.58024698109,27.192878476491,
    2.562567619143));
#10989 = CARTESIAN_POINT('',(-20.55810893895,27.180712268649,
    2.572853742369));
#10990 = CARTESIAN_POINT('',(-20.53615684025,27.168648327455,
    2.583657757368));
#10991 = CARTESIAN_POINT('',(-20.51440183192,27.156692776405,
    2.594974426171));
#10992 = CARTESIAN_POINT('',(-20.49285491825,27.144851660413,
    2.60679812162));
#10993 = CARTESIAN_POINT('',(-20.47152696091,27.133130945812,
    2.619122827365));
#10994 = CARTESIAN_POINT('',(-20.43690711157,27.114105829779,
    2.640157838598));
#10995 = CARTESIAN_POINT('',(-20.42347987452,27.106727007614,
    2.648576692262));
#10996 = CARTESIAN_POINT('',(-20.4101497866,27.099401602178,
    2.657197013702));
#10997 = CARTESIAN_POINT('',(-20.39691963655,27.092131145234,
    2.66601705476));
#10998 = CARTESIAN_POINT('',(-20.38379218302,27.084917151985,
    2.675035004281));
#10999 = CARTESIAN_POINT('',(-20.37077015457,27.077761121075,
    2.684248988112));
#11000 = CARTESIAN_POINT('',(-20.34287888536,27.062434013889,
    2.704568428455));
#11001 = CARTESIAN_POINT('',(-20.32804695482,27.054283450121,
    2.715740870796));
#11002 = CARTESIAN_POINT('',(-20.31336466884,27.046215155952,
    2.727171373187));
#11003 = CARTESIAN_POINT('',(-20.29883617469,27.038231409126,
    2.738856804062));
#11004 = CARTESIAN_POINT('',(-20.28446555617,27.030334452461,
    2.750793923231));
#11005 = CARTESIAN_POINT('',(-20.27025683356,27.022526493849,
    2.762979381873));
#11006 = CARTESIAN_POINT('',(-20.24314191661,27.007626401733,
    2.78698071907));
#11007 = CARTESIAN_POINT('',(-20.23021357996,27.000522096373,
    2.798763911789));
#11008 = CARTESIAN_POINT('',(-20.21743214484,26.993498542639,
    2.810756511975));
#11009 = CARTESIAN_POINT('',(-20.20480074795,26.986557463078,
    2.822955654442));
#11010 = CARTESIAN_POINT('',(-20.19232247157,26.979700550317,
    2.835358397545));
#11011 = CARTESIAN_POINT('',(-20.18000034359,26.972929467072,
    2.847961723179));
#11012 = CARTESIAN_POINT('',(-20.04989252398,26.901434695262,
    2.984892177022));
#11013 = CARTESIAN_POINT('',(-19.94683357641,26.844805663965,
    3.127673340997));
#11014 = CARTESIAN_POINT('',(-19.86154785521,26.797944339445,
    3.28617440055));
#11015 = CARTESIAN_POINT('',(-19.79613077756,26.762000990193,
    3.45687952806));
#11016 = CARTESIAN_POINT('',(-19.75205595776,26.737784415485,
    3.635964336978));
#11017 = CARTESIAN_POINT('',(-19.73017409319,26.725761589308,
    3.819288240502));
#11018 = CARTESIAN_POINT('',(-19.73068007721,26.726039598423,
    4.184907311685));
#11019 = CARTESIAN_POINT('',(-19.75289977757,26.738248045934,
    4.367451051813));
#11020 = CARTESIAN_POINT('',(-19.79713101855,26.76255057172,
    4.545725588461));
#11021 = CARTESIAN_POINT('',(-19.86252535179,26.798481437451,
    4.715640105852));
#11022 = CARTESIAN_POINT('',(-19.94762061954,26.845238130008,
    4.873416220778));
#11023 = CARTESIAN_POINT('',(-20.0503422898,26.901681843393,
    5.015581173755));
#11024 = CARTESIAN_POINT('',(-20.18000034359,26.972929467072,
    5.152038276821));
#11025 = CARTESIAN_POINT('',(-20.19232247157,26.979700550317,
    5.164641602455));
#11026 = CARTESIAN_POINT('',(-20.20480074795,26.986557463078,
    5.177044345558));
#11027 = CARTESIAN_POINT('',(-20.21743214484,26.993498542639,
    5.189243488025));
#11028 = CARTESIAN_POINT('',(-20.23021357996,27.000522096373,
    5.201236088211));
#11029 = CARTESIAN_POINT('',(-20.24314191661,27.007626401733,
    5.21301928093));
#11030 = CARTESIAN_POINT('',(-20.27025683356,27.022526493849,
    5.237020618127));
#11031 = CARTESIAN_POINT('',(-20.28446555617,27.030334452461,
    5.249206076769));
#11032 = CARTESIAN_POINT('',(-20.29883617469,27.038231409126,
    5.261143195938));
#11033 = CARTESIAN_POINT('',(-20.31336466884,27.046215155952,
    5.272828626813));
#11034 = CARTESIAN_POINT('',(-20.32804695482,27.054283450121,
    5.284259129204));
#11035 = CARTESIAN_POINT('',(-20.34287888536,27.062434013889,
    5.295431571545));
#11036 = CARTESIAN_POINT('',(-20.37077015457,27.077761121075,
    5.315751011888));
#11037 = CARTESIAN_POINT('',(-20.38379218302,27.084917151985,
    5.324964995719));
#11038 = CARTESIAN_POINT('',(-20.39691963655,27.092131145234,
    5.33398294524));
#11039 = CARTESIAN_POINT('',(-20.4101497866,27.099401602178,
    5.342802986298));
#11040 = CARTESIAN_POINT('',(-20.42347987452,27.106727007614,
    5.351423307738));
#11041 = CARTESIAN_POINT('',(-20.43690711157,27.114105829779,
    5.359842161402));
#11042 = CARTESIAN_POINT('',(-20.47152696091,27.133130945812,
    5.380877172635));
#11043 = CARTESIAN_POINT('',(-20.49285491825,27.144851660413,
    5.39320187838));
#11044 = CARTESIAN_POINT('',(-20.51440183192,27.156692776405,
    5.405025573829));
#11045 = CARTESIAN_POINT('',(-20.53615684025,27.168648327455,
    5.416342242632));
#11046 = CARTESIAN_POINT('',(-20.55810893895,27.180712268649,
    5.427146257631));
#11047 = CARTESIAN_POINT('',(-20.58024698109,27.192878476491,
    5.437432380857));
#11048 = CARTESIAN_POINT('',(-20.66895173364,27.24162748638,
    5.476246984095));
#11049 = CARTESIAN_POINT('',(-20.73689185283,27.278965701028,
    5.500670528475));
#11050 = CARTESIAN_POINT('',(-20.80608022766,27.316990688985,
    5.520337874438));
#11051 = CARTESIAN_POINT('',(-20.87621101333,27.355534409877,
    5.535152704392));
#11052 = CARTESIAN_POINT('',(-20.94697325706,27.394425996255,
    5.545050810536));
#11053 = CARTESIAN_POINT('',(-21.01805182784,27.433492263025,5.55));
#11054 = CARTESIAN_POINT('',(-21.10165907073,27.4794455084,5.55));
#11055 = CARTESIAN_POINT('',(-21.11418978461,27.486332819455,
    5.549846178128));
#11056 = CARTESIAN_POINT('',(-21.12671875906,27.493219199793,
    5.549538534337));
#11057 = CARTESIAN_POINT('',(-21.13924426572,27.500103699422,
    5.549077099745));
#11058 = CARTESIAN_POINT('',(-21.15176457671,27.506985368601,
    5.548461936637));
#11059 = CARTESIAN_POINT('',(-21.16427796468,27.51386325785,
    5.547693138459));
#11060 = CARTESIAN_POINT('',(-21.17678270277,27.520736417941,
    5.546770829826));
#11061 = ORIENTED_EDGE('',*,*,#11062,.T.);
#11062 = EDGE_CURVE('',#10978,#11063,#11065,.T.);
#11063 = VERTEX_POINT('',#11064);
#11064 = CARTESIAN_POINT('',(-21.17678270277,27.520736417941,
    2.453229170174));
#11065 = B_SPLINE_CURVE_WITH_KNOTS('',5,(#11066,#11067,#11068,#11069,
    #11070,#11071,#11072,#11073,#11074,#11075,#11076,#11077,#11078,
    #11079,#11080,#11081,#11082,#11083,#11084,#11085,#11086,#11087,
    #11088,#11089,#11090,#11091,#11092,#11093,#11094,#11095,#11096,
    #11097,#11098,#11099,#11100,#11101,#11102,#11103,#11104,#11105,
    #11106,#11107,#11108,#11109,#11110,#11111),.UNSPECIFIED.,.F.,.F.,(6,
    4,4,4,4,4,4,4,4,4,4,6),(0.,0.100699431951,0.141272503208,
    0.225979141111,0.359383692413,0.405552605596,0.49993773849,
    0.640490031069,0.773894426241,0.858600935133,0.899173943755,1.),
  .UNSPECIFIED.);
#11066 = CARTESIAN_POINT('',(-21.17678270277,27.520736417941,
    5.546770829826));
#11067 = CARTESIAN_POINT('',(-21.25894836161,27.565898317609,
    5.540710559235));
#11068 = CARTESIAN_POINT('',(-21.34071536929,27.61084226654,
    5.527548840002));
#11069 = CARTESIAN_POINT('',(-21.42145529184,27.655222824861,
    5.507331341369));
#11070 = CARTESIAN_POINT('',(-21.50055403039,27.698702359148,
    5.480208065075));
#11071 = CARTESIAN_POINT('',(-21.60838921083,27.757979319303,
    5.43282640261));
#11072 = CARTESIAN_POINT('',(-21.63899682929,27.774804480876,
    5.418138804877));
#11073 = CARTESIAN_POINT('',(-21.66920355579,27.791409429027,
    5.402388118051));
#11074 = CARTESIAN_POINT('',(-21.69897181477,27.807773499307,
    5.385593606388));
#11075 = CARTESIAN_POINT('',(-21.78942199999,27.857495805183,
    5.330580819168));
#11076 = CARTESIAN_POINT('',(-21.84850915642,27.889977857764,
    5.288929661804));
#11077 = CARTESIAN_POINT('',(-21.90519145726,27.921138462794,
    5.243024210733));
#11078 = CARTESIAN_POINT('',(-21.95916086691,27.950808182055,
    5.193110713409));
#11079 = CARTESIAN_POINT('',(-22.09041761923,28.022967745738,
    5.055019917739));
#11080 = CARTESIAN_POINT('',(-22.16327889186,28.063024975877,
    4.961335084741));
#11081 = CARTESIAN_POINT('',(-22.22761851949,28.098398045772,
    4.859574823847));
#11082 = CARTESIAN_POINT('',(-22.28256390046,28.128606786769,
    4.751109313204));
#11083 = CARTESIAN_POINT('',(-22.34304872049,28.161861465733,
    4.598168921967));
#11084 = CARTESIAN_POINT('',(-22.35740085196,28.169752338332,
    4.558229417759));
#11085 = CARTESIAN_POINT('',(-22.3705289868,28.176970283346,
    4.517735572012));
#11086 = CARTESIAN_POINT('',(-22.38241185758,28.183503596833,
    4.476752760045));
#11087 = CARTESIAN_POINT('',(-22.41474388172,28.201280098056,
    4.350702539296));
#11088 = CARTESIAN_POINT('',(-22.43117935072,28.210316579038,
    4.264292397583));
#11089 = CARTESIAN_POINT('',(-22.44219088436,28.216370922788,
    4.176692613486));
#11090 = CARTESIAN_POINT('',(-22.44770414362,28.21940221398,
    4.088494110855));
#11091 = CARTESIAN_POINT('',(-22.44774083879,28.219422389659,
    3.868956006551));
#11092 = CARTESIAN_POINT('',(-22.43556913663,28.212730164781,
    3.737605344941));
#11093 = CARTESIAN_POINT('',(-22.41120481482,28.199334209959,
    3.608233501274));
#11094 = CARTESIAN_POINT('',(-22.37501243951,28.179435185834,
    3.482775796293));
#11095 = CARTESIAN_POINT('',(-22.28281491804,28.128744795457,
    3.249410081416));
#11096 = CARTESIAN_POINT('',(-22.22790581279,28.098555996756,
    3.140920682652));
#11097 = CARTESIAN_POINT('',(-22.16360021488,28.063201633246,
    3.039132428141));
#11098 = CARTESIAN_POINT('',(-22.09077026107,28.023161617893,
    2.945415880311));
#11099 = CARTESIAN_POINT('',(-21.95955967048,27.951027425212,
    2.80726796252));
#11100 = CARTESIAN_POINT('',(-21.90560695443,27.921366880294,
    2.757330984843));
#11101 = CARTESIAN_POINT('',(-21.84894000446,27.890214710972,
    2.711400870139));
#11102 = CARTESIAN_POINT('',(-21.78986677494,27.857740310862,
    2.669724001755));
#11103 = CARTESIAN_POINT('',(-21.69943498638,27.808028112342,
    2.614671857568));
#11104 = CARTESIAN_POINT('',(-21.6696723443,27.791667127855,
    2.597864393372));
#11105 = CARTESIAN_POINT('',(-21.63947088617,27.775065073825,
    2.582100563443));
#11106 = CARTESIAN_POINT('',(-21.60886818141,27.758242611329,
    2.567399648455));
#11107 = CARTESIAN_POINT('',(-21.50095209837,27.698921171881,
    2.519928505177));
#11108 = CARTESIAN_POINT('',(-21.42176004843,27.655390341345,
    2.492745004986));
#11109 = CARTESIAN_POINT('',(-21.34092112873,27.610955364011,
    2.472484291778));
#11110 = CARTESIAN_POINT('',(-21.25905174047,27.565955139229,
    2.459297065652));
#11111 = CARTESIAN_POINT('',(-21.17678270277,27.520736417941,
    2.453229170174));
#11112 = ORIENTED_EDGE('',*,*,#11113,.T.);
#11113 = EDGE_CURVE('',#11063,#10971,#11114,.T.);
#11114 = B_SPLINE_CURVE_WITH_KNOTS('',4,(#11115,#11116,#11117,#11118,
    #11119,#11120,#11121,#11122),.UNSPECIFIED.,.F.,.F.,(5,3,5),(0.,
    0.735402089798,1.),.UNSPECIFIED.);
#11115 = CARTESIAN_POINT('',(-21.17678270277,27.520736417941,
    2.453229170174));
#11116 = CARTESIAN_POINT('',(-21.16068968339,27.511890978896,
    2.452042201634));
#11117 = CARTESIAN_POINT('',(-21.14458029303,27.503036589333,
    2.451145806542));
#11118 = CARTESIAN_POINT('',(-21.1284605379,27.494176550775,
    2.450540418369));
#11119 = CARTESIAN_POINT('',(-21.1065349766,27.482125482624,
    2.450113078558));
#11120 = CARTESIAN_POINT('',(-21.10073295584,27.478936491904,
    2.450037692851));
#11121 = CARTESIAN_POINT('',(-21.09493065247,27.475747352059,2.45));
#11122 = CARTESIAN_POINT('',(-21.08912834629,27.47255821688,2.45));
#11123 = ORIENTED_EDGE('',*,*,#10970,.T.);
#11124 = CYLINDRICAL_SURFACE('',#11125,1.55);
#11125 = AXIS2_PLACEMENT_3D('',#11126,#11127,#11128);
#11126 = CARTESIAN_POINT('',(-7.712812921102,50.641016151378,4.));
#11127 = DIRECTION('',(0.5,0.866025403784,2.22044604925E-16));
#11128 = DIRECTION('',(1.110223024625E-16,1.922962686384E-16,-1.));
#11129 = ADVANCED_FACE('',(#11130),#11157,.T.);
#11130 = FACE_BOUND('',#11131,.T.);
#11131 = EDGE_LOOP('',(#11132,#11143,#11149,#11150,#11151));
#11132 = ORIENTED_EDGE('',*,*,#11133,.F.);
#11133 = EDGE_CURVE('',#11134,#11136,#11138,.T.);
#11134 = VERTEX_POINT('',#11135);
#11135 = CARTESIAN_POINT('',(-18.07686316739,26.974186887631,5.65));
#11136 = VERTEX_POINT('',#11137);
#11137 = CARTESIAN_POINT('',(-20.59031125665,28.336534759818,7.3));
#11138 = CIRCLE('',#11139,4.06745763552);
#11139 = AXIS2_PLACEMENT_3D('',#11140,#11141,#11142);
#11140 = CARTESIAN_POINT('',(-17.54026482638,30.911486309998,
    6.518301270189));
#11141 = DIRECTION('',(-0.433012701892,0.25,-0.866025403784));
#11142 = DIRECTION('',(0.75,-0.433012701892,-0.5));
#11143 = ORIENTED_EDGE('',*,*,#11144,.T.);
#11144 = EDGE_CURVE('',#11134,#9049,#11145,.T.);
#11145 = LINE('',#11146,#11147);
#11146 = CARTESIAN_POINT('',(-17.9878129211,27.12842643863,5.65));
#11147 = VECTOR('',#11148,1.);
#11148 = DIRECTION('',(-0.5,-0.866025403784,-2.22044604925E-16));
#11149 = ORIENTED_EDGE('',*,*,#9048,.F.);
#11150 = ORIENTED_EDGE('',*,*,#8899,.F.);
#11151 = ORIENTED_EDGE('',*,*,#11152,.F.);
#11152 = EDGE_CURVE('',#11136,#8892,#11153,.T.);
#11153 = LINE('',#11154,#11155);
#11154 = CARTESIAN_POINT('',(-20.4628129211,28.557368354874,7.3));
#11155 = VECTOR('',#11156,1.);
#11156 = DIRECTION('',(-0.5,-0.866025403784,-2.22044604925E-16));
#11157 = PLANE('',#11158);
#11158 = AXIS2_PLACEMENT_3D('',#11159,#11160,#11161);
#11159 = CARTESIAN_POINT('',(-17.9878129211,27.12842643863,5.65));
#11160 = DIRECTION('',(-0.433012701892,0.25,-0.866025403784));
#11161 = DIRECTION('',(-0.75,0.433012701892,0.5));
#11162 = ADVANCED_FACE('',(#11163),#11191,.T.);
#11163 = FACE_BOUND('',#11164,.T.);
#11164 = EDGE_LOOP('',(#11165,#11174,#11175,#11176,#11184));
#11165 = ORIENTED_EDGE('',*,*,#11166,.F.);
#11166 = EDGE_CURVE('',#11136,#11167,#11169,.T.);
#11167 = VERTEX_POINT('',#11168);
#11168 = CARTESIAN_POINT('',(-20.70255220409,28.342127736163,
    7.242264973081));
#11169 = CIRCLE('',#11170,4.137123201362);
#11170 = AXIS2_PLACEMENT_3D('',#11171,#11172,#11173);
#11171 = CARTESIAN_POINT('',(-20.01526482638,32.340428226242,
    6.431698729811));
#11172 = DIRECTION('',(0.433012701892,-0.25,-0.866025403784));
#11173 = DIRECTION('',(0.75,-0.433012701892,0.5));
#11174 = ORIENTED_EDGE('',*,*,#11152,.T.);
#11175 = ORIENTED_EDGE('',*,*,#8891,.F.);
#11176 = ORIENTED_EDGE('',*,*,#11177,.F.);
#11177 = EDGE_CURVE('',#11178,#8884,#11180,.T.);
#11178 = VERTEX_POINT('',#11179);
#11179 = CARTESIAN_POINT('',(-23.10298763679,29.700219271415,5.65));
#11180 = LINE('',#11181,#11182);
#11181 = CARTESIAN_POINT('',(-22.9378129211,29.986310271119,5.65));
#11182 = VECTOR('',#11183,1.);
#11183 = DIRECTION('',(-0.5,-0.866025403784,-2.22044604925E-16));
#11184 = ORIENTED_EDGE('',*,*,#11185,.F.);
#11185 = EDGE_CURVE('',#11167,#11178,#11186,.T.);
#11186 = CIRCLE('',#11187,4.137123201362);
#11187 = AXIS2_PLACEMENT_3D('',#11188,#11189,#11190);
#11188 = CARTESIAN_POINT('',(-20.01526482638,32.340428226242,
    6.431698729811));
#11189 = DIRECTION('',(0.433012701892,-0.25,-0.866025403784));
#11190 = DIRECTION('',(0.75,-0.433012701892,0.5));
#11191 = PLANE('',#11192);
#11192 = AXIS2_PLACEMENT_3D('',#11193,#11194,#11195);
#11193 = CARTESIAN_POINT('',(-20.4628129211,28.557368354874,7.3));
#11194 = DIRECTION('',(0.433012701892,-0.25,-0.866025403784));
#11195 = DIRECTION('',(-0.75,0.433012701892,-0.5));
#11196 = ADVANCED_FACE('',(#11197),#11216,.T.);
#11197 = FACE_BOUND('',#11198,.T.);
#11198 = EDGE_LOOP('',(#11199,#11208,#11209,#11210));
#11199 = ORIENTED_EDGE('',*,*,#11200,.F.);
#11200 = EDGE_CURVE('',#11178,#11201,#11203,.T.);
#11201 = VERTEX_POINT('',#11202);
#11202 = CARTESIAN_POINT('',(-23.10298763679,29.700219271415,2.35));
#11203 = CIRCLE('',#11204,4.170620669217);
#11204 = AXIS2_PLACEMENT_3D('',#11205,#11206,#11207);
#11205 = CARTESIAN_POINT('',(-21.1878129211,33.017399184364,4.));
#11206 = DIRECTION('',(0.866025403784,-0.5,-4.037174635001E-16));
#11207 = DIRECTION('',(3.496295793425E-16,-2.0185873175E-16,1.));
#11208 = ORIENTED_EDGE('',*,*,#11177,.T.);
#11209 = ORIENTED_EDGE('',*,*,#8883,.F.);
#11210 = ORIENTED_EDGE('',*,*,#11211,.F.);
#11211 = EDGE_CURVE('',#11201,#8876,#11212,.T.);
#11212 = LINE('',#11213,#11214);
#11213 = CARTESIAN_POINT('',(-22.9378129211,29.986310271119,2.35));
#11214 = VECTOR('',#11215,1.);
#11215 = DIRECTION('',(-0.5,-0.866025403784,-2.22044604925E-16));
#11216 = PLANE('',#11217);
#11217 = AXIS2_PLACEMENT_3D('',#11218,#11219,#11220);
#11218 = CARTESIAN_POINT('',(-22.9378129211,29.986310271119,5.65));
#11219 = DIRECTION('',(0.866025403784,-0.5,-4.037174635001E-16));
#11220 = DIRECTION('',(-2.3860727688E-16,3.941550003884E-16,-1.));
#11221 = ADVANCED_FACE('',(#11222),#11250,.T.);
#11222 = FACE_BOUND('',#11223,.T.);
#11223 = EDGE_LOOP('',(#11224,#11233,#11234,#11235,#11243));
#11224 = ORIENTED_EDGE('',*,*,#11225,.F.);
#11225 = EDGE_CURVE('',#11201,#11226,#11228,.T.);
#11226 = VERTEX_POINT('',#11227);
#11227 = CARTESIAN_POINT('',(-20.70255220409,28.342127736163,
    0.757735026919));
#11228 = CIRCLE('',#11229,4.137123201362);
#11229 = AXIS2_PLACEMENT_3D('',#11230,#11231,#11232);
#11230 = CARTESIAN_POINT('',(-20.01526482638,32.340428226242,
    1.568301270189));
#11231 = DIRECTION('',(0.433012701892,-0.25,0.866025403784));
#11232 = DIRECTION('',(-0.75,0.433012701892,0.5));
#11233 = ORIENTED_EDGE('',*,*,#11211,.T.);
#11234 = ORIENTED_EDGE('',*,*,#8875,.F.);
#11235 = ORIENTED_EDGE('',*,*,#11236,.F.);
#11236 = EDGE_CURVE('',#11237,#8868,#11239,.T.);
#11237 = VERTEX_POINT('',#11238);
#11238 = CARTESIAN_POINT('',(-20.59031125665,28.336534759818,0.7));
#11239 = LINE('',#11240,#11241);
#11240 = CARTESIAN_POINT('',(-20.4628129211,28.557368354874,0.7));
#11241 = VECTOR('',#11242,1.);
#11242 = DIRECTION('',(-0.5,-0.866025403784,-2.22044604925E-16));
#11243 = ORIENTED_EDGE('',*,*,#11244,.F.);
#11244 = EDGE_CURVE('',#11226,#11237,#11245,.T.);
#11245 = CIRCLE('',#11246,4.137123201362);
#11246 = AXIS2_PLACEMENT_3D('',#11247,#11248,#11249);
#11247 = CARTESIAN_POINT('',(-20.01526482638,32.340428226242,
    1.568301270189));
#11248 = DIRECTION('',(0.433012701892,-0.25,0.866025403784));
#11249 = DIRECTION('',(-0.75,0.433012701892,0.5));
#11250 = PLANE('',#11251);
#11251 = AXIS2_PLACEMENT_3D('',#11252,#11253,#11254);
#11252 = CARTESIAN_POINT('',(-22.9378129211,29.986310271119,2.35));
#11253 = DIRECTION('',(0.433012701892,-0.25,0.866025403784));
#11254 = DIRECTION('',(0.75,-0.433012701892,-0.5));
#11255 = ADVANCED_FACE('',(#11256),#11276,.T.);
#11256 = FACE_BOUND('',#11257,.T.);
#11257 = EDGE_LOOP('',(#11258,#11267,#11268,#11269,#11270));
#11258 = ORIENTED_EDGE('',*,*,#11259,.F.);
#11259 = EDGE_CURVE('',#11237,#11260,#11262,.T.);
#11260 = VERTEX_POINT('',#11261);
#11261 = CARTESIAN_POINT('',(-18.07686316739,26.974186887631,2.35));
#11262 = CIRCLE('',#11263,4.06745763552);
#11263 = AXIS2_PLACEMENT_3D('',#11264,#11265,#11266);
#11264 = CARTESIAN_POINT('',(-17.54026482638,30.911486309998,
    1.481698729811));
#11265 = DIRECTION('',(-0.433012701892,0.25,0.866025403784));
#11266 = DIRECTION('',(-0.75,0.433012701892,-0.5));
#11267 = ORIENTED_EDGE('',*,*,#11236,.T.);
#11268 = ORIENTED_EDGE('',*,*,#8867,.F.);
#11269 = ORIENTED_EDGE('',*,*,#9065,.F.);
#11270 = ORIENTED_EDGE('',*,*,#11271,.F.);
#11271 = EDGE_CURVE('',#11260,#9058,#11272,.T.);
#11272 = LINE('',#11273,#11274);
#11273 = CARTESIAN_POINT('',(-17.9878129211,27.12842643863,2.35));
#11274 = VECTOR('',#11275,1.);
#11275 = DIRECTION('',(-0.5,-0.866025403784,-2.22044604925E-16));
#11276 = PLANE('',#11277);
#11277 = AXIS2_PLACEMENT_3D('',#11278,#11279,#11280);
#11278 = CARTESIAN_POINT('',(-20.4628129211,28.557368354874,0.7));
#11279 = DIRECTION('',(-0.433012701892,0.25,0.866025403784));
#11280 = DIRECTION('',(0.75,-0.433012701892,0.5));
#11281 = ADVANCED_FACE('',(#11282),#11426,.F.);
#11282 = FACE_BOUND('',#11283,.T.);
#11283 = EDGE_LOOP('',(#11284,#11417,#11422,#11423,#11424,#11425));
#11284 = ORIENTED_EDGE('',*,*,#11285,.F.);
#11285 = EDGE_CURVE('',#11286,#11286,#11288,.T.);
#11286 = VERTEX_POINT('',#11287);
#11287 = CARTESIAN_POINT('',(-34.33649749591,4.52744178312,2.45));
#11288 = B_SPLINE_CURVE_WITH_KNOTS('',7,(#11289,#11290,#11291,#11292,
    #11293,#11294,#11295,#11296,#11297,#11298,#11299,#11300,#11301,
    #11302,#11303,#11304,#11305,#11306,#11307,#11308,#11309,#11310,
    #11311,#11312,#11313,#11314,#11315,#11316,#11317,#11318,#11319,
    #11320,#11321,#11322,#11323,#11324,#11325,#11326,#11327,#11328,
    #11329,#11330,#11331,#11332,#11333,#11334,#11335,#11336,#11337,
    #11338,#11339,#11340,#11341,#11342,#11343,#11344,#11345,#11346,
    #11347,#11348,#11349,#11350,#11351,#11352,#11353,#11354,#11355,
    #11356,#11357,#11358,#11359,#11360,#11361,#11362,#11363,#11364,
    #11365,#11366,#11367,#11368,#11369,#11370,#11371,#11372,#11373,
    #11374,#11375,#11376,#11377,#11378,#11379,#11380,#11381,#11382,
    #11383,#11384,#11385,#11386,#11387,#11388,#11389,#11390,#11391,
    #11392,#11393,#11394,#11395,#11396,#11397,#11398,#11399,#11400,
    #11401,#11402,#11403,#11404,#11405,#11406,#11407,#11408,#11409,
    #11410,#11411,#11412,#11413,#11414,#11415,#11416),.UNSPECIFIED.,.T.,
  .F.,(8,6,6,6,6,6,6,6,6,6,6,6,6,6,6,6,6,6,6,6,6,8),(0.,
    5.835164778401E-02,7.7962278784E-02,9.053043331619E-02,
    0.105106801296,0.118675464272,0.250250948939,0.381324736386,
    0.394893404252,0.409469777483,0.422037936544,0.44164857461,
    0.500000581366,0.557849621931,0.618675519815,0.750250820501,
    0.881324423999,0.895395631988,0.909972053217,0.922540257818,
    0.942150968163,1.),.UNSPECIFIED.);
#11289 = CARTESIAN_POINT('',(-34.33649749591,4.52744178312,2.45));
#11290 = CARTESIAN_POINT('',(-34.26712561432,4.485419772412,2.45));
#11291 = CARTESIAN_POINT('',(-34.19775416826,4.443397190327,
    2.454949401042));
#11292 = CARTESIAN_POINT('',(-34.12869260671,4.401561483898,
    2.464847505512));
#11293 = CARTESIAN_POINT('',(-34.06024778446,4.360098551975,
    2.479662198183));
#11294 = CARTESIAN_POINT('',(-33.99272298362,4.319192150938,
    2.499329510379));
#11295 = CARTESIAN_POINT('',(-33.9264169352,4.279023300404,
    2.523753184155));
#11296 = CARTESIAN_POINT('',(-33.83984705321,4.226577463541,
    2.562567619143));
#11297 = CARTESIAN_POINT('',(-33.81824178708,4.213488460574,
    2.572853742369));
#11298 = CARTESIAN_POINT('',(-33.79681805818,4.200509356032,
    2.583657757368));
#11299 = CARTESIAN_POINT('',(-33.77558674309,4.187646741684,
    2.594974426171));
#11300 = CARTESIAN_POINT('',(-33.754558579,4.17490712507,2.60679812162)
  );
#11301 = CARTESIAN_POINT('',(-33.73374416374,4.162296929504,
    2.619122827365));
#11302 = CARTESIAN_POINT('',(-33.69995800527,4.141827818521,
    2.640157838598));
#11303 = CARTESIAN_POINT('',(-33.6868541393,4.133888901213,
    2.648576692262));
#11304 = CARTESIAN_POINT('',(-33.67384510814,4.126007409158,
    2.657197013702));
#11305 = CARTESIAN_POINT('',(-33.66093363271,4.118184991589,
    2.66601705476));
#11306 = CARTESIAN_POINT('',(-33.64812240452,4.110423279968,
    2.675035004281));
#11307 = CARTESIAN_POINT('',(-33.63541408574,4.10272388798,
    2.684248988112));
#11308 = CARTESIAN_POINT('',(-33.60819478694,4.086232893888,
    2.704568428455));
#11309 = CARTESIAN_POINT('',(-33.5937202264,4.077463347138,
    2.715740870796));
#11310 = CARTESIAN_POINT('',(-33.57939173569,4.068782261579,
    2.727171373187));
#11311 = CARTESIAN_POINT('',(-33.56521336105,4.060192089984,
    2.738856804062));
#11312 = CARTESIAN_POINT('',(-33.5511890867,4.051695247605,
    2.750793923231));
#11313 = CARTESIAN_POINT('',(-33.53732283489,4.04329411218,
    2.762979381873));
#11314 = CARTESIAN_POINT('',(-33.51086151812,4.027261951335,
    2.78698071907));
#11315 = CARTESIAN_POINT('',(-33.49824484088,4.019617836046,
    2.798763911789));
#11316 = CARTESIAN_POINT('',(-33.48577154736,4.012060565404,
    2.810756511975));
#11317 = CARTESIAN_POINT('',(-33.47344469769,4.004591994592,
    2.822955654442));
#11318 = CARTESIAN_POINT('',(-33.46126729886,3.997213946634,
    2.835358397545));
#11319 = CARTESIAN_POINT('',(-33.44924230476,3.989928212396,
    2.847961723179));
#11320 = CARTESIAN_POINT('',(-33.32227210633,3.912998921291,
    2.984892177022));
#11321 = CARTESIAN_POINT('',(-33.22170045285,3.852061770256,
    3.127673340998));
#11322 = CARTESIAN_POINT('',(-33.13847449476,3.801632831375,
    3.286174400548));
#11323 = CARTESIAN_POINT('',(-33.07463810239,3.762951654911,
    3.456879528062));
#11324 = CARTESIAN_POINT('',(-33.0316285236,3.736890028653,
    3.635964336977));
#11325 = CARTESIAN_POINT('',(-33.01027551842,3.723951191144,
    3.819288240502));
#11326 = CARTESIAN_POINT('',(-33.01076927338,3.724250381597,
    4.184907311685));
#11327 = CARTESIAN_POINT('',(-33.03245194925,3.737388982817,
    4.367451051813));
#11328 = CARTESIAN_POINT('',(-33.07561417445,3.763543098258,
    4.54572558846));
#11329 = CARTESIAN_POINT('',(-33.13942838357,3.802210819238,
    4.715640105853));
#11330 = CARTESIAN_POINT('',(-33.222468501,3.852527136574,4.873416220778
    ));
#11331 = CARTESIAN_POINT('',(-33.3227110258,3.913264855848,
    5.015581173755));
#11332 = CARTESIAN_POINT('',(-33.44924230476,3.989928212396,
    5.152038276821));
#11333 = CARTESIAN_POINT('',(-33.46126729886,3.997213946634,
    5.164641602455));
#11334 = CARTESIAN_POINT('',(-33.47344469769,4.004591994592,
    5.177044345558));
#11335 = CARTESIAN_POINT('',(-33.48577154736,4.012060565404,
    5.189243488025));
#11336 = CARTESIAN_POINT('',(-33.49824484088,4.019617836047,
    5.201236088211));
#11337 = CARTESIAN_POINT('',(-33.51086151812,4.027261951335,
    5.21301928093));
#11338 = CARTESIAN_POINT('',(-33.53732283489,4.04329411218,
    5.237020618127));
#11339 = CARTESIAN_POINT('',(-33.5511890867,4.051695247605,
    5.249206076769));
#11340 = CARTESIAN_POINT('',(-33.56521336105,4.060192089984,
    5.261143195938));
#11341 = CARTESIAN_POINT('',(-33.57939173569,4.068782261579,
    5.272828626813));
#11342 = CARTESIAN_POINT('',(-33.5937202264,4.077463347138,
    5.284259129204));
#11343 = CARTESIAN_POINT('',(-33.60819478694,4.086232893888,
    5.295431571545));
#11344 = CARTESIAN_POINT('',(-33.63541408574,4.10272388798,
    5.315751011888));
#11345 = CARTESIAN_POINT('',(-33.64812240452,4.110423279968,
    5.324964995719));
#11346 = CARTESIAN_POINT('',(-33.66093363271,4.118184991589,
    5.33398294524));
#11347 = CARTESIAN_POINT('',(-33.67384510814,4.126007409158,
    5.342802986298));
#11348 = CARTESIAN_POINT('',(-33.6868541393,4.133888901213,
    5.351423307738));
#11349 = CARTESIAN_POINT('',(-33.69995800527,4.141827818521,
    5.359842161402));
#11350 = CARTESIAN_POINT('',(-33.73374416374,4.162296929504,
    5.380877172635));
#11351 = CARTESIAN_POINT('',(-33.754558579,4.17490712507,5.39320187838)
  );
#11352 = CARTESIAN_POINT('',(-33.77558674309,4.187646741684,
    5.405025573829));
#11353 = CARTESIAN_POINT('',(-33.79681805818,4.200509356032,
    5.416342242632));
#11354 = CARTESIAN_POINT('',(-33.81824178708,4.213488460574,
    5.427146257631));
#11355 = CARTESIAN_POINT('',(-33.83984705321,4.226577463542,
    5.437432380857));
#11356 = CARTESIAN_POINT('',(-33.92641731046,4.279023527744,
    5.476246984095));
#11357 = CARTESIAN_POINT('',(-33.99272321247,4.319192289568,
    5.500670528475));
#11358 = CARTESIAN_POINT('',(-34.06024800543,4.360098685841,
    5.520337874438));
#11359 = CARTESIAN_POINT('',(-34.12869323972,4.401561867377,
    5.535152704392));
#11360 = CARTESIAN_POINT('',(-34.19775546338,4.443397974881,
    5.545050810536));
#11361 = CARTESIAN_POINT('',(-34.26712712822,4.485420689458,5.55));
#11362 = CARTESIAN_POINT('',(-34.40526992444,4.569100675196,5.55));
#11363 = CARTESIAN_POINT('',(-34.47404432444,4.610759940655,
    5.54513576793));
#11364 = CARTESIAN_POINT('',(-34.54251796906,4.652236203529,
    5.535407554636));
#11365 = CARTESIAN_POINT('',(-34.61039116813,4.693347949811,
    5.520846448749));
#11366 = CARTESIAN_POINT('',(-34.67736813415,4.733916050252,
    5.501514469388));
#11367 = CARTESIAN_POINT('',(-34.74315784833,4.77376428315,
    5.477504658883));
#11368 = CARTESIAN_POINT('',(-34.87510170129,4.853680048406,
    5.418907842035));
#11369 = CARTESIAN_POINT('',(-34.94110414807,4.893655628665,
    5.383838422073));
#11370 = CARTESIAN_POINT('',(-35.0051500718,4.932445463014,
    5.343878024062));
#11371 = CARTESIAN_POINT('',(-35.06692211735,4.969857425907,
    5.299206565036));
#11372 = CARTESIAN_POINT('',(-35.12611918834,5.005709254872,
    5.250038310719));
#11373 = CARTESIAN_POINT('',(-35.18245786588,5.039829404218,
    5.196621415633));
#11374 = CARTESIAN_POINT('',(-35.35078772397,5.141772839359,
    5.015107593277));
#11375 = CARTESIAN_POINT('',(-35.45137295703,5.202686705331,
    4.872326193667));
#11376 = CARTESIAN_POINT('',(-35.534611456,5.253093861776,4.713824970498
    ));
#11377 = CARTESIAN_POINT('',(-35.59845815021,5.291756944779,
    4.543119820082));
#11378 = CARTESIAN_POINT('',(-35.64147487172,5.317805916626,
    4.364035149843));
#11379 = CARTESIAN_POINT('',(-35.66283142139,5.330738474679,
    4.180711503918));
#11380 = CARTESIAN_POINT('',(-35.66233758376,5.33043942901,
    3.815092943854));
#11381 = CARTESIAN_POINT('',(-35.64065130821,5.317307203916,
    3.632549459475));
#11382 = CARTESIAN_POINT('',(-35.59748191945,5.291165777181,
    3.454275059762));
#11383 = CARTESIAN_POINT('',(-35.53365742234,5.252516122736,
    3.284360518888));
#11384 = CARTESIAN_POINT('',(-35.45060480418,5.202221516118,
    3.126584241154));
#11385 = CARTESIAN_POINT('',(-35.35034875265,5.14150699084,
    2.984419054214));
#11386 = CARTESIAN_POINT('',(-35.22336307454,5.064602296756,
    2.847487578822));
#11387 = CARTESIAN_POINT('',(-35.21088530088,5.057045518123,
    2.834425009138));
#11388 = CARTESIAN_POINT('',(-35.19824374327,5.049389521912,
    2.821578279334));
#11389 = CARTESIAN_POINT('',(-35.18544169991,5.041636304322,
    2.808950752468));
#11390 = CARTESIAN_POINT('',(-35.17248253032,5.033787898695,
    2.796545703043));
#11391 = CARTESIAN_POINT('',(-35.15936965531,5.025846375512,
    2.784366317012));
#11392 = CARTESIAN_POINT('',(-35.1323672598,5.00949290887,2.760035990795
    ));
#11393 = CARTESIAN_POINT('',(-35.11846675455,5.001074310516,
    2.747901769295));
#11394 = CARTESIAN_POINT('',(-35.10440891238,4.992560390436,
    2.736016470315));
#11395 = CARTESIAN_POINT('',(-35.09019766609,4.983953529108,
    2.724383428038));
#11396 = CARTESIAN_POINT('',(-35.07583701013,4.975256144383,
    2.713005867787));
#11397 = CARTESIAN_POINT('',(-35.0613310006,4.966470691485,
    2.701886906031));
#11398 = CARTESIAN_POINT('',(-35.03405448407,4.949950810176,
    2.681668029808));
#11399 = CARTESIAN_POINT('',(-35.02132021025,4.942238335653,
    2.672500995439));
#11400 = CARTESIAN_POINT('',(-35.00848357266,4.934463836836,
    2.663530374604));
#11401 = CARTESIAN_POINT('',(-34.99554723936,4.92662892882,
    2.654758031533));
#11402 = CARTESIAN_POINT('',(-34.9825139076,4.918735244399,
    2.646185767351));
#11403 = CARTESIAN_POINT('',(-34.9693863038,4.910784434066,
    2.637815320084));
#11404 = CARTESIAN_POINT('',(-34.93554082153,4.890285641539,
    2.616905112737));
#11405 = CARTESIAN_POINT('',(-34.91469163526,4.87765808861,
    2.604657290809));
#11406 = CARTESIAN_POINT('',(-34.89363010338,4.864901850809,
    2.592911265472));
#11407 = CARTESIAN_POINT('',(-34.87236684264,4.852023355562,
    2.581673013686));
#11408 = CARTESIAN_POINT('',(-34.85091260792,4.839029114144,
    2.570948122762));
#11409 = CARTESIAN_POINT('',(-34.8292782922,4.82592572168,2.560741790367
    ));
#11410 = CARTESIAN_POINT('',(-34.74315784833,4.77376428315,
    2.522495341117));
#11411 = CARTESIAN_POINT('',(-34.67736813415,4.733916050252,
    2.498485530612));
#11412 = CARTESIAN_POINT('',(-34.61039116813,4.693347949811,
    2.479153551251));
#11413 = CARTESIAN_POINT('',(-34.54251796906,4.652236203529,
    2.464592445364));
#11414 = CARTESIAN_POINT('',(-34.47404432444,4.610759940655,
    2.45486423207));
#11415 = CARTESIAN_POINT('',(-34.40526992444,4.569100675196,2.45));
#11416 = CARTESIAN_POINT('',(-34.33649749591,4.52744178312,2.45));
#11417 = ORIENTED_EDGE('',*,*,#11418,.F.);
#11418 = EDGE_CURVE('',#8924,#11286,#11419,.T.);
#11419 = B_SPLINE_CURVE_WITH_KNOTS('',1,(#11420,#11421),.UNSPECIFIED.,
  .F.,.F.,(2,2),(-62.75263085038,-53.24736914961),
  .PIECEWISE_BEZIER_KNOTS.);
#11420 = CARTESIAN_POINT('',(-39.08912834629,-3.70435631936,2.45));
#11421 = CARTESIAN_POINT('',(-34.33649749591,4.52744178312,2.45));
#11422 = ORIENTED_EDGE('',*,*,#8923,.T.);
#11423 = ORIENTED_EDGE('',*,*,#9134,.T.);
#11424 = ORIENTED_EDGE('',*,*,#9008,.T.);
#11425 = ORIENTED_EDGE('',*,*,#11418,.T.);
#11426 = CYLINDRICAL_SURFACE('',#11427,1.55);
#11427 = AXIS2_PLACEMENT_3D('',#11428,#11429,#11430);
#11428 = CARTESIAN_POINT('',(-7.712812921102,50.641016151378,4.));
#11429 = DIRECTION('',(0.5,0.866025403784,2.22044604925E-16));
#11430 = DIRECTION('',(1.110223024625E-16,1.922962686384E-16,-1.));
#11431 = ADVANCED_FACE('',(#11432),#11444,.T.);
#11432 = FACE_BOUND('',#11433,.T.);
#11433 = EDGE_LOOP('',(#11434,#11441,#11442,#11443));
#11434 = ORIENTED_EDGE('',*,*,#11435,.F.);
#11435 = EDGE_CURVE('',#11260,#11134,#11436,.T.);
#11436 = CIRCLE('',#11437,4.031243385545);
#11437 = AXIS2_PLACEMENT_3D('',#11438,#11439,#11440);
#11438 = CARTESIAN_POINT('',(-16.2378129211,30.159515351876,4.));
#11439 = DIRECTION('',(-0.866025403784,0.5,2.691449756667E-16));
#11440 = DIRECTION('',(-2.330863862283E-16,1.345724878334E-16,-1.));
#11441 = ORIENTED_EDGE('',*,*,#11271,.T.);
#11442 = ORIENTED_EDGE('',*,*,#9057,.F.);
#11443 = ORIENTED_EDGE('',*,*,#11144,.F.);
#11444 = PLANE('',#11445);
#11445 = AXIS2_PLACEMENT_3D('',#11446,#11447,#11448);
#11446 = CARTESIAN_POINT('',(-17.9878129211,27.12842643863,2.35));
#11447 = DIRECTION('',(-0.866025403784,0.5,2.691449756667E-16));
#11448 = DIRECTION('',(1.220640837658E-16,-3.268687564717E-16,1.));
#11449 = ADVANCED_FACE('',(#11450),#11477,.T.);
#11450 = FACE_BOUND('',#11451,.T.);
#11451 = EDGE_LOOP('',(#11452,#11453,#11461,#11470,#11476));
#11452 = ORIENTED_EDGE('',*,*,#9253,.F.);
#11453 = ORIENTED_EDGE('',*,*,#11454,.T.);
#11454 = EDGE_CURVE('',#9246,#11455,#11457,.T.);
#11455 = VERTEX_POINT('',#11456);
#11456 = CARTESIAN_POINT('',(-32.39876267481,2.16792927988,5.65));
#11457 = LINE('',#11458,#11459);
#11458 = CARTESIAN_POINT('',(-17.9878129211,27.12842643863,5.65));
#11459 = VECTOR('',#11460,1.);
#11460 = DIRECTION('',(-0.5,-0.866025403784,-2.22044604925E-16));
#11461 = ORIENTED_EDGE('',*,*,#11462,.F.);
#11462 = EDGE_CURVE('',#11463,#11455,#11465,.T.);
#11463 = VERTEX_POINT('',#11464);
#11464 = CARTESIAN_POINT('',(-34.83531458555,3.663465240182,7.3));
#11465 = CIRCLE('',#11466,4.06745763552);
#11466 = AXIS2_PLACEMENT_3D('',#11467,#11468,#11469);
#11467 = CARTESIAN_POINT('',(-35.54026482638,-0.265428226242,
    6.518301270189));
#11468 = DIRECTION('',(-0.433012701892,0.25,-0.866025403784));
#11469 = DIRECTION('',(0.75,-0.433012701892,-0.5));
#11470 = ORIENTED_EDGE('',*,*,#11471,.F.);
#11471 = EDGE_CURVE('',#9307,#11463,#11472,.T.);
#11472 = LINE('',#11473,#11474);
#11473 = CARTESIAN_POINT('',(-20.4628129211,28.557368354874,7.3));
#11474 = VECTOR('',#11475,1.);
#11475 = DIRECTION('',(-0.5,-0.866025403784,-2.22044604925E-16));
#11476 = ORIENTED_EDGE('',*,*,#9314,.T.);
#11477 = PLANE('',#11478);
#11478 = AXIS2_PLACEMENT_3D('',#11479,#11480,#11481);
#11479 = CARTESIAN_POINT('',(-17.9878129211,27.12842643863,5.65));
#11480 = DIRECTION('',(-0.433012701892,0.25,-0.866025403784));
#11481 = DIRECTION('',(-0.75,0.433012701892,0.5));
#11482 = ADVANCED_FACE('',(#11483),#11502,.T.);
#11483 = FACE_BOUND('',#11484,.T.);
#11484 = EDGE_LOOP('',(#11485,#11486,#11487,#11495));
#11485 = ORIENTED_EDGE('',*,*,#11454,.F.);
#11486 = ORIENTED_EDGE('',*,*,#9245,.T.);
#11487 = ORIENTED_EDGE('',*,*,#11488,.T.);
#11488 = EDGE_CURVE('',#9237,#11489,#11491,.T.);
#11489 = VERTEX_POINT('',#11490);
#11490 = CARTESIAN_POINT('',(-32.39876267481,2.16792927988,2.35));
#11491 = LINE('',#11492,#11493);
#11492 = CARTESIAN_POINT('',(-17.9878129211,27.12842643863,2.35));
#11493 = VECTOR('',#11494,1.);
#11494 = DIRECTION('',(-0.5,-0.866025403784,-2.22044604925E-16));
#11495 = ORIENTED_EDGE('',*,*,#11496,.F.);
#11496 = EDGE_CURVE('',#11455,#11489,#11497,.T.);
#11497 = CIRCLE('',#11498,4.031243385545);
#11498 = AXIS2_PLACEMENT_3D('',#11499,#11500,#11501);
#11499 = CARTESIAN_POINT('',(-34.2378129211,-1.017399184364,4.));
#11500 = DIRECTION('',(-0.866025403784,0.5,2.691449756667E-16));
#11501 = DIRECTION('',(-2.330863862283E-16,1.345724878334E-16,-1.));
#11502 = PLANE('',#11503);
#11503 = AXIS2_PLACEMENT_3D('',#11504,#11505,#11506);
#11504 = CARTESIAN_POINT('',(-17.9878129211,27.12842643863,2.35));
#11505 = DIRECTION('',(-0.866025403784,0.5,2.691449756667E-16));
#11506 = DIRECTION('',(1.220640837658E-16,-3.268687564717E-16,1.));
#11507 = ADVANCED_FACE('',(#11508),#11528,.T.);
#11508 = FACE_BOUND('',#11509,.T.);
#11509 = EDGE_LOOP('',(#11510,#11511,#11512,#11520,#11527));
#11510 = ORIENTED_EDGE('',*,*,#9236,.F.);
#11511 = ORIENTED_EDGE('',*,*,#9282,.T.);
#11512 = ORIENTED_EDGE('',*,*,#11513,.T.);
#11513 = EDGE_CURVE('',#9283,#11514,#11516,.T.);
#11514 = VERTEX_POINT('',#11515);
#11515 = CARTESIAN_POINT('',(-34.83531458555,3.663465240182,0.7));
#11516 = LINE('',#11517,#11518);
#11517 = CARTESIAN_POINT('',(-20.4628129211,28.557368354874,0.7));
#11518 = VECTOR('',#11519,1.);
#11519 = DIRECTION('',(-0.5,-0.866025403784,-2.22044604925E-16));
#11520 = ORIENTED_EDGE('',*,*,#11521,.F.);
#11521 = EDGE_CURVE('',#11489,#11514,#11522,.T.);
#11522 = CIRCLE('',#11523,4.06745763552);
#11523 = AXIS2_PLACEMENT_3D('',#11524,#11525,#11526);
#11524 = CARTESIAN_POINT('',(-35.54026482638,-0.265428226242,
    1.481698729811));
#11525 = DIRECTION('',(-0.433012701892,0.25,0.866025403784));
#11526 = DIRECTION('',(-0.75,0.433012701892,-0.5));
#11527 = ORIENTED_EDGE('',*,*,#11488,.F.);
#11528 = PLANE('',#11529);
#11529 = AXIS2_PLACEMENT_3D('',#11530,#11531,#11532);
#11530 = CARTESIAN_POINT('',(-20.4628129211,28.557368354874,0.7));
#11531 = DIRECTION('',(-0.433012701892,0.25,0.866025403784));
#11532 = DIRECTION('',(0.75,-0.433012701892,0.5));
#11533 = ADVANCED_FACE('',(#11534),#11553,.T.);
#11534 = FACE_BOUND('',#11535,.T.);
#11535 = EDGE_LOOP('',(#11536,#11544,#11545,#11546));
#11536 = ORIENTED_EDGE('',*,*,#11537,.F.);
#11537 = EDGE_CURVE('',#9299,#11538,#11540,.T.);
#11538 = VERTEX_POINT('',#11539);
#11539 = CARTESIAN_POINT('',(-37.27263820541,5.157664561074,5.65));
#11540 = LINE('',#11541,#11542);
#11541 = CARTESIAN_POINT('',(-22.9378129211,29.986310271119,5.65));
#11542 = VECTOR('',#11543,1.);
#11543 = DIRECTION('',(-0.5,-0.866025403784,-2.22044604925E-16));
#11544 = ORIENTED_EDGE('',*,*,#9306,.T.);
#11545 = ORIENTED_EDGE('',*,*,#11471,.T.);
#11546 = ORIENTED_EDGE('',*,*,#11547,.F.);
#11547 = EDGE_CURVE('',#11538,#11463,#11548,.T.);
#11548 = CIRCLE('',#11549,4.137123201362);
#11549 = AXIS2_PLACEMENT_3D('',#11550,#11551,#11552);
#11550 = CARTESIAN_POINT('',(-38.01526482638,1.163513690002,
    6.431698729811));
#11551 = DIRECTION('',(0.433012701892,-0.25,-0.866025403784));
#11552 = DIRECTION('',(0.75,-0.433012701892,0.5));
#11553 = PLANE('',#11554);
#11554 = AXIS2_PLACEMENT_3D('',#11555,#11556,#11557);
#11555 = CARTESIAN_POINT('',(-20.4628129211,28.557368354874,7.3));
#11556 = DIRECTION('',(0.433012701892,-0.25,-0.866025403784));
#11557 = DIRECTION('',(-0.75,0.433012701892,-0.5));
#11558 = ADVANCED_FACE('',(#11559),#11578,.T.);
#11559 = FACE_BOUND('',#11560,.T.);
#11560 = EDGE_LOOP('',(#11561,#11569,#11570,#11571));
#11561 = ORIENTED_EDGE('',*,*,#11562,.F.);
#11562 = EDGE_CURVE('',#9291,#11563,#11565,.T.);
#11563 = VERTEX_POINT('',#11564);
#11564 = CARTESIAN_POINT('',(-37.27263820541,5.157664561074,2.35));
#11565 = LINE('',#11566,#11567);
#11566 = CARTESIAN_POINT('',(-22.9378129211,29.986310271119,2.35));
#11567 = VECTOR('',#11568,1.);
#11568 = DIRECTION('',(-0.5,-0.866025403784,-2.22044604925E-16));
#11569 = ORIENTED_EDGE('',*,*,#9298,.T.);
#11570 = ORIENTED_EDGE('',*,*,#11537,.T.);
#11571 = ORIENTED_EDGE('',*,*,#11572,.F.);
#11572 = EDGE_CURVE('',#11563,#11538,#11573,.T.);
#11573 = CIRCLE('',#11574,4.170620669217);
#11574 = AXIS2_PLACEMENT_3D('',#11575,#11576,#11577);
#11575 = CARTESIAN_POINT('',(-39.1878129211,1.840484648124,4.));
#11576 = DIRECTION('',(0.866025403784,-0.5,-4.037174635001E-16));
#11577 = DIRECTION('',(3.496295793425E-16,-2.0185873175E-16,1.));
#11578 = PLANE('',#11579);
#11579 = AXIS2_PLACEMENT_3D('',#11580,#11581,#11582);
#11580 = CARTESIAN_POINT('',(-22.9378129211,29.986310271119,5.65));
#11581 = DIRECTION('',(0.866025403784,-0.5,-4.037174635001E-16));
#11582 = DIRECTION('',(-2.3860727688E-16,3.941550003884E-16,-1.));
#11583 = ADVANCED_FACE('',(#11584),#11596,.T.);
#11584 = FACE_BOUND('',#11585,.T.);
#11585 = EDGE_LOOP('',(#11586,#11587,#11588,#11589));
#11586 = ORIENTED_EDGE('',*,*,#11513,.F.);
#11587 = ORIENTED_EDGE('',*,*,#9290,.T.);
#11588 = ORIENTED_EDGE('',*,*,#11562,.T.);
#11589 = ORIENTED_EDGE('',*,*,#11590,.F.);
#11590 = EDGE_CURVE('',#11514,#11563,#11591,.T.);
#11591 = CIRCLE('',#11592,4.137123201362);
#11592 = AXIS2_PLACEMENT_3D('',#11593,#11594,#11595);
#11593 = CARTESIAN_POINT('',(-38.01526482638,1.163513690002,
    1.568301270189));
#11594 = DIRECTION('',(0.433012701892,-0.25,0.866025403784));
#11595 = DIRECTION('',(-0.75,0.433012701892,0.5));
#11596 = PLANE('',#11597);
#11597 = AXIS2_PLACEMENT_3D('',#11598,#11599,#11600);
#11598 = CARTESIAN_POINT('',(-22.9378129211,29.986310271119,2.35));
#11599 = DIRECTION('',(0.433012701892,-0.25,0.866025403784));
#11600 = DIRECTION('',(0.75,-0.433012701892,-0.5));
#11601 = ADVANCED_FACE('',(#11602),#11627,.T.);
#11602 = FACE_BOUND('',#11603,.T.);
#11603 = EDGE_LOOP('',(#11604,#11612,#11620,#11626));
#11604 = ORIENTED_EDGE('',*,*,#11605,.F.);
#11605 = EDGE_CURVE('',#11606,#9578,#11608,.T.);
#11606 = VERTEX_POINT('',#11607);
#11607 = CARTESIAN_POINT('',(-7.5,64.7545,3.62132034356));
#11608 = LINE('',#11609,#11610);
#11609 = CARTESIAN_POINT('',(-7.5,61.486733047034,0.353553390593));
#11610 = VECTOR('',#11611,1.);
#11611 = DIRECTION('',(8.659560562355E-17,0.707106781187,0.707106781187)
  );
#11612 = ORIENTED_EDGE('',*,*,#11613,.T.);
#11613 = EDGE_CURVE('',#11606,#11614,#11616,.T.);
#11614 = VERTEX_POINT('',#11615);
#11615 = CARTESIAN_POINT('',(7.5,64.7545,3.62132034356));
#11616 = LINE('',#11617,#11618);
#11617 = CARTESIAN_POINT('',(7.5,64.7545,3.62132034356));
#11618 = VECTOR('',#11619,1.);
#11619 = DIRECTION('',(1.,-1.224646799147E-16,0.));
#11620 = ORIENTED_EDGE('',*,*,#11621,.T.);
#11621 = EDGE_CURVE('',#11614,#9580,#11622,.T.);
#11622 = LINE('',#11623,#11624);
#11623 = CARTESIAN_POINT('',(7.5,61.486733047034,0.353553390593));
#11624 = VECTOR('',#11625,1.);
#11625 = DIRECTION('',(8.659560562355E-17,0.707106781187,0.707106781187)
  );
#11626 = ORIENTED_EDGE('',*,*,#9577,.F.);
#11627 = PLANE('',#11628);
#11628 = AXIS2_PLACEMENT_3D('',#11629,#11630,#11631);
#11629 = CARTESIAN_POINT('',(7.5,61.486733047034,0.353553390593));
#11630 = DIRECTION('',(-8.659560562355E-17,-0.707106781187,
    0.707106781187));
#11631 = DIRECTION('',(8.659560562355E-17,0.707106781187,0.707106781187)
  );
#11632 = ADVANCED_FACE('',(#11633),#11658,.F.);
#11633 = FACE_BOUND('',#11634,.F.);
#11634 = EDGE_LOOP('',(#11635,#11643,#11651,#11657));
#11635 = ORIENTED_EDGE('',*,*,#11636,.F.);
#11636 = EDGE_CURVE('',#11637,#9596,#11639,.T.);
#11637 = VERTEX_POINT('',#11638);
#11638 = CARTESIAN_POINT('',(-7.5,28.621366619175,39.7545));
#11639 = LINE('',#11640,#11641);
#11640 = CARTESIAN_POINT('',(-7.5,25.353576528401,36.486709909226));
#11641 = VECTOR('',#11642,1.);
#11642 = DIRECTION('',(8.659560562355E-17,0.707106781187,0.707106781187)
  );
#11643 = ORIENTED_EDGE('',*,*,#11644,.F.);
#11644 = EDGE_CURVE('',#11645,#11637,#11647,.T.);
#11645 = VERTEX_POINT('',#11646);
#11646 = CARTESIAN_POINT('',(7.5,28.621366619175,39.7545));
#11647 = LINE('',#11648,#11649);
#11648 = CARTESIAN_POINT('',(7.5,28.621366619175,39.7545));
#11649 = VECTOR('',#11650,1.);
#11650 = DIRECTION('',(-1.,1.224646799147E-16,0.));
#11651 = ORIENTED_EDGE('',*,*,#11652,.T.);
#11652 = EDGE_CURVE('',#11645,#9588,#11653,.T.);
#11653 = LINE('',#11654,#11655);
#11654 = CARTESIAN_POINT('',(7.5,25.353576528401,36.486709909226));
#11655 = VECTOR('',#11656,1.);
#11656 = DIRECTION('',(8.659560562355E-17,0.707106781187,0.707106781187)
  );
#11657 = ORIENTED_EDGE('',*,*,#9595,.F.);
#11658 = PLANE('',#11659);
#11659 = AXIS2_PLACEMENT_3D('',#11660,#11661,#11662);
#11660 = CARTESIAN_POINT('',(7.5,25.353576528401,36.486709909226));
#11661 = DIRECTION('',(-8.659560562355E-17,-0.707106781187,
    0.707106781187));
#11662 = DIRECTION('',(8.659560562355E-17,0.707106781187,0.707106781187)
  );
#11663 = ADVANCED_FACE('',(#11664),#11687,.T.);
#11664 = FACE_BOUND('',#11665,.T.);
#11665 = EDGE_LOOP('',(#11666,#11667,#11674,#11675,#11676,#11683,#11684,
    #11685,#11686));
#11666 = ORIENTED_EDGE('',*,*,#9831,.T.);
#11667 = ORIENTED_EDGE('',*,*,#11668,.F.);
#11668 = EDGE_CURVE('',#9643,#9832,#11669,.T.);
#11669 = CIRCLE('',#11670,5.);
#11670 = AXIS2_PLACEMENT_3D('',#11671,#11672,#11673);
#11671 = CARTESIAN_POINT('',(36.79941546148,0.46154273188,4.));
#11672 = DIRECTION('',(0.866025403784,0.5,-0.));
#11673 = DIRECTION('',(-0.5,0.866025403784,0.));
#11674 = ORIENTED_EDGE('',*,*,#9642,.F.);
#11675 = ORIENTED_EDGE('',*,*,#9778,.F.);
#11676 = ORIENTED_EDGE('',*,*,#11677,.F.);
#11677 = EDGE_CURVE('',#9891,#9728,#11678,.T.);
#11678 = CIRCLE('',#11679,5.);
#11679 = AXIS2_PLACEMENT_3D('',#11680,#11681,#11682);
#11680 = CARTESIAN_POINT('',(36.79941546148,0.46154273188,4.));
#11681 = DIRECTION('',(0.866025403784,0.5,-0.));
#11682 = DIRECTION('',(-0.5,0.866025403784,0.));
#11683 = ORIENTED_EDGE('',*,*,#9909,.T.);
#11684 = ORIENTED_EDGE('',*,*,#9924,.T.);
#11685 = ORIENTED_EDGE('',*,*,#10100,.T.);
#11686 = ORIENTED_EDGE('',*,*,#9798,.T.);
#11687 = SPHERICAL_SURFACE('',#11688,5.);
#11688 = AXIS2_PLACEMENT_3D('',#11689,#11690,#11691);
#11689 = CARTESIAN_POINT('',(36.79941546148,0.46154273188,4.));
#11690 = DIRECTION('',(0.,0.,1.));
#11691 = DIRECTION('',(-0.5,0.866025403784,0.));
#11692 = ADVANCED_FACE('',(#11693),#11701,.T.);
#11693 = FACE_BOUND('',#11694,.T.);
#11694 = EDGE_LOOP('',(#11695,#11696,#11697,#11698,#11699,#11700));
#11695 = ORIENTED_EDGE('',*,*,#11668,.T.);
#11696 = ORIENTED_EDGE('',*,*,#9850,.T.);
#11697 = ORIENTED_EDGE('',*,*,#9865,.T.);
#11698 = ORIENTED_EDGE('',*,*,#9890,.T.);
#11699 = ORIENTED_EDGE('',*,*,#11677,.T.);
#11700 = ORIENTED_EDGE('',*,*,#9727,.F.);
#11701 = SPHERICAL_SURFACE('',#11702,5.);
#11702 = AXIS2_PLACEMENT_3D('',#11703,#11704,#11705);
#11703 = CARTESIAN_POINT('',(36.79941546148,0.46154273188,4.));
#11704 = DIRECTION('',(0.,0.,1.));
#11705 = DIRECTION('',(-0.5,0.866025403784,0.));
#11706 = ADVANCED_FACE('',(#11707,#11715),#11718,.T.);
#11707 = FACE_BOUND('',#11708,.T.);
#11708 = EDGE_LOOP('',(#11709,#11710,#11711,#11712,#11713,#11714));
#11709 = ORIENTED_EDGE('',*,*,#10245,.T.);
#11710 = ORIENTED_EDGE('',*,*,#10211,.T.);
#11711 = ORIENTED_EDGE('',*,*,#10407,.T.);
#11712 = ORIENTED_EDGE('',*,*,#10313,.T.);
#11713 = ORIENTED_EDGE('',*,*,#10295,.T.);
#11714 = ORIENTED_EDGE('',*,*,#10270,.T.);
#11715 = FACE_BOUND('',#11716,.T.);
#11716 = EDGE_LOOP('',(#11717));
#11717 = ORIENTED_EDGE('',*,*,#9950,.T.);
#11718 = SPHERICAL_SURFACE('',#11719,5.);
#11719 = AXIS2_PLACEMENT_3D('',#11720,#11721,#11722);
#11720 = CARTESIAN_POINT('',(18.,-32.1,4.));
#11721 = DIRECTION('',(0.,0.,1.));
#11722 = DIRECTION('',(1.,0.,0.));
#11723 = ADVANCED_FACE('',(#11724,#11732),#11735,.T.);
#11724 = FACE_BOUND('',#11725,.T.);
#11725 = EDGE_LOOP('',(#11726,#11727,#11728,#11729,#11730,#11731));
#11726 = ORIENTED_EDGE('',*,*,#10346,.T.);
#11727 = ORIENTED_EDGE('',*,*,#10127,.T.);
#11728 = ORIENTED_EDGE('',*,*,#10161,.T.);
#11729 = ORIENTED_EDGE('',*,*,#10186,.T.);
#11730 = ORIENTED_EDGE('',*,*,#10389,.T.);
#11731 = ORIENTED_EDGE('',*,*,#10371,.T.);
#11732 = FACE_BOUND('',#11733,.T.);
#11733 = EDGE_LOOP('',(#11734));
#11734 = ORIENTED_EDGE('',*,*,#10422,.T.);
#11735 = SPHERICAL_SURFACE('',#11736,5.);
#11736 = AXIS2_PLACEMENT_3D('',#11737,#11738,#11739);
#11737 = CARTESIAN_POINT('',(18.79941546148,31.63845726812,4.));
#11738 = DIRECTION('',(0.,0.,1.));
#11739 = DIRECTION('',(-0.5,0.866025403784,0.));
#11740 = ADVANCED_FACE('',(#11741),#11764,.T.);
#11741 = FACE_BOUND('',#11742,.T.);
#11742 = EDGE_LOOP('',(#11743,#11744,#11751,#11752,#11753,#11760,#11761,
    #11762,#11763));
#11743 = ORIENTED_EDGE('',*,*,#10656,.T.);
#11744 = ORIENTED_EDGE('',*,*,#11745,.F.);
#11745 = EDGE_CURVE('',#10751,#10657,#11746,.T.);
#11746 = CIRCLE('',#11747,5.);
#11747 = AXIS2_PLACEMENT_3D('',#11748,#11749,#11750);
#11748 = CARTESIAN_POINT('',(-18.,-32.1,4.));
#11749 = DIRECTION('',(-2.449293598295E-16,-1.,0.));
#11750 = DIRECTION('',(1.,-2.449293598295E-16,0.));
#11751 = ORIENTED_EDGE('',*,*,#10750,.F.);
#11752 = ORIENTED_EDGE('',*,*,#10886,.F.);
#11753 = ORIENTED_EDGE('',*,*,#11754,.F.);
#11754 = EDGE_CURVE('',#10716,#10836,#11755,.T.);
#11755 = CIRCLE('',#11756,5.);
#11756 = AXIS2_PLACEMENT_3D('',#11757,#11758,#11759);
#11757 = CARTESIAN_POINT('',(-18.,-32.1,4.));
#11758 = DIRECTION('',(-2.449293598295E-16,-1.,0.));
#11759 = DIRECTION('',(1.,-2.449293598295E-16,0.));
#11760 = ORIENTED_EDGE('',*,*,#10727,.T.);
#11761 = ORIENTED_EDGE('',*,*,#10572,.T.);
#11762 = ORIENTED_EDGE('',*,*,#10605,.T.);
#11763 = ORIENTED_EDGE('',*,*,#10630,.T.);
#11764 = SPHERICAL_SURFACE('',#11765,5.);
#11765 = AXIS2_PLACEMENT_3D('',#11766,#11767,#11768);
#11766 = CARTESIAN_POINT('',(-18.,-32.1,4.));
#11767 = DIRECTION('',(0.,0.,1.));
#11768 = DIRECTION('',(1.,0.,0.));
#11769 = ADVANCED_FACE('',(#11770),#11778,.T.);
#11770 = FACE_BOUND('',#11771,.T.);
#11771 = EDGE_LOOP('',(#11772,#11773,#11774,#11775,#11776,#11777));
#11772 = ORIENTED_EDGE('',*,*,#11745,.T.);
#11773 = ORIENTED_EDGE('',*,*,#10675,.T.);
#11774 = ORIENTED_EDGE('',*,*,#10690,.T.);
#11775 = ORIENTED_EDGE('',*,*,#10715,.T.);
#11776 = ORIENTED_EDGE('',*,*,#11754,.T.);
#11777 = ORIENTED_EDGE('',*,*,#10835,.F.);
#11778 = SPHERICAL_SURFACE('',#11779,5.);
#11779 = AXIS2_PLACEMENT_3D('',#11780,#11781,#11782);
#11780 = CARTESIAN_POINT('',(-18.,-32.1,4.));
#11781 = DIRECTION('',(0.,0.,1.));
#11782 = DIRECTION('',(1.,0.,0.));
#11783 = ADVANCED_FACE('',(#11784),#11809,.T.);
#11784 = FACE_BOUND('',#11785,.T.);
#11785 = EDGE_LOOP('',(#11786,#11794,#11802,#11808));
#11786 = ORIENTED_EDGE('',*,*,#11787,.F.);
#11787 = EDGE_CURVE('',#11788,#10918,#11790,.T.);
#11788 = VERTEX_POINT('',#11789);
#11789 = CARTESIAN_POINT('',(-52.32904200935,-38.87244052838,
    3.62132034356));
#11790 = LINE('',#11791,#11792);
#11791 = CARTESIAN_POINT('',(-49.49907281444,-37.2385570519,
    0.353553390593));
#11792 = VECTOR('',#11793,1.);
#11793 = DIRECTION('',(-0.612372435696,-0.353553390593,0.707106781187));
#11794 = ORIENTED_EDGE('',*,*,#11795,.T.);
#11795 = EDGE_CURVE('',#11788,#11796,#11798,.T.);
#11796 = VERTEX_POINT('',#11797);
#11797 = CARTESIAN_POINT('',(-59.82904200935,-25.88205947161,
    3.62132034356));
#11798 = LINE('',#11799,#11800);
#11799 = CARTESIAN_POINT('',(-59.82904200935,-25.88205947161,
    3.62132034356));
#11800 = VECTOR('',#11801,1.);
#11801 = DIRECTION('',(-0.5,0.866025403784,0.));
#11802 = ORIENTED_EDGE('',*,*,#11803,.T.);
#11803 = EDGE_CURVE('',#11796,#10920,#11804,.T.);
#11804 = LINE('',#11805,#11806);
#11805 = CARTESIAN_POINT('',(-56.99907281444,-24.24817599513,
    0.353553390593));
#11806 = VECTOR('',#11807,1.);
#11807 = DIRECTION('',(-0.612372435696,-0.353553390593,0.707106781187));
#11808 = ORIENTED_EDGE('',*,*,#10917,.F.);
#11809 = PLANE('',#11810);
#11810 = AXIS2_PLACEMENT_3D('',#11811,#11812,#11813);
#11811 = CARTESIAN_POINT('',(-56.99907281444,-24.24817599513,
    0.353553390593));
#11812 = DIRECTION('',(0.612372435696,0.353553390593,0.707106781187));
#11813 = DIRECTION('',(-0.612372435696,-0.353553390593,0.707106781187));
#11814 = ADVANCED_FACE('',(#11815),#11840,.F.);
#11815 = FACE_BOUND('',#11816,.F.);
#11816 = EDGE_LOOP('',(#11817,#11825,#11833,#11839));
#11817 = ORIENTED_EDGE('',*,*,#11818,.F.);
#11818 = EDGE_CURVE('',#11819,#10936,#11821,.T.);
#11819 = VERTEX_POINT('',#11820);
#11820 = CARTESIAN_POINT('',(-21.03683058323,-20.80587383797,39.7545));
#11821 = LINE('',#11822,#11823);
#11822 = CARTESIAN_POINT('',(-18.20684135038,-19.17197879258,
    36.486709909226));
#11823 = VECTOR('',#11824,1.);
#11824 = DIRECTION('',(-0.612372435696,-0.353553390593,0.707106781187));
#11825 = ORIENTED_EDGE('',*,*,#11826,.F.);
#11826 = EDGE_CURVE('',#11827,#11819,#11829,.T.);
#11827 = VERTEX_POINT('',#11828);
#11828 = CARTESIAN_POINT('',(-28.53683058323,-7.815492781204,39.7545));
#11829 = LINE('',#11830,#11831);
#11830 = CARTESIAN_POINT('',(-28.53683058323,-7.815492781204,39.7545));
#11831 = VECTOR('',#11832,1.);
#11832 = DIRECTION('',(0.5,-0.866025403784,0.));
#11833 = ORIENTED_EDGE('',*,*,#11834,.T.);
#11834 = EDGE_CURVE('',#11827,#10928,#11835,.T.);
#11835 = LINE('',#11836,#11837);
#11836 = CARTESIAN_POINT('',(-25.70684135038,-6.181597735817,
    36.486709909226));
#11837 = VECTOR('',#11838,1.);
#11838 = DIRECTION('',(-0.612372435696,-0.353553390593,0.707106781187));
#11839 = ORIENTED_EDGE('',*,*,#10935,.F.);
#11840 = PLANE('',#11841);
#11841 = AXIS2_PLACEMENT_3D('',#11842,#11843,#11844);
#11842 = CARTESIAN_POINT('',(-25.70684135038,-6.181597735817,
    36.486709909226));
#11843 = DIRECTION('',(0.612372435696,0.353553390593,0.707106781187));
#11844 = DIRECTION('',(-0.612372435696,-0.353553390593,0.707106781187));
#11845 = ADVANCED_FACE('',(#11846),#11869,.T.);
#11846 = FACE_BOUND('',#11847,.T.);
#11847 = EDGE_LOOP('',(#11848,#11849,#11856,#11857,#11858,#11865,#11866,
    #11867,#11868));
#11848 = ORIENTED_EDGE('',*,*,#11166,.T.);
#11849 = ORIENTED_EDGE('',*,*,#11850,.F.);
#11850 = EDGE_CURVE('',#10978,#11167,#11851,.T.);
#11851 = CIRCLE('',#11852,5.);
#11852 = AXIS2_PLACEMENT_3D('',#11853,#11854,#11855);
#11853 = CARTESIAN_POINT('',(-18.79941546148,31.63845726812,4.));
#11854 = DIRECTION('',(-0.866025403784,0.5,0.));
#11855 = DIRECTION('',(-0.5,-0.866025403784,0.));
#11856 = ORIENTED_EDGE('',*,*,#10977,.F.);
#11857 = ORIENTED_EDGE('',*,*,#11113,.F.);
#11858 = ORIENTED_EDGE('',*,*,#11859,.F.);
#11859 = EDGE_CURVE('',#11226,#11063,#11860,.T.);
#11860 = CIRCLE('',#11861,5.);
#11861 = AXIS2_PLACEMENT_3D('',#11862,#11863,#11864);
#11862 = CARTESIAN_POINT('',(-18.79941546148,31.63845726812,4.));
#11863 = DIRECTION('',(-0.866025403784,0.5,0.));
#11864 = DIRECTION('',(-0.5,-0.866025403784,0.));
#11865 = ORIENTED_EDGE('',*,*,#11244,.T.);
#11866 = ORIENTED_EDGE('',*,*,#11259,.T.);
#11867 = ORIENTED_EDGE('',*,*,#11435,.T.);
#11868 = ORIENTED_EDGE('',*,*,#11133,.T.);
#11869 = SPHERICAL_SURFACE('',#11870,5.);
#11870 = AXIS2_PLACEMENT_3D('',#11871,#11872,#11873);
#11871 = CARTESIAN_POINT('',(-18.79941546148,31.63845726812,4.));
#11872 = DIRECTION('',(0.,0.,1.));
#11873 = DIRECTION('',(-0.5,-0.866025403784,0.));
#11874 = ADVANCED_FACE('',(#11875),#11883,.T.);
#11875 = FACE_BOUND('',#11876,.T.);
#11876 = EDGE_LOOP('',(#11877,#11878,#11879,#11880,#11881,#11882));
#11877 = ORIENTED_EDGE('',*,*,#11850,.T.);
#11878 = ORIENTED_EDGE('',*,*,#11185,.T.);
#11879 = ORIENTED_EDGE('',*,*,#11200,.T.);
#11880 = ORIENTED_EDGE('',*,*,#11225,.T.);
#11881 = ORIENTED_EDGE('',*,*,#11859,.T.);
#11882 = ORIENTED_EDGE('',*,*,#11062,.F.);
#11883 = SPHERICAL_SURFACE('',#11884,5.);
#11884 = AXIS2_PLACEMENT_3D('',#11885,#11886,#11887);
#11885 = CARTESIAN_POINT('',(-18.79941546148,31.63845726812,4.));
#11886 = DIRECTION('',(0.,0.,1.));
#11887 = DIRECTION('',(-0.5,-0.866025403784,0.));
#11888 = ADVANCED_FACE('',(#11889,#11897),#11900,.T.);
#11889 = FACE_BOUND('',#11890,.T.);
#11890 = EDGE_LOOP('',(#11891,#11892,#11893,#11894,#11895,#11896));
#11891 = ORIENTED_EDGE('',*,*,#11547,.T.);
#11892 = ORIENTED_EDGE('',*,*,#11462,.T.);
#11893 = ORIENTED_EDGE('',*,*,#11496,.T.);
#11894 = ORIENTED_EDGE('',*,*,#11521,.T.);
#11895 = ORIENTED_EDGE('',*,*,#11590,.T.);
#11896 = ORIENTED_EDGE('',*,*,#11572,.T.);
#11897 = FACE_BOUND('',#11898,.T.);
#11898 = EDGE_LOOP('',(#11899));
#11899 = ORIENTED_EDGE('',*,*,#11285,.T.);
#11900 = SPHERICAL_SURFACE('',#11901,5.);
#11901 = AXIS2_PLACEMENT_3D('',#11902,#11903,#11904);
#11902 = CARTESIAN_POINT('',(-36.79941546148,0.46154273188,4.));
#11903 = DIRECTION('',(0.,0.,1.));
#11904 = DIRECTION('',(-0.5,-0.866025403784,0.));
#11905 = ADVANCED_FACE('',(#11906),#11931,.T.);
#11906 = FACE_BOUND('',#11907,.T.);
#11907 = EDGE_LOOP('',(#11908,#11918,#11924,#11925));
#11908 = ORIENTED_EDGE('',*,*,#11909,.F.);
#11909 = EDGE_CURVE('',#11910,#11912,#11914,.T.);
#11910 = VERTEX_POINT('',#11911);
#11911 = CARTESIAN_POINT('',(-59.82904200935,-25.88205947161,1.5));
#11912 = VERTEX_POINT('',#11913);
#11913 = CARTESIAN_POINT('',(-52.32904200935,-38.87244052838,1.5));
#11914 = LINE('',#11915,#11916);
#11915 = CARTESIAN_POINT('',(-59.82904200935,-25.88205947161,1.5));
#11916 = VECTOR('',#11917,1.);
#11917 = DIRECTION('',(0.5,-0.866025403784,0.));
#11918 = ORIENTED_EDGE('',*,*,#11919,.T.);
#11919 = EDGE_CURVE('',#11910,#11796,#11920,.T.);
#11920 = LINE('',#11921,#11922);
#11921 = CARTESIAN_POINT('',(-59.82904200935,-25.88205947161,1.5));
#11922 = VECTOR('',#11923,1.);
#11923 = DIRECTION('',(0.,0.,1.));
#11924 = ORIENTED_EDGE('',*,*,#11795,.F.);
#11925 = ORIENTED_EDGE('',*,*,#11926,.F.);
#11926 = EDGE_CURVE('',#11912,#11788,#11927,.T.);
#11927 = LINE('',#11928,#11929);
#11928 = CARTESIAN_POINT('',(-52.32904200935,-38.87244052838,1.5));
#11929 = VECTOR('',#11930,1.);
#11930 = DIRECTION('',(0.,0.,1.));
#11931 = PLANE('',#11932);
#11932 = AXIS2_PLACEMENT_3D('',#11933,#11934,#11935);
#11933 = CARTESIAN_POINT('',(-59.82904200935,-25.88205947161,1.5));
#11934 = DIRECTION('',(0.866025403784,0.5,0.));
#11935 = DIRECTION('',(0.,0.,1.));
#11936 = ADVANCED_FACE('',(#11937),#11962,.F.);
#11937 = FACE_BOUND('',#11938,.F.);
#11938 = EDGE_LOOP('',(#11939,#11947,#11948,#11956));
#11939 = ORIENTED_EDGE('',*,*,#11940,.F.);
#11940 = EDGE_CURVE('',#11827,#11941,#11943,.T.);
#11941 = VERTEX_POINT('',#11942);
#11942 = CARTESIAN_POINT('',(-26.69967320028,-6.754809471617,39.7545));
#11943 = LINE('',#11944,#11945);
#11944 = CARTESIAN_POINT('',(-59.82904200935,-25.88205947161,39.7545));
#11945 = VECTOR('',#11946,1.);
#11946 = DIRECTION('',(0.866025403784,0.5,0.));
#11947 = ORIENTED_EDGE('',*,*,#11826,.T.);
#11948 = ORIENTED_EDGE('',*,*,#11949,.T.);
#11949 = EDGE_CURVE('',#11819,#11950,#11952,.T.);
#11950 = VERTEX_POINT('',#11951);
#11951 = CARTESIAN_POINT('',(-19.19967320028,-19.74519052838,39.7545));
#11952 = LINE('',#11953,#11954);
#11953 = CARTESIAN_POINT('',(-52.32904200935,-38.87244052838,39.7545));
#11954 = VECTOR('',#11955,1.);
#11955 = DIRECTION('',(0.866025403784,0.5,0.));
#11956 = ORIENTED_EDGE('',*,*,#11957,.F.);
#11957 = EDGE_CURVE('',#11941,#11950,#11958,.T.);
#11958 = LINE('',#11959,#11960);
#11959 = CARTESIAN_POINT('',(-26.69967320028,-6.754809471617,39.7545));
#11960 = VECTOR('',#11961,1.);
#11961 = DIRECTION('',(0.5,-0.866025403784,0.));
#11962 = PLANE('',#11963);
#11963 = AXIS2_PLACEMENT_3D('',#11964,#11965,#11966);
#11964 = CARTESIAN_POINT('',(-59.82904200935,-25.88205947161,39.7545));
#11965 = DIRECTION('',(0.,0.,1.));
#11966 = DIRECTION('',(0.5,-0.866025403784,0.));
#11967 = ADVANCED_FACE('',(#11968),#11993,.T.);
#11968 = FACE_BOUND('',#11969,.T.);
#11969 = EDGE_LOOP('',(#11970,#11980,#11986,#11987));
#11970 = ORIENTED_EDGE('',*,*,#11971,.F.);
#11971 = EDGE_CURVE('',#11972,#11974,#11976,.T.);
#11972 = VERTEX_POINT('',#11973);
#11973 = CARTESIAN_POINT('',(7.5,64.7545,1.5));
#11974 = VERTEX_POINT('',#11975);
#11975 = CARTESIAN_POINT('',(-7.5,64.7545,1.5));
#11976 = LINE('',#11977,#11978);
#11977 = CARTESIAN_POINT('',(7.5,64.7545,1.5));
#11978 = VECTOR('',#11979,1.);
#11979 = DIRECTION('',(-1.,1.224646799147E-16,0.));
#11980 = ORIENTED_EDGE('',*,*,#11981,.T.);
#11981 = EDGE_CURVE('',#11972,#11614,#11982,.T.);
#11982 = LINE('',#11983,#11984);
#11983 = CARTESIAN_POINT('',(7.5,64.7545,1.5));
#11984 = VECTOR('',#11985,1.);
#11985 = DIRECTION('',(0.,0.,1.));
#11986 = ORIENTED_EDGE('',*,*,#11613,.F.);
#11987 = ORIENTED_EDGE('',*,*,#11988,.F.);
#11988 = EDGE_CURVE('',#11974,#11606,#11989,.T.);
#11989 = LINE('',#11990,#11991);
#11990 = CARTESIAN_POINT('',(-7.5,64.7545,1.5));
#11991 = VECTOR('',#11992,1.);
#11992 = DIRECTION('',(0.,0.,1.));
#11993 = PLANE('',#11994);
#11994 = AXIS2_PLACEMENT_3D('',#11995,#11996,#11997);
#11995 = CARTESIAN_POINT('',(7.5,64.7545,1.5));
#11996 = DIRECTION('',(-1.224646799147E-16,-1.,0.));
#11997 = DIRECTION('',(0.,0.,1.));
#11998 = ADVANCED_FACE('',(#11999),#12024,.F.);
#11999 = FACE_BOUND('',#12000,.F.);
#12000 = EDGE_LOOP('',(#12001,#12009,#12010,#12018));
#12001 = ORIENTED_EDGE('',*,*,#12002,.F.);
#12002 = EDGE_CURVE('',#11645,#12003,#12005,.T.);
#12003 = VERTEX_POINT('',#12004);
#12004 = CARTESIAN_POINT('',(7.5,26.5,39.7545));
#12005 = LINE('',#12006,#12007);
#12006 = CARTESIAN_POINT('',(7.5,64.7545,39.7545));
#12007 = VECTOR('',#12008,1.);
#12008 = DIRECTION('',(-1.224646799147E-16,-1.,0.));
#12009 = ORIENTED_EDGE('',*,*,#11644,.T.);
#12010 = ORIENTED_EDGE('',*,*,#12011,.T.);
#12011 = EDGE_CURVE('',#11637,#12012,#12014,.T.);
#12012 = VERTEX_POINT('',#12013);
#12013 = CARTESIAN_POINT('',(-7.5,26.5,39.7545));
#12014 = LINE('',#12015,#12016);
#12015 = CARTESIAN_POINT('',(-7.5,64.7545,39.7545));
#12016 = VECTOR('',#12017,1.);
#12017 = DIRECTION('',(-1.224646799147E-16,-1.,0.));
#12018 = ORIENTED_EDGE('',*,*,#12019,.F.);
#12019 = EDGE_CURVE('',#12003,#12012,#12020,.T.);
#12020 = LINE('',#12021,#12022);
#12021 = CARTESIAN_POINT('',(7.5,26.5,39.7545));
#12022 = VECTOR('',#12023,1.);
#12023 = DIRECTION('',(-1.,1.224646799147E-16,0.));
#12024 = PLANE('',#12025);
#12025 = AXIS2_PLACEMENT_3D('',#12026,#12027,#12028);
#12026 = CARTESIAN_POINT('',(7.5,64.7545,39.7545));
#12027 = DIRECTION('',(0.,0.,1.));
#12028 = DIRECTION('',(-1.,1.224646799147E-16,0.));
#12029 = ADVANCED_FACE('',(#12030),#12052,.T.);
#12030 = FACE_BOUND('',#12031,.T.);
#12031 = EDGE_LOOP('',(#12032,#12033,#12039,#12040,#12041,#12042,#12043,
    #12044,#12050,#12051));
#12032 = ORIENTED_EDGE('',*,*,#9393,.T.);
#12033 = ORIENTED_EDGE('',*,*,#12034,.F.);
#12034 = EDGE_CURVE('',#11912,#9394,#12035,.T.);
#12035 = LINE('',#12036,#12037);
#12036 = CARTESIAN_POINT('',(-52.32904200935,-38.87244052838,1.5));
#12037 = VECTOR('',#12038,1.);
#12038 = DIRECTION('',(0.866025403784,0.5,0.));
#12039 = ORIENTED_EDGE('',*,*,#11926,.T.);
#12040 = ORIENTED_EDGE('',*,*,#11787,.T.);
#12041 = ORIENTED_EDGE('',*,*,#10943,.T.);
#12042 = ORIENTED_EDGE('',*,*,#11818,.F.);
#12043 = ORIENTED_EDGE('',*,*,#11949,.T.);
#12044 = ORIENTED_EDGE('',*,*,#12045,.F.);
#12045 = EDGE_CURVE('',#9363,#11950,#12046,.T.);
#12046 = LINE('',#12047,#12048);
#12047 = CARTESIAN_POINT('',(-19.19967320028,-19.74519052838,1.5));
#12048 = VECTOR('',#12049,1.);
#12049 = DIRECTION('',(0.,0.,1.));
#12050 = ORIENTED_EDGE('',*,*,#9362,.F.);
#12051 = ORIENTED_EDGE('',*,*,#6256,.T.);
#12052 = PLANE('',#12053);
#12053 = AXIS2_PLACEMENT_3D('',#12054,#12055,#12056);
#12054 = CARTESIAN_POINT('',(-32.6155392293,-27.49084439165,
    17.103836237652));
#12055 = DIRECTION('',(-0.5,0.866025403784,0.));
#12056 = DIRECTION('',(0.866025403784,0.5,0.));
#12057 = ADVANCED_FACE('',(#12058),#12080,.T.);
#12058 = FACE_BOUND('',#12059,.T.);
#12059 = EDGE_LOOP('',(#12060,#12061,#12062,#12068,#12069,#12070,#12071,
    #12072,#12073,#12079));
#12060 = ORIENTED_EDGE('',*,*,#6240,.T.);
#12061 = ORIENTED_EDGE('',*,*,#9371,.T.);
#12062 = ORIENTED_EDGE('',*,*,#12063,.T.);
#12063 = EDGE_CURVE('',#9372,#11941,#12064,.T.);
#12064 = LINE('',#12065,#12066);
#12065 = CARTESIAN_POINT('',(-26.69967320028,-6.754809471617,1.5));
#12066 = VECTOR('',#12067,1.);
#12067 = DIRECTION('',(0.,0.,1.));
#12068 = ORIENTED_EDGE('',*,*,#11940,.F.);
#12069 = ORIENTED_EDGE('',*,*,#11834,.T.);
#12070 = ORIENTED_EDGE('',*,*,#10927,.F.);
#12071 = ORIENTED_EDGE('',*,*,#11803,.F.);
#12072 = ORIENTED_EDGE('',*,*,#11919,.F.);
#12073 = ORIENTED_EDGE('',*,*,#12074,.T.);
#12074 = EDGE_CURVE('',#11910,#9403,#12075,.T.);
#12075 = LINE('',#12076,#12077);
#12076 = CARTESIAN_POINT('',(-59.82904200935,-25.88205947161,1.5));
#12077 = VECTOR('',#12078,1.);
#12078 = DIRECTION('',(0.866025403784,0.5,0.));
#12079 = ORIENTED_EDGE('',*,*,#9402,.F.);
#12080 = PLANE('',#12081);
#12081 = AXIS2_PLACEMENT_3D('',#12082,#12083,#12084);
#12082 = CARTESIAN_POINT('',(-40.1155392293,-14.50046333488,
    17.103836237652));
#12083 = DIRECTION('',(0.5,-0.866025403784,-0.));
#12084 = DIRECTION('',(-0.866025403784,-0.5,0.));
#12085 = ADVANCED_FACE('',(#12086),#12108,.T.);
#12086 = FACE_BOUND('',#12087,.T.);
#12087 = EDGE_LOOP('',(#12088,#12089,#12095,#12096,#12097,#12098,#12099,
    #12100,#12106,#12107));
#12088 = ORIENTED_EDGE('',*,*,#9489,.T.);
#12089 = ORIENTED_EDGE('',*,*,#12090,.F.);
#12090 = EDGE_CURVE('',#11974,#9490,#12091,.T.);
#12091 = LINE('',#12092,#12093);
#12092 = CARTESIAN_POINT('',(-7.5,64.7545,1.5));
#12093 = VECTOR('',#12094,1.);
#12094 = DIRECTION('',(-1.224646799147E-16,-1.,0.));
#12095 = ORIENTED_EDGE('',*,*,#11988,.T.);
#12096 = ORIENTED_EDGE('',*,*,#11605,.T.);
#12097 = ORIENTED_EDGE('',*,*,#9603,.T.);
#12098 = ORIENTED_EDGE('',*,*,#11636,.F.);
#12099 = ORIENTED_EDGE('',*,*,#12011,.T.);
#12100 = ORIENTED_EDGE('',*,*,#12101,.F.);
#12101 = EDGE_CURVE('',#9459,#12012,#12102,.T.);
#12102 = LINE('',#12103,#12104);
#12103 = CARTESIAN_POINT('',(-7.5,26.5,1.5));
#12104 = VECTOR('',#12105,1.);
#12105 = DIRECTION('',(0.,0.,1.));
#12106 = ORIENTED_EDGE('',*,*,#9458,.F.);
#12107 = ORIENTED_EDGE('',*,*,#6312,.T.);
#12108 = PLANE('',#12109);
#12109 = AXIS2_PLACEMENT_3D('',#12110,#12111,#12112);
#12110 = CARTESIAN_POINT('',(-7.5,41.991307726534,17.103836237652));
#12111 = DIRECTION('',(1.,0.,0.));
#12112 = DIRECTION('',(-0.,0.,1.));
#12113 = ADVANCED_FACE('',(#12114),#12136,.T.);
#12114 = FACE_BOUND('',#12115,.T.);
#12115 = EDGE_LOOP('',(#12116,#12117,#12118,#12124,#12125,#12126,#12127,
    #12128,#12129,#12135));
#12116 = ORIENTED_EDGE('',*,*,#6296,.T.);
#12117 = ORIENTED_EDGE('',*,*,#9467,.T.);
#12118 = ORIENTED_EDGE('',*,*,#12119,.T.);
#12119 = EDGE_CURVE('',#9468,#12003,#12120,.T.);
#12120 = LINE('',#12121,#12122);
#12121 = CARTESIAN_POINT('',(7.5,26.5,1.5));
#12122 = VECTOR('',#12123,1.);
#12123 = DIRECTION('',(0.,0.,1.));
#12124 = ORIENTED_EDGE('',*,*,#12002,.F.);
#12125 = ORIENTED_EDGE('',*,*,#11652,.T.);
#12126 = ORIENTED_EDGE('',*,*,#9587,.F.);
#12127 = ORIENTED_EDGE('',*,*,#11621,.F.);
#12128 = ORIENTED_EDGE('',*,*,#11981,.F.);
#12129 = ORIENTED_EDGE('',*,*,#12130,.T.);
#12130 = EDGE_CURVE('',#11972,#9499,#12131,.T.);
#12131 = LINE('',#12132,#12133);
#12132 = CARTESIAN_POINT('',(7.5,64.7545,1.5));
#12133 = VECTOR('',#12134,1.);
#12134 = DIRECTION('',(-1.224646799147E-16,-1.,0.));
#12135 = ORIENTED_EDGE('',*,*,#9498,.F.);
#12136 = PLANE('',#12137);
#12137 = AXIS2_PLACEMENT_3D('',#12138,#12139,#12140);
#12138 = CARTESIAN_POINT('',(7.5,41.991307726534,17.103836237652));
#12139 = DIRECTION('',(-1.,-0.,-0.));
#12140 = DIRECTION('',(0.,0.,-1.));
#12141 = ADVANCED_FACE('',(#12142),#12148,.T.);
#12142 = FACE_BOUND('',#12143,.T.);
#12143 = EDGE_LOOP('',(#12144,#12145,#12146,#12147));
#12144 = ORIENTED_EDGE('',*,*,#12045,.T.);
#12145 = ORIENTED_EDGE('',*,*,#11957,.F.);
#12146 = ORIENTED_EDGE('',*,*,#12063,.F.);
#12147 = ORIENTED_EDGE('',*,*,#9379,.F.);
#12148 = PLANE('',#12149);
#12149 = AXIS2_PLACEMENT_3D('',#12150,#12151,#12152);
#12150 = CARTESIAN_POINT('',(-22.94967320028,-13.25,22.041463562373));
#12151 = DIRECTION('',(-0.866025403784,-0.5,-0.));
#12152 = DIRECTION('',(0.5,-0.866025403784,0.));
#12153 = ADVANCED_FACE('',(#12154),#12160,.T.);
#12154 = FACE_BOUND('',#12155,.T.);
#12155 = EDGE_LOOP('',(#12156,#12157,#12158,#12159));
#12156 = ORIENTED_EDGE('',*,*,#12074,.F.);
#12157 = ORIENTED_EDGE('',*,*,#11909,.T.);
#12158 = ORIENTED_EDGE('',*,*,#12034,.T.);
#12159 = ORIENTED_EDGE('',*,*,#9410,.F.);
#12160 = PLANE('',#12161);
#12161 = AXIS2_PLACEMENT_3D('',#12162,#12163,#12164);
#12162 = CARTESIAN_POINT('',(-39.51435760482,-22.813625,1.5));
#12163 = DIRECTION('',(0.,0.,1.));
#12164 = DIRECTION('',(1.,0.,-0.));
#12165 = ADVANCED_FACE('',(#12166),#12172,.T.);
#12166 = FACE_BOUND('',#12167,.T.);
#12167 = EDGE_LOOP('',(#12168,#12169,#12170,#12171));
#12168 = ORIENTED_EDGE('',*,*,#12130,.F.);
#12169 = ORIENTED_EDGE('',*,*,#11971,.T.);
#12170 = ORIENTED_EDGE('',*,*,#12090,.T.);
#12171 = ORIENTED_EDGE('',*,*,#9506,.F.);
#12172 = PLANE('',#12173);
#12173 = AXIS2_PLACEMENT_3D('',#12174,#12175,#12176);
#12174 = CARTESIAN_POINT('',(5.870655132138E-15,45.62725,1.5));
#12175 = DIRECTION('',(0.,0.,1.));
#12176 = DIRECTION('',(1.,0.,-0.));
#12177 = ADVANCED_FACE('',(#12178),#12184,.T.);
#12178 = FACE_BOUND('',#12179,.T.);
#12179 = EDGE_LOOP('',(#12180,#12181,#12182,#12183));
#12180 = ORIENTED_EDGE('',*,*,#12101,.T.);
#12181 = ORIENTED_EDGE('',*,*,#12019,.F.);
#12182 = ORIENTED_EDGE('',*,*,#12119,.F.);
#12183 = ORIENTED_EDGE('',*,*,#9475,.F.);
#12184 = PLANE('',#12185);
#12185 = AXIS2_PLACEMENT_3D('',#12186,#12187,#12188);
#12186 = CARTESIAN_POINT('',(2.818156145206E-15,26.5,22.041463562373));
#12187 = DIRECTION('',(0.,1.,0.));
#12188 = DIRECTION('',(0.,-0.,1.));
#12189 = ( GEOMETRIC_REPRESENTATION_CONTEXT(3) 
GLOBAL_UNCERTAINTY_ASSIGNED_CONTEXT((#12193)) 
GLOBAL_UNIT_ASSIGNED_CONTEXT((#12190,#12191,#12192)) 
REPRESENTATION_CONTEXT('Context #1',
  '3D Context with UNIT and UNCERTAINTY') );
#12190 = ( LENGTH_UNIT() NAMED_UNIT(*) SI_UNIT(.MILLI.,.METRE.) );
#12191 = ( NAMED_UNIT(*) PLANE_ANGLE_UNIT() SI_UNIT($,.RADIAN.) );
#12192 = ( NAMED_UNIT(*) SI_UNIT($,.STERADIAN.) SOLID_ANGLE_UNIT() );
#12193 = UNCERTAINTY_MEASURE_WITH_UNIT(LENGTH_MEASURE(1.E-04),#12190,
  'distance_accuracy_value','confusion accuracy');
#12194 = CONTEXT_DEPENDENT_SHAPE_REPRESENTATION(#12195,#12197);
#12195 = ( REPRESENTATION_RELATIONSHIP('','',#5741,#10) 
REPRESENTATION_RELATIONSHIP_WITH_TRANSFORMATION(#12196) 
SHAPE_REPRESENTATION_RELATIONSHIP() );
#12196 = ITEM_DEFINED_TRANSFORMATION('','',#11,#23);
#12197 = PRODUCT_DEFINITION_SHAPE('Placement','Placement of an item',
  #12198);
#12198 = NEXT_ASSEMBLY_USAGE_OCCURRENCE('52','difference023','',#5,#5736
  ,$);
#12199 = PRODUCT_RELATED_PRODUCT_CATEGORY('part',$,(#5738));
ENDSEC;
END-ISO-10303-21;
